CÓDIGO SINIESTRO;HORA SINIESTRO;CLASE SINIESTRO;CANTIDAD DE FALLECIDOS;CANTIDAD DE LESIONADOS;CANTIDAD DE VEHICULOS DAÑADOS;DEPARTAMENTO;PROVINCIA;DISTRITO;ZONA;TIPO DE VÍA;RED VIAL;COD CARRETERA;COORDENADAS LATITUD;CONDICIÓN CLIMÁTICA;ZONIFICACIÓN;CARACTERÍSTICAS DE VÍA;PERFIL LONGITUDINAL VÍA;SUPERFICIE DE CALZADA;¿EXISTE SEÑAL VERTICAL?;CLASIFICACIÓN DE LA SEÑAL VERTICAL Nº 1;CLASIFICACIÓN DE LA SEÑAL VERTICAL Nº 2;¿EXISTE SEÑAL HORIZONTAL?;CAUSA FACTOR PRINCIPAL;CAUSA ESPECÍFICA;UBICACION;FECHA SINIESTRO;COORDENADAS LONGITUD
A-2021-01-23;40:00.0;DESPISTE;1;0;1;LIMA;HUARAL;HUARAL;RURAL;CARRETERA;PROVINCIAL;LM-671;-11.482879;DESPEJADO;RURAL;TRAMO RECTO;PLANA ;TROCHA;NULL;NULL;NULL;NULL;EN PROCESO DE INVESTIGACIÓN;NO CUENTA CON CAUSA ESPECIFICA;LM-671;1/1/2021;-77.255547
A-2021-01-248;45:00.0;DESPISTE;1;3;0;LIMA;LIMA;PACHACAMAC;URBANA;AVENIDA;URBANO;NO CORRESPONDE;-12.2294;DESPEJADO;INDUSTRIAL;TRAMO RECTO;PLANA ;ASFALTADA;NULL;NULL;NULL;NULL;IMPRUDENCIA DEL CONDUCTOR;CONDUCIR EN ESTADO DE EBRIEDAD Y/O DROGADICCIÓN;Jirón Paraíso;1/1/2021;-76.859412
A-2021-01-38;00:00.0;ATROPELLO FUGA;2;0;NULL;LA LIBERTAD;VIRU;VIRU;URBANA;CARRETERA;PROVINCIAL;LI-1150;-8.414865;DESPEJADO;COMERCIAL;TRAMO RECTO;PLANA ;ASFALTADA;NULL;NULL;NULL;NULL;EN PROCESO DE INVESTIGACIÓN;NO CUENTA CON CAUSA ESPECIFICA;Calle Jorge Cháez;1/1/2021;-78.754544
A-2021-01-39;00:00.0;CHOQUE;1;0;2;LA LIBERTAD;VIRU;VIRU;RURAL;CARRETERA;NACIONAL;PE-1N;-8.432617;DESPEJADO;RURAL;TRAMO RECTO;PLANA ;ASFALTADA;NULL;NULL;NULL;NULL;IMPRUDENCIA DEL CONDUCTOR;GIRAR IMPRUDENTEMENTE;Carretera Panamericana Norte;1/1/2021;-78.772242
A-2021-01-254;00:00.0;ATROPELLO;1;1;0;LIMA;LIMA;VILLA MARIA DEL TRIUNFO;URBANA;AVENIDA;URBANO;NO CORRESPONDE;-12.164406;DESPEJADO;INDUSTRIAL;TRAMO RECTO;PLANA ;ASFALTADA;NULL;NULL;NULL;NULL;IMPRUDENCIA DEL CONDUCTOR;CONDUCIR EN ESTADO DE EBRIEDAD Y/O DROGADICCIÓN;Jirón San Martín de Porres;1/1/2021;-76.953426
A-2021-01-22;45:00.0;CHOQUE;1;1;2;SAN MARTIN;RIOJA;RIOJA;URBANA;JIRÓN;URBANO;NO CORRESPONDE;-6.063829;LLUVIOSO;COMERCIAL;INTERSECCIÓN;PLANA ;CONCRETO;SI;REGULADORA (R);INFORMATIVA (I);SI;IMPRUDENCIA DEL CONDUCTOR;CONDUCIR EN SENTIDO CONTRARIO;Las Palmeras;1/1/2021;-77.171368
A-2021-01-67;00:00.0;CHOQUE CON OBJETO FIJO;1;0;1;LAMBAYEQUE;LAMBAYEQUE;LAMBAYEQUE;RURAL;CARRETERA;NACIONAL;PE-1N;-6.680472;DESPEJADO;INDUSTRIAL;CURVA;PLANA ;ASFALTADA;SI;PREVENTIVA (P);NULL;NO;EN PROCESO DE INVESTIGACIÓN;NO CUENTA CON CAUSA ESPECIFICA;Carretera Lambayeque - Olmos;1/1/2021;-79.903582
A-2021-01-21;45:00.0;CHOQUE;1;0;2;PIURA;PIURA;PIURA;URBANA;OTRO;URBANO;NO CORRESPONDE;-5.164956;DESPEJADO;RURAL;INTERSECCIÓN;PLANA ;CONCRETO;SI;PREVENTIVA (P);REGULADORA (R);SI;IMPRUDENCIA DEL CONDUCTOR;NO ESTABLECER EL DERECHO DE PASO;Avenida Raúl Mata de la Cruz;2/1/2021;-80.651281
A-2021-01-26;40:00.0;CHOQUE;1;1;2;JUNIN;YAULI;MOROCOCHA;URBANA;CARRETERA;NACIONAL;PE-22;-11.591655;DESPEJADO;COMERCIAL;OTRO;INCLINADA;ASFALTADA;SI;REGULADORA (R);PREVENTIVA (P);SI;EN PROCESO DE INVESTIGACIÓN;NO CUENTA CON CAUSA ESPECIFICA;Carretera Central;2/1/2021;-76.07529
A-2021-01-226;00:00.0;CHOQUE;1;0;2;PUNO;AZANGARO;AZANGARO;RURAL;CARRETERA;NACIONAL;PE-34B;-14.92116;LLUVIOSO;RURAL;TRAMO RECTO;PLANA ;ASFALTADA;NULL;NULL;NULL;NULL;IMPRUDENCIA DEL CONDUCTOR;OTRO (IMPRUDENCIA DEL CONDUCTOR);Carretera Interoceánica Puno - Madre de Dios;2/1/2021;-70.204043
A-2021-01-36;45:00.0;ATROPELLO;1;0;1;ANCASH;SANTA;CHIMBOTE;URBANA;AVENIDA;URBANO;NO CORRESPONDE;-9.103893;DESPEJADO;COMERCIAL;TRAMO RECTO;PLANA ;ASFALTADA;NULL;REGULADORA (R);NULL;NULL;IMPRUDENCIA DEL PEATÓN;ESTADO DE EBRIEDAD Y/O DROGADICCIÓN;Avenida Victor Raúl Haya de la Torre;2/1/2021;-78.554257
A-2021-01-44;00:00.0;CHOQUE;1;3;2;PIURA;SULLANA;MIGUEL CHECA;URBANA;CARRETERA;DEPARTAMENTAL;PI-102;-4.904805;DESPEJADO;RURAL;TRAMO RECTO;PLANA ;ASFALTADA;NO;NULL;NULL;NO;IMPRUDENCIA DEL CONDUCTOR;ADELANTAR INDEBIDAMENTE;Carretera Paita - Sullana;2/1/2021;-80.814243
A-2021-01-258;35:00.0;ATROPELLO FUGA;1;0;0;LIMA;LIMA;VILLA EL SALVADOR;URBANA;CARRETERA;NACIONAL;PE-1S;-12.225604;SOLEADO;COMERCIAL;TRAMO RECTO;PLANA ;ASFALTADA;NULL;NULL;NULL;NULL;EN PROCESO DE INVESTIGACIÓN;NO CUENTA CON CAUSA ESPECIFICA;Carretera Panamericana Sur;3/1/2021;-76.971698
A-2021-01-40;30:00.0;CHOQUE;1;1;2;LA LIBERTAD;ASCOPE;CHICAMA;RURAL;CARRETERA;NACIONAL;PE-1N;-7.84524;DESPEJADO;RURAL;TRAMO RECTO;PLANA ;ASFALTADA;NULL;NULL;NULL;NULL;IMPRUDENCIA DEL CONDUCTOR;GIRAR IMPRUDENTEMENTE;Vía de Evitamiento de Chicama;3/1/2021;-79.150883
A-2021-01-17;10:00.0;DESPISTE;1;3;1;LIMA;HUAURA;PACCHO;RURAL;CARRETERA;NACIONAL;PE-18;-10.887069;LLUVIOSO;RURAL;SINUOSA;PLANA ;ASFALTADA;SI;REGULADORA (R);PREVENTIVA (P);NO;IMPRUDENCIA DEL CONDUCTOR;EXCESO DE VELOCIDAD;Carretera Huaura - Ambo;3/1/2021;-76.980793
A-2021-01-64;50:00.0;ATROPELLO;1;0;1;JUNIN;SATIPO;MAZAMARI;RURAL;CARRETERA;NACIONAL;PE-5S;-11.299123;NUBLADO;RURAL;CURVA;PLANA ;CONCRETO;NULL;NULL;NULL;NULL;EN PROCESO DE INVESTIGACIÓN;NO CUENTA CON CAUSA ESPECIFICA;Carretera Longitudinal de la Selva Sur;3/1/2021;-74.547193
A-2021-01-41;15:00.0;ATROPELLO;1;1;1;LA LIBERTAD;VIRU;VIRU;URBANA;CARRETERA;NACIONAL;PE-1N;-8.42432;DESPEJADO;RURAL;TRAMO RECTO;PLANA ;ASFALTADA;NULL;NULL;NULL;NULL;IMPRUDENCIA DEL CONDUCTOR;OTRO (IMPRUDENCIA DEL CONDUCTOR);Carretera Panamericana Norte;3/1/2021;-78.781809
A-2021-01-260;35:00.0;ATROPELLO;1;0;0;LIMA;LIMA;ATE;URBANA;AVENIDA;URBANO;NO CORRESPONDE;-12.02601;DESPEJADO;COMERCIAL;TRAMO RECTO;PLANA ;ASFALTADA;NULL;NULL;NULL;NULL;IMPRUDENCIA DEL CONDUCTOR;OTRO (IMPRUDENCIA DEL CONDUCTOR);Vitarte;4/1/2021;-76.919122
A-2021-01-27;00:00.0;ATROPELLO FUGA;1;0;0;PIURA;HUANCABAMBA;SONDORILLO;RURAL;CARRETERA;PROVINCIAL;PI-897;-5.3341;DESPEJADO;RURAL;OTRO;INCLINADA;AFIRMADO;NULL;NULL;NULL;NULL;IMPRUDENCIA DEL CONDUCTOR;OTRO (IMPRUDENCIA DEL CONDUCTOR);PI-897;4/1/2021;-79.447167
A-2021-01-62;30:00.0;CHOQUE;1;1;2;AREQUIPA;AREQUIPA;LA JOYA;RURAL;CARRETERA;NACIONAL;PE-34A;-16.528801;NUBLADO;RURAL;TRAMO RECTO;PLANA ;ASFALTADA;SI;PREVENTIVA (P);PREVENTIVA (P);SI;IMPRUDENCIA DEL CONDUCTOR;OTRO (IMPRUDENCIA DEL CONDUCTOR);Carretera Interoceánica Sur;4/1/2021;-71.758877
A-2021-01-37;20:00.0;CHOQUE;1;1;2;ANCASH;CASMA;CASMA;RURAL;CARRETERA;NACIONAL;PE-1N;-9.484567;DESPEJADO;RURAL;INTERSECCIÓN;INCLINADA;ASFALTADA;NULL;NULL;NULL;NULL;IMPRUDENCIA DEL CONDUCTOR;GIRAR IMPRUDENTEMENTE;Carretera Casma - Huaraz;4/1/2021;-78.274053
A-2021-01-169;55:00.0;ESPECIAL;1;0;0;CUSCO;PAUCARTAMBO;PAUCARTAMBO;RURAL;CARRETERA;SIN CLASIFICAR;SIN CLASIFICAR;-13.234828;DESPEJADO;RURAL;OTRO;INCLINADA;TROCHA;NULL;NULL;NULL;NULL;NEGLIGENCIA DEL CONDUCTOR;OTRO (NEGLIGENCIA DEL CONDUCTOR);Huacaca;4/1/2021;-71.491858
A-2021-01-56;00:00.0;CHOQUE;1;2;NULL;PUNO;CHUCUITO;KELLUYO;RURAL;CARRETERA;DEPARTAMENTAL;PU-152;-16.687;NULL;NULL;NULL;NULL;NULL;NULL;NULL;NULL;NULL;EN PROCESO DE INVESTIGACIÓN;NO CUENTA CON CAUSA ESPECIFICA;PU-152;4/1/2021;-69.176
A-2021-01-42;45:00.0;CHOQUE;1;2;2;LA LIBERTAD;PACASMAYO;PACASMAYO;RURAL;CARRETERA;NACIONAL;PE-1N;-7.41567;DESPEJADO;RURAL;TRAMO RECTO;PLANA ;ASFALTADA;NULL;NULL;NULL;NULL;IMPRUDENCIA DEL CONDUCTOR;ADELANTAR INDEBIDAMENTE;Panamericana Norte;4/1/2021;-79.548581
A-2021-01-332;30:00.0;CHOQUE;1;1;2;AREQUIPA;CAMANA;SAMUEL PASTOR;URBANA;CARRETERA;NACIONAL;PE-1S;-16.606666;DESPEJADO;RURAL;SINUOSA;INCLINADA;ASFALTADA;NULL;NULL;NULL;NULL;EN PROCESO DE INVESTIGACIÓN;NO CUENTA CON CAUSA ESPECIFICA;Avenida Samuel Pastor;4/1/2021;-72.699607
A-2021-01-57;55:00.0;CAÍDA DE PASAJERO;1;0;0;JUNIN;CHUPACA;CHUPACA;URBANA;AVENIDA;URBANO;NO CORRESPONDE;-12.059687;DESPEJADO;COMERCIAL;CURVA;INCLINADA;ASFALTADA;SI;REGULADORA (R);NULL;SI;NEGLIGENCIA DEL CONDUCTOR;OTRO (NEGLIGENCIA DEL CONDUCTOR);Chupaca;5/1/2021;-75.28799
A-2021-01-29;00:00.0;ATROPELLO;1;0;0;APURIMAC;AYMARAES;COTARUSE;RURAL;CARRETERA;NACIONAL;PE-30A;-14.518897;DESPEJADO;RURAL;TRAMO RECTO;PLANA ;ASFALTADA;SI;INFORMATIVA (I);PREVENTIVA (P);NO;IMPRUDENCIA DEL PEATÓN;OTRO (IMPRUDENCIA DEL PEATÓN);Carretera Nasca - Abancay;5/1/2021;-73.27612
A-2021-01-25;00:00.0;ATROPELLO FUGA;1;0;0;LIMA;BARRANCA;SUPE;URBANA;CARRETERA;NACIONAL;PE-1N;-10.788981;DESPEJADO;RURAL;TRAMO RECTO;INCLINADA;ASFALTADA;NULL;NULL;NULL;NULL;EN PROCESO DE INVESTIGACIÓN;NO CUENTA CON CAUSA ESPECIFICA;Panamericana Norte;5/1/2021;-77.711426
A-2021-01-231;05:00.0;ATROPELLO;1;0;1;PUNO;HUANCANE;TARACO;RURAL;CARRETERA;NACIONAL;PE-34H;-15.257925;LLUVIOSO;RURAL;TRAMO RECTO;PLANA ;ASFALTADA;SI;INFORMATIVA (I);PREVENTIVA (P);SI;IMPRUDENCIA DEL PEATÓN;OTRO (IMPRUDENCIA DEL PEATÓN);PE-34H;6/1/2021;-69.876396
A-2021-01-58;30:00.0;ATROPELLO FUGA;1;0;0;JUNIN;HUANCAYO;CULLHUAS;RURAL;CARRETERA;NACIONAL;PE-3S;-12.234815;DESPEJADO;RURAL;TRAMO RECTO;PLANA ;ASFALTADA;NULL;NULL;NULL;NULL;EN PROCESO DE INVESTIGACIÓN;NO CUENTA CON CAUSA ESPECIFICA;Carretera Longitudinal de la Sierra Sur;6/1/2021;-75.155387
A-2021-01-262;40:00.0;CHOQUE;2;0;0;LIMA;LIMA;CHORRILLOS;URBANA;AVENIDA;URBANO;NO CORRESPONDE;-12.173039;DESPEJADO;COMERCIAL;TRAMO RECTO;PLANA ;ASFALTADA;NULL;NULL;NULL;NULL;IMPRUDENCIA DEL CONDUCTOR;CONDUCIR EN ESTADO DE EBRIEDAD Y/O DROGADICCIÓN;Avenida Los Faisanes;6/1/2021;-76.995706
A-2021-01-187;31:00.0;DESPISTE;1;0;1;CUSCO;LA CONVENCION;QUELLOUNO;RURAL;CARRETERA;PROVINCIAL;CU-693;-12.58222;DESPEJADO;RURAL;CURVA;INCLINADA;ASFALTADA;NULL;NULL;NULL;NULL;EN PROCESO DE INVESTIGACIÓN;NO CUENTA CON CAUSA ESPECIFICA;Quelloúno;7/1/2021;-72.39343
A-2021-01-43;40:00.0;ATROPELLO;1;0;1;ANCASH;SANTA;SANTA;RURAL;CARRETERA;NACIONAL;PE-1N;-9.004007;DESPEJADO;RURAL;TRAMO RECTO;PLANA ;ASFALTADA;NULL;NULL;NULL;NULL;IMPRUDENCIA DEL PEATÓN;CRUCE INDEBIDO POR LA CALZADA;Panamericana Norte;7/1/2021;-78.61847
A-2021-01-35;20:00.0;CHOQUE;1;0;1;ICA;ICA;PUEBLO NUEVO;URBANA;CARRETERA;NACIONAL;PE-1S;-14.112804;DESPEJADO;RESIDENCIAL;TRAMO RECTO;PLANA ;ASFALTADA;NULL;NULL;NULL;NULL;IMPRUDENCIA DEL CONDUCTOR;EXCESO DE VELOCIDAD;Carretera Panamericana Sur;8/1/2021;-75.717689
A-2021-01-153;00:00.0;CHOQUE;1;0;2;PUNO;SAN ROMAN;JULIACA;URBANA;AVENIDA;URBANO;NO CORRESPONDE;-15.511687;LLUVIOSO;COMERCIAL;INTERSECCIÓN;PLANA ;ASFALTADA;SI;PREVENTIVA (P);REGULADORA (R);NO;IMPRUDENCIA DEL CONDUCTOR;CONDUCIR EN ESTADO DE EBRIEDAD Y/O DROGADICCIÓN;Avenida Américas;8/1/2021;-70.125365
A-2021-01-335;20:00.0;CHOQUE;2;0;2;AREQUIPA;CARAVELI;LOMAS;RURAL;CARRETERA;NACIONAL;PE-1S;-15.296713;DESPEJADO;RURAL;TRAMO RECTO;PLANA ;ASFALTADA;NULL;NULL;NULL;NULL;EN PROCESO DE INVESTIGACIÓN;NO CUENTA CON CAUSA ESPECIFICA;Carretera Panamericana Sur;9/1/2021;-74.915512
A-2021-01-188;00:00.0;CHOQUE;1;1;2;CUSCO;CHUMBIVILCAS;COLQUEMARCA;RURAL;CARRETERA;PROVINCIAL;CU-1542;-14.255447;DESPEJADO;RURAL;TRAMO RECTO;PLANA ;ASFALTADA;NULL;NULL;NULL;NULL;EN PROCESO DE INVESTIGACIÓN;NO CUENTA CON CAUSA ESPECIFICA;Colquemarca;9/1/2021;-72.051308
A-2021-01-264;00:00.0;DESPISTE;1;0;0;LIMA;LIMA;SAN JUAN DE LURIGANCHO;URBANA;AVENIDA;URBANO;NO CORRESPONDE;-11.980617;DESPEJADO;COMERCIAL;TRAMO RECTO;PLANA ;ASFALTADA;NULL;NULL;NULL;NULL;NEGLIGENCIA DEL CONDUCTOR;OTRO (NEGLIGENCIA DEL CONDUCTOR);Avenida Canto Bello;9/1/2021;-77.012747
A-2021-01-71;30:00.0;DESPISTE;1;0;1;LAMBAYEQUE;CHICLAYO;LA VICTORIA;RURAL;CARRETERA;PROVINCIAL;LA-778;-6.821616;DESPEJADO;RURAL;TRAMO RECTO;PLANA ;ASFALTADA;NULL;NULL;NULL;NULL;EN PROCESO DE INVESTIGACIÓN;NO CUENTA CON CAUSA ESPECIFICA;Carretera Monsefú - Chiclayo;9/1/2021;-79.855199
A-2021-01-49;20:00.0;CHOQUE;1;4;2;LIMA;BARRANCA;PATIVILCA;RURAL;CARRETERA;NACIONAL;PE-16A;-10.658884;SOLEADO;RURAL;CURVA;PLANA ;ASFALTADA;NO;NULL;NULL;SI;IMPRUDENCIA DEL CONDUCTOR;INVASIÓN DE CARRIL;PE-16A;9/1/2021;-77.652638
A-2021-01-63;50:00.0;CHOQUE;1;0;2;ICA;ICA;SAN JOSE DE LOS MOLINOS;URBANA;CARRETERA;NACIONAL;PE-1SC;-13.963669;DESPEJADO;ESCOLAR;TRAMO RECTO;PLANA ;ASFALTADA;NULL;NULL;NULL;NULL;IMPRUDENCIA DEL CONDUCTOR;EXCESO DE VELOCIDAD;Avenida Victorio Gotuzzo;9/1/2021;-75.695152
A-2021-01-109;30:00.0;ATROPELLO;1;0;1;LAMBAYEQUE;LAMBAYEQUE;MOTUPE;URBANA;CARRETERA;NACIONAL;PE-1NJ;-6.145723;DESPEJADO;RESIDENCIAL;CURVA;INCLINADA;ASFALTADA;SI;PREVENTIVA (P);PREVENTIVA (P);SI;EN PROCESO DE INVESTIGACIÓN;NO CUENTA CON CAUSA ESPECIFICA;Carretera Lambayegue - Olmos;10/1/2021;-79.718245
A-2021-01-51;20:00.0;ATROPELLO FUGA;1;0;0;LIMA;HUAURA;VEGUETA;RURAL;CARRETERA;NACIONAL;PE-1N;-11.030084;DESPEJADO;RURAL;TRAMO RECTO;PLANA ;ASFALTADA;NULL;NULL;NULL;NULL;EN PROCESO DE INVESTIGACIÓN;NO CUENTA CON CAUSA ESPECIFICA;Carretera Panamericana Norte;10/1/2021;-77.592648
A-2021-01-55;40:00.0;CHOQUE;1;1;2;SAN MARTIN;MOYOBAMBA;CALZADA;URBANA;CARRETERA;NACIONAL;PE-5N;-6.039758;DESPEJADO;RURAL;TRAMO RECTO;PLANA ;ASFALTADA;SI;REGULADORA (R);INFORMATIVA (I);NO;IMPRUDENCIA DEL CONDUCTOR;CONDUCIR EN ESTADO DE EBRIEDAD Y/O DROGADICCIÓN;Carretera Presidente Fernando Belaúnde Terry;10/1/2021;-77.060566
A-2021-01-75;15:00.0;CHOQUE;1;2;2;LA LIBERTAD;ASCOPE;PAIJAN;RURAL;CARRETERA;PROVINCIAL;LI-610;-7.723725;DESPEJADO;RURAL;TRAMO RECTO;PLANA ;ASFALTADA;NULL;NULL;NULL;NULL;EN PROCESO DE INVESTIGACIÓN;NO CUENTA CON CAUSA ESPECIFICA;Carretera Paiján - Puerto Chicama;10/1/2021;-79.342576
A-2021-01-68;30:00.0;VOLCADURA;1;0;1;LAMBAYEQUE;CHICLAYO;NUEVA ARICA;RURAL;CARRETERA;NACIONAL;PE-1NI;-6.880811;DESPEJADO;RURAL;ÓVALO;PLANA ;ASFALTADA;SI;PREVENTIVA (P);NULL;SI;IMPRUDENCIA DEL CONDUCTOR;ADELANTAR INDEBIDAMENTE;Badén Leque Leque;10/1/2021;-79.363869
A-2021-01-405;30:00.0;CHOQUE;1;1;3;HUANUCO;HUANUCO;AMARILIS;URBANA;CARRETERA;NACIONAL;PE-18A;-9.913026;DESPEJADO;RURAL;TRAMO RECTO;INCLINADA;ASFALTADA;NULL;NULL;NULL;NULL;IMPRUDENCIA DEL CONDUCTOR;ADELANTAR INDEBIDAMENTE;Carretera Central;10/1/2021;-76.23101
A-2021-01-54;30:00.0;CHOQUE;1;1;2;LIMA;HUARAL;CHANCAY;RURAL;CARRETERA;NACIONAL;PE-1N;-11.605631;DESPEJADO;RURAL;TRAMO RECTO;PLANA ;ASFALTADA;SI;REGULADORA (R);PREVENTIVA (P);NO;IMPRUDENCIA DEL CONDUCTOR;OTRO (IMPRUDENCIA DEL CONDUCTOR);Carretera Panamericana Norte;10/1/2021;-77.241772
A-2021-01-72;00:00.0;ATROPELLO;1;0;1;LAMBAYEQUE;LAMBAYEQUE;LAMBAYEQUE;RURAL;CARRETERA;NACIONAL;PE-1N;-6.637867;DESPEJADO;RURAL;TRAMO RECTO;PLANA ;ASFALTADA;NULL;NULL;NULL;NULL;EN PROCESO DE INVESTIGACIÓN;NO CUENTA CON CAUSA ESPECIFICA;Carretera Panamericana Norte;11/1/2021;-79.950015
A-2021-01-60;46:00.0;DESPISTE;1;2;1;TACNA;TARATA;TARATA;RURAL;CARRETERA;NACIONAL;PE-38;-17.466779;DESPEJADO;RURAL;TRAMO RECTO;INCLINADA;ASFALTADA;NULL;NULL;NULL;NULL;IMPRUDENCIA DEL CONDUCTOR;CONDUCIR EN ESTADO DE EBRIEDAD Y/O DROGADICCIÓN;Carretera Mazocruz - Tarata;11/1/2021;-70.03456
A-2021-01-297;00:00.0;ATROPELLO;1;0;1;CUSCO;ESPINAR;OCORURO;RURAL;CARRETERA;NACIONAL;PE-34J;-14.972002;NUBLADO;RURAL;TRAMO RECTO;PLANA ;TROCHA;SI;REGULADORA (R);PREVENTIVA (P);NO;EN PROCESO DE INVESTIGACIÓN;NO CUENTA CON CAUSA ESPECIFICA;PE-34J;11/1/2021;-71.18231
A-2021-01-78;30:00.0;CHOQUE;1;4;2;LA LIBERTAD;ASCOPE;CHICAMA;RURAL;CARRETERA;NACIONAL;PE-1NF;-7.743064;DESPEJADO;RURAL;TRAMO RECTO;PLANA ;ASFALTADA;NULL;NULL;NULL;NULL;IMPRUDENCIA DEL CONDUCTOR;ADELANTAR INDEBIDAMENTE;Carretera Chicama - Cascas;11/1/2021;-79.08115
A-2021-01-265;20:00.0;DESPISTE;1;0;0;LIMA;LIMA;VILLA MARIA DEL TRIUNFO;URBANA;AVENIDA;URBANO;NO CORRESPONDE;-12.1622;DESPEJADO;INDUSTRIAL;TRAMO RECTO;PLANA ;ASFALTADA;NULL;NULL;NULL;NULL;EN PROCESO DE INVESTIGACIÓN;NO CUENTA CON CAUSA ESPECIFICA;Jirón Jose Galvez;11/1/2021;-76.943612
A-2021-01-108;00:00.0;CHOQUE;1;0;2;ICA;NASCA;MARCONA;RURAL;CARRETERA;PROVINCIAL;IC-824;-15.379907;SOLEADO;RURAL;TRAMO RECTO;PLANA ;TROCHA;NULL;NULL;NULL;NULL;IMPRUDENCIA DEL CONDUCTOR;EXCESO DE VELOCIDAD;IC-824;11/1/2021;-75.136405
A-2021-01-140;25:00.0;CHOQUE;1;1;2;MOQUEGUA;MARISCAL NIETO;MOQUEGUA;URBANA;CARRETERA;NACIONAL;PE-36A;-17.192137;SOLEADO;COMERCIAL;TRAMO RECTO;INCLINADA;ASFALTADA;SI;REGULADORA (R);REGULADORA (R);NO;IMPRUDENCIA DEL CONDUCTOR;INVASIÓN DE CARRIL;Avenida Circunvalación;11/1/2021;-70.918786
A-2021-01-232;45:00.0;DESPISTE;1;1;1;PUNO;SAN ROMAN;CABANA;RURAL;CARRETERA;NACIONAL;PE-34A;-15.617333;DESPEJADO;RURAL;TRAMO RECTO;PLANA ;ASFALTADA;SI;PREVENTIVA (P);INFORMATIVA (I);SI;IMPRUDENCIA DEL CONDUCTOR;OTRO (IMPRUDENCIA DEL CONDUCTOR);Héroes de La Guerra del Pacífico;11/1/2021;-70.32052
A-2021-01-216;00:00.0;DESPISTE;1;0;1;LA LIBERTAD;PATAZ;PATAZ;RURAL;CARRETERA;DEPARTAMENTAL;LI-124;-7.692107;DESPEJADO;RURAL;CURVA;INCLINADA;AFIRMADO;NULL;NULL;NULL;NULL;EN PROCESO DE INVESTIGACIÓN;NO CUENTA CON CAUSA ESPECIFICA;LI-124;11/1/2021;-77.663357
A-2021-01-122;10:00.0;CHOQUE;1;1;3;LAMBAYEQUE;LAMBAYEQUE;MOTUPE;URBANA;CARRETERA;NACIONAL;PE-1NJ;-6.152203;SOLEADO;RESIDENCIAL;TRAMO RECTO;PLANA ;ASFALTADA;SI;REGULADORA (R);REGULADORA (R);NO;EN PROCESO DE INVESTIGACIÓN;NO CUENTA CON CAUSA ESPECIFICA;Carretera Lambayegue - Olmos;12/1/2021;-79.710059
A-2021-01-119;00:00.0;DESPISTE;1;0;1;MOQUEGUA;GENERAL SANCHEZ CERRO;ICHUÑA;RURAL;CARRETERA;DEPARTAMENTAL;MO-103;-16.144516;SOLEADO;RURAL;TRAMO RECTO;PLANA ;TROCHA;NULL;NULL;NULL;NULL;IMPRUDENCIA DEL CONDUCTOR;EXCESO DE VELOCIDAD;MO-103;12/1/2021;-70.546185
A-2021-01-74;39:00.0;CHOQUE;1;0;3;LIMA;HUAURA;HUACHO;RURAL;CARRETERA;NACIONAL;PE-1N;-11.184285;DESPEJADO;RURAL;TRAMO RECTO;PLANA ;ASFALTADA;NULL;NULL;NULL;NULL;NEGLIGENCIA DEL CONDUCTOR;OTRO (NEGLIGENCIA DEL CONDUCTOR);Carretera Panamericana Norte;12/1/2021;-77.57624
A-2021-01-82;10:00.0;ATROPELLO FUGA;1;0;1;LA LIBERTAD;ASCOPE;CHICAMA;RURAL;CARRETERA;NACIONAL;PE-1N;-7.879217;DESPEJADO;RURAL;TRAMO RECTO;PLANA ;ASFALTADA;NULL;NULL;NULL;NULL;EN PROCESO DE INVESTIGACIÓN;NO CUENTA CON CAUSA ESPECIFICA;Carretera Panamericana Norte;13/1/2021;-79.130121
A-2021-01-70;16:00.0;ATROPELLO;1;0;1;JUNIN;HUANCAYO;SAN JERONIMO DE TUNAN;URBANA;CARRETERA;NACIONAL;PE-3S;-11.937987;DESPEJADO;RURAL;TRAMO RECTO;INCLINADA;ASFALTADA;SI;PREVENTIVA (P);NULL;SI;IMPRUDENCIA DEL PEATÓN;CRUCE INDEBIDO POR LA CALZADA;Carretera Longitudinal de la Sierra Sur;13/1/2021;-75.31009
A-2021-01-236;30:00.0;DESPISTE;1;0;1;PUNO;SANDIA;PATAMBUCO;RURAL;CARRETERA;SIN CLASIFICAR;SIN CLASIFICAR;-14.362895;NUBLADO;RURAL;SINUOSA;INCLINADA;TROCHA;NULL;NULL;NULL;NULL;IMPRUDENCIA DEL CONDUCTOR;EXCESO DE VELOCIDAD;PU-575;13/1/2021;-69.605853
A-2021-01-148;30:00.0;CHOQUE;1;1;3;PASCO;PASCO;NINACACA;RURAL;CARRETERA;NACIONAL;PE-3N;-10.886692;LLUVIOSO;RURAL;TRAMO RECTO;PLANA ;ASFALTADA;NULL;NULL;NULL;NULL;EN PROCESO DE INVESTIGACIÓN;NO CUENTA CON CAUSA ESPECIFICA;Carretera Longitudinal de la Sierra Norte;13/1/2021;-76.089294
A-2021-01-114;10:00.0;VOLCADURA;1;0;1;SAN MARTIN;RIOJA;POSIC;RURAL;CARRETERA;DEPARTAMENTAL;SM-114;-5.986513;DESPEJADO;RURAL;TRAMO RECTO;PLANA ;ASFALTADA;NULL;NULL;NULL;NULL;IMPRUDENCIA DEL CONDUCTOR;EXCESO DE VELOCIDAD;Carretera Rioja - Pueblo Libre;14/1/2021;-77.189591