CÓDIGO SINIESTRO;HORA SINIESTRO;CLASE SINIESTRO;CANTIDAD DE FALLECIDOS;CANTIDAD DE LESIONADOS;CANTIDAD DE VEHICULOS DAÑADOS;DEPARTAMENTO;PROVINCIA;DISTRITO;ZONA;TIPO DE VÍA;RED VIAL;COD CARRETERA;COORDENADAS LATITUD;CONDICIÓN CLIMÁTICA;ZONIFICACIÓN;CARACTERÍSTICAS DE VÍA;PERFIL LONGITUDINAL VÍA;SUPERFICIE DE CALZADA;¿EXISTE SEÑAL VERTICAL?;CLASIFICACIÓN DE LA SEÑAL VERTICAL Nº 1;CLASIFICACIÓN DE LA SEÑAL VERTICAL Nº 2;¿EXISTE SEÑAL HORIZONTAL?;CAUSA FACTOR PRINCIPAL;CAUSA ESPECÍFICA;UBICACION;FECHA SINIESTRO;COORDENADAS LONGITUD
A-2021-01-337;40:00.0;DESPISTE;1;0;1;AREQUIPA;CAYLLOMA;MAJES;RURAL;CARRETERA;NACIONAL;PE-1S;-16.500643;DESPEJADO;RURAL;TRAMO RECTO;PLANA ;ASFALTADA;NULL;NULL;NULL;NULL;EN PROCESO DE INVESTIGACIÓN;NO CUENTA CON CAUSA ESPECIFICA;Carretera Panamericana Sur;14/1/2021;-72.4077
A-2021-01-267;10:00.0;VOLCADURA;1;0;NULL;LIMA;LIMA;LURIN;URBANA;OTRO;URBANO;NO CORRESPONDE;-12.252695;DESPEJADO;COMERCIAL;TRAMO RECTO;INCLINADA;ASFALTADA;NULL;NULL;NULL;NULL;IMPRUDENCIA DEL CONDUCTOR;CONDUCIR EN ESTADO DE EBRIEDAD Y/O DROGADICCIÓN;Antigua Panamericana Sur;14/1/2021;-76.898016
A-2021-01-266;00:00.0;ATROPELLO;1;0;NULL;LIMA;LIMA;SANTA ANITA;URBANA;AVENIDA;URBANO;NO CORRESPONDE;-12.0436;DESPEJADO;INDUSTRIAL;TRAMO RECTO;PLANA ;ASFALTADA;NULL;NULL;NULL;NULL;IMPRUDENCIA DEL CONDUCTOR;EXCESO DE VELOCIDAD;Santa Anita;14/1/2021;-76.971412
A-2021-01-380;30:00.0;CHOQUE;1;0;2;AREQUIPA;CAYLLOMA;MAJES;URBANA;CALLE;URBANO;NO CORRESPONDE;-16.354465;DESPEJADO;RESIDENCIAL;INTERSECCIÓN;INCLINADA;ASFALTADA;SI;REGULADORA (R);REGULADORA (R);SI;IMPRUDENCIA DEL CONDUCTOR;OTRO (IMPRUDENCIA DEL CONDUCTOR);El Pedregal;14/1/2021;-72.189032
A-2021-01-209;00:00.0;CAÍDA DE PASAJERO;1;0;1;LA LIBERTAD;TRUJILLO;LAREDO;RURAL;CARRETERA;NACIONAL;PE-10A;-8.099108;DESPEJADO;RURAL;TRAMO RECTO;PLANA ;ASFALTADA;NULL;NULL;NULL;NULL;NEGLIGENCIA DEL CONDUCTOR;CONDUCIR CON FALLAS DE CARROCERÍA;Carretera Industrial;14/1/2021;-78.982811
A-2021-01-139;30:00.0;CHOQUE;1;1;1;APURIMAC;ABANCAY;TAMBURCO;URBANA;CARRETERA;NACIONAL;PE-3S;-13.614821;SOLEADO;INDUSTRIAL;CURVA;PLANA ;ASFALTADA;SI;PREVENTIVA (P);REGULADORA (R);SI;IMPRUDENCIA DEL CONDUCTOR;CONDUCIR EN ESTADO DE EBRIEDAD Y/O DROGADICCIÓN;Avenida Tamburco;14/1/2021;-72.86526
A-2021-01-125;30:00.0;CHOQUE;1;1;2;SAN MARTIN;HUALLAGA;SACANCHE;RURAL;CARRETERA;NACIONAL;PE-5N;-7.073887;LLUVIOSO;RURAL;TRAMO RECTO;PLANA ;ASFALTADA;NULL;NULL;NULL;NULL;IMPRUDENCIA DEL CONDUCTOR;CONDUCIR EN ESTADO DE EBRIEDAD Y/O DROGADICCIÓN;Carretera Presidente Fernando Belaúnde Terry;14/1/2021;-76.72644
A-2021-01-238;50:00.0;DESPISTE;2;0;1;CUSCO;PARURO;COLCHA;RURAL;CARRETERA;DEPARTAMENTAL;CU-117;-13.819589;NUBLADO;RURAL;CURVA;INCLINADA;TROCHA;NULL;NULL;NULL;NULL;IMPRUDENCIA DEL CONDUCTOR;EXCESO DE VELOCIDAD;CU-117;14/1/2021;-71.832778
A-2021-01-197;00:00.0;DESPISTE;1;3;1;CUSCO;LA CONVENCION;OCOBAMBA;RURAL;CARRETERA;DEPARTAMENTAL;CU-106;-13.014916;NUBLADO;RURAL;CURVA;INCLINADA;ASFALTADA;SI;PREVENTIVA (P);PREVENTIVA (P);NO;NEGLIGENCIA DEL CONDUCTOR;OTRO (NEGLIGENCIA DEL CONDUCTOR);Ocobamba;15/1/2021;-72.184
A-2021-01-152;15:00.0;CHOQUE;1;0;2;LA LIBERTAD;TRUJILLO;LA ESPERANZA;URBANA;CALLE;URBANO;NO CORRESPONDE;-8.081327;DESPEJADO;COMERCIAL;INTERSECCIÓN;PLANA ;ASFALTADA;NULL;NULL;NULL;NULL;EN PROCESO DE INVESTIGACIÓN;NO CUENTA CON CAUSA ESPECIFICA;Calle Guadalupe de Victoria;15/1/2021;-79.04702
A-2021-01-390;00:00.0;VOLCADURA;1;0;1;PASCO;DANIEL ALCIDES CARRION;TAPUC;RURAL;CARRETERA;SIN CLASIFICAR;SIN CLASIFICAR;-10.431045;LLUVIOSO;RURAL;CURVA;INCLINADA;TROCHA;NULL;NULL;NULL;NULL;NEGLIGENCIA DEL CONDUCTOR;OTRO (NEGLIGENCIA DEL CONDUCTOR);Michivilca;15/1/2021;-76.477182
A-2021-01-245;30:00.0;CHOQUE;1;4;2;JUNIN;JAUJA;LLOCLLAPAMPA;RURAL;CARRETERA;NACIONAL;PE-3S;-11.790274;SOLEADO;RURAL;CURVA;PLANA ;ASFALTADA;SI;PREVENTIVA (P);NULL;SI;IMPRUDENCIA DEL CONDUCTOR;EXCESO DE VELOCIDAD;Carretera Longitudinal de la Sierra Sur;16/1/2021;-75.579794
A-2021-01-322;30:00.0;ATROPELLO;1;0;0;PIURA;TALARA;MANCORA;URBANA;CARRETERA;NACIONAL;PE-1N;-4.106488;SOLEADO;COMERCIAL;TRAMO RECTO;PLANA ;ASFALTADA;NULL;NULL;NULL;NULL;IMPRUDENCIA DEL PEATÓN;OTRO (IMPRUDENCIA DEL PEATÓN);Máncora;16/1/2021;-81.050338
A-2021-01-120;00:00.0;CHOQUE;1;0;2;CAJAMARCA;HUALGAYOC;BAMBAMARCA;RURAL;CARRETERA;NACIONAL;PE-3N;-6.644675;DESPEJADO;RURAL;CURVA;INCLINADA;ASFALTADA;SI;PREVENTIVA (P);NULL;SI;IMPRUDENCIA DEL CONDUCTOR;INVASIÓN DE CARRIL;Carretera Longitudinal de la Sierra Norte;16/1/2021;-78.562526
A-2021-01-269;30:00.0;DESPISTE;1;1;0;LIMA;LIMA;COMAS;URBANA;AVENIDA;URBANO;NO CORRESPONDE;-11.9575;DESPEJADO;COMERCIAL;TRAMO RECTO;PLANA ;ASFALTADA;NULL;NULL;NULL;NULL;EN PROCESO DE INVESTIGACIÓN;NO CUENTA CON CAUSA ESPECIFICA;Avenida Arequipa;16/1/2021;-77.049211
A-2021-01-392;45:00.0;ATROPELLO;1;1;1;CALLAO;CALLAO;LA PERLA;URBANA;AVENIDA;URBANO;NO CORRESPONDE;-12.064691;DESPEJADO;RESIDENCIAL;TRAMO RECTO;PLANA ;ASFALTADA;NULL;NULL;NULL;NULL;EN PROCESO DE INVESTIGACIÓN;NO CUENTA CON CAUSA ESPECIFICA;Avenida República de Venezuela;16/1/2021;-77.115547
A-2021-01-210;50:00.0;ATROPELLO;1;0;1;LA LIBERTAD;TRUJILLO;TRUJILLO;URBANA;AVENIDA;URBANO;NO CORRESPONDE;-8.116272;DESPEJADO;COMERCIAL;TRAMO RECTO;PLANA ;ASFALTADA;NULL;NULL;NULL;NULL;EN PROCESO DE INVESTIGACIÓN;NO CUENTA CON CAUSA ESPECIFICA;Avenida América Sur;16/1/2021;-79.016396
A-2021-01-410;00:00.0;DESPISTE;1;0;1;AMAZONAS;CHACHAPOYAS;MARISCAL CASTILLA;RURAL;CARRETERA;NACIONAL;PE-08B;-6.563836;LLUVIOSO;RURAL;CURVA;INCLINADA;ASFALTADA;NULL;NULL;NULL;NULL;EN PROCESO DE INVESTIGACIÓN;NO CUENTA CON CAUSA ESPECIFICA;PE-08B;16/1/2021;-77.830092
A-2021-01-121;00:00.0;DESPISTE;1;0;1;CAJAMARCA;HUALGAYOC;BAMBAMARCA;RURAL;CARRETERA;NACIONAL;PE-3N;-6.68536;DESPEJADO;RURAL;TRAMO RECTO;INCLINADA;TROCHA;NULL;NULL;NULL;NULL;IMPRUDENCIA DEL CONDUCTOR;EXCESO DE VELOCIDAD;Bambamarca;17/1/2021;-78.535275
A-2021-01-377;30:00.0;VOLCADURA;1;0;1;LIMA;HUAURA;HUAURA;RURAL;CARRETERA;NACIONAL;PE-1NE;-11.081564;DESPEJADO;RURAL;TRAMO RECTO;PLANA ;ASFALTADA;NULL;NULL;NULL;NULL;EN PROCESO DE INVESTIGACIÓN;NO CUENTA CON CAUSA ESPECIFICA;Carretera Huaura - Ambo;17/1/2021;-77.484727
A-2021-01-129;00:00.0;CAÍDA DE PASAJERO;1;0;0;CALLAO;CALLAO;CALLAO;URBANA;CARRETERA;NACIONAL;PE-20;-12.054372;DESPEJADO;INDUSTRIAL;TRAMO RECTO;PLANA ;ASFALTADA;NULL;NULL;NULL;NULL;IMPRUDENCIA DEL PEATÓN;OTRO (IMPRUDENCIA DEL PEATÓN);Jirón Nicolás de Piérola;17/1/2021;-77.142617
A-2021-01-196;31:00.0;DESPISTE;5;3;1;CUSCO;PAUCARTAMBO;PAUCARTAMBO;RURAL;CARRETERA;DEPARTAMENTAL;CU-113;-13.234828;LLUVIOSO;RURAL;CURVA;INCLINADA;AFIRMADO;SI;PREVENTIVA (P);PREVENTIVA (P);NO;NEGLIGENCIA DEL CONDUCTOR;OTRO (NEGLIGENCIA DEL CONDUCTOR);Huacaca;17/1/2021;-71.491858
A-2021-01-138;00:00.0;CHOQUE FUGA;1;1;1;AMAZONAS;BONGARA;CHURUJA;URBANA;CARRETERA;NACIONAL;PE-08C;-6.022338;DESPEJADO;RURAL;OTRO;PLANA ;ASFALTADA;SI;PREVENTIVA (P);PREVENTIVA (P);SI;EN PROCESO DE INVESTIGACIÓN;NO CUENTA CON CAUSA ESPECIFICA;PE-08C;17/1/2021;-77.950927
A-2021-01-141;30:00.0;DESPISTE;1;1;1;APURIMAC;ABANCAY;ABANCAY;RURAL;CARRETERA;DEPARTAMENTAL;AP-103;-13.564012;NIEBLA;RURAL;TÚNEL;PLANA ;AFIRMADO;NULL;NULL;NULL;NULL;IMPRUDENCIA DEL CONDUCTOR;FATIGA Y/O CANSANCIO;AP-103;17/1/2021;-72.978916
A-2021-01-225;15:00.0;CHOQUE;1;3;2;LA LIBERTAD;CHEPEN;PACANGA;RURAL;CARRETERA;NACIONAL;PE-1N;-7.16757;DESPEJADO;RURAL;TRAMO RECTO;PLANA ;ASFALTADA;NULL;NULL;NULL;NULL;EN PROCESO DE INVESTIGACIÓN;NO CUENTA CON CAUSA ESPECIFICA;Carretera Panamericana Norte;17/1/2021;-79.440498
A-2021-01-123;40:00.0;CHOQUE;1;1;2;HUANUCO;LEONCIO PRADO;LUYANDO;RURAL;CARRETERA;NACIONAL;PE-18A;-9.267493;LLUVIOSO;RURAL;TRAMO RECTO;PLANA ;CONCRETO;NULL;NULL;NULL;NULL;EN PROCESO DE INVESTIGACIÓN;NO CUENTA CON CAUSA ESPECIFICA;Carretera Interoceánica Centro;17/1/2021;-75.989647
A-2021-01-131;30:00.0;DESPISTE;3;0;1;HUANUCO;LEONCIO PRADO;JOSE CRESPO Y CASTILLO;RURAL;CARRETERA;NACIONAL;PE-5N;-8.746876;LLUVIOSO;RURAL;TRAMO RECTO;PLANA ;AFIRMADO;SI;PREVENTIVA (P);PREVENTIVA (P);NO;IMPRUDENCIA DEL CONDUCTOR;CONDUCIR EN SENTIDO CONTRARIO;Carretera Presidente Fernando Belaúnde Terry;18/1/2021;-76.16051
A-2021-01-217;25:00.0;CHOQUE;1;7;2;CUSCO;QUISPICANCHI;CCATCA;RURAL;CARRETERA;NACIONAL;PE-30C;-13.623972;DESPEJADO;RURAL;CURVA;INCLINADA;ASFALTADA;NULL;NULL;NULL;NULL;NEGLIGENCIA DEL CONDUCTOR;OTRO (NEGLIGENCIA DEL CONDUCTOR);Carretera Interocéanica Sur;18/1/2021;-71.58057
A-2021-01-338;00:00.0;ATROPELLO;1;3;1;AREQUIPA;CAMANA;MARIANO NICOLAS VALCARCEL;RURAL;OTRO;URBANO;NO CORRESPONDE;-15.97882;DESPEJADO;RURAL;OTRO;INCLINADA;TROCHA;NULL;NULL;NULL;NULL;EN PROCESO DE INVESTIGACIÓN;NO CUENTA CON CAUSA ESPECIFICA;AR-530;18/1/2021;-73.174736
A-2021-01-283;15:00.0;ESPECIAL;1;3;1;PUNO;SANDIA;SANDIA;URBANA;OTRO;URBANO;NO CORRESPONDE;-14.320531;LLUVIOSO;RURAL;PUENTE;PLANA ;CONCRETO;NULL;NULL;NULL;NULL;INFRAESTRUCTURA Y ENTORNO VIAL;FACTOR AMBIENTAL;PE-34H;18/1/2021;-69.465496
A-2021-01-240;30:00.0;CHOQUE;2;2;2;PUNO;SAN ROMAN;SAN MIGUEL;RURAL;CARRETERA;NACIONAL;PE-3S;-15.431824;DESPEJADO;RURAL;TRAMO RECTO;PLANA ;ASFALTADA;SI;INFORMATIVA (I);INFORMATIVA (I);SI;NEGLIGENCIA DEL CONDUCTOR;OTRO (NEGLIGENCIA DEL CONDUCTOR);Carretera Longitudinal de la Sierra Sur;18/1/2021;-70.141997
A-2021-01-241;00:00.0;ATROPELLO;1;0;1;JUNIN;JAUJA;PARCO;URBANA;CARRETERA;NACIONAL;PE-3S;-11.799096;DESPEJADO;RESIDENCIAL;CURVA;PLANA ;ASFALTADA;SI;REGULADORA (R);REGULADORA (R);SI;IMPRUDENCIA DEL PEATÓN;CRUCE INDEBIDO POR LA CALZADA;Carretera Longitudinal de la Sierra Sur;19/1/2021;-75.546214
A-2021-01-270;30:00.0;CHOQUE;1;4;NULL;LIMA;LIMA;LURIGANCHO;URBANA;AVENIDA;URBANO;NO CORRESPONDE;-12.017421;DESPEJADO;COMERCIAL;TRAMO RECTO;PLANA ;ASFALTADA;NULL;NULL;NULL;NULL;IMPRUDENCIA DEL CONDUCTOR;OTRO (IMPRUDENCIA DEL CONDUCTOR);Avenida Los Canarios;19/1/2021;-76.946914
A-2021-01-331;30:00.0;ATROPELLO;1;0;1;LAMBAYEQUE;LAMBAYEQUE;OLMOS;RURAL;CARRETERA;NACIONAL;PE-1NJ;-5.798397;DESPEJADO;RURAL;TRAMO RECTO;PLANA ;ASFALTADA;NULL;NULL;NULL;NULL;EN PROCESO DE INVESTIGACIÓN;NO CUENTA CON CAUSA ESPECIFICA;Carretera Interoceánica Norte;19/1/2021;-79.835812
A-2021-01-403;31:00.0;DESPISTE;1;0;1;CUSCO;QUISPICANCHI;CAMANTI;RURAL;CARRETERA;NACIONAL;PE-30C;-13.185256;DESPEJADO;RURAL;CURVA;INCLINADA;ASFALTADA;NULL;NULL;NULL;NULL;IMPRUDENCIA DEL CONDUCTOR;EXCESO DE VELOCIDAD;Interoceanica Sur;19/1/2021;-70.425038
A-2021-01-344;30:00.0;ATROPELLO;1;0;1;AREQUIPA;CARAVELI;CHALA;URBANA;CARRETERA;NACIONAL;PE-1S;-15.848355;DESPEJADO;RURAL;OTRO;INCLINADA;ASFALTADA;NULL;NULL;NULL;NULL;EN PROCESO DE INVESTIGACIÓN;NO CUENTA CON CAUSA ESPECIFICA;Carretera Panamericana Sur;19/1/2021;-74.258278
A-2021-01-149;21:00.0;DESPISTE;1;1;2;ICA;ICA;SALAS;URBANA;CARRETERA;NACIONAL;PE-1S;-14.001949;DESPEJADO;RURAL;TRAMO RECTO;PLANA ;ASFALTADA;NULL;NULL;NULL;NULL;IMPRUDENCIA DEL CONDUCTOR;EXCESO DE VELOCIDAD;Carretera Panamericana Sur;19/1/2021;-75.767842
A-2021-01-161;00:00.0;DESPISTE;1;3;1;PIURA;MORROPON;BUENOS AIRES;RURAL;CARRETERA;NACIONAL;PE-02A;-5.283625;DESPEJADO;RURAL;TRAMO RECTO;PLANA ;ASFALTADA;SI;REGULADORA (R);NULL;SI;IMPRUDENCIA DEL CONDUCTOR;EXCESO DE VELOCIDAD;PE-02A;21/1/2021;-79.95242
A-2021-01-308;30:00.0;ATROPELLO;1;0;1;JUNIN;JUNIN;CARHUAMAYO;RURAL;CARRETERA;NACIONAL;PE-3N;-10.940931;DESPEJADO;RURAL;CURVA;PLANA ;ASFALTADA;NULL;NULL;NULL;NULL;EN PROCESO DE INVESTIGACIÓN;NO CUENTA CON CAUSA ESPECIFICA;Carretera Longitudinal de la Sierra Norte;21/1/2021;-76.049881
A-2021-01-177;40:00.0;DESPISTE;1;3;1;ICA;ICA;SANTIAGO;URBANA;CARRETERA;NACIONAL;PE-1S;-14.332655;DESPEJADO;RURAL;TRAMO RECTO;PLANA ;ASFALTADA;NULL;NULL;NULL;NULL;NEGLIGENCIA DEL CONDUCTOR;CONDUCIR CON FALLAS DE NEUMÁTICOS;Carretera Panamericana Sur;21/1/2021;-75.664021
A-2021-01-323;30:00.0;ATROPELLO;1;0;0;PIURA;SULLANA;SULLANA;URBANA;CARRETERA;NACIONAL;PE-1N;-4.911119;SOLEADO;COMERCIAL;TRAMO RECTO;PLANA ;ASFALTADA;SI;REGULADORA (R);REGULADORA (R);NO;IMPRUDENCIA DEL PEATÓN;OTRO (IMPRUDENCIA DEL PEATÓN);Carretera Panamericana Norte;21/1/2021;-80.697268
A-2021-01-157;40:00.0;ATROPELLO;1;0;0;JUNIN;HUANCAYO;CHILCA;URBANA;CARRETERA;NACIONAL;PE-3SC;-12.08313;DESPEJADO;COMERCIAL;TRAMO RECTO;PLANA ;ASFALTADA;NULL;NULL;NULL;NULL;EN PROCESO DE INVESTIGACIÓN;NO CUENTA CON CAUSA ESPECIFICA;Avenida 9 de Diciembre;21/1/2021;-75.203083
A-2021-01-246;00:00.0;CHOQUE;1;2;2;HUANCAVELICA;CHURCAMPA;PAUCARBAMBA;RURAL;CARRETERA;DEPARTAMENTAL;HV-103;-12.551354;SOLEADO;RURAL;CURVA;INCLINADA;AFIRMADO;NULL;NULL;NULL;NULL;EN PROCESO DE INVESTIGACIÓN;NO CUENTA CON CAUSA ESPECIFICA;Paucarbamba;22/1/2021;-74.546681
A-2021-01-170;00:00.0;CHOQUE;1;0;2;AREQUIPA;AREQUIPA;CERRO COLORADO;URBANA;CARRETERA;NACIONAL;PE-34A;-16.318008;DESPEJADO;COMERCIAL;TRAMO RECTO;PLANA ;ASFALTADA;SI;PREVENTIVA (P);NULL;SI;IMPRUDENCIA DEL CONDUCTOR;OTRO (IMPRUDENCIA DEL CONDUCTOR);Cono Norte;22/1/2021;-71.602761
A-2021-01-205;47:00.0;CHOQUE;1;2;2;TACNA;TACNA;CORONEL GREGORIO ALBARRACIN LANCHIPA;URBANA;AVENIDA;URBANO;NO CORRESPONDE;-18.050638;SOLEADO;RESIDENCIAL;INTERSECCIÓN;PLANA ;ASFALTADA;SI;REGULADORA (R);PREVENTIVA (P);SI;IMPRUDENCIA DEL CONDUCTOR;OTRO (IMPRUDENCIA DEL CONDUCTOR);Avenida Los Molles;23/1/2021;-70.251433
A-2021-01-301;00:00.0;CHOQUE FUGA;1;1;2;JUNIN;CONCEPCION;CONCEPCION;URBANA;CARRETERA;NACIONAL;PE-3S;-11.910885;LLUVIOSO;RESIDENCIAL;TRAMO RECTO;PLANA ;ASFALTADA;NULL;NULL;NULL;NULL;EN PROCESO DE INVESTIGACIÓN;NO CUENTA CON CAUSA ESPECIFICA;Carretera Longitudinal de la Sierra Sur;23/1/2021;-75.327975
A-2021-01-287;00:00.0;CHOQUE;1;2;2;PUNO;SAN ANTONIO DE PUTINA;QUILCAPUNCU;RURAL;CARRETERA;NACIONAL;PE-34H;-14.904592;LLUVIOSO;RURAL;TRAMO RECTO;PLANA ;ASFALTADA;NULL;NULL;NULL;NULL;IMPRUDENCIA DEL CONDUCTOR;CONDUCIR EN SENTIDO CONTRARIO;PE-34H;23/1/2021;-69.754134
A-2021-01-362;31:00.0;CHOQUE;1;1;2;AYACUCHO;HUAMANGA;VINCHOS;URBANA;CARRETERA;NACIONAL;PE-28A;-13.341398;DESPEJADO;RURAL;TRAMO RECTO;PLANA ;ASFALTADA;NULL;NULL;NULL;NULL;IMPRUDENCIA DEL CONDUCTOR;INVASIÓN DE CARRIL;Vía de los Libertadores;23/1/2021;-74.538772
A-2021-01-271;00:00.0;ATROPELLO;1;0;NULL;LIMA;LIMA;LOS OLIVOS;URBANA;AVENIDA;URBANO;NO CORRESPONDE;-11.991702;DESPEJADO;COMERCIAL;TRAMO RECTO;PLANA ;ASFALTADA;NULL;NULL;NULL;NULL;IMPRUDENCIA DEL CONDUCTOR;EXCESO DE VELOCIDAD;Avenida Carlos Alberto Izaguirre;23/1/2021;-77.070611
A-2021-01-272;35:00.0;ATROPELLO;1;0;0;LIMA;LIMA;PUENTE PIEDRA;URBANA;CARRETERA;NACIONAL;PE-1N;-11.897187;DESPEJADO;COMERCIAL;TRAMO RECTO;PLANA ;ASFALTADA;NULL;NULL;NULL;NULL;EN PROCESO DE INVESTIGACIÓN;NO CUENTA CON CAUSA ESPECIFICA;Avenida Panamericana Norte;23/1/2021;-77.067866
A-2021-01-244;30:00.0;VOLCADURA;2;4;1;HUANCAVELICA;HUAYTARA;OCOYO;RURAL;CARRETERA;DEPARTAMENTAL;HV-121;-13.968207;DESPEJADO;RURAL;SINUOSA;INCLINADA;TROCHA;NULL;NULL;NULL;NULL;INFRAESTRUCTURA Y ENTORNO VIAL;SUPERFICIE DETERIORADA;Ocobamba;23/1/2021;-75.049075
A-2021-01-218;50:00.0;ATROPELLO;1;0;1;CUSCO;URUBAMBA;OLLANTAYTAMBO;RURAL;CARRETERA;NACIONAL;PE-28B;-13.258314;DESPEJADO;RURAL;TRAMO RECTO;PLANA ;ASFALTADA;SI;REGULADORA (R);PREVENTIVA (P);SI;IMPRUDENCIA DEL CONDUCTOR;EXCESO DE VELOCIDAD;PE-28B;23/1/2021;-72.250823
A-2021-01-176;25:00.0;DESPISTE;2;0;1;AREQUIPA;AREQUIPA;CERRO COLORADO;URBANA;CARRETERA;NACIONAL;PE-34A;-16.39445;DESPEJADO;COMERCIAL;INTERSECCIÓN;PLANA ;ASFALTADA;SI;REGULADORA (R);NULL;SI;EN PROCESO DE INVESTIGACIÓN;NO CUENTA CON CAUSA ESPECIFICA;Vía de Evitamiento;23/1/2021;-71.5835
A-2021-01-198;30:00.0;ATROPELLO FUGA;1;0;1;CUSCO;CANCHIS;MARANGANI;RURAL;CARRETERA;PROVINCIAL;CU-1421;-14.304823;LLUVIOSO;RURAL;TRAMO RECTO;PLANA ;ASFALTADA;NULL;NULL;NULL;NULL;NEGLIGENCIA DEL CONDUCTOR;OTRO (NEGLIGENCIA DEL CONDUCTOR);CU-1421;23/1/2021;-71.000242
A-2021-01-199;10:00.0;CHOQUE;1;0;2;ICA;ICA;SANTIAGO;URBANA;CARRETERA;NACIONAL;PE-1S;-14.278243;DESPEJADO;RURAL;TRAMO RECTO;PLANA ;ASFALTADA;NULL;NULL;NULL;NULL;IMPRUDENCIA DEL CONDUCTOR;EXCESO DE VELOCIDAD;Carretera Panamericana Sur;24/1/2021;-75.682782
A-2021-01-193;20:00.0;CHOQUE;1;5;2;SAN MARTIN;PICOTA;PICOTA;RURAL;CARRETERA;NACIONAL;PE-5N;-6.925004;LLUVIOSO;RURAL;OTRO;PLANA ;ASFALTADA;NULL;NULL;NULL;NULL;IMPRUDENCIA DEL CONDUCTOR;INVASIÓN DE CARRIL;Carretera Presidente Fernando Belaúnde Terry;24/1/2021;-76.342516
A-2021-01-186;00:00.0;ATROPELLO FUGA;1;1;1;AREQUIPA;AREQUIPA;PAUCARPATA;URBANA;AVENIDA;URBANO;NO CORRESPONDE;-16.414171;DESPEJADO;COMERCIAL;INTERSECCIÓN;PLANA ;ASFALTADA;NO;NULL;NULL;SI;IMPRUDENCIA DEL CONDUCTOR;EXCESO DE VELOCIDAD;Prolongación Avenida Jesús;24/1/2021;-71.509877
A-2021-01-195;10:00.0;DESPISTE;1;0;NULL;CALLAO;CALLAO;VENTANILLA;URBANA;CARRETERA;NACIONAL;PE-20;-11.881892;DESPEJADO;RESIDENCIAL;TRAMO RECTO;INCLINADA;ASFALTADA;NULL;NULL;NULL;NULL;EN PROCESO DE INVESTIGACIÓN;NO CUENTA CON CAUSA ESPECIFICA;Autopista Ventanilla;24/1/2021;-77.126265
A-2021-01-203;30:00.0;CHOQUE;2;1;2;UCAYALI;CORONEL PORTILLO;CALLERIA;URBANA;AVENIDA;URBANO;NO CORRESPONDE;-8.388567;DESPEJADO;RURAL;INTERSECCIÓN;PLANA ;ASFALTADA;SI;REGULADORA (R);REGULADORA (R);SI;IMPRUDENCIA DEL CONDUCTOR;OTRO (IMPRUDENCIA DEL CONDUCTOR);Área Metropolitana de Pucallpa;24/1/2021;-74.565099
A-2021-01-234;40:00.0;CHOQUE;1;0;2;ICA;ICA;YAUCA DEL ROSARIO;RURAL;CARRETERA;DEPARTAMENTAL;IC-107;-14.141104;DESPEJADO;RURAL;TRAMO RECTO;PLANA ;ASFALTADA;NULL;NULL;NULL;NULL;IMPRUDENCIA DEL CONDUCTOR;EXCESO DE VELOCIDAD;IC-107;25/1/2021;-75.634733
A-2021-01-273;00:00.0;ATROPELLO FUGA;1;0;NULL;LIMA;LIMA;SAN MARTIN DE PORRES;URBANA;AVENIDA;URBANO;NO CORRESPONDE;-11.981557;DESPEJADO;COMERCIAL;TRAMO RECTO;PLANA ;ASFALTADA;NULL;NULL;NULL;NULL;IMPRUDENCIA DEL PEATÓN;OTRO (IMPRUDENCIA DEL PEATÓN);Avenida Los Alisos;25/1/2021;-77.096882
A-2021-01-274;30:00.0;CHOQUE;1;1;NULL;LIMA;LIMA;VILLA MARIA DEL TRIUNFO;URBANA;AVENIDA;URBANO;NO CORRESPONDE;-12.163841;DESPEJADO;COMERCIAL;TRAMO RECTO;PLANA ;ASFALTADA;NULL;NULL;NULL;NULL;NEGLIGENCIA DEL CONDUCTOR;OTRO (NEGLIGENCIA DEL CONDUCTOR);Jirón San Martín de Porres;25/1/2021;-76.952571
A-2021-01-381;50:00.0;ATROPELLO;1;0;0;LIMA;LIMA;SAN MARTIN DE PORRES;URBANA;JIRÓN;URBANO;NO CORRESPONDE;-12.018966;DESPEJADO;INDUSTRIAL;TRAMO RECTO;PLANA ;ASFALTADA;NULL;NULL;NULL;NULL;EN PROCESO DE INVESTIGACIÓN;NO CUENTA CON CAUSA ESPECIFICA;Jirón Alheli;26/1/2021;-77.053367
A-2021-01-334;00:00.0;ATROPELLO FUGA;1;0;0;ICA;PISCO;TUPAC AMARU INCA;URBANA;CARRETERA;NACIONAL;PE-1S;-13.706171;DESPEJADO;RESIDENCIAL;TRAMO RECTO;PLANA ;ASFALTADA;NULL;PREVENTIVA (P);REGULADORA (R);NULL;EN PROCESO DE INVESTIGACIÓN;NO CUENTA CON CAUSA ESPECIFICA;Antigua Carretera Panamericana Sur;26/1/2021;-76.151294