CÓDIGO SINIESTRO;HORA SINIESTRO;CLASE SINIESTRO;CANTIDAD DE FALLECIDOS;CANTIDAD DE LESIONADOS;CANTIDAD DE VEHICULOS DAÑADOS;DEPARTAMENTO;PROVINCIA;DISTRITO;ZONA;TIPO DE VÍA;RED VIAL;COD CARRETERA;COORDENADAS LATITUD;CONDICIÓN CLIMÁTICA;ZONIFICACIÓN;CARACTERÍSTICAS DE VÍA;PERFIL LONGITUDINAL VÍA;SUPERFICIE DE CALZADA;¿EXISTE SEÑAL VERTICAL?;CLASIFICACIÓN DE LA SEÑAL VERTICAL Nº 1;CLASIFICACIÓN DE LA SEÑAL VERTICAL Nº 2;¿EXISTE SEÑAL HORIZONTAL?;CAUSA FACTOR PRINCIPAL;CAUSA ESPECÍFICA;UBICACION;FECHA SINIESTRO;COORDENADAS LONGITUD
A-2021-01-407;15:00.0;CHOQUE;1;0;2;SAN MARTIN;MARISCAL CACERES;HUICUNGO;RURAL;CARRETERA;NACIONAL;PE-10B;-7.316295;DESPEJADO;RURAL;CURVA;INCLINADA;ASFALTADA;SI;INFORMATIVA (I);NULL;NO;IMPRUDENCIA DEL CONDUCTOR;EXCESO DE VELOCIDAD;PE-10B;26/1/2021;-76.775095
A-2021-01-207;00:00.0;ESPECIAL;1;0;0;PUNO;CHUCUITO;DESAGUADERO;URBANA;CARRETERA;NACIONAL;PE-36A;-16.582291;DESPEJADO;RURAL;TRAMO RECTO;PLANA ;ASFALTADA;NULL;NULL;NULL;NULL;IMPRUDENCIA DEL CONDUCTOR;INVASIÓN DE CARRIL;Carretera Binacional;26/1/2021;-69.060362
A-2021-01-214;10:00.0;ATROPELLO;1;0;0;PUNO;PUNO;PUNO;URBANA;CARRETERA;NACIONAL;PE-3S;-15.844639;DESPEJADO;RESIDENCIAL;TRAMO RECTO;PLANA ;ASFALTADA;NULL;NULL;NULL;NULL;IMPRUDENCIA DEL PEATÓN;CRUCE INDEBIDO POR LA CALZADA;Avenida Circunvalación;26/1/2021;-70.028528
A-2021-01-242;45:00.0;ATROPELLO;1;0;1;MOQUEGUA;MARISCAL NIETO;MOQUEGUA;URBANA;CARRETERA;NACIONAL;PE-36A;-17.20663;DESPEJADO;COMERCIAL;TRAMO RECTO;PLANA ;ASFALTADA;NULL;NULL;NULL;NULL;IMPRUDENCIA DEL PEATÓN;CRUCE INDEBIDO POR LA CALZADA;Avenida Circunvalación;26/1/2021;-70.921486
A-2021-01-239;00:00.0;DESPISTE;1;0;1;AREQUIPA;AREQUIPA;JOSE LUIS BUSTAMANTE Y RIVERO;URBANA;AVENIDA;URBANO;NO CORRESPONDE;-16.434249;DESPEJADO;RESIDENCIAL;TRAMO RECTO;PLANA ;ASFALTADA;NO;NULL;NULL;SI;IMPRUDENCIA DEL CONDUCTOR;OTRO (IMPRUDENCIA DEL CONDUCTOR);Avenida Inglaterra;26/1/2021;-71.530252
A-2021-01-229;30:00.0;ATROPELLO;1;0;1;TACNA;TACNA;TACNA;URBANA;CARRETERA;NACIONAL;PE-40;-18.00906;DESPEJADO;RESIDENCIAL;TRAMO RECTO;INCLINADA;ASFALTADA;SI;PREVENTIVA (P);PREVENTIVA (P);NO;IMPRUDENCIA DEL PEATÓN;ESTADO DE EBRIEDAD Y/O DROGADICCIÓN;Calle Santa Ana;27/1/2021;-70.231249
A-2021-01-406;30:00.0;VOLCADURA;1;0;2;HUANUCO;PACHITEA;UMARI;RURAL;CARRETERA;NACIONAL;PE-18B;-9.833197;DESPEJADO;RURAL;SINUOSA;PLANA ;ASFALTADA;NULL;NULL;NULL;NULL;IMPRUDENCIA DEL CONDUCTOR;INVASIÓN DE CARRIL;PE-18B;27/1/2021;-76.065763
A-2021-01-243;17:00.0;CHOQUE;1;2;2;SAN MARTIN;SAN MARTIN;TARAPOTO;URBANA;JIRÓN;URBANO;NO CORRESPONDE;-6.490229;DESPEJADO;COMERCIAL;INTERSECCIÓN;PLANA ;ASFALTADA;NULL;NULL;NULL;NULL;NEGLIGENCIA DEL CONDUCTOR;OTRO (NEGLIGENCIA DEL CONDUCTOR);Jirón Ricardo Palma;27/1/2021;-76.359342
A-2021-01-237;00:00.0;DESPISTE;1;0;1;LAMBAYEQUE;CHICLAYO;PIMENTEL;RURAL;CARRETERA;NACIONAL;PE-1N;-6.737074;SOLEADO;INDUSTRIAL;TRAMO RECTO;PLANA ;ASFALTADA;NULL;NULL;NULL;NULL;EN PROCESO DE INVESTIGACIÓN;NO CUENTA CON CAUSA ESPECIFICA;Panamericana Norte;27/1/2021;-79.881409
A-2021-01-279;00:00.0;CHOQUE;1;0;2;LAMBAYEQUE;CHICLAYO;LAGUNAS;URBANA;CARRETERA;NACIONAL;PE-1N;-6.985744;DESPEJADO;RESIDENCIAL;TRAMO RECTO;PLANA ;ASFALTADA;SI;REGULADORA (R);PREVENTIVA (P);NO;EN PROCESO DE INVESTIGACIÓN;NO CUENTA CON CAUSA ESPECIFICA;Panamericana Norte;27/1/2021;-79.629806
A-2021-01-329;00:00.0;DESPISTE;1;0;1;JUNIN;YAULI;PACCHA;RURAL;CARRETERA;NACIONAL;PE-3N;-11.43789;LLUVIOSO;RURAL;TRAMO RECTO;PLANA ;ASFALTADA;SI;PREVENTIVA (P);REGULADORA (R);SI;EN PROCESO DE INVESTIGACIÓN;NO CUENTA CON CAUSA ESPECIFICA;Longitudinal de la Sierra Norte;27/1/2021;-75.935218
A-2021-01-282;00:00.0;CHOQUE FUGA;1;1;NULL;LIMA;LIMA;COMAS;RURAL;CARRETERA;NACIONAL;PE-1N;-11.932369;DESPEJADO;RURAL;TRAMO RECTO;PLANA ;ASFALTADA;NULL;NULL;NULL;NULL;IMPRUDENCIA DEL CONDUCTOR;OTRO (IMPRUDENCIA DEL CONDUCTOR);Avenida Panamericana Norte;28/1/2021;-77.072179
A-2021-01-268;30:00.0;CHOQUE;1;4;2;PIURA;SECHURA;CRISTO NOS VALGA;RURAL;CARRETERA;NACIONAL;PE-1N;-5.573981;DESPEJADO;RURAL;OTRO;PLANA ;ASFALTADA;NULL;NULL;NULL;NULL;IMPRUDENCIA DEL CONDUCTOR;INVASIÓN DE CARRIL;Carretera Panamericana Norte;28/1/2021;-80.580521
A-2021-01-284;20:00.0;CHOQUE;1;0;0;LIMA;LIMA;CARABAYLLO;URBANA;AVENIDA;URBANO;NO CORRESPONDE;-11.89;DESPEJADO;COMERCIAL;INTERSECCIÓN;PLANA ;ASFALTADA;NULL;NULL;NULL;NULL;EN PROCESO DE INVESTIGACIÓN;NO CUENTA CON CAUSA ESPECIFICA;Avenida Túpac Amaru;28/1/2021;-77.026912
A-2021-01-341;00:00.0;ATROPELLO;1;0;1;LAMBAYEQUE;CHICLAYO;REQUE;URBANA;CARRETERA;NACIONAL;PE-1N;-6.876218;DESPEJADO;RESIDENCIAL;TRAMO RECTO;INCLINADA;AFIRMADO;NULL;NULL;NULL;NULL;EN PROCESO DE INVESTIGACIÓN;NO CUENTA CON CAUSA ESPECIFICA;Carretera Panamericana Norte;29/1/2021;-79.816787
A-2021-01-340;20:00.0;DESPISTE;2;0;1;AMAZONAS;RODRIGUEZ DE MENDOZA;MARISCAL BENAVIDES;RURAL;CARRETERA;NACIONAL;PE-08B;-6.340768;DESPEJADO;RURAL;CURVA;PLANA ;AFIRMADO;NULL;NULL;NULL;NULL;EN PROCESO DE INVESTIGACIÓN;NO CUENTA CON CAUSA ESPECIFICA;PE-08B;29/1/2021;-77.507059
A-2021-01-288;14:00.0;CHOQUE;1;0;NULL;LIMA;LIMA;SAN JUAN DE LURIGANCHO;URBANA;AVENIDA;URBANO;NO CORRESPONDE;-12.029399;DESPEJADO;COMERCIAL;TRAMO RECTO;PLANA ;ASFALTADA;NULL;NULL;NULL;NULL;IMPRUDENCIA DEL CONDUCTOR;OTRO (IMPRUDENCIA DEL CONDUCTOR);Jirón Tahuantinsuyo;29/1/2021;-77.010081
A-2021-01-292;10:00.0;CHOQUE;4;0;2;PUNO;SAN ROMAN;CABANILLAS;RURAL;CARRETERA;NACIONAL;PE-34A;-15.660906;SOLEADO;RURAL;TRAMO RECTO;PLANA ;ASFALTADA;NO;NULL;NULL;SI;IMPRUDENCIA DEL CONDUCTOR;EXCESO DE VELOCIDAD;Héroes de La Guerra del Pacífico;29/1/2021;-70.469069
A-2021-01-290;40:00.0;DESPISTE;1;5;1;ANCASH;HUARAZ;INDEPENDENCIA;RURAL;CARRETERA;NACIONAL;PE-14;-9.555372;LLUVIOSO;RURAL;CURVA;INCLINADA;ASFALTADA;SI;PREVENTIVA (P);NULL;NO;IMPRUDENCIA DEL CONDUCTOR;EXCESO DE VELOCIDAD;Carretera Casma - Huaraz;29/1/2021;-77.612029
A-2021-01-325;30:00.0;ATROPELLO;1;0;1;PUNO;SAN ROMAN;CARACOTO;RURAL;CARRETERA;NACIONAL;PE-3S;-15.535926;DESPEJADO;RURAL;TRAMO RECTO;PLANA ;ASFALTADA;NO;NULL;NULL;SI;NEGLIGENCIA DEL CONDUCTOR;OTRO (NEGLIGENCIA DEL CONDUCTOR);Carretera Longitudinal de la Sierra Sur;29/1/2021;-70.114471
A-2021-01-349;58:00.0;DESPISTE;1;2;1;PUNO;LAMPA;CALAPUJA;RURAL;CARRETERA;NACIONAL;PE-3S;-15.280235;DESPEJADO;RURAL;CURVA;PLANA ;ASFALTADA;SI;INFORMATIVA (I);PREVENTIVA (P);SI;IMPRUDENCIA DEL CONDUCTOR;EXCESO DE VELOCIDAD;Carretera Longitudinal de la Sierra Sur;29/1/2021;-70.256429
A-2021-01-356;10:00.0;ATROPELLO FUGA;1;0;0;LIMA;LIMA;LURIGANCHO;URBANA;AVENIDA;URBANO;NO CORRESPONDE;-11.987377;DESPEJADO;COMERCIAL;TRAMO RECTO;PLANA ;ASFALTADA;NULL;NULL;NULL;NULL;EN PROCESO DE INVESTIGACIÓN;NO CUENTA CON CAUSA ESPECIFICA;Avenida Chosica;30/1/2021;-76.897774
A-2021-01-247;00:00.0;ATROPELLO FUGA;1;0;0;LIMA;HUAURA;HUACHO;RURAL;CARRETERA;NACIONAL;PE-1N;-11.169287;DESPEJADO;RURAL;TRAMO RECTO;PLANA ;ASFALTADA;NULL;NULL;NULL;NULL;EN PROCESO DE INVESTIGACIÓN;NO CUENTA CON CAUSA ESPECIFICA;Carretera Panamericana Norte;30/1/2021;-77.585678
A-2021-01-285;00:00.0;ATROPELLO;1;0;1;LA LIBERTAD;SANCHEZ CARRION;HUAMACHUCO;RURAL;CARRETERA;NACIONAL;PE-3N;-7.818645;DESPEJADO;RURAL;TRAMO RECTO;PLANA ;ASFALTADA;NULL;NULL;NULL;NULL;EN PROCESO DE INVESTIGACIÓN;NO CUENTA CON CAUSA ESPECIFICA;Carretera Longitudinal de la Sierra Norte;30/1/2021;-78.019036
A-2021-01-293;30:00.0;CHOQUE;1;1;3;SAN MARTIN;LAMAS;TABALOSOS;RURAL;CARRETERA;NACIONAL;PE-5N;-6.393684;DESPEJADO;RURAL;TRAMO RECTO;PLANA ;ASFALTADA;NO;NULL;NULL;SI;IMPRUDENCIA DEL CONDUCTOR;EXCESO DE VELOCIDAD;Carretera Presidente Fernando Belaúnde Terry;30/1/2021;-76.628262
A-2021-01-324;20:00.0;DESPISTE;2;0;1;PIURA;PAITA;PAITA;URBANA;CARRETERA;NACIONAL;PE-02;-5.103052;DESPEJADO;INDUSTRIAL;TRAMO RECTO;PLANA ;ASFALTADA;NULL;REGULADORA (R);NULL;NULL;NEGLIGENCIA DEL CONDUCTOR;CONDUCIR CON FALLAS DE NEUMÁTICOS;Carretera Paita - Piura;30/1/2021;-81.067257
A-2021-01-298;00:00.0;CHOQUE;1;0;2;CUSCO;URUBAMBA;OLLANTAYTAMBO;RURAL;CARRETERA;NACIONAL;PE-28B;-13.203964;NUBLADO;RURAL;CURVA;INCLINADA;ASFALTADA;SI;PREVENTIVA (P);PREVENTIVA (P);SI;EN PROCESO DE INVESTIGACIÓN;NO CUENTA CON CAUSA ESPECIFICA;PE-28B;30/1/2021;-72.297491
A-2021-01-291;00:00.0;DESPISTE;1;1;1;CAJAMARCA;CAJAMARCA;COSPAN;RURAL;CARRETERA;DEPARTAMENTAL;CA-106;-7.466563;DESPEJADO;RURAL;TRAMO RECTO;PLANA ;TROCHA;NULL;NULL;NULL;NULL;IMPRUDENCIA DEL CONDUCTOR;FATIGA Y/O CANSANCIO;Cospán;30/1/2021;-78.496466
A-2021-01-278;20:00.0;DESPISTE;1;0;1;AREQUIPA;AREQUIPA;UCHUMAYO;RURAL;CARRETERA;NACIONAL;PE-34A;-16.447971;SOLEADO;RURAL;CURVA;INCLINADA;ASFALTADA;SI;PREVENTIVA (P);NULL;SI;IMPRUDENCIA DEL CONDUCTOR;OTRO (IMPRUDENCIA DEL CONDUCTOR);Carretera Interoceánica Sur;30/1/2021;-71.696988
A-2021-01-295;45:00.0;DESPISTE;1;0;0;ICA;ICA;PACHACUTEC;RURAL;CARRETERA;PROVINCIAL;IC-702;-14.161648;DESPEJADO;RURAL;TRAMO RECTO;PLANA ;TROCHA;NULL;NULL;NULL;NULL;IMPRUDENCIA DEL CONDUCTOR;EXCESO DE VELOCIDAD;Pampa de Tate;30/1/2021;-75.689689
A-2021-01-342;50:00.0;CHOQUE;1;1;2;AMAZONAS;UTCUBAMBA;EL MILAGRO;URBANA;CARRETERA;NACIONAL;PE-5NC;-5.669654;DESPEJADO;RURAL;CURVA;INCLINADA;ASFALTADA;SI;PREVENTIVA (P);NULL;SI;EN PROCESO DE INVESTIGACIÓN;NO CUENTA CON CAUSA ESPECIFICA;PE-5NC;30/1/2021;-78.58634
A-2021-01-391;10:00.0;CHOQUE;1;1;2;CALLAO;CALLAO;CALLAO;URBANA;CARRETERA;NACIONAL;PE-20B;-12.033277;DESPEJADO;RESIDENCIAL;TRAMO RECTO;PLANA ;CONCRETO;NULL;NULL;NULL;NULL;IMPRUDENCIA DEL CONDUCTOR;CONDUCIR EN ESTADO DE EBRIEDAD Y/O DROGADICCIÓN;Vía Expresa Elmer Faucett;30/1/2021;-77.100286
A-2021-01-378;00:00.0;DESPISTE;1;1;1;LAMBAYEQUE;CHICLAYO;PIMENTEL;RURAL;CARRETERA;DEPARTAMENTAL;LA-108;-6.824769;DESPEJADO;RURAL;CURVA;INCLINADA;ASFALTADA;NULL;NULL;NULL;NULL;EN PROCESO DE INVESTIGACIÓN;NO CUENTA CON CAUSA ESPECIFICA;Carretera Pimentel - San José;30/1/2021;-79.936202
A-2021-01-306;50:00.0;CHOQUE;2;1;2;LAMBAYEQUE;CHICLAYO;CHICLAYO;URBANA;CARRETERA;NACIONAL;PE-1N;-6.794637;DESPEJADO;RESIDENCIAL;TRAMO RECTO;PLANA ;ASFALTADA;SI;PREVENTIVA (P);PREVENTIVA (P);NO;EN PROCESO DE INVESTIGACIÓN;NO CUENTA CON CAUSA ESPECIFICA;Panamericana Norte;30/1/2021;-79.863534
A-2021-01-345;50:00.0;CHOQUE;1;4;1;AREQUIPA;CARAVELI;CHAPARRA;RURAL;CARRETERA;NACIONAL;PE-1S;-16.033304;DESPEJADO;RURAL;TRAMO RECTO;PLANA ;ASFALTADA;NULL;NULL;NULL;NULL;EN PROCESO DE INVESTIGACIÓN;NO CUENTA CON CAUSA ESPECIFICA;Carretera Panamericana Sur;31/1/2021;-73.999519
A-2021-01-376;30:00.0;CHOQUE;1;0;2;SAN MARTIN;MARISCAL CACERES;CAMPANILLA;RURAL;CARRETERA;PROVINCIAL;SM-738;-6.51496;DESPEJADO;RURAL;CURVA;PLANA ;ASFALTADA;NULL;NULL;NULL;NULL;IMPRUDENCIA DEL CONDUCTOR;EXCESO DE VELOCIDAD;Ponciano;31/1/2021;-76.70329
A-2021-01-305;30:00.0;CHOQUE;1;1;2;PIURA;MORROPON;CHULUCANAS;RURAL;CARRETERA;NACIONAL;PE-1NR;-5.13616;DESPEJADO;RURAL;TRAMO RECTO;PLANA ;ASFALTADA;SI;REGULADORA (R);REGULADORA (R);SI;IMPRUDENCIA DEL CONDUCTOR;CONDUCIR EN ESTADO DE EBRIEDAD Y/O DROGADICCIÓN;PE-1NR;31/1/2021;-80.115052
A-2021-01-277;20:00.0;CHOQUE;1;3;2;HUANUCO;LEONCIO PRADO;SANTO DOMINGO DE ANDA;RURAL;CARRETERA;NACIONAL;PE-5N;-9.05243;DESPEJADO;RURAL;TRAMO RECTO;PLANA ;CONCRETO;NULL;NULL;NULL;NULL;IMPRUDENCIA DEL CONDUCTOR;EXCESO DE VELOCIDAD;Carretera Presidente Fernando Belaúnde Terry;31/1/2021;-76.076974
A-2021-02-248;47:00.0;CHOQUE;1;0;NULL;LIMA;LIMA;SAN ISIDRO;URBANA;AVENIDA;URBANO;NO CORRESPONDE;-12.09219;DESPEJADO;RESIDENCIAL;INTERSECCIÓN;PLANA ;ASFALTADA;NULL;NULL;NULL;NULL;NEGLIGENCIA DEL CONDUCTOR;CONDUCIR CON FALLAS DE DIRECCIÓN;Avenida Javier Prado Este;1/2/2021;-77.032178
A-2021-02-251;10:00.0;CHOQUE;1;0;NULL;LIMA;LIMA;COMAS;URBANA;AVENIDA;URBANO;NO CORRESPONDE;-11.937626;DESPEJADO;RESIDENCIAL;INTERSECCIÓN;PLANA ;ASFALTADA;NULL;NULL;NULL;NULL;EN PROCESO DE INVESTIGACIÓN;NO CUENTA CON CAUSA ESPECIFICA;Avenida Los Próceres de Huandoy;1/2/2021;-77.071262
A-2021-02-102;45:00.0;DESPISTE;1;1;1;PUNO;SANDIA;SANDIA;RURAL;CARRETERA;NACIONAL;PE-34H;-14.365523;NUBLADO;RURAL;TRAMO RECTO;PLANA ;ASFALTADA;NULL;NULL;NULL;NULL;IMPRUDENCIA DEL CONDUCTOR;EXCESO DE VELOCIDAD;PE-34H;1/2/2021;-69.480532
A-2021-02-163;30:00.0;DESPISTE;1;3;1;CUSCO;PAUCARTAMBO;CAICAY;RURAL;CARRETERA;PROVINCIAL;CU-1364;-13.5972;LLUVIOSO;RURAL;CURVA;INCLINADA;AFIRMADO;NULL;NULL;NULL;NULL;IMPRUDENCIA DEL CONDUCTOR;EXCESO DE VELOCIDAD;Caicay;1/2/2021;-71.6969
A-2021-02-21;40:00.0;ATROPELLO FUGA;1;0;0;AREQUIPA;CONDESUYOS;RIO GRANDE;RURAL;CARRETERA;PROVINCIAL;AR-535;-15.928147;DESPEJADO;RURAL;SINUOSA;INCLINADA;TROCHA;NULL;NULL;NULL;NULL;EN PROCESO DE INVESTIGACIÓN;NO CUENTA CON CAUSA ESPECIFICA;Alto Molino;1/2/2021;-73.130407
A-2021-02-6;40:00.0;CHOQUE;2;5;2;PIURA;PIURA;CATACAOS;RURAL;CARRETERA;NACIONAL;PE-1N;-5.260848;DESPEJADO;RURAL;CURVA;PLANA ;ASFALTADA;SI;REGULADORA (R);PREVENTIVA (P);NO;IMPRUDENCIA DEL CONDUCTOR;CONDUCIR EN ESTADO DE EBRIEDAD Y/O DROGADICCIÓN;Carretera Panamericana Norte;1/2/2021;-80.613699
A-2021-02-76;40:00.0;CHOQUE;1;0;2;SAN MARTIN;MOYOBAMBA;CALZADA;RURAL;CARRETERA;NACIONAL;PE-5N;-6.042343;DESPEJADO;RURAL;TRAMO RECTO;PLANA ;ASFALTADA;NULL;NULL;NULL;NULL;IMPRUDENCIA DEL CONDUCTOR;OTRO (IMPRUDENCIA DEL CONDUCTOR);Carretera Presidente Fernando Belaúnde Terry;2/2/2021;-77.054951
A-2021-02-5;30:00.0;CHOQUE;1;1;2;ICA;ICA;SANTIAGO;RURAL;CARRETERA;NACIONAL;PE-1S;-14.240577;DESPEJADO;RURAL;TRAMO RECTO;PLANA ;ASFALTADA;NULL;NULL;NULL;NULL;IMPRUDENCIA DEL CONDUCTOR;INVASIÓN DE CARRIL;Carretera Panamericana Sur;2/2/2021;-75.692856
A-2021-02-4;00:00.0;CHOQUE;1;0;2;HUANUCO;LEONCIO PRADO;RUPA-RUPA;URBANA;CARRETERA;NACIONAL;PE-18A;-9.31989;DESPEJADO;COMERCIAL;CURVA;PLANA ;ASFALTADA;SI;REGULADORA (R);PREVENTIVA (P);NO;IMPRUDENCIA DEL CONDUCTOR;EXCESO DE VELOCIDAD;Carretera Central;2/2/2021;-75.99349
A-2021-02-113;20:00.0;ATROPELLO;1;0;1;ANCASH;CASMA;CASMA;URBANA;CARRETERA;NACIONAL;PE-1N;-9.474334;DESPEJADO;RESIDENCIAL;INTERSECCIÓN;PLANA ;ASFALTADA;NULL;NULL;NULL;NULL;IMPRUDENCIA DEL CONDUCTOR;NO DAR PASO PREFERENTE AL PEATÓN;PE-1N;2/2/2021;-78.296098
A-2021-02-32;00:00.0;DESPISTE;1;1;1;TACNA;TACNA;SAMA;RURAL;CARRETERA;NACIONAL;PE-1SD;-18.170141;SOLEADO;RURAL;TRAMO RECTO;PLANA ;ASFALTADA;NULL;NULL;NULL;NULL;IMPRUDENCIA DEL CONDUCTOR;CONDUCIR EN ESTADO DE EBRIEDAD Y/O DROGADICCIÓN;Carretera Costanera Sur;3/2/2021;-70.647195
A-2021-02-31;30:00.0;DESPISTE;2;2;1;ANCASH;HUARI;UCO;RURAL;CARRETERA;NACIONAL;PE-14A;-9.160781;NUBLADO;RURAL;TRAMO RECTO;INCLINADA;TROCHA;SI;PREVENTIVA (P);PREVENTIVA (P);SI;IMPRUDENCIA DEL CONDUCTOR;FATIGA Y/O CANSANCIO;PE-14A;3/2/2021;-76.927381
A-2021-02-75;30:00.0;DESPISTE;1;0;1;MOQUEGUA;MARISCAL NIETO;CARUMAS;RURAL;CARRETERA;NACIONAL;PE-36B;-16.72916;GRANIZADO;RURAL;CURVA;INCLINADA;ASFALTADA;NULL;NULL;NULL;NULL;INFRAESTRUCTURA Y ENTORNO VIAL;FACTOR AMBIENTAL;Interoceánica;3/2/2021;-70.453007
A-2021-02-286;15:00.0;ATROPELLO;1;0;1;SAN MARTIN;SAN MARTIN;TARAPOTO;URBANA;AVENIDA;URBANO;NO CORRESPONDE;-6.47596;DESPEJADO;COMERCIAL;TRAMO RECTO;PLANA ;ASFALTADA;NULL;NULL;NULL;NULL;IMPRUDENCIA DEL CONDUCTOR;NO DAR PASO PREFERENTE AL PEATÓN;Avenida Circunvalación;3/2/2021;-76.36267
A-2021-02-8;30:00.0;CHOQUE FUGA;1;0;1;PUNO;EL COLLAO;PILCUYO;RURAL;CARRETERA;NACIONAL;PE-3S;-16.118627;DESPEJADO;RURAL;TRAMO RECTO;PLANA ;ASFALTADA;SI;PREVENTIVA (P);NULL;NO;IMPRUDENCIA DEL CONDUCTOR;EXCESO DE VELOCIDAD;Carretera Longitudinal de la Sierra Sur;4/2/2021;-69.592552
A-2021-02-78;45:00.0;ATROPELLO;1;0;1;CUSCO;CANAS;PAMPAMARCA;URBANA;CALLE;URBANO;NO CORRESPONDE;-14.14751;DESPEJADO;RESIDENCIAL;INTERSECCIÓN;PLANA ;AFIRMADO;NULL;NULL;INFORMATIVA (I);NULL;NEGLIGENCIA DEL CONDUCTOR;OTRO (NEGLIGENCIA DEL CONDUCTOR);Iromoco;4/2/2021;-71.46
A-2021-02-240;00:00.0;DESPISTE;1;0;1;CAJAMARCA;CAJAMARCA;LLACANORA;RURAL;CARRETERA;PROVINCIAL;CA-1495;-7.174738;DESPEJADO;RURAL;CURVA;INCLINADA;ASFALTADA;SI;PREVENTIVA (P);NULL;SI;EN PROCESO DE INVESTIGACIÓN;NO CUENTA CON CAUSA ESPECIFICA;Llacanora;4/2/2021;-78.423229
A-2021-02-56;00:00.0;CHOQUE;1;0;2;PUNO;AZANGARO;SAN JOSE;RURAL;CARRETERA;DEPARTAMENTAL;PU-111;-14.892284;NUBLADO;RURAL;TRAMO RECTO;PLANA ;ASFALTADA;SI;INFORMATIVA (I);PREVENTIVA (P);SI;IMPRUDENCIA DEL CONDUCTOR;EXCESO DE VELOCIDAD;PU-111;4/2/2021;-70.161726
A-2021-02-277;30:00.0;DESPISTE;1;0;1;HUANUCO;HUANUCO;CHINCHAO;RURAL;CARRETERA;NACIONAL;PE-18A;-9.712673;NUBLADO;RURAL;CURVA;INCLINADA;ASFALTADA;NULL;NULL;NULL;NULL;IMPRUDENCIA DEL CONDUCTOR;OTRO (IMPRUDENCIA DEL CONDUCTOR);Carretera Central;4/2/2021;-76.092457
A-2021-02-20;10:00.0;CHOQUE;1;3;2;PIURA;PIURA;PIURA;URBANA;AVENIDA;URBANO;NO CORRESPONDE;-5.167524;DESPEJADO;RURAL;TRAMO RECTO;PLANA ;ASFALTADA;SI;INFORMATIVA (I);PREVENTIVA (P);SI;IMPRUDENCIA DEL CONDUCTOR;CONDUCIR EN ESTADO DE EBRIEDAD Y/O DROGADICCIÓN;Avenida Raúl Mata de la Cruz;4/2/2021;-80.655907
A-2021-02-276;00:00.0;DESPISTE;1;0;1;PIURA;PIURA;TAMBO GRANDE;RURAL;CARRETERA;SIN CLASIFICAR;SIN CLASIFICAR;-4.885024;DESPEJADO;RURAL;TRAMO RECTO;PLANA ;ASFALTADA;NULL;NULL;NULL;NULL;EN PROCESO DE INVESTIGACIÓN;NO CUENTA CON CAUSA ESPECIFICA;Cp2 Colera;5/2/2021;-80.336006
A-2021-02-95;45:00.0;ATROPELLO;1;0;1;CUSCO;CANCHIS;SICUANI;URBANA;CARRETERA;NACIONAL;PE-3S;-14.275876;DESPEJADO;RESIDENCIAL;TRAMO RECTO;PLANA ;ASFALTADA;SI;PREVENTIVA (P);INFORMATIVA (I);NO;IMPRUDENCIA DEL CONDUCTOR;EXCESO DE VELOCIDAD;Vía de Evitamiento;5/2/2021;-71.235674
A-2021-02-164;30:00.0;CAÍDA DE PASAJERO;1;0;0;CUSCO;CALCA;SAN SALVADOR;RURAL;CARRETERA;PROVINCIAL;CU-1073;-13.493;DESPEJADO;RURAL;TRAMO RECTO;PLANA ;ASFALTADA;NULL;NULL;NULL;NULL;IMPRUDENCIA DEL CONDUCTOR;GIRAR IMPRUDENTEMENTE;Qosqo Ayllu;5/2/2021;-71.7882
A-2021-02-24;00:00.0;CHOQUE;1;1;3;ICA;ICA;SALAS;RURAL;CARRETERA;NACIONAL;PE-1S;-13.934894;DESPEJADO;RURAL;TRAMO RECTO;PLANA ;ASFALTADA;NULL;NULL;NULL;NULL;IMPRUDENCIA DEL CONDUCTOR;EXCESO DE VELOCIDAD;Carretera Panamericana Sur;5/2/2021;-75.869417
A-2021-02-17;30:00.0;ATROPELLO;1;0;0;LIMA;CAJATAMBO;MANAS;RURAL;CARRETERA;DEPARTAMENTAL;LM-112;-10.572366;NUBLADO;RURAL;SINUOSA;INCLINADA;CASCAJO/RIPIO;NULL;NULL;NULL;NULL;EN PROCESO DE INVESTIGACIÓN;NO CUENTA CON CAUSA ESPECIFICA;LM-112;5/2/2021;-77.153837
A-2021-02-15;30:00.0;DESPISTE;1;3;1;AREQUIPA;ISLAY;MOLLENDO;RURAL;CARRETERA;NACIONAL;PE-34;-16.677976;DESPEJADO;RURAL;TRAMO RECTO;PLANA ;ASFALTADA;NO;NULL;NULL;SI;IMPRUDENCIA DEL CONDUCTOR;EXCESO DE VELOCIDAD;Carretera Interoceánica Sur;5/2/2021;-71.910033
A-2021-02-87;00:00.0;ATROPELLO;1;0;1;LA LIBERTAD;ASCOPE;PAIJAN;RURAL;CARRETERA;NACIONAL;PE-1N;-7.733987;DESPEJADO;RURAL;TRAMO RECTO;PLANA ;ASFALTADA;NULL;NULL;NULL;NULL;IMPRUDENCIA DEL PEATÓN;CRUCE INDEBIDO POR LA CALZADA;Carretera Panamericana Norte;5/2/2021;-79.300616
A-2021-02-23;45:00.0;DESPISTE;2;1;1;APURIMAC;CHINCHEROS;OCOBAMBA;RURAL;CARRETERA;DEPARTAMENTAL;AP-102;-13.57507;NIEBLA;RURAL;TRAMO RECTO;PLANA ;CASCAJO/RIPIO;NULL;NULL;NULL;NULL;NEGLIGENCIA DEL CONDUCTOR;OTRO (NEGLIGENCIA DEL CONDUCTOR);AP-102;6/2/2021;-73.46999