CÓDIGO SINIESTRO;HORA SINIESTRO;CLASE SINIESTRO;CANTIDAD DE FALLECIDOS;CANTIDAD DE LESIONADOS;CANTIDAD DE VEHICULOS DAÑADOS;DEPARTAMENTO;PROVINCIA;DISTRITO;ZONA;TIPO DE VÍA;RED VIAL;COD CARRETERA;COORDENADAS LATITUD;CONDICIÓN CLIMÁTICA;ZONIFICACIÓN;CARACTERÍSTICAS DE VÍA;PERFIL LONGITUDINAL VÍA;SUPERFICIE DE CALZADA;¿EXISTE SEÑAL VERTICAL?;CLASIFICACIÓN DE LA SEÑAL VERTICAL Nº 1;CLASIFICACIÓN DE LA SEÑAL VERTICAL Nº 2;¿EXISTE SEÑAL HORIZONTAL?;CAUSA FACTOR PRINCIPAL;CAUSA ESPECÍFICA;UBICACION;FECHA SINIESTRO;COORDENADAS LONGITUD
A-2021-02-25;00:00.0;CHOQUE;2;0;2;ICA;ICA;SALAS;URBANA;CARRETERA;NACIONAL;PE-1S;-14.005534;DESPEJADO;RURAL;TRAMO RECTO;PLANA ;ASFALTADA;NULL;NULL;NULL;NULL;IMPRUDENCIA DEL CONDUCTOR;INVASIÓN DE CARRIL;Carretera Panamericana Sur;7/2/2021;-75.766709
A-2021-02-293;15:00.0;DESPISTE;1;0;1;AREQUIPA;CAMANA;SAMUEL PASTOR;RURAL;CARRETERA;NACIONAL;PE-1S;-16.604923;DESPEJADO;RURAL;TRAMO RECTO;INCLINADA;ASFALTADA;NULL;NULL;NULL;NULL;EN PROCESO DE INVESTIGACIÓN;NO CUENTA CON CAUSA ESPECIFICA;Carretera Panamericana Sur;7/2/2021;-72.630723
A-2021-02-241;00:00.0;DESPISTE;1;1;1;JUNIN;CONCEPCION;COMAS;RURAL;CARRETERA;PROVINCIAL;JU-1167;-11.729527;SOLEADO;RURAL;CURVA;INCLINADA;ASFALTADA;SI;PREVENTIVA (P);NULL;NO;IMPRUDENCIA DEL CONDUCTOR;EXCESO DE VELOCIDAD;JU-1167;7/2/2021;-75.074987
A-2021-02-124;30:00.0;CHOQUE;1;0;1;LIMA;LIMA;SAN JUAN DE LURIGANCHO;URBANA;AVENIDA;URBANO;NO CORRESPONDE;-12.025888;DESPEJADO;COMERCIAL;INTERSECCIÓN;PLANA ;ASFALTADA;NULL;NULL;NULL;NULL;IMPRUDENCIA DEL CONDUCTOR;EXCESO DE VELOCIDAD;Avenida Malecón Miguel Checa Eguiguren;8/2/2021;-76.98613
A-2021-02-171;00:00.0;DESPISTE;1;3;1;CUSCO;LA CONVENCION;SANTA ANA;RURAL;CARRETERA;DEPARTAMENTAL;CU-118;-12.918658;DESPEJADO;RURAL;TRAMO RECTO;PLANA ;TROCHA;NULL;NULL;NULL;NULL;IMPRUDENCIA DEL CONDUCTOR;EXCESO DE VELOCIDAD;Santa Ana;8/2/2021;-72.736737
A-2021-02-40;30:00.0;DESPISTE;1;0;1;APURIMAC;AYMARAES;CHALHUANCA;RURAL;CARRETERA;SIN CLASIFICAR;SIN CLASIFICAR;-14.323717;LLUVIOSO;RURAL;TRAMO RECTO;PLANA ;CASCAJO/RIPIO;NULL;NULL;NULL;NULL;IMPRUDENCIA DEL CONDUCTOR;FATIGA Y/O CANSANCIO;Unchina;8/2/2021;-73.249464
A-2021-02-127;40:00.0;ATROPELLO;1;0;1;LIMA;LIMA;EL AGUSTINO;URBANA;AVENIDA;URBANO;NO CORRESPONDE;-12.029121;DESPEJADO;COMERCIAL;INTERSECCIÓN;PLANA ;ASFALTADA;NULL;REGULADORA (R);NULL;NULL;IMPRUDENCIA DEL CONDUCTOR;CONDUCIR EN ESTADO DE EBRIEDAD Y/O DROGADICCIÓN;Avenida José Carlos Mariátegui;8/2/2021;-76.99979
A-2021-02-42;30:00.0;CHOQUE;1;0;2;ANCASH;HUAYLAS;CARAZ;RURAL;CARRETERA;NACIONAL;PE-3N;-9.025628;NUBLADO;RURAL;CURVA;INCLINADA;ASFALTADA;SI;PREVENTIVA (P);PREVENTIVA (P);SI;EN PROCESO DE INVESTIGACIÓN;NO CUENTA CON CAUSA ESPECIFICA;Carretera Longitudinal de la Sierra Norte;8/2/2021;-77.820855
A-2021-02-45;20:00.0;DESPISTE;2;0;1;APURIMAC;AYMARAES;YANACA;RURAL;CARRETERA;DEPARTAMENTAL;AP-108;-14.202558;DESPEJADO;RURAL;PUENTE;INCLINADA;AFIRMADO;NULL;NULL;NULL;NULL;IMPRUDENCIA DEL CONDUCTOR;FATIGA Y/O CANSANCIO;AP-108;8/2/2021;-73.130448
A-2021-02-28;30:00.0;CHOQUE;1;0;NULL;MADRE DE DIOS;TAMBOPATA;TAMBOPATA;RURAL;CARRETERA;NACIONAL;PE-30C;-12.676876;NULL;NULL;NULL;NULL;NULL;NULL;NULL;NULL;NULL;EN PROCESO DE INVESTIGACIÓN;NO CUENTA CON CAUSA ESPECIFICA;Interoceánica Sur;8/2/2021;-69.368365
A-2021-02-46;30:00.0;DESPISTE;1;1;1;APURIMAC;COTABAMBAS;HAQUIRA;RURAL;CARRETERA;NACIONAL;PE-3SG;-14.223052;LLUVIOSO;RURAL;TRAMO RECTO;PLANA ;ASFALTADA;NULL;NULL;NULL;NULL;EN PROCESO DE INVESTIGACIÓN;NO CUENTA CON CAUSA ESPECIFICA;PE-3SG;9/2/2021;-72.151681
A-2021-02-249;00:00.0;ATROPELLO;1;0;0;LIMA;LIMA;SAN JUAN DE MIRAFLORES;URBANA;CARRETERA;NACIONAL;PE-1S;-12.156762;DESPEJADO;RESIDENCIAL;TRAMO RECTO;PLANA ;ASFALTADA;NULL;NULL;NULL;NULL;IMPRUDENCIA DEL PEATÓN;ESTADO DE EBRIEDAD Y/O DROGADICCIÓN;Avenida Panamericana Sur;9/2/2021;-76.983253
A-2021-02-250;12:00.0;DESPISTE;1;0;NULL;LIMA;LIMA;LA VICTORIA;URBANA;AVENIDA;URBANO;NO CORRESPONDE;-12.076164;DESPEJADO;RESIDENCIAL;TRAMO RECTO;INCLINADA;ASFALTADA;NULL;NULL;NULL;NULL;IMPRUDENCIA DEL CONDUCTOR;EXCESO DE VELOCIDAD;Avenida Manco Cápac;9/2/2021;-77.02763
A-2021-02-254;00:00.0;CHOQUE;1;0;0;LIMA;LIMA;SURQUILLO;URBANA;AVENIDA;URBANO;NO CORRESPONDE;-12.117717;DESPEJADO;COMERCIAL;INTERSECCIÓN;PLANA ;ASFALTADA;NULL;NULL;NULL;NULL;IMPERICIA DEL CONDUCTOR;NULL;Avenida Tomás Marsano;10/2/2021;-77.008589
A-2021-02-77;45:00.0;CHOQUE;1;0;1;LA LIBERTAD;ASCOPE;CHICAMA;RURAL;CARRETERA;NACIONAL;PE-1N;-7.834859;DESPEJADO;RURAL;TRAMO RECTO;PLANA ;ASFALTADA;NULL;NULL;NULL;NULL;IMPRUDENCIA DEL CONDUCTOR;OTRO (IMPRUDENCIA DEL CONDUCTOR);Carretera Panamericana Norte;10/2/2021;-79.157289
A-2021-02-252;30:00.0;DESPISTE;1;0;1;LIMA;LIMA;LURIN;URBANA;CARRETERA;NACIONAL;PE-1S;-12.290936;DESPEJADO;INDUSTRIAL;TRAMO RECTO;PLANA ;ASFALTADA;NULL;NULL;NULL;NULL;IMPRUDENCIA DEL CONDUCTOR;EXCESO DE VELOCIDAD;Carretera Panamericana Sur;10/2/2021;-76.866325
A-2021-02-253;15:00.0;ATROPELLO;1;0;1;LIMA;LIMA;SAN LUIS;URBANA;AVENIDA;URBANO;NO CORRESPONDE;-12.081299;DESPEJADO;RESIDENCIAL;TRAMO RECTO;PLANA ;ASFALTADA;NULL;NULL;NULL;NULL;IMPRUDENCIA DEL PEATÓN;USO DE DISPOSITIVOS MÓVILES Y/O ELECTRÓNICOS;Avenida Canadá;10/2/2021;-76.994883
A-2021-02-285;40:00.0;CHOQUE FUGA;1;0;1;SAN MARTIN;MARISCAL CACERES;JUANJUI;RURAL;CARRETERA;NACIONAL;PE-5N;-7.191479;SOLEADO;RURAL;OTRO;PLANA ;AFIRMADO;NULL;NULL;NULL;NULL;EN PROCESO DE INVESTIGACIÓN;NO CUENTA CON CAUSA ESPECIFICA;Carretera Presidente Fernando Belaúnde Terry;10/2/2021;-76.733891
A-2021-02-88;30:00.0;CHOQUE;1;1;2;LA LIBERTAD;SANCHEZ CARRION;HUAMACHUCO;RURAL;AVENIDA;URBANO;NO CORRESPONDE;-7.81973;DESPEJADO;RURAL;TRAMO RECTO;PLANA ;AFIRMADO;NULL;NULL;NULL;NULL;EN PROCESO DE INVESTIGACIÓN;NO CUENTA CON CAUSA ESPECIFICA;Avenida El Ejército;10/2/2021;-78.028613
A-2021-02-99;30:00.0;DESPISTE;1;0;1;CUSCO;CHUMBIVILCAS;CAPACMARCA;RURAL;CARRETERA;DEPARTAMENTAL;CU-119;-13.974894;NUBLADO;RURAL;CURVA;PLANA ;AFIRMADO;NULL;NULL;NULL;NULL;IMPRUDENCIA DEL CONDUCTOR;FATIGA Y/O CANSANCIO;CU-119;10/2/2021;-71.962837
A-2021-02-279;35:00.0;CHOQUE;1;1;2;HUANUCO;HUANUCO;SAN FRANCISCO DE CAYRAN;RURAL;CARRETERA;PROVINCIAL;HU-1093;-9.978324;DESPEJADO;RURAL;SINUOSA;INCLINADA;AFIRMADO;NULL;NULL;NULL;NULL;IMPRUDENCIA DEL CONDUCTOR;EXCESO DE VELOCIDAD;HU-1093;11/2/2021;-76.272743
A-2021-02-47;00:00.0;DESPISTE;1;1;1;APURIMAC;GRAU;CURPAHUASI;RURAL;CARRETERA;PROVINCIAL;AP-883;-14.02735;DESPEJADO;RURAL;CURVA;INCLINADA;TROCHA;NULL;NULL;NULL;NULL;EN PROCESO DE INVESTIGACIÓN;NO CUENTA CON CAUSA ESPECIFICA;AP-883;11/2/2021;-72.607154
A-2021-02-50;25:00.0;CHOQUE;1;2;2;AREQUIPA;AREQUIPA;CERRO COLORADO;URBANA;OTRO;URBANO;NO CORRESPONDE;-16.323438;DESPEJADO;RESIDENCIAL;INTERSECCIÓN;PLANA ;ASFALTADA;SI;PREVENTIVA (P);PREVENTIVA (P);SI;IMPRUDENCIA DEL CONDUCTOR;NO ESTABLECER EL DERECHO DE PASO;Cono Norte;11/2/2021;-71.594112
A-2021-02-246;30:00.0;CHOQUE;1;0;2;CAJAMARCA;JAEN;PUCARA;URBANA;CARRETERA;NACIONAL;PE-3N;-6.041439;DESPEJADO;INDUSTRIAL;CURVA;INCLINADA;ASFALTADA;SI;PREVENTIVA (P);PREVENTIVA (P);NO;EN PROCESO DE INVESTIGACIÓN;NO CUENTA CON CAUSA ESPECIFICA;Pucará;11/2/2021;-79.125495
A-2021-02-63;20:00.0;VOLCADURA;1;13;1;CUSCO;PARURO;HUANOQUITE;RURAL;CARRETERA;DEPARTAMENTAL;CU-118;-13.682829;LLUVIOSO;RURAL;TRAMO RECTO;PLANA ;AFIRMADO;NULL;NULL;NULL;NULL;NEGLIGENCIA DEL CONDUCTOR;OTRO (NEGLIGENCIA DEL CONDUCTOR);CU-118;12/2/2021;-72.016059
A-2021-02-255;15:00.0;ATROPELLO;1;0;0;LIMA;LIMA;SAN MARTIN DE PORRES;URBANA;CARRETERA;NACIONAL;PE-20F;-11.954709;DESPEJADO;COMERCIAL;INTERSECCIÓN;PLANA ;ASFALTADA;NULL;NULL;NULL;NULL;EN PROCESO DE INVESTIGACIÓN;NO CUENTA CON CAUSA ESPECIFICA;Avenida Canta Callao;12/2/2021;-77.085102
A-2021-02-66;15:00.0;CHOQUE;1;0;2;AREQUIPA;ISLAY;PUNTA DE BOMBON;RURAL;CARRETERA;PROVINCIAL;AR-827;-17.158343;DESPEJADO;RURAL;OTRO;INCLINADA;ASFALTADA;SI;PREVENTIVA (P);PREVENTIVA (P);SI;IMPRUDENCIA DEL CONDUCTOR;INVASIÓN DE CARRIL;AR-827;12/2/2021;-71.793349
A-2021-02-244;50:00.0;CHOQUE;1;0;1;CALLAO;CALLAO;CALLAO;URBANA;AVENIDA;URBANO;NO CORRESPONDE;-12.055773;DESPEJADO;RESIDENCIAL;TRAMO RECTO;PLANA ;ASFALTADA;NULL;NULL;NULL;NULL;NEGLIGENCIA DEL CONDUCTOR;OTRO (NEGLIGENCIA DEL CONDUCTOR);Avenida Alfredo Palacios;12/2/2021;-77.121888
A-2021-02-79;20:00.0;ATROPELLO;1;0;0;CUSCO;CALCA;PISAC;URBANA;CARRETERA;DEPARTAMENTAL;CU-112;-13.40901;DESPEJADO;RESIDENCIAL;TRAMO RECTO;PLANA ;ASFALTADA;NULL;NULL;NULL;NULL;NEGLIGENCIA DEL CONDUCTOR;OTRO (NEGLIGENCIA DEL CONDUCTOR);CU-112;12/2/2021;-71.831073
A-2021-02-86;26:00.0;CHOQUE;1;0;2;LAMBAYEQUE;CHICLAYO;JOSE LEONARDO ORTIZ;RURAL;CARRETERA;DEPARTAMENTAL;LA-111;-6.745312;DESPEJADO;RURAL;TRAMO RECTO;PLANA ;ASFALTADA;SI;PREVENTIVA (P);PREVENTIVA (P);SI;IMPRUDENCIA DEL CONDUCTOR;EXCESO DE VELOCIDAD;Carretera Chiclayo - Picsi;12/2/2021;-79.80123
A-2021-02-258;00:00.0;ATROPELLO;1;0;0;LIMA;LIMA;EL AGUSTINO;URBANA;CARRETERA;NACIONAL;PE-1N;-12.030234;DESPEJADO;RESIDENCIAL;INTERSECCIÓN;PLANA ;ASFALTADA;NULL;NULL;NULL;NULL;IMPRUDENCIA DEL CONDUCTOR;EXCESO DE VELOCIDAD;Avenida Independencia;13/2/2021;-76.993545
A-2021-02-68;00:00.0;DESPISTE;1;0;1;ANCASH;POMABAMBA;QUINUABAMBA;RURAL;CARRETERA;PROVINCIAL;AN-585;-8.691887;NUBLADO;RURAL;SINUOSA;INCLINADA;TROCHA;NULL;NULL;NULL;NULL;IMPRUDENCIA DEL CONDUCTOR;OTRO (IMPRUDENCIA DEL CONDUCTOR);Quinuabamba;13/2/2021;-77.368241
A-2021-02-256;20:00.0;CHOQUE;1;2;NULL;LIMA;LIMA;VILLA EL SALVADOR;URBANA;AVENIDA;URBANO;NO CORRESPONDE;-12.199058;DESPEJADO;RESIDENCIAL;INTERSECCIÓN;PLANA ;ASFALTADA;NULL;NULL;NULL;NULL;IMPRUDENCIA DEL CONDUCTOR;EXCESO DE VELOCIDAD;Avenida El Sol;13/2/2021;-76.942014
A-2021-02-213;50:00.0;ATROPELLO;1;1;1;PUNO;CHUCUITO;JULI;RURAL;CARRETERA;NACIONAL;PE-3S;-16.21621;DESPEJADO;RURAL;TRAMO RECTO;PLANA ;ASFALTADA;NULL;NULL;NULL;NULL;IMPRUDENCIA DEL PEATÓN;OTRO (IMPRUDENCIA DEL PEATÓN);Carretera Longitudinal de la Sierra Sur;13/2/2021;-69.45559
A-2021-02-259;50:00.0;VOLCADURA;1;0;0;LIMA;LIMA;MIRAFLORES;URBANA;CALLE;URBANO;NO CORRESPONDE;-12.116941;DESPEJADO;RESIDENCIAL;INTERSECCIÓN;PLANA ;ASFALTADA;NULL;NULL;NULL;NULL;IMPRUDENCIA DEL CONDUCTOR;EXCESO DE VELOCIDAD;Calle Teniente Enrique Palacios;13/2/2021;-77.034714
A-2021-02-181;20:00.0;CHOQUE;1;2;0;SAN MARTIN;PICOTA;PICOTA;RURAL;CARRETERA;NACIONAL;PE-5N;-6.913362;DESPEJADO;RURAL;TRAMO RECTO;PLANA ;ASFALTADA;NULL;NULL;NULL;NULL;IMPRUDENCIA DEL CONDUCTOR;CONDUCIR EN ESTADO DE EBRIEDAD Y/O DROGADICCIÓN;Carretera Presidente Fernando Belaúnde Terry;13/2/2021;-76.332332
A-2021-02-91;00:00.0;ATROPELLO;1;0;1;LA LIBERTAD;TRUJILLO;HUANCHACO;RURAL;CARRETERA;NACIONAL;PE-1N;-8.012936;DESPEJADO;RURAL;TRAMO RECTO;PLANA ;AFIRMADO;NULL;NULL;NULL;NULL;IMPRUDENCIA DEL CONDUCTOR;CONDUCIR EN ESTADO DE EBRIEDAD Y/O DROGADICCIÓN;Carretera Panamericana Norte;13/2/2021;-79.071356
A-2021-02-257;40:00.0;ATROPELLO FUGA;1;0;0;LIMA;LIMA;CARABAYLLO;URBANA;AVENIDA;URBANO;NO CORRESPONDE;-11.861366;DESPEJADO;INDUSTRIAL;INTERSECCIÓN;PLANA ;ASFALTADA;NO;NULL;NULL;NO;IMPRUDENCIA DEL PEATÓN;CRUCE INDEBIDO POR LA CALZADA;Avenida José Saco Rojas;13/2/2021;-77.053572
A-2021-02-74;00:00.0;CHOQUE;1;0;2;PIURA;PIURA;PIURA;URBANA;OTRO;URBANO;NO CORRESPONDE;-5.182488;DESPEJADO;RESIDENCIAL;INTERSECCIÓN;PLANA ;ASFALTADA;SI;REGULADORA (R);REGULADORA (R);NO;IMPRUDENCIA DEL CONDUCTOR;EXCESO DE VELOCIDAD;Avenida Ramón Mugica;14/2/2021;-80.631347
A-2021-02-71;30:00.0;DESPISTE;1;0;1;APURIMAC;CHINCHEROS;ONGOY;RURAL;CARRETERA;PROVINCIAL;AP-527;-13.405828;DESPEJADO;RURAL;CURVA;INCLINADA;TROCHA;NULL;NULL;NULL;NULL;IMPRUDENCIA DEL CONDUCTOR;CONDUCIR EN ESTADO DE EBRIEDAD Y/O DROGADICCIÓN;Huamburque;14/2/2021;-73.604734
A-2021-02-273;30:00.0;VOLCADURA;1;0;1;PIURA;SULLANA;IGNACIO ESCUDERO;RURAL;CARRETERA;NACIONAL;PE-1N;-4.844995;DESPEJADO;RURAL;CURVA;PLANA ;ASFALTADA;NULL;NULL;NULL;NULL;EN PROCESO DE INVESTIGACIÓN;NO CUENTA CON CAUSA ESPECIFICA;Carretera Panamericana Norte;14/2/2021;-80.886653
A-2021-02-80;30:00.0;ESPECIAL;2;4;2;CAJAMARCA;CONTUMAZA;TANTARICA;RURAL;CARRETERA;NACIONAL;PE-08;-7.198244;SOLEADO;RURAL;CURVA;INCLINADA;ASFALTADA;SI;PREVENTIVA (P);NULL;SI;IMPRUDENCIA DEL CONDUCTOR;INVASIÓN DE CARRIL;Carretera Ciudad de Dios - Cajamarca;15/2/2021;-78.952394
A-2021-02-92;30:00.0;DESPISTE;1;0;1;LA LIBERTAD;PATAZ;HUANCASPATA;RURAL;CARRETERA;SIN CLASIFICAR;SIN CLASIFICAR;-8.459044;DESPEJADO;RURAL;TRAMO RECTO;PLANA ;AFIRMADO;NULL;NULL;NULL;NULL;EN PROCESO DE INVESTIGACIÓN;NO CUENTA CON CAUSA ESPECIFICA;Jirón 5 de Marzo;15/2/2021;-77.300349
A-2021-02-69;38:00.0;CAÍDA DE PASAJERO;1;0;0;AMAZONAS;UTCUBAMBA;CAJARURO;URBANA;CARRETERA;DEPARTAMENTAL;AM-102;-5.750702;SOLEADO;RURAL;CURVA;INCLINADA;ASFALTADA;NULL;NULL;NULL;NULL;EN PROCESO DE INVESTIGACIÓN;NO CUENTA CON CAUSA ESPECIFICA;AM-102;15/2/2021;-78.421472
A-2021-02-106;40:00.0;CHOQUE;6;3;2;PUNO;HUANCANE;TARACO;RURAL;CARRETERA;NACIONAL;PE-34H;-15.296805;DESPEJADO;RURAL;TRAMO RECTO;PLANA ;ASFALTADA;SI;INFORMATIVA (I);REGULADORA (R);SI;IMPRUDENCIA DEL CONDUCTOR;INVASIÓN DE CARRIL;PE-34H;16/2/2021;-69.969365
A-2021-02-261;00:00.0;CHOQUE;1;0;0;LIMA;LIMA;LIMA;URBANA;AVENIDA;URBANO;NO CORRESPONDE;-12.073431;DESPEJADO;RESIDENCIAL;INTERSECCIÓN;PLANA ;ASFALTADA;NULL;NULL;NULL;NULL;IMPRUDENCIA DEL CONDUCTOR;EXCESO DE VELOCIDAD;Calle Emilio Fernández;16/2/2021;-77.036197
A-2021-02-197;30:00.0;DESPISTE;1;0;1;HUANCAVELICA;ACOBAMBA;PAUCARA;RURAL;CARRETERA;DEPARTAMENTAL;HV-105;-12.769323;DESPEJADO;RURAL;SINUOSA;PLANA ;TROCHA;NULL;NULL;NULL;NULL;EN PROCESO DE INVESTIGACIÓN;NO CUENTA CON CAUSA ESPECIFICA;HV-105;16/2/2021;-74.734499
A-2021-02-85;30:00.0;ATROPELLO;1;0;1;JUNIN;HUANCAYO;VIQUES;URBANA;CARRETERA;NACIONAL;PE-3SZ;-12.157284;DESPEJADO;RESIDENCIAL;CURVA;PLANA ;ASFALTADA;NULL;NULL;NULL;NULL;EN PROCESO DE INVESTIGACIÓN;NO CUENTA CON CAUSA ESPECIFICA;PE-3SB;16/2/2021;-75.235697
A-2021-02-135;27:00.0;CHOQUE;1;1;2;JUNIN;JAUJA;ACOLLA;RURAL;CARRETERA;NACIONAL;PE-3SA;-11.708441;SOLEADO;RURAL;TRAMO RECTO;PLANA ;ASFALTADA;SI;REGULADORA (R);NULL;NO;EN PROCESO DE INVESTIGACIÓN;NO CUENTA CON CAUSA ESPECIFICA;Carretera Central Sur;16/2/2021;-75.556538
A-2021-02-144;10:00.0;ESPECIAL;1;1;3;AMAZONAS;BAGUA;BAGUA;RURAL;CARRETERA;DEPARTAMENTAL;AM-101;-5.633006;SOLEADO;RURAL;TRAMO RECTO;PLANA ;ASFALTADA;NULL;NULL;NULL;NULL;EN PROCESO DE INVESTIGACIÓN;NO CUENTA CON CAUSA ESPECIFICA;AM-101;16/2/2021;-78.555329
A-2021-02-110;30:00.0;DESPISTE;1;0;1;LAMBAYEQUE;LAMBAYEQUE;OLMOS;RURAL;CARRETERA;NACIONAL;PE-04B;-5.960593;DESPEJADO;RURAL;TRAMO RECTO;PLANA ;ASFALTADA;NULL;NULL;NULL;NULL;EN PROCESO DE INVESTIGACIÓN;NO CUENTA CON CAUSA ESPECIFICA;Carretera Interocéanica Norte;16/2/2021;-79.672984
A-2021-02-260;30:00.0;CHOQUE;1;0;NULL;LIMA;LIMA;LINCE;URBANA;AVENIDA;URBANO;NO CORRESPONDE;-12.08513;DESPEJADO;RESIDENCIAL;TRAMO RECTO;PLANA ;ASFALTADA;NULL;NULL;NULL;NULL;IMPRUDENCIA DEL CONDUCTOR;OTRO (IMPRUDENCIA DEL CONDUCTOR);Avenida Salaverry;16/2/2021;-77.04855
A-2021-02-82;15:00.0;CHOQUE;1;4;2;ICA;NASCA;VISTA ALEGRE;RURAL;CARRETERA;NACIONAL;PE-1S;-14.973866;DESPEJADO;RURAL;CURVA;PLANA ;ASFALTADA;SI;PREVENTIVA (P);INFORMATIVA (I);NO;IMPRUDENCIA DEL CONDUCTOR;INVASIÓN DE CARRIL;Carretera Panamericana Sur;17/2/2021;-74.988038
A-2021-02-242;10:00.0;CHOQUE FUGA;1;1;2;LAMBAYEQUE;CHICLAYO;PICSI;RURAL;CARRETERA;DEPARTAMENTAL;LA-111;-6.732341;DESPEJADO;RURAL;CURVA;PLANA ;ASFALTADA;NULL;NULL;NULL;NULL;EN PROCESO DE INVESTIGACIÓN;NO CUENTA CON CAUSA ESPECIFICA;Carretera Chiclayo - Picsi;17/2/2021;-79.785366
A-2021-02-195;35:00.0;CHOQUE;1;2;1;LORETO;MAYNAS;BELEN;URBANA;AVENIDA;URBANO;NO CORRESPONDE;-3.765741;SOLEADO;ESCOLAR;TRAMO RECTO;PLANA ;ASFALTADA;NULL;NULL;NULL;NULL;EN PROCESO DE INVESTIGACIÓN;NO CUENTA CON CAUSA ESPECIFICA;Avenida José Abelardo Quiñones;17/2/2021;-73.264421
A-2023-07-72;00:00.0;ATROPELLO;1;1;1;AREQUIPA;AREQUIPA;PAUCARPATA;URBANA;AVENIDA;URBANO;NO CORRESPONDE;-16.411762;DESPEJADO;RURAL;INTERSECCIÓN;INCLINADA;ASFALTADA;NULL;NULL;NULL;NULL;EN PROCESO DE INVESTIGACIÓN;NO CUENTA CON CAUSA ESPECIFICA;Paucarpata;24/7/2023;-71.508229
A-2023-07-186;00:00.0;DESPISTE;1;1;NULL;CAJAMARCA;CAJABAMBA;SITACOCHA;RURAL;CARRETERA;SIN CLASIFICAR;SIN CLASIFICAR;-7.503178;DESPEJADO;RURAL;TRAMO RECTO;PLANA ;AFIRMADO;NULL;NULL;NULL;NULL;EN PROCESO DE INVESTIGACIÓN;NO CUENTA CON CAUSA ESPECIFICA;Llucchubamba;24/7/2023;-77.97557
A-2023-07-44;00:00.0;CHOQUE;1;0;2;ICA;ICA;ICA;URBANA;CARRETERA;NACIONAL;PE-1S;-14.07675;DESPEJADO;RESIDENCIAL;INTERSECCIÓN;PLANA ;ASFALTADA;NULL;NULL;NULL;NULL;EN PROCESO DE INVESTIGACIÓN;NO CUENTA CON CAUSA ESPECIFICA;Avenida Los Maestros;24/7/2023;-75.738583
A-2023-07-34;49:00.0;CHOQUE;1;3;2;LIMA;HUAURA;VEGUETA;URBANA;CARRETERA;DEPARTAMENTAL;LM-101;-11.040971;DESPEJADO;RESIDENCIAL;TRAMO RECTO;PLANA ;ASFALTADA;NULL;NULL;NULL;NULL;IMPRUDENCIA DEL CONDUCTOR;CONDUCIR EN ESTADO DE EBRIEDAD Y/O DROGADICCIÓN;Antigua Panamericana Norte;24/7/2023;-77.603586
A-2023-07-67;50:00.0;CHOQUE;1;1;2;LA LIBERTAD;CHEPEN;PACANGA;RURAL;CARRETERA;NACIONAL;PE-1N;-7.118479;DESPEJADO;RURAL;TRAMO RECTO;PLANA ;ASFALTADA;NULL;NULL;NULL;NULL;IMPRUDENCIA DEL CONDUCTOR;ADELANTAR INDEBIDAMENTE;Carretera Panamericana Norte;24/7/2023;-79.488544
A-2023-07-77;40:00.0;ATROPELLO;1;0;1;LA LIBERTAD;TRUJILLO;TRUJILLO;URBANA;CARRETERA;PROVINCIAL;LI-1089;-8.139559;DESPEJADO;RURAL;TRAMO RECTO;PLANA ;ASFALTADA;NULL;NULL;NULL;NULL;IMPRUDENCIA DEL PEATÓN;OTRO (IMPRUDENCIA DEL PEATÓN);Calle Fundo Larrea;25/7/2023;-79.017167
A-2023-07-148;00:00.0;DESPISTE;1;0;NULL;LIMA;LIMA;EL AGUSTINO;URBANA;CARRETERA;NACIONAL;PE-1N;-12.030258;DESPEJADO;COMERCIAL;CURVA;PLANA ;ASFALTADA;SI;REGULADORA (R);NULL;NO;EN PROCESO DE INVESTIGACIÓN;NO CUENTA CON CAUSA ESPECIFICA;Puente Perú;25/7/2023;-76.993937
A-2023-07-149;30:00.0;ATROPELLO;1;0;NULL;LIMA;LIMA;CHORRILLOS;URBANA;AVENIDA;URBANO;NO CORRESPONDE;-12.192791;DESPEJADO;COMERCIAL;TRAMO RECTO;INCLINADA;ASFALTADA;NO;NULL;NULL;SI;EN PROCESO DE INVESTIGACIÓN;NO CUENTA CON CAUSA ESPECIFICA;Avenida Principal;25/7/2023;-77.01958
A-2023-07-38;50:00.0;DESPISTE;1;1;2;LIMA;HUAURA;SAYAN;RURAL;CARRETERA;PROVINCIAL;LM-659;-11.219214;DESPEJADO;RURAL;TRAMO RECTO;PLANA ;ASFALTADA;NULL;NULL;NULL;NULL;EN PROCESO DE INVESTIGACIÓN;NO CUENTA CON CAUSA ESPECIFICA;LM-659;25/7/2023;-77.407931
A-2023-07-62;10:00.0;CHOQUE FUGA;1;0;1;CUSCO;ESPINAR;PICHIGUA;RURAL;CARRETERA;NACIONAL;PE-34F;-14.690156;DESPEJADO;RURAL;TRAMO RECTO;PLANA ;ASFALTADA;NO;NULL;NULL;SI;EN PROCESO DE INVESTIGACIÓN;NO CUENTA CON CAUSA ESPECIFICA;Carretera Espinar - Sicuani;26/7/2023;-71.282743