CÓDIGO SINIESTRO;HORA SINIESTRO;CLASE SINIESTRO;CANTIDAD DE FALLECIDOS;CANTIDAD DE LESIONADOS;CANTIDAD DE VEHICULOS DAÑADOS;DEPARTAMENTO;PROVINCIA;DISTRITO;ZONA;TIPO DE VÍA;RED VIAL;COD CARRETERA;COORDENADAS LATITUD;CONDICIÓN CLIMÁTICA;ZONIFICACIÓN;CARACTERÍSTICAS DE VÍA;PERFIL LONGITUDINAL VÍA;SUPERFICIE DE CALZADA;¿EXISTE SEÑAL VERTICAL?;CLASIFICACIÓN DE LA SEÑAL VERTICAL Nº 1;CLASIFICACIÓN DE LA SEÑAL VERTICAL Nº 2;¿EXISTE SEÑAL HORIZONTAL?;CAUSA FACTOR PRINCIPAL;CAUSA ESPECÍFICA;UBICACION;FECHA SINIESTRO;COORDENADAS LONGITUD
A-2023-07-39;20:00.0;ATROPELLO FUGA;1;0;NULL;PUNO;CHUCUITO;JULI;RURAL;CARRETERA;DEPARTAMENTAL;PU-129;-16.230081;DESPEJADO;RURAL;TRAMO RECTO;PLANA ;ASFALTADA;NULL;NULL;NULL;NULL;EN PROCESO DE INVESTIGACIÓN;NO CUENTA CON CAUSA ESPECIFICA;PU-129;26/7/2023;-69.486051
A-2023-07-78;30:00.0;ATROPELLO;1;0;1;LA LIBERTAD;CHEPEN;CHEPEN;RURAL;CARRETERA;NACIONAL;PE-08;-7.304727;DESPEJADO;RURAL;TRAMO RECTO;PLANA ;ASFALTADA;NULL;NULL;NULL;NULL;EN PROCESO DE INVESTIGACIÓN;NO CUENTA CON CAUSA ESPECIFICA;Carretera Ciudad de Dios - Cajamarca;26/7/2023;-79.334895
A-2023-07-92;00:00.0;CHOQUE;1;0;NULL;PIURA;MORROPON;LA MATANZA;RURAL;CARRETERA;PROVINCIAL;PI-970;-5.22061;DESPEJADO;RESIDENCIAL;TRAMO RECTO;PLANA ;ASFALTADA;NULL;NULL;NULL;NULL;EN PROCESO DE INVESTIGACIÓN;NO CUENTA CON CAUSA ESPECIFICA;Avenida Faustino Sánchez Carrión;26/7/2023;-80.10604
A-2023-07-150;40:00.0;CHOQUE;1;0;NULL;LIMA;LIMA;CARABAYLLO;URBANA;AVENIDA;URBANO;NO CORRESPONDE;-11.885952;DESPEJADO;COMERCIAL;TRAMO RECTO;INCLINADA;ASFALTADA;NULL;NULL;NULL;NULL;EN PROCESO DE INVESTIGACIÓN;NO CUENTA CON CAUSA ESPECIFICA;Avenida Mariano Condorcanqui;26/7/2023;-77.035176
A-2023-07-49;30:00.0;CHOQUE;1;0;2;ANCASH;RECUAY;TICAPAMPA;RURAL;CARRETERA;DEPARTAMENTAL;AN-110;-9.688896;DESPEJADO;RURAL;TRAMO RECTO;PLANA ;ASFALTADA;SI;PREVENTIVA (P);NULL;SI;EN PROCESO DE INVESTIGACIÓN;NO CUENTA CON CAUSA ESPECIFICA;Túnel de Kahuish;26/7/2023;-77.252331
A-2023-07-53;35:00.0;ATROPELLO;1;0;1;CUSCO;ESPINAR;OCORURO;RURAL;CARRETERA;NACIONAL;PE-34J;-15.004788;DESPEJADO;RURAL;TRAMO RECTO;PLANA ;ASFALTADA;SI;REGULADORA (R);NULL;NO;EN PROCESO DE INVESTIGACIÓN;NO CUENTA CON CAUSA ESPECIFICA;PE-34J;26/7/2023;-71.163553
A-2023-07-40;45:00.0;CHOQUE;1;0;2;PUNO;PUNO;ACORA;RURAL;CARRETERA;NACIONAL;PE-3S;-16.047864;DESPEJADO;RURAL;TRAMO RECTO;PLANA ;TROCHA;NULL;NULL;NULL;NULL;IMPRUDENCIA DEL CONDUCTOR;OTRO (IMPRUDENCIA DEL CONDUCTOR);Carretera Longitudinal de la Sierra Sur;26/7/2023;-69.708915
A-2023-07-94;30:00.0;VOLCADURA;1;0;1;SAN MARTIN;MOYOBAMBA;CALZADA;RURAL;CARRETERA;NACIONAL;PE-5N;-6.041742;DESPEJADO;RURAL;TRAMO RECTO;PLANA ;ASFALTADA;SI;REGULADORA (R);REGULADORA (R);NO;IMPRUDENCIA DEL CONDUCTOR;OTRO (IMPRUDENCIA DEL CONDUCTOR);Carretera Presidente Fernando Belaúnde Terry;26/7/2023;-77.141574
A-2023-07-169;40:00.0;DESPISTE;2;1;1;AYACUCHO;HUANTA;UCHURACCAY;RURAL;CARRETERA;NACIONAL;PE-28B;-12.763619;NIEBLA;RURAL;CURVA;INCLINADA;ASFALTADA;SI;PREVENTIVA (P);NULL;NO;INFRAESTRUCTURA Y ENTORNO VIAL;FACTOR AMBIENTAL;PE-28B;26/7/2023;-74.004807
A-2023-07-90;00:00.0;CHOQUE;1;0;1;CALLAO;CALLAO;CALLAO;URBANA;AVENIDA;URBANO;NO CORRESPONDE;-12.048719;DESPEJADO;INDUSTRIAL;TRAMO RECTO;PLANA ;ASFALTADA;NULL;NULL;NULL;NULL;EN PROCESO DE INVESTIGACIÓN;NO CUENTA CON CAUSA ESPECIFICA;Calle La Planta;26/7/2023;-77.103841
A-2023-07-58;20:00.0;DESPISTE;1;0;1;CUSCO;LA CONVENCION;MARANURA;RURAL;CARRETERA;PROVINCIAL;CU-855;-12.92391;DESPEJADO;RURAL;TRAMO RECTO;INCLINADA;AFIRMADO;NULL;NULL;NULL;NULL;NEGLIGENCIA DEL CONDUCTOR;CONDUCIR CON FALLAS DE FRENOS;Maranura;27/7/2023;-72.653025
A-2023-07-152;10:00.0;DESPISTE;1;0;NULL;LIMA;LIMA;SAN JUAN DE MIRAFLORES;URBANA;CARRETERA;NACIONAL;PE-1S;-12.192105;DESPEJADO;COMERCIAL;CURVA;INCLINADA;ASFALTADA;NULL;NULL;NULL;NULL;EN PROCESO DE INVESTIGACIÓN;NO CUENTA CON CAUSA ESPECIFICA;Carretera Panamericana Sur;27/7/2023;-76.97263
A-2023-07-151;30:00.0;ATROPELLO FUGA;1;0;NULL;LIMA;LIMA;CARABAYLLO;URBANA;CALLE;URBANO;NO CORRESPONDE;-11.881944;DESPEJADO;RESIDENCIAL;TRAMO RECTO;PLANA ;ASFALTADA;NULL;NULL;NULL;NULL;EN PROCESO DE INVESTIGACIÓN;NO CUENTA CON CAUSA ESPECIFICA;Carabayllo;27/7/2023;-77.051944
A-2023-07-76;55:00.0;DESPISTE;1;1;1;AREQUIPA;CAYLLOMA;SAN ANTONIO DE CHUCA;RURAL;CARRETERA;NACIONAL;PE-34A;-15.761795;DESPEJADO;RURAL;CURVA;INCLINADA;ASFALTADA;NULL;NULL;NULL;NULL;EN PROCESO DE INVESTIGACIÓN;NO CUENTA CON CAUSA ESPECIFICA;Vía Interoceánica Sur - Tramo 5;27/7/2023;-70.989748
A-2023-07-155;30:00.0;DESPISTE;1;0;NULL;PIURA;PIURA;PIURA;URBANA;AVENIDA;URBANO;NO CORRESPONDE;-5.164166;DESPEJADO;RURAL;TRAMO RECTO;PLANA ;ASFALTADA;NULL;NULL;NULL;NULL;EN PROCESO DE INVESTIGACIÓN;NO CUENTA CON CAUSA ESPECIFICA;Avenida Raúl Mata de la Cruz;28/7/2023;-80.647215
A-2023-07-179;30:00.0;ATROPELLO FUGA;1;0;0;TACNA;TACNA;TACNA;RURAL;CARRETERA;PROVINCIAL;TA-645;-18.305434;DESPEJADO;RURAL;TRAMO RECTO;PLANA ;ASFALTADA;NULL;NULL;NULL;NULL;EN PROCESO DE INVESTIGACIÓN;NO CUENTA CON CAUSA ESPECIFICA;Carretera Escritos - Santa Rosa - Conchal;28/7/2023;-70.320481
A-2023-07-48;50:00.0;DESPISTE;1;5;1;LIMA;HUAURA;HUACHO;RURAL;CARRETERA;NACIONAL;PE-1N;-11.3995;DESPEJADO;RURAL;TRAMO RECTO;INCLINADA;ASFALTADA;NULL;NULL;NULL;NULL;EN PROCESO DE INVESTIGACIÓN;NO CUENTA CON CAUSA ESPECIFICA;Carretera Panamericana Norte;28/7/2023;-77.39173
A-2023-07-80;30:00.0;CHOQUE;1;0;1;LA LIBERTAD;SANCHEZ CARRION;HUAMACHUCO;RURAL;CARRETERA;NACIONAL;PE-3N;-7.811104;DESPEJADO;RURAL;TRAMO RECTO;PLANA ;ASFALTADA;NULL;NULL;NULL;NULL;IMPRUDENCIA DEL CONDUCTOR;OTRO (IMPRUDENCIA DEL CONDUCTOR);Avenida Vía de Evitamiento Norte;28/7/2023;-78.052838
A-2023-07-64;15:00.0;ATROPELLO;1;1;1;PUNO;PUNO;PUNO;URBANA;AVENIDA;URBANO;NO CORRESPONDE;-15.836013;DESPEJADO;COMERCIAL;INTERSECCIÓN;PLANA ;ASFALTADA;NULL;NULL;NULL;NULL;IMPRUDENCIA DEL CONDUCTOR;EXCESO DE VELOCIDAD;Avenida El Sol;28/7/2023;-70.023159
A-2023-07-79;15:00.0;DESPISTE;1;0;1;LA LIBERTAD;ASCOPE;SANTIAGO DE CAO;RURAL;CARRETERA;PROVINCIAL;LI-667;-7.962023;DESPEJADO;RURAL;INTERSECCIÓN;PLANA ;ASFALTADA;NULL;NULL;NULL;NULL;EN PROCESO DE INVESTIGACIÓN;NO CUENTA CON CAUSA ESPECIFICA;Carretera Chiquitoy - Santiago de Cao;28/7/2023;-79.217277
A-2023-07-160;20:00.0;CHOQUE CON OBJETO FIJO;1;3;NULL;HUANCAVELICA;TAYACAJA;ACOSTAMBO;RURAL;CARRETERA;NACIONAL;PE-3S;-12.378301;DESPEJADO;RURAL;CURVA;PLANA ;ASFALTADA;NULL;NULL;NULL;NULL;EN PROCESO DE INVESTIGACIÓN;NO CUENTA CON CAUSA ESPECIFICA;Carretera Longitudinal de la Sierra Sur;28/7/2023;-75.0486
A-2023-07-187;44:00.0;DESPISTE;1;1;1;CAJAMARCA;CONTUMAZA;YONAN;RURAL;CARRETERA;NACIONAL;PE-08;-7.252539;SOLEADO;RURAL;CURVA;PLANA ;ASFALTADA;NO;NULL;NULL;SI;IMPRUDENCIA DEL CONDUCTOR;EXCESO DE VELOCIDAD;Carretera Ciudad de Dios - Cajamarca;28/7/2023;-79.12464
A-2023-07-153;00:00.0;ATROPELLO FUGA;1;0;NULL;LIMA;LIMA;VILLA EL SALVADOR;URBANA;AVENIDA;URBANO;NO CORRESPONDE;-12.1963;DESPEJADO;ESCOLAR;TRAMO RECTO;INCLINADA;ASFALTADA;SI;INFORMATIVA (I);NULL;NO;EN PROCESO DE INVESTIGACIÓN;NO CUENTA CON CAUSA ESPECIFICA;Avenida Micaela Bastidas;29/7/2023;-76.953513
A-2023-07-63;30:00.0;DESPISTE;2;1;1;ANCASH;HUARAZ;OLLEROS;RURAL;CARRETERA;NACIONAL;PE-3N;-9.646265;DESPEJADO;RURAL;CURVA;INCLINADA;ASFALTADA;NO;NULL;NULL;SI;EN PROCESO DE INVESTIGACIÓN;NO CUENTA CON CAUSA ESPECIFICA;Carretera Longitudinal de la Sierra Norte;29/7/2023;-77.487232
A-2023-07-70;40:00.0;ATROPELLO;1;0;NULL;PUNO;PUNO;ACORA;RURAL;CARRETERA;NACIONAL;PE-3S;-16.012649;DESPEJADO;RURAL;TRAMO RECTO;PLANA ;ASFALTADA;NULL;NULL;NULL;NULL;IMPRUDENCIA DEL PEATÓN;CRUCE INDEBIDO POR LA CALZADA;Carretera Longitudinal de la Sierra Sur;29/7/2023;-69.751072
A-2023-07-81;30:00.0;DESPISTE;1;0;1;LA LIBERTAD;OTUZCO;SINSICAP;RURAL;CARRETERA;DEPARTAMENTAL;LI-110;-7.830512;DESPEJADO;RURAL;TRAMO RECTO;PLANA ;ASFALTADA;NULL;NULL;NULL;NULL;EN PROCESO DE INVESTIGACIÓN;NO CUENTA CON CAUSA ESPECIFICA;Carretera Sasual - San Ignacio;29/7/2023;-78.7186
A-2023-07-82;30:00.0;ATROPELLO;1;0;1;LA LIBERTAD;TRUJILLO;TRUJILLO;RURAL;AVENIDA;URBANO;NO CORRESPONDE;-8.092576;DESPEJADO;RURAL;INTERSECCIÓN;PLANA ;ASFALTADA;NULL;NULL;NULL;NULL;IMPRUDENCIA DEL CONDUCTOR;OTRO (IMPRUDENCIA DEL CONDUCTOR);Prolongación Miraflores;29/7/2023;-79.018023
A-2023-07-171;40:00.0;DESPISTE;1;5;1;AYACUCHO;CANGALLO;CANGALLO;RURAL;CARRETERA;PROVINCIAL;AY-990;-13.605859;DESPEJADO;RURAL;CURVA;INCLINADA;TROCHA;NULL;NULL;NULL;NULL;IMPRUDENCIA DEL CONDUCTOR;OTRO (IMPRUDENCIA DEL CONDUCTOR);AY-990;29/7/2023;-74.138744
A-2023-07-174;00:00.0;VOLCADURA;1;0;1;AYACUCHO;LA MAR;TAMBO;URBANA;CARRETERA;NACIONAL;PE-28B;-12.949695;DESPEJADO;RURAL;CURVA;INCLINADA;ASFALTADA;SI;PREVENTIVA (P);NULL;NO;NEGLIGENCIA DEL CONDUCTOR;CONDUCIR CON FALLAS DE FRENOS;PE-28B;29/7/2023;-74.017575
A-2023-07-93;50:00.0;CHOQUE;1;2;NULL;PIURA;PIURA;VEINTISEIS DE OCTUBRE;URBANA;OTRO;URBANO;NO CORRESPONDE;-5.183162;DESPEJADO;RURAL;INTERSECCIÓN;PLANA ;ASFALTADA;NULL;NULL;NULL;NULL;IMPRUDENCIA DEL CONDUCTOR;EXCESO DE VELOCIDAD;Pasaje 01;29/7/2023;-80.681037
A-2023-07-86;00:00.0;DESPISTE;1;2;1;LA LIBERTAD;OTUZCO;SALPO;RURAL;CARRETERA;NACIONAL;PE-10A;-7.991492;DESPEJADO;RURAL;TRAMO RECTO;PLANA ;ASFALTADA;NULL;NULL;NULL;NULL;IMPRUDENCIA DEL CONDUCTOR;OTRO (IMPRUDENCIA DEL CONDUCTOR);Carretera Trujillo - Huamachuco;29/7/2023;-78.660859
A-2023-07-154;30:00.0;CHOQUE;2;0;NULL;LIMA;LIMA;SANTIAGO DE SURCO;URBANA;CARRETERA;NACIONAL;PE-1S;-12.091023;DESPEJADO;COMERCIAL;TRAMO RECTO;PLANA ;ASFALTADA;NULL;NULL;NULL;NULL;EN PROCESO DE INVESTIGACIÓN;NO CUENTA CON CAUSA ESPECIFICA;Carretera Panamericana Sur;29/7/2023;-76.980921
A-2023-07-111;30:00.0;DESPISTE;13;17;NULL;PIURA;HUANCABAMBA;HUARMACA;RURAL;CARRETERA;NACIONAL;PE-04B;-5.88354;DESPEJADO;RURAL;CURVA;INCLINADA;ASFALTADA;SI;PREVENTIVA (P);NULL;NO;IMPRUDENCIA DEL CONDUCTOR;EXCESO DE VELOCIDAD;Carretera Interoceánica Norte;30/7/2023;-79.536794
A-2023-07-156;40:00.0;ATROPELLO;1;0;NULL;PIURA;SECHURA;SECHURA;RURAL;CARRETERA;NACIONAL;PE-1NK;-5.677236;DESPEJADO;RURAL;TRAMO RECTO;PLANA ;ASFALTADA;NULL;NULL;NULL;NULL;EN PROCESO DE INVESTIGACIÓN;NO CUENTA CON CAUSA ESPECIFICA;Antigua Carretera Panamericana Norte;30/7/2023;-80.849143
A-2023-07-188;50:00.0;VOLCADURA;2;0;1;CAJAMARCA;HUALGAYOC;HUALGAYOC;RURAL;CARRETERA;NACIONAL;PE-3N;-6.726774;DESPEJADO;RURAL;TRAMO RECTO;PLANA ;ASFALTADA;NO;NULL;NULL;SI;EN PROCESO DE INVESTIGACIÓN;NO CUENTA CON CAUSA ESPECIFICA;Carretera Longitudinal de la Sierra Norte;30/7/2023;-78.577094
A-2023-07-168;00:00.0;DESPISTE;5;5;1;AYACUCHO;VILCAS HUAMAN;ACCOMARCA;RURAL;CARRETERA;PROVINCIAL;AY-1035;-13.793413;DESPEJADO;RURAL;CURVA;PLANA ;AFIRMADO;NULL;NULL;NULL;NULL;IMPRUDENCIA DEL CONDUCTOR;OTRO (IMPRUDENCIA DEL CONDUCTOR);Punturco;30/7/2023;-73.84895
A-2023-07-110;30:00.0;CHOQUE;1;1;2;LORETO;MAYNAS;SAN JUAN BAUTISTA;RURAL;CARRETERA;DEPARTAMENTAL;LO-103;-3.831202;DESPEJADO;COMERCIAL;CURVA;INCLINADA;ASFALTADA;NO;NULL;NULL;SI;EN PROCESO DE INVESTIGACIÓN;NO CUENTA CON CAUSA ESPECIFICA;Carretera Iquitos - Nauta;30/7/2023;-73.328295
A-2023-07-84;30:00.0;DESPISTE;1;4;1;LA LIBERTAD;VIRU;VIRU;RURAL;CARRETERA;PROVINCIAL;LI-1122;-8.418799;DESPEJADO;RURAL;TRAMO RECTO;PLANA ;ASFALTADA;NULL;NULL;NULL;NULL;IMPRUDENCIA DEL CONDUCTOR;CONDUCIR EN ESTADO DE EBRIEDAD Y/O DROGADICCIÓN;Santa Elena;30/7/2023;-78.830143
A-2023-07-118;00:00.0;CHOQUE;1;0;1;PUNO;AZANGARO;ASILLO;RURAL;CARRETERA;NACIONAL;PE-34B;-14.722484;DESPEJADO;RURAL;TRAMO RECTO;PLANA ;ASFALTADA;NULL;NULL;NULL;NULL;IMPRUDENCIA DEL CONDUCTOR;EXCESO DE VELOCIDAD;Carretera Interoceánica Puno - Madre de Dios;30/7/2023;-70.3612
A-2023-07-89;45:00.0;CHOQUE;1;0;NULL;APURIMAC;ANDAHUAYLAS;SANTA MARIA DE CHICMO;RURAL;CARRETERA;NACIONAL;PE-3S;-13.652913;NULL;NULL;NULL;NULL;NULL;NULL;NULL;NULL;NULL;EN PROCESO DE INVESTIGACIÓN;NO CUENTA CON CAUSA ESPECIFICA;Carretera Longitudinal de la Sierra Sur;30/7/2023;-73.527599
A-2023-07-161;23:00.0;DESPISTE;1;0;1;HUANCAVELICA;TAYACAJA;PAMPAS;RURAL;CARRETERA;NACIONAL;PE-3S;-12.480327;DESPEJADO;RURAL;CURVA;PLANA ;ASFALTADA;NULL;NULL;NULL;NULL;EN PROCESO DE INVESTIGACIÓN;NO CUENTA CON CAUSA ESPECIFICA;Carretera Longitudinal de la Sierra Sur;30/7/2023;-74.823946
A-2023-07-166;00:00.0;ATROPELLO FUGA;1;0;NULL;JUNIN;JAUJA;SAUSA;URBANA;CARRETERA;NACIONAL;PE-3S;-11.789064;DESPEJADO;RURAL;TRAMO RECTO;PLANA ;ASFALTADA;NULL;NULL;NULL;NULL;EN PROCESO DE INVESTIGACIÓN;NO CUENTA CON CAUSA ESPECIFICA;Carretera Longitudinal de la Sierra Sur;31/7/2023;-75.477722
A-2023-07-95;40:00.0;ATROPELLO;1;0;NULL;SAN MARTIN;RIOJA;PARDO MIGUEL;URBANA;CARRETERA;NACIONAL;PE-5N;-5.688564;DESPEJADO;COMERCIAL;TRAMO RECTO;PLANA ;CASCAJO/RIPIO;NULL;NULL;NULL;NULL;IMPRUDENCIA DEL PEATÓN;OTRO (IMPRUDENCIA DEL PEATÓN);Carretera Presidente Fernando Belaúnde Terry;31/7/2023;-77.632204
A-2023-07-189;15:00.0;CAÍDA DE PASAJERO;1;1;2;CAJAMARCA;HUALGAYOC;HUALGAYOC;RURAL;CARRETERA;NACIONAL;PE-3N;-6.739208;DESPEJADO;RURAL;CURVA;INCLINADA;ASFALTADA;NO;NULL;NULL;SI;IMPRUDENCIA DEL CONDUCTOR;OTRO (IMPRUDENCIA DEL CONDUCTOR);Carretera Longitudinal de la Sierra Norte;31/7/2023;-78.576824
A-2023-07-115;00:00.0;DESPISTE;1;6;1;CUSCO;LA CONVENCION;HUAYOPATA;RURAL;CARRETERA;NACIONAL;PE-28B;-13.132637;DESPEJADO;RURAL;CURVA;INCLINADA;ASFALTADA;NULL;NULL;NULL;NULL;IMPRUDENCIA DEL CONDUCTOR;FATIGA Y/O CANSANCIO;PE-28B;31/7/2023;-72.313473
A-2023-07-172;00:00.0;DESPISTE;1;4;1;AYACUCHO;HUANTA;UCHURACCAY;URBANA;CARRETERA;NACIONAL;PE-28B;-12.763635;DESPEJADO;RESIDENCIAL;TRAMO RECTO;INCLINADA;ASFALTADA;SI;PREVENTIVA (P);NULL;NO;NEGLIGENCIA DEL CONDUCTOR;CONDUCIR CON FALLAS DE FRENOS;PE-28B;31/7/2023;-74.004845
A-2023-07-165;10:00.0;DESPISTE;2;6;NULL;JUNIN;JAUJA;PARCO;RURAL;CARRETERA;NACIONAL;PE-3S;-11.78372;DESPEJADO;RURAL;CURVA;PLANA ;ASFALTADA;SI;PREVENTIVA (P);NULL;SI;IMPRUDENCIA DEL CONDUCTOR;FATIGA Y/O CANSANCIO;Carretera Longitudinal de la Sierra Sur;31/7/2023;-75.57095
A-2023-07-87;50:00.0;CHOQUE;1;0;2;LA LIBERTAD;TRUJILLO;HUANCHACO;RURAL;AVENIDA;URBANO;NO CORRESPONDE;-8.09243;DESPEJADO;RURAL;TRAMO RECTO;PLANA ;ASFALTADA;NULL;NULL;NULL;NULL;IMPRUDENCIA DEL CONDUCTOR;OTRO (IMPRUDENCIA DEL CONDUCTOR);Huanchaquito Alto;31/7/2023;-79.088961
A-2023-08-68;30:00.0;ATROPELLO FUGA;1;0;NULL;PUNO;AZANGARO;POTONI;RURAL;CARRETERA;DEPARTAMENTAL;PU-139;-14.453074;DESPEJADO;RURAL;TRAMO RECTO;PLANA ;ASFALTADA;NULL;NULL;NULL;NULL;IMPRUDENCIA DEL CONDUCTOR;OTRO (IMPRUDENCIA DEL CONDUCTOR);Lurdes;1/8/2023;-70.091794
A-2023-08-85;10:00.0;CHOQUE;1;0;NULL;LIMA;LIMA;COMAS;URBANA;AVENIDA;URBANO;NO CORRESPONDE;-11.911112;DESPEJADO;COMERCIAL;TRAMO RECTO;PLANA ;ASFALTADA;SI;PREVENTIVA (P);NULL;SI;EN PROCESO DE INVESTIGACIÓN;NO CUENTA CON CAUSA ESPECIFICA;Avenida Universitaria;1/8/2023;-77.045611
A-2023-08-129;30:00.0;CHOQUE FUGA;1;0;NULL;JUNIN;YAULI;MOROCOCHA;RURAL;CARRETERA;NACIONAL;PE-22;-11.596974;SOLEADO;RURAL;CURVA;PLANA ;ASFALTADA;SI;PREVENTIVA (P);NULL;SI;IMPRUDENCIA DEL CONDUCTOR;OTRO (IMPRUDENCIA DEL CONDUCTOR);Carretera Central;2/8/2023;-76.184249
A-2023-08-1;00:00.0;DESPISTE;1;0;NULL;AREQUIPA;AREQUIPA;SOCABAYA;URBANA;CALLE;URBANO;NO CORRESPONDE;-16.455866;DESPEJADO;RURAL;TRAMO RECTO;INCLINADA;CASCAJO/RIPIO;NULL;NULL;NULL;NULL;EN PROCESO DE INVESTIGACIÓN;NO CUENTA CON CAUSA ESPECIFICA;Socabaya;2/8/2023;-71.514163
A-2023-08-121;20:00.0;CHOQUE;1;2;NULL;UCAYALI;CORONEL PORTILLO;CALLERIA;URBANA;AVENIDA;URBANO;NO CORRESPONDE;-8.390918;DESPEJADO;COMERCIAL;INTERSECCIÓN;PLANA ;ASFALTADA;NO;NULL;NULL;SI;IMPRUDENCIA DEL CONDUCTOR;EXCESO DE VELOCIDAD;Lloque Yupanqui;2/8/2023;-74.550855
A-2023-08-146;30:00.0;CHOQUE;2;3;2;ICA;NASCA;VISTA ALEGRE;RURAL;CARRETERA;NACIONAL;PE-30A;-14.860932;DESPEJADO;RURAL;CURVA;INCLINADA;ASFALTADA;NULL;NULL;NULL;NULL;IMPRUDENCIA DEL CONDUCTOR;INVASIÓN DE CARRIL;Carretera Nasca - Abancay;2/8/2023;-74.751047
A-2023-08-155;30:00.0;CHOQUE;1;1;2;CAJAMARCA;CHOTA;CHOTA;URBANA;CARRETERA;NACIONAL;PE-3N;-6.55318;DESPEJADO;RESIDENCIAL;TRAMO RECTO;PLANA ;ASFALTADA;NULL;NULL;NULL;NULL;IMPRUDENCIA DEL CONDUCTOR;CONDUCIR EN ESTADO DE EBRIEDAD Y/O DROGADICCIÓN;Carretera Longitudinal de la Sierra Norte;3/8/2023;-78.670308
A-2023-08-139;05:00.0;DESPISTE;1;0;1;AYACUCHO;HUAMANGA;TAMBILLO;RURAL;CARRETERA;PROVINCIAL;AY-759;-13.229184;DESPEJADO;RURAL;TRAMO RECTO;PLANA ;AFIRMADO;NULL;NULL;NULL;NULL;IMPRUDENCIA DEL CONDUCTOR;OTRO (IMPRUDENCIA DEL CONDUCTOR);Moscoccallpa;3/8/2023;-74.135973
A-2023-08-86;40:00.0;CHOQUE;1;0;NULL;LIMA;LIMA;VILLA EL SALVADOR;URBANA;AVENIDA;URBANO;NO CORRESPONDE;-12.195136;DESPEJADO;COMERCIAL;INTERSECCIÓN;INCLINADA;ASFALTADA;NULL;NULL;NULL;NULL;IMPRUDENCIA DEL CONDUCTOR;EXCESO DE VELOCIDAD;Avenida Pachacútec;4/8/2023;-76.934833
A-2023-08-5;00:00.0;CHOQUE;1;1;2;ICA;NASCA;EL INGENIO;RURAL;CARRETERA;NACIONAL;PE-1S;-14.783702;DESPEJADO;RURAL;TRAMO RECTO;PLANA ;ASFALTADA;NULL;NULL;NULL;NULL;EN PROCESO DE INVESTIGACIÓN;NO CUENTA CON CAUSA ESPECIFICA;Carretera Panamericana Sur;4/8/2023;-75.026913
A-2023-08-11;30:00.0;ATROPELLO FUGA;1;0;NULL;SAN MARTIN;MOYOBAMBA;JEPELACIO;RURAL;CARRETERA;NACIONAL;PE-5N;-6.147372;DESPEJADO;RURAL;CURVA;INCLINADA;ASFALTADA;SI;PREVENTIVA (P);REGULADORA (R);NO;EN PROCESO DE INVESTIGACIÓN;NO CUENTA CON CAUSA ESPECIFICA;Carretera Presidente Fernando Belaúnde Terry;4/8/2023;-76.841338
A-2023-08-69;45:00.0;CHOQUE;1;0;NULL;PUNO;HUANCANE;TARACO;RURAL;CARRETERA;NACIONAL;PE-34H;-15.288784;DESPEJADO;RURAL;TRAMO RECTO;PLANA ;ASFALTADA;NULL;NULL;NULL;NULL;IMPRUDENCIA DEL CONDUCTOR;INVASIÓN DE CARRIL;PE-34H;4/8/2023;-69.946553
A-2023-08-151;00:00.0;ATROPELLO;1;0;NULL;CALLAO;CALLAO;CALLAO;URBANA;AVENIDA;URBANO;NO CORRESPONDE;-12.055657;DESPEJADO;COMERCIAL;TRAMO RECTO;INCLINADA;ASFALTADA;NULL;NULL;NULL;NULL;IMPRUDENCIA DEL PEATÓN;OTRO (IMPRUDENCIA DEL PEATÓN);Avenida Alfredo Palacios;5/8/2023;-77.12197
A-2023-08-24;30:00.0;DESPISTE;1;4;1;LA LIBERTAD;TRUJILLO;LAREDO;RURAL;CARRETERA;NACIONAL;PE-10A;-8.054523;DESPEJADO;RURAL;TRAMO RECTO;PLANA ;ASFALTADA;NULL;NULL;NULL;NULL;EN PROCESO DE INVESTIGACIÓN;NO CUENTA CON CAUSA ESPECIFICA;Carretera Industrial;5/8/2023;-78.852755
A-2023-08-40;50:00.0;DESPISTE;3;0;1;CUSCO;ESPINAR;ESPINAR;RURAL;CARRETERA;NACIONAL;PE-3SG;-14.802238;DESPEJADO;RURAL;CURVA;INCLINADA;ASFALTADA;SI;REGULADORA (R);NULL;SI;IMPRUDENCIA DEL CONDUCTOR;FATIGA Y/O CANSANCIO;PE-3SG;5/8/2023;-71.350976
A-2023-08-153;00:00.0;ATROPELLO;1;0;1;CAJAMARCA;CHOTA;HUAMBOS;RURAL;CARRETERA;NACIONAL;PE-06A;-6.476687;DESPEJADO;RURAL;TRAMO RECTO;INCLINADA;ASFALTADA;NO;NULL;NULL;SI;IMPRUDENCIA DEL PEATÓN;CRUCE INDEBIDO POR LA CALZADA;PE-06A;5/8/2023;-78.925108
A-2023-08-159;30:00.0;DESPISTE;2;1;1;CAJAMARCA;JAEN;SAN JOSE DEL ALTO;RURAL;CARRETERA;SIN CLASIFICAR;SIN CLASIFICAR;-5.379255;DESPEJADO;RURAL;CURVA;INCLINADA;AFIRMADO;NULL;NULL;NULL;NULL;IMPRUDENCIA DEL CONDUCTOR;OTRO (IMPRUDENCIA DEL CONDUCTOR);San José del Alto;5/8/2023;-79.103661