CÓDIGO SINIESTRO;HORA SINIESTRO;CLASE SINIESTRO;CANTIDAD DE FALLECIDOS;CANTIDAD DE LESIONADOS;CANTIDAD DE VEHICULOS DAÑADOS;DEPARTAMENTO;PROVINCIA;DISTRITO;ZONA;TIPO DE VÍA;RED VIAL;COD CARRETERA;COORDENADAS LATITUD;CONDICIÓN CLIMÁTICA;ZONIFICACIÓN;CARACTERÍSTICAS DE VÍA;PERFIL LONGITUDINAL VÍA;SUPERFICIE DE CALZADA;¿EXISTE SEÑAL VERTICAL?;CLASIFICACIÓN DE LA SEÑAL VERTICAL Nº 1;CLASIFICACIÓN DE LA SEÑAL VERTICAL Nº 2;¿EXISTE SEÑAL HORIZONTAL?;CAUSA FACTOR PRINCIPAL;CAUSA ESPECÍFICA;UBICACION;FECHA SINIESTRO;COORDENADAS LONGITUD
A-2023-08-25;00:00.0;ATROPELLO FUGA;1;0;NULL;LA LIBERTAD;VIRU;CHAO;RURAL;CARRETERA;NACIONAL;PE-1N;-8.507165;DESPEJADO;RURAL;TRAMO RECTO;PLANA ;ASFALTADA;NULL;NULL;NULL;NULL;EN PROCESO DE INVESTIGACIÓN;NO CUENTA CON CAUSA ESPECIFICA;Panamericana Norte;5/8/2023;-78.68819
A-2023-08-8;25:00.0;CHOQUE;1;3;2;AREQUIPA;ISLAY;MOLLENDO;RURAL;CARRETERA;NACIONAL;PE-1SD;-16.997859;DESPEJADO;RURAL;TRAMO RECTO;PLANA ;ASFALTADA;SI;REGULADORA (R);NULL;NO;EN PROCESO DE INVESTIGACIÓN;NO CUENTA CON CAUSA ESPECIFICA;Autopista Costanera;5/8/2023;-72.03163
A-2023-08-36;28:00.0;CHOQUE;1;8;3;ICA;CHINCHA;CHINCHA ALTA;URBANA;CARRETERA;NACIONAL;PE-1S;-13.431535;DESPEJADO;COMERCIAL;TRAMO RECTO;PLANA ;ASFALTADA;NULL;NULL;NULL;NULL;IMPRUDENCIA DEL CONDUCTOR;INVASIÓN DE CARRIL;Antigua Carretera Panamericana Sur;5/8/2023;-76.134292
A-2023-08-37;40:00.0;DESPISTE;1;0;1;ICA;CHINCHA;EL CARMEN;RURAL;CARRETERA;PROVINCIAL;IC-519;-13.504739;DESPEJADO;RURAL;TRAMO RECTO;PLANA ;ASFALTADA;NULL;NULL;NULL;NULL;EN PROCESO DE INVESTIGACIÓN;NO CUENTA CON CAUSA ESPECIFICA;IC-519;5/8/2023;-76.06495
A-2023-08-154;30:00.0;DESPISTE;1;0;1;CAJAMARCA;CAJAMARCA;LOS BAÑOS DEL INCA;RURAL;CARRETERA;NACIONAL;PE-08B;-7.164963;DESPEJADO;RURAL;TRAMO RECTO;PLANA ;ASFALTADA;NO;NULL;NULL;SI;IMPRUDENCIA DEL CONDUCTOR;CONDUCIR EN ESTADO DE EBRIEDAD Y/O DROGADICCIÓN;PE-08B;6/8/2023;-78.473713
A-2023-08-71;30:00.0;ATROPELLO;1;0;1;PUNO;HUANCANE;HUANCANE;RURAL;CARRETERA;NACIONAL;PE-34H;-15.088072;DESPEJADO;RURAL;TRAMO RECTO;PLANA ;ASFALTADA;NULL;NULL;NULL;NULL;IMPRUDENCIA DEL PEATÓN;CRUCE INDEBIDO POR LA CALZADA;PE-34H;6/8/2023;-69.817338
A-2023-08-73;30:00.0;ATROPELLO;1;0;NULL;PUNO;SAN ROMAN;CARACOTO;RURAL;CARRETERA;NACIONAL;PE-3S;-15.631264;DESPEJADO;RURAL;TRAMO RECTO;PLANA ;ASFALTADA;NULL;NULL;NULL;NULL;IMPRUDENCIA DEL PEATÓN;CRUCE INDEBIDO POR LA CALZADA;Carretera Longitudinal de la Sierra Sur;6/8/2023;-70.086313
A-2023-08-72;00:00.0;ATROPELLO;1;0;NULL;PUNO;SAN ROMAN;CARACOTO;RURAL;CARRETERA;NACIONAL;PE-3S;-15.547885;DESPEJADO;RURAL;TRAMO RECTO;PLANA ;ASFALTADA;NULL;NULL;NULL;NULL;IMPRUDENCIA DEL PEATÓN;CRUCE INDEBIDO POR LA CALZADA;Carretera Longitudinal de la Sierra Sur;6/8/2023;-70.109486
A-2023-08-89;20:00.0;ATROPELLO;1;0;NULL;LIMA;LIMA;ATE;URBANA;AVENIDA;URBANO;NO CORRESPONDE;-12.05378;DESPEJADO;COMERCIAL;INTERSECCIÓN;PLANA ;ASFALTADA;NULL;NULL;NULL;NULL;EN PROCESO DE INVESTIGACIÓN;NO CUENTA CON CAUSA ESPECIFICA;Avenida Nicolás de Ayllón;6/8/2023;-76.962278
A-2023-08-145;50:00.0;ATROPELLO;1;0;NULL;JUNIN;JAUJA;MUQUI;URBANA;CARRETERA;NACIONAL;PE-3SB;-11.836149;DESPEJADO;RURAL;TRAMO RECTO;PLANA ;ASFALTADA;NO;NULL;NULL;SI;IMPRUDENCIA DEL PEATÓN;ESTADO DE EBRIEDAD Y/O DROGADICCIÓN;Carretera Central Margen Derecha;6/8/2023;-75.436345
A-2023-08-12;10:00.0;ATROPELLO;1;0;1;PUNO;PUNO;CHUCUITO;RURAL;CARRETERA;NACIONAL;PE-3S;-15.891885;DESPEJADO;RURAL;TRAMO RECTO;PLANA ;ASFALTADA;NULL;NULL;NULL;NULL;IMPRUDENCIA DEL PEATÓN;CRUCE INDEBIDO POR LA CALZADA;Carretera Longitudinal de la Sierra Sur;6/8/2023;-69.887601
A-2023-08-87;45:00.0;ATROPELLO FUGA;1;0;NULL;LIMA;LIMA;LOS OLIVOS;URBANA;CARRETERA;NACIONAL;PE-1N;-11.938314;DESPEJADO;COMERCIAL;TRAMO RECTO;PLANA ;ASFALTADA;NULL;NULL;NULL;NULL;EN PROCESO DE INVESTIGACIÓN;NO CUENTA CON CAUSA ESPECIFICA;Avenida Panamericana Norte;7/8/2023;-77.071641
A-2023-08-156;36:00.0;DESPISTE;1;1;1;CAJAMARCA;CAJAMARCA;LOS BAÑOS DEL INCA;RURAL;CARRETERA;NACIONAL;PE-08B;-7.164962;DESPEJADO;RURAL;TRAMO RECTO;PLANA ;ASFALTADA;NO;NULL;NULL;SI;IMPRUDENCIA DEL CONDUCTOR;CONDUCIR EN ESTADO DE EBRIEDAD Y/O DROGADICCIÓN;PE-08B;7/8/2023;-78.47728
A-2023-08-2;00:00.0;VOLCADURA;1;0;1;AREQUIPA;AREQUIPA;SACHACA;URBANA;CARRETERA;NACIONAL;PE-34A;-16.405845;DESPEJADO;COMERCIAL;ÓVALO;PLANA ;CONCRETO;NULL;NULL;NULL;NULL;EN PROCESO DE INVESTIGACIÓN;NO CUENTA CON CAUSA ESPECIFICA;PE-34A;7/8/2023;-71.588156
A-2023-08-130;10:00.0;ATROPELLO;1;0;NULL;JUNIN;HUANCAYO;PILCOMAYO;RURAL;CARRETERA;NACIONAL;PE-3SB;-12.038147;DESPEJADO;RURAL;TRAMO RECTO;PLANA ;ASFALTADA;SI;REGULADORA (R);NULL;SI;IMPRUDENCIA DEL PEATÓN;CRUCE INDEBIDO POR LA CALZADA;Carretera Central Margen Derecha;7/8/2023;-75.258643
A-2023-08-88;50:00.0;ATROPELLO;1;0;NULL;LIMA;LIMA;LURIN;RURAL;CARRETERA;NACIONAL;PE-1S;-12.254212;DESPEJADO;INDUSTRIAL;TRAMO RECTO;PLANA ;ASFALTADA;NULL;NULL;NULL;NULL;EN PROCESO DE INVESTIGACIÓN;NO CUENTA CON CAUSA ESPECIFICA;Carretera Panamericana Sur;7/8/2023;-76.924951
A-2023-08-6;30:00.0;CHOQUE;1;0;2;ICA;PISCO;TUPAC AMARU INCA;URBANA;CARRETERA;NACIONAL;PE-1S;-13.699091;DESPEJADO;COMERCIAL;TRAMO RECTO;PLANA ;ASFALTADA;NULL;NULL;NULL;NULL;IMPERICIA DEL CONDUCTOR;NULL;Antigua Carretera Panamericana Sur;7/8/2023;-76.151956
A-2023-08-9;40:00.0;ATROPELLO;1;0;1;AREQUIPA;AREQUIPA;MIRAFLORES;URBANA;OTRO;URBANO;NO CORRESPONDE;-16.393726;DESPEJADO;COMERCIAL;INTERSECCIÓN;INCLINADA;ASFALTADA;NULL;NULL;NULL;NULL;EN PROCESO DE INVESTIGACIÓN;NO CUENTA CON CAUSA ESPECIFICA;Avenida Prohogar;7/8/2023;-71.520921
A-2023-08-4;30:00.0;DESPISTE;6;3;1;AREQUIPA;CAYLLOMA;CHIVAY;RURAL;CARRETERA;DEPARTAMENTAL;AR-109;-15.679615;SOLEADO;RURAL;CURVA;INCLINADA;ASFALTADA;NULL;NULL;NULL;NULL;EN PROCESO DE INVESTIGACIÓN;NO CUENTA CON CAUSA ESPECIFICA;Carretera al Colca;7/8/2023;-71.588158
A-2023-08-74;00:00.0;ATROPELLO;1;0;1;PUNO;SAN ROMAN;SAN MIGUEL;RURAL;CARRETERA;NACIONAL;PE-3S;-15.477188;DESPEJADO;RURAL;TRAMO RECTO;PLANA ;ASFALTADA;NULL;NULL;NULL;NULL;IMPRUDENCIA DEL PEATÓN;CRUCE INDEBIDO POR LA CALZADA;Revolución;7/8/2023;-70.136523
A-2023-08-27;30:00.0;DESPISTE;2;2;1;CUSCO;LA CONVENCION;HUAYOPATA;RURAL;CARRETERA;NACIONAL;PE-28B;-13.136589;NIEBLA;RURAL;CURVA;INCLINADA;ASFALTADA;SI;PREVENTIVA (P);NULL;SI;IMPRUDENCIA DEL CONDUCTOR;OTRO (IMPRUDENCIA DEL CONDUCTOR);PE-28B;7/8/2023;-72.303553
A-2023-08-90;20:00.0;VOLCADURA;1;1;NULL;LIMA;LIMA;LIMA;URBANA;AVENIDA;URBANO;NO CORRESPONDE;-12.064086;DESPEJADO;COMERCIAL;CURVA;INCLINADA;ASFALTADA;NULL;NULL;NULL;NULL;EN PROCESO DE INVESTIGACIÓN;NO CUENTA CON CAUSA ESPECIFICA;Avenida 28 de Julio;7/8/2023;-77.035995
A-2023-08-157;00:00.0;CHOQUE;1;1;2;CAJAMARCA;CHOTA;CHOTA;URBANA;CARRETERA;NACIONAL;PE-3N;-6.568902;DESPEJADO;RURAL;TRAMO RECTO;PLANA ;ASFALTADA;NULL;NULL;NULL;NULL;IMPRUDENCIA DEL CONDUCTOR;OTRO (IMPRUDENCIA DEL CONDUCTOR);Carretera Longitudinal de la Sierra Norte;8/8/2023;-78.652678
A-2023-08-3;00:00.0;CHOQUE;3;1;2;AREQUIPA;AREQUIPA;YURA;RURAL;CARRETERA;NACIONAL;PE-34A;-16.089422;DESPEJADO;RESIDENCIAL;CURVA;INCLINADA;ASFALTADA;NULL;NULL;NULL;NULL;EN PROCESO DE INVESTIGACIÓN;NO CUENTA CON CAUSA ESPECIFICA;Vía Interoceánica Sur - Tramo 5;8/8/2023;-71.599746
A-2023-08-13;10:00.0;CHOQUE;1;0;2;PUNO;CHUCUITO;DESAGUADERO;RURAL;CARRETERA;NACIONAL;PE-36A;-16.576806;DESPEJADO;RURAL;TRAMO RECTO;PLANA ;ASFALTADA;NULL;NULL;NULL;NULL;IMPRUDENCIA DEL CONDUCTOR;GIRAR IMPRUDENTEMENTE;PE-36A;8/8/2023;-69.052344
A-2023-08-10;25:00.0;CHOQUE;1;8;3;AREQUIPA;AREQUIPA;LA JOYA;RURAL;CARRETERA;DEPARTAMENTAL;AR-115;-16.542205;DESPEJADO;RURAL;TRAMO RECTO;PLANA ;ASFALTADA;NULL;NULL;NULL;NULL;EN PROCESO DE INVESTIGACIÓN;NO CUENTA CON CAUSA ESPECIFICA;Carretera Cerro Verde;8/8/2023;-71.710396
A-2023-08-15;00:00.0;DESPISTE;1;1;1;PUNO;CHUCUITO;JULI;RURAL;CARRETERA;NACIONAL;PE-38A;-16.366658;DESPEJADO;RURAL;CURVA;PLANA ;ASFALTADA;NULL;NULL;NULL;NULL;INFRAESTRUCTURA Y ENTORNO VIAL;OBRAS TEMPORALES;Carretera Mazocruz - Ilave;9/8/2023;-69.648655
A-2023-08-50;00:00.0;ATROPELLO FUGA;1;0;NULL;LA LIBERTAD;TRUJILLO;LA ESPERANZA;URBANA;AVENIDA;URBANO;NO CORRESPONDE;-8.062354;DESPEJADO;RURAL;INTERSECCIÓN;PLANA ;ASFALTADA;NULL;NULL;NULL;NULL;EN PROCESO DE INVESTIGACIÓN;NO CUENTA CON CAUSA ESPECIFICA;Avenida José Gabriel Condorcanqui;9/8/2023;-79.052461
A-2023-08-7;00:00.0;ATROPELLO;1;0;1;ICA;ICA;ICA;URBANA;CARRETERA;NACIONAL;PE-1S;-14.065312;DESPEJADO;COMERCIAL;TRAMO RECTO;PLANA ;ASFALTADA;NULL;NULL;NULL;NULL;IMPRUDENCIA DEL PEATÓN;CRUCE INDEBIDO POR LA CALZADA;Carretera Panamericana Sur;9/8/2023;-75.740559
A-2023-08-26;30:00.0;DESPISTE;1;0;1;LA LIBERTAD;OTUZCO;SALPO;RURAL;CARRETERA;NACIONAL;PE-10A;-7.992525;DESPEJADO;RURAL;TRAMO RECTO;PLANA ;ASFALTADA;NULL;NULL;NULL;NULL;IMPRUDENCIA DEL CONDUCTOR;OTRO (IMPRUDENCIA DEL CONDUCTOR);Carretera Trujillo - Huamachuco;9/8/2023;-78.672074
A-2023-08-131;05:00.0;ATROPELLO;1;0;NULL;JUNIN;HUANCAYO;EL TAMBO;URBANA;AVENIDA;URBANO;NO CORRESPONDE;-12.06247;DESPEJADO;COMERCIAL;INTERSECCIÓN;PLANA ;ASFALTADA;SI;REGULADORA (R);NULL;SI;IMPRUDENCIA DEL PEATÓN;DESACATO DE SEÑAL DE TRÁNSITO;Jirón Los Bosques;9/8/2023;-75.226215
A-2023-08-91;15:00.0;CHOQUE;1;0;NULL;LIMA;LIMA;LA VICTORIA;URBANA;AVENIDA;URBANO;NO CORRESPONDE;-12.065918;DESPEJADO;COMERCIAL;INTERSECCIÓN;PLANA ;ASFALTADA;NO;NULL;NULL;SI;IMPRUDENCIA DEL CONDUCTOR;OTRO (IMPRUDENCIA DEL CONDUCTOR);Jirón Humboldt;9/8/2023;-77.028947
A-2023-08-92;10:00.0;ATROPELLO;1;0;NULL;LIMA;LIMA;CARABAYLLO;URBANA;AVENIDA;URBANO;NO CORRESPONDE;-11.880959;DESPEJADO;RESIDENCIAL;TRAMO RECTO;PLANA ;ASFALTADA;NULL;NULL;NULL;NULL;EN PROCESO DE INVESTIGACIÓN;NO CUENTA CON CAUSA ESPECIFICA;Avenida Camino Real;9/8/2023;-77.023938
A-2023-08-82;00:00.0;DESPISTE;1;0;NULL;PIURA;PIURA;PIURA;URBANA;AVENIDA;URBANO;NO CORRESPONDE;-5.149425;DESPEJADO;RURAL;TRAMO RECTO;PLANA ;ASFALTADA;NULL;NULL;NULL;NULL;IMPRUDENCIA DEL CONDUCTOR;EXCESO DE VELOCIDAD;PI-519;10/8/2023;-80.661211
A-2023-08-47;00:00.0;DESPISTE;2;1;1;CUSCO;CHUMBIVILCAS;COLQUEMARCA;RURAL;CARRETERA;PROVINCIAL;CU-119B;-14.235585;DESPEJADO;RURAL;CURVA;PLANA ;AFIRMADO;NULL;NULL;NULL;NULL;IMPRUDENCIA DEL CONDUCTOR;EXCESO DE VELOCIDAD;Colquemarca;10/8/2023;-72.013761
A-2023-08-158;30:00.0;DESPISTE;1;1;1;CAJAMARCA;CAJAMARCA;CAJAMARCA;URBANA;CARRETERA;NACIONAL;PE-3N;-6.948974;DESPEJADO;RESIDENCIAL;CURVA;INCLINADA;ASFALTADA;SI;PREVENTIVA (P);NULL;SI;NEGLIGENCIA DEL CONDUCTOR;CONDUCIR CON FALLAS DE FRENOS;Carretera Longitudinal de la Sierra Norte;10/8/2023;-78.587531
A-2023-08-51;00:00.0;ATROPELLO;1;0;1;LA LIBERTAD;TRUJILLO;SALAVERRY;RURAL;CARRETERA;NACIONAL;PE-1N;-8.185764;DESPEJADO;RURAL;TRAMO RECTO;PLANA ;ASFALTADA;NULL;NULL;NULL;NULL;EN PROCESO DE INVESTIGACIÓN;NO CUENTA CON CAUSA ESPECIFICA;Panamericana Norte;10/8/2023;-78.982885
A-2023-08-19;30:00.0;ATROPELLO FUGA;1;1;1;AREQUIPA;CAYLLOMA;MAJES;RURAL;CARRETERA;SIN CLASIFICAR;SIN CLASIFICAR;-16.32006;DESPEJADO;RURAL;TRAMO RECTO;PLANA ;ASFALTADA;NULL;NULL;NULL;NULL;EN PROCESO DE INVESTIGACIÓN;NO CUENTA CON CAUSA ESPECIFICA;B1;10/8/2023;-72.226962
A-2023-08-46;13:00.0;ATROPELLO;1;0;NULL;TUMBES;ZARUMILLA;AGUAS VERDES;URBANA;CARRETERA;NACIONAL;PE-1N;-3.48569;DESPEJADO;RURAL;TRAMO RECTO;PLANA ;ASFALTADA;NULL;NULL;NULL;NULL;IMPRUDENCIA DEL PEATÓN;ESTADO DE EBRIEDAD Y/O DROGADICCIÓN;Carretera Panamericana Norte;10/8/2023;-80.260952
A-2023-08-34;30:00.0;DESPISTE;1;0;1;ANCASH;RECUAY;CATAC;RURAL;CARRETERA;NACIONAL;PE-3N;-9.802839;DESPEJADO;RURAL;TRAMO RECTO;PLANA ;CONCRETO;NULL;NULL;NULL;NULL;IMPERICIA DEL CONDUCTOR;NULL;Carretera Longitudinal de la Sierra Norte;10/8/2023;-77.434473
A-2023-08-93;25:00.0;ATROPELLO;1;0;NULL;LIMA;LIMA;BREÑA;URBANA;AVENIDA;URBANO;NO CORRESPONDE;-12.06113;DESPEJADO;COMERCIAL;INTERSECCIÓN;PLANA ;ASFALTADA;SI;INFORMATIVA (I);NULL;SI;EN PROCESO DE INVESTIGACIÓN;NO CUENTA CON CAUSA ESPECIFICA;Jirón Castrovirreyna;11/8/2023;-77.058926
A-2023-08-122;00:00.0;DESPISTE;2;2;1;HUANCAVELICA;ANGARAES;SECCLLA;RURAL;CARRETERA;NACIONAL;PE-26B;-13.056297;DESPEJADO;RURAL;CURVA;PLANA ;ASFALTADA;NULL;NULL;NULL;NULL;EN PROCESO DE INVESTIGACIÓN;NO CUENTA CON CAUSA ESPECIFICA;PE-26B;11/8/2023;-74.474483
A-2023-08-41;41:00.0;ATROPELLO;1;1;1;CUSCO;QUISPICANCHI;HUARO;URBANA;CARRETERA;NACIONAL;PE-3S;-13.681952;DESPEJADO;COMERCIAL;TRAMO RECTO;INCLINADA;ASFALTADA;SI;PREVENTIVA (P);NULL;SI;IMPRUDENCIA DEL CONDUCTOR;EXCESO DE VELOCIDAD;Carretera Longitudinal de la Sierra Sur;11/8/2023;-71.656624
A-2023-08-16;07:00.0;VOLCADURA;1;0;1;SAN MARTIN;MOYOBAMBA;MOYOBAMBA;RURAL;CARRETERA;NACIONAL;PE-5N;-6.048827;DESPEJADO;RURAL;TRAMO RECTO;PLANA ;ASFALTADA;NO;NULL;NULL;NO;IMPRUDENCIA DEL CONDUCTOR;OTRO (IMPRUDENCIA DEL CONDUCTOR);Carretera Presidente Fernando Belaúnde Terry;12/8/2023;-77.041165
A-2023-08-123;00:00.0;ATROPELLO;1;0;NULL;HUANCAVELICA;HUANCAVELICA;VILCA;RURAL;CARRETERA;DEPARTAMENTAL;HV-110;-12.512357;DESPEJADO;RURAL;CURVA;INCLINADA;TROCHA;NULL;NULL;NULL;NULL;IMPRUDENCIA DEL PEATÓN;ESTADO DE EBRIEDAD Y/O DROGADICCIÓN;HV-110;12/8/2023;-75.196236
A-2023-08-52;30:00.0;DESPISTE;1;0;1;LIMA;HUAURA;HUACHO;RURAL;CARRETERA;NACIONAL;PE-1N;-11.1954;DESPEJADO;RURAL;TRAMO RECTO;PLANA ;ASFALTADA;NULL;NULL;NULL;NULL;IMPRUDENCIA DEL CONDUCTOR;CONDUCIR EN ESTADO DE EBRIEDAD Y/O DROGADICCIÓN;Carretera Panamericana Norte;12/8/2023;-77.56842
A-2023-08-28;00:00.0;CHOQUE;1;0;2;ICA;NASCA;NASCA;URBANA;CARRETERA;NACIONAL;PE-1S;-14.839423;DESPEJADO;COMERCIAL;TRAMO RECTO;PLANA ;ASFALTADA;SI;INFORMATIVA (I);NULL;NO;EN PROCESO DE INVESTIGACIÓN;NO CUENTA CON CAUSA ESPECIFICA;Carretera Panamericana Sur;12/8/2023;-74.942324
A-2023-08-53;00:00.0;CHOQUE;1;0;2;LA LIBERTAD;TRUJILLO;HUANCHACO;URBANA;CARRETERA;NACIONAL;PE-1N;-8.032971;DESPEJADO;COMERCIAL;TRAMO RECTO;PLANA ;ASFALTADA;NULL;NULL;NULL;NULL;IMPRUDENCIA DEL CONDUCTOR;CONDUCIR EN ESTADO DE EBRIEDAD Y/O DROGADICCIÓN;Carretera Panamericana Norte;13/8/2023;-79.080467
A-2023-08-14;00:00.0;DESPISTE;2;0;1;AREQUIPA;CAYLLOMA;YANQUE;RURAL;CARRETERA;DEPARTAMENTAL;AR-109;-15.649088;DESPEJADO;RURAL;CURVA;INCLINADA;ASFALTADA;NO;NULL;NULL;SI;EN PROCESO DE INVESTIGACIÓN;NO CUENTA CON CAUSA ESPECIFICA;Carretera al Colca;13/8/2023;-71.644626
A-2023-08-29;00:00.0;DESPISTE;3;2;1;AYACUCHO;LUCANAS;OTOCA;RURAL;CARRETERA;DEPARTAMENTAL;AY-112;-14.518666;NUBLADO;RURAL;SINUOSA;PLANA ;TROCHA;NULL;NULL;NULL;NULL;EN PROCESO DE INVESTIGACIÓN;NO CUENTA CON CAUSA ESPECIFICA;AY-112;13/8/2023;-74.751943
A-2023-08-54;40:00.0;ATROPELLO FUGA;1;0;NULL;LA LIBERTAD;PACASMAYO;GUADALUPE;RURAL;CARRETERA;NACIONAL;PE-1N;-7.310491;DESPEJADO;RURAL;TRAMO RECTO;PLANA ;ASFALTADA;NULL;NULL;NULL;NULL;EN PROCESO DE INVESTIGACIÓN;NO CUENTA CON CAUSA ESPECIFICA;Carretera Panamericana Norte;13/8/2023;-79.480824
A-2023-08-94;00:00.0;CHOQUE;1;0;NULL;LIMA;LIMA;ATE;URBANA;CARRETERA;NACIONAL;PE-22;-12.011613;DESPEJADO;COMERCIAL;TRAMO RECTO;INCLINADA;ASFALTADA;NULL;NULL;NULL;NULL;EN PROCESO DE INVESTIGACIÓN;NO CUENTA CON CAUSA ESPECIFICA;Carretera Central;13/8/2023;-76.876304
A-2023-08-124;50:00.0;ATROPELLO FUGA;1;0;NULL;HUANCAVELICA;HUANCAVELICA;HUANCAVELICA;URBANA;CARRETERA;NACIONAL;PE-26;-12.78587;SOLEADO;RESIDENCIAL;TRAMO RECTO;PLANA ;CONCRETO;NULL;NULL;NULL;NULL;EN PROCESO DE INVESTIGACIÓN;NO CUENTA CON CAUSA ESPECIFICA;Avenida Andrés Avelino Cáceres;13/8/2023;-74.985305
A-2023-08-17;50:00.0;ATROPELLO;1;0;1;SAN MARTIN;MOYOBAMBA;MOYOBAMBA;RURAL;CARRETERA;NACIONAL;PE-5N;-6.045614;DESPEJADO;RURAL;TRAMO RECTO;PLANA ;ASFALTADA;NULL;NULL;NULL;NULL;IMPRUDENCIA DEL PEATÓN;OTRO (IMPRUDENCIA DEL PEATÓN);Carretera Presidente Fernando Belaúnde Terry;13/8/2023;-76.957233
A-2023-08-95;00:00.0;ATROPELLO;1;0;NULL;LIMA;LIMA;LA VICTORIA;URBANA;JIRÓN;URBANO;NO CORRESPONDE;-12.060712;DESPEJADO;COMERCIAL;TRAMO RECTO;PLANA ;ASFALTADA;NULL;NULL;NULL;NULL;EN PROCESO DE INVESTIGACIÓN;NO CUENTA CON CAUSA ESPECIFICA;Jirón Prolongación Andahuaylas;14/8/2023;-77.026471
A-2023-08-76;30:00.0;ATROPELLO FUGA;1;0;NULL;PUNO;LAMPA;CALAPUJA;RURAL;CARRETERA;NACIONAL;PE-3S;-15.280085;SOLEADO;RURAL;TRAMO RECTO;PLANA ;ASFALTADA;NULL;NULL;NULL;NULL;IMPRUDENCIA DEL CONDUCTOR;OTRO (IMPRUDENCIA DEL CONDUCTOR);Carretera Longitudinal de la Sierra Sur;14/8/2023;-70.258357
A-2023-08-160;10:00.0;ATROPELLO FUGA;1;0;1;CAJAMARCA;CAJAMARCA;CAJAMARCA;URBANA;AVENIDA;URBANO;NO CORRESPONDE;-7.171606;DESPEJADO;ESCOLAR;TRAMO RECTO;PLANA ;CONCRETO;NULL;NULL;NULL;NULL;EN PROCESO DE INVESTIGACIÓN;NO CUENTA CON CAUSA ESPECIFICA;Avenida San Martín de Porres;14/8/2023;-78.501138
A-2023-08-132;00:00.0;ATROPELLO;2;0;NULL;JUNIN;HUANCAYO;HUANCAN;URBANA;PASAJE;URBANO;NO CORRESPONDE;-12.104998;DESPEJADO;RURAL;INTERSECCIÓN;PLANA ;TROCHA;NULL;NULL;NULL;NULL;IMPRUDENCIA DEL PEATÓN;OTRO (IMPRUDENCIA DEL PEATÓN);Huancán;14/8/2023;-75.189626
A-2023-08-96;30:00.0;CHOQUE;1;0;NULL;LIMA;LIMA;VILLA MARIA DEL TRIUNFO;URBANA;AVENIDA;URBANO;NO CORRESPONDE;-12.196764;DESPEJADO;RESIDENCIAL;INTERSECCIÓN;INCLINADA;ASFALTADA;NULL;NULL;NULL;NULL;EN PROCESO DE INVESTIGACIÓN;NO CUENTA CON CAUSA ESPECIFICA;Avenida Mariscal José La Mar;14/8/2023;-76.931028
A-2023-08-55;30:00.0;ATROPELLO;1;0;1;LA LIBERTAD;TRUJILLO;TRUJILLO;URBANA;AVENIDA;URBANO;NO CORRESPONDE;-8.088122;DESPEJADO;COMERCIAL;TRAMO RECTO;PLANA ;ASFALTADA;NULL;NULL;NULL;NULL;EN PROCESO DE INVESTIGACIÓN;NO CUENTA CON CAUSA ESPECIFICA;Avenida José Gabriel Condorcanqui;16/8/2023;-79.042175
A-2023-08-97;40:00.0;CHOQUE;1;0;NULL;LIMA;LIMA;EL AGUSTINO;URBANA;CARRETERA;NACIONAL;PE-1N;-12.032796;DESPEJADO;COMERCIAL;TRAMO RECTO;PLANA ;ASFALTADA;SI;PREVENTIVA (P);NULL;NO;EN PROCESO DE INVESTIGACIÓN;NO CUENTA CON CAUSA ESPECIFICA;Vía de Evitamiento;16/8/2023;-77.006868
A-2023-08-42;00:00.0;ATROPELLO FUGA;1;0;NULL;CUSCO;ANTA;ANTA;RURAL;CARRETERA;DEPARTAMENTAL;CU-110;-13.453967;DESPEJADO;RURAL;TRAMO RECTO;PLANA ;AFIRMADO;NULL;NULL;NULL;NULL;IMPRUDENCIA DEL PEATÓN;ESTADO DE EBRIEDAD Y/O DROGADICCIÓN;CU-110;17/8/2023;-72.172408
A-2023-08-98;45:00.0;ATROPELLO;1;0;NULL;LIMA;LIMA;CHORRILLOS;URBANA;AVENIDA;URBANO;NO CORRESPONDE;-12.169081;DESPEJADO;COMERCIAL;TRAMO RECTO;PLANA ;ASFALTADA;SI;REGULADORA (R);NULL;SI;EN PROCESO DE INVESTIGACIÓN;NO CUENTA CON CAUSA ESPECIFICA;Avenida Defensores del Morro;17/8/2023;-77.024167
A-2023-08-149;55:00.0;CHOQUE;1;1;2;TACNA;TACNA;CORONEL GREGORIO ALBARRACIN LANCHIPA;URBANA;AVENIDA;URBANO;NO CORRESPONDE;-18.063487;DESPEJADO;RESIDENCIAL;TRAMO RECTO;PLANA ;ASFALTADA;NULL;NULL;NULL;NULL;IMPRUDENCIA DEL CONDUCTOR;DESACATO DE SEÑAL DE TRÁNSITO;Avenida Soldado Estanislao Cóndor;17/8/2023;-70.244533