CÓDIGO SINIESTRO;HORA SINIESTRO;CLASE SINIESTRO;CANTIDAD DE FALLECIDOS;CANTIDAD DE LESIONADOS;CANTIDAD DE VEHICULOS DAÑADOS;DEPARTAMENTO;PROVINCIA;DISTRITO;ZONA;TIPO DE VÍA;RED VIAL;COD CARRETERA;COORDENADAS LATITUD;CONDICIÓN CLIMÁTICA;ZONIFICACIÓN;CARACTERÍSTICAS DE VÍA;PERFIL LONGITUDINAL VÍA;SUPERFICIE DE CALZADA;¿EXISTE SEÑAL VERTICAL?;CLASIFICACIÓN DE LA SEÑAL VERTICAL Nº 1;CLASIFICACIÓN DE LA SEÑAL VERTICAL Nº 2;¿EXISTE SEÑAL HORIZONTAL?;CAUSA FACTOR PRINCIPAL;CAUSA ESPECÍFICA;UBICACION;FECHA SINIESTRO;COORDENADAS LONGITUD
A-2023-08-35;00:00.0;DESPISTE;1;0;1;ANCASH;ANTONIO RAYMONDI;LLAMELLIN;RURAL;CARRETERA;DEPARTAMENTAL;AN-108;-9.116318;DESPEJADO;RURAL;CURVA;INCLINADA;ASFALTADA;NULL;NULL;NULL;NULL;EN PROCESO DE INVESTIGACIÓN;NO CUENTA CON CAUSA ESPECIFICA;AN-108;17/8/2023;-77.012563
A-2023-08-138;15:00.0;CHOQUE;1;0;2;AYACUCHO;HUAMANGA;SOCOS;RURAL;CARRETERA;NACIONAL;PE-3S;-13.241477;DESPEJADO;RURAL;CURVA;INCLINADA;ASFALTADA;SI;REGULADORA (R);NULL;SI;IMPRUDENCIA DEL CONDUCTOR;CONDUCIR EN ESTADO DE EBRIEDAD Y/O DROGADICCIÓN;Carretera Longitudinal de la Sierra Sur;18/8/2023;-74.24218
A-2023-08-118;45:00.0;ATROPELLO;1;0;NULL;CALLAO;CALLAO;CALLAO;URBANA;AVENIDA;URBANO;NO CORRESPONDE;-12.064152;DESPEJADO;COMERCIAL;TRAMO RECTO;PLANA ;ASFALTADA;NO;NULL;NULL;SI;IMPRUDENCIA DEL CONDUCTOR;INVASIÓN DE CARRIL;Jirón Saloom;18/8/2023;-77.138998
A-2023-08-18;45:00.0;CHOQUE;2;1;3;LIMA;HUAURA;HUACHO;RURAL;CARRETERA;NACIONAL;PE-1N;-11.13922;DESPEJADO;RURAL;TRAMO RECTO;INCLINADA;ASFALTADA;NULL;NULL;NULL;NULL;IMPRUDENCIA DEL CONDUCTOR;FATIGA Y/O CANSANCIO;Carretera Panamericana Norte;18/8/2023;-77.59708
A-2023-08-56;00:00.0;ATROPELLO FUGA;1;0;NULL;LA LIBERTAD;CHEPEN;CHEPEN;RURAL;CARRETERA;NACIONAL;PE-1N;-7.221256;DESPEJADO;RURAL;TRAMO RECTO;PLANA ;ASFALTADA;NULL;NULL;NULL;NULL;EN PROCESO DE INVESTIGACIÓN;NO CUENTA CON CAUSA ESPECIFICA;Carretera Panamericana Norte;18/8/2023;-79.436738
A-2023-08-49;20:00.0;CHOQUE;1;1;2;CUSCO;CUSCO;CCORCA;RURAL;CARRETERA;PROVINCIAL;CU-1259;-13.57373;DESPEJADO;RURAL;INTERSECCIÓN;PLANA ;ASFALTADA;NULL;NULL;NULL;NULL;IMPRUDENCIA DEL CONDUCTOR;EXCESO DE VELOCIDAD;CU-698;18/8/2023;-72.070812
A-2023-08-38;30:00.0;CHOQUE FUGA;1;2;2;AMAZONAS;UTCUBAMBA;BAGUA GRANDE;RURAL;CARRETERA;NACIONAL;PE-5N;-5.738525;DESPEJADO;RURAL;TRAMO RECTO;PLANA ;ASFALTADA;NULL;NULL;NULL;NULL;EN PROCESO DE INVESTIGACIÓN;NO CUENTA CON CAUSA ESPECIFICA;Carretera Presidente Fernando Belaúnde Terry;18/8/2023;-78.46117
A-2023-08-30;30:00.0;ATROPELLO;1;0;1;ICA;PALPA;PALPA;URBANA;CARRETERA;NACIONAL;PE-1S;-14.531977;DESPEJADO;COMERCIAL;TRAMO RECTO;PLANA ;ASFALTADA;SI;REGULADORA (R);INFORMATIVA (I);SI;EN PROCESO DE INVESTIGACIÓN;NO CUENTA CON CAUSA ESPECIFICA;Carretera Panamericana Sur;18/8/2023;-75.190298
A-2023-08-127;00:00.0;CHOQUE;1;0;2;UCAYALI;CORONEL PORTILLO;YARINACOCHA;URBANA;CARRETERA;DEPARTAMENTAL;UC-103;-8.358456;DESPEJADO;ESCOLAR;INTERSECCIÓN;PLANA ;CONCRETO;SI;PREVENTIVA (P);NULL;SI;IMPRUDENCIA DEL CONDUCTOR;CONDUCIR EN ESTADO DE EBRIEDAD Y/O DROGADICCIÓN;Avenida Yarinacocha;18/8/2023;-74.572729
A-2023-08-99;30:00.0;DESPISTE;1;0;NULL;LIMA;LIMA;LURIN;URBANA;AVENIDA;URBANO;NO CORRESPONDE;-12.30409;DESPEJADO;RURAL;CURVA;PLANA ;ASFALTADA;NULL;NULL;NULL;NULL;EN PROCESO DE INVESTIGACIÓN;NO CUENTA CON CAUSA ESPECIFICA;Antigua Panamericana Sur;18/8/2023;-76.843166
A-2023-08-20;03:00.0;DESPISTE;1;0;1;SAN MARTIN;MOYOBAMBA;SORITOR;RURAL;CARRETERA;NACIONAL;PE-08B;-6.186515;DESPEJADO;RURAL;TRAMO RECTO;PLANA ;AFIRMADO;NULL;NULL;NULL;NULL;IMPRUDENCIA DEL CONDUCTOR;OTRO (IMPRUDENCIA DEL CONDUCTOR);PE-08B;19/8/2023;-77.115986
A-2023-08-31;30:00.0;DESPISTE;13;5;1;HUANCAVELICA;HUAYTARA;HUAYTARA;RURAL;CARRETERA;NACIONAL;PE-28A;-13.607447;DESPEJADO;RURAL;CURVA;PLANA ;ASFALTADA;SI;REGULADORA (R);NULL;SI;EN PROCESO DE INVESTIGACIÓN;NO CUENTA CON CAUSA ESPECIFICA;Vía de los Libertadores;19/8/2023;-75.322182
A-2023-08-80;10:00.0;CHOQUE;2;6;2;ICA;CHINCHA;GROCIO PRADO;RURAL;CARRETERA;NACIONAL;PE-1S;-13.386086;DESPEJADO;RURAL;TRAMO RECTO;PLANA ;ASFALTADA;SI;REGULADORA (R);REGULADORA (R);NO;IMPRUDENCIA DEL CONDUCTOR;INVASIÓN DE CARRIL;Carretera Panamericana Sur;19/8/2023;-76.202713
A-2023-08-166;00:00.0;CHOQUE;1;0;NULL;LIMA;LIMA;LOS OLIVOS;URBANA;AVENIDA;URBANO;NO CORRESPONDE;-11.983155;DESPEJADO;COMERCIAL;TRAMO RECTO;PLANA ;ASFALTADA;NULL;NULL;NULL;NULL;IMPRUDENCIA DEL CONDUCTOR;EXCESO DE VELOCIDAD;Avenida Los Alisos;19/8/2023;-77.07966
A-2023-08-57;20:00.0;CHOQUE;1;6;2;LA LIBERTAD;SANTIAGO DE CHUCO;QUIRUVILCA;RURAL;CARRETERA;NACIONAL;PE-3N;-7.980411;DESPEJADO;RURAL;TRAMO RECTO;PLANA ;ASFALTADA;NULL;NULL;NULL;NULL;EN PROCESO DE INVESTIGACIÓN;NO CUENTA CON CAUSA ESPECIFICA;Carretera Longitudinal de la Sierra Norte;19/8/2023;-78.23678
A-2023-08-161;00:00.0;DESPISTE;2;0;1;CAJAMARCA;JAEN;CHONTALI;RURAL;CARRETERA;PROVINCIAL;CA-666;-5.66558;DESPEJADO;RURAL;CURVA;PLANA ;AFIRMADO;NULL;NULL;NULL;NULL;IMPRUDENCIA DEL CONDUCTOR;OTRO (IMPRUDENCIA DEL CONDUCTOR);CA-666;19/8/2023;-79.09166
A-2023-08-81;20:00.0;ATROPELLO;1;0;NULL;LORETO;MAYNAS;PUNCHANA;URBANA;CALLE;URBANO;NO CORRESPONDE;-3.720048;SOLEADO;COMERCIAL;TRAMO RECTO;PLANA ;CONCRETO;NULL;NULL;NULL;NULL;EN PROCESO DE INVESTIGACIÓN;NO CUENTA CON CAUSA ESPECIFICA;Punchana;19/8/2023;-73.23984
A-2023-08-32;00:00.0;DESPISTE;1;0;1;ICA;ICA;OCUCAJE;RURAL;CARRETERA;SIN CLASIFICAR;SIN CLASIFICAR;-14.352133;DESPEJADO;RURAL;OTRO;INCLINADA;TROCHA;NULL;NULL;NULL;NULL;EN PROCESO DE INVESTIGACIÓN;NO CUENTA CON CAUSA ESPECIFICA;Yarasca;20/8/2023;-75.703062
A-2023-08-100;30:00.0;ATROPELLO FUGA;1;0;NULL;LIMA;LIMA;ATE;URBANA;AVENIDA;URBANO;NO CORRESPONDE;-12.025649;DESPEJADO;ESCOLAR;INTERSECCIÓN;PLANA ;ASFALTADA;NULL;NULL;NULL;NULL;EN PROCESO DE INVESTIGACIÓN;NO CUENTA CON CAUSA ESPECIFICA;Avenida José Carlos Mariátegui;20/8/2023;-76.909206
A-2023-08-77;30:00.0;ATROPELLO FUGA;1;0;NULL;AMAZONAS;UTCUBAMBA;BAGUA GRANDE;RURAL;CARRETERA;NACIONAL;PE-5N;-5.816503;SOLEADO;RURAL;TRAMO RECTO;PLANA ;ASFALTADA;SI;REGULADORA (R);NULL;SI;EN PROCESO DE INVESTIGACIÓN;NO CUENTA CON CAUSA ESPECIFICA;Carretera Presidente Fernando Belaúnde Terry;20/8/2023;-78.312683
A-2023-08-167;40:00.0;ATROPELLO;1;0;NULL;LIMA;LIMA;SAN JUAN DE LURIGANCHO;URBANA;AVENIDA;URBANO;NO CORRESPONDE;-12.001227;DESPEJADO;COMERCIAL;TRAMO RECTO;PLANA ;ASFALTADA;NO;NULL;NULL;SI;IMPRUDENCIA DEL CONDUCTOR;EXCESO DE VELOCIDAD;Avenida Próceres de la Independencia;20/8/2023;-77.008447
A-2023-08-43;10:00.0;ATROPELLO;1;0;1;CUSCO;ANTA;ANTA;URBANA;CARRETERA;NACIONAL;PE-3S;-13.466273;DESPEJADO;COMERCIAL;CURVA;PLANA ;ASFALTADA;SI;PREVENTIVA (P);NULL;SI;NEGLIGENCIA DEL CONDUCTOR;OTRO (NEGLIGENCIA DEL CONDUCTOR);Avenida Jaquijahuana;20/8/2023;-72.139682
A-2023-08-58;30:00.0;ATROPELLO;1;0;1;LA LIBERTAD;VIRU;VIRU;RURAL;CARRETERA;NACIONAL;PE-1N;-8.381431;DESPEJADO;RURAL;TRAMO RECTO;PLANA ;ASFALTADA;NULL;NULL;NULL;NULL;EN PROCESO DE INVESTIGACIÓN;NO CUENTA CON CAUSA ESPECIFICA;Panamericana Norte;20/8/2023;-78.857272
A-2023-08-64;20:00.0;CHOQUE;3;3;2;SAN MARTIN;MOYOBAMBA;HABANA;RURAL;CARRETERA;NACIONAL;PE-08B;-6.093996;DESPEJADO;RURAL;TRAMO RECTO;PLANA ;ASFALTADA;NULL;NULL;NULL;NULL;IMPRUDENCIA DEL CONDUCTOR;CONDUCIR EN ESTADO DE EBRIEDAD Y/O DROGADICCIÓN;PE-08B;21/8/2023;-77.087282
A-2023-08-59;00:00.0;ATROPELLO;1;0;1;LA LIBERTAD;TRUJILLO;TRUJILLO;URBANA;CARRETERA;NACIONAL;PE-1N;-8.138208;DESPEJADO;COMERCIAL;TRAMO RECTO;PLANA ;ASFALTADA;NULL;NULL;NULL;NULL;EN PROCESO DE INVESTIGACIÓN;NO CUENTA CON CAUSA ESPECIFICA;Calle Fundo Larrea;21/8/2023;-79.015506
A-2023-08-162;40:00.0;ATROPELLO;1;0;3;CAJAMARCA;CHOTA;LLAMA;RURAL;CARRETERA;NACIONAL;PE-06A;-6.530502;NUBLADO;RURAL;CURVA;INCLINADA;ASFALTADA;SI;PREVENTIVA (P);NULL;SI;IMPRUDENCIA DEL CONDUCTOR;OTRO (IMPRUDENCIA DEL CONDUCTOR);PE-06A;22/8/2023;-79.07664
A-2023-08-101;40:00.0;ATROPELLO;1;0;NULL;LIMA;LIMA;CHORRILLOS;URBANA;AVENIDA;URBANO;NO CORRESPONDE;-12.188185;DESPEJADO;RESIDENCIAL;CURVA;INCLINADA;ASFALTADA;NULL;NULL;NULL;NULL;EN PROCESO DE INVESTIGACIÓN;NO CUENTA CON CAUSA ESPECIFICA;Avenida Los Próceres;22/8/2023;-76.982713
A-2023-08-102;30:00.0;CHOQUE;1;0;NULL;LIMA;LIMA;CHORRILLOS;URBANA;AVENIDA;URBANO;NO CORRESPONDE;-12.189115;DESPEJADO;COMERCIAL;CURVA;PLANA ;ASFALTADA;NULL;NULL;NULL;NULL;EN PROCESO DE INVESTIGACIÓN;NO CUENTA CON CAUSA ESPECIFICA;Avenida Defensores del Morro;23/8/2023;-77.007243
A-2023-08-39;40:00.0;DESPISTE;1;0;1;CUSCO;CANCHIS;SAN PABLO;RURAL;CARRETERA;PROVINCIAL;CU-1416;-14.113432;DESPEJADO;RURAL;TRAMO RECTO;INCLINADA;AFIRMADO;SI;PREVENTIVA (P);NULL;NO;IMPRUDENCIA DEL CONDUCTOR;OTRO (IMPRUDENCIA DEL CONDUCTOR);San Pablo;23/8/2023;-71.144355
A-2023-08-125;30:00.0;ATROPELLO;1;1;1;HUANCAVELICA;ACOBAMBA;ANDABAMBA;RURAL;CARRETERA;DEPARTAMENTAL;HV-126;-12.690766;DESPEJADO;RURAL;TRAMO RECTO;PLANA ;ASFALTADA;NULL;NULL;NULL;NULL;EN PROCESO DE INVESTIGACIÓN;NO CUENTA CON CAUSA ESPECIFICA;HV-106;23/8/2023;-74.614891
A-2023-08-33;45:00.0;CHOQUE;1;1;2;ICA;NASCA;VISTA ALEGRE;URBANA;CARRETERA;NACIONAL;PE-1S;-14.848469;DESPEJADO;COMERCIAL;TRAMO RECTO;PLANA ;ASFALTADA;SI;REGULADORA (R);NULL;SI;IMPRUDENCIA DEL CONDUCTOR;INVASIÓN DE CARRIL;Carretera Panamericana Sur;23/8/2023;-74.950771
A-2023-08-103;50:00.0;ATROPELLO;1;1;NULL;LIMA;LIMA;COMAS;URBANA;AVENIDA;URBANO;NO CORRESPONDE;-11.939304;DESPEJADO;COMERCIAL;TRAMO RECTO;PLANA ;ASFALTADA;NULL;NULL;NULL;NULL;EN PROCESO DE INVESTIGACIÓN;NO CUENTA CON CAUSA ESPECIFICA;Avenida Universitaria;24/8/2023;-77.058972
A-2023-08-22;30:00.0;CHOQUE;2;0;3;AREQUIPA;CAYLLOMA;YANQUE;RURAL;CARRETERA;DEPARTAMENTAL;AR-109;-15.835117;DESPEJADO;RURAL;TRAMO RECTO;PLANA ;ASFALTADA;NO;NULL;NULL;SI;EN PROCESO DE INVESTIGACIÓN;NO CUENTA CON CAUSA ESPECIFICA;Carretera al Colca;24/8/2023;-71.469752
A-2023-08-105;00:00.0;ATROPELLO;1;0;NULL;LIMA;LIMA;RIMAC;URBANA;AVENIDA;URBANO;NO CORRESPONDE;-12.027004;DESPEJADO;COMERCIAL;INTERSECCIÓN;PLANA ;ASFALTADA;SI;REGULADORA (R);NULL;NO;EN PROCESO DE INVESTIGACIÓN;NO CUENTA CON CAUSA ESPECIFICA;Avenida Felipe Arancibia;24/8/2023;-77.033364
A-2023-08-147;20:00.0;CHOQUE FUGA;1;0;1;TACNA;TACNA;TACNA;URBANA;CARRETERA;NACIONAL;PE-1S;-18.085671;DESPEJADO;RURAL;TRAMO RECTO;PLANA ;ASFALTADA;NULL;NULL;NULL;NULL;EN PROCESO DE INVESTIGACIÓN;NO CUENTA CON CAUSA ESPECIFICA;Carretera Panamericana Sur;24/8/2023;-70.303507
A-2023-08-119;00:00.0;CHOQUE;1;1;NULL;PIURA;PIURA;CATACAOS;RURAL;CARRETERA;NACIONAL;PE-1N;-5.238906;DESPEJADO;RURAL;TRAMO RECTO;PLANA ;ASFALTADA;NULL;NULL;NULL;NULL;IMPRUDENCIA DEL CONDUCTOR;EXCESO DE VELOCIDAD;Carretera Panamericana Norte;24/8/2023;-80.638431
A-2023-08-60;30:00.0;DESPISTE;1;3;1;LA LIBERTAD;OTUZCO;USQUIL;RURAL;CARRETERA;PROVINCIAL;LI-774;-7.814125;DESPEJADO;RURAL;TRAMO RECTO;PLANA ;AFIRMADO;NULL;NULL;NULL;NULL;EN PROCESO DE INVESTIGACIÓN;NO CUENTA CON CAUSA ESPECIFICA;LI-774;24/8/2023;-78.432354
A-2023-08-104;00:00.0;DESPISTE;1;0;NULL;LIMA;LIMA;PUNTA HERMOSA;URBANA;AVENIDA;URBANO;NO CORRESPONDE;-12.309412;DESPEJADO;COMERCIAL;INTERSECCIÓN;PLANA ;ASFALTADA;SI;INFORMATIVA (I);NULL;SI;IMPRUDENCIA DEL CONDUCTOR;OTRO (IMPRUDENCIA DEL CONDUCTOR);Antigua Panamericana Sur;24/8/2023;-76.837385
A-2023-08-78;30:00.0;DESPISTE;1;0;1;AMAZONAS;UTCUBAMBA;JAMALCA;URBANA;CARRETERA;NACIONAL;PE-5N;-5.836981;DESPEJADO;RURAL;PASE A DESNIVEL;INCLINADA;TROCHA;NULL;NULL;NULL;NULL;EN PROCESO DE INVESTIGACIÓN;NO CUENTA CON CAUSA ESPECIFICA;Carretera Presidente Fernando Belaúnde Terry;25/8/2023;-78.241441
A-2023-08-21;30:00.0;ATROPELLO FUGA;1;0;NULL;PUNO;EL COLLAO;ILAVE;URBANA;CARRETERA;NACIONAL;PE-3S;-16.091553;DESPEJADO;RURAL;TRAMO RECTO;PLANA ;ASFALTADA;NULL;NULL;NULL;NULL;IMPRUDENCIA DEL CONDUCTOR;EXCESO DE VELOCIDAD;Carretera Longitudinal de la Sierra Sur;25/8/2023;-69.6397
A-2023-08-133;10:00.0;DESPISTE;2;1;NULL;JUNIN;JAUJA;PARCO;RURAL;CARRETERA;NACIONAL;PE-3S;-11.802172;DESPEJADO;RURAL;CURVA;PLANA ;ASFALTADA;NO;NULL;NULL;SI;IMPRUDENCIA DEL CONDUCTOR;ADELANTAR INDEBIDAMENTE;Carretera Longitudinal de la Sierra Sur;25/8/2023;-75.526789
A-2023-08-165;22:00.0;CHOQUE;1;2;2;CAJAMARCA;SAN IGNACIO;NAMBALLE;URBANA;CARRETERA;NACIONAL;PE-5N;-4.984032;DESPEJADO;RESIDENCIAL;CURVA;INCLINADA;ASFALTADA;SI;PREVENTIVA (P);NULL;SI;IMPRUDENCIA DEL CONDUCTOR;CONDUCIR EN ESTADO DE EBRIEDAD Y/O DROGADICCIÓN;PE-5N;25/8/2023;-79.10115
A-2023-08-134;30:00.0;CHOQUE;1;1;NULL;JUNIN;HUANCAYO;SAN AGUSTIN;RURAL;CARRETERA;NACIONAL;PE-3S;-12.019283;DESPEJADO;RURAL;TRAMO RECTO;PLANA ;ASFALTADA;NO;NULL;NULL;SI;IMPRUDENCIA DEL CONDUCTOR;OTRO (IMPRUDENCIA DEL CONDUCTOR);Carretera Longitudinal de la Sierra Sur;25/8/2023;-75.241724
A-2023-08-61;15:00.0;CHOQUE;2;1;2;LA LIBERTAD;TRUJILLO;SALAVERRY;URBANA;CARRETERA;NACIONAL;PE-1N;-8.233038;DESPEJADO;COMERCIAL;TRAMO RECTO;PLANA ;ASFALTADA;NULL;NULL;NULL;NULL;IMPRUDENCIA DEL CONDUCTOR;OTRO (IMPRUDENCIA DEL CONDUCTOR);Panamericana Norte;25/8/2023;-78.943466
A-2023-08-143;42:00.0;CHOQUE CON OBJETO FIJO;1;1;1;AYACUCHO;HUAMANGA;AYACUCHO;URBANA;AVENIDA;URBANO;NO CORRESPONDE;-13.147563;DESPEJADO;RESIDENCIAL;TRAMO RECTO;INCLINADA;ASFALTADA;NULL;NULL;NULL;NULL;IMPRUDENCIA DEL CONDUCTOR;CONDUCIR EN ESTADO DE EBRIEDAD Y/O DROGADICCIÓN;Avenida Independencia;26/8/2023;-74.223665
A-2023-08-152;30:00.0;ATROPELLO;1;0;NULL;CALLAO;CALLAO;LA PERLA;URBANA;AVENIDA;URBANO;NO CORRESPONDE;-12.064181;DESPEJADO;RESIDENCIAL;TRAMO RECTO;PLANA ;ASFALTADA;SI;REGULADORA (R);NULL;SI;IMPRUDENCIA DEL PEATÓN;CRUCE INDEBIDO POR LA CALZADA;Avenida República de Venezuela;26/8/2023;-77.112175
A-2023-08-120;20:00.0;DESPISTE;1;0;NULL;PIURA;PIURA;VEINTISEIS DE OCTUBRE;RURAL;CARRETERA;SIN CLASIFICAR;SIN CLASIFICAR;-5.1817;DESPEJADO;RURAL;TRAMO RECTO;PLANA ;ASFALTADA;NULL;NULL;NULL;NULL;EN PROCESO DE INVESTIGACIÓN;NO CUENTA CON CAUSA ESPECIFICA;Carretera Panamericana Norte;27/8/2023;-80.6927
A-2023-08-23;00:00.0;CHOQUE;1;3;NULL;AREQUIPA;AREQUIPA;LA JOYA;RURAL;CARRETERA;DEPARTAMENTAL;AR-114;-16.469792;DESPEJADO;RURAL;TRAMO RECTO;PLANA ;ASFALTADA;NULL;NULL;NULL;NULL;EN PROCESO DE INVESTIGACIÓN;NO CUENTA CON CAUSA ESPECIFICA;Carretera La Joya;27/8/2023;-71.844443
A-2023-08-106;30:00.0;CHOQUE;1;3;NULL;LIMA;LIMA;PUENTE PIEDRA;URBANA;AVENIDA;URBANO;NO CORRESPONDE;-11.857518;DESPEJADO;RESIDENCIAL;INTERSECCIÓN;PLANA ;AFIRMADO;NULL;NULL;NULL;NULL;EN PROCESO DE INVESTIGACIÓN;NO CUENTA CON CAUSA ESPECIFICA;Avenida Lecaros;27/8/2023;-77.068218
A-2023-08-135;40:00.0;ATROPELLO FUGA;1;0;NULL;JUNIN;JAUJA;LEONOR ORDOÑEZ;RURAL;CARRETERA;NACIONAL;PE-3SB;-11.856593;DESPEJADO;RURAL;TRAMO RECTO;PLANA ;ASFALTADA;NO;NULL;NULL;SI;EN PROCESO DE INVESTIGACIÓN;NO CUENTA CON CAUSA ESPECIFICA;Carretera Central Margen Derecha;27/8/2023;-75.417066
A-2023-08-107;46:00.0;DESPISTE;1;4;NULL;LIMA;LIMA;ATE;URBANA;CARRETERA;NACIONAL;PE-22;-12.010752;DESPEJADO;COMERCIAL;CURVA;PLANA ;ASFALTADA;NULL;NULL;NULL;NULL;EN PROCESO DE INVESTIGACIÓN;NO CUENTA CON CAUSA ESPECIFICA;Carretera Central;27/8/2023;-76.873678
A-2023-08-140;30:00.0;CHOQUE;1;8;2;AYACUCHO;HUAMANGA;ACOCRO;RURAL;CARRETERA;NACIONAL;PE-3S;-13.399232;DESPEJADO;RURAL;CURVA;INCLINADA;ASFALTADA;SI;PREVENTIVA (P);NULL;NO;IMPRUDENCIA DEL CONDUCTOR;INVASIÓN DE CARRIL;Carretera Longitudinal de la Sierra Sur;27/8/2023;-73.96003
A-2023-08-45;30:00.0;CHOQUE;1;0;NULL;AREQUIPA;CAMANA;QUILCA;RURAL;CARRETERA;NACIONAL;PE-3S;-16.700737;SOLEADO;RURAL;CURVA;INCLINADA;ASFALTADA;NULL;NULL;NULL;NULL;EN PROCESO DE INVESTIGACIÓN;NO CUENTA CON CAUSA ESPECIFICA;Carretera Costanera Sur;27/8/2023;-72.455305
A-2023-08-142;27:00.0;DESPISTE;1;0;1;AYACUCHO;HUAMANGA;AYACUCHO;URBANA;JIRÓN;URBANO;NO CORRESPONDE;-13.15029;DESPEJADO;RESIDENCIAL;TRAMO RECTO;PLANA ;ASFALTADA;NULL;NULL;NULL;NULL;IMPRUDENCIA DEL CONDUCTOR;CONDUCIR EN ESTADO DE EBRIEDAD Y/O DROGADICCIÓN;Jirón Los Jasmines;27/8/2023;-74.225076
A-2023-08-44;20:00.0;DESPISTE;1;0;1;ICA;NASCA;CHANGUILLO;RURAL;CARRETERA;PROVINCIAL;IC-782;-14.663484;DESPEJADO;RURAL;SINUOSA;INCLINADA;TROCHA;NULL;NULL;NULL;NULL;EN PROCESO DE INVESTIGACIÓN;NO CUENTA CON CAUSA ESPECIFICA;Calle Coronel Manuel Rojas;27/8/2023;-75.225382
A-2023-08-108;45:00.0;DESPISTE;1;3;NULL;LIMA;LIMA;ATE;URBANA;AVENIDA;URBANO;NO CORRESPONDE;-12.014827;DESPEJADO;RESIDENCIAL;TRAMO RECTO;INCLINADA;ASFALTADA;NULL;NULL;NULL;NULL;EN PROCESO DE INVESTIGACIÓN;NO CUENTA CON CAUSA ESPECIFICA;Avenida Jaime Zubieta Calderón;27/8/2023;-76.839189
A-2023-08-141;20:00.0;ATROPELLO;1;0;NULL;PUNO;SAN ROMAN;SAN MIGUEL;URBANA;CARRETERA;NACIONAL;PE-34H;-15.478719;DESPEJADO;COMERCIAL;TRAMO RECTO;PLANA ;ASFALTADA;NULL;NULL;NULL;NULL;IMPRUDENCIA DEL CONDUCTOR;EXCESO DE VELOCIDAD;Jirón José Maria Eguren;28/8/2023;-70.118576
A-2023-08-163;55:00.0;CHOQUE;1;1;2;CAJAMARCA;JAEN;JAEN;URBANA;CARRETERA;NACIONAL;PE-5N;-5.706962;DESPEJADO;COMERCIAL;TRAMO RECTO;PLANA ;CONCRETO;NULL;NULL;NULL;NULL;IMPRUDENCIA DEL CONDUCTOR;ADELANTAR INDEBIDAMENTE;Avenida Pakamuros;28/8/2023;-78.803394
A-2023-08-110;30:00.0;ATROPELLO;1;0;NULL;LIMA;LIMA;ATE;URBANA;AVENIDA;URBANO;NO CORRESPONDE;-12.063144;DESPEJADO;COMERCIAL;INTERSECCIÓN;PLANA ;ASFALTADA;NULL;NULL;NULL;NULL;EN PROCESO DE INVESTIGACIÓN;NO CUENTA CON CAUSA ESPECIFICA;Avenida El Bosque;28/8/2023;-76.982737
A-2023-08-109;40:00.0;ATROPELLO;1;0;NULL;LIMA;LIMA;SAN MARTIN DE PORRES;URBANA;AVENIDA;URBANO;NO CORRESPONDE;-12.031866;DESPEJADO;COMERCIAL;INTERSECCIÓN;PLANA ;ASFALTADA;NULL;NULL;NULL;NULL;EN PROCESO DE INVESTIGACIÓN;NO CUENTA CON CAUSA ESPECIFICA;Avenida Perú;28/8/2023;-77.075928
A-2023-08-128;05:00.0;ATROPELLO;1;0;1;UCAYALI;CORONEL PORTILLO;CALLERIA;RURAL;CARRETERA;NACIONAL;PE-18C;-8.396453;DESPEJADO;RURAL;TRAMO RECTO;PLANA ;ASFALTADA;NULL;NULL;NULL;NULL;IMPRUDENCIA DEL PEATÓN;CRUCE INDEBIDO POR LA CALZADA;Centenario;28/8/2023;-74.597366
A-2023-08-144;30:00.0;DESPISTE;1;0;1;AYACUCHO;CANGALLO;PARAS;RURAL;CARRETERA;NACIONAL;PE-28A;-13.358241;NUBLADO;RURAL;TRAMO RECTO;PLANA ;ASFALTADA;SI;PREVENTIVA (P);NULL;NO;IMPRUDENCIA DEL CONDUCTOR;CONDUCIR EN ESTADO DE EBRIEDAD Y/O DROGADICCIÓN;Vía de los Libertadores;28/8/2023;-74.850722
A-2023-08-148;30:00.0;CHOQUE;1;1;2;TACNA;TACNA;POCOLLAY;URBANA;CARRETERA;NACIONAL;PE-40;-17.99221;DESPEJADO;RESIDENCIAL;INTERSECCIÓN;INCLINADA;ASFALTADA;NULL;NULL;NULL;NULL;IMPRUDENCIA DEL CONDUCTOR;GIRAR IMPRUDENTEMENTE;Avenida Celestino Vargas;28/8/2023;-70.21711
A-2023-08-65;15:00.0;CHOQUE;1;1;2;SAN MARTIN;RIOJA;AWAJUN;RURAL;CARRETERA;NACIONAL;PE-5N;-5.797532;DESPEJADO;RURAL;TRAMO RECTO;PLANA ;ASFALTADA;NULL;NULL;NULL;NULL;IMPERICIA DEL CONDUCTOR;NULL;Carretera Presidente Fernando Belaúnde Terry;28/8/2023;-77.408875
A-2023-08-111;50:00.0;ATROPELLO FUGA;1;0;NULL;LIMA;LIMA;SAN MARTIN DE PORRES;URBANA;AVENIDA;URBANO;NO CORRESPONDE;-11.986178;DESPEJADO;RESIDENCIAL;INTERSECCIÓN;PLANA ;ASFALTADA;NULL;NULL;NULL;NULL;EN PROCESO DE INVESTIGACIÓN;NO CUENTA CON CAUSA ESPECIFICA;Avenida Los Platinos;28/8/2023;-77.083027