CÓDIGO SINIESTRO;HORA SINIESTRO;CLASE SINIESTRO;CANTIDAD DE FALLECIDOS;CANTIDAD DE LESIONADOS;CANTIDAD DE VEHICULOS DAÑADOS;DEPARTAMENTO;PROVINCIA;DISTRITO;ZONA;TIPO DE VÍA;RED VIAL;COD CARRETERA;COORDENADAS LATITUD;CONDICIÓN CLIMÁTICA;ZONIFICACIÓN;CARACTERÍSTICAS DE VÍA;PERFIL LONGITUDINAL VÍA;SUPERFICIE DE CALZADA;¿EXISTE SEÑAL VERTICAL?;CLASIFICACIÓN DE LA SEÑAL VERTICAL Nº 1;CLASIFICACIÓN DE LA SEÑAL VERTICAL Nº 2;¿EXISTE SEÑAL HORIZONTAL?;CAUSA FACTOR PRINCIPAL;CAUSA ESPECÍFICA;UBICACION;FECHA SINIESTRO;COORDENADAS LONGITUD
A-2023-08-112;30:00.0;CHOQUE;1;1;NULL;LIMA;LIMA;PACHACAMAC;URBANA;AVENIDA;URBANO;NO CORRESPONDE;-12.123208;DESPEJADO;ESCOLAR;INTERSECCIÓN;PLANA ;ASFALTADA;NULL;NULL;NULL;NULL;EN PROCESO DE INVESTIGACIÓN;NO CUENTA CON CAUSA ESPECIFICA;Manchay;28/8/2023;-76.872355
A-2023-08-62;00:00.0;CHOQUE;2;6;1;LA LIBERTAD;PACASMAYO;SAN PEDRO DE LLOC;RURAL;CARRETERA;NACIONAL;PE-1N;-7.511729;DESPEJADO;RURAL;TRAMO RECTO;PLANA ;ASFALTADA;NULL;NULL;NULL;NULL;IMPRUDENCIA DEL CONDUCTOR;FATIGA Y/O CANSANCIO;Carretera Panamericana Norte;29/8/2023;-79.403963
A-2023-08-150;00:00.0;ATROPELLO FUGA;1;0;0;TACNA;TACNA;TACNA;RURAL;CARRETERA;NACIONAL;PE-1S;-18.108951;DESPEJADO;RURAL;TRAMO RECTO;PLANA ;ASFALTADA;NULL;NULL;NULL;NULL;EN PROCESO DE INVESTIGACIÓN;NO CUENTA CON CAUSA ESPECIFICA;Carretera Panamericana Sur;29/8/2023;-70.320398
A-2023-08-126;20:00.0;ATROPELLO;1;0;NULL;HUANCAVELICA;TAYACAJA;ACOSTAMBO;RURAL;CARRETERA;NACIONAL;PE-3S;-12.375907;DESPEJADO;RURAL;TRAMO RECTO;PLANA ;ASFALTADA;NULL;NULL;NULL;NULL;EN PROCESO DE INVESTIGACIÓN;NO CUENTA CON CAUSA ESPECIFICA;Carretera Longitudinal de la Sierra Sur;29/8/2023;-75.047387
A-2023-08-113;30:00.0;ATROPELLO FUGA;1;0;NULL;LIMA;LIMA;VILLA EL SALVADOR;URBANA;CARRETERA;NACIONAL;PE-1S;-12.192909;DESPEJADO;COMERCIAL;CURVA;INCLINADA;ASFALTADA;NULL;NULL;NULL;NULL;EN PROCESO DE INVESTIGACIÓN;NO CUENTA CON CAUSA ESPECIFICA;Carretera Panamericana Sur;29/8/2023;-76.972506
A-2023-08-136;30:00.0;ATROPELLO;1;0;1;TACNA;TACNA;TACNA;URBANA;AVENIDA;URBANO;NO CORRESPONDE;-18.000806;DESPEJADO;COMERCIAL;TRAMO RECTO;PLANA ;ASFALTADA;NULL;NULL;NULL;NULL;IMPRUDENCIA DEL PEATÓN;CRUCE INDEBIDO POR LA CALZADA;Calle Arias Araguez;30/8/2023;-70.260145
A-2023-08-114;07:00.0;ATROPELLO;1;0;NULL;LIMA;LIMA;SAN BORJA;URBANA;AVENIDA;URBANO;NO CORRESPONDE;-12.087517;DESPEJADO;COMERCIAL;INTERSECCIÓN;PLANA ;ASFALTADA;NULL;NULL;NULL;NULL;EN PROCESO DE INVESTIGACIÓN;NO CUENTA CON CAUSA ESPECIFICA;Avenida San Luis;30/8/2023;-76.996552
A-2023-08-63;30:00.0;CHOQUE;1;0;3;LA LIBERTAD;TRUJILLO;MOCHE;URBANA;CARRETERA;NACIONAL;PE-1N;-8.163953;DESPEJADO;RURAL;TRAMO RECTO;PLANA ;ASFALTADA;NULL;NULL;NULL;NULL;EN PROCESO DE INVESTIGACIÓN;NO CUENTA CON CAUSA ESPECIFICA;Panamericana Norte;30/8/2023;-79.009976
A-2023-08-115;30:00.0;ATROPELLO;2;1;NULL;LIMA;LIMA;PUENTE PIEDRA;URBANA;CARRETERA;NACIONAL;PE-1N;-11.866991;DESPEJADO;COMERCIAL;TRAMO RECTO;PLANA ;ASFALTADA;SI;INFORMATIVA (I);NULL;NO;EN PROCESO DE INVESTIGACIÓN;NO CUENTA CON CAUSA ESPECIFICA;Carretera Panamericana Norte;31/8/2023;-77.072848
A-2023-08-48;00:00.0;DESPISTE;1;0;1;CUSCO;PAUCARTAMBO;HUANCARANI;RURAL;CARRETERA;SIN CLASIFICAR;SIN CLASIFICAR;-13.507493;DESPEJADO;RURAL;TRAMO RECTO;PLANA ;TROCHA;NULL;NULL;NULL;NULL;IMPRUDENCIA DEL CONDUCTOR;FATIGA Y/O CANSANCIO;Huayllabamba;31/8/2023;-71.694943
A-2023-08-84;00:00.0;VOLCADURA;1;0;NULL;PUNO;AZANGARO;ASILLO;RURAL;CARRETERA;NACIONAL;PE-34B;-14.719073;DESPEJADO;RURAL;TRAMO RECTO;PLANA ;ASFALTADA;NULL;NULL;NULL;NULL;IMPRUDENCIA DEL CONDUCTOR;INVASIÓN DE CARRIL;Carretera Interoceánica Puno - Madre de Dios;31/8/2023;-70.36096
A-2023-08-164;00:00.0;DESPISTE;1;5;1;CAJAMARCA;CHOTA;CONCHAN;RURAL;CARRETERA;PROVINCIAL;CA-925;-6.488062;DESPEJADO;RURAL;TRAMO RECTO;INCLINADA;AFIRMADO;NULL;NULL;NULL;NULL;IMPRUDENCIA DEL CONDUCTOR;OTRO (IMPRUDENCIA DEL CONDUCTOR);CA-925;31/8/2023;-78.579483
A-2023-08-116;30:00.0;ATROPELLO FUGA;1;0;NULL;LIMA;LIMA;COMAS;URBANA;AVENIDA;URBANO;NO CORRESPONDE;-11.941286;DESPEJADO;COMERCIAL;TRAMO RECTO;INCLINADA;ASFALTADA;SI;PREVENTIVA (P);NULL;NO;EN PROCESO DE INVESTIGACIÓN;NO CUENTA CON CAUSA ESPECIFICA;Avenida Túpac Amaru;31/8/2023;-77.050191
A-2023-08-66;10:00.0;ATROPELLO;1;0;1;SAN MARTIN;RIOJA;ELIAS SOPLIN VARGAS;URBANA;CARRETERA;NACIONAL;PE-5N;-5.992158;DESPEJADO;COMERCIAL;TRAMO RECTO;PLANA ;ASFALTADA;NULL;NULL;NULL;NULL;IMPRUDENCIA DEL PEATÓN;OTRO (IMPRUDENCIA DEL PEATÓN);Avenida Siete Candeleros;31/8/2023;-77.278982
A-2023-08-117;20:00.0;DESPISTE;1;1;NULL;LIMA;LIMA;CHACLACAYO;URBANA;CARRETERA;NACIONAL;PE-22;-11.981428;DESPEJADO;COMERCIAL;TRAMO RECTO;INCLINADA;ASFALTADA;NULL;NULL;NULL;NULL;EN PROCESO DE INVESTIGACIÓN;NO CUENTA CON CAUSA ESPECIFICA;Carretera Central;31/8/2023;-76.794622
A-2023-09-66;00:00.0;ATROPELLO FUGA;1;0;NULL;PUNO;HUANCANE;PUSI;RURAL;CARRETERA;NACIONAL;PE-34H;-15.357848;DESPEJADO;RURAL;TRAMO RECTO;PLANA ;ASFALTADA;NULL;NULL;NULL;NULL;EN PROCESO DE INVESTIGACIÓN;NO CUENTA CON CAUSA ESPECIFICA;PE-34H;1/9/2023;-70.051092
A-2023-09-14;30:00.0;ATROPELLO FUGA;1;0;NULL;AREQUIPA;AREQUIPA;CERRO COLORADO;URBANA;CARRETERA;DEPARTAMENTAL;AR-123;-16.362204;DESPEJADO;RESIDENCIAL;TRAMO RECTO;INCLINADA;ASFALTADA;NULL;NULL;NULL;NULL;EN PROCESO DE INVESTIGACIÓN;NO CUENTA CON CAUSA ESPECIFICA;Río Seco;1/9/2023;-71.624628
A-2023-09-150;00:00.0;DESPISTE;1;0;1;AYACUCHO;VILCAS HUAMAN;SAURAMA;RURAL;CARRETERA;SIN CLASIFICAR;SIN CLASIFICAR;-13.705622;DESPEJADO;RURAL;SINUOSA;INCLINADA;TROCHA;NULL;NULL;NULL;NULL;IMPRUDENCIA DEL CONDUCTOR;OTRO (IMPRUDENCIA DEL CONDUCTOR);AY-104;1/9/2023;-73.757363
A-2023-09-84;45:00.0;DESPISTE;1;0;NULL;LIMA;LIMA;SAN BORJA;URBANA;AVENIDA;URBANO;NO CORRESPONDE;-12.088408;DESPEJADO;COMERCIAL;TRAMO RECTO;PLANA ;ASFALTADA;NULL;NULL;NULL;NULL;EN PROCESO DE INVESTIGACIÓN;NO CUENTA CON CAUSA ESPECIFICA;Avenida Javier Prado Este;2/9/2023;-77.005192
A-2023-09-151;30:00.0;DESPISTE;1;0;1;CAJAMARCA;CAJAMARCA;CAJAMARCA;URBANA;CARRETERA;PROVINCIAL;CA-1107;-7.145662;DESPEJADO;RESIDENCIAL;CURVA;PLANA ;ASFALTADA;NULL;NULL;NULL;NULL;IMPRUDENCIA DEL CONDUCTOR;CONDUCIR EN ESTADO DE EBRIEDAD Y/O DROGADICCIÓN;Cajamarca;2/9/2023;-78.491704
A-2023-09-10;15:00.0;CHOQUE;2;0;2;CUSCO;CUSCO;SAN SEBASTIAN;URBANA;CARRETERA;NACIONAL;PE-28G;-13.487311;DESPEJADO;COMERCIAL;TRAMO RECTO;INCLINADA;ASFALTADA;NO;NULL;NULL;SI;IMPRUDENCIA DEL CONDUCTOR;FATIGA Y/O CANSANCIO;Carretera Cusco- Pisac;2/9/2023;-71.918012
A-2023-09-153;30:00.0;DESPISTE;1;1;1;CAJAMARCA;CUTERVO;QUEROCOTILLO;RURAL;CARRETERA;PROVINCIAL;CA-826;-6.239888;DESPEJADO;RURAL;CURVA;INCLINADA;AFIRMADO;NULL;NULL;NULL;NULL;IMPERICIA DEL CONDUCTOR;NULL;Querocotillo;2/9/2023;-79.051608
A-2023-09-21;00:00.0;DESPISTE;1;0;NULL;PUNO;EL COLLAO;CAPAZO;RURAL;CARRETERA;NACIONAL;PE-38;-17.203646;DESPEJADO;RURAL;TRAMO RECTO;PLANA ;ASFALTADA;NULL;NULL;NULL;NULL;IMPRUDENCIA DEL CONDUCTOR;EXCESO DE VELOCIDAD;Carretera Mazocruz - Tarata;2/9/2023;-69.763885
A-2023-09-64;45:00.0;CHOQUE;1;0;NULL;PUNO;AZANGARO;MUÑANI;RURAL;CARRETERA;DEPARTAMENTAL;PU-111;-14.746719;DESPEJADO;RURAL;TRAMO RECTO;PLANA ;ASFALTADA;NULL;NULL;NULL;NULL;IMPRUDENCIA DEL CONDUCTOR;INVASIÓN DE CARRIL;PU-111;2/9/2023;-69.938466
A-2023-09-8;30:00.0;CHOQUE;1;0;NULL;PUNO;EL COLLAO;ILAVE;RURAL;CARRETERA;NACIONAL;PE-3S;-16.096086;DESPEJADO;RURAL;TRAMO RECTO;PLANA ;ASFALTADA;NULL;NULL;NULL;NULL;IMPRUDENCIA DEL CONDUCTOR;OTRO (IMPRUDENCIA DEL CONDUCTOR);Carretera Longitudinal de la Sierra Sur;2/9/2023;-69.620287
A-2023-09-85;56:00.0;ATROPELLO;1;0;NULL;LIMA;LIMA;CARABAYLLO;URBANA;AVENIDA;URBANO;NO CORRESPONDE;-11.864544;DESPEJADO;RESIDENCIAL;INTERSECCIÓN;PLANA ;ASFALTADA;NULL;NULL;NULL;NULL;EN PROCESO DE INVESTIGACIÓN;NO CUENTA CON CAUSA ESPECIFICA;Avenida El Pacayal;2/9/2023;-77.015862
A-2023-09-58;48:00.0;ATROPELLO;1;0;1;CUSCO;ANTA;ANCAHUASI;RURAL;CARRETERA;NACIONAL;PE-3S;-13.468504;DESPEJADO;RURAL;TRAMO RECTO;PLANA ;ASFALTADA;NULL;NULL;NULL;NULL;IMPRUDENCIA DEL PEATÓN;CRUCE INDEBIDO POR LA CALZADA;Carretera Longitudinal de la Sierra Sur;2/9/2023;-72.283308
A-2023-09-118;00:00.0;DESPISTE;1;0;NULL;PUNO;SAN ANTONIO DE PUTINA;SINA;RURAL;CARRETERA;DEPARTAMENTAL;PU-109;-14.498504;DESPEJADO;RURAL;CURVA;PLANA ;TROCHA;NULL;NULL;NULL;NULL;IMPRUDENCIA DEL CONDUCTOR;FATIGA Y/O CANSANCIO;Carretera Sina;2/9/2023;-69.281092
A-2023-09-15;00:00.0;ATROPELLO;1;0;NULL;AREQUIPA;AREQUIPA;CERRO COLORADO;URBANA;CALLE;URBANO;NO CORRESPONDE;-16.331323;SOLEADO;RESIDENCIAL;TRAMO RECTO;PLANA ;ASFALTADA;NO;NULL;NULL;SI;EN PROCESO DE INVESTIGACIÓN;NO CUENTA CON CAUSA ESPECIFICA;Vía Interoceánica Sur - Tramo 5;3/9/2023;-71.590875
A-2023-09-1;30:00.0;CHOQUE FUGA;1;1;1;ANCASH;YUNGAY;MANCOS;RURAL;CARRETERA;NACIONAL;PE-3N;-9.208644;DESPEJADO;RURAL;CURVA;PLANA ;ASFALTADA;SI;PREVENTIVA (P);NULL;SI;EN PROCESO DE INVESTIGACIÓN;NO CUENTA CON CAUSA ESPECIFICA;Carretera Longitudinal de la Sierra Norte;3/9/2023;-77.691247
A-2023-09-59;00:00.0;DESPISTE;2;0;1;LA LIBERTAD;BOLIVAR;BOLIVAR;RURAL;CARRETERA;SIN CLASIFICAR;SIN CLASIFICAR;-7.160297;DESPEJADO;RURAL;TRAMO RECTO;PLANA ;TROCHA;NULL;NULL;NULL;NULL;EN PROCESO DE INVESTIGACIÓN;NO CUENTA CON CAUSA ESPECIFICA;LI-107;3/9/2023;-77.699235
A-2023-09-90;30:00.0;DESPISTE;1;0;1;PIURA;PIURA;CASTILLA;RURAL;CALLE;URBANO;NO CORRESPONDE;-5.193018;DESPEJADO;RURAL;TRAMO RECTO;PLANA ;TROCHA;NULL;NULL;NULL;NULL;IMPRUDENCIA DEL CONDUCTOR;OTRO (IMPRUDENCIA DEL CONDUCTOR);Castilla;3/9/2023;-80.6073
A-2023-09-60;00:00.0;CHOQUE;1;0;2;LA LIBERTAD;SANTIAGO DE CHUCO;SANTIAGO DE CHUCO;URBANA;CALLE;URBANO;NO CORRESPONDE;-8.145349;DESPEJADO;COMERCIAL;TRAMO RECTO;PLANA ;ASFALTADA;NULL;NULL;NULL;NULL;EN PROCESO DE INVESTIGACIÓN;NO CUENTA CON CAUSA ESPECIFICA;Calle Mariscal Castilla;3/9/2023;-78.171795
A-2023-09-57;30:00.0;CHOQUE;1;0;2;LA LIBERTAD;TRUJILLO;VICTOR LARCO HERRERA;URBANA;CARRETERA;NACIONAL;PE-1N;-8.146666;DESPEJADO;COMERCIAL;TRAMO RECTO;PLANA ;ASFALTADA;NULL;NULL;NULL;NULL;EN PROCESO DE INVESTIGACIÓN;NO CUENTA CON CAUSA ESPECIFICA;Carretera Industrial;3/9/2023;-79.030218
A-2023-09-62;40:00.0;ATROPELLO;1;0;NULL;PUNO;SAN ROMAN;JULIACA;URBANA;AVENIDA;URBANO;NO CORRESPONDE;-15.482187;DESPEJADO;RESIDENCIAL;INTERSECCIÓN;PLANA ;ASFALTADA;NULL;NULL;NULL;NULL;IMPRUDENCIA DEL PEATÓN;CRUCE INDEBIDO POR LA CALZADA;Avenida Perú;4/9/2023;-70.121151
A-2023-09-61;20:00.0;ATROPELLO;1;0;1;LA LIBERTAD;SANCHEZ CARRION;HUAMACHUCO;URBANA;PASAJE;URBANO;NO CORRESPONDE;-7.821764;DESPEJADO;RURAL;INTERSECCIÓN;PLANA ;ASFALTADA;NULL;NULL;NULL;NULL;IMPRUDENCIA DEL CONDUCTOR;OTRO (IMPRUDENCIA DEL CONDUCTOR);Huamachuco;4/9/2023;-78.038074
A-2023-09-2;00:00.0;CHOQUE;1;0;2;ICA;NASCA;EL INGENIO;URBANA;CARRETERA;NACIONAL;PE-1S;-14.702352;DESPEJADO;RURAL;TRAMO RECTO;PLANA ;ASFALTADA;NULL;NULL;NULL;NULL;EN PROCESO DE INVESTIGACIÓN;NO CUENTA CON CAUSA ESPECIFICA;Carretera Panamericana Sur;4/9/2023;-75.105315
A-2023-09-91;50:00.0;ATROPELLO;1;0;NULL;PIURA;PIURA;VEINTISEIS DE OCTUBRE;RURAL;CARRETERA;NACIONAL;PE-1N;-5.153668;DESPEJADO;RURAL;TRAMO RECTO;PLANA ;ASFALTADA;NULL;NULL;NULL;NULL;EN PROCESO DE INVESTIGACIÓN;NO CUENTA CON CAUSA ESPECIFICA;Carretera Panamericana Norte;4/9/2023;-80.695158
A-2023-09-34;00:00.0;DESPISTE;1;0;1;APURIMAC;AYMARAES;LUCRE;RURAL;CARRETERA;DEPARTAMENTAL;AP-107;-13.916403;LLUVIOSO;RURAL;CURVA;PLANA ;ASFALTADA;NULL;NULL;NULL;NULL;IMPRUDENCIA DEL CONDUCTOR;EXCESO DE VELOCIDAD;AP-107;5/9/2023;-73.241813
A-2023-09-16;15:00.0;ATROPELLO;1;1;NULL;AREQUIPA;AREQUIPA;PAUCARPATA;URBANA;CALLE;URBANO;NO CORRESPONDE;-16.40645;DESPEJADO;RESIDENCIAL;TRAMO RECTO;PLANA ;ASFALTADA;NULL;NULL;NULL;NULL;EN PROCESO DE INVESTIGACIÓN;NO CUENTA CON CAUSA ESPECIFICA;Avenida Arequipa;5/9/2023;-71.478831
A-2023-09-152;30:00.0;INCENDIO;1;8;1;CAJAMARCA;CELENDIN;CELENDIN;NULL;CARRETERA;PROVINCIAL;CA-1000;-6.875006;DESPEJADO;RESIDENCIAL;CURVA;INCLINADA;AFIRMADO;NULL;NULL;NULL;NULL;EN PROCESO DE INVESTIGACIÓN;NO CUENTA CON CAUSA ESPECIFICA;CA-1000;5/9/2023;-78.174783
A-2023-09-92;10:00.0;DESPISTE;1;0;NULL;PIURA;SECHURA;BELLAVISTA DE LA UNION;RURAL;CARRETERA;PROVINCIAL;PI-1040;-5.438252;DESPEJADO;RURAL;TRAMO RECTO;PLANA ;AFIRMADO;NULL;NULL;NULL;NULL;EN PROCESO DE INVESTIGACIÓN;NO CUENTA CON CAUSA ESPECIFICA;Carretera San Clemente - Bernal;5/9/2023;-80.737267
A-2023-09-3;30:00.0;ATROPELLO FUGA;1;0;NULL;ICA;ICA;SALAS;URBANA;CARRETERA;NACIONAL;PE-1S;-13.916091;DESPEJADO;COMERCIAL;TRAMO RECTO;PLANA ;ASFALTADA;NULL;NULL;NULL;NULL;EN PROCESO DE INVESTIGACIÓN;NO CUENTA CON CAUSA ESPECIFICA;Carretera Panamericana Sur;5/9/2023;-76.009361
A-2023-09-154;40:00.0;CHOQUE;1;2;1;CAJAMARCA;JAEN;BELLAVISTA;RURAL;CARRETERA;NACIONAL;PE-5N;-5.780258;DESPEJADO;RURAL;TRAMO RECTO;INCLINADA;ASFALTADA;SI;PREVENTIVA (P);NULL;SI;IMPRUDENCIA DEL CONDUCTOR;EXCESO DE VELOCIDAD;Carretera Presidente Fernando Belaúnde Terry;6/9/2023;-78.706065
A-2023-09-63;10:00.0;DESPISTE;1;0;1;LA LIBERTAD;ASCOPE;CHOCOPE;RURAL;CARRETERA;DEPARTAMENTAL;LI-102;-7.795505;DESPEJADO;RURAL;TRAMO RECTO;PLANA ;ASFALTADA;NULL;NULL;NULL;NULL;IMPRUDENCIA DEL CONDUCTOR;CONDUCIR EN ESTADO DE EBRIEDAD Y/O DROGADICCIÓN;Carretera Chocope - Cartavio;6/9/2023;-79.219141
A-2023-09-17;20:00.0;ATROPELLO FUGA;1;0;NULL;AREQUIPA;AREQUIPA;AREQUIPA;URBANA;AVENIDA;URBANO;NO CORRESPONDE;-16.410134;DESPEJADO;INDUSTRIAL;TRAMO RECTO;INCLINADA;ASFALTADA;NULL;NULL;NULL;NULL;EN PROCESO DE INVESTIGACIÓN;NO CUENTA CON CAUSA ESPECIFICA;Arequipa;7/9/2023;-71.551039
A-2021-09-267;00:00.0;DESPISTE;1;0;1;CAJAMARCA;JAEN;COLASAY;RURAL;CARRETERA;PROVINCIAL;CA-672;-5.973569;DESPEJADO;RURAL;TRAMO RECTO;INCLINADA;TROCHA;NULL;NULL;NULL;NULL;EN PROCESO DE INVESTIGACIÓN;NO CUENTA CON CAUSA ESPECIFICA;CA-672;25/9/2021;-79.062617
A-2021-09-229;45:00.0;CHOQUE;1;0;2;LAMBAYEQUE;LAMBAYEQUE;MORROPE;RURAL;CARRETERA;NACIONAL;PE-1N;-6.525331;DESPEJADO;RURAL;TRAMO RECTO;INCLINADA;TROCHA;NULL;NULL;NULL;NULL;EN PROCESO DE INVESTIGACIÓN;NO CUENTA CON CAUSA ESPECIFICA;Carretera Panamericana Norte;25/9/2021;-80.040152
A-2021-09-154;00:00.0;DESPISTE;1;0;0;LIMA;LIMA;LIMA;URBANA;AVENIDA;URBANO;NO CORRESPONDE;-12.050135;SOLEADO;RESIDENCIAL;TRAMO RECTO;PLANA ;ASFALTADA;NULL;NULL;NULL;NULL;EN PROCESO DE INVESTIGACIÓN;NO CUENTA CON CAUSA ESPECIFICA;Ciclovía Colonial;25/9/2021;-77.077167
A-2021-09-97;30:00.0;DESPISTE;1;0;1;CAJAMARCA;SAN MARCOS;PEDRO GALVEZ;RURAL;CARRETERA;SIN CLASIFICAR;SIN CLASIFICAR;-7.281821;DESPEJADO;RURAL;TRAMO RECTO;PLANA ;AFIRMADO;NULL;NULL;NULL;NULL;IMPRUDENCIA DEL CONDUCTOR;OTRO (IMPRUDENCIA DEL CONDUCTOR);Pedro Gálvez;25/9/2021;-78.082436
A-2021-09-140;00:00.0;CHOQUE;1;0;2;LA LIBERTAD;VIRU;CHAO;RURAL;CARRETERA;NACIONAL;PE-1N;-8.53713;DESPEJADO;RURAL;TRAMO RECTO;PLANA ;ASFALTADA;NULL;NULL;NULL;NULL;IMPRUDENCIA DEL CONDUCTOR;NO ESTABLECER EL DERECHO DE PASO;Carretera Panamericana Norte;25/9/2021;-78.679147
A-2021-09-211;40:00.0;CHOQUE;1;0;2;LAMBAYEQUE;LAMBAYEQUE;MOCHUMI;RURAL;CARRETERA;NACIONAL;PE-1NJ;-6.532391;SOLEADO;RURAL;TRAMO RECTO;PLANA ;ASFALTADA;NULL;NULL;NULL;NULL;EN PROCESO DE INVESTIGACIÓN;NO CUENTA CON CAUSA ESPECIFICA;Carretera Lambayegue - Olmos;25/9/2021;-79.865197
A-2021-09-111;26:00.0;VOLCADURA;1;0;2;AREQUIPA;AREQUIPA;UCHUMAYO;RURAL;CARRETERA;DEPARTAMENTAL;AR-115;-16.487413;SOLEADO;RURAL;CURVA;INCLINADA;ASFALTADA;NO;NULL;NULL;SI;EN PROCESO DE INVESTIGACIÓN;NO CUENTA CON CAUSA ESPECIFICA;Carretera Cerro Verde;25/9/2021;-71.623575
A-2021-09-246;30:00.0;CHOQUE;1;0;2;JUNIN;JAUJA;JAUJA;RURAL;CARRETERA;NACIONAL;PE-3SA;-11.778941;DESPEJADO;RURAL;INTERSECCIÓN;PLANA ;ASFALTADA;NULL;NULL;NULL;NULL;IMPRUDENCIA DEL CONDUCTOR;CONDUCIR EN ESTADO DE EBRIEDAD Y/O DROGADICCIÓN;Avenida Evitamiento;25/9/2021;-75.483473
A-2021-09-258;30:00.0;DESPISTE;1;0;1;PIURA;PAITA;PAITA;URBANA;CARRETERA;DEPARTAMENTAL;PI-103;-5.101015;DESPEJADO;RURAL;TRAMO RECTO;PLANA ;ASFALTADA;SI;PREVENTIVA (P);REGULADORA (R);NO;EN PROCESO DE INVESTIGACIÓN;NO CUENTA CON CAUSA ESPECIFICA;Avenida Víctor Raúl Haya de la Torre;25/9/2021;-81.109083
A-2021-09-182;00:00.0;ATROPELLO;1;3;1;PIURA;SECHURA;SECHURA;URBANA;CARRETERA;PROVINCIAL;PI-1058;-5.563217;DESPEJADO;RESIDENCIAL;TRAMO RECTO;PLANA ;ASFALTADA;NO;NULL;NULL;SI;EN PROCESO DE INVESTIGACIÓN;NO CUENTA CON CAUSA ESPECIFICA;PI-1058;25/9/2021;-80.811242
A-2021-09-99;50:00.0;VOLCADURA;1;3;1;ICA;NASCA;MARCONA;RURAL;CARRETERA;SIN CLASIFICAR;SIN CLASIFICAR;-15.397595;NUBLADO;RURAL;OTRO;PLANA ;TROCHA;NULL;NULL;NULL;NULL;IMPRUDENCIA DEL CONDUCTOR;CONDUCIR EN ESTADO DE EBRIEDAD Y/O DROGADICCIÓN;San Juan de Marcona;26/9/2021;-75.142132
A-2021-09-142;40:00.0;ATROPELLO;1;0;1;LA LIBERTAD;TRUJILLO;TRUJILLO;URBANA;AVENIDA;URBANO;NO CORRESPONDE;-8.092923;DESPEJADO;COMERCIAL;TRAMO RECTO;PLANA ;ASFALTADA;NULL;NULL;NULL;NULL;EN PROCESO DE INVESTIGACIÓN;NO CUENTA CON CAUSA ESPECIFICA;Avenida Federico Villarreal;26/9/2021;-79.017566
A-2021-09-169;30:00.0;DESPISTE;1;6;1;CUSCO;CHUMBIVILCAS;VELILLE;RURAL;CARRETERA;NACIONAL;PE-3SW;-14.618753;DESPEJADO;RURAL;SINUOSA;INCLINADA;ASFALTADA;NULL;NULL;NULL;NULL;IMPRUDENCIA DEL CONDUCTOR;EXCESO DE VELOCIDAD;PE-3SW;26/9/2021;-71.740671
A-2021-09-141;30:00.0;DESPISTE;1;11;1;SAN MARTIN;MOYOBAMBA;MOYOBAMBA;RURAL;CARRETERA;DEPARTAMENTAL;SM-100;-6.049048;DESPEJADO;RURAL;CURVA;INCLINADA;CASCAJO/RIPIO;NULL;NULL;NULL;NULL;EN PROCESO DE INVESTIGACIÓN;NO CUENTA CON CAUSA ESPECIFICA;Carretera Presidente Fernando Belaúnde Terry;26/9/2021;-76.956868
A-2021-09-105;00:00.0;ATROPELLO FUGA;1;0;0;AREQUIPA;AREQUIPA;SACHACA;URBANA;AVENIDA;URBANO;NO CORRESPONDE;-16.417334;DESPEJADO;RESIDENCIAL;TRAMO RECTO;PLANA ;ASFALTADA;NULL;NULL;NULL;NULL;EN PROCESO DE INVESTIGACIÓN;NO CUENTA CON CAUSA ESPECIFICA;Avenida Progreso;26/9/2021;-71.583486
A-2021-09-115;00:00.0;VOLCADURA;1;0;1;TUMBES;ZARUMILLA;MATAPALO;RURAL;CARRETERA;PROVINCIAL;TU-524;-3.691311;DESPEJADO;RURAL;TRAMO RECTO;INCLINADA;TROCHA;NULL;NULL;NULL;NULL;IMPRUDENCIA DEL CONDUCTOR;CONDUCIR EN ESTADO DE EBRIEDAD Y/O DROGADICCIÓN;TU-526;27/9/2021;-80.265314
A-2021-09-248;20:00.0;DESPISTE;1;0;1;JUNIN;HUANCAYO;HUANCAYO;URBANA;AVENIDA;URBANO;NO CORRESPONDE;-12.06235;DESPEJADO;COMERCIAL;INTERSECCIÓN;PLANA ;ASFALTADA;NULL;NULL;NULL;NULL;IMPRUDENCIA DEL CONDUCTOR;CONDUCIR EN ESTADO DE EBRIEDAD Y/O DROGADICCIÓN;Prolongación Cusco;27/9/2021;-75.20229
A-2021-09-181;30:00.0;DESPISTE;1;1;1;CUSCO;CANCHIS;CHECACUPE;RURAL;CARRETERA;NACIONAL;PE-3S;-13.993419;DESPEJADO;RURAL;TRAMO RECTO;PLANA ;ASFALTADA;NULL;NULL;NULL;NULL;IMPRUDENCIA DEL CONDUCTOR;EXCESO DE VELOCIDAD;Carretera Longitudinal de la Sierra Sur;27/9/2021;-71.462639