CÓDIGO SINIESTRO;HORA SINIESTRO;CLASE SINIESTRO;CANTIDAD DE FALLECIDOS;CANTIDAD DE LESIONADOS;CANTIDAD DE VEHICULOS DAÑADOS;DEPARTAMENTO;PROVINCIA;DISTRITO;ZONA;TIPO DE VÍA;RED VIAL;COD CARRETERA;COORDENADAS LATITUD;CONDICIÓN CLIMÁTICA;ZONIFICACIÓN;CARACTERÍSTICAS DE VÍA;PERFIL LONGITUDINAL VÍA;SUPERFICIE DE CALZADA;¿EXISTE SEÑAL VERTICAL?;CLASIFICACIÓN DE LA SEÑAL VERTICAL Nº 1;CLASIFICACIÓN DE LA SEÑAL VERTICAL Nº 2;¿EXISTE SEÑAL HORIZONTAL?;CAUSA FACTOR PRINCIPAL;CAUSA ESPECÍFICA;UBICACION;FECHA SINIESTRO;COORDENADAS LONGITUD
A-2021-09-247;11:00.0;DESPISTE;4;2;0;JUNIN;JAUJA;LLOCLLAPAMPA;RURAL;CARRETERA;NACIONAL;PE-3S;-11.783232;DESPEJADO;RURAL;CURVA;PLANA ;ASFALTADA;NULL;NULL;NULL;NULL;IMPRUDENCIA DEL CONDUCTOR;EXCESO DE VELOCIDAD;Carretera Longitudinal de la Sierra Sur;27/9/2021;-75.575759
A-2021-09-108;35:00.0;CHOQUE;3;3;2;AREQUIPA;AREQUIPA;LA JOYA;RURAL;CARRETERA;NACIONAL;PE-1S;-16.510706;DESPEJADO;RURAL;TRAMO RECTO;PLANA ;ASFALTADA;SI;REGULADORA (R);REGULADORA (R);NO;IMPRUDENCIA DEL CONDUCTOR;INVASIÓN DE CARRIL;Carretera Panamericana Sur;27/9/2021;-71.812045
A-2021-09-161;00:00.0;DESPISTE;1;1;1;ANCASH;POMABAMBA;PAROBAMBA;RURAL;CARRETERA;PROVINCIAL;AN-585;-8.696071;DESPEJADO;RURAL;CURVA;INCLINADA;AFIRMADO;NULL;NULL;NULL;NULL;NEGLIGENCIA DEL CONDUCTOR;OTRO (NEGLIGENCIA DEL CONDUCTOR);Parobamba;27/9/2021;-77.431297
A-2021-09-216;00:00.0;CHOQUE FUGA;1;3;1;LAMBAYEQUE;LAMBAYEQUE;OLMOS;RURAL;CARRETERA;NACIONAL;PE-1NJ;-5.96279;DESPEJADO;RURAL;TRAMO RECTO;PLANA ;ASFALTADA;NULL;NULL;NULL;NULL;EN PROCESO DE INVESTIGACIÓN;NO CUENTA CON CAUSA ESPECIFICA;Carretera Interoceánica Norte;27/9/2021;-79.753517
A-2021-09-156;00:00.0;ATROPELLO;1;0;0;LIMA;LIMA;LURIN;URBANA;AVENIDA;URBANO;NO CORRESPONDE;-12.277608;NUBLADO;COMERCIAL;TRAMO RECTO;PLANA ;ASFALTADA;NULL;NULL;NULL;NULL;EN PROCESO DE INVESTIGACIÓN;NO CUENTA CON CAUSA ESPECIFICA;Auxiliar Antigua Panamericana Sur;27/9/2021;-76.869489
A-2021-09-155;30:00.0;ATROPELLO;1;0;0;LIMA;LIMA;BREÑA;URBANA;AVENIDA;URBANO;NO CORRESPONDE;-12.068308;DESPEJADO;COMERCIAL;TRAMO RECTO;PLANA ;ASFALTADA;NULL;NULL;NULL;NULL;EN PROCESO DE INVESTIGACIÓN;NO CUENTA CON CAUSA ESPECIFICA;Avenida Brasil;27/9/2021;-77.048368
A-2021-09-236;20:00.0;DESPISTE;3;3;1;AYACUCHO;LA MAR;CHUNGUI;RURAL;CARRETERA;DEPARTAMENTAL;AY-102;-13.221061;LLUVIOSO;RURAL;CURVA;INCLINADA;TROCHA;NULL;NULL;NULL;NULL;EN PROCESO DE INVESTIGACIÓN;NO CUENTA CON CAUSA ESPECIFICA;AY-102;28/9/2021;-73.629836
A-2021-09-177;46:00.0;ATROPELLO;1;0;0;LORETO;MAYNAS;IQUITOS;URBANA;CALLE;URBANO;NO CORRESPONDE;-3.75534;SOLEADO;COMERCIAL;INTERSECCIÓN;PLANA ;ASFALTADA;NULL;NULL;NULL;NULL;EN PROCESO DE INVESTIGACIÓN;NO CUENTA CON CAUSA ESPECIFICA;Calle Lourdes de León;28/9/2021;-73.271283
A-2021-09-205;30:00.0;CHOQUE;1;2;NULL;PIURA;PIURA;VEINTISEIS DE OCTUBRE;URBANA;CARRETERA;NACIONAL;PE-02;-5.178513;NULL;NULL;NULL;NULL;NULL;NULL;NULL;NULL;NULL;EN PROCESO DE INVESTIGACIÓN;NO CUENTA CON CAUSA ESPECIFICA;Avenida Sánchez Cerro;29/9/2021;-80.666801
A-2021-09-233;30:00.0;CHOQUE;1;0;3;PUNO;MOHO;MOHO;RURAL;CARRETERA;NACIONAL;PE-34I;-15.31498;DESPEJADO;RURAL;TRAMO RECTO;PLANA ;ASFALTADA;NULL;NULL;NULL;NULL;IMPRUDENCIA DEL CONDUCTOR;EXCESO DE VELOCIDAD;PE-34I;29/9/2021;-69.563683
A-2021-09-222;30:00.0;ATROPELLO;1;0;NULL;LIMA;LIMA;SAN JUAN DE LURIGANCHO;URBANA;AVENIDA;URBANO;NO CORRESPONDE;-11.9369;SOLEADO;RESIDENCIAL;INTERSECCIÓN;PLANA ;ASFALTADA;NULL;NULL;NULL;NULL;IMPRUDENCIA DEL CONDUCTOR;OTRO (IMPRUDENCIA DEL CONDUCTOR);Avenida Fernando Wiesse;29/9/2021;-76.971132
A-2021-09-217;30:00.0;DESPISTE;1;0;1;JUNIN;JAUJA;PARCO;RURAL;CALLE;URBANO;NO CORRESPONDE;-11.820974;DESPEJADO;RURAL;PASE A DESNIVEL;INCLINADA;TROCHA;NULL;NULL;NULL;NULL;IMPRUDENCIA DEL CONDUCTOR;OTRO (IMPRUDENCIA DEL CONDUCTOR);Parco;29/9/2021;-75.507486
A-2021-09-224;00:00.0;ATROPELLO;1;0;0;LIMA;LIMA;LIMA;URBANA;AVENIDA;URBANO;NO CORRESPONDE;-12.062738;SOLEADO;COMERCIAL;TRAMO RECTO;PLANA ;ASFALTADA;NULL;NULL;NULL;NULL;EN PROCESO DE INVESTIGACIÓN;NO CUENTA CON CAUSA ESPECIFICA;Avenida Brasil;29/9/2021;-77.043553
A-2021-09-265;06:00.0;CHOQUE;1;0;2;CAJAMARCA;JAEN;JAEN;URBANA;OTRO;URBANO;NO CORRESPONDE;-5.703239;DESPEJADO;RESIDENCIAL;INTERSECCIÓN;PLANA ;CONCRETO;NULL;NULL;NULL;NULL;EN PROCESO DE INVESTIGACIÓN;NO CUENTA CON CAUSA ESPECIFICA;Atahualpa;29/9/2021;-78.807528
A-2021-09-223;00:00.0;CHOQUE;1;0;0;LIMA;LIMA;LURIN;URBANA;AVENIDA;URBANO;NO CORRESPONDE;-12.275766;SOLEADO;COMERCIAL;TRAMO RECTO;PLANA ;ASFALTADA;NULL;NULL;NULL;NULL;EN PROCESO DE INVESTIGACIÓN;NO CUENTA CON CAUSA ESPECIFICA;Antigua Panamericana Sur;29/9/2021;-76.870909
A-2021-09-226;48:00.0;CHOQUE CON OBJETO FIJO;1;1;1;LIMA;LIMA;COMAS;URBANA;AVENIDA;URBANO;NO CORRESPONDE;-11.951161;DESPEJADO;ESCOLAR;TRAMO RECTO;PLANA ;ASFALTADA;NULL;NULL;NULL;NULL;EN PROCESO DE INVESTIGACIÓN;NO CUENTA CON CAUSA ESPECIFICA;Avenida Túpac Amaru;30/9/2021;-77.050563
A-2021-09-237;00:00.0;DESPISTE;1;3;1;AYACUCHO;LA MAR;CHUNGUI;RURAL;CARRETERA;DEPARTAMENTAL;AY-102;-13.216081;DESPEJADO;RURAL;CURVA;INCLINADA;ASFALTADA;NULL;NULL;NULL;NULL;IMPRUDENCIA DEL CONDUCTOR;EXCESO DE VELOCIDAD;AY-102;30/9/2021;-73.634727
A-2021-09-275;00:00.0;VOLCADURA;1;0;1;SAN MARTIN;PICOTA;SAN HILARION;RURAL;CARRETERA;NACIONAL;PE-5N;-6.99929;DESPEJADO;RURAL;TRAMO RECTO;PLANA ;ASFALTADA;NO;NULL;NULL;SI;IMPRUDENCIA DEL CONDUCTOR;CONDUCIR EN ESTADO DE EBRIEDAD Y/O DROGADICCIÓN;San Cristobal de Sisa;30/9/2021;-76.44187
A-2021-09-213;20:00.0;CHOQUE;1;3;2;CAJAMARCA;CONTUMAZA;YONAN;RURAL;CARRETERA;NACIONAL;PE-08;-7.239264;SOLEADO;RURAL;TRAMO RECTO;PLANA ;AFIRMADO;NO;NULL;NULL;NO;IMPRUDENCIA DEL CONDUCTOR;INVASIÓN DE CARRIL;Carretera Ciudad de Dios - Cajamarca;30/9/2021;-79.222296
A-2021-09-230;45:00.0;CHOQUE;1;0;2;PUNO;LAMPA;CALAPUJA;RURAL;CARRETERA;NACIONAL;PE-3S;-15.345806;DESPEJADO;RURAL;TRAMO RECTO;PLANA ;ASFALTADA;NULL;NULL;NULL;NULL;IMPRUDENCIA DEL CONDUCTOR;CONDUCIR EN SENTIDO CONTRARIO;Carretera Longitudinal de la Sierra Sur;30/9/2021;-70.180711
A-2021-09-227;00:00.0;ATROPELLO;1;0;1;PUNO;SAN ROMAN;JULIACA;URBANA;CARRETERA;NACIONAL;PE-3S;-15.463446;DESPEJADO;RURAL;TRAMO RECTO;PLANA ;ASFALTADA;NULL;NULL;NULL;NULL;IMPRUDENCIA DEL PEATÓN;CRUCE INDEBIDO POR LA CALZADA;Avenida Independencia;30/9/2021;-70.138932
A-2021-10-237;55:00.0;CHOQUE;1;0;NULL;CAJAMARCA;JAEN;JAEN;RURAL;CARRETERA;NACIONAL;PE-5N;-5.832726;DESPEJADO;RURAL;CURVA;INCLINADA;ASFALTADA;NULL;NULL;NULL;NULL;EN PROCESO DE INVESTIGACIÓN;NO CUENTA CON CAUSA ESPECIFICA;Carretera Presidente Fernando Belaúnde Terry;1/10/2021;-78.748357
A-2021-10-254;30:00.0;CHOQUE;1;0;2;LIMA;BARRANCA;SUPE;RURAL;CARRETERA;NACIONAL;PE-1N;-10.856982;DESPEJADO;RURAL;TRAMO RECTO;PLANA ;ASFALTADA;NULL;NULL;NULL;NULL;EN PROCESO DE INVESTIGACIÓN;NO CUENTA CON CAUSA ESPECIFICA;Carretera Panamericana Norte;1/10/2021;-77.690725
A-2021-10-40;30:00.0;ATROPELLO FUGA;1;0;0;LIMA;LIMA;SAN JUAN DE LURIGANCHO;URBANA;AVENIDA;URBANO;NO CORRESPONDE;-11.986788;DESPEJADO;COMERCIAL;TRAMO RECTO;PLANA ;ASFALTADA;NULL;NULL;NULL;NULL;EN PROCESO DE INVESTIGACIÓN;NO CUENTA CON CAUSA ESPECIFICA;Avenida Las Flores de Primavera;1/10/2021;-77.015744
A-2021-10-279;00:00.0;CHOQUE;1;0;2;ANCASH;SANTA;SANTA;URBANA;CARRETERA;NACIONAL;PE-1N;-8.998258;DESPEJADO;RESIDENCIAL;TRAMO RECTO;PLANA ;ASFALTADA;NULL;NULL;NULL;NULL;EN PROCESO DE INVESTIGACIÓN;NO CUENTA CON CAUSA ESPECIFICA;Panamericana Norte;1/10/2021;-78.617978
A-2021-10-70;40:00.0;DESPISTE;3;1;1;LA LIBERTAD;PATAZ;PIAS;URBANA;CARRETERA;PROVINCIAL;LI-865;-7.89231;DESPEJADO;RURAL;TRAMO RECTO;PLANA ;TROCHA;NULL;NULL;NULL;NULL;IMPRUDENCIA DEL CONDUCTOR;ADELANTAR INDEBIDAMENTE;LI-863;1/10/2021;-77.560534
A-2021-10-2;00:00.0;DESPISTE;5;25;1;HUANCAVELICA;HUAYTARA;TAMBO;RURAL;CARRETERA;NACIONAL;PE-28A;-13.502082;DESPEJADO;RURAL;SINUOSA;PLANA ;ASFALTADA;NULL;NULL;NULL;NULL;EN PROCESO DE INVESTIGACIÓN;NO CUENTA CON CAUSA ESPECIFICA;Vía de los Libertadores;2/10/2021;-75.138908
A-2021-10-19;00:00.0;DESPISTE;1;1;NULL;ANCASH;SIHUAS;CASHAPAMPA;RURAL;CARRETERA;NACIONAL;PE-14C;-8.595566;NULL;NULL;NULL;NULL;NULL;NULL;NULL;NULL;NULL;EN PROCESO DE INVESTIGACIÓN;NO CUENTA CON CAUSA ESPECIFICA;Carretera Longitudinal de Conchucos;2/10/2021;-77.655793
A-2021-10-4;30:00.0;ATROPELLO FUGA;1;0;1;PIURA;PIURA;CATACAOS;URBANA;CARRETERA;NACIONAL;PE-1N;-5.228525;DESPEJADO;COMERCIAL;TRAMO RECTO;PLANA ;ASFALTADA;SI;INFORMATIVA (I);NULL;NO;EN PROCESO DE INVESTIGACIÓN;NO CUENTA CON CAUSA ESPECIFICA;Carretera Panamericana Norte;2/10/2021;-80.65309
A-2021-10-288;30:00.0;DESPISTE;1;1;NULL;JUNIN;CHUPACA;HUACHAC;RURAL;CARRETERA;PROVINCIAL;JU-868;-12.052939;DESPEJADO;RURAL;TRAMO RECTO;INCLINADA;TROCHA;NULL;NULL;NULL;NULL;IMPRUDENCIA DEL CONDUCTOR;OTRO (IMPRUDENCIA DEL CONDUCTOR);Huayao;2/10/2021;-75.352517
A-2021-10-3;00:00.0;CHOQUE;1;0;2;ICA;ICA;SALAS;RURAL;CARRETERA;NACIONAL;PE-1S;-13.951114;DESPEJADO;RURAL;TRAMO RECTO;PLANA ;ASFALTADA;NULL;NULL;NULL;NULL;EN PROCESO DE INVESTIGACIÓN;NO CUENTA CON CAUSA ESPECIFICA;Carretera Panamericana Sur;2/10/2021;-75.79674
A-2021-10-239;22:00.0;ATROPELLO;1;0;NULL;LAMBAYEQUE;CHICLAYO;LA VICTORIA;URBANA;OTRO;URBANO;NO CORRESPONDE;-6.796301;DESPEJADO;COMERCIAL;INTERSECCIÓN;PLANA ;ASFALTADA;NULL;NULL;NULL;NULL;IMPRUDENCIA DEL CONDUCTOR;EXCESO DE VELOCIDAD;Avenida Los Amautas;2/10/2021;-79.843871
A-2021-10-9;20:00.0;CHOQUE;1;0;NULL;APURIMAC;ANDAHUAYLAS;JOSE MARIA ARGUEDAS;RURAL;CARRETERA;PROVINCIAL;AP-693;-13.768231;DESPEJADO;RURAL;CURVA;INCLINADA;AFIRMADO;NULL;NULL;NULL;NULL;IMPRUDENCIA DEL CONDUCTOR;CONDUCIR EN ESTADO DE EBRIEDAD Y/O DROGADICCIÓN;AP-685;2/10/2021;-73.365872
A-2021-10-270;00:00.0;CHOQUE FUGA;1;0;NULL;LORETO;MAYNAS;SAN JUAN BAUTISTA;RURAL;CARRETERA;DEPARTAMENTAL;LO-103;-3.843166;NULL;NULL;NULL;NULL;NULL;NULL;NULL;NULL;NULL;EN PROCESO DE INVESTIGACIÓN;NO CUENTA CON CAUSA ESPECIFICA;Carretera Iquitos - Nauta;2/10/2021;-73.334867
A-2021-10-263;40:00.0;CHOQUE;1;0;2;LIMA;BARRANCA;BARRANCA;URBANA;AVENIDA;URBANO;NO CORRESPONDE;-10.752897;LLUVIOSO;COMERCIAL;INTERSECCIÓN;PLANA ;ASFALTADA;NULL;NULL;NULL;NULL;EN PROCESO DE INVESTIGACIÓN;NO CUENTA CON CAUSA ESPECIFICA;Avenida Lima;3/10/2021;-77.758141
A-2021-10-1;30:00.0;ATROPELLO FUGA;1;0;0;PUNO;EL COLLAO;ILAVE;RURAL;CARRETERA;NACIONAL;PE-38A;-16.164515;DESPEJADO;RURAL;TRAMO RECTO;PLANA ;ASFALTADA;NULL;NULL;NULL;NULL;EN PROCESO DE INVESTIGACIÓN;NO CUENTA CON CAUSA ESPECIFICA;Carretera Mazocruz - Ilave;3/10/2021;-69.649208
A-2021-10-73;27:00.0;ATROPELLO;1;0;1;LA LIBERTAD;PATAZ;PARCOY;RURAL;CARRETERA;PROVINCIAL;LI-893;-8.021766;DESPEJADO;RURAL;TRAMO RECTO;PLANA ;ASFALTADA;NULL;NULL;NULL;NULL;NEGLIGENCIA DEL CONDUCTOR;OTRO (NEGLIGENCIA DEL CONDUCTOR);Retamas;3/10/2021;-77.476395
A-2021-10-264;50:00.0;CHOQUE;1;0;2;LIMA;BARRANCA;BARRANCA;RURAL;CARRETERA;DEPARTAMENTAL;LM-100;-10.776718;DESPEJADO;RURAL;TRAMO RECTO;PLANA ;ASFALTADA;NULL;NULL;NULL;NULL;EN PROCESO DE INVESTIGACIÓN;NO CUENTA CON CAUSA ESPECIFICA;Antigua Panamericana Norte;3/10/2021;-77.745062
A-2021-10-41;40:00.0;DESPISTE;1;1;1;LIMA;LIMA;SAN MARTIN DE PORRES;URBANA;AVENIDA;URBANO;NO CORRESPONDE;-11.990742;DESPEJADO;COMERCIAL;INTERSECCIÓN;PLANA ;ASFALTADA;NULL;NULL;NULL;NULL;EN PROCESO DE INVESTIGACIÓN;NO CUENTA CON CAUSA ESPECIFICA;Avenida 12 de Octubre;3/10/2021;-77.09302
A-2021-10-275;40:00.0;ATROPELLO;1;0;NULL;SAN MARTIN;SAN MARTIN;TARAPOTO;URBANA;JIRÓN;URBANO;NO CORRESPONDE;-6.48395;DESPEJADO;COMERCIAL;TRAMO RECTO;PLANA ;ASFALTADA;NO;NULL;NULL;SI;EN PROCESO DE INVESTIGACIÓN;NO CUENTA CON CAUSA ESPECIFICA;Jirón Tupac Amaru;3/10/2021;-76.37267
A-2021-10-71;10:00.0;ATROPELLO;1;0;1;LA LIBERTAD;ASCOPE;CHICAMA;URBANA;CARRETERA;NACIONAL;PE-1N;-7.920846;DESPEJADO;INDUSTRIAL;TRAMO RECTO;PLANA ;ASFALTADA;NULL;NULL;NULL;NULL;EN PROCESO DE INVESTIGACIÓN;NO CUENTA CON CAUSA ESPECIFICA;Carretera Panamericana Norte;3/10/2021;-79.110318
A-2021-10-11;20:00.0;ATROPELLO FUGA;1;0;NULL;TACNA;TACNA;CORONEL GREGORIO ALBARRACIN LANCHIPA;URBANA;AVENIDA;URBANO;NO CORRESPONDE;-18.029904;LLUVIOSO;INDUSTRIAL;TRAMO RECTO;PLANA ;ASFALTADA;NULL;NULL;NULL;NULL;IMPRUDENCIA DEL PEATÓN;ESTADO DE EBRIEDAD Y/O DROGADICCIÓN;Avenida Municipal;3/10/2021;-70.251254
A-2021-10-72;00:00.0;ATROPELLO FUGA;1;0;0;LA LIBERTAD;VIRU;CHAO;RURAL;CARRETERA;NACIONAL;PE-1N;-8.537008;DESPEJADO;RURAL;TRAMO RECTO;PLANA ;ASFALTADA;NULL;NULL;NULL;NULL;EN PROCESO DE INVESTIGACIÓN;NO CUENTA CON CAUSA ESPECIFICA;Carretera Panamericana Norte;3/10/2021;-78.67925
A-2021-10-21;00:00.0;DESPISTE;1;0;1;CAJAMARCA;CUTERVO;CUTERVO;RURAL;CARRETERA;PROVINCIAL;CA-825;-6.344248;DESPEJADO;RURAL;CURVA;PLANA ;AFIRMADO;NULL;NULL;NULL;NULL;IMPRUDENCIA DEL CONDUCTOR;CONDUCIR EN ESTADO DE EBRIEDAD Y/O DROGADICCIÓN;CA-825;4/10/2021;-78.906655
A-2021-10-7;50:00.0;CHOQUE;1;9;NULL;CAJAMARCA;CAJAMARCA;SAN JUAN;RURAL;CARRETERA;NACIONAL;PE-08;-7.257916;DESPEJADO;RURAL;TRAMO RECTO;INCLINADA;ASFALTADA;NULL;NULL;NULL;NULL;IMPRUDENCIA DEL CONDUCTOR;INVASIÓN DE CARRIL;Carretera Ciudad de Dios - Cajamarca;4/10/2021;-78.506222
A-2021-10-155;45:00.0;ESPECIAL;1;0;NULL;CUSCO;ESPINAR;PALLPATA;NULL;CARRETERA;PROVINCIAL;CU-1758;-14.901627;DESPEJADO;RURAL;TRAMO RECTO;PLANA ;ASFALTADA;NULL;NULL;NULL;NULL;NEGLIGENCIA DEL CONDUCTOR;OTRO (NEGLIGENCIA DEL CONDUCTOR);CU-1758;4/10/2021;-71.093269
A-2021-10-265;30:00.0;CHOQUE;1;0;2;LIMA;BARRANCA;PATIVILCA;RURAL;CARRETERA;NACIONAL;PE-16A;-10.660913;SOLEADO;RURAL;TRAMO RECTO;PLANA ;ASFALTADA;NULL;NULL;NULL;NULL;EN PROCESO DE INVESTIGACIÓN;NO CUENTA CON CAUSA ESPECIFICA;PE-16A;4/10/2021;-77.614195
A-2021-10-199;51:00.0;DESPISTE;1;0;1;CUSCO;URUBAMBA;OLLANTAYTAMBO;RURAL;CARRETERA;DEPARTAMENTAL;CU-106;-13.248448;DESPEJADO;RURAL;CURVA;PLANA ;AFIRMADO;NULL;NULL;NULL;NULL;IMPRUDENCIA DEL CONDUCTOR;EXCESO DE VELOCIDAD;Camino a Willoq;4/10/2021;-72.254118
A-2021-10-12;30:00.0;CHOQUE FUGA;1;1;1;PUNO;EL COLLAO;ILAVE;RURAL;CARRETERA;NACIONAL;PE-38A;-16.096062;DESPEJADO;RURAL;TRAMO RECTO;PLANA ;ASFALTADA;SI;PREVENTIVA (P);REGULADORA (R);SI;IMPRUDENCIA DEL CONDUCTOR;OTRO (IMPRUDENCIA DEL CONDUCTOR);Carretera Mazocruz - Ilave;4/10/2021;-69.633408
A-2021-10-240;00:00.0;DESPISTE;1;1;1;LAMBAYEQUE;CHICLAYO;TUMAN;RURAL;CARRETERA;PROVINCIAL;LA-758;-6.80105;DESPEJADO;RURAL;CURVA;INCLINADA;ASFALTADA;NULL;NULL;NULL;NULL;IMPRUDENCIA DEL CONDUCTOR;CONDUCIR EN ESTADO DE EBRIEDAD Y/O DROGADICCIÓN;LA-758;4/10/2021;-79.685641
A-2021-10-6;30:00.0;VOLCADURA;1;0;1;AREQUIPA;ISLAY;MEJIA;RURAL;CARRETERA;NACIONAL;PE-1SD;-17.086751;DESPEJADO;RURAL;CURVA;INCLINADA;ASFALTADA;SI;REGULADORA (R);PREVENTIVA (P);SI;EN PROCESO DE INVESTIGACIÓN;NO CUENTA CON CAUSA ESPECIFICA;Carretera Costanera Sur;5/10/2021;-71.916428
A-2021-10-20;50:00.0;DESPISTE;1;19;1;ANCASH;RECUAY;CATAC;RURAL;CARRETERA;NACIONAL;PE-3N;-9.923045;DESPEJADO;RURAL;TRAMO RECTO;INCLINADA;ASFALTADA;NULL;NULL;NULL;NULL;IMPRUDENCIA DEL CONDUCTOR;OTRO (IMPRUDENCIA DEL CONDUCTOR);Carretera Longitudinal de la Sierra Norte;5/10/2021;-77.387271
A-2021-10-16;50:00.0;CHOQUE;1;1;2;PIURA;MORROPON;LA MATANZA;RURAL;CARRETERA;NACIONAL;PE-1NJ;-5.391297;DESPEJADO;RURAL;TRAMO RECTO;PLANA ;ASFALTADA;SI;PREVENTIVA (P);NULL;NO;EN PROCESO DE INVESTIGACIÓN;NO CUENTA CON CAUSA ESPECIFICA;Carretera Interoceánica Norte;5/10/2021;-80.048232
A-2021-10-94;30:00.0;VOLCADURA;1;0;1;ANCASH;HUARAZ;HUARAZ;URBANA;CARRETERA;NACIONAL;PE-3N;-9.535527;DESPEJADO;COMERCIAL;INTERSECCIÓN;PLANA ;CONCRETO;NULL;NULL;NULL;NULL;EN PROCESO DE INVESTIGACIÓN;NO CUENTA CON CAUSA ESPECIFICA;Avenida 27 de Noviembre;5/10/2021;-77.531971
A-2021-10-42;30:00.0;ATROPELLO;1;0;0;LIMA;LIMA;INDEPENDENCIA;URBANA;AVENIDA;URBANO;NO CORRESPONDE;-12.009351;DESPEJADO;RESIDENCIAL;TRAMO RECTO;PLANA ;ASFALTADA;NULL;NULL;NULL;NULL;EN PROCESO DE INVESTIGACIÓN;NO CUENTA CON CAUSA ESPECIFICA;Avenida Los Ficus;5/10/2021;-77.051829
A-2021-10-266;05:00.0;ATROPELLO FUGA;1;0;1;JUNIN;CONCEPCION;CONCEPCION;RURAL;CARRETERA;NACIONAL;PE-3S;-11.906613;DESPEJADO;RURAL;TRAMO RECTO;PLANA ;ASFALTADA;NULL;NULL;NULL;NULL;IMPRUDENCIA DEL PEATÓN;ESTADO DE EBRIEDAD Y/O DROGADICCIÓN;Carretera Longitudinal de la Sierra Sur;5/10/2021;-75.331392
A-2021-10-14;30:00.0;DESPISTE;1;5;1;AREQUIPA;CAYLLOMA;CHIVAY;RURAL;CARRETERA;DEPARTAMENTAL;AR-109;-15.688877;SOLEADO;RURAL;CURVA;INCLINADA;ASFALTADA;SI;PREVENTIVA (P);PREVENTIVA (P);SI;EN PROCESO DE INVESTIGACIÓN;NO CUENTA CON CAUSA ESPECIFICA;Carretera al Colca;6/10/2021;-71.593917
A-2021-10-267;00:00.0;VOLCADURA;1;0;2;JUNIN;JAUJA;LEONOR ORDOÑEZ;RURAL;CARRETERA;NACIONAL;PE-3SB;-11.848803;DESPEJADO;RURAL;TRAMO RECTO;PLANA ;ASFALTADA;NULL;NULL;NULL;NULL;IMPRUDENCIA DEL CONDUCTOR;OTRO (IMPRUDENCIA DEL CONDUCTOR);Carretera Central Margen Derecha;6/10/2021;-75.42382
A-2021-10-13;00:00.0;CHOQUE;2;7;2;AREQUIPA;AREQUIPA;VITOR;RURAL;CARRETERA;PROVINCIAL;AR-743;-16.576701;SOLEADO;RURAL;TRAMO RECTO;PLANA ;ASFALTADA;NO;NULL;NULL;SI;EN PROCESO DE INVESTIGACIÓN;NO CUENTA CON CAUSA ESPECIFICA;AR-743;6/10/2021;-71.932539
A-2021-10-43;30:00.0;ATROPELLO;1;0;0;LIMA;LIMA;SANTIAGO DE SURCO;URBANA;CARRETERA;NACIONAL;PE-1S;-12.131348;DESPEJADO;COMERCIAL;TRAMO RECTO;PLANA ;ASFALTADA;NULL;NULL;NULL;NULL;EN PROCESO DE INVESTIGACIÓN;NO CUENTA CON CAUSA ESPECIFICA;Carretera Panamericana Sur;6/10/2021;-76.978353
A-2021-10-241;50:00.0;CAÍDA DE PASAJERO;1;0;1;LAMBAYEQUE;CHICLAYO;CHICLAYO;URBANA;OTRO;URBANO;NO CORRESPONDE;-6.778691;DESPEJADO;COMERCIAL;OTRO;INCLINADA;CONCRETO;NULL;NULL;NULL;NULL;EN PROCESO DE INVESTIGACIÓN;NO CUENTA CON CAUSA ESPECIFICA;Andrés Avelino Cáceres;6/10/2021;-79.832728
A-2021-10-86;30:00.0;DESPISTE;1;0;NULL;ANCASH;RECUAY;MARCA;RURAL;CARRETERA;PROVINCIAL;AN-1239;-10.15168;DESPEJADO;RURAL;TRAMO RECTO;INCLINADA;TROCHA;NULL;NULL;NULL;NULL;EN PROCESO DE INVESTIGACIÓN;NO CUENTA CON CAUSA ESPECIFICA;Marca;7/10/2021;-77.475522
A-2021-10-163;40:00.0;ATROPELLO;1;0;1;CAJAMARCA;CAJAMARCA;CAJAMARCA;URBANA;AVENIDA;URBANO;NO CORRESPONDE;-7.165672;DESPEJADO;RESIDENCIAL;TRAMO RECTO;PLANA ;ASFALTADA;SI;PREVENTIVA (P);NULL;SI;EN PROCESO DE INVESTIGACIÓN;NO CUENTA CON CAUSA ESPECIFICA;Avenida Atahualpa;7/10/2021;-78.505686
A-2021-10-222;00:00.0;ATROPELLO FUGA;1;0;1;PIURA;PIURA;VEINTISEIS DE OCTUBRE;URBANA;CARRETERA;NACIONAL;PE-02;-5.169773;DESPEJADO;INDUSTRIAL;PASE A DESNIVEL;PLANA ;ASFALTADA;SI;PREVENTIVA (P);INFORMATIVA (I);NO;EN PROCESO DE INVESTIGACIÓN;NO CUENTA CON CAUSA ESPECIFICA;Carretera Paita - Piura;7/10/2021;-80.691237
A-2021-10-34;00:00.0;CHOQUE;2;2;NULL;PIURA;MORROPON;CHULUCANAS;RURAL;CARRETERA;NACIONAL;PE-1NJ;-5.14669;DESPEJADO;RURAL;TRAMO RECTO;PLANA ;ASFALTADA;NULL;NULL;NULL;NULL;EN PROCESO DE INVESTIGACIÓN;NO CUENTA CON CAUSA ESPECIFICA;Carretera Interoceánica Norte;7/10/2021;-80.269904