CÓDIGO SINIESTRO;HORA SINIESTRO;CLASE SINIESTRO;CANTIDAD DE FALLECIDOS;CANTIDAD DE LESIONADOS;CANTIDAD DE VEHICULOS DAÑADOS;DEPARTAMENTO;PROVINCIA;DISTRITO;ZONA;TIPO DE VÍA;RED VIAL;COD CARRETERA;COORDENADAS LATITUD;CONDICIÓN CLIMÁTICA;ZONIFICACIÓN;CARACTERÍSTICAS DE VÍA;PERFIL LONGITUDINAL VÍA;SUPERFICIE DE CALZADA;¿EXISTE SEÑAL VERTICAL?;CLASIFICACIÓN DE LA SEÑAL VERTICAL Nº 1;CLASIFICACIÓN DE LA SEÑAL VERTICAL Nº 2;¿EXISTE SEÑAL HORIZONTAL?;CAUSA FACTOR PRINCIPAL;CAUSA ESPECÍFICA;UBICACION;FECHA SINIESTRO;COORDENADAS LONGITUD
A-2021-10-74;20:00.0;VOLCADURA;2;3;1;LA LIBERTAD;PACASMAYO;SAN PEDRO DE LLOC;RURAL;CARRETERA;PROVINCIAL;LI-585;-7.392739;DESPEJADO;RURAL;TRAMO RECTO;PLANA ;ASFALTADA;NULL;NULL;NULL;NULL;IMPRUDENCIA DEL PEATÓN;CRUCE INDEBIDO POR LA CALZADA;Carretera San Pedro de Lloc - San José;7/10/2021;-79.495388
A-2021-10-49;15:00.0;CHOQUE CON OBJETO FIJO;1;0;1;LIMA;LIMA;BARRANCO;URBANA;AVENIDA;URBANO;NO CORRESPONDE;-12.139583;DESPEJADO;COMERCIAL;TRAMO RECTO;PLANA ;ASFALTADA;NULL;NULL;NULL;NULL;EN PROCESO DE INVESTIGACIÓN;NO CUENTA CON CAUSA ESPECIFICA;Avenida República de Panamá;7/10/2021;-77.017783
A-2021-10-242;00:00.0;CHOQUE;1;0;2;CAJAMARCA;JAEN;POMAHUACA;RURAL;CARRETERA;NACIONAL;PE-3N;-5.952115;DESPEJADO;RURAL;CURVA;INCLINADA;ASFALTADA;NO;NULL;NULL;NO;EN PROCESO DE INVESTIGACIÓN;NO CUENTA CON CAUSA ESPECIFICA;Carretera Presidente Fernando Belaúnde Terry;7/10/2021;-79.230491
A-2021-10-27;20:00.0;CHOQUE;1;1;2;AREQUIPA;AREQUIPA;CERRO COLORADO;URBANA;CALLE;URBANO;NO CORRESPONDE;-16.32995;DESPEJADO;RESIDENCIAL;INTERSECCIÓN;PLANA ;ASFALTADA;NO;NULL;NULL;SI;EN PROCESO DE INVESTIGACIÓN;NO CUENTA CON CAUSA ESPECIFICA;Frnacisco Javier de Luna Pizarro;7/10/2021;-71.557076
A-2021-10-50;20:00.0;VOLCADURA;1;0;1;LIMA;LIMA;VILLA EL SALVADOR;URBANA;AVENIDA;URBANO;NO CORRESPONDE;-12.210074;DESPEJADO;COMERCIAL;INTERSECCIÓN;PLANA ;ASFALTADA;NULL;NULL;NULL;NULL;EN PROCESO DE INVESTIGACIÓN;NO CUENTA CON CAUSA ESPECIFICA;Avenida Revolución;7/10/2021;-76.938764
A-2021-10-51;30:00.0;CHOQUE CON OBJETO FIJO;1;0;1;LIMA;LIMA;SANTIAGO DE SURCO;URBANA;CARRETERA;NACIONAL;PE-1S;-12.096454;DESPEJADO;RESIDENCIAL;TRAMO RECTO;PLANA ;ASFALTADA;NULL;NULL;NULL;NULL;EN PROCESO DE INVESTIGACIÓN;NO CUENTA CON CAUSA ESPECIFICA;Intercambio Vial El Derby;7/10/2021;-76.979986
A-2021-10-243;30:00.0;CHOQUE;1;0;2;LAMBAYEQUE;CHICLAYO;POMALCA;RURAL;CARRETERA;NACIONAL;PE-06A;-6.753705;DESPEJADO;RURAL;TRAMO RECTO;PLANA ;ASFALTADA;NULL;NULL;NULL;NULL;EN PROCESO DE INVESTIGACIÓN;NO CUENTA CON CAUSA ESPECIFICA;Carretera Pomalca - Tumán;7/10/2021;-79.726366
A-2021-10-271;00:00.0;DESPISTE;1;0;NULL;JUNIN;CHANCHAMAYO;PERENE;RURAL;CARRETERA;NACIONAL;PE-5S;-10.948164;NULL;NULL;NULL;NULL;NULL;NULL;NULL;NULL;NULL;EN PROCESO DE INVESTIGACIÓN;NO CUENTA CON CAUSA ESPECIFICA;Carretera Longitudinal de la Selva Sur;8/10/2021;-75.222821
A-2021-10-25;15:00.0;CHOQUE;1;0;2;AREQUIPA;CAYLLOMA;MAJES;URBANA;OTRO;URBANO;NO CORRESPONDE;-16.352556;SOLEADO;RESIDENCIAL;TRAMO RECTO;PLANA ;AFIRMADO;NULL;NULL;NULL;NULL;EN PROCESO DE INVESTIGACIÓN;NO CUENTA CON CAUSA ESPECIFICA;El Pionero;8/10/2021;-72.208859
A-2021-10-85;30:00.0;DESPISTE;2;0;1;ANCASH;CORONGO;LA PAMPA;RURAL;CARRETERA;NACIONAL;PE-3NA;-8.678307;DESPEJADO;RURAL;TRAMO RECTO;INCLINADA;ASFALTADA;NULL;NULL;NULL;NULL;IMPRUDENCIA DEL CONDUCTOR;FATIGA Y/O CANSANCIO;PE-3NA;8/10/2021;-77.91874
A-2021-10-32;30:00.0;CHOQUE CON OBJETO FIJO;1;3;NULL;CAJAMARCA;CAJAMARCA;LLACANORA;RURAL;CARRETERA;NACIONAL;PE-3N;-7.203913;DESPEJADO;RURAL;TRAMO RECTO;PLANA ;ASFALTADA;NULL;NULL;NULL;NULL;IMPRUDENCIA DEL CONDUCTOR;EXCESO DE VELOCIDAD;Carretera Longitudinal de la Sierra Norte;8/10/2021;-78.435135
A-2021-10-52;30:00.0;ATROPELLO;1;0;1;LIMA;LIMA;COMAS;URBANA;AVENIDA;URBANO;NO CORRESPONDE;-11.940899;DESPEJADO;INDUSTRIAL;TRAMO RECTO;PLANA ;ASFALTADA;NULL;NULL;NULL;NULL;EN PROCESO DE INVESTIGACIÓN;NO CUENTA CON CAUSA ESPECIFICA;Avenida Andrés Belaúnde Este;8/10/2021;-77.0438
A-2021-10-107;20:00.0;ATROPELLO FUGA;1;0;1;PUNO;SAN ROMAN;SAN MIGUEL;RURAL;CARRETERA;NACIONAL;PE-3S;-15.460852;DESPEJADO;RURAL;TRAMO RECTO;PLANA ;ASFALTADA;NULL;NULL;NULL;NULL;EN PROCESO DE INVESTIGACIÓN;NO CUENTA CON CAUSA ESPECIFICA;Avenida Independencia;8/10/2021;-70.139318
A-2021-10-216;30:00.0;CHOQUE;1;1;2;ANCASH;HUARAZ;INDEPENDENCIA;RURAL;CARRETERA;NACIONAL;PE-14;-9.524184;DESPEJADO;RURAL;TRAMO RECTO;INCLINADA;ASFALTADA;NULL;NULL;NULL;NULL;IMPRUDENCIA DEL CONDUCTOR;INVASIÓN DE CARRIL;Carretera Casma - Huaraz;8/10/2021;-77.545264
A-2021-10-133;30:00.0;DESPISTE;1;0;1;CALLAO;CALLAO;BELLAVISTA;URBANA;AVENIDA;URBANO;NO CORRESPONDE;-12.055474;DESPEJADO;RESIDENCIAL;TRAMO RECTO;INCLINADA;ASFALTADA;NULL;NULL;NULL;NULL;IMPRUDENCIA DEL CONDUCTOR;CONDUCIR EN ESTADO DE EBRIEDAD Y/O DROGADICCIÓN;Avenida Óscar Raimundo Benavides;8/10/2021;-77.107581
A-2021-10-28;40:00.0;ATROPELLO;1;0;1;ICA;PALPA;PALPA;RURAL;CARRETERA;NACIONAL;PE-30D;-14.531044;DESPEJADO;RURAL;TRAMO RECTO;PLANA ;ASFALTADA;NULL;NULL;NULL;NULL;EN PROCESO DE INVESTIGACIÓN;NO CUENTA CON CAUSA ESPECIFICA;Carretera Palpa - Llauta - Huancasancos;9/10/2021;-75.187675
A-2021-10-26;49:00.0;ATROPELLO;1;0;1;AREQUIPA;AREQUIPA;CERRO COLORADO;URBANA;CARRETERA;NACIONAL;PE-34A;-16.342429;DESPEJADO;COMERCIAL;INTERSECCIÓN;PLANA ;ASFALTADA;NO;NULL;NULL;SI;EN PROCESO DE INVESTIGACIÓN;NO CUENTA CON CAUSA ESPECIFICA;Cono Norte;9/10/2021;-71.585874
A-2021-10-145;40:00.0;CHOQUE;1;0;1;CUSCO;CANCHIS;TINTA;RURAL;CARRETERA;NACIONAL;PE-3S;-14.152644;DESPEJADO;RURAL;TRAMO RECTO;INCLINADA;ASFALTADA;NULL;NULL;NULL;NULL;IMPRUDENCIA DEL CONDUCTOR;EXCESO DE VELOCIDAD;Calle 4 de Julio;9/10/2021;-71.391548
A-2021-10-174;09:00.0;DESPISTE;2;19;1;CUSCO;LA CONVENCION;HUAYOPATA;RURAL;CARRETERA;NACIONAL;PE-28B;-13.100004;DESPEJADO;RURAL;CURVA;PLANA ;ASFALTADA;NULL;NULL;NULL;NULL;IMPRUDENCIA DEL CONDUCTOR;EXCESO DE VELOCIDAD;PE-28B;9/10/2021;-72.377355
A-2021-10-151;15:00.0;CHOQUE;1;0;2;CUSCO;CANCHIS;SAN PEDRO;URBANA;CARRETERA;NACIONAL;PE-3S;-14.184457;DESPEJADO;RURAL;TRAMO RECTO;PLANA ;ASFALTADA;NULL;NULL;NULL;NULL;IMPRUDENCIA DEL CONDUCTOR;EXCESO DE VELOCIDAD;Carretera Longitudinal de la Sierra Sur;9/10/2021;-71.350138
A-2021-10-281;00:00.0;DESPISTE;1;1;1;ANCASH;SANTA;NUEVO CHIMBOTE;URBANA;CARRETERA;NACIONAL;PE-1N;-9.125663;DESPEJADO;RESIDENCIAL;TRAMO RECTO;PLANA ;ASFALTADA;NULL;NULL;NULL;NULL;EN PROCESO DE INVESTIGACIÓN;NO CUENTA CON CAUSA ESPECIFICA;Panamericana Norte;9/10/2021;-78.534262
A-2021-10-280;10:00.0;ATROPELLO;1;0;1;ANCASH;SANTA;SAMANCO;RURAL;CARRETERA;NACIONAL;PE-1N;-9.277352;DESPEJADO;RURAL;TRAMO RECTO;PLANA ;ASFALTADA;NULL;NULL;NULL;NULL;IMPRUDENCIA DEL PEATÓN;ESTADO DE EBRIEDAD Y/O DROGADICCIÓN;Panamericana Norte;9/10/2021;-78.417489
A-2021-10-166;40:00.0;DESPISTE;2;0;1;CUSCO;ESPINAR;PALLPATA;RURAL;CARRETERA;NACIONAL;PE-3SG;-14.897641;DESPEJADO;RURAL;TRAMO RECTO;PLANA ;ASFALTADA;SI;REGULADORA (R);PREVENTIVA (P);NO;IMPRUDENCIA DEL CONDUCTOR;EXCESO DE VELOCIDAD;PE-3SG;9/10/2021;-71.203204
A-2021-10-53;15:00.0;CHOQUE;1;0;0;LIMA;LIMA;LURIN;URBANA;AVENIDA;URBANO;NO CORRESPONDE;-12.250217;DESPEJADO;RESIDENCIAL;TRAMO RECTO;PLANA ;ASFALTADA;NULL;NULL;NULL;NULL;IMPRUDENCIA DEL CONDUCTOR;EXCESO DE VELOCIDAD;Avenida Buena Vista;9/10/2021;-76.866917
A-2021-10-120;00:00.0;ATROPELLO FUGA;1;0;NULL;LIMA;HUAURA;HUAURA;RURAL;CARRETERA;NACIONAL;PE-1N;-11.069352;NULL;NULL;NULL;NULL;NULL;NULL;NULL;NULL;NULL;EN PROCESO DE INVESTIGACIÓN;NO CUENTA CON CAUSA ESPECIFICA;Carretera Panamericana Norte;9/10/2021;-77.585858
A-2021-10-31;00:00.0;ATROPELLO FUGA;1;0;0;AREQUIPA;CAMANA;MARISCAL CACERES;RURAL;CARRETERA;NACIONAL;PE-1S;-16.590565;DESPEJADO;RURAL;TRAMO RECTO;PLANA ;ASFALTADA;NULL;NULL;NULL;NULL;EN PROCESO DE INVESTIGACIÓN;NO CUENTA CON CAUSA ESPECIFICA;Carretera Panamericana Sur;10/10/2021;-72.787372
A-2021-10-272;30:00.0;DESPISTE;1;0;NULL;JUNIN;CHANCHAMAYO;CHANCHAMAYO;RURAL;CARRETERA;NACIONAL;PE-5S;-10.949293;NULL;NULL;NULL;NULL;NULL;NULL;NULL;NULL;NULL;EN PROCESO DE INVESTIGACIÓN;NO CUENTA CON CAUSA ESPECIFICA;Carretera Longitudinal de la Selva Sur;10/10/2021;-75.259451
A-2021-10-76;30:00.0;DESPISTE;2;1;1;LA LIBERTAD;PATAZ;PATAZ;RURAL;CARRETERA;PROVINCIAL;LI-860;-7.761307;DESPEJADO;RURAL;TRAMO RECTO;PLANA ;TROCHA;NULL;NULL;NULL;NULL;EN PROCESO DE INVESTIGACIÓN;NO CUENTA CON CAUSA ESPECIFICA;LI-860;10/10/2021;-77.581554
A-2021-10-75;30:00.0;ATROPELLO;1;0;1;LA LIBERTAD;TRUJILLO;SALAVERRY;RURAL;CARRETERA;NACIONAL;PE-1N;-8.344752;DESPEJADO;RURAL;TRAMO RECTO;PLANA ;ASFALTADA;NULL;NULL;NULL;NULL;EN PROCESO DE INVESTIGACIÓN;NO CUENTA CON CAUSA ESPECIFICA;Panamericana Norte;10/10/2021;-78.884327
A-2021-10-30;35:00.0;CHOQUE;1;0;0;TACNA;TACNA;LA YARADA LOS PALOS;RURAL;AVENIDA;URBANO;NO CORRESPONDE;-18.165492;DESPEJADO;RURAL;TRAMO RECTO;PLANA ;ASFALTADA;SI;PREVENTIVA (P);PREVENTIVA (P);NO;EN PROCESO DE INVESTIGACIÓN;NO CUENTA CON CAUSA ESPECIFICA;28 de Agosto;10/10/2021;-70.458798
A-2021-10-226;00:00.0;DESPISTE;1;0;1;PIURA;SULLANA;SULLANA;RURAL;CARRETERA;PROVINCIAL;PI-579;-4.891034;DESPEJADO;RURAL;TRAMO RECTO;PLANA ;AFIRMADO;NULL;NULL;NULL;NULL;EN PROCESO DE INVESTIGACIÓN;NO CUENTA CON CAUSA ESPECIFICA;PI-579;10/10/2021;-80.641044
A-2021-10-224;30:00.0;DESPISTE;1;0;1;JUNIN;CHANCHAMAYO;PERENE;RURAL;CARRETERA;NACIONAL;PE-5S;-10.950734;DESPEJADO;RURAL;TRAMO RECTO;PLANA ;ASFALTADA;NULL;NULL;NULL;NULL;EN PROCESO DE INVESTIGACIÓN;NO CUENTA CON CAUSA ESPECIFICA;Carretera Longitudinal de la Selva Sur;10/10/2021;-75.223828
A-2021-10-274;40:00.0;CHOQUE;1;0;2;SAN MARTIN;SAN MARTIN;JUAN GUERRA;RURAL;CARRETERA;NACIONAL;PE-5N;-6.58914;DESPEJADO;RURAL;TRAMO RECTO;PLANA ;ASFALTADA;NO;NULL;NULL;SI;IMPRUDENCIA DEL CONDUCTOR;CONDUCIR EN ESTADO DE EBRIEDAD Y/O DROGADICCIÓN;Carretera Presidente Fernando Belaúnde Terry;10/10/2021;-76.30856
A-2021-10-147;00:00.0;ATROPELLO FUGA;1;0;NULL;CUSCO;ANTA;ANTA;RURAL;CARRETERA;NACIONAL;PE-3S;-13.497888;DESPEJADO;RURAL;TRAMO RECTO;PLANA ;ASFALTADA;NULL;NULL;NULL;NULL;IMPRUDENCIA DEL PEATÓN;ESTADO DE EBRIEDAD Y/O DROGADICCIÓN;Carretera Longitudinal de la Sierra Sur;10/10/2021;-72.204847
A-2021-10-158;35:00.0;CHOQUE;1;1;2;UCAYALI;CORONEL PORTILLO;YARINACOCHA;URBANA;AVENIDA;URBANO;NO CORRESPONDE;-8.374541;DESPEJADO;COMERCIAL;CURVA;PLANA ;CONCRETO;NULL;NULL;NULL;NULL;IMPRUDENCIA DEL CONDUCTOR;EXCESO DE VELOCIDAD;Área Metropolitana de Pucallpa;10/10/2021;-74.565341
A-2021-10-44;40:00.0;ATROPELLO;1;0;1;ICA;ICA;SANTIAGO;RURAL;CARRETERA;NACIONAL;PE-1S;-14.203936;DESPEJADO;RURAL;TRAMO RECTO;PLANA ;ASFALTADA;NULL;NULL;NULL;NULL;EN PROCESO DE INVESTIGACIÓN;NO CUENTA CON CAUSA ESPECIFICA;Carretera Panamericana Sur;10/10/2021;-75.714658
A-2021-10-54;00:00.0;ATROPELLO;1;0;0;LIMA;LIMA;PUENTE PIEDRA;URBANA;CARRETERA;NACIONAL;PE-1N;-11.856783;DESPEJADO;COMERCIAL;TRAMO RECTO;PLANA ;ASFALTADA;NULL;NULL;NULL;NULL;IMPRUDENCIA DEL CONDUCTOR;EXCESO DE VELOCIDAD;Avenida Puente Piedra;11/10/2021;-77.084182
A-2021-10-36;20:00.0;CHOQUE;1;3;2;AREQUIPA;AREQUIPA;MIRAFLORES;URBANA;CALLE;URBANO;NO CORRESPONDE;-16.389544;DESPEJADO;RESIDENCIAL;INTERSECCIÓN;PLANA ;ASFALTADA;NO;NULL;NULL;SI;EN PROCESO DE INVESTIGACIÓN;NO CUENTA CON CAUSA ESPECIFICA;Calle Misti;11/10/2021;-71.52078
A-2021-10-255;00:00.0;ATROPELLO;1;0;1;LAMBAYEQUE;LAMBAYEQUE;JAYANCA;RURAL;CARRETERA;NACIONAL;PE-1NJ;-6.35043;DESPEJADO;RURAL;TRAMO RECTO;PLANA ;ASFALTADA;NULL;NULL;NULL;NULL;EN PROCESO DE INVESTIGACIÓN;NO CUENTA CON CAUSA ESPECIFICA;Carretera Lambayegue - Olmos;11/10/2021;-79.77535
A-2021-10-77;15:00.0;CHOQUE;1;2;2;LA LIBERTAD;ASCOPE;CHICAMA;RURAL;CARRETERA;NACIONAL;PE-1NF;-7.608115;DESPEJADO;RURAL;TRAMO RECTO;PLANA ;ASFALTADA;NULL;NULL;NULL;NULL;EN PROCESO DE INVESTIGACIÓN;NO CUENTA CON CAUSA ESPECIFICA;Carretera Chicama - Cascas;12/10/2021;-78.915286
A-2021-10-91;30:00.0;CHOQUE;1;0;1;PUNO;CARABAYA;MACUSANI;URBANA;JIRÓN;URBANO;NO CORRESPONDE;-14.061613;DESPEJADO;RESIDENCIAL;TRAMO RECTO;PLANA ;TROCHA;NULL;NULL;NULL;NULL;IMPRUDENCIA DEL CONDUCTOR;OTRO (IMPRUDENCIA DEL CONDUCTOR);Pata Pampa;12/10/2021;-70.418509
A-2021-10-160;20:00.0;DESPISTE;2;0;1;CUSCO;PAUCARTAMBO;HUANCARANI;RURAL;CARRETERA;DEPARTAMENTAL;CU-115;-13.509341;DESPEJADO;RURAL;CURVA;PLANA ;AFIRMADO;NULL;NULL;NULL;NULL;IMPRUDENCIA DEL CONDUCTOR;EXCESO DE VELOCIDAD;Avenida Dignidad;12/10/2021;-71.655471
A-2021-10-213;20:00.0;DESPISTE;1;1;1;ANCASH;CARHUAZ;SAN MIGUEL DE ACO;RURAL;CARRETERA;PROVINCIAL;AN-770;-9.339518;DESPEJADO;RURAL;TRAMO RECTO;INCLINADA;AFIRMADO;NULL;NULL;NULL;NULL;EN PROCESO DE INVESTIGACIÓN;NO CUENTA CON CAUSA ESPECIFICA;Aco;12/10/2021;-77.548522
A-2021-10-293;30:00.0;DESPISTE;2;0;1;HUANUCO;PACHITEA;PANAO;RURAL;CARRETERA;NACIONAL;PE-18B;-9.890868;SOLEADO;RURAL;CURVA;PLANA ;TROCHA;NULL;NULL;NULL;NULL;IMPRUDENCIA DEL CONDUCTOR;FATIGA Y/O CANSANCIO;PE-18B;12/10/2021;-75.973724
A-2021-10-92;45:00.0;ATROPELLO FUGA;1;0;0;PUNO;SAN ROMAN;JULIACA;RURAL;CARRETERA;NACIONAL;PE-34A;-15.527236;DESPEJADO;RURAL;TRAMO RECTO;INCLINADA;ASFALTADA;NULL;NULL;NULL;NULL;IMPERICIA DEL CONDUCTOR;NULL;Héroes de La Guerra del Pacífico;13/10/2021;-70.184756
A-2021-10-153;00:00.0;DESPISTE;2;0;1;AYACUCHO;VICTOR FAJARDO;CAYARA;RURAL;CARRETERA;NACIONAL;PE-32A;-13.799645;LLUVIOSO;RURAL;CURVA;INCLINADA;TROCHA;NULL;NULL;NULL;NULL;IMPRUDENCIA DEL CONDUCTOR;CONDUCIR EN ESTADO DE EBRIEDAD Y/O DROGADICCIÓN;PE-32A;13/10/2021;-73.98397
A-2021-10-45;15:00.0;ATROPELLO;1;0;1;ICA;ICA;SALAS;RURAL;CARRETERA;NACIONAL;PE-1S;-13.934256;DESPEJADO;RURAL;TRAMO RECTO;PLANA ;ASFALTADA;NULL;NULL;NULL;NULL;EN PROCESO DE INVESTIGACIÓN;NO CUENTA CON CAUSA ESPECIFICA;Carretera Panamericana Sur;13/10/2021;-75.874798
A-2021-10-112;00:00.0;DESPISTE;1;0;1;PASCO;PASCO;HUARIACA;URBANA;CARRETERA;NACIONAL;PE-3N;-10.456805;DESPEJADO;COMERCIAL;CURVA;PLANA ;ASFALTADA;NULL;NULL;NULL;NULL;IMPRUDENCIA DEL CONDUCTOR;EXCESO DE VELOCIDAD;Carretera Longitudinal de la Sierra Norte;13/10/2021;-76.178423
A-2021-10-187;10:00.0;VOLCADURA;1;0;1;LIMA;LIMA;LOS OLIVOS;URBANA;AVENIDA;URBANO;NO CORRESPONDE;-12.002561;DESPEJADO;ESCOLAR;TRAMO RECTO;PLANA ;ASFALTADA;NULL;NULL;NULL;NULL;EN PROCESO DE INVESTIGACIÓN;NO CUENTA CON CAUSA ESPECIFICA;Avenida Las Torres;13/10/2021;-77.083216
A-2021-10-95;15:00.0;CHOQUE;1;0;2;PUNO;PUNO;ACORA;RURAL;CARRETERA;PROVINCIAL;PU-1099;-16.502025;DESPEJADO;RURAL;TRAMO RECTO;PLANA ;TROCHA;NULL;NULL;NULL;NULL;IMPRUDENCIA DEL CONDUCTOR;EXCESO DE VELOCIDAD;Ácora;13/10/2021;-70.128441
A-2021-10-188;00:00.0;CHOQUE;1;0;1;LIMA;LIMA;ATE;URBANA;CARRETERA;NACIONAL;PE-1S;-12.064066;DESPEJADO;INDUSTRIAL;OTRO;PLANA ;ASFALTADA;NULL;NULL;NULL;NULL;EN PROCESO DE INVESTIGACIÓN;NO CUENTA CON CAUSA ESPECIFICA;Vía de Evitamiento;13/10/2021;-76.971427
A-2021-10-282;00:00.0;CHOQUE;1;0;2;ANCASH;CASMA;COMANDANTE NOEL;RURAL;CARRETERA;NACIONAL;PE-1N;-9.408976;DESPEJADO;RURAL;TRAMO RECTO;PLANA ;ASFALTADA;NULL;NULL;NULL;NULL;EN PROCESO DE INVESTIGACIÓN;NO CUENTA CON CAUSA ESPECIFICA;Panamericana Norte;13/10/2021;-78.371997
A-2021-10-273;45:00.0;CHOQUE;1;1;NULL;TACNA;TACNA;PALCA;RURAL;CARRETERA;NACIONAL;PE-40;-17.78209;NULL;NULL;NULL;NULL;NULL;NULL;NULL;NULL;NULL;EN PROCESO DE INVESTIGACIÓN;NO CUENTA CON CAUSA ESPECIFICA;Carretera Tacna - La Paz;13/10/2021;-69.96217
A-2021-10-219;00:00.0;DESPISTE;1;0;1;ANCASH;CARHUAZ;SHILLA;RURAL;CARRETERA;DEPARTAMENTAL;AN-107;-9.13466;DESPEJADO;RURAL;TRAMO RECTO;INCLINADA;ASFALTADA;NULL;NULL;NULL;NULL;EN PROCESO DE INVESTIGACIÓN;NO CUENTA CON CAUSA ESPECIFICA;AN-107;13/10/2021;-77.539186
A-2021-10-35;00:00.0;CHOQUE;3;4;2;PUNO;PUNO;PUNO;URBANA;AVENIDA;URBANO;NO CORRESPONDE;-15.826449;DESPEJADO;COMERCIAL;TRAMO RECTO;PLANA ;ASFALTADA;NULL;NULL;NULL;NULL;IMPRUDENCIA DEL CONDUCTOR;CONDUCIR EN ESTADO DE EBRIEDAD Y/O DROGADICCIÓN;Alto Puno;13/10/2021;-70.03002
A-2021-10-245;30:00.0;CHOQUE;1;0;2;LAMBAYEQUE;CHICLAYO;CHICLAYO;URBANA;CARRETERA;NACIONAL;PE-1N;-6.7927;DESPEJADO;COMERCIAL;INTERSECCIÓN;PLANA ;ASFALTADA;NULL;NULL;NULL;NULL;EN PROCESO DE INVESTIGACIÓN;NO CUENTA CON CAUSA ESPECIFICA;Panamericana Norte;13/10/2021;-79.864586
A-2021-10-276;00:00.0;DESPISTE;1;1;1;SAN MARTIN;HUALLAGA;TINGO DE SAPOSOA;RURAL;CARRETERA;NACIONAL;PE-5N;-7.086347;DESPEJADO;RURAL;CURVA;INCLINADA;ASFALTADA;NO;NULL;NULL;SI;IMPRUDENCIA DEL CONDUCTOR;EXCESO DE VELOCIDAD;Carretera Presidente Fernando Belaúnde Terry;14/10/2021;-76.633585
A-2021-10-189;15:00.0;ESPECIAL;1;1;NULL;LIMA;LIMA;LURIN;URBANA;CARRETERA;NACIONAL;PE-1S;-12.264945;DESPEJADO;RESIDENCIAL;TRAMO RECTO;PLANA ;ASFALTADA;NULL;NULL;NULL;NULL;EN PROCESO DE INVESTIGACIÓN;NO CUENTA CON CAUSA ESPECIFICA;Carretera Panamericana Sur;14/10/2021;-76.907441
A-2021-10-56;30:00.0;CHOQUE;1;6;2;AREQUIPA;AREQUIPA;YURA;RURAL;CARRETERA;NACIONAL;PE-34A;-16.290627;DESPEJADO;RURAL;TRAMO RECTO;PLANA ;ASFALTADA;SI;PREVENTIVA (P);PREVENTIVA (P);SI;EN PROCESO DE INVESTIGACIÓN;NO CUENTA CON CAUSA ESPECIFICA;Vía Interoceánica Sur - Tramo 5;14/10/2021;-71.654266
A-2021-10-121;00:00.0;CHOQUE;1;0;2;PUNO;CARABAYA;MACUSANI;URBANA;CARRETERA;NACIONAL;PE-34B;-14.06533;DESPEJADO;COMERCIAL;TRAMO RECTO;PLANA ;ASFALTADA;NULL;NULL;NULL;NULL;IMPRUDENCIA DEL CONDUCTOR;NO DAR PASO PREFERENTE AL PEATÓN;Avenida Centenario;14/10/2021;-70.43374
A-2021-10-63;10:00.0;ATROPELLO;1;0;1;PIURA;HUANCABAMBA;HUARMACA;URBANA;CARRETERA;PROVINCIAL;PI-965;-5.567808;DESPEJADO;COMERCIAL;TRAMO RECTO;INCLINADA;ASFALTADA;NULL;NULL;NULL;NULL;EN PROCESO DE INVESTIGACIÓN;NO CUENTA CON CAUSA ESPECIFICA;Huarmaca;14/10/2021;-79.526698
A-2021-10-190;00:00.0;CHOQUE;2;0;0;LIMA;LIMA;LA VICTORIA;URBANA;AVENIDA;URBANO;NO CORRESPONDE;-12.077021;DESPEJADO;INDUSTRIAL;ÓVALO;INCLINADA;ASFALTADA;NULL;NULL;NULL;NULL;EN PROCESO DE INVESTIGACIÓN;NO CUENTA CON CAUSA ESPECIFICA;Óvalo de Arriola;14/10/2021;-77.010326
A-2021-10-124;20:00.0;DESPISTE;1;0;1;PUNO;SAN ROMAN;JULIACA;URBANA;CARRETERA;NACIONAL;PE-3S;-15.486112;DESPEJADO;COMERCIAL;TRAMO RECTO;PLANA ;ASFALTADA;NULL;NULL;NULL;NULL;IMPRUDENCIA DEL CONDUCTOR;EXCESO DE VELOCIDAD;Avenida Circunvalación Este;15/10/2021;-70.124193
A-2021-10-58;00:00.0;CHOQUE;1;0;1;AREQUIPA;CAYLLOMA;MAJES;RURAL;CARRETERA;NACIONAL;PE-1S;-16.411364;SOLEADO;RURAL;TRAMO RECTO;PLANA ;ASFALTADA;NO;NULL;NULL;SI;EN PROCESO DE INVESTIGACIÓN;NO CUENTA CON CAUSA ESPECIFICA;Carretera Panamericana Sur;15/10/2021;-72.235137
A-2021-10-87;30:00.0;CHOQUE;1;0;2;PUNO;HUANCANE;TARACO;RURAL;CARRETERA;NACIONAL;PE-34H;-15.296306;DESPEJADO;RURAL;TRAMO RECTO;PLANA ;ASFALTADA;NO;NULL;NULL;SI;IMPRUDENCIA DEL CONDUCTOR;CONDUCIR EN SENTIDO CONTRARIO;PE-34H;15/10/2021;-69.968
A-2021-10-78;15:00.0;CHOQUE;1;4;2;LA LIBERTAD;OTUZCO;OTUZCO;RURAL;CARRETERA;NACIONAL;PE-10A;-7.966566;DESPEJADO;RURAL;CURVA;INCLINADA;ASFALTADA;NULL;NULL;NULL;NULL;IMPRUDENCIA DEL CONDUCTOR;ADELANTAR INDEBIDAMENTE;Carretera Trujillo - Huamachuco;15/10/2021;-78.638102