CÓDIGO SINIESTRO;HORA SINIESTRO;CLASE SINIESTRO;CANTIDAD DE FALLECIDOS;CANTIDAD DE LESIONADOS;CANTIDAD DE VEHICULOS DAÑADOS;DEPARTAMENTO;PROVINCIA;DISTRITO;ZONA;TIPO DE VÍA;RED VIAL;COD CARRETERA;COORDENADAS LATITUD;CONDICIÓN CLIMÁTICA;ZONIFICACIÓN;CARACTERÍSTICAS DE VÍA;PERFIL LONGITUDINAL VÍA;SUPERFICIE DE CALZADA;¿EXISTE SEÑAL VERTICAL?;CLASIFICACIÓN DE LA SEÑAL VERTICAL Nº 1;CLASIFICACIÓN DE LA SEÑAL VERTICAL Nº 2;¿EXISTE SEÑAL HORIZONTAL?;CAUSA FACTOR PRINCIPAL;CAUSA ESPECÍFICA;UBICACION;FECHA SINIESTRO;COORDENADAS LONGITUD
A-2021-10-93;00:00.0;CHOQUE;7;30;3;AREQUIPA;AREQUIPA;YURA;RURAL;CARRETERA;NACIONAL;PE-34A;-16.110026;SOLEADO;RURAL;CURVA;INCLINADA;ASFALTADA;NO;NULL;NULL;SI;EN PROCESO DE INVESTIGACIÓN;NO CUENTA CON CAUSA ESPECIFICA;Vía Interoceánica Sur - Tramo 5;16/10/2021;-71.624234
A-2021-10-46;30:00.0;CHOQUE;1;1;2;ICA;ICA;SUBTANJALLA;URBANA;CARRETERA;NACIONAL;PE-1S;-14.017996;DESPEJADO;COMERCIAL;TRAMO RECTO;PLANA ;ASFALTADA;NULL;NULL;NULL;NULL;EN PROCESO DE INVESTIGACIÓN;NO CUENTA CON CAUSA ESPECIFICA;Carretera Panamericana Sur;16/10/2021;-75.762819
A-2021-10-165;30:00.0;DESPISTE;1;0;1;CUSCO;QUISPICANCHI;OCONGATE;RURAL;CARRETERA;PROVINCIAL;CU-1363;-13.665055;DESPEJADO;RURAL;CURVA;PLANA ;TROCHA;NULL;NULL;NULL;NULL;IMPRUDENCIA DEL CONDUCTOR;EXCESO DE VELOCIDAD;CU-1363;16/10/2021;-71.366407
A-2021-10-128;00:00.0;DESPISTE;1;0;1;HUANCAVELICA;HUANCAVELICA;ASCENSION;RURAL;CARRETERA;DEPARTAMENTAL;HV-128;-12.778194;DESPEJADO;RURAL;SINUOSA;INCLINADA;AFIRMADO;NULL;NULL;NULL;NULL;EN PROCESO DE INVESTIGACIÓN;NO CUENTA CON CAUSA ESPECIFICA;HV-128;16/10/2021;-74.989667
A-2021-10-47;15:00.0;ATROPELLO;1;0;0;TACNA;TACNA;CORONEL GREGORIO ALBARRACIN LANCHIPA;URBANA;CALLE;URBANO;NO CORRESPONDE;-18.056791;DESPEJADO;RESIDENCIAL;TRAMO RECTO;INCLINADA;ASFALTADA;NULL;NULL;NULL;NULL;IMPRUDENCIA DEL PEATÓN;CRUCE INDEBIDO POR LA CALZADA;Avenida Expedición Libertadora;16/10/2021;-70.250396
A-2021-10-131;56:00.0;ATROPELLO;1;0;1;PIURA;PIURA;VEINTISEIS DE OCTUBRE;URBANA;CARRETERA;NACIONAL;PE-1N;-5.195031;DESPEJADO;ESCOLAR;TRAMO RECTO;PLANA ;ASFALTADA;NULL;NULL;NULL;NULL;EN PROCESO DE INVESTIGACIÓN;NO CUENTA CON CAUSA ESPECIFICA;Avenida César Vallejo;16/10/2021;-80.647883
A-2021-10-148;00:00.0;VOLCADURA;1;0;1;CUSCO;ANTA;CACHIMAYO;RURAL;CARRETERA;PROVINCIAL;CU-1150;-13.480072;DESPEJADO;RURAL;CURVA;PLANA ;TROCHA;NULL;NULL;NULL;NULL;IMPERICIA DEL CONDUCTOR;NULL;Cauris;16/10/2021;-72.060741
A-2021-10-132;30:00.0;CHOQUE;1;1;NULL;PIURA;PIURA;PIURA;URBANA;CALLE;URBANO;NO CORRESPONDE;-5.187621;DESPEJADO;COMERCIAL;INTERSECCIÓN;PLANA ;CONCRETO;SI;REGULADORA (R);NULL;NO;EN PROCESO DE INVESTIGACIÓN;NO CUENTA CON CAUSA ESPECIFICA;Jirón Poechos;16/10/2021;-80.646175
A-2021-10-79;00:00.0;ATROPELLO FUGA;1;0;NULL;LA LIBERTAD;ASCOPE;CHICAMA;RURAL;CARRETERA;NACIONAL;PE-1N;-7.984491;DESPEJADO;RURAL;TRAMO RECTO;PLANA ;ASFALTADA;NULL;NULL;NULL;NULL;EN PROCESO DE INVESTIGACIÓN;NO CUENTA CON CAUSA ESPECIFICA;Carretera Panamericana Norte;16/10/2021;-79.077262
A-2021-10-256;50:00.0;DESPISTE;1;0;1;CAJAMARCA;JAEN;POMAHUACA;RURAL;CARRETERA;PROVINCIAL;CA-685;-5.948121;DESPEJADO;RURAL;CURVA;INCLINADA;ASFALTADA;NULL;NULL;NULL;NULL;EN PROCESO DE INVESTIGACIÓN;NO CUENTA CON CAUSA ESPECIFICA;CA-685;16/10/2021;-79.227818
A-2021-10-64;30:00.0;ATROPELLO FUGA;1;0;1;CAJAMARCA;SAN MARCOS;GREGORIO PITA;RURAL;CARRETERA;NACIONAL;PE-3N;-7.29289;LLUVIOSO;RURAL;TRAMO RECTO;INCLINADA;ASFALTADA;NULL;NULL;NULL;NULL;EN PROCESO DE INVESTIGACIÓN;NO CUENTA CON CAUSA ESPECIFICA;Carretera Longitudinal de la Sierra Norte;17/10/2021;-78.206052
A-2021-10-157;30:00.0;CHOQUE;1;1;2;PIURA;PIURA;VEINTISEIS DE OCTUBRE;URBANA;CARRETERA;NACIONAL;PE-1N;-5.185351;DESPEJADO;INDUSTRIAL;TRAMO RECTO;PLANA ;ASFALTADA;NULL;NULL;NULL;NULL;IMPERICIA DEL CONDUCTOR;NULL;Carretera Panamericana Norte;17/10/2021;-80.692227
A-2021-10-55;15:00.0;DESPISTE;1;4;1;AREQUIPA;AREQUIPA;JACOBO HUNTER;URBANA;CARRETERA;PROVINCIAL;AR-561;-16.454473;DESPEJADO;RESIDENCIAL;CURVA;INCLINADA;ASFALTADA;NULL;NULL;NULL;NULL;EN PROCESO DE INVESTIGACIÓN;NO CUENTA CON CAUSA ESPECIFICA;Avenida Paisajista;17/10/2021;-71.563586
A-2021-10-134;45:00.0;CHOQUE;1;0;2;CALLAO;CALLAO;VENTANILLA;URBANA;CARRETERA;NACIONAL;PE-20;-11.871167;DESPEJADO;RESIDENCIAL;TRAMO RECTO;PLANA ;ASFALTADA;NO;NULL;NULL;SI;IMPRUDENCIA DEL CONDUCTOR;OTRO (IMPRUDENCIA DEL CONDUCTOR);Avenida Coronel Nestor Gambetta;17/10/2021;-77.127639
A-2021-10-168;30:00.0;CHOQUE;1;0;NULL;CUSCO;ANTA;HUAROCONDO;RURAL;CARRETERA;DEPARTAMENTAL;CU-110;-13.448742;DESPEJADO;RURAL;TRAMO RECTO;PLANA ;ASFALTADA;NULL;NULL;NULL;NULL;IMPRUDENCIA DEL CONDUCTOR;EXCESO DE VELOCIDAD;CU-110;17/10/2021;-72.2042
A-2021-10-154;00:00.0;DESPISTE;1;0;1;AYACUCHO;HUAMANGA;SAN JUAN BAUTISTA;RURAL;CARRETERA;NACIONAL;PE-3S;-13.205522;DESPEJADO;RURAL;TRAMO RECTO;INCLINADA;ASFALTADA;NULL;NULL;NULL;NULL;IMPRUDENCIA DEL CONDUCTOR;CONDUCIR EN ESTADO DE EBRIEDAD Y/O DROGADICCIÓN;San Juan Bautista;17/10/2021;-74.214854
A-2021-10-65;00:00.0;DESPISTE;1;1;1;AYACUCHO;LUCANAS;LUCANAS;RURAL;CARRETERA;NACIONAL;PE-30A;-14.641694;DESPEJADO;RURAL;SINUOSA;PLANA ;ASFALTADA;NULL;NULL;NULL;NULL;EN PROCESO DE INVESTIGACIÓN;NO CUENTA CON CAUSA ESPECIFICA;Carretera Nasca - Abancay;17/10/2021;-74.286133
A-2021-10-183;30:00.0;DESPISTE;1;0;1;PIURA;PIURA;CASTILLA;URBANA;AVENIDA;URBANO;NO CORRESPONDE;-5.19676;DESPEJADO;COMERCIAL;TRAMO RECTO;PLANA ;ASFALTADA;NULL;NULL;NULL;NULL;EN PROCESO DE INVESTIGACIÓN;NO CUENTA CON CAUSA ESPECIFICA;Avenida Guillermo Irazola;17/10/2021;-80.623645
A-2021-10-191;55:00.0;ATROPELLO;1;0;0;LIMA;LIMA;LA VICTORIA;URBANA;AVENIDA;URBANO;NO CORRESPONDE;-12.065986;DESPEJADO;COMERCIAL;TRAMO RECTO;PLANA ;ASFALTADA;NULL;NULL;NULL;NULL;EN PROCESO DE INVESTIGACIÓN;NO CUENTA CON CAUSA ESPECIFICA;Avenida Manco Cápac;17/10/2021;-77.028915
A-2021-10-66;50:00.0;CHOQUE;1;1;2;SAN MARTIN;RIOJA;NUEVA CAJAMARCA;URBANA;CARRETERA;NACIONAL;PE-5N;-5.813047;DESPEJADO;COMERCIAL;TRAMO RECTO;PLANA ;ASFALTADA;NULL;NULL;NULL;NULL;IMPRUDENCIA DEL CONDUCTOR;OTRO (IMPRUDENCIA DEL CONDUCTOR);Carretera Presidente Fernando Belaúnde Terry;17/10/2021;-77.388991
A-2021-10-192;45:00.0;CHOQUE;1;1;0;LIMA;LIMA;CARABAYLLO;URBANA;AVENIDA;URBANO;NO CORRESPONDE;-11.861129;DESPEJADO;RESIDENCIAL;TRAMO RECTO;PLANA ;ASFALTADA;NULL;NULL;NULL;NULL;EN PROCESO DE INVESTIGACIÓN;NO CUENTA CON CAUSA ESPECIFICA;Avenida Prolongación Camino Real;17/10/2021;-77.032029
A-2021-10-144;40:00.0;CHOQUE;1;0;1;CUSCO;ANTA;LIMATAMBO;URBANA;CARRETERA;NACIONAL;PE-3S;-13.480359;DESPEJADO;RESIDENCIAL;TRAMO RECTO;PLANA ;ASFALTADA;NULL;NULL;NULL;NULL;IMPRUDENCIA DEL CONDUCTOR;EXCESO DE VELOCIDAD;Carretera Longitudinal de la Sierra Sur;17/10/2021;-72.446394
A-2021-10-80;45:00.0;ATROPELLO;1;0;1;LA LIBERTAD;VIRU;GUADALUPITO;RURAL;CARRETERA;NACIONAL;PE-1N;-8.9568;DESPEJADO;RURAL;TRAMO RECTO;PLANA ;ASFALTADA;NULL;NULL;NULL;NULL;IMPRUDENCIA DEL CONDUCTOR;CONDUCIR EN ESTADO DE EBRIEDAD Y/O DROGADICCIÓN;Panamericana Norte;18/10/2021;-78.629543
A-2021-10-161;00:00.0;DESPISTE;1;0;NULL;CUSCO;PAUCARTAMBO;PAUCARTAMBO;RURAL;CARRETERA;DEPARTAMENTAL;CU-113;-13.32715;DESPEJADO;RURAL;TRAMO RECTO;PLANA ;TROCHA;NULL;NULL;NULL;NULL;NEGLIGENCIA DEL CONDUCTOR;OTRO (NEGLIGENCIA DEL CONDUCTOR);CU-113;18/10/2021;-71.590997
A-2021-10-184;30:00.0;DESPISTE;4;14;1;PIURA;SECHURA;SECHURA;RURAL;CARRETERA;NACIONAL;PE-1NK;-5.516882;DESPEJADO;RURAL;TRAMO RECTO;PLANA ;ASFALTADA;SI;PREVENTIVA (P);NULL;NO;EN PROCESO DE INVESTIGACIÓN;NO CUENTA CON CAUSA ESPECIFICA;Carretera Piura - Sechura;18/10/2021;-80.817373
A-2021-10-193;52:00.0;ATROPELLO;1;0;0;LIMA;LIMA;BREÑA;URBANA;AVENIDA;URBANO;NO CORRESPONDE;-12.065391;DESPEJADO;COMERCIAL;TRAMO RECTO;PLANA ;ASFALTADA;NULL;NULL;NULL;NULL;EN PROCESO DE INVESTIGACIÓN;NO CUENTA CON CAUSA ESPECIFICA;Avenida Brasil;18/10/2021;-77.045953
A-2021-10-220;30:00.0;ESPECIAL;1;0;NULL;ANCASH;POMABAMBA;POMABAMBA;URBANA;CARRETERA;NACIONAL;PE-14C;-8.817023;DESPEJADO;COMERCIAL;INTERSECCIÓN;PLANA ;CONCRETO;NULL;NULL;NULL;NULL;NEGLIGENCIA DEL CONDUCTOR;OTRO (NEGLIGENCIA DEL CONDUCTOR);Jirón Chachapoyas;18/10/2021;-77.460823
A-2021-10-194;00:00.0;ATROPELLO;1;0;0;LIMA;LIMA;SANTIAGO DE SURCO;URBANA;AVENIDA;URBANO;NO CORRESPONDE;-12.148518;DESPEJADO;RESIDENCIAL;INTERSECCIÓN;PLANA ;ASFALTADA;NULL;NULL;NULL;NULL;EN PROCESO DE INVESTIGACIÓN;NO CUENTA CON CAUSA ESPECIFICA;Avenida Jorge Chávez;18/10/2021;-77.009443
A-2021-10-106;00:00.0;ATROPELLO;1;1;1;AREQUIPA;AREQUIPA;CERRO COLORADO;URBANA;AVENIDA;URBANO;NO CORRESPONDE;-16.322252;DESPEJADO;RESIDENCIAL;INTERSECCIÓN;INCLINADA;ASFALTADA;SI;PREVENTIVA (P);PREVENTIVA (P);NO;EN PROCESO DE INVESTIGACIÓN;NO CUENTA CON CAUSA ESPECIFICA;Avenida Municipal;18/10/2021;-71.591631
A-2021-10-170;00:00.0;ATROPELLO FUGA;1;0;0;CUSCO;CUSCO;SAN JERONIMO;URBANA;AVENIDA;URBANO;NO CORRESPONDE;-13.542681;DESPEJADO;COMERCIAL;TRAMO RECTO;PLANA ;ASFALTADA;NULL;NULL;NULL;NULL;IMPRUDENCIA DEL PEATÓN;CRUCE INDEBIDO POR LA CALZADA;Avenida de la Cultura;19/10/2021;-71.898065
A-2021-10-96;00:00.0;ATROPELLO FUGA;1;0;0;PUNO;EL COLLAO;PILCUYO;RURAL;CARRETERA;NACIONAL;PE-3S;-16.12012;DESPEJADO;RURAL;TRAMO RECTO;PLANA ;ASFALTADA;NULL;NULL;NULL;NULL;EN PROCESO DE INVESTIGACIÓN;NO CUENTA CON CAUSA ESPECIFICA;Carretera Longitudinal de la Sierra Sur;19/10/2021;-69.590732
A-2021-10-81;00:00.0;CHOQUE;1;0;2;LA LIBERTAD;SANTIAGO DE CHUCO;MOLLEPATA;RURAL;CARRETERA;NACIONAL;PE-3N;-8.192991;DESPEJADO;RURAL;TRAMO RECTO;PLANA ;AFIRMADO;NULL;NULL;NULL;NULL;EN PROCESO DE INVESTIGACIÓN;NO CUENTA CON CAUSA ESPECIFICA;Carretera Longitudinal de la Sierra Norte;19/10/2021;-77.95382
A-2021-10-146;10:00.0;DESPISTE;1;0;1;CUSCO;LA CONVENCION;ECHARATE;RURAL;CARRETERA;DEPARTAMENTAL;CU-101;-12.754553;DESPEJADO;RURAL;CURVA;PLANA ;AFIRMADO;NULL;NULL;NULL;NULL;IMPRUDENCIA DEL CONDUCTOR;EXCESO DE VELOCIDAD;CU-101;19/10/2021;-72.567209
A-2021-10-227;30:00.0;CHOQUE FUGA;1;0;1;PIURA;PIURA;TAMBO GRANDE;RURAL;CARRETERA;NACIONAL;PE-1NL;-4.8232;DESPEJADO;RURAL;TRAMO RECTO;PLANA ;ASFALTADA;NULL;NULL;NULL;NULL;EN PROCESO DE INVESTIGACIÓN;NO CUENTA CON CAUSA ESPECIFICA;Carretera Panamericana;19/10/2021;-80.2824
A-2021-10-195;40:00.0;DESPISTE;1;0;0;LIMA;LIMA;LURIN;URBANA;CARRETERA;NACIONAL;PE-1S;-12.272783;DESPEJADO;INDUSTRIAL;TRAMO RECTO;PLANA ;ASFALTADA;NULL;NULL;NULL;NULL;EN PROCESO DE INVESTIGACIÓN;NO CUENTA CON CAUSA ESPECIFICA;Carretera Panamericana Sur;19/10/2021;-76.895042
A-2021-10-156;15:00.0;DESPISTE;2;0;1;HUANCAVELICA;ANGARAES;LIRCAY;RURAL;CARRETERA;SIN CLASIFICAR;SIN CLASIFICAR;-13.012211;DESPEJADO;RURAL;SINUOSA;INCLINADA;AFIRMADO;NULL;NULL;NULL;NULL;EN PROCESO DE INVESTIGACIÓN;NO CUENTA CON CAUSA ESPECIFICA;PE-26B;20/10/2021;-74.724287
A-2021-10-82;30:00.0;DESPISTE;1;0;1;LA LIBERTAD;VIRU;GUADALUPITO;RURAL;CARRETERA;NACIONAL;PE-1N;-8.70907;DESPEJADO;RURAL;TRAMO RECTO;PLANA ;ASFALTADA;NULL;NULL;NULL;NULL;IMPRUDENCIA DEL CONDUCTOR;FRENAR INTEMPESTIVAMENTE;Panamericana Norte;20/10/2021;-78.638141
A-2021-10-196;30:00.0;ATROPELLO;1;0;0;LIMA;LIMA;COMAS;URBANA;AVENIDA;URBANO;NO CORRESPONDE;-11.936842;DESPEJADO;COMERCIAL;INTERSECCIÓN;PLANA ;ASFALTADA;NULL;NULL;NULL;NULL;EN PROCESO DE INVESTIGACIÓN;NO CUENTA CON CAUSA ESPECIFICA;Avenida Túpac Amaru;20/10/2021;-77.048987
A-2021-10-67;55:00.0;CHOQUE;1;1;2;ICA;ICA;SANTIAGO;RURAL;CARRETERA;NACIONAL;PE-1S;-14.20346;DESPEJADO;RURAL;INTERSECCIÓN;PLANA ;ASFALTADA;NULL;NULL;NULL;NULL;EN PROCESO DE INVESTIGACIÓN;NO CUENTA CON CAUSA ESPECIFICA;Carretera Panamericana Sur;20/10/2021;-75.71473
A-2021-10-97;30:00.0;CHOQUE;1;1;2;PUNO;PUNO;ACORA;RURAL;CARRETERA;SIN CLASIFICAR;SIN CLASIFICAR;-15.958611;DESPEJADO;RURAL;TRAMO RECTO;PLANA ;ASFALTADA;NULL;NULL;NULL;NULL;IMPRUDENCIA DEL CONDUCTOR;INVASIÓN DE CARRIL;Ácora;21/10/2021;-69.757009
A-2021-10-108;10:00.0;CHOQUE;1;0;2;AREQUIPA;AREQUIPA;ALTO SELVA ALEGRE;URBANA;AVENIDA;URBANO;NO CORRESPONDE;-16.365746;DESPEJADO;COMERCIAL;INTERSECCIÓN;INCLINADA;ASFALTADA;NULL;NULL;NULL;NULL;EN PROCESO DE INVESTIGACIÓN;NO CUENTA CON CAUSA ESPECIFICA;Avenida Francisco Mostajo;21/10/2021;-71.524349
A-2021-10-123;30:00.0;CHOQUE;1;1;2;PUNO;SAN ANTONIO DE PUTINA;PUTINA;RURAL;CARRETERA;NACIONAL;PE-34H;-14.911956;DESPEJADO;RURAL;TRAMO RECTO;PLANA ;ASFALTADA;NULL;NULL;NULL;NULL;IMPRUDENCIA DEL CONDUCTOR;OTRO (IMPRUDENCIA DEL CONDUCTOR);PE-34H;21/10/2021;-69.843649
A-2021-10-197;30:00.0;ATROPELLO;1;0;0;LIMA;LIMA;PUENTE PIEDRA;URBANA;CARRETERA;NACIONAL;PE-1N;-11.843605;DESPEJADO;COMERCIAL;TRAMO RECTO;PLANA ;ASFALTADA;NULL;NULL;NULL;NULL;EN PROCESO DE INVESTIGACIÓN;NO CUENTA CON CAUSA ESPECIFICA;Carretera Panamericana Norte;21/10/2021;-77.100917
A-2021-10-198;26:00.0;CHOQUE;1;0;0;LIMA;LIMA;SANTIAGO DE SURCO;URBANA;JIRÓN;URBANO;NULL;-12.16196;DESPEJADO;COMERCIAL;INTERSECCIÓN;PLANA ;ASFALTADA;NULL;NULL;NULL;NULL;EN PROCESO DE INVESTIGACIÓN;NO CUENTA CON CAUSA ESPECIFICA;Jirón Los Herrerillos;22/10/2021;-76.984342
A-2021-10-200;00:00.0;CHOQUE;1;0;0;LIMA;LIMA;LOS OLIVOS;URBANA;AVENIDA;URBANO;NO CORRESPONDE;-11.97158;DESPEJADO;ESCOLAR;INTERSECCIÓN;PLANA ;ASFALTADA;NULL;NULL;NULL;NULL;EN PROCESO DE INVESTIGACIÓN;NO CUENTA CON CAUSA ESPECIFICA;Avenida Universitaria;22/10/2021;-77.07601
A-2021-10-88;45:00.0;CHOQUE;1;2;2;ICA;PISCO;INDEPENDENCIA;RURAL;CARRETERA;NACIONAL;PE-28A;-13.685543;DESPEJADO;RURAL;TRAMO RECTO;PLANA ;ASFALTADA;NULL;NULL;NULL;NULL;EN PROCESO DE INVESTIGACIÓN;NO CUENTA CON CAUSA ESPECIFICA;Vía de los Libertadores;22/10/2021;-76.045846
A-2021-10-109;00:00.0;ATROPELLO;1;2;1;AREQUIPA;AREQUIPA;CERRO COLORADO;URBANA;CARRETERA;NACIONAL;PE-34A;-16.341744;DESPEJADO;COMERCIAL;TRAMO RECTO;INCLINADA;ASFALTADA;SI;REGULADORA (R);PREVENTIVA (P);SI;EN PROCESO DE INVESTIGACIÓN;NO CUENTA CON CAUSA ESPECIFICA;Cono Norte;23/10/2021;-71.586471
A-2021-10-98;35:00.0;CHOQUE CON OBJETO FIJO;1;1;1;PUNO;EL COLLAO;ILAVE;RURAL;CARRETERA;NACIONAL;PE-3S;-16.126179;DESPEJADO;RURAL;CURVA;PLANA ;ASFALTADA;NO;NULL;NULL;SI;IMPRUDENCIA DEL PEATÓN;CRUCE INDEBIDO POR LA CALZADA;Carretera Longitudinal de la Sierra Sur;23/10/2021;-69.5841
A-2021-10-99;30:00.0;CHOQUE;1;0;2;PUNO;CHUCUITO;POMATA;RURAL;CARRETERA;DEPARTAMENTAL;PU-130;-16.29606;DESPEJADO;RURAL;TRAMO RECTO;PLANA ;ASFALTADA;NULL;NULL;NULL;NULL;IMPRUDENCIA DEL CONDUCTOR;INVASIÓN DE CARRIL;Pomata;23/10/2021;-69.236741
A-2021-10-110;00:00.0;ATROPELLO;1;1;1;AREQUIPA;AREQUIPA;CERRO COLORADO;URBANA;CARRETERA;NACIONAL;PE-34A;-16.312718;SOLEADO;RESIDENCIAL;TRAMO RECTO;PLANA ;ASFALTADA;NO;NULL;NULL;SI;EN PROCESO DE INVESTIGACIÓN;NO CUENTA CON CAUSA ESPECIFICA;Vía Interoceánica Sur - Tramo 5;23/10/2021;-71.609441
A-2021-10-101;30:00.0;DESPISTE;1;0;1;SAN MARTIN;MOYOBAMBA;SORITOR;URBANA;CARRETERA;PROVINCIAL;SM-623;-6.214015;DESPEJADO;RURAL;OTRO;INCLINADA;CASCAJO/RIPIO;NULL;NULL;NULL;NULL;IMPRUDENCIA DEL CONDUCTOR;VEHÍCULO MAL ESTACIONADO;San Miguel;23/10/2021;-77.078999
A-2021-10-201;35:00.0;ATROPELLO;1;0;0;LIMA;LIMA;PUENTE PIEDRA;URBANA;CARRETERA;NACIONAL;PE-1N;-11.86799;DESPEJADO;COMERCIAL;TRAMO RECTO;PLANA ;ASFALTADA;NULL;NULL;NULL;NULL;EN PROCESO DE INVESTIGACIÓN;NO CUENTA CON CAUSA ESPECIFICA;Avenida Puente Piedra;23/10/2021;-77.072509
A-2021-10-100;50:00.0;ATROPELLO;1;0;1;PUNO;CHUCUITO;POMATA;RURAL;CARRETERA;NACIONAL;PE-3S;-16.302485;DESPEJADO;RURAL;TRAMO RECTO;PLANA ;ASFALTADA;NULL;NULL;NULL;NULL;IMPRUDENCIA DEL PEATÓN;CRUCE INDEBIDO POR LA CALZADA;Carretera Longitudinal de la Sierra Sur;23/10/2021;-69.272968
A-2021-10-246;40:00.0;ATROPELLO;1;0;1;LAMBAYEQUE;LAMBAYEQUE;PACORA;RURAL;CARRETERA;NACIONAL;PE-1NJ;-6.428107;DESPEJADO;RURAL;CURVA;PLANA ;ASFALTADA;SI;PREVENTIVA (P);NULL;NO;IMPRUDENCIA DEL PEATÓN;ESTADO DE EBRIEDAD Y/O DROGADICCIÓN;Carretera Lambayeque;23/10/2021;-79.839964
A-2021-10-102;40:00.0;DESPISTE;1;0;1;LA LIBERTAD;VIRU;CHAO;RURAL;CARRETERA;PROVINCIAL;LI-1193;-8.49168;DESPEJADO;RURAL;TRAMO RECTO;PLANA ;AFIRMADO;NULL;NULL;NULL;NULL;IMPRUDENCIA DEL CONDUCTOR;CONDUCIR EN ESTADO DE EBRIEDAD Y/O DROGADICCIÓN;El Inca;23/10/2021;-78.616689
A-2021-10-103;45:00.0;DESPISTE;1;0;1;LA LIBERTAD;VIRU;VIRU;RURAL;CARRETERA;NACIONAL;PE-1N;-8.404379;DESPEJADO;RURAL;TRAMO RECTO;PLANA ;ASFALTADA;NULL;NULL;NULL;NULL;IMPRUDENCIA DEL CONDUCTOR;CONDUCIR EN ESTADO DE EBRIEDAD Y/O DROGADICCIÓN;Carretera Panamericana Norte;24/10/2021;-78.83144
A-2021-10-202;00:00.0;DESPISTE;1;0;1;LIMA;LIMA;LURIGANCHO;URBANA;CALLE;URBANO;NO CORRESPONDE;-11.9389;DESPEJADO;COMERCIAL;TRAMO RECTO;PLANA ;ASFALTADA;NULL;NULL;NULL;NULL;EN PROCESO DE INVESTIGACIÓN;NO CUENTA CON CAUSA ESPECIFICA;Jirón Brasil;24/10/2021;-76.694012
A-2021-10-257;40:00.0;DESPISTE;1;0;1;LAMBAYEQUE;CHICLAYO;MONSEFU;RURAL;CARRETERA;PROVINCIAL;LA-778;-6.855254;DESPEJADO;RURAL;TRAMO RECTO;PLANA ;ASFALTADA;NULL;NULL;NULL;NULL;EN PROCESO DE INVESTIGACIÓN;NO CUENTA CON CAUSA ESPECIFICA;Carretera Monsefú - Chiclayo;24/10/2021;-79.863396
A-2021-10-149;00:00.0;CHOQUE;1;0;2;CUSCO;QUISPICANCHI;OROPESA;URBANA;CARRETERA;NACIONAL;PE-3S;-13.577854;DESPEJADO;COMERCIAL;TRAMO RECTO;PLANA ;ASFALTADA;NULL;NULL;NULL;NULL;IMPRUDENCIA DEL CONDUCTOR;INVASIÓN DE CARRIL;Carretera Longitudinal de la Sierra Sur;24/10/2021;-71.816254
A-2021-10-260;00:00.0;CHOQUE;1;0;2;LAMBAYEQUE;CHICLAYO;MONSEFU;RURAL;CARRETERA;PROVINCIAL;LA-778;-6.86989;DESPEJADO;RURAL;TRAMO RECTO;PLANA ;ASFALTADA;NULL;NULL;NULL;NULL;EN PROCESO DE INVESTIGACIÓN;NO CUENTA CON CAUSA ESPECIFICA;Carretera Monsefú - Chiclayo;24/10/2021;-79.866706
A-2021-10-164;00:00.0;DESPISTE;1;0;1;PUNO;AZANGARO;CHUPA;RURAL;CARRETERA;DEPARTAMENTAL;PU-154;-15.194;DESPEJADO;RURAL;TRAMO RECTO;PLANA ;ASFALTADA;NULL;NULL;NULL;NULL;IMPRUDENCIA DEL CONDUCTOR;EXCESO DE VELOCIDAD;PU-154;24/10/2021;-69.911
A-2021-10-104;30:00.0;ATROPELLO FUGA;1;0;0;LA LIBERTAD;ASCOPE;CHICAMA;RURAL;CARRETERA;NACIONAL;PE-1N;-7.897459;DESPEJADO;RURAL;TRAMO RECTO;PLANA ;ASFALTADA;NULL;NULL;NULL;NULL;EN PROCESO DE INVESTIGACIÓN;NO CUENTA CON CAUSA ESPECIFICA;Carretera Panamericana Norte;24/10/2021;-79.121425
A-2021-10-259;30:00.0;CHOQUE FUGA;1;0;2;LAMBAYEQUE;LAMBAYEQUE;JAYANCA;URBANA;CARRETERA;NACIONAL;PE-1NJ;-6.40172;DESPEJADO;ESCOLAR;TRAMO RECTO;PLANA ;ASFALTADA;NULL;NULL;NULL;NULL;EN PROCESO DE INVESTIGACIÓN;NO CUENTA CON CAUSA ESPECIFICA;Carretera Lambayegue - Olmos;24/10/2021;-79.825078
A-2021-10-152;30:00.0;ATROPELLO;1;0;1;CUSCO;QUISPICANCHI;OROPESA;RURAL;CARRETERA;NACIONAL;PE-3S;-13.599008;DESPEJADO;RURAL;TRAMO RECTO;PLANA ;ASFALTADA;NULL;NULL;NULL;NULL;IMPRUDENCIA DEL PEATÓN;ESTADO DE EBRIEDAD Y/O DROGADICCIÓN;Carretera Longitudinal de la Sierra Sur;24/10/2021;-71.770052