CÓDIGO SINIESTRO;HORA SINIESTRO;CLASE SINIESTRO;CANTIDAD DE FALLECIDOS;CANTIDAD DE LESIONADOS;CANTIDAD DE VEHICULOS DAÑADOS;DEPARTAMENTO;PROVINCIA;DISTRITO;ZONA;TIPO DE VÍA;RED VIAL;COD CARRETERA;COORDENADAS LATITUD;CONDICIÓN CLIMÁTICA;ZONIFICACIÓN;CARACTERÍSTICAS DE VÍA;PERFIL LONGITUDINAL VÍA;SUPERFICIE DE CALZADA;¿EXISTE SEÑAL VERTICAL?;CLASIFICACIÓN DE LA SEÑAL VERTICAL Nº 1;CLASIFICACIÓN DE LA SEÑAL VERTICAL Nº 2;¿EXISTE SEÑAL HORIZONTAL?;CAUSA FACTOR PRINCIPAL;CAUSA ESPECÍFICA;UBICACION;FECHA SINIESTRO;COORDENADAS LONGITUD
A-2021-10-261;40:00.0;ATROPELLO FUGA;1;0;0;LAMBAYEQUE;LAMBAYEQUE;OLMOS;URBANA;CARRETERA;NACIONAL;PE-1NJ;-5.985603;DESPEJADO;COMERCIAL;TRAMO RECTO;PLANA ;ASFALTADA;NULL;NULL;NULL;NULL;EN PROCESO DE INVESTIGACIÓN;NO CUENTA CON CAUSA ESPECIFICA;Carretera Interoceánica Norte;24/10/2021;-79.739999
A-2021-10-244;30:00.0;CHOQUE;1;2;2;HUANUCO;HUANUCO;PILLCO MARCA;URBANA;CARRETERA;NACIONAL;PE-3N;-10.003893;DESPEJADO;COMERCIAL;TRAMO RECTO;PLANA ;ASFALTADA;NULL;NULL;NULL;NULL;IMPRUDENCIA DEL CONDUCTOR;EXCESO DE VELOCIDAD;Carretera Longitudinal de la Sierra Norte;24/10/2021;-76.238939
A-2021-10-162;00:00.0;DESPISTE;1;0;1;CUSCO;LA CONVENCION;MARANURA;RURAL;CARRETERA;NACIONAL;PE-28B;-12.962536;DESPEJADO;RURAL;CURVA;PLANA ;ASFALTADA;NULL;NULL;NULL;NULL;IMPRUDENCIA DEL CONDUCTOR;EXCESO DE VELOCIDAD;PE-28B;25/10/2021;-72.66933
A-2021-10-114;50:00.0;CHOQUE;1;1;2;SAN MARTIN;RIOJA;RIOJA;RURAL;CARRETERA;NACIONAL;PE-5N;-6.026225;DESPEJADO;RURAL;TRAMO RECTO;PLANA ;ASFALTADA;SI;PREVENTIVA (P);NULL;NO;IMPRUDENCIA DEL CONDUCTOR;CONDUCIR EN ESTADO DE EBRIEDAD Y/O DROGADICCIÓN;Carretera Presidente Fernando Belaúnde Terry;25/10/2021;-77.216984
A-2021-10-111;00:00.0;DESPISTE;1;0;1;AREQUIPA;ISLAY;MOLLENDO;RURAL;CARRETERA;NACIONAL;PE-34;-16.701865;NUBLADO;RURAL;TRAMO RECTO;PLANA ;ASFALTADA;NO;NULL;NULL;SI;EN PROCESO DE INVESTIGACIÓN;NO CUENTA CON CAUSA ESPECIFICA;Carretera Interoceánica Sur;25/10/2021;-71.927131
A-2021-10-122;40:00.0;ATROPELLO;1;0;1;PUNO;LAMPA;PUCARA;RURAL;CARRETERA;PROVINCIAL;PU-727;-15.032214;DESPEJADO;RURAL;TRAMO RECTO;PLANA ;TROCHA;NULL;NULL;NULL;NULL;IMPRUDENCIA DEL PEATÓN;OTRO (IMPRUDENCIA DEL PEATÓN);Chijnaya;25/10/2021;-70.384785
A-2021-10-277;00:00.0;CHOQUE;2;2;2;SAN MARTIN;LAMAS;CAYNARACHI;RURAL;CARRETERA;NACIONAL;PE-5NB;-6.30668;DESPEJADO;RURAL;CURVA;INCLINADA;ASFALTADA;SI;REGULADORA (R);NULL;SI;IMPRUDENCIA DEL CONDUCTOR;INVASIÓN DE CARRIL;PE-5NB;26/10/2021;-76.28044
A-2021-10-126;00:00.0;CAÍDA DE PASAJERO;1;0;1;LA LIBERTAD;TRUJILLO;LA ESPERANZA;URBANA;CALLE;URBANO;NO CORRESPONDE;-8.063115;DESPEJADO;RESIDENCIAL;TRAMO RECTO;PLANA ;ASFALTADA;NULL;NULL;NULL;NULL;IMPRUDENCIA DEL CONDUCTOR;OTRO (IMPRUDENCIA DEL CONDUCTOR);Calle Los Jazmines;26/10/2021;-79.078798
A-2021-10-203;30:00.0;ATROPELLO;1;0;0;LIMA;LIMA;SANTA ANITA;URBANA;AVENIDA;URBANO;NO CORRESPONDE;-12.0408;DESPEJADO;COMERCIAL;TRAMO RECTO;PLANA ;ASFALTADA;NULL;NULL;NULL;NULL;EN PROCESO DE INVESTIGACIÓN;NO CUENTA CON CAUSA ESPECIFICA;Avenida Huancaray;26/10/2021;-76.96171
A-2021-10-283;30:00.0;CHOQUE;4;0;NULL;ANCASH;CASMA;CASMA;RURAL;CARRETERA;NACIONAL;PE-1N;-9.445779;NULL;NULL;NULL;NULL;NULL;NULL;NULL;NULL;NULL;EN PROCESO DE INVESTIGACIÓN;NO CUENTA CON CAUSA ESPECIFICA;Panamericana Norte;27/10/2021;-78.350328
A-2021-10-228;00:00.0;DESPISTE;1;1;1;ANCASH;HUAYLAS;HUALLANCA;RURAL;CARRETERA;NACIONAL;PE-3N;-8.835899;DESPEJADO;RURAL;INTERSECCIÓN;PLANA ;ASFALTADA;NULL;NULL;NULL;NULL;EN PROCESO DE INVESTIGACIÓN;NO CUENTA CON CAUSA ESPECIFICA;Carretera Longitudinal de la Sierra Norte;27/10/2021;-77.829219
A-2021-10-125;30:00.0;ATROPELLO;1;0;1;PUNO;LAMPA;CALAPUJA;RURAL;CARRETERA;NACIONAL;PE-3S;-15.312531;DESPEJADO;RURAL;TRAMO RECTO;PLANA ;ASFALTADA;NULL;NULL;NULL;NULL;IMPRUDENCIA DEL PEATÓN;CRUCE INDEBIDO POR LA CALZADA;Carretera Longitudinal de la Sierra Sur;27/10/2021;-70.228747
A-2021-10-113;40:00.0;DESPISTE;1;1;1;ICA;NASCA;MARCONA;RURAL;CARRETERA;NACIONAL;PE-30;-15.291831;DESPEJADO;RURAL;TRAMO RECTO;PLANA ;ASFALTADA;NULL;NULL;NULL;NULL;EN PROCESO DE INVESTIGACIÓN;NO CUENTA CON CAUSA ESPECIFICA;Carretera San Juan de Marcona;27/10/2021;-75.105973
A-2021-10-262;50:00.0;ATROPELLO;1;0;1;LAMBAYEQUE;CHICLAYO;LAGUNAS;URBANA;CARRETERA;NACIONAL;PE-1N;-6.992075;DESPEJADO;COMERCIAL;TRAMO RECTO;PLANA ;ASFALTADA;SI;INFORMATIVA (I);PREVENTIVA (P);NO;EN PROCESO DE INVESTIGACIÓN;NO CUENTA CON CAUSA ESPECIFICA;Carretera Panamericana Norte;27/10/2021;-79.619936
A-2021-10-289;50:00.0;DESPISTE;1;0;1;AREQUIPA;CARAVELI;ATIQUIPA;RURAL;CARRETERA;NACIONAL;PE-1S;-15.814546;DESPEJADO;RURAL;CURVA;INCLINADA;ASFALTADA;NULL;NULL;NULL;NULL;EN PROCESO DE INVESTIGACIÓN;NO CUENTA CON CAUSA ESPECIFICA;Carretera Panamericana Sur;27/10/2021;-74.316593
A-2021-10-116;20:00.0;CHOQUE FUGA;1;1;1;PUNO;EL COLLAO;ILAVE;RURAL;CARRETERA;PROVINCIAL;PU-1153;-16.039864;DESPEJADO;RURAL;TRAMO RECTO;PLANA ;ASFALTADA;NO;NULL;NULL;NO;EN PROCESO DE INVESTIGACIÓN;NO CUENTA CON CAUSA ESPECIFICA;Camicachi;27/10/2021;-69.599869
A-2021-10-115;20:00.0;ATROPELLO FUGA;1;0;0;PUNO;CHUCUITO;POMATA;RURAL;CARRETERA;DEPARTAMENTAL;PU-130;-16.313503;DESPEJADO;RURAL;TRAMO RECTO;PLANA ;ASFALTADA;NULL;NULL;NULL;NULL;EN PROCESO DE INVESTIGACIÓN;NO CUENTA CON CAUSA ESPECIFICA;PU-130;27/10/2021;-69.253323
A-2021-10-135;15:00.0;DESPISTE;1;0;1;CALLAO;CALLAO;CALLAO;URBANA;CARRETERA;NACIONAL;PE-20;-11.979772;DESPEJADO;INDUSTRIAL;TRAMO RECTO;PLANA ;ASFALTADA;SI;INFORMATIVA (I);NULL;SI;IMPRUDENCIA DEL CONDUCTOR;CONDUCIR EN ESTADO DE EBRIEDAD Y/O DROGADICCIÓN;Avenida Coronel Nestor Gambetta;27/10/2021;-77.125247
A-2021-10-204;55:00.0;ESPECIAL;1;0;0;LIMA;LIMA;LURIGANCHO;URBANA;CALLE;URBANO;NO CORRESPONDE;-11.997801;DESPEJADO;COMERCIAL;TRAMO RECTO;PLANA ;CONCRETO;NULL;NULL;NULL;NULL;EN PROCESO DE INVESTIGACIÓN;NO CUENTA CON CAUSA ESPECIFICA;Carapongo;28/10/2021;-76.869256
A-2021-10-150;45:00.0;DESPISTE;1;2;1;HUANCAVELICA;TAYACAJA;ACOSTAMBO;RURAL;CARRETERA;NACIONAL;PE-3S;-12.365755;DESPEJADO;RURAL;CURVA;INCLINADA;ASFALTADA;SI;PREVENTIVA (P);NULL;SI;EN PROCESO DE INVESTIGACIÓN;NO CUENTA CON CAUSA ESPECIFICA;Carretera Longitudinal de la Sierra Sur;28/10/2021;-75.041133
A-2021-10-141;30:00.0;VOLCADURA;3;0;1;CAJAMARCA;CELENDIN;MIGUEL IGLESIAS;RURAL;CARRETERA;PROVINCIAL;CA-983;-6.578253;DESPEJADO;RURAL;CURVA;INCLINADA;AFIRMADO;NULL;NULL;NULL;NULL;EN PROCESO DE INVESTIGACIÓN;NO CUENTA CON CAUSA ESPECIFICA;CA-983;28/10/2021;-78.309733
A-2021-08-312;00:00.0;ATROPELLO;1;0;1;ANCASH;SANTA;CHIMBOTE;URBANA;AVENIDA;URBANO;NO CORRESPONDE;-9.111293;DESPEJADO;RESIDENCIAL;TRAMO RECTO;PLANA ;ASFALTADA;NULL;NULL;NULL;NULL;EN PROCESO DE INVESTIGACIÓN;NO CUENTA CON CAUSA ESPECIFICA;Avenida Victor Raúl Haya de la Torre;17/8/2021;-78.54607
A-2021-08-182;10:00.0;DESPISTE;1;0;1;CUSCO;QUISPICANCHI;OCONGATE;RURAL;CARRETERA;NACIONAL;PE-30C;-13.63413;DESPEJADO;RURAL;CURVA;INCLINADA;ASFALTADA;NULL;NULL;NULL;NULL;IMPRUDENCIA DEL CONDUCTOR;EXCESO DE VELOCIDAD;Interoceánica Sur;17/8/2021;-71.414767
A-2021-08-157;30:00.0;CHOQUE;1;3;2;LAMBAYEQUE;LAMBAYEQUE;OLMOS;RURAL;CARRETERA;NACIONAL;PE-1NJ;-5.716099;DESPEJADO;RURAL;TRAMO RECTO;PLANA ;ASFALTADA;SI;PREVENTIVA (P);PREVENTIVA (P);NO;IMPRUDENCIA DEL CONDUCTOR;INVASIÓN DE CARRIL;Carretera Interoceánica Norte;18/8/2021;-79.890153
A-2021-08-99;00:00.0;CHOQUE;1;0;2;AREQUIPA;AREQUIPA;PAUCARPATA;URBANA;AVENIDA;URBANO;NO CORRESPONDE;-16.406578;DESPEJADO;RESIDENCIAL;INTERSECCIÓN;INCLINADA;ASFALTADA;NULL;NULL;NULL;NULL;EN PROCESO DE INVESTIGACIÓN;NO CUENTA CON CAUSA ESPECIFICA;Avenida Villa Hermosa;18/8/2021;-71.474357
A-2021-08-239;50:00.0;ATROPELLO;1;0;NULL;LIMA;LIMA;BREÑA;URBANA;AVENIDA;URBANO;NO CORRESPONDE;-12.066318;DESPEJADO;RESIDENCIAL;TRAMO RECTO;PLANA ;ASFALTADA;NULL;NULL;NULL;NULL;IMPRUDENCIA DEL PEATÓN;OTRO (IMPRUDENCIA DEL PEATÓN);Avenida Brasil;18/8/2021;-77.046615
A-2021-08-240;53:00.0;ATROPELLO FUGA;1;0;0;LIMA;LIMA;ANCON;URBANA;CARRETERA;NACIONAL;PE-1N;-11.766541;NUBLADO;RURAL;TRAMO RECTO;PLANA ;ASFALTADA;NULL;NULL;NULL;NULL;EN PROCESO DE INVESTIGACIÓN;NO CUENTA CON CAUSA ESPECIFICA;Carretera Panamericana Norte;18/8/2021;-77.158564
A-2021-08-242;20:00.0;ESPECIAL;1;0;0;LIMA;LIMA;ATE;URBANA;CARRETERA;NACIONAL;PE-22;-12.009152;SOLEADO;ESCOLAR;TRAMO RECTO;PLANA ;ASFALTADA;NULL;NULL;NULL;NULL;EN PROCESO DE INVESTIGACIÓN;NO CUENTA CON CAUSA ESPECIFICA;Santa Clara;19/8/2021;-76.866567
A-2021-08-100;50:00.0;DESPISTE;1;0;1;AREQUIPA;AREQUIPA;CAYMA;URBANA;CARRETERA;DEPARTAMENTAL;AR-116;-16.299498;DESPEJADO;RESIDENCIAL;CURVA;INCLINADA;ASFALTADA;NULL;NULL;NULL;NULL;EN PROCESO DE INVESTIGACIÓN;NO CUENTA CON CAUSA ESPECIFICA;Avenida Charcani;19/8/2021;-71.521146
A-2021-08-141;50:00.0;CHOQUE;1;3;2;LA LIBERTAD;TRUJILLO;SALAVERRY;RURAL;CARRETERA;NACIONAL;PE-1N;-8.223941;DESPEJADO;RURAL;TRAMO RECTO;PLANA ;ASFALTADA;NULL;NULL;NULL;NULL;EN PROCESO DE INVESTIGACIÓN;NO CUENTA CON CAUSA ESPECIFICA;Panamericana Norte;20/8/2021;-78.947018
A-2021-08-142;45:00.0;CHOQUE;1;1;2;LA LIBERTAD;TRUJILLO;TRUJILLO;URBANA;AVENIDA;URBANO;NO CORRESPONDE;-8.115759;DESPEJADO;COMERCIAL;INTERSECCIÓN;PLANA ;ASFALTADA;NULL;NULL;NULL;NULL;IMPRUDENCIA DEL CONDUCTOR;DESACATO DE SEÑAL DE TRÁNSITO;Jirón Francisco Pizarro;20/8/2021;-79.031181
A-2021-08-117;00:00.0;CHOQUE;1;0;3;PIURA;SECHURA;CRISTO NOS VALGA;RURAL;CARRETERA;NACIONAL;PE-1N;-5.556816;DESPEJADO;RURAL;TRAMO RECTO;INCLINADA;ASFALTADA;NULL;NULL;NULL;NULL;EN PROCESO DE INVESTIGACIÓN;NO CUENTA CON CAUSA ESPECIFICA;Carretera Panamericana Norte;20/8/2021;-80.583377
A-2021-08-164;30:00.0;CHOQUE;1;3;2;CUSCO;PAUCARTAMBO;KOSÑIPATA;RURAL;CARRETERA;DEPARTAMENTAL;CU-113;-12.918103;DESPEJADO;RURAL;CURVA;INCLINADA;TROCHA;NULL;NULL;NULL;NULL;IMPRUDENCIA DEL CONDUCTOR;INVASIÓN DE CARRIL;Avenida Sumar Cusco;20/8/2021;-71.399089
A-2021-08-188;30:00.0;CHOQUE;1;0;2;JUNIN;TARMA;PALCA;RURAL;CARRETERA;NACIONAL;PE-22B;-11.284677;DESPEJADO;RURAL;CURVA;INCLINADA;ASFALTADA;NULL;NULL;NULL;NULL;EN PROCESO DE INVESTIGACIÓN;NO CUENTA CON CAUSA ESPECIFICA;Carretera Central;20/8/2021;-75.565874
A-2021-08-241;40:00.0;ATROPELLO FUGA;1;0;0;LIMA;LIMA;COMAS;URBANA;AVENIDA;URBANO;NO CORRESPONDE;-11.912096;SOLEADO;RESIDENCIAL;INTERSECCIÓN;PLANA ;ASFALTADA;NULL;NULL;NULL;NULL;EN PROCESO DE INVESTIGACIÓN;NO CUENTA CON CAUSA ESPECIFICA;Calle 48;20/8/2021;-77.052296
A-2021-08-109;30:00.0;DESPISTE;1;0;1;HUANCAVELICA;HUANCAVELICA;YAULI;RURAL;CARRETERA;NACIONAL;PE-26;-12.72358;DESPEJADO;RURAL;TRAMO RECTO;PLANA ;ASFALTADA;SI;PREVENTIVA (P);NULL;SI;EN PROCESO DE INVESTIGACIÓN;NO CUENTA CON CAUSA ESPECIFICA;PE-26;20/8/2021;-74.91105
A-2021-08-318;30:00.0;CHOQUE;1;0;2;SAN MARTIN;PICOTA;PICOTA;RURAL;CARRETERA;NACIONAL;PE-5N;-6.915948;SOLEADO;RURAL;TRAMO RECTO;PLANA ;ASFALTADA;NO;NULL;NULL;SI;IMPRUDENCIA DEL CONDUCTOR;EXCESO DE VELOCIDAD;Carretera Presidente Fernando Belaúnde Terry;21/8/2021;-76.331708
A-2021-08-177;45:00.0;CHOQUE;1;0;1;LA LIBERTAD;TRUJILLO;LAREDO;RURAL;CARRETERA;PROVINCIAL;LI-733;-8.087727;DESPEJADO;RURAL;TRAMO RECTO;PLANA ;ASFALTADA;NULL;NULL;NULL;NULL;IMPRUDENCIA DEL CONDUCTOR;GIRAR IMPRUDENTEMENTE;Avenida Pumacahua;21/8/2021;-78.981701
A-2021-08-296;30:00.0;CHOQUE;1;0;3;PIURA;PAITA;LA HUACA;RURAL;CARRETERA;DEPARTAMENTAL;PI-102;-4.91742;DESPEJADO;RURAL;CURVA;PLANA ;ASFALTADA;SI;PREVENTIVA (P);REGULADORA (R);NO;EN PROCESO DE INVESTIGACIÓN;NO CUENTA CON CAUSA ESPECIFICA;Carretera Paita - Sullana;21/8/2021;-80.8442
A-2021-08-102;20:00.0;CHOQUE;1;0;2;AREQUIPA;AREQUIPA;CERRO COLORADO;URBANA;CALLE;URBANO;NO CORRESPONDE;-16.332495;DESPEJADO;RESIDENCIAL;INTERSECCIÓN;INCLINADA;ASFALTADA;NULL;NULL;NULL;NULL;EN PROCESO DE INVESTIGACIÓN;NO CUENTA CON CAUSA ESPECIFICA;Cono Norte;21/8/2021;-71.600853
A-2021-08-104;30:00.0;DESPISTE;1;0;1;AREQUIPA;AREQUIPA;POCSI;RURAL;CARRETERA;DEPARTAMENTAL;AR-118;-16.522686;DESPEJADO;RURAL;CURVA;PLANA ;ASFALTADA;NO;NULL;NULL;SI;EN PROCESO DE INVESTIGACIÓN;NO CUENTA CON CAUSA ESPECIFICA;Carretera Arequipa - Moquegua;21/8/2021;-71.405408
A-2021-08-166;10:00.0;CHOQUE;1;4;2;CUSCO;CUSCO;SAN SEBASTIAN;URBANA;AVENIDA;URBANO;NO CORRESPONDE;-13.5368;DESPEJADO;RESIDENCIAL;INTERSECCIÓN;PLANA ;ASFALTADA;SI;REGULADORA (R);PREVENTIVA (P);SI;IMPRUDENCIA DEL CONDUCTOR;EXCESO DE VELOCIDAD;Avenida 1 Los Sauces;21/8/2021;-71.9063
A-2021-08-167;40:00.0;ATROPELLO FUGA;1;0;1;CUSCO;CUSCO;SAYLLA;URBANA;CARRETERA;NACIONAL;PE-3S;-13.576465;NUBLADO;RESIDENCIAL;TRAMO RECTO;PLANA ;ASFALTADA;SI;INFORMATIVA (I);REGULADORA (R);SI;IMPRUDENCIA DEL CONDUCTOR;EXCESO DE VELOCIDAD;Avenida Cusco;21/8/2021;-71.818137
A-2021-08-243;00:00.0;ATROPELLO;1;0;0;LIMA;LIMA;CHORRILLOS;URBANA;AVENIDA;URBANO;NO CORRESPONDE;-12.172279;NUBLADO;RESIDENCIAL;TRAMO RECTO;PLANA ;ASFALTADA;NULL;NULL;NULL;NULL;EN PROCESO DE INVESTIGACIÓN;NO CUENTA CON CAUSA ESPECIFICA;Avenida Alipio Ponce;21/8/2021;-76.98347
A-2021-08-159;00:00.0;ATROPELLO FUGA;1;0;1;LAMBAYEQUE;CHICLAYO;PIMENTEL;RURAL;CARRETERA;NACIONAL;PE-1N;-6.7426;DESPEJADO;INDUSTRIAL;TRAMO RECTO;PLANA ;ASFALTADA;NULL;NULL;NULL;NULL;EN PROCESO DE INVESTIGACIÓN;NO CUENTA CON CAUSA ESPECIFICA;Panamericana Norte;22/8/2021;-79.876308
A-2021-08-244;30:00.0;VOLCADURA;1;0;0;LIMA;LIMA;SAN MARTIN DE PORRES;URBANA;AVENIDA;URBANO;NO CORRESPONDE;-12.011634;NUBLADO;ESCOLAR;INTERSECCIÓN;PLANA ;ASFALTADA;NULL;NULL;NULL;NULL;EN PROCESO DE INVESTIGACIÓN;NO CUENTA CON CAUSA ESPECIFICA;Avenida Tomás Valle;22/8/2021;-77.089182
A-2021-08-128;10:00.0;CHOQUE;1;6;2;PIURA;PIURA;TAMBO GRANDE;RURAL;CARRETERA;NACIONAL;PE-1NJ;-5.146997;DESPEJADO;RURAL;TRAMO RECTO;PLANA ;ASFALTADA;NULL;NULL;NULL;NULL;EN PROCESO DE INVESTIGACIÓN;NO CUENTA CON CAUSA ESPECIFICA;Carretera Interoceánica Norte;22/8/2021;-80.399774
A-2021-08-172;10:00.0;ATROPELLO;1;0;1;LA LIBERTAD;CHEPEN;CHEPEN;RURAL;CARRETERA;NACIONAL;PE-1N;-7.192562;DESPEJADO;RURAL;TRAMO RECTO;PLANA ;ASFALTADA;NULL;NULL;NULL;NULL;EN PROCESO DE INVESTIGACIÓN;NO CUENTA CON CAUSA ESPECIFICA;Carretera Panamericana Norte;22/8/2021;-79.429835
A-2021-08-130;50:00.0;ATROPELLO FUGA;1;0;1;ANCASH;RECUAY;CATAC;RURAL;CARRETERA;NACIONAL;PE-3N;-10.123423;DESPEJADO;RURAL;TRAMO RECTO;PLANA ;ASFALTADA;SI;PREVENTIVA (P);INFORMATIVA (I);SI;IMPRUDENCIA DEL PEATÓN;OTRO (IMPRUDENCIA DEL PEATÓN);Carretera Longitudinal de la Sierra Norte;22/8/2021;-77.2918
A-2021-08-158;54:00.0;ATROPELLO;1;0;1;CUSCO;CUSCO;SAYLLA;URBANA;CARRETERA;NACIONAL;PE-3S;-13.574089;DESPEJADO;RESIDENCIAL;TRAMO RECTO;PLANA ;ASFALTADA;SI;INFORMATIVA (I);INFORMATIVA (I);SI;IMPRUDENCIA DEL CONDUCTOR;EXCESO DE VELOCIDAD;Avenida Cusco;22/8/2021;-71.822298
A-2021-08-131;00:00.0;ATROPELLO;1;1;1;ANCASH;CARHUAZ;CARHUAZ;URBANA;CARRETERA;NACIONAL;PE-3N;-9.290181;DESPEJADO;RESIDENCIAL;TRAMO RECTO;PLANA ;ASFALTADA;NO;NULL;NULL;SI;EN PROCESO DE INVESTIGACIÓN;NO CUENTA CON CAUSA ESPECIFICA;Carretera Longitudinal de la Sierra Norte;22/8/2021;-77.636317
A-2021-08-138;00:00.0;ATROPELLO;1;0;1;PIURA;PIURA;CURA MORI;RURAL;CARRETERA;NACIONAL;PE-1N;-5.406318;DESPEJADO;RURAL;TRAMO RECTO;PLANA ;ASFALTADA;NULL;NULL;NULL;NULL;EN PROCESO DE INVESTIGACIÓN;NO CUENTA CON CAUSA ESPECIFICA;Carretera Panamericana Norte;22/8/2021;-80.612744
A-2021-08-196;10:00.0;CHOQUE;1;0;2;JUNIN;CHANCHAMAYO;PERENE;RURAL;CARRETERA;NACIONAL;PE-5S;-10.887454;DESPEJADO;RURAL;TRAMO RECTO;INCLINADA;ASFALTADA;NULL;NULL;NULL;NULL;EN PROCESO DE INVESTIGACIÓN;NO CUENTA CON CAUSA ESPECIFICA;Churingaveni;22/8/2021;-74.962136
A-2021-08-319;30:00.0;CHOQUE;1;0;2;SAN MARTIN;LAMAS;LAMAS;RURAL;CARRETERA;NACIONAL;PE-5N;-6.4786;SOLEADO;RURAL;TRAMO RECTO;PLANA ;ASFALTADA;NO;NULL;NULL;SI;IMPRUDENCIA DEL CONDUCTOR;GIRAR IMPRUDENTEMENTE;Carretera Presidente Fernando Belaúnde Terry;22/8/2021;-76.5049
A-2021-08-194;00:00.0;ATROPELLO;1;0;0;PUNO;SAN ROMAN;CABANILLAS;RURAL;CARRETERA;NACIONAL;PE-34A;-15.660414;DESPEJADO;RURAL;CURVA;PLANA ;ASFALTADA;NULL;NULL;NULL;NULL;IMPRUDENCIA DEL PEATÓN;OTRO (IMPRUDENCIA DEL PEATÓN);Héroes de La Guerra del Pacífico;22/8/2021;-70.364019
A-2021-08-245;15:00.0;ATROPELLO;1;0;0;LIMA;LIMA;SAN BARTOLO;URBANA;CARRETERA;NACIONAL;PE-1S;-12.385302;NUBLADO;COMERCIAL;TRAMO RECTO;PLANA ;ASFALTADA;NULL;NULL;NULL;NULL;EN PROCESO DE INVESTIGACIÓN;NO CUENTA CON CAUSA ESPECIFICA;Carretera Panamericana Sur;22/8/2021;-76.770004
A-2021-08-299;12:00.0;CHOQUE;1;0;2;PIURA;TALARA;LA BREA;RURAL;CARRETERA;DEPARTAMENTAL;PI-101;-4.619637;DESPEJADO;RURAL;TRAMO RECTO;INCLINADA;ASFALTADA;NULL;NULL;NULL;NULL;EN PROCESO DE INVESTIGACIÓN;NO CUENTA CON CAUSA ESPECIFICA;Carretera Talara - Negritos;22/8/2021;-81.288901
A-2021-08-326;30:00.0;DESPISTE;1;0;NULL;APURIMAC;ABANCAY;CIRCA;RURAL;CARRETERA;NACIONAL;PE-30A;-13.788102;NULL;NULL;NULL;NULL;NULL;NULL;NULL;NULL;NULL;EN PROCESO DE INVESTIGACIÓN;NO CUENTA CON CAUSA ESPECIFICA;Carretera Nasca - Abancay;22/8/2021;-72.947077
A-2021-08-161;30:00.0;ATROPELLO;1;0;1;CUSCO;LA CONVENCION;QUELLOUNO;URBANA;JIRÓN;URBANO;NO CORRESPONDE;-12.521364;DESPEJADO;RESIDENCIAL;INTERSECCIÓN;PLANA ;ASFALTADA;NO;NULL;NULL;SI;IMPRUDENCIA DEL CONDUCTOR;CONDUCIR EN ESTADO DE EBRIEDAD Y/O DROGADICCIÓN;Quelloúno;22/8/2021;-72.414141
A-2021-08-266;10:00.0;DESPISTE;1;0;1;LIMA;BARRANCA;PATIVILCA;RURAL;CARRETERA;PROVINCIAL;LM-512;-10.656949;DESPEJADO;RURAL;TRAMO RECTO;PLANA ;TROCHA;NULL;NULL;NULL;NULL;EN PROCESO DE INVESTIGACIÓN;NO CUENTA CON CAUSA ESPECIFICA;Pampas San José;22/8/2021;-77.720107
A-2021-08-247;45:00.0;CHOQUE;1;1;0;LIMA;LIMA;SANTIAGO DE SURCO;URBANA;CARRETERA;NACIONAL;PE-1S;-12.136136;NUBLADO;RESIDENCIAL;INTERSECCIÓN;PLANA ;ASFALTADA;NULL;NULL;NULL;NULL;EN PROCESO DE INVESTIGACIÓN;NO CUENTA CON CAUSA ESPECIFICA;Carretera Panamericana Sur;22/8/2021;-76.980274
A-2021-08-115;40:00.0;ATROPELLO;1;0;1;AREQUIPA;AREQUIPA;CERRO COLORADO;URBANA;CARRETERA;NACIONAL;PE-34A;-16.380119;DESPEJADO;COMERCIAL;TRAMO RECTO;INCLINADA;ASFALTADA;NO;NULL;NULL;SI;EN PROCESO DE INVESTIGACIÓN;NO CUENTA CON CAUSA ESPECIFICA;Vía de Evitamiento;23/8/2021;-71.575573
A-2021-08-197;10:00.0;ATROPELLO;1;0;1;JUNIN;CHANCHAMAYO;CHANCHAMAYO;RURAL;CARRETERA;NACIONAL;PE-22B;-10.965477;DESPEJADO;RURAL;CURVA;PLANA ;ASFALTADA;NULL;NULL;NULL;NULL;EN PROCESO DE INVESTIGACIÓN;NO CUENTA CON CAUSA ESPECIFICA;PE-22B;23/8/2021;-75.297155
A-2021-08-268;00:00.0;DESPISTE;1;2;1;JUNIN;CONCEPCION;SAN JOSE DE QUERO;RURAL;CARRETERA;NACIONAL;PE-24;-12.028372;SOLEADO;RURAL;CURVA;PLANA ;ASFALTADA;SI;REGULADORA (R);NULL;NO;IMPRUDENCIA DEL CONDUCTOR;CONDUCIR EN ESTADO DE EBRIEDAD Y/O DROGADICCIÓN;PE-24;23/8/2021;-75.496961
A-2021-08-304;30:00.0;DESPISTE;2;0;1;HUANUCO;AMBO;SAN RAFAEL;RURAL;CARRETERA;PROVINCIAL;HU-1060;-10.387709;DESPEJADO;RURAL;SINUOSA;INCLINADA;AFIRMADO;NULL;NULL;NULL;NULL;IMPRUDENCIA DEL CONDUCTOR;EXCESO DE VELOCIDAD;San Rafael;23/8/2021;-76.18826