CÓDIGO SINIESTRO;HORA SINIESTRO;CLASE SINIESTRO;CANTIDAD DE FALLECIDOS;CANTIDAD DE LESIONADOS;CANTIDAD DE VEHICULOS DAÑADOS;DEPARTAMENTO;PROVINCIA;DISTRITO;ZONA;TIPO DE VÍA;RED VIAL;COD CARRETERA;COORDENADAS LATITUD;CONDICIÓN CLIMÁTICA;ZONIFICACIÓN;CARACTERÍSTICAS DE VÍA;PERFIL LONGITUDINAL VÍA;SUPERFICIE DE CALZADA;¿EXISTE SEÑAL VERTICAL?;CLASIFICACIÓN DE LA SEÑAL VERTICAL Nº 1;CLASIFICACIÓN DE LA SEÑAL VERTICAL Nº 2;¿EXISTE SEÑAL HORIZONTAL?;CAUSA FACTOR PRINCIPAL;CAUSA ESPECÍFICA;UBICACION;FECHA SINIESTRO;COORDENADAS LONGITUD
A-2021-08-195;45:00.0;CHOQUE;1;0;2;PUNO;AZANGARO;POTONI;RURAL;CARRETERA;NACIONAL;PE-34B;-14.345605;SOLEADO;RURAL;CURVA;PLANA ;ASFALTADA;SI;PREVENTIVA (P);REGULADORA (R);NO;IMPRUDENCIA DEL CONDUCTOR;OTRO (IMPRUDENCIA DEL CONDUCTOR);Carretera Interoceánica Puno - Madre de Dios;23/8/2021;-70.265136
A-2021-08-327;00:00.0;DESPISTE;1;1;1;AREQUIPA;CARAVELI;CHALA;RURAL;CARRETERA;NACIONAL;PE-1S;-15.835402;DESPEJADO;RURAL;TRAMO RECTO;INCLINADA;AFIRMADO;NULL;NULL;NULL;NULL;EN PROCESO DE INVESTIGACIÓN;NO CUENTA CON CAUSA ESPECIFICA;Carretera Panamericana Sur;24/8/2021;-74.286325
A-2021-08-249;00:00.0;ATROPELLO;1;0;0;LIMA;LIMA;SAN MARTIN DE PORRES;URBANA;AVENIDA;URBANO;NO CORRESPONDE;-12.018424;DESPEJADO;RESIDENCIAL;TRAMO RECTO;PLANA ;ASFALTADA;NULL;NULL;NULL;NULL;IMPRUDENCIA DEL CONDUCTOR;EXCESO DE VELOCIDAD;Avenida Juan Vicente Nicolini;24/8/2021;-77.055792
A-2021-08-290;00:00.0;ATROPELLO FUGA;1;0;NULL;CALLAO;CALLAO;CALLAO;URBANA;CARRETERA;NACIONAL;PE-20B;-12.040087;DESPEJADO;COMERCIAL;TRAMO RECTO;PLANA ;ASFALTADA;NULL;NULL;NULL;NULL;IMPRUDENCIA DEL CONDUCTOR;EXCESO DE VELOCIDAD;Avenida Morales Duarez;24/8/2021;-77.118175
A-2021-08-271;29:00.0;CHOQUE;1;0;2;LIMA;HUAURA;HUALMAY;URBANA;CARRETERA;DEPARTAMENTAL;LM-101;-11.078665;DESPEJADO;INDUSTRIAL;TRAMO RECTO;PLANA ;ASFALTADA;NULL;NULL;NULL;NULL;IMPRUDENCIA DEL CONDUCTOR;INVASIÓN DE CARRIL;Antigua Panamericana Norte;24/8/2021;-77.597574
A-2021-08-248;30:00.0;ATROPELLO;1;0;0;LIMA;LIMA;LURIN;URBANA;AVENIDA;URBANO;NO CORRESPONDE;-12.254683;DESPEJADO;RESIDENCIAL;TRAMO RECTO;PLANA ;CONCRETO;NULL;NULL;NULL;NULL;EN PROCESO DE INVESTIGACIÓN;NO CUENTA CON CAUSA ESPECIFICA;Antigua Panamericana Sur;24/8/2021;-76.916608
A-2021-08-250;00:00.0;CHOQUE;1;0;0;LIMA;LIMA;EL AGUSTINO;URBANA;AVENIDA;URBANO;NO CORRESPONDE;-12.043371;NUBLADO;COMERCIAL;INTERSECCIÓN;PLANA ;ASFALTADA;NULL;NULL;NULL;NULL;EN PROCESO DE INVESTIGACIÓN;NO CUENTA CON CAUSA ESPECIFICA;Pasaje Cesar Augusto Velez;25/8/2021;-77.008517
A-2021-08-251;30:00.0;CHOQUE;1;0;0;LIMA;LIMA;ANCON;URBANA;CARRETERA;NACIONAL;PE-1N;-11.747909;SOLEADO;INDUSTRIAL;INTERSECCIÓN;PLANA ;ASFALTADA;NULL;NULL;NULL;NULL;EN PROCESO DE INVESTIGACIÓN;NO CUENTA CON CAUSA ESPECIFICA;Carretera Panamericana Norte;25/8/2021;-77.144199
A-2021-08-139;50:00.0;CHOQUE;1;0;3;ICA;NASCA;VISTA ALEGRE;URBANA;CARRETERA;NACIONAL;PE-1S;-14.852055;DESPEJADO;COMERCIAL;TRAMO RECTO;PLANA ;ASFALTADA;NO;NULL;NULL;SI;EN PROCESO DE INVESTIGACIÓN;NO CUENTA CON CAUSA ESPECIFICA;Carretera Panamericana Sur;25/8/2021;-74.958939
A-2021-08-317;00:00.0;CHOQUE;2;0;2;SAN MARTIN;LAMAS;LAMAS;RURAL;CARRETERA;DEPARTAMENTAL;SM-104;-6.430853;SOLEADO;RURAL;TRAMO RECTO;PLANA ;ASFALTADA;SI;PREVENTIVA (P);NULL;SI;IMPRUDENCIA DEL CONDUCTOR;EXCESO DE VELOCIDAD;Carretera a Lamas;26/8/2021;-76.514148
A-2021-08-313;15:00.0;DESPISTE;1;0;1;ANCASH;CASMA;COMANDANTE NOEL;RURAL;CARRETERA;NACIONAL;PE-1N;-9.397139;DESPEJADO;RURAL;TRAMO RECTO;PLANA ;ASFALTADA;NULL;NULL;NULL;NULL;EN PROCESO DE INVESTIGACIÓN;NO CUENTA CON CAUSA ESPECIFICA;Panamericana Norte;26/8/2021;-78.377551
A-2021-08-144;30:00.0;DESPISTE;1;0;1;CAJAMARCA;CHOTA;TACABAMBA;RURAL;CARRETERA;PROVINCIAL;CA-919;-6.404889;DESPEJADO;RURAL;TRAMO RECTO;PLANA ;AFIRMADO;NULL;NULL;NULL;NULL;EN PROCESO DE INVESTIGACIÓN;NO CUENTA CON CAUSA ESPECIFICA;CA-919;26/8/2021;-78.580102
A-2021-08-253;35:00.0;CHOQUE;1;0;NULL;LIMA;LIMA;SAN ISIDRO;URBANA;AVENIDA;URBANO;NO CORRESPONDE;-12.094675;NUBLADO;RESIDENCIAL;INTERSECCIÓN;PLANA ;ASFALTADA;NULL;NULL;NULL;NULL;IMPRUDENCIA DEL CONDUCTOR;DESACATO DE SEÑAL DE TRÁNSITO;Avenida Arequipa;26/8/2021;-77.033037
A-2021-08-305;00:00.0;ATROPELLO;1;0;NULL;HUANUCO;HUANUCO;HUANUCO;URBANA;PASAJE;URBANO;NO CORRESPONDE;-9.938857;DESPEJADO;COMERCIAL;TRAMO RECTO;PLANA ;AFIRMADO;NULL;NULL;NULL;NULL;IMPRUDENCIA DEL PEATÓN;OTRO (IMPRUDENCIA DEL PEATÓN);Marabamba;27/8/2021;-76.255321
A-2021-08-160;00:00.0;DESPISTE;1;1;1;CAJAMARCA;CAJABAMBA;CACHACHI;RURAL;CARRETERA;PROVINCIAL;CA-1647;-7.633482;DESPEJADO;RURAL;CURVA;INCLINADA;AFIRMADO;NULL;NULL;NULL;NULL;NEGLIGENCIA DEL CONDUCTOR;CONDUCIR CON FALLAS DE FRENOS;Pampa Cochabamba;27/8/2021;-78.220053
A-2021-08-152;30:00.0;DESPISTE;1;0;NULL;TUMBES;TUMBES;TUMBES;RURAL;CARRETERA;DEPARTAMENTAL;TU-103;-3.519862;NULL;NULL;NULL;NULL;NULL;NULL;NULL;NULL;NULL;EN PROCESO DE INVESTIGACIÓN;NO CUENTA CON CAUSA ESPECIFICA;TU-103;27/8/2021;-80.383738
A-2021-08-259;00:00.0;DESPISTE;1;0;1;LAMBAYEQUE;CHICLAYO;LAGUNAS;RURAL;CARRETERA;NACIONAL;PE-1N;-6.984775;DESPEJADO;RURAL;PUENTE;PLANA ;ASFALTADA;NULL;NULL;NULL;NULL;IMPRUDENCIA DEL CONDUCTOR;CONDUCIR EN ESTADO DE EBRIEDAD Y/O DROGADICCIÓN;Carretera Panamericana Norte;27/8/2021;-79.632255
A-2021-08-149;30:00.0;ATROPELLO;1;0;1;PUNO;CHUCUITO;ZEPITA;RURAL;CARRETERA;NACIONAL;PE-3S;-16.446859;DESPEJADO;RURAL;TRAMO RECTO;PLANA ;ASFALTADA;NULL;NULL;NULL;NULL;IMPRUDENCIA DEL PEATÓN;CRUCE INDEBIDO POR LA CALZADA;Carretera Longitudinal de la Sierra Sur;27/8/2021;-69.15576
A-2021-08-143;00:00.0;ATROPELLO FUGA;1;0;NULL;PUNO;PUNO;PAUCARCOLLA;RURAL;CARRETERA;NACIONAL;PE-3S;-15.741107;DESPEJADO;RURAL;TRAMO RECTO;PLANA ;ASFALTADA;NULL;NULL;NULL;NULL;EN PROCESO DE INVESTIGACIÓN;NO CUENTA CON CAUSA ESPECIFICA;Avenida Panamericana;28/8/2021;-70.055667
A-2021-08-323;20:00.0;CHOQUE;1;0;2;ANCASH;HUAYLAS;PAMPAROMAS;RURAL;CARRETERA;DEPARTAMENTAL;AN-104;-9.091959;DESPEJADO;RURAL;TRAMO RECTO;INCLINADA;AFIRMADO;NULL;NULL;NULL;NULL;IMPRUDENCIA DEL CONDUCTOR;INVASIÓN DE CARRIL;Carretera Samanco - Caraz;28/8/2021;-78.033989
A-2021-08-169;40:00.0;CHOQUE;1;1;2;CUSCO;PAUCARTAMBO;HUANCARANI;RURAL;CARRETERA;DEPARTAMENTAL;CU-113;-13.515922;DESPEJADO;RURAL;TRAMO RECTO;PLANA ;ASFALTADA;NULL;NULL;NULL;NULL;IMPRUDENCIA DEL CONDUCTOR;CONDUCIR EN ESTADO DE EBRIEDAD Y/O DROGADICCIÓN;CU-113;28/8/2021;-71.681844
A-2021-08-300;30:00.0;DESPISTE;1;1;1;PASCO;PASCO;YANACANCHA;URBANA;CARRETERA;NACIONAL;PE-3N;-10.648582;DESPEJADO;RURAL;CURVA;PLANA ;ASFALTADA;SI;REGULADORA (R);REGULADORA (R);NO;IMPRUDENCIA DEL CONDUCTOR;EXCESO DE VELOCIDAD;Carretera Longitudinal de la Sierra Norte;28/8/2021;-76.165965
A-2021-08-269;45:00.0;DESPISTE;2;3;1;PUNO;SANDIA;PHARA;RURAL;CARRETERA;DEPARTAMENTAL;PU-106;-14.14881;NUBLADO;RURAL;CURVA;INCLINADA;TROCHA;NULL;NULL;NULL;NULL;IMPRUDENCIA DEL CONDUCTOR;EXCESO DE VELOCIDAD;PU-577;28/8/2021;-69.660474
A-2021-08-150;30:00.0;ATROPELLO;1;2;1;PUNO;YUNGUYO;YUNGUYO;RURAL;CARRETERA;PROVINCIAL;PU-1307;-16.262537;DESPEJADO;RURAL;TRAMO RECTO;PLANA ;ASFALTADA;NULL;NULL;NULL;NULL;IMPRUDENCIA DEL PEATÓN;ESTADO DE EBRIEDAD Y/O DROGADICCIÓN;PU-1307;28/8/2021;-69.094745
A-2021-08-198;40:00.0;CHOQUE;3;0;2;JUNIN;SATIPO;PANGOA;RURAL;CARRETERA;NACIONAL;PE-28C;-11.501276;DESPEJADO;RURAL;CURVA;PLANA ;ASFALTADA;NULL;NULL;NULL;NULL;EN PROCESO DE INVESTIGACIÓN;NO CUENTA CON CAUSA ESPECIFICA;PE-28C;29/8/2021;-74.462138
A-2021-08-252;00:00.0;DESPISTE;1;0;0;LIMA;LIMA;RIMAC;URBANA;AVENIDA;URBANO;NO CORRESPONDE;-12.017943;DESPEJADO;INDUSTRIAL;TRAMO RECTO;PLANA ;ASFALTADA;NULL;NULL;NULL;NULL;EN PROCESO DE INVESTIGACIÓN;NO CUENTA CON CAUSA ESPECIFICA;Ciclovía Túpac Amaru;29/8/2021;-77.051037
A-2021-08-156;30:00.0;ATROPELLO;1;1;NULL;TUMBES;CONTRALMIRANTE VILLAR;ZORRITOS;RURAL;CARRETERA;NACIONAL;PE-1N;-3.688652;NULL;NULL;NULL;NULL;NULL;NULL;NULL;NULL;NULL;EN PROCESO DE INVESTIGACIÓN;NO CUENTA CON CAUSA ESPECIFICA;Carretera Panamericana Norte;29/8/2021;-80.693094
A-2021-08-153;40:00.0;CHOQUE;1;0;2;AREQUIPA;AREQUIPA;LA JOYA;RURAL;CARRETERA;NACIONAL;PE-1S;-16.534123;DESPEJADO;RURAL;CURVA;PLANA ;ASFALTADA;NO;NULL;NULL;SI;EN PROCESO DE INVESTIGACIÓN;NO CUENTA CON CAUSA ESPECIFICA;Carretera Panamericana Sur;29/8/2021;-71.800476
A-2021-08-174;50:00.0;CHOQUE;1;0;2;LA LIBERTAD;ASCOPE;CHICAMA;RURAL;CARRETERA;NACIONAL;PE-1NF;-7.797383;DESPEJADO;RURAL;TRAMO RECTO;PLANA ;ASFALTADA;NULL;NULL;NULL;NULL;IMPRUDENCIA DEL CONDUCTOR;GIRAR IMPRUDENTEMENTE;Carretera Chicama - Casa Grande;29/8/2021;-79.139556
A-2021-08-262;15:00.0;CHOQUE;1;0;2;JUNIN;JAUJA;ACOLLA;RURAL;CARRETERA;NACIONAL;PE-3SA;-11.627955;DESPEJADO;RURAL;CURVA;PLANA ;ASFALTADA;NULL;NULL;NULL;NULL;IMPRUDENCIA DEL CONDUCTOR;EXCESO DE VELOCIDAD;Carretera Central Sur;29/8/2021;-75.610138
A-2021-08-173;30:00.0;DESPISTE;1;0;1;LA LIBERTAD;SANCHEZ CARRION;HUAMACHUCO;RURAL;JIRÓN;URBANO;NO CORRESPONDE;-7.818818;DESPEJADO;RURAL;TRAMO RECTO;PLANA ;ASFALTADA;NULL;NULL;NULL;NULL;IMPRUDENCIA DEL CONDUCTOR;CONDUCIR EN ESTADO DE EBRIEDAD Y/O DROGADICCIÓN;Jirón Ramón Castilla;29/8/2021;-78.042434
A-2021-08-254;00:00.0;CHOQUE;1;0;NULL;LIMA;LIMA;SAN MIGUEL;URBANA;AVENIDA;URBANO;NO CORRESPONDE;-12.08089;SOLEADO;RESIDENCIAL;INTERSECCIÓN;PLANA ;ASFALTADA;NULL;NULL;NULL;NULL;IMPRUDENCIA DEL CONDUCTOR;OTRO (IMPRUDENCIA DEL CONDUCTOR);Jirón Prolongación Ayacucho;29/8/2021;-77.088211
A-2021-08-217;50:00.0;ATROPELLO;1;0;NULL;LA LIBERTAD;TRUJILLO;LAREDO;RURAL;CALLE;URBANO;NO CORRESPONDE;-8.079524;DESPEJADO;INDUSTRIAL;TRAMO RECTO;PLANA ;TROCHA;NULL;NULL;NULL;NULL;EN PROCESO DE INVESTIGACIÓN;NO CUENTA CON CAUSA ESPECIFICA;Laredo;29/8/2021;-78.980219
A-2021-08-221;30:00.0;CHOQUE FUGA;1;1;2;LAMBAYEQUE;CHICLAYO;TUMAN;RURAL;CARRETERA;PROVINCIAL;LA-753;-6.756416;DESPEJADO;RURAL;TRAMO RECTO;PLANA ;ASFALTADA;NULL;NULL;NULL;NULL;EN PROCESO DE INVESTIGACIÓN;NO CUENTA CON CAUSA ESPECIFICA;LA-753;29/8/2021;-79.690703
A-2021-08-306;40:00.0;DESPISTE;1;1;1;HUANUCO;HUANUCO;HUANUCO;URBANA;CARRETERA;DEPARTAMENTAL;HU-108;-9.885073;DESPEJADO;COMERCIAL;TRAMO RECTO;PLANA ;ASFALTADA;SI;INFORMATIVA (I);NULL;NO;IMPRUDENCIA DEL CONDUCTOR;EXCESO DE VELOCIDAD;Carretera Colpa Baja;29/8/2021;-76.222202
A-2021-08-165;30:00.0;ATROPELLO FUGA;1;0;NULL;PUNO;PUNO;PUNO;RURAL;CARRETERA;NACIONAL;PE-3S;-15.857428;DESPEJADO;RURAL;TRAMO RECTO;PLANA ;ASFALTADA;NULL;NULL;NULL;NULL;EN PROCESO DE INVESTIGACIÓN;NO CUENTA CON CAUSA ESPECIFICA;Carretera Longitudinal de la Sierra Sur;29/8/2021;-69.958937
A-2021-08-170;50:00.0;CHOQUE FUGA;1;2;2;CUSCO;CANCHIS;SICUANI;RURAL;CARRETERA;NACIONAL;PE-3S;-14.311344;DESPEJADO;RURAL;TRAMO RECTO;PLANA ;ASFALTADA;NULL;NULL;NULL;NULL;IMPRUDENCIA DEL CONDUCTOR;EXCESO DE VELOCIDAD;Carretera Longitudinal de la Sierra Sur;29/8/2021;-71.20653
A-2021-08-307;00:00.0;CHOQUE;1;1;2;HUANUCO;HUANUCO;AMARILIS;URBANA;CARRETERA;NACIONAL;PE-18A;-9.9471;DESPEJADO;COMERCIAL;TRAMO RECTO;PLANA ;ASFALTADA;NULL;NULL;NULL;NULL;IMPRUDENCIA DEL CONDUCTOR;EXCESO DE VELOCIDAD;Carretera Central;29/8/2021;-76.243748
A-2021-08-297;30:00.0;CHOQUE;1;0;1;PIURA;SULLANA;LANCONES;RURAL;CARRETERA;NACIONAL;PE-1NN;-4.590883;DESPEJADO;RURAL;TRAMO RECTO;PLANA ;ASFALTADA;NULL;NULL;NULL;NULL;EN PROCESO DE INVESTIGACIÓN;NO CUENTA CON CAUSA ESPECIFICA;Carretera Sullana - El Alamor;30/8/2021;-80.52014
A-2021-08-329;30:00.0;DESPISTE;5;1;1;AMAZONAS;UTCUBAMBA;CUMBA;RURAL;CARRETERA;DEPARTAMENTAL;AM-103;-5.900512;LLUVIOSO;RURAL;TRAMO RECTO;PLANA ;AFIRMADO;NULL;NULL;NULL;NULL;EN PROCESO DE INVESTIGACIÓN;NO CUENTA CON CAUSA ESPECIFICA;AM-103;30/8/2021;-78.685466
A-2021-08-178;15:00.0;CHOQUE FUGA;2;1;NULL;MADRE DE DIOS;TAMBOPATA;LABERINTO;RURAL;CARRETERA;NACIONAL;PE-30C;-12.724883;NULL;NULL;NULL;NULL;NULL;NULL;NULL;NULL;NULL;EN PROCESO DE INVESTIGACIÓN;NO CUENTA CON CAUSA ESPECIFICA;Interoceánica Sur;30/8/2021;-69.501244
A-2021-08-176;00:00.0;DESPISTE;1;1;1;LA LIBERTAD;GRAN CHIMU;SAYAPULLO;RURAL;CARRETERA;DEPARTAMENTAL;LI-106;-7.5721;DESPEJADO;RURAL;CURVA;PLANA ;AFIRMADO;NULL;NULL;NULL;NULL;IMPRUDENCIA DEL CONDUCTOR;CONDUCIR EN ESTADO DE EBRIEDAD Y/O DROGADICCIÓN;LI-106;30/8/2021;-78.52968
A-2021-08-298;30:00.0;DESPISTE;3;0;1;PIURA;AYABACA;SUYO;RURAL;CARRETERA;NACIONAL;PE-1NL;-4.610036;DESPEJADO;RURAL;TRAMO RECTO;PLANA ;ASFALTADA;NULL;NULL;NULL;NULL;EN PROCESO DE INVESTIGACIÓN;NO CUENTA CON CAUSA ESPECIFICA;PE-1NL;30/8/2021;-80.201896
A-2021-08-212;10:00.0;CHOQUE;1;0;0;PIURA;MORROPON;LA MATANZA;RURAL;CARRETERA;NACIONAL;PE-1NJ;-5.437378;DESPEJADO;RURAL;OTRO;PLANA ;ASFALTADA;NO;NULL;NULL;NO;EN PROCESO DE INVESTIGACIÓN;NO CUENTA CON CAUSA ESPECIFICA;Carretera Interoceánica Norte;30/8/2021;-80.025549
A-2021-08-207;10:00.0;VOLCADURA;1;0;0;AYACUCHO;HUAMANGA;ANDRES AVELINO CACERES DORREGARAY;URBANA;AVENIDA;URBANO;NO CORRESPONDE;-13.15646;DESPEJADO;ESCOLAR;CURVA;PLANA ;ASFALTADA;SI;REGULADORA (R);REGULADORA (R);NO;IMPRUDENCIA DEL CONDUCTOR;EXCESO DE VELOCIDAD;Huatata;30/8/2021;-74.19782
A-2021-08-288;45:00.0;CHOQUE;1;0;2;JUNIN;JAUJA;CANCHAYLLO;RURAL;CARRETERA;PROVINCIAL;JU-761;-11.783337;DESPEJADO;RURAL;TRAMO RECTO;PLANA ;ASFALTADA;NULL;NULL;NULL;NULL;EN PROCESO DE INVESTIGACIÓN;NO CUENTA CON CAUSA ESPECIFICA;JU-897;30/8/2021;-75.716934
A-2021-08-328;30:00.0;CHOQUE;2;1;3;AREQUIPA;CAYLLOMA;MAJES;RURAL;CARRETERA;NACIONAL;PE-1S;-16.495379;DESPEJADO;RURAL;TRAMO RECTO;PLANA ;ASFALTADA;NULL;NULL;NULL;NULL;EN PROCESO DE INVESTIGACIÓN;NO CUENTA CON CAUSA ESPECIFICA;Carretera Panamericana Sur;30/8/2021;-72.400476
A-2021-08-179;29:00.0;ATROPELLO FUGA;1;0;NULL;PUNO;CHUCUITO;POMATA;RURAL;CARRETERA;NACIONAL;PE-3S;-16.333943;DESPEJADO;RURAL;TRAMO RECTO;PLANA ;ASFALTADA;NULL;NULL;NULL;NULL;EN PROCESO DE INVESTIGACIÓN;NO CUENTA CON CAUSA ESPECIFICA;Carretera Longitudinal de la Sierra Sur;30/8/2021;-69.251766
A-2021-08-270;30:00.0;ATROPELLO FUGA;1;0;0;AREQUIPA;AREQUIPA;UCHUMAYO;RURAL;CARRETERA;NACIONAL;PE-34A;-16.408352;DESPEJADO;RURAL;TRAMO RECTO;PLANA ;ASFALTADA;NO;NULL;NULL;SI;IMPRUDENCIA DEL PEATÓN;CRUCE INDEBIDO POR LA CALZADA;Carretera Interoceánica Sur;30/8/2021;-71.611134
A-2021-08-287;20:00.0;ATROPELLO FUGA;1;0;0;LAMBAYEQUE;FERREÑAFE;PUEBLO NUEVO;URBANA;AVENIDA;URBANO;NO CORRESPONDE;-6.641086;DESPEJADO;RESIDENCIAL;INTERSECCIÓN;PLANA ;ASFALTADA;NULL;NULL;NULL;NULL;EN PROCESO DE INVESTIGACIÓN;NO CUENTA CON CAUSA ESPECIFICA;Calle Cahuide;31/8/2021;-79.798505
A-2021-08-255;00:00.0;CHOQUE CON OBJETO FIJO;33;34;1;LIMA;HUAROCHIRI;MATUCANA;RURAL;CARRETERA;NACIONAL;PE-22;-11.825675;DESPEJADO;RURAL;PASE A DESNIVEL;PLANA ;ASFALTADA;NULL;NULL;NULL;NULL;IMPRUDENCIA DEL CONDUCTOR;EXCESO DE VELOCIDAD;Carretera Central;31/8/2021;-76.367023
A-2021-08-302;30:00.0;CHOQUE;1;0;2;LAMBAYEQUE;LAMBAYEQUE;SAN JOSE;RURAL;CARRETERA;DEPARTAMENTAL;LA-109;-6.771371;DESPEJADO;RURAL;TRAMO RECTO;PLANA ;ASFALTADA;NULL;NULL;NULL;NULL;EN PROCESO DE INVESTIGACIÓN;NO CUENTA CON CAUSA ESPECIFICA;Avenida San Jose;31/8/2021;-79.91116
A-2021-08-233;50:00.0;ATROPELLO FUGA;1;0;0;AREQUIPA;AREQUIPA;CERRO COLORADO;URBANA;CARRETERA;NACIONAL;PE-34A;-16.353337;DESPEJADO;COMERCIAL;TRAMO RECTO;PLANA ;ASFALTADA;NULL;NULL;NULL;NULL;IMPRUDENCIA DEL CONDUCTOR;INVASIÓN DE CARRIL;Vía de Evitamiento;31/8/2021;-71.58021
A-2021-08-246;50:00.0;DESPISTE;1;0;1;CAJAMARCA;CONTUMAZA;SAN BENITO;RURAL;CARRETERA;PROVINCIAL;CA-1401;-7.59666;DESPEJADO;RURAL;CURVA;INCLINADA;AFIRMADO;NULL;NULL;NULL;NULL;IMPRUDENCIA DEL CONDUCTOR;CONDUCIR EN ESTADO DE EBRIEDAD Y/O DROGADICCIÓN;CA-1401;31/8/2021;-78.966476
A-2021-09-4;00:00.0;DESPISTE;1;0;1;LA LIBERTAD;TRUJILLO;TRUJILLO;URBANA;AVENIDA;URBANO;NO CORRESPONDE;-8.117029;DESPEJADO;COMERCIAL;TRAMO RECTO;PLANA ;ASFALTADA;NULL;NULL;NULL;NULL;EN PROCESO DE INVESTIGACIÓN;NO CUENTA CON CAUSA ESPECIFICA;Avenida Víctor Larco Herrera;1/9/2021;-79.032235
A-2021-09-240;40:00.0;CHOQUE;2;0;2;LIMA;BARRANCA;PARAMONGA;RURAL;CARRETERA;NACIONAL;PE-1N;-10.599986;LLUVIOSO;RURAL;TRAMO RECTO;PLANA ;ASFALTADA;NULL;NULL;NULL;NULL;EN PROCESO DE INVESTIGACIÓN;NO CUENTA CON CAUSA ESPECIFICA;Panamericana Norte;1/9/2021;-77.871121
A-2021-09-176;42:00.0;ATROPELLO;1;0;1;CUSCO;CUSCO;SANTIAGO;URBANA;AVENIDA;URBANO;NO CORRESPONDE;-13.522826;DESPEJADO;RESIDENCIAL;CURVA;INCLINADA;ASFALTADA;SI;REGULADORA (R);NULL;SI;IMPRUDENCIA DEL CONDUCTOR;OTRO (IMPRUDENCIA DEL CONDUCTOR);Calle General Buendía;1/9/2021;-71.983837
A-2021-09-51;30:00.0;ATROPELLO;1;0;NULL;LIMA;LIMA;ANCON;URBANA;AVENIDA;URBANO;NO CORRESPONDE;-11.81507;NUBLADO;RESIDENCIAL;TRAMO RECTO;PLANA ;ASFALTADA;NULL;NULL;NULL;NULL;IMPRUDENCIA DEL PEATÓN;OTRO (IMPRUDENCIA DEL PEATÓN);Avenida Riva Agüero;1/9/2021;-77.1277
A-2021-09-8;30:00.0;CHOQUE;1;1;2;CAJAMARCA;SAN PABLO;TUMBADEN;RURAL;CARRETERA;PROVINCIAL;CA-1262;-6.943632;DESPEJADO;RURAL;CURVA;INCLINADA;AFIRMADO;NULL;NULL;NULL;NULL;IMPRUDENCIA DEL CONDUCTOR;EXCESO DE VELOCIDAD;CA-1262;1/9/2021;-78.685338
A-2021-09-52;45:00.0;ATROPELLO;1;0;0;LIMA;LIMA;SAN JUAN DE MIRAFLORES;URBANA;AVENIDA;URBANO;NO CORRESPONDE;-12.159395;DESPEJADO;COMERCIAL;INTERSECCIÓN;PLANA ;ASFALTADA;SI;PREVENTIVA (P);PREVENTIVA (P);NO;IMPRUDENCIA DEL CONDUCTOR;DESACATO DE SEÑAL DE TRÁNSITO;Avenida Los Héroes;1/9/2021;-76.95888
A-2021-09-6;00:00.0;DESPISTE;1;0;1;PUNO;EL COLLAO;ILAVE;RURAL;CARRETERA;NACIONAL;PE-38A;-16.223514;DESPEJADO;RURAL;TRAMO RECTO;PLANA ;ASFALTADA;NULL;NULL;NULL;NULL;INFRAESTRUCTURA Y ENTORNO VIAL;OTRO (INFRAESTRUCTURA Y ENTORNO VIAL);Carretera Mazocruz - Ilave;1/9/2021;-69.677278
A-2021-09-113;30:00.0;ATROPELLO;1;0;1;CUSCO;CALCA;LAMAY;RURAL;CARRETERA;NACIONAL;PE-28B;-13.375819;DESPEJADO;RURAL;TRAMO RECTO;PLANA ;ASFALTADA;NULL;NULL;NULL;NULL;IMPRUDENCIA DEL CONDUCTOR;EXCESO DE VELOCIDAD;PE-28B;1/9/2021;-71.916846
A-2021-09-58;00:00.0;CAÍDA DE PASAJERO;1;0;1;CUSCO;CANCHIS;COMBAPATA;RURAL;CARRETERA;PROVINCIAL;CU-1452;-14.082319;SOLEADO;RURAL;OTRO;PLANA ;TROCHA;NULL;NULL;NULL;NULL;IMPRUDENCIA DEL CONDUCTOR;CONDUCIR EN ESTADO DE EBRIEDAD Y/O DROGADICCIÓN;CU-1452;1/9/2021;-71.366155
A-2021-09-7;30:00.0;CHOQUE;1;1;2;PUNO;CHUCUITO;ZEPITA;RURAL;CARRETERA;NACIONAL;PE-3S;-16.453691;DESPEJADO;RURAL;CURVA;PLANA ;ASFALTADA;SI;PREVENTIVA (P);REGULADORA (R);SI;IMPRUDENCIA DEL CONDUCTOR;ADELANTAR INDEBIDAMENTE;Carretera Longitudinal de la Sierra Sur;1/9/2021;-69.149918
A-2021-09-15;00:00.0;CHOQUE CON OBJETO FIJO;1;0;1;CAJAMARCA;CUTERVO;CUTERVO;URBANA;CARRETERA;NACIONAL;PE-3N;-6.393848;DESPEJADO;RESIDENCIAL;TRAMO RECTO;PLANA ;AFIRMADO;NULL;NULL;NULL;NULL;IMPRUDENCIA DEL CONDUCTOR;CONDUCIR EN ESTADO DE EBRIEDAD Y/O DROGADICCIÓN;Carretera Longitudinal de la Sierra Norte;2/9/2021;-78.825482
A-2021-09-20;19:00.0;CHOQUE;1;1;2;PIURA;PIURA;VEINTISEIS DE OCTUBRE;URBANA;AVENIDA;URBANO;NO CORRESPONDE;-5.168354;DESPEJADO;RESIDENCIAL;INTERSECCIÓN;PLANA ;ASFALTADA;SI;REGULADORA (R);NULL;NO;IMPRUDENCIA DEL CONDUCTOR;EXCESO DE VELOCIDAD;Avenida Vía Colectora Norte 2;2/9/2021;-80.668984