CÓDIGO SINIESTRO;HORA SINIESTRO;CLASE SINIESTRO;CANTIDAD DE FALLECIDOS;CANTIDAD DE LESIONADOS;CANTIDAD DE VEHICULOS DAÑADOS;DEPARTAMENTO;PROVINCIA;DISTRITO;ZONA;TIPO DE VÍA;RED VIAL;COD CARRETERA;COORDENADAS LATITUD;CONDICIÓN CLIMÁTICA;ZONIFICACIÓN;CARACTERÍSTICAS DE VÍA;PERFIL LONGITUDINAL VÍA;SUPERFICIE DE CALZADA;¿EXISTE SEÑAL VERTICAL?;CLASIFICACIÓN DE LA SEÑAL VERTICAL Nº 1;CLASIFICACIÓN DE LA SEÑAL VERTICAL Nº 2;¿EXISTE SEÑAL HORIZONTAL?;CAUSA FACTOR PRINCIPAL;CAUSA ESPECÍFICA;UBICACION;FECHA SINIESTRO;COORDENADAS LONGITUD
A-2021-09-270;30:00.0;CHOQUE;1;0;2;SAN MARTIN;SAN MARTIN;LA BANDA DE SHILCAYO;RURAL;CARRETERA;SIN CLASIFICAR;SIN CLASIFICAR;-6.54728;DESPEJADO;RURAL;CURVA;INCLINADA;ASFALTADA;NULL;NULL;NULL;NULL;IMPRUDENCIA DEL CONDUCTOR;INVASIÓN DE CARRIL;La Banda de Shilcayo;2/9/2021;-76.34955
A-2021-09-13;30:00.0;DESPISTE;1;1;1;AREQUIPA;AREQUIPA;LA JOYA;URBANA;CARRETERA;DEPARTAMENTAL;AR-114;-16.487177;DESPEJADO;RURAL;TRAMO RECTO;PLANA ;ASFALTADA;NULL;NULL;NULL;NULL;IMPRUDENCIA DEL CONDUCTOR;FATIGA Y/O CANSANCIO;Carretera La Joya;2/9/2021;-71.845593
A-2021-09-14;30:00.0;DESPISTE;1;0;1;AREQUIPA;ISLAY;DEAN VALDIVIA;RURAL;CARRETERA;PROVINCIAL;AR-823;-17.146894;DESPEJADO;RURAL;ÓVALO;PLANA ;ASFALTADA;NO;NULL;NULL;SI;IMPRUDENCIA DEL CONDUCTOR;EXCESO DE VELOCIDAD;Carretera Costanera Sur;2/9/2021;-71.818646
A-2021-09-3;03:00.0;CHOQUE;2;1;2;TACNA;TACNA;SAMA;RURAL;CARRETERA;NACIONAL;PE-1SD;-18.170531;NIEBLA;RURAL;TRAMO RECTO;PLANA ;ASFALTADA;NO;NULL;NULL;SI;IMPRUDENCIA DEL CONDUCTOR;FATIGA Y/O CANSANCIO;Carretera Costanera Sur;3/9/2021;-70.646438
A-2021-09-168;30:00.0;ATROPELLO;1;0;1;CUSCO;CUSCO;SAN JERONIMO;URBANA;AVENIDA;URBANO;NO CORRESPONDE;-13.54395;DESPEJADO;RESIDENCIAL;TRAMO RECTO;PLANA ;ASFALTADA;NULL;NULL;NULL;NULL;IMPRUDENCIA DEL CONDUCTOR;EXCESO DE VELOCIDAD;Calle Ciro Alegria;3/9/2021;-71.8953
A-2021-09-53;40:00.0;ATROPELLO;1;0;NULL;LIMA;LIMA;VILLA EL SALVADOR;URBANA;AVENIDA;URBANO;NO CORRESPONDE;-12.224592;DESPEJADO;RESIDENCIAL;TRAMO RECTO;PLANA ;ASFALTADA;NULL;NULL;NULL;NULL;IMPRUDENCIA DEL CONDUCTOR;OTRO (IMPRUDENCIA DEL CONDUCTOR);Avenida José Carlos Mariátegui;3/9/2021;-76.93886
A-2021-09-46;50:00.0;DESPISTE;1;2;1;ANCASH;HUARAZ;PIRA;RURAL;CARRETERA;SIN CLASIFICAR;SIN CLASIFICAR;-9.541716;LLUVIOSO;RURAL;CURVA;INCLINADA;ASFALTADA;NULL;NULL;NULL;NULL;EN PROCESO DE INVESTIGACIÓN;NO CUENTA CON CAUSA ESPECIFICA;AN 727;3/9/2021;-77.7384
A-2021-09-241;00:00.0;ATROPELLO FUGA;1;0;0;LIMA;BARRANCA;PARAMONGA;RURAL;CARRETERA;NACIONAL;PE-1N;-10.599433;LLUVIOSO;RURAL;TRAMO RECTO;PLANA ;ASFALTADA;NULL;NULL;NULL;NULL;EN PROCESO DE INVESTIGACIÓN;NO CUENTA CON CAUSA ESPECIFICA;Panamericana Norte;3/9/2021;-77.871153
A-2021-09-10;40:00.0;ATROPELLO FUGA;1;0;0;TUMBES;TUMBES;TUMBES;RURAL;CARRETERA;NACIONAL;PE-1N;-3.545991;DESPEJADO;RURAL;TRAMO RECTO;PLANA ;ASFALTADA;NULL;NULL;NULL;NULL;EN PROCESO DE INVESTIGACIÓN;NO CUENTA CON CAUSA ESPECIFICA;Carretera Panamericana Norte;4/9/2021;-80.396125
A-2021-09-54;45:00.0;ATROPELLO;1;0;NULL;LIMA;LIMA;EL AGUSTINO;URBANA;AVENIDA;URBANO;NO CORRESPONDE;-12.030795;DESPEJADO;RESIDENCIAL;INTERSECCIÓN;PLANA ;ASFALTADA;NULL;NULL;NULL;NULL;IMPRUDENCIA DEL PEATÓN;OTRO (IMPRUDENCIA DEL PEATÓN);Jirón Las Esmeraldas;4/9/2021;-76.999011
A-2021-09-56;30:00.0;CHOQUE;1;5;3;CUSCO;LA CONVENCION;QUELLOUNO;RURAL;CARRETERA;DEPARTAMENTAL;CU-105;-12.622066;NUBLADO;RURAL;TRAMO RECTO;INCLINADA;ASFALTADA;NULL;NULL;NULL;NULL;IMPRUDENCIA DEL CONDUCTOR;CONDUCIR EN ESTADO DE EBRIEDAD Y/O DROGADICCIÓN;CU-105;5/9/2021;-72.390168
A-2021-09-277;00:00.0;CHOQUE;1;0;2;ANCASH;SANTA;CHIMBOTE;URBANA;AVENIDA;URBANO;NO CORRESPONDE;-9.076232;DESPEJADO;COMERCIAL;INTERSECCIÓN;PLANA ;ASFALTADA;NULL;NULL;NULL;NULL;IMPRUDENCIA DEL CONDUCTOR;CONDUCIR EN ESTADO DE EBRIEDAD Y/O DROGADICCIÓN;Avenida José Gálvez;5/9/2021;-78.590098
A-2021-09-287;30:00.0;DESPISTE;1;0;1;JUNIN;CHUPACA;HUACHAC;RURAL;CARRETERA;PROVINCIAL;JU-877;-12.038789;DESPEJADO;RURAL;TRAMO RECTO;PLANA ;ASFALTADA;NULL;NULL;NULL;NULL;IMPRUDENCIA DEL CONDUCTOR;CONDUCIR EN ESTADO DE EBRIEDAD Y/O DROGADICCIÓN;Sicaya;5/9/2021;-75.320593
A-2021-09-19;00:00.0;CHOQUE;1;1;NULL;MADRE DE DIOS;TAMBOPATA;LAS PIEDRAS;RURAL;CARRETERA;NACIONAL;PE-30C;-12.525014;NULL;NULL;NULL;NULL;NULL;NULL;NULL;NULL;NULL;EN PROCESO DE INVESTIGACIÓN;NO CUENTA CON CAUSA ESPECIFICA;Transoceánica;5/9/2021;-69.137026
A-2021-09-55;00:00.0;ATROPELLO;1;0;NULL;LIMA;LIMA;LOS OLIVOS;URBANA;AVENIDA;URBANO;NO CORRESPONDE;-11.995378;DESPEJADO;RESIDENCIAL;INTERSECCIÓN;PLANA ;ASFALTADA;NULL;NULL;NULL;NULL;IMPRUDENCIA DEL CONDUCTOR;CONDUCIR EN ESTADO DE EBRIEDAD Y/O DROGADICCIÓN;Avenida Santiago Antúnez de Mayolo;5/9/2021;-77.079853
A-2021-09-256;46:00.0;CHOQUE FUGA;1;0;1;PIURA;PIURA;LAS LOMAS;RURAL;CARRETERA;PROVINCIAL;PI-745;-4.7127;DESPEJADO;RURAL;OTRO;PLANA ;ASFALTADA;NULL;NULL;NULL;NULL;EN PROCESO DE INVESTIGACIÓN;NO CUENTA CON CAUSA ESPECIFICA;PI-533;5/9/2021;-80.1189
A-2021-09-249;02:00.0;CHOQUE;1;0;2;PASCO;PASCO;TINYAHUARCO;URBANA;CARRETERA;NACIONAL;PE-3N;-10.747063;DESPEJADO;RURAL;CURVA;PLANA ;ASFALTADA;SI;REGULADORA (R);REGULADORA (R);NO;IMPRUDENCIA DEL CONDUCTOR;EXCESO DE VELOCIDAD;Carretera Longitudinal de la Sierra Norte;5/9/2021;-76.261071
A-2021-09-238;00:00.0;ATROPELLO FUGA;1;0;1;MOQUEGUA;MARISCAL NIETO;MOQUEGUA;RURAL;AVENIDA;URBANO;NO CORRESPONDE;-17.210203;DESPEJADO;RURAL;TRAMO RECTO;PLANA ;ASFALTADA;NULL;NULL;NULL;NULL;IMPRUDENCIA DEL CONDUCTOR;EXCESO DE VELOCIDAD;Carretera a Moquegua;5/9/2021;-70.967377
A-2021-09-68;55:00.0;CHOQUE;1;0;2;LA LIBERTAD;CHEPEN;PACANGA;RURAL;CARRETERA;NACIONAL;PE-1N;-7.131972;DESPEJADO;RURAL;TRAMO RECTO;PLANA ;ASFALTADA;NULL;NULL;NULL;NULL;IMPRUDENCIA DEL CONDUCTOR;CONDUCIR EN ESTADO DE EBRIEDAD Y/O DROGADICCIÓN;Carretera Panamericana Norte;5/9/2021;-79.472647
A-2021-09-23;00:00.0;DESPISTE;2;6;1;TACNA;TACNA;CORONEL GREGORIO ALBARRACIN LANCHIPA;RURAL;OTRO;URBANO;NO CORRESPONDE;-18.111418;LLUVIOSO;RURAL;CURVA;INCLINADA;TROCHA;SI;PREVENTIVA (P);PREVENTIVA (P);NO;IMPRUDENCIA DEL CONDUCTOR;EXCESO DE VELOCIDAD;Chastudal;6/9/2021;-70.264048
A-2021-09-16;46:00.0;CHOQUE;1;5;2;PUNO;PUNO;PUNO;URBANA;CARRETERA;NACIONAL;PE-3S;-15.82312;DESPEJADO;COMERCIAL;CURVA;INCLINADA;ASFALTADA;NO;NULL;NULL;SI;IMPRUDENCIA DEL CONDUCTOR;CONDUCIR EN ESTADO DE EBRIEDAD Y/O DROGADICCIÓN;Avenida Juliaca;6/9/2021;-70.031206
A-2021-09-271;30:00.0;CHOQUE;1;1;2;SAN MARTIN;SAN MARTIN;MORALES;RURAL;CARRETERA;NACIONAL;PE-5N;-6.48848;DESPEJADO;RURAL;TRAMO RECTO;PLANA ;ASFALTADA;NO;NULL;NULL;SI;IMPRUDENCIA DEL CONDUCTOR;CONDUCIR EN SENTIDO CONTRARIO;Vía de Evitamiento;6/9/2021;-76.39972
A-2021-09-57;30:00.0;ATROPELLO;1;0;1;CUSCO;CANCHIS;SICUANI;URBANA;CARRETERA;NACIONAL;PE-3S;-14.219964;NUBLADO;RESIDENCIAL;TRAMO RECTO;PLANA ;ASFALTADA;NULL;NULL;NULL;NULL;NEGLIGENCIA DEL CONDUCTOR;OTRO (NEGLIGENCIA DEL CONDUCTOR);Carretera Longitudinal de la Sierra Sur;6/9/2021;-71.289724
A-2021-09-18;30:00.0;VOLCADURA;1;1;1;PUNO;PUNO;ACORA;RURAL;CARRETERA;PROVINCIAL;PU-1139;-15.97382;DESPEJADO;RURAL;TRAMO RECTO;PLANA ;TROCHA;NULL;NULL;NULL;NULL;IMPRUDENCIA DEL CONDUCTOR;OTRO (IMPRUDENCIA DEL CONDUCTOR);Titijo;6/9/2021;-69.777356
A-2021-09-244;40:00.0;ATROPELLO;1;0;1;CUSCO;CUSCO;SAN SEBASTIAN;URBANA;AVENIDA;URBANO;NO CORRESPONDE;-13.532968;DESPEJADO;COMERCIAL;TRAMO RECTO;PLANA ;ASFALTADA;NULL;NULL;NULL;NULL;IMPRUDENCIA DEL PEATÓN;CRUCE INDEBIDO POR LA CALZADA;Avenida de la Cultura;6/9/2021;-71.912309
A-2021-09-27;10:00.0;CHOQUE;1;6;2;ICA;PISCO;SAN CLEMENTE;URBANA;CARRETERA;NACIONAL;PE-1S;-13.676159;DESPEJADO;RURAL;TRAMO RECTO;PLANA ;ASFALTADA;NULL;NULL;NULL;NULL;IMPRUDENCIA DEL CONDUCTOR;OTRO (IMPRUDENCIA DEL CONDUCTOR);Antigua Carretera Panamericana Sur;7/9/2021;-76.15865
A-2021-09-207;05:00.0;CHOQUE CON OBJETO FIJO;1;0;1;AYACUCHO;HUAMANGA;VINCHOS;RURAL;CARRETERA;PROVINCIAL;AY-811;-13.249432;DESPEJADO;RURAL;TRAMO RECTO;PLANA ;ASFALTADA;NO;NULL;NULL;SI;IMPRUDENCIA DEL CONDUCTOR;EXCESO DE VELOCIDAD;AY-811;7/9/2021;-74.346021
A-2021-09-30;00:00.0;ATROPELLO;1;0;0;APURIMAC;ANDAHUAYLAS;SAN ANTONIO DE CACHI;URBANA;CARRETERA;PROVINCIAL;AP-728;-13.791937;DESPEJADO;RURAL;TRAMO RECTO;INCLINADA;AFIRMADO;NULL;NULL;NULL;NULL;IMPRUDENCIA DEL PEATÓN;OTRO (IMPRUDENCIA DEL PEATÓN);Ccapcca;7/9/2021;-73.654092
A-2021-09-122;30:00.0;VOLCADURA;1;5;1;CUSCO;LA CONVENCION;ECHARATE;RURAL;CARRETERA;SIN CLASIFICAR;SIN CLASIFICAR;-12.3831;DESPEJADO;RURAL;SINUOSA;INCLINADA;AFIRMADO;NULL;NULL;NULL;NULL;IMPRUDENCIA DEL CONDUCTOR;EXCESO DE VELOCIDAD;Kumpirushiato;7/9/2021;-73.44
A-2021-09-28;40:00.0;ATROPELLO;1;0;1;ICA;CHINCHA;TAMBO DE MORA;RURAL;CARRETERA;NACIONAL;PE-1SE;-13.477207;DESPEJADO;RURAL;INTERSECCIÓN;PLANA ;ASFALTADA;NULL;NULL;NULL;NULL;EN PROCESO DE INVESTIGACIÓN;NO CUENTA CON CAUSA ESPECIFICA;Carretera Panamericana Sur;7/9/2021;-76.184357
A-2021-09-285;00:00.0;CHOQUE;1;0;2;AREQUIPA;CARAVELI;YAUCA;RURAL;CARRETERA;NACIONAL;PE-1S;-15.667729;DESPEJADO;RURAL;TRAMO RECTO;PLANA ;ASFALTADA;NULL;NULL;NULL;NULL;EN PROCESO DE INVESTIGACIÓN;NO CUENTA CON CAUSA ESPECIFICA;Carretera Panamericana Sur;7/9/2021;-74.546603
A-2021-09-189;32:00.0;CHOQUE;2;0;2;JUNIN;TARMA;PALCA;RURAL;CARRETERA;NACIONAL;PE-22B;-11.337641;DESPEJADO;RURAL;TRAMO RECTO;PLANA ;ASFALTADA;NULL;NULL;NULL;NULL;EN PROCESO DE INVESTIGACIÓN;NO CUENTA CON CAUSA ESPECIFICA;Carretera Central;7/9/2021;-75.55756
A-2021-09-86;16:00.0;CHOQUE;1;0;2;PUNO;LAMPA;PUCARA;RURAL;CARRETERA;NACIONAL;PE-3S;-14.976912;DESPEJADO;RURAL;TRAMO RECTO;PLANA ;ASFALTADA;NULL;NULL;NULL;NULL;IMPRUDENCIA DEL CONDUCTOR;CONDUCIR EN SENTIDO CONTRARIO;Carretera Longitudinal de la Sierra Sur;7/9/2021;-70.445417
A-2021-09-29;55:00.0;ATROPELLO;1;1;1;ICA;PALPA;LLIPATA;RURAL;CARRETERA;NACIONAL;PE-1S;-14.630707;DESPEJADO;RURAL;TRAMO RECTO;PLANA ;ASFALTADA;NULL;REGULADORA (R);NULL;NULL;EN PROCESO DE INVESTIGACIÓN;NO CUENTA CON CAUSA ESPECIFICA;Carretera Panamericana Sur;7/9/2021;-75.187448
A-2021-09-234;00:00.0;ATROPELLO;1;0;2;JUNIN;YAULI;LA OROYA;RURAL;CARRETERA;NACIONAL;PE-3S;-11.521031;DESPEJADO;RURAL;TRAMO RECTO;PLANA ;ASFALTADA;NULL;NULL;NULL;NULL;IMPRUDENCIA DEL CONDUCTOR;EXCESO DE VELOCIDAD;Avenida Malecón Odría;8/9/2021;-75.905211
A-2021-09-107;00:00.0;ATROPELLO FUGA;1;0;0;LAMBAYEQUE;CHICLAYO;CHICLAYO;URBANA;CARRETERA;NACIONAL;PE-1N;-6.792049;DESPEJADO;COMERCIAL;TRAMO RECTO;PLANA ;ASFALTADA;NULL;NULL;NULL;NULL;IMPRUDENCIA DEL CONDUCTOR;EXCESO DE VELOCIDAD;Panamericana Norte;8/9/2021;-79.865118
A-2021-09-106;00:00.0;CHOQUE;1;2;1;LIMA;HUAURA;SAYAN;RURAL;CARRETERA;NACIONAL;PE-1NE;-11.138762;DESPEJADO;RURAL;TRAMO RECTO;PLANA ;ASFALTADA;SI;REGULADORA (R);NULL;NO;IMPRUDENCIA DEL CONDUCTOR;CONDUCIR EN ESTADO DE EBRIEDAD Y/O DROGADICCIÓN;Carretera Huaura - Ambo;8/9/2021;-77.272908
A-2021-09-87;00:00.0;CHOQUE;1;0;2;PUNO;AZANGARO;SAMAN;RURAL;CARRETERA;NACIONAL;PE-34H;-15.300531;DESPEJADO;RURAL;TRAMO RECTO;PLANA ;ASFALTADA;NULL;NULL;NULL;NULL;IMPRUDENCIA DEL CONDUCTOR;EXCESO DE VELOCIDAD;PE-34H;8/9/2021;-70.024101
A-2021-09-235;45:00.0;CHOQUE;1;0;2;JUNIN;SATIPO;PANGOA;RURAL;CARRETERA;NACIONAL;PE-28C;-11.448943;DESPEJADO;RURAL;TRAMO RECTO;PLANA ;ASFALTADA;NULL;NULL;NULL;NULL;EN PROCESO DE INVESTIGACIÓN;NO CUENTA CON CAUSA ESPECIFICA;San Martín de Pangoa;8/9/2021;-74.485105
A-2021-09-200;30:00.0;ATROPELLO FUGA;1;0;1;LIMA;HUARAL;CHANCAY;RURAL;CARRETERA;NACIONAL;PE-1N;-11.457522;DESPEJADO;RURAL;TRAMO RECTO;PLANA ;ASFALTADA;NULL;NULL;NULL;NULL;EN PROCESO DE INVESTIGACIÓN;NO CUENTA CON CAUSA ESPECIFICA;Carretera Panamericana Norte;9/9/2021;-77.321459
A-2021-09-114;50:00.0;ATROPELLO;1;0;NULL;LIMA;LIMA;EL AGUSTINO;URBANA;AVENIDA;URBANO;NO CORRESPONDE;-12.029106;SOLEADO;COMERCIAL;TRAMO RECTO;PLANA ;ASFALTADA;NULL;NULL;NULL;NULL;IMPRUDENCIA DEL PEATÓN;CRUCE INDEBIDO POR LA CALZADA;Avenida Las Lomas;9/9/2021;-76.991683
A-2021-09-179;30:00.0;CHOQUE;1;0;2;CUSCO;CALCA;TARAY;RURAL;CARRETERA;NACIONAL;PE-28G;-13.429176;DESPEJADO;RURAL;TRAMO RECTO;PLANA ;ASFALTADA;NULL;NULL;NULL;NULL;IMPRUDENCIA DEL CONDUCTOR;GIRAR IMPRUDENTEMENTE;Carretera Cusco- Pisac;9/9/2021;-71.863166
A-2021-09-250;00:00.0;CHOQUE;1;0;2;JUNIN;CHANCHAMAYO;PERENE;RURAL;CARRETERA;NACIONAL;PE-5S;-10.946974;DESPEJADO;RURAL;TRAMO RECTO;PLANA ;ASFALTADA;NULL;NULL;NULL;NULL;EN PROCESO DE INVESTIGACIÓN;NO CUENTA CON CAUSA ESPECIFICA;Carretera Longitudinal de la Selva Sur;9/9/2021;-75.222171
A-2021-09-242;10:00.0;ATROPELLO;1;0;1;LIMA;BARRANCA;SUPE PUERTO;RURAL;CARRETERA;DEPARTAMENTAL;LM-100;-10.793471;DESPEJADO;RURAL;TRAMO RECTO;INCLINADA;ASFALTADA;NULL;NULL;NULL;NULL;EN PROCESO DE INVESTIGACIÓN;NO CUENTA CON CAUSA ESPECIFICA;Antigua Panamericana Norte;9/9/2021;-77.729742
A-2021-09-61;20:00.0;ATROPELLO;1;0;1;CUSCO;QUISPICANCHI;QUIQUIJANA;RURAL;CARRETERA;SIN CLASIFICAR;SIN CLASIFICAR;-13.760977;DESPEJADO;RURAL;CURVA;INCLINADA;TROCHA;NULL;NULL;NULL;NULL;NEGLIGENCIA DEL CONDUCTOR;OTRO (NEGLIGENCIA DEL CONDUCTOR);Urin Ccoscco;9/9/2021;-71.546263
A-2021-09-26;30:00.0;CHOQUE;1;0;2;AREQUIPA;AREQUIPA;YURA;URBANA;CARRETERA;DEPARTAMENTAL;AR-123;-16.381832;DESPEJADO;INDUSTRIAL;TRAMO RECTO;PLANA ;ASFALTADA;NULL;NULL;NULL;NULL;IMPRUDENCIA DEL CONDUCTOR;FATIGA Y/O CANSANCIO;Autopista La Joya - Arequipa;9/9/2021;-71.65745
A-2021-09-183;15:00.0;CHOQUE;1;0;2;LIMA;HUAURA;SANTA MARIA;URBANA;AVENIDA;URBANO;NO CORRESPONDE;-11.093828;DESPEJADO;RESIDENCIAL;TRAMO RECTO;PLANA ;ASFALTADA;NULL;NULL;NULL;NULL;IMPRUDENCIA DEL CONDUCTOR;EXCESO DE VELOCIDAD;Avenida San Martin;10/9/2021;-77.584067
A-2021-09-286;00:00.0;ATROPELLO;1;0;1;JUNIN;JAUJA;LEONOR ORDOÑEZ;RURAL;CARRETERA;NACIONAL;PE-3SB;-11.874217;DESPEJADO;RURAL;TRAMO RECTO;PLANA ;ASFALTADA;NULL;NULL;NULL;NULL;IMPRUDENCIA DEL PEATÓN;CRUCE INDEBIDO POR LA CALZADA;Carretera Central Margen Derecha;10/9/2021;-75.404497
A-2021-09-39;30:00.0;VOLCADURA;1;0;1;PIURA;PIURA;VEINTISEIS DE OCTUBRE;URBANA;AVENIDA;URBANO;NO CORRESPONDE;-5.180132;DESPEJADO;RESIDENCIAL;TRAMO RECTO;INCLINADA;ASFALTADA;SI;PREVENTIVA (P);REGULADORA (R);SI;EN PROCESO DE INVESTIGACIÓN;NO CUENTA CON CAUSA ESPECIFICA;Calle 6;10/9/2021;-80.655299
A-2021-09-208;20:00.0;ATROPELLO;1;0;1;AYACUCHO;HUAMANGA;VINCHOS;RURAL;CARRETERA;PROVINCIAL;AY-811;-13.253825;NUBLADO;RURAL;TRAMO RECTO;PLANA ;ASFALTADA;NO;NULL;NULL;SI;IMPRUDENCIA DEL CONDUCTOR;EXCESO DE VELOCIDAD;AY-811;11/9/2021;-74.341918
A-2021-09-63;30:00.0;DESPISTE;1;1;1;CAJAMARCA;CAJABAMBA;CONDEBAMBA;URBANA;CARRETERA;NACIONAL;PE-3N;-7.585538;DESPEJADO;RESIDENCIAL;TRAMO RECTO;PLANA ;ASFALTADA;NO;NULL;NULL;SI;IMPRUDENCIA DEL CONDUCTOR;INVASIÓN DE CARRIL;Carretera Longitudinal de la Sierra Norte;11/9/2021;-78.133861
A-2021-09-38;15:00.0;ATROPELLO;1;0;1;ANCASH;HUARAZ;INDEPENDENCIA;URBANA;CARRETERA;NACIONAL;PE-3N;-9.509058;DESPEJADO;COMERCIAL;TRAMO RECTO;PLANA ;ASFALTADA;NULL;NULL;NULL;NULL;NEGLIGENCIA DEL CONDUCTOR;OTRO (NEGLIGENCIA DEL CONDUCTOR);Carretera Longitudinal de la Sierra Norte;11/9/2021;-77.532194
A-2021-09-40;46:00.0;DESPISTE;1;2;1;PUNO;PUNO;PUNO;URBANA;AVENIDA;URBANO;NO CORRESPONDE;-15.87;DESPEJADO;COMERCIAL;TRAMO RECTO;PLANA ;ASFALTADA;NULL;NULL;NULL;NULL;IMPRUDENCIA DEL CONDUCTOR;CONDUCIR EN ESTADO DE EBRIEDAD Y/O DROGADICCIÓN;Avenida Orgullo Aymara;11/9/2021;-69.987
A-2021-09-118;40:00.0;ESPECIAL;1;0;0;LIMA;LIMA;CHACLACAYO;URBANA;CARRETERA;NACIONAL;PE-22;-11.985571;DESPEJADO;RESIDENCIAL;TRAMO RECTO;PLANA ;ASFALTADA;NULL;NULL;NULL;NULL;EN PROCESO DE INVESTIGACIÓN;NO CUENTA CON CAUSA ESPECIFICA;Carretera Central;11/9/2021;-76.809572
A-2021-09-48;30:00.0;CHOQUE;1;2;2;PIURA;MORROPON;LA MATANZA;RURAL;CARRETERA;NACIONAL;PE-02A;-5.240542;DESPEJADO;RURAL;TRAMO RECTO;INCLINADA;ASFALTADA;NULL;NULL;NULL;NULL;EN PROCESO DE INVESTIGACIÓN;NO CUENTA CON CAUSA ESPECIFICA;PE-02A;11/9/2021;-80.089013
A-2021-09-276;00:00.0;CHOQUE;1;0;2;CAJAMARCA;JAEN;BELLAVISTA;URBANA;CARRETERA;PROVINCIAL;CA-744;-5.66504;DESPEJADO;RESIDENCIAL;TRAMO RECTO;PLANA ;ASFALTADA;NULL;NULL;NULL;NULL;EN PROCESO DE INVESTIGACIÓN;NO CUENTA CON CAUSA ESPECIFICA;Santa Cruz;12/9/2021;-78.681255
A-2021-09-163;30:00.0;FERROVIARIO;1;0;1;CUSCO;ANTA;ANTA;RURAL;CARRETERA;DEPARTAMENTAL;CU-110;-13.455011;DESPEJADO;RURAL;OTRO;PLANA ;CASCAJO/RIPIO;NULL;NULL;NULL;NULL;IMPRUDENCIA DEL PEATÓN;OTRO (IMPRUDENCIA DEL PEATÓN);CU-110;12/9/2021;-72.189688
A-2021-09-41;40:00.0;CHOQUE;1;10;2;PUNO;PUNO;PUNO;URBANA;AVENIDA;URBANO;NO CORRESPONDE;-15.851551;DESPEJADO;COMERCIAL;TRAMO RECTO;PLANA ;ASFALTADA;NO;NULL;NULL;SI;IMPRUDENCIA DEL CONDUCTOR;CONDUCIR EN ESTADO DE EBRIEDAD Y/O DROGADICCIÓN;Avenida Simón Bolívar;12/9/2021;-70.015947
A-2021-09-119;58:00.0;CHOQUE;1;0;NULL;LIMA;LIMA;VILLA EL SALVADOR;URBANA;AVENIDA;URBANO;NO CORRESPONDE;-12.19285;DESPEJADO;RESIDENCIAL;TRAMO RECTO;PLANA ;ASFALTADA;NULL;NULL;NULL;NULL;IMPRUDENCIA DEL CONDUCTOR;OTRO (IMPRUDENCIA DEL CONDUCTOR);Avenida Mateo Pumacahua;12/9/2021;-76.962367
A-2021-09-59;00:00.0;CHOQUE;1;1;2;CUSCO;URUBAMBA;YUCAY;RURAL;CARRETERA;NACIONAL;PE-28B;-13.330792;SOLEADO;RURAL;TRAMO RECTO;PLANA ;ASFALTADA;NULL;NULL;NULL;NULL;IMPRUDENCIA DEL CONDUCTOR;INVASIÓN DE CARRIL;PE-28B;12/9/2021;-72.071909
A-2021-09-209;40:00.0;DESPISTE;1;1;1;AYACUCHO;PAUCAR DEL SARA SARA;PAUSA;RURAL;CARRETERA;PROVINCIAL;AY-1251;-15.367685;DESPEJADO;RURAL;CURVA;INCLINADA;AFIRMADO;NULL;NULL;NULL;NULL;IMPRUDENCIA DEL CONDUCTOR;CONDUCIR EN ESTADO DE EBRIEDAD Y/O DROGADICCIÓN;Maran;13/9/2021;-73.29724
A-2021-09-69;00:00.0;CHOQUE;2;0;2;LA LIBERTAD;PACASMAYO;GUADALUPE;RURAL;CARRETERA;NACIONAL;PE-1N;-7.323069;DESPEJADO;RURAL;TRAMO RECTO;PLANA ;ASFALTADA;NULL;NULL;NULL;NULL;EN PROCESO DE INVESTIGACIÓN;NO CUENTA CON CAUSA ESPECIFICA;Carretera Panamericana Norte;13/9/2021;-79.481149
A-2021-09-42;00:00.0;ATROPELLO FUGA;1;0;0;AREQUIPA;AREQUIPA;JOSE LUIS BUSTAMANTE Y RIVERO;URBANA;CARRETERA;NACIONAL;PE-34C;-16.425486;DESPEJADO;COMERCIAL;TRAMO RECTO;PLANA ;ASFALTADA;NULL;NULL;NULL;NULL;IMPRUDENCIA DEL CONDUCTOR;EXCESO DE VELOCIDAD;Andrés Avelino Cáceres;13/9/2021;-71.533189
A-2021-09-196;40:00.0;CHOQUE;1;0;1;PUNO;SAN ROMAN;JULIACA;URBANA;CARRETERA;NACIONAL;PE-3S;-15.495436;DESPEJADO;COMERCIAL;TRAMO RECTO;PLANA ;ASFALTADA;NULL;NULL;NULL;NULL;IMPRUDENCIA DEL CONDUCTOR;EXCESO DE VELOCIDAD;Jirón Atahualpa;13/9/2021;-70.120294
A-2021-09-100;10:00.0;ATROPELLO;1;0;0;PUNO;LAMPA;LAMPA;RURAL;CARRETERA;DEPARTAMENTAL;PU-123;-15.410128;DESPEJADO;RURAL;TRAMO RECTO;PLANA ;CONCRETO;NULL;NULL;NULL;NULL;NEGLIGENCIA DEL CONDUCTOR;OTRO (NEGLIGENCIA DEL CONDUCTOR);Carretera Cabanilla - Lampa;13/9/2021;-70.365223
A-2021-09-199;00:00.0;CHOQUE;1;4;2;LIMA;HUAURA;PACCHO;RURAL;CARRETERA;NACIONAL;PE-18;-10.913022;DESPEJADO;RURAL;CURVA;INCLINADA;ASFALTADA;NULL;NULL;NULL;NULL;IMPRUDENCIA DEL CONDUCTOR;INVASIÓN DE CARRIL;Carretera Huaura - Ambo;13/9/2021;-77.00274