CÓDIGO SINIESTRO;HORA SINIESTRO;CLASE SINIESTRO;CANTIDAD DE FALLECIDOS;CANTIDAD DE LESIONADOS;CANTIDAD DE VEHICULOS DAÑADOS;DEPARTAMENTO;PROVINCIA;DISTRITO;ZONA;TIPO DE VÍA;RED VIAL;COD CARRETERA;COORDENADAS LATITUD;CONDICIÓN CLIMÁTICA;ZONIFICACIÓN;CARACTERÍSTICAS DE VÍA;PERFIL LONGITUDINAL VÍA;SUPERFICIE DE CALZADA;¿EXISTE SEÑAL VERTICAL?;CLASIFICACIÓN DE LA SEÑAL VERTICAL Nº 1;CLASIFICACIÓN DE LA SEÑAL VERTICAL Nº 2;¿EXISTE SEÑAL HORIZONTAL?;CAUSA FACTOR PRINCIPAL;CAUSA ESPECÍFICA;UBICACION;FECHA SINIESTRO;COORDENADAS LONGITUD
A-2021-09-255;00:00.0;DESPISTE;1;0;1;JUNIN;CHANCHAMAYO;CHANCHAMAYO;RURAL;CARRETERA;NACIONAL;PE-22B;-11.022674;DESPEJADO;RURAL;TRAMO RECTO;PLANA ;ASFALTADA;NULL;NULL;NULL;NULL;EN PROCESO DE INVESTIGACIÓN;NO CUENTA CON CAUSA ESPECIFICA;PE-22B;13/9/2021;-75.316316
A-2021-09-77;50:00.0;ATROPELLO;1;2;1;AREQUIPA;AREQUIPA;YURA;URBANA;CARRETERA;DEPARTAMENTAL;AR-123;-16.367282;DESPEJADO;RESIDENCIAL;TRAMO RECTO;PLANA ;ASFALTADA;NULL;NULL;NULL;NULL;IMPRUDENCIA DEL CONDUCTOR;EXCESO DE VELOCIDAD;Autopista La Joya - Arequipa;13/9/2021;-71.639568
A-2021-09-239;30:00.0;CHOQUE;1;0;2;MOQUEGUA;ILO;ILO;URBANA;CARRETERA;NACIONAL;PE-1SD;-17.643526;DESPEJADO;COMERCIAL;TRAMO RECTO;INCLINADA;ASFALTADA;SI;REGULADORA (R);REGULADORA (R);SI;IMPRUDENCIA DEL CONDUCTOR;OTRO (IMPRUDENCIA DEL CONDUCTOR);Avenida Miramar;13/9/2021;-71.339169
A-2021-09-49;30:00.0;ATROPELLO FUGA;1;0;0;PIURA;MORROPON;CHULUCANAS;RURAL;CARRETERA;NACIONAL;PE-1NS;-5.139167;DESPEJADO;RURAL;TRAMO RECTO;PLANA ;ASFALTADA;NULL;NULL;NULL;NULL;EN PROCESO DE INVESTIGACIÓN;NO CUENTA CON CAUSA ESPECIFICA;PE-1NS;13/9/2021;-80.173203
A-2021-09-78;25:00.0;CHOQUE;1;2;2;AREQUIPA;CAYLLOMA;SAN ANTONIO DE CHUCA;RURAL;CARRETERA;NACIONAL;PE-34A;-15.761729;DESPEJADO;RURAL;CURVA;INCLINADA;ASFALTADA;SI;PREVENTIVA (P);PREVENTIVA (P);SI;IMPRUDENCIA DEL CONDUCTOR;INVASIÓN DE CARRIL;Vía Interoceánica Sur - Tramo 5;14/9/2021;-70.989611
A-2021-09-268;00:00.0;CHOQUE;1;0;NULL;APURIMAC;COTABAMBAS;CHALLHUAHUACHO;RURAL;CARRETERA;NACIONAL;PE-3SF;-14.143804;NULL;NULL;NULL;NULL;NULL;NULL;NULL;NULL;NULL;EN PROCESO DE INVESTIGACIÓN;NO CUENTA CON CAUSA ESPECIFICA;PE-3SF;14/9/2021;-72.302885
A-2021-09-130;00:00.0;DESPISTE;1;0;1;LA LIBERTAD;SANTIAGO DE CHUCO;CACHICADAN;RURAL;CARRETERA;PROVINCIAL;LI-939;-8.039117;DESPEJADO;RURAL;TRAMO RECTO;PLANA ;TROCHA;NULL;NULL;NULL;NULL;EN PROCESO DE INVESTIGACIÓN;NO CUENTA CON CAUSA ESPECIFICA;Cachicadán;14/9/2021;-78.09946
A-2021-09-206;45:00.0;CHOQUE;1;0;2;JUNIN;JAUJA;SAN LORENZO;RURAL;CARRETERA;NACIONAL;PE-3S;-11.845242;DESPEJADO;RESIDENCIAL;TRAMO RECTO;PLANA ;ASFALTADA;SI;PREVENTIVA (P);PREVENTIVA (P);NO;IMPRUDENCIA DEL CONDUCTOR;CONDUCIR EN ESTADO DE EBRIEDAD Y/O DROGADICCIÓN;Carretera Longitudinal de la Sierra Sur;14/9/2021;-75.386895
A-2021-09-84;30:00.0;CHOQUE;1;0;2;LA LIBERTAD;TRUJILLO;FLORENCIA DE MORA;URBANA;CALLE;URBANO;NO CORRESPONDE;-8.08727;DESPEJADO;COMERCIAL;INTERSECCIÓN;PLANA ;ASFALTADA;NULL;NULL;NULL;NULL;IMPRUDENCIA DEL CONDUCTOR;NO ESTABLECER EL DERECHO DE PASO;Avenida 26 de Marzo;14/9/2021;-79.026687
A-2021-09-121;00:00.0;DESPISTE;1;0;0;LIMA;LIMA;LOS OLIVOS;URBANA;CARRETERA;NACIONAL;PE-1N;-11.966189;DESPEJADO;RESIDENCIAL;TRAMO RECTO;PLANA ;ASFALTADA;NULL;NULL;NULL;NULL;EN PROCESO DE INVESTIGACIÓN;NO CUENTA CON CAUSA ESPECIFICA;Puente Tres Postes;14/9/2021;-77.067814
A-2021-09-273;50:00.0;DESPISTE;1;0;1;SAN MARTIN;HUALLAGA;SAPOSOA;RURAL;CARRETERA;PROVINCIAL;SM-843;-6.93532;DESPEJADO;RURAL;CURVA;INCLINADA;ASFALTADA;NO;NULL;NULL;SI;IMPRUDENCIA DEL CONDUCTOR;CONDUCIR EN ESTADO DE EBRIEDAD Y/O DROGADICCIÓN;Arica;15/9/2021;-76.7711
A-2021-09-212;00:00.0;DESPISTE;2;71;1;LAMBAYEQUE;CHICLAYO;LAGUNAS;RURAL;CARRETERA;NACIONAL;PE-1N;-7.051415;DESPEJADO;RURAL;TRAMO RECTO;PLANA ;ASFALTADA;SI;REGULADORA (R);INFORMATIVA (I);SI;EN PROCESO DE INVESTIGACIÓN;NO CUENTA CON CAUSA ESPECIFICA;Carretera Panamericana Norte;15/9/2021;-79.576526
A-2021-09-210;00:00.0;ATROPELLO;1;0;1;LAMBAYEQUE;LAMBAYEQUE;MOTUPE;RURAL;OTRO;URBANO;NO CORRESPONDE;-6.152058;DESPEJADO;RURAL;TRAMO RECTO;PLANA ;TROCHA;NULL;NULL;NULL;NULL;IMPRUDENCIA DEL CONDUCTOR;NO DAR PASO PREFERENTE AL PEATÓN;Motupe;15/9/2021;-79.721485
A-2021-09-124;40:00.0;ATROPELLO;1;0;0;LIMA;LIMA;MIRAFLORES;URBANA;AVENIDA;URBANO;NO CORRESPONDE;-12.129439;DESPEJADO;COMERCIAL;INTERSECCIÓN;PLANA ;ASFALTADA;NULL;NULL;NULL;NULL;EN PROCESO DE INVESTIGACIÓN;NO CUENTA CON CAUSA ESPECIFICA;Avenida 28 de Julio;15/9/2021;-77.023027
A-2021-09-85;00:00.0;CHOQUE;1;0;3;LA LIBERTAD;CHEPEN;CHEPEN;RURAL;CARRETERA;NACIONAL;PE-1N;-7.214056;DESPEJADO;INDUSTRIAL;TRAMO RECTO;PLANA ;ASFALTADA;NULL;NULL;NULL;NULL;IMPRUDENCIA DEL CONDUCTOR;GIRAR IMPRUDENTEMENTE;Carretera Panamericana Norte;15/9/2021;-79.429342
A-2021-09-50;40:00.0;ATROPELLO;1;0;0;PUNO;SAN ROMAN;JULIACA;URBANA;AVENIDA;URBANO;NO CORRESPONDE;-15.514318;DESPEJADO;RESIDENCIAL;TRAMO RECTO;PLANA ;ASFALTADA;SI;REGULADORA (R);REGULADORA (R);NO;IMPRUDENCIA DEL PEATÓN;CRUCE INDEBIDO POR LA CALZADA;Autopista Mártires del 4 de Noviembre;15/9/2021;-70.123775
A-2021-09-128;30:00.0;ATROPELLO FUGA;1;0;1;LA LIBERTAD;ASCOPE;CHICAMA;RURAL;CARRETERA;NACIONAL;PE-1N;-7.974314;DESPEJADO;RURAL;TRAMO RECTO;PLANA ;ASFALTADA;NULL;NULL;NULL;NULL;IMPRUDENCIA DEL CONDUCTOR;CONDUCIR EN ESTADO DE EBRIEDAD Y/O DROGADICCIÓN;Carretera Panamericana Norte;15/9/2021;-79.081129
A-2021-09-45;30:00.0;VOLCADURA;1;0;1;PUNO;PUNO;VILQUE;RURAL;CARRETERA;DEPARTAMENTAL;PU-122;-15.777412;DESPEJADO;RURAL;TRAMO RECTO;PLANA ;AFIRMADO;NULL;NULL;NULL;NULL;INFRAESTRUCTURA Y ENTORNO VIAL;OTRO (INFRAESTRUCTURA Y ENTORNO VIAL);PU-122;16/9/2021;-70.301792
A-2021-09-44;00:00.0;ATROPELLO;1;0;NULL;PUNO;PUNO;ACORA;RURAL;CARRETERA;NACIONAL;PE-3S;-16.000245;DESPEJADO;RURAL;TRAMO RECTO;PLANA ;ASFALTADA;NO;NULL;NULL;SI;IMPRUDENCIA DEL PEATÓN;CRUCE INDEBIDO POR LA CALZADA;Carretera Longitudinal de la Sierra Sur;16/9/2021;-69.765994
A-2021-09-65;40:00.0;ESPECIAL;1;0;1;TACNA;TACNA;CIUDAD NUEVA;URBANA;AVENIDA;URBANO;NO CORRESPONDE;-17.976328;DESPEJADO;RESIDENCIAL;TRAMO RECTO;INCLINADA;ASFALTADA;NULL;NULL;NULL;NULL;IMPRUDENCIA DEL CONDUCTOR;OTRO (IMPRUDENCIA DEL CONDUCTOR);Avenida los Proceres;17/9/2021;-70.23725
A-2021-09-278;00:00.0;CHOQUE;1;0;2;ANCASH;SANTA;CHIMBOTE;URBANA;JIRÓN;URBANO;NO CORRESPONDE;-9.083484;DESPEJADO;RESIDENCIAL;INTERSECCIÓN;PLANA ;ASFALTADA;NULL;NULL;NULL;NULL;EN PROCESO DE INVESTIGACIÓN;NO CUENTA CON CAUSA ESPECIFICA;Prolongación Leoncio Prado;17/9/2021;-78.573466
A-2021-09-231;15:00.0;CHOQUE;1;0;2;ICA;PISCO;PISCO;RURAL;CARRETERA;NACIONAL;PE-1SE;-13.699175;DESPEJADO;RURAL;TRAMO RECTO;PLANA ;ASFALTADA;NULL;NULL;NULL;NULL;EN PROCESO DE INVESTIGACIÓN;NO CUENTA CON CAUSA ESPECIFICA;Carretera Panamericana Sur;17/9/2021;-76.165262
A-2021-09-62;45:00.0;CHOQUE;1;1;2;CUSCO;CALCA;LARES;URBANA;CARRETERA;SIN CLASIFICAR;SIN CLASIFICAR;-13.184115;DESPEJADO;RESIDENCIAL;TRAMO RECTO;PLANA ;ASFALTADA;NULL;NULL;NULL;NULL;IMPRUDENCIA DEL CONDUCTOR;EXCESO DE VELOCIDAD;Lares;17/9/2021;-72.062108
A-2021-09-71;50:00.0;DESPISTE;1;2;1;CAJAMARCA;SAN MARCOS;GREGORIO PITA;RURAL;CARRETERA;NACIONAL;PE-3N;-7.286192;DESPEJADO;RURAL;TRAMO RECTO;INCLINADA;ASFALTADA;SI;PREVENTIVA (P);NULL;SI;EN PROCESO DE INVESTIGACIÓN;NO CUENTA CON CAUSA ESPECIFICA;Carretera Longitudinal de la Sierra Norte;18/9/2021;-78.213168
A-2021-09-125;45:00.0;DESPISTE;1;0;1;CUSCO;CANAS;LAYO;URBANA;CALLE;URBANO;NO CORRESPONDE;-14.49696;DESPEJADO;RESIDENCIAL;TRAMO RECTO;PLANA ;ASFALTADA;NULL;NULL;NULL;NULL;IMPRUDENCIA DEL CONDUCTOR;CONDUCIR EN ESTADO DE EBRIEDAD Y/O DROGADICCIÓN;Calle Domingo Aragón;18/9/2021;-71.155116
A-2021-09-66;20:00.0;CAÍDA DE PASAJERO;1;1;2;ICA;CHINCHA;CHINCHA BAJA;RURAL;CARRETERA;NACIONAL;PE-1S;-13.460945;DESPEJADO;RURAL;TRAMO RECTO;PLANA ;ASFALTADA;NULL;NULL;NULL;NULL;EN PROCESO DE INVESTIGACIÓN;NO CUENTA CON CAUSA ESPECIFICA;Antigua Carretera Panamericana Sur;18/9/2021;-76.136483
A-2021-09-157;05:00.0;CHOQUE;1;0;NULL;LORETO;MAYNAS;BELEN;URBANA;AVENIDA;URBANO;NO CORRESPONDE;-3.765007;NULL;NULL;NULL;NULL;NULL;NULL;NULL;NULL;NULL;EN PROCESO DE INVESTIGACIÓN;NO CUENTA CON CAUSA ESPECIFICA;Avenida José Abelardo Quiñones;18/9/2021;-73.259433
A-2021-09-195;20:00.0;CHOQUE;1;0;2;PUNO;AZANGARO;AZANGARO;RURAL;CARRETERA;NACIONAL;PE-34B;-14.812666;DESPEJADO;RURAL;TRAMO RECTO;PLANA ;ASFALTADA;NULL;NULL;NULL;NULL;IMPRUDENCIA DEL CONDUCTOR;CONDUCIR EN SENTIDO CONTRARIO;Carretera Interoceánica Puno - Madre de Dios;18/9/2021;-70.248527
A-2021-09-131;00:00.0;CAÍDA DE PASAJERO;1;0;2;LA LIBERTAD;OTUZCO;USQUIL;RURAL;CARRETERA;PROVINCIAL;LI-777;-7.774257;DESPEJADO;RURAL;CURVA;INCLINADA;TROCHA;NULL;NULL;NULL;NULL;EN PROCESO DE INVESTIGACIÓN;NO CUENTA CON CAUSA ESPECIFICA;LI-777;18/9/2021;-78.354444
A-2021-09-272;30:00.0;CHOQUE;1;1;2;SAN MARTIN;SAN MARTIN;CACATACHI;RURAL;CARRETERA;NACIONAL;PE-5N;-6.46943;DESPEJADO;RURAL;TRAMO RECTO;PLANA ;ASFALTADA;SI;REGULADORA (R);NULL;SI;IMPRUDENCIA DEL CONDUCTOR;INVASIÓN DE CARRIL;Carretera Presidente Fernando Belaúnde Terry;18/9/2021;-76.40892
A-2021-09-67;20:00.0;DESPISTE;1;2;1;ANCASH;BOLOGNESI;PACLLON;RURAL;CARRETERA;PROVINCIAL;AN-1263;-10.19713;DESPEJADO;RURAL;CURVA;INCLINADA;AFIRMADO;NULL;NULL;NULL;NULL;IMPRUDENCIA DEL CONDUCTOR;EXCESO DE PASAJEROS O CARGA;Via Llamac-Chiquián;18/9/2021;-77.032163
A-2021-09-243;51:00.0;DESPISTE;1;2;1;LIMA;BARRANCA;SUPE;RURAL;CARRETERA;NACIONAL;PE-1N;-10.788557;DESPEJADO;RURAL;TRAMO RECTO;PLANA ;ASFALTADA;NULL;NULL;NULL;NULL;EN PROCESO DE INVESTIGACIÓN;NO CUENTA CON CAUSA ESPECIFICA;Panamericana Norte;18/9/2021;-77.711797
A-2021-09-89;35:00.0;ATROPELLO;1;0;1;AREQUIPA;AREQUIPA;LA JOYA;RURAL;CARRETERA;NACIONAL;PE-1S;-16.678237;DESPEJADO;RURAL;INTERSECCIÓN;PLANA ;ASFALTADA;SI;INFORMATIVA (I);INFORMATIVA (I);SI;EN PROCESO DE INVESTIGACIÓN;NO CUENTA CON CAUSA ESPECIFICA;Carretera Panamericana Sur;18/9/2021;-71.870863
A-2021-09-173;00:00.0;CHOQUE;1;1;2;LORETO;MAYNAS;SAN JUAN BAUTISTA;URBANA;AVENIDA;URBANO;NO CORRESPONDE;-3.792249;SOLEADO;COMERCIAL;TRAMO RECTO;PLANA ;ASFALTADA;NULL;NULL;NULL;NULL;EN PROCESO DE INVESTIGACIÓN;NO CUENTA CON CAUSA ESPECIFICA;Avenida de la Participación;18/9/2021;-73.298886
A-2021-09-129;10:00.0;ATROPELLO FUGA;1;0;0;PUNO;SAN ROMAN;SAN MIGUEL;RURAL;CARRETERA;NACIONAL;PE-3S;-15.449731;DESPEJADO;RURAL;TRAMO RECTO;PLANA ;ASFALTADA;NULL;NULL;NULL;NULL;EN PROCESO DE INVESTIGACIÓN;NO CUENTA CON CAUSA ESPECIFICA;Avenida Independencia;19/9/2021;-70.141106
A-2021-09-171;35:00.0;DESPISTE;1;0;1;CUSCO;CUSCO;SANTIAGO;RURAL;CARRETERA;PROVINCIAL;CU-1259;-13.55119;DESPEJADO;RURAL;SINUOSA;INCLINADA;TROCHA;NULL;NULL;NULL;NULL;IMPRUDENCIA DEL CONDUCTOR;FATIGA Y/O CANSANCIO;CU-698;19/9/2021;-72.018122
A-2021-09-126;00:00.0;ATROPELLO;1;0;0;LIMA;LIMA;VILLA EL SALVADOR;URBANA;AVENIDA;URBANO;NO CORRESPONDE;-12.223894;SOLEADO;COMERCIAL;INTERSECCIÓN;PLANA ;ASFALTADA;NULL;NULL;NULL;NULL;EN PROCESO DE INVESTIGACIÓN;NO CUENTA CON CAUSA ESPECIFICA;Avenida 200 Millas;19/9/2021;-76.919897
A-2021-09-83;00:00.0;CHOQUE;1;1;2;CAJAMARCA;CAJAMARCA;CAJAMARCA;URBANA;CARRETERA;NACIONAL;PE-3N;-7.146591;SOLEADO;RESIDENCIAL;TRAMO RECTO;PLANA ;ASFALTADA;NULL;NULL;NULL;NULL;IMPRUDENCIA DEL CONDUCTOR;EXCESO DE VELOCIDAD;Avenida Vía de Evitamiento Norte;19/9/2021;-78.508347
A-2021-09-123;30:00.0;CHOQUE;1;2;2;CUSCO;QUISPICANCHI;OCONGATE;RURAL;CARRETERA;NACIONAL;PE-30C;-13.621524;SOLEADO;RURAL;TRAMO RECTO;PLANA ;ASFALTADA;NULL;NULL;NULL;NULL;IMPRUDENCIA DEL CONDUCTOR;OTRO (IMPRUDENCIA DEL CONDUCTOR);Interoceánica Sur;19/9/2021;-71.397627
A-2021-09-64;40:00.0;CHOQUE;2;2;3;TUMBES;TUMBES;TUMBES;RURAL;CARRETERA;NACIONAL;PE-1N;-3.551516;DESPEJADO;RURAL;TRAMO RECTO;PLANA ;ASFALTADA;NULL;NULL;NULL;NULL;IMPRUDENCIA DEL CONDUCTOR;CONDUCIR EN ESTADO DE EBRIEDAD Y/O DROGADICCIÓN;Carretera Panamericana Norte;19/9/2021;-80.414225
A-2021-09-174;30:00.0;CHOQUE;1;0;2;LORETO;MAYNAS;IQUITOS;URBANA;CALLE;URBANO;NO CORRESPONDE;-3.74708;DESPEJADO;COMERCIAL;INTERSECCIÓN;PLANA ;ASFALTADA;NULL;NULL;NULL;NULL;EN PROCESO DE INVESTIGACIÓN;NO CUENTA CON CAUSA ESPECIFICA;Jirón Faning;19/9/2021;-73.249889
A-2021-09-80;30:00.0;DESPISTE;1;6;1;APURIMAC;ANDAHUAYLAS;SAN JERONIMO;RURAL;CARRETERA;NACIONAL;PE-3S;-13.653869;DESPEJADO;RURAL;CURVA;PLANA ;ASFALTADA;SI;PREVENTIVA (P);PREVENTIVA (P);NO;IMPRUDENCIA DEL CONDUCTOR;CONDUCIR EN ESTADO DE EBRIEDAD Y/O DROGADICCIÓN;Carretera Longitudinal de la Sierra Sur;20/9/2021;-73.317422
A-2021-09-81;50:00.0;DESPISTE;1;1;1;PIURA;PIURA;VEINTISEIS DE OCTUBRE;URBANA;AVENIDA;URBANO;NO CORRESPONDE;-5.171667;DESPEJADO;RESIDENCIAL;INTERSECCIÓN;PLANA ;ASFALTADA;SI;REGULADORA (R);NULL;NO;EN PROCESO DE INVESTIGACIÓN;NO CUENTA CON CAUSA ESPECIFICA;San Martín;20/9/2021;-80.667237
A-2021-09-82;20:00.0;CHOQUE;2;19;2;PIURA;PIURA;TAMBO GRANDE;RURAL;CARRETERA;NACIONAL;PE-1NU;-5.077639;DESPEJADO;RURAL;TRAMO RECTO;INCLINADA;ASFALTADA;NULL;NULL;NULL;NULL;EN PROCESO DE INVESTIGACIÓN;NO CUENTA CON CAUSA ESPECIFICA;PE-1NU;20/9/2021;-80.430419
A-2021-09-117;00:00.0;ESPECIAL;1;0;0;ICA;ICA;SAN JOSE DE LOS MOLINOS;RURAL;CARRETERA;SIN CLASIFICAR;SIN CLASIFICAR;-13.946955;DESPEJADO;RURAL;OTRO;PLANA ;TROCHA;NULL;NULL;NULL;NULL;EN PROCESO DE INVESTIGACIÓN;NO CUENTA CON CAUSA ESPECIFICA;Avenida Victorio Gotuzzo;20/9/2021;-75.686347
A-2021-09-185;00:00.0;ATROPELLO;1;0;1;PUNO;SAN ROMAN;JULIACA;URBANA;AVENIDA;URBANO;NO CORRESPONDE;-15.502328;DESPEJADO;RESIDENCIAL;INTERSECCIÓN;PLANA ;ASFALTADA;NULL;NULL;NULL;NULL;IMPRUDENCIA DEL PEATÓN;CRUCE INDEBIDO POR LA CALZADA;Jirón Libertad;20/9/2021;-70.128814
A-2021-09-228;00:00.0;CHOQUE;2;0;2;PUNO;MELGAR;NUÑOA;RURAL;CARRETERA;DEPARTAMENTAL;PU-100;-14.62288;DESPEJADO;RURAL;TRAMO RECTO;PLANA ;ASFALTADA;NULL;NULL;NULL;NULL;IMPRUDENCIA DEL CONDUCTOR;CONDUCIR EN SENTIDO CONTRARIO;PU-100;20/9/2021;-70.66671
A-2021-09-127;30:00.0;VOLCADURA;1;0;0;LIMA;LIMA;RIMAC;URBANA;AVENIDA;URBANO;NO CORRESPONDE;-12.037243;SOLEADO;COMERCIAL;TRAMO RECTO;PLANA ;ASFALTADA;NULL;NULL;NULL;NULL;EN PROCESO DE INVESTIGACIÓN;NO CUENTA CON CAUSA ESPECIFICA;Avenida 9 de Octubre;20/9/2021;-77.013437
A-2021-09-187;00:00.0;DESPISTE;1;7;1;LIMA;HUARAL;AUCALLAMA;RURAL;CARRETERA;NACIONAL;PE-1N;-11.602196;DESPEJADO;RURAL;CURVA;INCLINADA;ASFALTADA;SI;INFORMATIVA (I);INFORMATIVA (I);SI;IMPRUDENCIA DEL CONDUCTOR;EXCESO DE VELOCIDAD;Carretera Panamericana Norte;21/9/2021;-77.197035
A-2021-09-102;20:00.0;CHOQUE;1;0;3;JUNIN;HUANCAYO;SAN AGUSTIN;RURAL;CARRETERA;NACIONAL;PE-3S;-12.025156;DESPEJADO;COMERCIAL;TRAMO RECTO;PLANA ;ASFALTADA;NULL;NULL;NULL;NULL;EN PROCESO DE INVESTIGACIÓN;NO CUENTA CON CAUSA ESPECIFICA;Avenida Mariscal Castilla;21/9/2021;-75.237934
A-2021-09-190;30:00.0;CHOQUE;1;0;2;CUSCO;CHUMBIVILCAS;LLUSCO;RURAL;CARRETERA;NACIONAL;PE-3SG;-14.347746;DESPEJADO;RURAL;CURVA;INCLINADA;ASFALTADA;NULL;NULL;NULL;NULL;IMPRUDENCIA DEL CONDUCTOR;INVASIÓN DE CARRIL;PE-3SG;21/9/2021;-72.111246
A-2021-09-225;00:00.0;DESPISTE;1;0;1;AREQUIPA;CONDESUYOS;CHICHAS;RURAL;CARRETERA;SIN CLASIFICAR;SIN CLASIFICAR;-15.600563;DESPEJADO;RURAL;SINUOSA;INCLINADA;TROCHA;NULL;NULL;NULL;NULL;EN PROCESO DE INVESTIGACIÓN;NO CUENTA CON CAUSA ESPECIFICA;Chichas;21/9/2021;-73.00074
A-2021-09-134;30:00.0;DESPISTE;1;2;1;PIURA;MORROPON;SANTO DOMINGO;RURAL;CARRETERA;SIN CLASIFICAR;SIN CLASIFICAR;-5.003616;DESPEJADO;RURAL;TRAMO RECTO;PLANA ;ASFALTADA;NULL;NULL;NULL;NULL;EN PROCESO DE INVESTIGACIÓN;NO CUENTA CON CAUSA ESPECIFICA;Santo Domingo;22/9/2021;-79.850205
A-2021-09-132;40:00.0;DESPISTE;2;0;1;LA LIBERTAD;TRUJILLO;TRUJILLO;URBANA;AVENIDA;URBANO;NO CORRESPONDE;-8.123396;DESPEJADO;COMERCIAL;PUENTE;INCLINADA;ASFALTADA;NULL;NULL;NULL;NULL;IMPRUDENCIA DEL CONDUCTOR;CONDUCIR EN ESTADO DE EBRIEDAD Y/O DROGADICCIÓN;Avenida América Sur;22/9/2021;-79.022813
A-2021-09-88;30:00.0;ATROPELLO FUGA;1;0;0;AREQUIPA;ISLAY;COCACHACRA;RURAL;CARRETERA;NACIONAL;PE-1S;-16.981594;NIEBLA;RURAL;CURVA;INCLINADA;ASFALTADA;SI;REGULADORA (R);PREVENTIVA (P);SI;EN PROCESO DE INVESTIGACIÓN;NO CUENTA CON CAUSA ESPECIFICA;Carretera Panamericana Sur;22/9/2021;-71.776746
A-2021-09-136;10:00.0;CHOQUE FUGA;1;0;1;LA LIBERTAD;TRUJILLO;SALAVERRY;URBANA;CARRETERA;NACIONAL;PE-1N;-8.324195;DESPEJADO;RURAL;TRAMO RECTO;PLANA ;ASFALTADA;NULL;NULL;NULL;NULL;EN PROCESO DE INVESTIGACIÓN;NO CUENTA CON CAUSA ESPECIFICA;Panamericana Norte;22/9/2021;-78.897364
A-2021-09-110;40:00.0;CHOQUE;2;3;2;AREQUIPA;CAYLLOMA;MAJES;RURAL;CARRETERA;NACIONAL;PE-1S;-16.372293;DESPEJADO;RURAL;TRAMO RECTO;PLANA ;ASFALTADA;SI;INFORMATIVA (I);INFORMATIVA (I);SI;EN PROCESO DE INVESTIGACIÓN;NO CUENTA CON CAUSA ESPECIFICA;Carretera Panamericana Sur;22/9/2021;-72.171032
A-2021-09-101;30:00.0;CHOQUE;1;0;2;PUNO;HUANCANE;HUANCANE;RURAL;CARRETERA;NACIONAL;PE-34H;-15.216207;DESPEJADO;RURAL;CURVA;PLANA ;ASFALTADA;NULL;NULL;NULL;NULL;IMPRUDENCIA DEL CONDUCTOR;CONDUCIR EN SENTIDO CONTRARIO;PE-34H;22/9/2021;-69.830554
A-2021-09-137;00:00.0;CAÍDA DE PASAJERO;1;1;2;LA LIBERTAD;ASCOPE;PAIJAN;RURAL;CALLE;URBANO;NO CORRESPONDE;-7.74059;DESPEJADO;RURAL;CURVA;PLANA ;AFIRMADO;NULL;NULL;NULL;NULL;IMPRUDENCIA DEL CONDUCTOR;ADELANTAR INDEBIDAMENTE;Paiján;22/9/2021;-79.29443
A-2021-09-109;00:00.0;ATROPELLO;1;1;1;LAMBAYEQUE;LAMBAYEQUE;MOTUPE;RURAL;CARRETERA;NACIONAL;PE-1NJ;-6.166113;SOLEADO;RURAL;TRAMO RECTO;PLANA ;ASFALTADA;NULL;NULL;NULL;NULL;IMPRUDENCIA DEL CONDUCTOR;EXCESO DE VELOCIDAD;Carretera Lambayegue - Olmos;22/9/2021;-79.699314
A-2021-09-274;00:00.0;ATROPELLO;1;0;1;SAN MARTIN;LAMAS;TABALOSOS;RURAL;CARRETERA;NACIONAL;PE-5N;-6.38746;DESPEJADO;RURAL;TRAMO RECTO;PLANA ;ASFALTADA;NO;NULL;NULL;SI;IMPRUDENCIA DEL CONDUCTOR;CONDUCIR EN ESTADO DE EBRIEDAD Y/O DROGADICCIÓN;Carretera Presidente Fernando Belaúnde Terry;23/9/2021;-76.62982
A-2021-09-133;15:00.0;CHOQUE CON OBJETO FIJO;1;0;1;LIMA;LIMA;SAN JUAN DE MIRAFLORES;URBANA;CARRETERA;NACIONAL;PE-1S;-12.168898;DESPEJADO;COMERCIAL;TRAMO RECTO;PLANA ;ASFALTADA;NULL;NULL;NULL;NULL;IMPRUDENCIA DEL CONDUCTOR;EXCESO DE VELOCIDAD;Avenida Panamericana Sur;23/9/2021;-76.979617
A-2021-09-139;40:00.0;ATROPELLO FUGA;1;0;0;LA LIBERTAD;ASCOPE;PAIJAN;RURAL;CARRETERA;PROVINCIAL;LI-610;-7.727119;DESPEJADO;RURAL;TRAMO RECTO;PLANA ;ASFALTADA;NULL;NULL;NULL;NULL;EN PROCESO DE INVESTIGACIÓN;NO CUENTA CON CAUSA ESPECIFICA;Carretera Paiján - Puerto Chicama;23/9/2021;-79.320461
A-2021-09-94;40:00.0;CHOQUE;1;5;2;ICA;CHINCHA;EL CARMEN;RURAL;CARRETERA;NACIONAL;PE-1S;-13.549631;DESPEJADO;RESIDENCIAL;INTERSECCIÓN;PLANA ;ASFALTADA;SI;REGULADORA (R);PREVENTIVA (P);SI;IMPRUDENCIA DEL CONDUCTOR;INVASIÓN DE CARRIL;Hoja Redonda;23/9/2021;-76.133082