CÓDIGO SINIESTRO;HORA SINIESTRO;CLASE SINIESTRO;CANTIDAD DE FALLECIDOS;CANTIDAD DE LESIONADOS;CANTIDAD DE VEHICULOS DAÑADOS;DEPARTAMENTO;PROVINCIA;DISTRITO;ZONA;TIPO DE VÍA;RED VIAL;COD CARRETERA;COORDENADAS LATITUD;CONDICIÓN CLIMÁTICA;ZONIFICACIÓN;CARACTERÍSTICAS DE VÍA;PERFIL LONGITUDINAL VÍA;SUPERFICIE DE CALZADA;¿EXISTE SEÑAL VERTICAL?;CLASIFICACIÓN DE LA SEÑAL VERTICAL Nº 1;CLASIFICACIÓN DE LA SEÑAL VERTICAL Nº 2;¿EXISTE SEÑAL HORIZONTAL?;CAUSA FACTOR PRINCIPAL;CAUSA ESPECÍFICA;UBICACION;FECHA SINIESTRO;COORDENADAS LONGITUD
A-2021-09-90;30:00.0;CHOQUE;1;4;2;TUMBES;CONTRALMIRANTE VILLAR;CANOAS DE PUNTA SAL;RURAL;CARRETERA;NACIONAL;PE-1N;-4.03218;DESPEJADO;RURAL;TRAMO RECTO;PLANA ;ASFALTADA;NULL;NULL;NULL;NULL;IMPRUDENCIA DEL CONDUCTOR;INVASIÓN DE CARRIL;Carretera Panamericana Norte;23/9/2021;-80.960081
A-2021-09-95;30:00.0;CHOQUE CON OBJETO FIJO;1;1;1;ICA;ICA;PARCONA;URBANA;CALLE;URBANO;NO CORRESPONDE;-14.044013;DESPEJADO;RESIDENCIAL;TRAMO RECTO;PLANA ;ASFALTADA;NULL;NULL;NULL;NULL;EN PROCESO DE INVESTIGACIÓN;NO CUENTA CON CAUSA ESPECIFICA;Domingo Elías;24/9/2021;-75.698984
A-2021-09-96;00:00.0;DESPISTE;1;0;1;AYACUCHO;LUCANAS;LEONCIO PRADO;RURAL;CARRETERA;NACIONAL;PE-30A;-14.693459;DESPEJADO;RURAL;SINUOSA;INCLINADA;ASFALTADA;NULL;NULL;NULL;NULL;EN PROCESO DE INVESTIGACIÓN;NO CUENTA CON CAUSA ESPECIFICA;Carretera Nasca - Abancay;24/9/2021;-74.515248
A-2021-09-112;20:00.0;DESPISTE;1;1;1;AREQUIPA;CAYLLOMA;CALLALLI;RURAL;CARRETERA;NACIONAL;PE-34J;-15.587193;DESPEJADO;RURAL;TRAMO RECTO;PLANA ;ASFALTADA;SI;PREVENTIVA (P);PREVENTIVA (P);SI;EN PROCESO DE INVESTIGACIÓN;NO CUENTA CON CAUSA ESPECIFICA;Carretera Morocaque - Oscollo;24/9/2021;-71.050195
A-2021-09-135;20:00.0;CHOQUE;1;0;0;LIMA;LIMA;VILLA EL SALVADOR;URBANA;AVENIDA;URBANO;NO CORRESPONDE;-12.227974;SOLEADO;RESIDENCIAL;TRAMO RECTO;PLANA ;ASFALTADA;NULL;NULL;NULL;NULL;EN PROCESO DE INVESTIGACIÓN;NO CUENTA CON CAUSA ESPECIFICA;Avenida José Olaya;24/9/2021;-76.938119
A-2021-09-186;40:00.0;ATROPELLO;1;0;0;PUNO;MELGAR;NUÑOA;URBANA;JIRÓN;URBANO;NO CORRESPONDE;-14.477118;DESPEJADO;RESIDENCIAL;INTERSECCIÓN;PLANA ;ASFALTADA;NULL;NULL;NULL;NULL;IMPRUDENCIA DEL PEATÓN;OTRO (IMPRUDENCIA DEL PEATÓN);Nuñoa;24/9/2021;-70.636123
A-2021-09-257;00:00.0;CHOQUE;1;0;2;PIURA;AYABACA;SUYO;RURAL;CARRETERA;NACIONAL;PE-1NL;-4.5517;DESPEJADO;RURAL;TRAMO RECTO;PLANA ;ASFALTADA;NULL;NULL;NULL;NULL;EN PROCESO DE INVESTIGACIÓN;NO CUENTA CON CAUSA ESPECIFICA;PE-1NL;24/9/2021;-80.0963
A-2021-09-120;25:00.0;CHOQUE;1;0;2;SAN MARTIN;MOYOBAMBA;CALZADA;RURAL;CARRETERA;NACIONAL;PE-5N;-6.035015;DESPEJADO;RURAL;TRAMO RECTO;PLANA ;ASFALTADA;NULL;NULL;NULL;NULL;EN PROCESO DE INVESTIGACIÓN;NO CUENTA CON CAUSA ESPECIFICA;Carretera Presidente Fernando Belaúnde Terry;24/9/2021;-77.115731
A-2021-09-98;30:00.0;CHOQUE;1;3;2;ICA;ICA;SANTIAGO;RURAL;CARRETERA;NACIONAL;PE-1S;-14.144087;DESPEJADO;RURAL;TRAMO RECTO;PLANA ;ASFALTADA;SI;PREVENTIVA (P);NULL;NO;IMPRUDENCIA DEL CONDUCTOR;OTRO (IMPRUDENCIA DEL CONDUCTOR);Carretera Panamericana Sur;24/9/2021;-75.71602
A-2021-09-215;10:00.0;CHOQUE;1;0;2;LAMBAYEQUE;CHICLAYO;PICSI;RURAL;CARRETERA;DEPARTAMENTAL;LA-111;-6.705216;DESPEJADO;RURAL;TRAMO RECTO;PLANA ;ASFALTADA;NULL;NULL;NULL;NULL;EN PROCESO DE INVESTIGACIÓN;NO CUENTA CON CAUSA ESPECIFICA;Carretera Picsi - Ferreñafe;25/9/2021;-79.774423
A-2021-10-205;00:00.0;CHOQUE;1;1;0;LIMA;LIMA;COMAS;URBANA;AVENIDA;URBANO;NO CORRESPONDE;-11.957694;DESPEJADO;COMERCIAL;INTERSECCIÓN;PLANA ;ASFALTADA;NULL;NULL;NULL;NULL;EN PROCESO DE INVESTIGACIÓN;NO CUENTA CON CAUSA ESPECIFICA;Jirón Lima;28/10/2021;-77.049249
A-2021-10-136;50:00.0;DESPISTE;1;2;1;CAJAMARCA;CAJAMARCA;CAJAMARCA;RURAL;CARRETERA;PROVINCIAL;CA-1330;-7.142469;DESPEJADO;RURAL;TRAMO RECTO;PLANA ;ASFALTADA;NULL;NULL;NULL;NULL;IMPRUDENCIA DEL CONDUCTOR;EXCESO DE VELOCIDAD;Cajamarca;28/10/2021;-78.585864
A-2021-10-118;30:00.0;CHOQUE;1;2;2;ICA;PISCO;SAN CLEMENTE;RURAL;CARRETERA;NACIONAL;PE-1S;-13.666781;DESPEJADO;RURAL;TRAMO RECTO;PLANA ;ASFALTADA;NULL;NULL;NULL;NULL;EN PROCESO DE INVESTIGACIÓN;NO CUENTA CON CAUSA ESPECIFICA;Antigua Carretera Panamericana Sur;28/10/2021;-76.151503
A-2021-10-117;30:00.0;CHOQUE;2;2;NULL;ICA;PISCO;INDEPENDENCIA;RURAL;CARRETERA;NACIONAL;PE-28A;-13.696582;DESPEJADO;RURAL;TRAMO RECTO;PLANA ;ASFALTADA;NULL;NULL;NULL;NULL;EN PROCESO DE INVESTIGACIÓN;NO CUENTA CON CAUSA ESPECIFICA;Vía de los Libertadores;29/10/2021;-76.012779
A-2021-10-167;50:00.0;CHOQUE;1;0;1;CUSCO;QUISPICANCHI;OCONGATE;RURAL;CARRETERA;NACIONAL;PE-30C;-13.659394;DESPEJADO;RURAL;CURVA;PLANA ;ASFALTADA;NULL;NULL;NULL;NULL;IMPRUDENCIA DEL CONDUCTOR;EXCESO DE VELOCIDAD;Interoceánica Sur;29/10/2021;-71.421189
A-2021-10-119;00:00.0;ATROPELLO;1;0;1;TACNA;TACNA;CORONEL GREGORIO ALBARRACIN LANCHIPA;URBANA;AVENIDA;URBANO;NO CORRESPONDE;-18.085715;DESPEJADO;RESIDENCIAL;TRAMO RECTO;PLANA ;ASFALTADA;NULL;NULL;NULL;NULL;IMPRUDENCIA DEL PEATÓN;ESTADO DE EBRIEDAD Y/O DROGADICCIÓN;Prolongación Avenida Municipal;29/10/2021;-70.268115
A-2021-10-142;20:00.0;DESPISTE;2;1;1;CAJAMARCA;SAN PABLO;TUMBADEN;RURAL;CARRETERA;PROVINCIAL;CA-1263;-6.998466;LLUVIOSO;RURAL;TRAMO RECTO;INCLINADA;AFIRMADO;NULL;NULL;NULL;NULL;EN PROCESO DE INVESTIGACIÓN;NO CUENTA CON CAUSA ESPECIFICA;CA-1263;29/10/2021;-78.713159
A-2021-10-129;45:00.0;VOLCADURA;1;4;1;ICA;ICA;SALAS;RURAL;CARRETERA;NACIONAL;PE-1S;-13.926327;DESPEJADO;RURAL;TRAMO RECTO;PLANA ;ASFALTADA;NULL;NULL;NULL;NULL;EN PROCESO DE INVESTIGACIÓN;NO CUENTA CON CAUSA ESPECIFICA;Carretera Panamericana Sur;30/10/2021;-75.981552
A-2021-10-130;00:00.0;DESPISTE;1;0;1;PUNO;YUNGUYO;COPANI;RURAL;CARRETERA;DEPARTAMENTAL;PU-130;-16.353415;DESPEJADO;RURAL;CURVA;PLANA ;ASFALTADA;NO;NULL;NULL;SI;IMPRUDENCIA DEL CONDUCTOR;INVASIÓN DE CARRIL;PU-130;30/10/2021;-69.044222
A-2021-10-171;31:00.0;ATROPELLO;1;0;1;CUSCO;CANCHIS;SICUANI;URBANA;CALLE;URBANO;NO CORRESPONDE;-14.268349;DESPEJADO;RESIDENCIAL;INTERSECCIÓN;PLANA ;ASFALTADA;NULL;NULL;NULL;NULL;IMPRUDENCIA DEL PEATÓN;CRUCE INDEBIDO POR LA CALZADA;Jirón Inambari;30/10/2021;-71.227775
A-2021-10-223;20:00.0;CHOQUE;2;0;2;PIURA;PIURA;CASTILLA;RURAL;CARRETERA;SIN CLASIFICAR;SIN CLASIFICAR;-5.188689;DESPEJADO;RURAL;TRAMO RECTO;PLANA ;ASFALTADA;NULL;NULL;NULL;NULL;EN PROCESO DE INVESTIGACIÓN;NO CUENTA CON CAUSA ESPECIFICA;Piura Bonita;30/10/2021;-80.56819
A-2021-10-278;35:00.0;ATROPELLO;1;1;1;SAN MARTIN;SAN MARTIN;TARAPOTO;URBANA;AVENIDA;URBANO;NO CORRESPONDE;-6.47423;DESPEJADO;COMERCIAL;TRAMO RECTO;PLANA ;ASFALTADA;NO;NULL;NULL;SI;IMPRUDENCIA DEL PEATÓN;CRUCE INDEBIDO POR LA CALZADA;Circuvalación;30/10/2021;-76.37269
A-2021-10-169;00:00.0;CHOQUE;1;0;3;PUNO;AZANGARO;SANTIAGO DE PUPUJA;RURAL;CARRETERA;NACIONAL;PE-34B;-15.018987;DESPEJADO;RURAL;TRAMO RECTO;PLANA ;ASFALTADA;NULL;NULL;NULL;NULL;IMPRUDENCIA DEL CONDUCTOR;CONDUCIR EN SENTIDO CONTRARIO;Carretera Interoceánica Puno - Madre de Dios;30/10/2021;-70.179623
A-2021-10-230;30:00.0;ATROPELLO;1;0;1;ANCASH;YUNGAY;RANRAHIRCA;RURAL;CARRETERA;NACIONAL;PE-3N;-9.17214;DESPEJADO;RURAL;TRAMO RECTO;INCLINADA;ASFALTADA;NULL;NULL;NULL;NULL;EN PROCESO DE INVESTIGACIÓN;NO CUENTA CON CAUSA ESPECIFICA;Carretera Longitudinal de la Sierra Norte;30/10/2021;-77.724517
A-2021-10-143;30:00.0;CHOQUE;1;0;2;CAJAMARCA;SAN MARCOS;CHANCAY;URBANA;CARRETERA;NACIONAL;PE-3N;-7.397856;DESPEJADO;INDUSTRIAL;TRAMO RECTO;INCLINADA;ASFALTADA;SI;PREVENTIVA (P);NULL;SI;IMPRUDENCIA DEL CONDUCTOR;CONDUCIR EN ESTADO DE EBRIEDAD Y/O DROGADICCIÓN;Carretera Longitudinal de la Sierra Norte;30/10/2021;-78.125497
A-2021-10-206;50:00.0;ATROPELLO;1;0;0;LIMA;LIMA;COMAS;URBANA;CARRETERA;NACIONAL;PE-1N;-11.935588;DESPEJADO;COMERCIAL;INTERSECCIÓN;PLANA ;ASFALTADA;NULL;NULL;NULL;NULL;EN PROCESO DE INVESTIGACIÓN;NO CUENTA CON CAUSA ESPECIFICA;Avenida Panamericana Norte;31/10/2021;-77.071876
A-2021-07-236;30:00.0;DESPISTE;1;1;1;PIURA;SULLANA;IGNACIO ESCUDERO;URBANA;CARRETERA;NACIONAL;PE-1N;-4.836673;DESPEJADO;RESIDENCIAL;TRAMO RECTO;PLANA ;ASFALTADA;NULL;NULL;NULL;NULL;EN PROCESO DE INVESTIGACIÓN;NO CUENTA CON CAUSA ESPECIFICA;Carretera Panamericana Norte;11/7/2021;-80.896465
A-2021-07-82;30:00.0;DESPISTE;1;2;1;HUANCAVELICA;CASTROVIRREYNA;CASTROVIRREYNA;RURAL;CARRETERA;SIN CLASIFICAR;SIN CLASIFICAR;-13.222;DESPEJADO;RURAL;PUENTE;INCLINADA;CASCAJO/RIPIO;NULL;NULL;NULL;NULL;EN PROCESO DE INVESTIGACIÓN;NO CUENTA CON CAUSA ESPECIFICA;Pacococha;11/7/2021;-75.2929
A-2021-07-243;00:00.0;DESPISTE;1;0;0;LIMA;LIMA;RIMAC;URBANA;AVENIDA;URBANO;NO CORRESPONDE;-12.030414;DESPEJADO;RESIDENCIAL;TÚNEL;PLANA ;ASFALTADA;NULL;NULL;NULL;NULL;IMPRUDENCIA DEL CONDUCTOR;EXCESO DE VELOCIDAD;Rimac;11/7/2021;-77.023856
A-2021-07-86;00:00.0;ATROPELLO FUGA;1;0;0;SAN MARTIN;RIOJA;NUEVA CAJAMARCA;URBANA;CARRETERA;NACIONAL;PE-5N;-5.907573;DESPEJADO;RURAL;TRAMO RECTO;PLANA ;ASFALTADA;NULL;NULL;NULL;NULL;EN PROCESO DE INVESTIGACIÓN;NO CUENTA CON CAUSA ESPECIFICA;Carretera Presidente Fernando Belaúnde Terry;11/7/2021;-77.324103
A-2021-07-188;45:00.0;DESPISTE;1;1;1;CUSCO;PARURO;YAURISQUE;RURAL;CARRETERA;DEPARTAMENTAL;CU-117;-13.657442;DESPEJADO;RURAL;SINUOSA;INCLINADA;TROCHA;NULL;NULL;NULL;NULL;EN PROCESO DE INVESTIGACIÓN;NO CUENTA CON CAUSA ESPECIFICA;CU-117;11/7/2021;-71.923325
A-2021-07-43;00:00.0;ATROPELLO;1;0;1;CALLAO;CALLAO;CALLAO;URBANA;CARRETERA;NACIONAL;PE-20;-11.994313;DESPEJADO;INDUSTRIAL;TRAMO RECTO;PLANA ;ASFALTADA;SI;INFORMATIVA (I);NULL;SI;IMPRUDENCIA DEL PEATÓN;ESTADO DE EBRIEDAD Y/O DROGADICCIÓN;Avenida Coronel Nestor Gambetta;11/7/2021;-77.125943
A-2021-07-304;30:00.0;CHOQUE;1;2;2;SAN MARTIN;SAN MARTIN;LA BANDA DE SHILCAYO;RURAL;CARRETERA;NACIONAL;PE-5N;-6.517511;DESPEJADO;RURAL;TRAMO RECTO;INCLINADA;ASFALTADA;NO;NULL;NULL;SI;IMPRUDENCIA DEL CONDUCTOR;CONDUCIR EN ESTADO DE EBRIEDAD Y/O DROGADICCIÓN;Vía de Evitamiento;12/7/2021;-76.361595
A-2021-07-297;50:00.0;CHOQUE;1;0;2;ANCASH;SANTA;NEPEÑA;RURAL;CARRETERA;NACIONAL;PE-1N;-9.234413;DESPEJADO;RURAL;TRAMO RECTO;PLANA ;ASFALTADA;NULL;NULL;NULL;NULL;EN PROCESO DE INVESTIGACIÓN;NO CUENTA CON CAUSA ESPECIFICA;Panamericana Norte;12/7/2021;-78.448564
A-2021-07-48;15:00.0;CHOQUE;4;6;2;AREQUIPA;CAYLLOMA;SAN ANTONIO DE CHUCA;RURAL;CARRETERA;NACIONAL;PE-34A;-15.758273;DESPEJADO;RURAL;TRAMO RECTO;INCLINADA;ASFALTADA;NO;NULL;NULL;SI;EN PROCESO DE INVESTIGACIÓN;NO CUENTA CON CAUSA ESPECIFICA;Vía Interoceánica Sur - Tramo 5;12/7/2021;-70.965986
A-2021-07-61;10:00.0;CHOQUE;1;0;4;ICA;ICA;SANTIAGO;RURAL;CARRETERA;NACIONAL;PE-1S;-14.215792;DESPEJADO;RURAL;CURVA;PLANA ;ASFALTADA;SI;PREVENTIVA (P);PREVENTIVA (P);SI;EN PROCESO DE INVESTIGACIÓN;NO CUENTA CON CAUSA ESPECIFICA;Carretera Panamericana Sur;12/7/2021;-75.709245
A-2021-07-81;45:00.0;CHOQUE;1;0;2;LA LIBERTAD;CHEPEN;CHEPEN;RURAL;CARRETERA;NACIONAL;PE-08;-7.320172;DESPEJADO;RURAL;TRAMO RECTO;PLANA ;ASFALTADA;NULL;NULL;NULL;NULL;IMPRUDENCIA DEL CONDUCTOR;NO ESTABLECER EL DERECHO DE PASO;LI-574;12/7/2021;-79.370243
A-2021-07-227;00:00.0;DESPISTE;2;2;1;AREQUIPA;CARAVELI;CHAPARRA;RURAL;CARRETERA;SIN CLASIFICAR;SIN CLASIFICAR;-15.75;DESPEJADO;RURAL;OTRO;INCLINADA;TROCHA;NULL;NULL;NULL;NULL;EN PROCESO DE INVESTIGACIÓN;NO CUENTA CON CAUSA ESPECIFICA;Minas Torrecillas;12/7/2021;-73.787
A-2021-07-158;00:00.0;DESPISTE;1;0;1;CUSCO;CALCA;CALCA;RURAL;CARRETERA;PROVINCIAL;CU-948;-13.24952;DESPEJADO;RURAL;TRAMO RECTO;PLANA ;ASFALTADA;SI;REGULADORA (R);REGULADORA (R);SI;IMPRUDENCIA DEL CONDUCTOR;EXCESO DE VELOCIDAD;Ankasmarka;12/7/2021;-71.89265
A-2021-07-83;40:00.0;DESPISTE;1;9;1;HUANCAVELICA;CASTROVIRREYNA;CASTROVIRREYNA;RURAL;CARRETERA;SIN CLASIFICAR;SIN CLASIFICAR;-13.2544;SOLEADO;RURAL;SINUOSA;INCLINADA;AFIRMADO;NULL;NULL;NULL;NULL;EN PROCESO DE INVESTIGACIÓN;NO CUENTA CON CAUSA ESPECIFICA;Pacococha;12/7/2021;-75.2749
A-2021-07-244;30:00.0;CHOQUE;1;0;0;LIMA;LIMA;LIMA;RURAL;AVENIDA;URBANO;NO CORRESPONDE;-12.058098;DESPEJADO;RESIDENCIAL;TRAMO RECTO;PLANA ;ASFALTADA;NULL;NULL;NULL;NULL;IMPRUDENCIA DEL CONDUCTOR;EXCESO DE VELOCIDAD;Jirón Antonio Bazo;12/7/2021;-77.015984
A-2021-07-74;30:00.0;CHOQUE;2;0;2;JUNIN;CHANCHAMAYO;PERENE;RURAL;CARRETERA;NACIONAL;PE-5S;-10.893807;NUBLADO;RURAL;TRAMO RECTO;PLANA ;ASFALTADA;NULL;NULL;NULL;NULL;EN PROCESO DE INVESTIGACIÓN;NO CUENTA CON CAUSA ESPECIFICA;Carretera Longitudinal de la Selva Sur;12/7/2021;-74.936676
A-2021-07-70;00:00.0;CHOQUE;2;4;2;CAJAMARCA;CAJAMARCA;MAGDALENA;RURAL;CARRETERA;NACIONAL;PE-08;-7.280169;DESPEJADO;RURAL;TRAMO RECTO;PLANA ;ASFALTADA;SI;PREVENTIVA (P);REGULADORA (R);SI;EN PROCESO DE INVESTIGACIÓN;NO CUENTA CON CAUSA ESPECIFICA;Carretera Ciudad de Dios - Cajamarca;12/7/2021;-78.588818
A-2021-07-245;00:00.0;ATROPELLO;2;0;0;LIMA;LIMA;ATE;URBANA;AVENIDA;URBANO;NO CORRESPONDE;-12.019704;DESPEJADO;COMERCIAL;TRAMO RECTO;PLANA ;ASFALTADA;NULL;NULL;NULL;NULL;IMPRUDENCIA DEL PEATÓN;USO DE DISPOSITIVOS MÓVILES Y/O ELECTRÓNICOS;Avenida Nicolás de Ayllón;12/7/2021;-76.900789
A-2021-07-103;50:00.0;ATROPELLO FUGA;1;0;0;LAMBAYEQUE;CHICLAYO;PIMENTEL;RURAL;CARRETERA;NACIONAL;PE-1N;-6.743202;DESPEJADO;INDUSTRIAL;TRAMO RECTO;PLANA ;ASFALTADA;NULL;NULL;NULL;NULL;EN PROCESO DE INVESTIGACIÓN;NO CUENTA CON CAUSA ESPECIFICA;Panamericana Norte;12/7/2021;-79.875659
A-2021-07-228;10:00.0;DESPISTE;1;0;1;APURIMAC;ANTABAMBA;HUAQUIRCA;RURAL;CARRETERA;DEPARTAMENTAL;AP-110;-14.338655;DESPEJADO;RURAL;CURVA;INCLINADA;TROCHA;NULL;NULL;NULL;NULL;NEGLIGENCIA DEL CONDUCTOR;OTRO (NEGLIGENCIA DEL CONDUCTOR);AP-110;13/7/2021;-72.901388
A-2021-07-246;30:00.0;ATROPELLO;1;0;NULL;LIMA;LIMA;LIMA;URBANA;AVENIDA;URBANO;NO CORRESPONDE;-12.05899;DESPEJADO;RESIDENCIAL;TRAMO RECTO;PLANA ;ASFALTADA;NO;NULL;NULL;NO;IMPRUDENCIA DEL CONDUCTOR;EXCESO DE VELOCIDAD;Avenida República de Venezuela;13/7/2021;-77.071171
A-2021-07-51;40:00.0;CHOQUE;1;0;2;PUNO;CHUCUITO;POMATA;RURAL;CARRETERA;NACIONAL;PE-3S;-16.314404;DESPEJADO;RURAL;TRAMO RECTO;PLANA ;ASFALTADA;NULL;NULL;NULL;NULL;IMPRUDENCIA DEL CONDUCTOR;GIRAR IMPRUDENTEMENTE;Carretera Longitudinal de la Sierra Sur;13/7/2021;-69.264947
A-2021-07-179;00:00.0;ESPECIAL;1;0;0;HUANCAVELICA;HUAYTARA;SANTIAGO DE QUIRAHUARA;RURAL;CARRETERA;DEPARTAMENTAL;HV-121;-14.054858;DESPEJADO;RURAL;SINUOSA;INCLINADA;TROCHA;NULL;NULL;NULL;NULL;EN PROCESO DE INVESTIGACIÓN;NO CUENTA CON CAUSA ESPECIFICA;HV-121;13/7/2021;-74.978859
A-2021-07-105;10:00.0;CHOQUE;1;0;2;UCAYALI;CORONEL PORTILLO;MANANTAY;URBANA;JIRÓN;URBANO;NO CORRESPONDE;-8.399638;DESPEJADO;RURAL;INTERSECCIÓN;INCLINADA;CONCRETO;NO;NULL;NULL;NO;IMPRUDENCIA DEL CONDUCTOR;OTRO (IMPRUDENCIA DEL CONDUCTOR);Área Metropolitana de Pucallpa;13/7/2021;-74.53478
A-2021-07-110;30:00.0;ESPECIAL;1;0;0;APURIMAC;CHINCHEROS;HUACCANA;URBANA;CARRETERA;PROVINCIAL;AP-514;-13.33448;DESPEJADO;RURAL;TRAMO RECTO;PLANA ;AFIRMADO;NULL;NULL;NULL;NULL;IMPRUDENCIA DEL CONDUCTOR;NO DAR PASO PREFERENTE AL PEATÓN;Avenida Perú;14/7/2021;-73.737493
A-2021-07-210;00:00.0;DESPISTE;1;0;1;LAMBAYEQUE;LAMBAYEQUE;MOTUPE;RURAL;CARRETERA;NACIONAL;PE-1NJ;-6.017675;DESPEJADO;RURAL;TRAMO RECTO;PLANA ;ASFALTADA;SI;PREVENTIVA (P);PREVENTIVA (P);SI;IMPRUDENCIA DEL CONDUCTOR;EXCESO DE VELOCIDAD;Carretera Lambayegue - Olmos;14/7/2021;-79.684948
A-2021-07-92;40:00.0;ATROPELLO;1;0;1;LA LIBERTAD;VIRU;VIRU;RURAL;CALLE;URBANO;NO CORRESPONDE;-8.446464;DESPEJADO;RURAL;INTERSECCIÓN;PLANA ;TROCHA;NULL;NULL;NULL;NULL;IMPRUDENCIA DEL CONDUCTOR;OTRO (IMPRUDENCIA DEL CONDUCTOR);San José;14/7/2021;-78.737754
A-2021-07-85;58:00.0;DESPISTE;2;0;1;CAJAMARCA;CAJAMARCA;LOS BAÑOS DEL INCA;RURAL;CARRETERA;PROVINCIAL;CA-1143;-7.092547;DESPEJADO;RURAL;OTRO;INCLINADA;AFIRMADO;SI;INFORMATIVA (I);NULL;NO;IMPERICIA DEL CONDUCTOR;NULL;Cajamarca;14/7/2021;-78.521681
A-2021-07-71;20:00.0;ATROPELLO FUGA;1;0;NULL;CALLAO;CALLAO;VENTANILLA;URBANA;CARRETERA;NACIONAL;PE-20;-11.916421;DESPEJADO;INDUSTRIAL;OTRO;INCLINADA;ASFALTADA;SI;INFORMATIVA (I);NULL;SI;EN PROCESO DE INVESTIGACIÓN;NO CUENTA CON CAUSA ESPECIFICA;Avenida Coronel Nestor Gambetta;14/7/2021;-77.128914
A-2021-07-247;35:00.0;ATROPELLO;1;0;NULL;LIMA;LIMA;SANTA ANITA;URBANA;AVENIDA;URBANO;NO CORRESPONDE;-12.053241;DESPEJADO;COMERCIAL;INTERSECCIÓN;PLANA ;ASFALTADA;NO;NULL;NULL;NO;IMPRUDENCIA DEL CONDUCTOR;NO DAR PASO PREFERENTE AL PEATÓN;Golondrinas;14/7/2021;-76.963232
A-2021-07-147;00:00.0;ATROPELLO FUGA;1;0;NULL;LIMA;HUAURA;HUACHO;RURAL;CARRETERA;NACIONAL;PE-1N;-11.159256;NULL;NULL;NULL;NULL;NULL;NULL;NULL;NULL;NULL;EN PROCESO DE INVESTIGACIÓN;NO CUENTA CON CAUSA ESPECIFICA;Carretera Panamericana Norte;14/7/2021;-77.591995
A-2021-07-248;30:00.0;ATROPELLO;1;0;0;LIMA;LIMA;SAN MARTIN DE PORRES;URBANA;CARRETERA;NACIONAL;PE-1N;-12.018493;DESPEJADO;COMERCIAL;TRAMO RECTO;PLANA ;ASFALTADA;NULL;NULL;NULL;NULL;EN PROCESO DE INVESTIGACIÓN;NO CUENTA CON CAUSA ESPECIFICA;Carretera Panamericana Norte;15/7/2021;-77.059711
A-2021-07-298;45:00.0;CHOQUE;1;0;2;ANCASH;SANTA;NEPEÑA;RURAL;CARRETERA;DEPARTAMENTAL;AN-104;-9.157355;DESPEJADO;RURAL;TRAMO RECTO;PLANA ;ASFALTADA;NULL;NULL;NULL;NULL;IMPRUDENCIA DEL CONDUCTOR;EXCESO DE VELOCIDAD;Carretera Samanco - Caraz;15/7/2021;-78.302018
A-2021-07-79;00:00.0;CHOQUE;1;0;1;PUNO;YUNGUYO;COPANI;RURAL;CARRETERA;DEPARTAMENTAL;PU-130;-16.362011;DESPEJADO;RURAL;TRAMO RECTO;PLANA ;ASFALTADA;NULL;NULL;NULL;NULL;IMPRUDENCIA DEL CONDUCTOR;GIRAR IMPRUDENTEMENTE;PU-130;15/7/2021;-69.042913
A-2021-07-106;10:00.0;DESPISTE;1;1;1;SAN MARTIN;RIOJA;RIOJA;RURAL;CARRETERA;NACIONAL;PE-5N;-6.031427;DESPEJADO;RURAL;TRAMO RECTO;PLANA ;ASFALTADA;NULL;NULL;NULL;NULL;NEGLIGENCIA DEL CONDUCTOR;OTRO (NEGLIGENCIA DEL CONDUCTOR);Carretera Presidente Fernando Belaúnde Terry;15/7/2021;-77.206819
A-2021-07-94;20:00.0;CHOQUE;1;0;2;LA LIBERTAD;TRUJILLO;TRUJILLO;URBANA;CARRETERA;PROVINCIAL;LI-733;-8.104748;DESPEJADO;RESIDENCIAL;INTERSECCIÓN;PLANA ;ASFALTADA;NULL;NULL;NULL;NULL;IMPRUDENCIA DEL CONDUCTOR;CONDUCIR EN SENTIDO CONTRARIO;Avenida Perú;15/7/2021;-79.019586
A-2021-07-250;30:00.0;CHOQUE;1;0;0;LIMA;LIMA;SAN MARTIN DE PORRES;URBANA;AVENIDA;URBANO;NO CORRESPONDE;-12.029194;DESPEJADO;ESCOLAR;INTERSECCIÓN;PLANA ;ASFALTADA;NULL;NULL;NULL;NULL;IMPRUDENCIA DEL CONDUCTOR;EXCESO DE VELOCIDAD;Avenida Lima;16/7/2021;-77.076803
A-2021-07-108;00:00.0;CHOQUE;1;0;NULL;MADRE DE DIOS;TAMBOPATA;TAMBOPATA;URBANA;JIRÓN;URBANO;NO CORRESPONDE;-12.586209;NULL;NULL;NULL;NULL;NULL;NULL;NULL;NULL;NULL;EN PROCESO DE INVESTIGACIÓN;NO CUENTA CON CAUSA ESPECIFICA;Pedro de Miguel;16/7/2021;-69.19293
A-2021-07-237;45:00.0;ATROPELLO;1;0;1;PIURA;AYABACA;PAIMAS;RURAL;CARRETERA;NACIONAL;PE-1NT;-4.624891;DESPEJADO;RURAL;TRAMO RECTO;INCLINADA;ASFALTADA;SI;PREVENTIVA (P);NULL;SI;EN PROCESO DE INVESTIGACIÓN;NO CUENTA CON CAUSA ESPECIFICA;PE-1NT;16/7/2021;-79.95899