CÓDIGO SINIESTRO;HORA SINIESTRO;CLASE SINIESTRO;CANTIDAD DE FALLECIDOS;CANTIDAD DE LESIONADOS;CANTIDAD DE VEHICULOS DAÑADOS;DEPARTAMENTO;PROVINCIA;DISTRITO;ZONA;TIPO DE VÍA;RED VIAL;COD CARRETERA;COORDENADAS LATITUD;CONDICIÓN CLIMÁTICA;ZONIFICACIÓN;CARACTERÍSTICAS DE VÍA;PERFIL LONGITUDINAL VÍA;SUPERFICIE DE CALZADA;¿EXISTE SEÑAL VERTICAL?;CLASIFICACIÓN DE LA SEÑAL VERTICAL Nº 1;CLASIFICACIÓN DE LA SEÑAL VERTICAL Nº 2;¿EXISTE SEÑAL HORIZONTAL?;CAUSA FACTOR PRINCIPAL;CAUSA ESPECÍFICA;UBICACION;FECHA SINIESTRO;COORDENADAS LONGITUD
A-2021-07-93;55:00.0;ATROPELLO;1;0;1;AREQUIPA;AREQUIPA;SACHACA;URBANA;CARRETERA;DEPARTAMENTAL;AR-115;-16.439212;DESPEJADO;COMERCIAL;TRAMO RECTO;PLANA ;ASFALTADA;NO;NULL;NULL;SI;EN PROCESO DE INVESTIGACIÓN;NO CUENTA CON CAUSA ESPECIFICA;Avenida Arancota;16/7/2021;-71.571189
A-2021-07-96;15:00.0;ATROPELLO FUGA;1;0;0;CALLAO;CALLAO;CALLAO;URBANA;CARRETERA;NACIONAL;PE-20;-11.988772;DESPEJADO;RESIDENCIAL;TRAMO RECTO;PLANA ;TROCHA;NULL;NULL;NULL;NULL;EN PROCESO DE INVESTIGACIÓN;NO CUENTA CON CAUSA ESPECIFICA;Avenida Coronel Nestor Gambetta;16/7/2021;-77.125418
A-2021-07-253;20:00.0;DESPISTE;1;1;0;LIMA;LIMA;VILLA EL SALVADOR;URBANA;AVENIDA;URBANO;NO CORRESPONDE;-12.216319;DESPEJADO;RESIDENCIAL;INTERSECCIÓN;PLANA ;ASFALTADA;NULL;NULL;NULL;NULL;IMPRUDENCIA DEL CONDUCTOR;EXCESO DE VELOCIDAD;Avenida El Sol;17/7/2021;-76.968185
A-2021-07-111;30:00.0;DESPISTE;1;0;1;HUANCAVELICA;HUAYTARA;PILPICHACA;RURAL;CARRETERA;NACIONAL;PE-28A;-13.452167;NUBLADO;RURAL;CURVA;INCLINADA;ASFALTADA;SI;PREVENTIVA (P);NULL;SI;EN PROCESO DE INVESTIGACIÓN;NO CUENTA CON CAUSA ESPECIFICA;Vía de los Libertadores;17/7/2021;-74.997399
A-2021-07-305;30:00.0;CHOQUE;1;0;2;SAN MARTIN;LAMAS;TABALOSOS;RURAL;CARRETERA;NACIONAL;PE-5N;-6.315814;DESPEJADO;RURAL;CURVA;INCLINADA;ASFALTADA;NO;NULL;NULL;SI;IMPRUDENCIA DEL CONDUCTOR;EXCESO DE VELOCIDAD;Carretera Presidente Fernando Belaúnde Terry;17/7/2021;-76.706858
A-2021-07-274;00:00.0;ATROPELLO FUGA;1;0;NULL;CALLAO;CALLAO;CALLAO;URBANA;CARRETERA;NACIONAL;PE-20;-12.001538;DESPEJADO;INDUSTRIAL;TRAMO RECTO;PLANA ;ASFALTADA;NULL;NULL;NULL;NULL;IMPRUDENCIA DEL CONDUCTOR;CONDUCIR EN ESTADO DE EBRIEDAD Y/O DROGADICCIÓN;Avenida Coronel Nestor Gambetta;17/7/2021;-77.126829
A-2021-07-99;10:00.0;CHOQUE CON OBJETO FIJO;1;0;1;LORETO;MAYNAS;IQUITOS;URBANA;AVENIDA;URBANO;NO CORRESPONDE;-3.748307;DESPEJADO;COMERCIAL;TRAMO RECTO;PLANA ;ASFALTADA;NULL;NULL;NULL;NULL;EN PROCESO DE INVESTIGACIÓN;NO CUENTA CON CAUSA ESPECIFICA;Iquitos;18/7/2021;-73.258923
A-2021-07-199;30:00.0;ATROPELLO;1;0;1;LIMA;HUAURA;HUACHO;URBANA;CARRETERA;NACIONAL;PE-1N;-11.119982;DESPEJADO;RURAL;INTERSECCIÓN;PLANA ;ASFALTADA;SI;REGULADORA (R);INFORMATIVA (I);NO;IMPRUDENCIA DEL PEATÓN;CRUCE INDEBIDO POR LA CALZADA;Carretera Panamericana Norte;18/7/2021;-77.594021
A-2021-07-91;30:00.0;ATROPELLO;1;0;1;TACNA;TACNA;SAMA;RURAL;CARRETERA;NACIONAL;PE-1S;-17.876742;DESPEJADO;RURAL;TRAMO RECTO;PLANA ;ASFALTADA;NULL;NULL;NULL;NULL;IMPRUDENCIA DEL PEATÓN;OTRO (IMPRUDENCIA DEL PEATÓN);Carretera Panamericana Sur;18/7/2021;-70.451452
A-2021-07-224;30:00.0;DESPISTE;1;4;1;JUNIN;HUANCAYO;HUANCAYO;RURAL;CARRETERA;DEPARTAMENTAL;JU-108;-11.95518;DESPEJADO;RURAL;OTRO;PLANA ;AFIRMADO;SI;PREVENTIVA (P);NULL;NO;IMPRUDENCIA DEL CONDUCTOR;GIRAR IMPRUDENTEMENTE;JU-108;18/7/2021;-75.04378
A-2021-07-95;35:00.0;DESPISTE;1;0;1;AREQUIPA;CAYLLOMA;SIBAYO;RURAL;CARRETERA;PROVINCIAL;AR-683;-15.50927;DESPEJADO;RURAL;CURVA;INCLINADA;TROCHA;NULL;NULL;NULL;NULL;EN PROCESO DE INVESTIGACIÓN;NO CUENTA CON CAUSA ESPECIFICA;AR-683;18/7/2021;-71.49057
A-2021-07-238;31:00.0;CHOQUE;1;0;1;PIURA;TALARA;EL ALTO;RURAL;CARRETERA;NACIONAL;PE-1N;-4.228173;DESPEJADO;RURAL;SINUOSA;INCLINADA;ASFALTADA;SI;PREVENTIVA (P);NULL;SI;EN PROCESO DE INVESTIGACIÓN;NO CUENTA CON CAUSA ESPECIFICA;Carretera Panamericana Norte;18/7/2021;-81.172872
A-2021-07-222;20:00.0;CHOQUE;1;2;2;LIMA;BARRANCA;BARRANCA;RURAL;CARRETERA;DEPARTAMENTAL;LM-100;-10.730304;DESPEJADO;RURAL;CURVA;PLANA ;ASFALTADA;NULL;NULL;NULL;NULL;EN PROCESO DE INVESTIGACIÓN;NO CUENTA CON CAUSA ESPECIFICA;Antigua Panamericana Norte;18/7/2021;-77.777651
A-2021-07-155;00:00.0;DESPISTE;1;0;1;LA LIBERTAD;SANTIAGO DE CHUCO;SANTIAGO DE CHUCO;RURAL;CARRETERA;DEPARTAMENTAL;LI-122;-8.152446;DESPEJADO;RURAL;TRAMO RECTO;PLANA ;AFIRMADO;NULL;NULL;NULL;NULL;IMPRUDENCIA DEL CONDUCTOR;OTRO (IMPRUDENCIA DEL CONDUCTOR);LI-122;18/7/2021;-78.172287
A-2021-07-299;40:00.0;ATROPELLO FUGA;1;0;NULL;ANCASH;HUARMEY;HUARMEY;RURAL;CARRETERA;DEPARTAMENTAL;AN-109;-9.99487;DESPEJADO;RURAL;CURVA;INCLINADA;ASFALTADA;NULL;NULL;NULL;NULL;EN PROCESO DE INVESTIGACIÓN;NO CUENTA CON CAUSA ESPECIFICA;Carretera Huarmey - Recuay;18/7/2021;-77.874728
A-2021-07-112;00:00.0;DESPISTE;1;0;1;CAJAMARCA;SANTA CRUZ;UTICYACU;RURAL;CARRETERA;SIN CLASIFICAR;SIN CLASIFICAR;-6.609316;DESPEJADO;RURAL;CURVA;INCLINADA;ASFALTADA;NULL;NULL;NULL;NULL;NEGLIGENCIA DEL CONDUCTOR;CONDUCIR CON FALLAS DE FRENOS;Uticyacu;18/7/2021;-78.772981
A-2021-07-254;00:00.0;CHOQUE;1;0;0;LIMA;LIMA;CARABAYLLO;URBANA;AVENIDA;URBANO;NO CORRESPONDE;-11.749137;DESPEJADO;RESIDENCIAL;TRAMO RECTO;PLANA ;ASFALTADA;NULL;NULL;NULL;NULL;IMPRUDENCIA DEL CONDUCTOR;EXCESO DE VELOCIDAD;Avenida Túpac Amaru;18/7/2021;-76.96752
A-2021-07-148;20:00.0;CHOQUE FUGA;1;1;NULL;LIMA;HUAURA;VEGUETA;RURAL;CARRETERA;NACIONAL;PE-1N;-10.927066;NULL;NULL;NULL;NULL;NULL;NULL;NULL;NULL;NULL;EN PROCESO DE INVESTIGACIÓN;NO CUENTA CON CAUSA ESPECIFICA;Carretera Panamericana Norte;18/7/2021;-77.651867
A-2021-07-101;00:00.0;ATROPELLO FUGA;1;0;0;AREQUIPA;AREQUIPA;CERRO COLORADO;URBANA;CARRETERA;NACIONAL;PE-34A;-16.31229;DESPEJADO;COMERCIAL;TRAMO RECTO;INCLINADA;ASFALTADA;NO;NULL;NULL;SI;EN PROCESO DE INVESTIGACIÓN;NO CUENTA CON CAUSA ESPECIFICA;Vía Interoceánica Sur - Tramo 5;18/7/2021;-71.60976
A-2021-07-109;40:00.0;DESPISTE;1;1;1;CAJAMARCA;CAJAMARCA;CAJAMARCA;URBANA;CARRETERA;NACIONAL;PE-08B;-7.165366;DESPEJADO;ESCOLAR;TRAMO RECTO;PLANA ;ASFALTADA;NULL;NULL;NULL;NULL;IMPRUDENCIA DEL CONDUCTOR;CONDUCIR EN ESTADO DE EBRIEDAD Y/O DROGADICCIÓN;PE-08B;19/7/2021;-78.490354
A-2021-07-285;00:00.0;ATROPELLO FUGA;1;0;NULL;HUANUCO;AMBO;CONCHAMARCA;RURAL;CARRETERA;NACIONAL;PE-3N;-10.076634;DESPEJADO;RURAL;TRAMO RECTO;PLANA ;ASFALTADA;NULL;NULL;NULL;NULL;EN PROCESO DE INVESTIGACIÓN;NO CUENTA CON CAUSA ESPECIFICA;Conchamarca;19/7/2021;-76.218674
A-2021-07-153;35:00.0;CHOQUE;1;1;3;LA LIBERTAD;PACASMAYO;PACASMAYO;RURAL;CARRETERA;NACIONAL;PE-1N;-7.414561;DESPEJADO;RURAL;TRAMO RECTO;PLANA ;ASFALTADA;NULL;NULL;NULL;NULL;IMPRUDENCIA DEL CONDUCTOR;ADELANTAR INDEBIDAMENTE;Panamericana Norte;19/7/2021;-79.549833
A-2021-07-294;00:00.0;CAÍDA DE PASAJERO;1;0;NULL;CALLAO;CALLAO;CALLAO;URBANA;CARRETERA;NACIONAL;PE-20;-11.944258;DESPEJADO;INDUSTRIAL;TRAMO RECTO;PLANA ;ASFALTADA;SI;INFORMATIVA (I);NULL;SI;IMPRUDENCIA DEL CONDUCTOR;FRENAR INTEMPESTIVAMENTE;Avenida Coronel Nestor Gambetta;19/7/2021;-77.131351
A-2021-07-300;30:00.0;CHOQUE;1;0;2;ANCASH;SANTA;CHIMBOTE;RURAL;CARRETERA;NACIONAL;PE-12;-8.658783;DESPEJADO;RURAL;CURVA;INCLINADA;ASFALTADA;NULL;NULL;NULL;NULL;EN PROCESO DE INVESTIGACIÓN;NO CUENTA CON CAUSA ESPECIFICA;PE-12;19/7/2021;-78.260017
A-2021-07-195;00:00.0;ATROPELLO;1;0;1;MOQUEGUA;ILO;ILO;URBANA;CARRETERA;NACIONAL;PE-1SD;-17.674146;DESPEJADO;COMERCIAL;TRAMO RECTO;INCLINADA;ASFALTADA;SI;REGULADORA (R);PREVENTIVA (P);NO;IMPRUDENCIA DEL CONDUCTOR;OTRO (IMPRUDENCIA DEL CONDUCTOR);Carretera Costanera Sur;19/7/2021;-71.362063
A-2021-07-286;00:00.0;DESPISTE;1;0;1;HUANUCO;HUANUCO;QUISQUI (KICHKI);RURAL;CARRETERA;DEPARTAMENTAL;HU-111;-9.925061;DESPEJADO;RURAL;CURVA;INCLINADA;AFIRMADO;NULL;NULL;NULL;NULL;IMPRUDENCIA DEL CONDUCTOR;OTRO (IMPRUDENCIA DEL CONDUCTOR);HU-111;19/7/2021;-76.36229
A-2021-07-255;30:00.0;ATROPELLO;1;0;0;LIMA;LIMA;INDEPENDENCIA;URBANA;AVENIDA;URBANO;NO CORRESPONDE;-11.988854;DESPEJADO;RESIDENCIAL;INTERSECCIÓN;PLANA ;ASFALTADA;NULL;NULL;NULL;NULL;NEGLIGENCIA DEL CONDUCTOR;OTRO (NEGLIGENCIA DEL CONDUCTOR);Avenida Túpac Amaru;21/7/2021;-77.056784
A-2021-07-256;00:00.0;CHOQUE;2;0;0;LIMA;LIMA;SAN MARTIN DE PORRES;URBANA;CARRETERA;NACIONAL;PE-20B;-11.9966;DESPEJADO;RESIDENCIAL;TRAMO RECTO;PLANA ;ASFALTADA;NULL;NULL;NULL;NULL;IMPRUDENCIA DEL CONDUCTOR;EXCESO DE VELOCIDAD;Avenida Canta Callao;21/7/2021;-77.112638
A-2021-07-137;15:00.0;CHOQUE;1;0;2;AREQUIPA;CAYLLOMA;MAJES;URBANA;CARRETERA;PROVINCIAL;AR-735;-16.363263;DESPEJADO;RESIDENCIAL;INTERSECCIÓN;INCLINADA;ASFALTADA;NULL;NULL;NULL;NULL;EN PROCESO DE INVESTIGACIÓN;NO CUENTA CON CAUSA ESPECIFICA;Avenida 3 de Octubre;21/7/2021;-72.189735
A-2021-07-275;50:00.0;ATROPELLO;1;0;1;CALLAO;CALLAO;CALLAO;URBANA;CARRETERA;NACIONAL;PE-20;-12.044609;DESPEJADO;INDUSTRIAL;TRAMO RECTO;PLANA ;ASFALTADA;SI;INFORMATIVA (I);NULL;SI;IMPRUDENCIA DEL PEATÓN;CRUCE INDEBIDO POR LA CALZADA;Avenida Coronel Nestor Gambetta;22/7/2021;-77.126555
A-2021-07-159;00:00.0;DESPISTE;1;0;1;CUSCO;QUISPICANCHI;MARCAPATA;RURAL;CARRETERA;NACIONAL;PE-30C;-13.60481;DESPEJADO;RURAL;TRAMO RECTO;PLANA ;ASFALTADA;SI;REGULADORA (R);REGULADORA (R);SI;IMPRUDENCIA DEL CONDUCTOR;FATIGA Y/O CANSANCIO;Interoceánica Sur;22/7/2021;-71.05254
A-2021-07-125;25:00.0;CHOQUE;1;0;2;PIURA;SECHURA;SECHURA;RURAL;CARRETERA;NACIONAL;PE-1NK;-5.514956;DESPEJADO;RURAL;TRAMO RECTO;PLANA ;ASFALTADA;SI;INFORMATIVA (I);INFORMATIVA (I);SI;EN PROCESO DE INVESTIGACIÓN;NO CUENTA CON CAUSA ESPECIFICA;Carretera Piura - Sechura;22/7/2021;-80.818022
A-2021-07-257;30:00.0;ATROPELLO;1;0;0;LIMA;LIMA;ATE;URBANA;AVENIDA;URBANO;NO CORRESPONDE;-12.033012;DESPEJADO;RESIDENCIAL;INTERSECCIÓN;PLANA ;ASFALTADA;NULL;NULL;NULL;NULL;IMPRUDENCIA DEL CONDUCTOR;EXCESO DE VELOCIDAD;Avenida Metropolitana;22/7/2021;-76.938375
A-2021-07-249;30:00.0;DESPISTE;1;0;NULL;PASCO;PASCO;HUARIACA;RURAL;CARRETERA;PROVINCIAL;PA-545;-10.440224;NULL;NULL;NULL;NULL;NULL;NULL;NULL;NULL;NULL;EN PROCESO DE INVESTIGACIÓN;NO CUENTA CON CAUSA ESPECIFICA;Huariaca;22/7/2021;-76.196097
A-2021-07-266;15:00.0;CHOQUE;1;1;2;LIMA;BARRANCA;PATIVILCA;RURAL;CARRETERA;NACIONAL;PE-16A;-10.67956;NUBLADO;RURAL;TRAMO RECTO;PLANA ;ASFALTADA;NULL;NULL;NULL;NULL;EN PROCESO DE INVESTIGACIÓN;NO CUENTA CON CAUSA ESPECIFICA;Carretera Barranca - Ocros;22/7/2021;-77.71634
A-2021-07-307;00:00.0;DESPISTE;1;1;1;AREQUIPA;CAMANA;SAMUEL PASTOR;RURAL;CARRETERA;NACIONAL;PE-1S;-16.658507;DESPEJADO;RURAL;OTRO;INCLINADA;ASFALTADA;NULL;NULL;NULL;NULL;EN PROCESO DE INVESTIGACIÓN;NO CUENTA CON CAUSA ESPECIFICA;Panamericana Sur;22/7/2021;-72.627547
A-2021-07-184;40:00.0;DESPISTE;1;0;1;UCAYALI;CORONEL PORTILLO;CALLERIA;URBANA;JIRÓN;URBANO;NO CORRESPONDE;-8.378404;DESPEJADO;COMERCIAL;TRAMO RECTO;PLANA ;CONCRETO;NO;NULL;NULL;SI;IMPRUDENCIA DEL CONDUCTOR;CONDUCIR EN ESTADO DE EBRIEDAD Y/O DROGADICCIÓN;Guillermo Sisley;23/7/2021;-74.53824
A-2021-07-156;10:00.0;ATROPELLO;1;1;1;LA LIBERTAD;CHEPEN;PACANGA;RURAL;CARRETERA;NACIONAL;PE-1N;-7.17782;DESPEJADO;COMERCIAL;TRAMO RECTO;PLANA ;ASFALTADA;NULL;NULL;NULL;NULL;IMPRUDENCIA DEL CONDUCTOR;OTRO (IMPRUDENCIA DEL CONDUCTOR);Carretera Panamericana Norte;24/7/2021;-79.437801
A-2021-07-258;10:00.0;DESPISTE;1;0;0;LIMA;LIMA;SAN JUAN DE MIRAFLORES;URBANA;CARRETERA;NACIONAL;PE-1S;-12.161923;DESPEJADO;RESIDENCIAL;TRAMO RECTO;PLANA ;ASFALTADA;NULL;NULL;NULL;NULL;IMPRUDENCIA DEL CONDUCTOR;EXCESO DE VELOCIDAD;Calle A;24/7/2021;-76.98217
A-2021-07-157;00:00.0;DESPISTE;2;0;1;LA LIBERTAD;SANCHEZ CARRION;HUAMACHUCO;RURAL;CARRETERA;NACIONAL;PE-3N;-7.879601;DESPEJADO;RURAL;TRAMO RECTO;PLANA ;ASFALTADA;NULL;NULL;NULL;NULL;IMPRUDENCIA DEL CONDUCTOR;GIRAR IMPRUDENTEMENTE;Carretera Longitudinal de la Sierra Norte;24/7/2021;-78.115746
A-2021-07-259;10:00.0;CHOQUE;1;1;0;LIMA;LIMA;CARABAYLLO;URBANA;CARRETERA;NACIONAL;PE-20A;-11.76972;DESPEJADO;RURAL;TRAMO RECTO;PLANA ;ASFALTADA;NULL;NULL;NULL;NULL;IMPRUDENCIA DEL CONDUCTOR;EXCESO DE VELOCIDAD;Avenida Túpac Amaru;24/7/2021;-76.977699
A-2021-07-138;40:00.0;CHOQUE;1;0;2;AREQUIPA;AREQUIPA;LA JOYA;RURAL;CARRETERA;NACIONAL;PE-1S;-16.490095;DESPEJADO;RURAL;CURVA;INCLINADA;ASFALTADA;NO;NULL;NULL;SI;EN PROCESO DE INVESTIGACIÓN;NO CUENTA CON CAUSA ESPECIFICA;Carretera Panamericana Sur;24/7/2021;-71.878577
A-2021-07-123;30:00.0;ATROPELLO FUGA;1;0;0;PUNO;YUNGUYO;YUNGUYO;RURAL;CARRETERA;DEPARTAMENTAL;PU-151;-16.250497;DESPEJADO;RURAL;TRAMO RECTO;PLANA ;ASFALTADA;NO;NULL;NULL;SI;EN PROCESO DE INVESTIGACIÓN;NO CUENTA CON CAUSA ESPECIFICA;PU-1310;24/7/2021;-69.062884
A-2021-07-124;00:00.0;ATROPELLO;1;0;0;CALLAO;CALLAO;CALLAO;URBANA;AVENIDA;URBANO;NO CORRESPONDE;-11.989218;DESPEJADO;RESIDENCIAL;TRAMO RECTO;PLANA ;ASFALTADA;NULL;NULL;NULL;NULL;IMPRUDENCIA DEL PEATÓN;ESTADO DE EBRIEDAD Y/O DROGADICCIÓN;Avenida Oquendo;24/7/2021;-77.133276
A-2021-07-225;00:00.0;CHOQUE;1;0;2;JUNIN;JUNIN;JUNIN;RURAL;CARRETERA;NACIONAL;PE-3N;-11.133637;DESPEJADO;RURAL;PASE A DESNIVEL;PLANA ;CONCRETO;NULL;NULL;NULL;NULL;IMPRUDENCIA DEL CONDUCTOR;OTRO (IMPRUDENCIA DEL CONDUCTOR);Carretera Longitudinal de la Sierra Norte;25/7/2021;-75.991793
A-2021-07-131;15:00.0;CHOQUE;1;1;2;TACNA;TACNA;CIUDAD NUEVA;RURAL;CARRETERA;NACIONAL;PE-38;-17.912879;NIEBLA;RURAL;TRAMO RECTO;PLANA ;ASFALTADA;NULL;NULL;NULL;NULL;IMPRUDENCIA DEL CONDUCTOR;INVASIÓN DE CARRIL;Carretera Tacna - Tarata;25/7/2021;-70.25429
A-2021-07-139;45:00.0;ATROPELLO;1;0;0;AREQUIPA;AREQUIPA;CERRO COLORADO;URBANA;CALLE;URBANO;NO CORRESPONDE;-16.324676;DESPEJADO;RESIDENCIAL;TRAMO RECTO;PLANA ;ASFALTADA;NULL;NULL;NULL;NULL;EN PROCESO DE INVESTIGACIÓN;NO CUENTA CON CAUSA ESPECIFICA;Cerro Colorado;25/7/2021;-71.610712
A-2021-07-204;00:00.0;VOLCADURA;1;0;1;CAJAMARCA;SANTA CRUZ;CATACHE;RURAL;CARRETERA;SIN CLASIFICAR;SIN CLASIFICAR;-6.737838;DESPEJADO;RURAL;CURVA;INCLINADA;AFIRMADO;NULL;NULL;NULL;NULL;EN PROCESO DE INVESTIGACIÓN;NO CUENTA CON CAUSA ESPECIFICA;Catache;25/7/2021;-79.071247
A-2021-07-143;30:00.0;DESPISTE;1;1;1;HUANCAVELICA;CASTROVIRREYNA;CAPILLAS;RURAL;CARRETERA;NACIONAL;PE-26;-13.36776;DESPEJADO;RURAL;SINUOSA;INCLINADA;ASFALTADA;NULL;PREVENTIVA (P);NULL;NULL;EN PROCESO DE INVESTIGACIÓN;NO CUENTA CON CAUSA ESPECIFICA;Carretera Chincha - Huancavelica;25/7/2021;-75.753572
A-2021-07-150;20:00.0;ATROPELLO FUGA;1;0;NULL;LIMA;HUARAL;HUARAL;RURAL;CARRETERA;PROVINCIAL;LM-678;-11.464279;NULL;NULL;NULL;NULL;NULL;NULL;NULL;NULL;NULL;EN PROCESO DE INVESTIGACIÓN;NO CUENTA CON CAUSA ESPECIFICA;LM-678;25/7/2021;-77.14083
A-2021-07-187;00:00.0;CHOQUE;1;4;2;PUNO;SAN ROMAN;CARACOTO;RURAL;CARRETERA;NACIONAL;PE-3S;-15.542888;SOLEADO;RURAL;TRAMO RECTO;PLANA ;ASFALTADA;NULL;NULL;NULL;NULL;IMPRUDENCIA DEL CONDUCTOR;EXCESO DE VELOCIDAD;Carretera Longitudinal de la Sierra Sur;25/7/2021;-70.111731
A-2021-07-287;00:00.0;DESPISTE;2;1;1;HUANUCO;HUANUCO;HUANUCO;RURAL;CARRETERA;DEPARTAMENTAL;HU-108;-9.865217;DESPEJADO;RURAL;CURVA;INCLINADA;AFIRMADO;NULL;NULL;NULL;NULL;IMPRUDENCIA DEL CONDUCTOR;FATIGA Y/O CANSANCIO;HU-108;26/7/2021;-76.18641
A-2021-07-260;00:00.0;ATROPELLO FUGA;1;0;0;LIMA;LIMA;LURIN;URBANA;CARRETERA;NACIONAL;PE-1S;-12.274178;DESPEJADO;COMERCIAL;TRAMO RECTO;PLANA ;ASFALTADA;NULL;NULL;NULL;NULL;IMPRUDENCIA DEL CONDUCTOR;EXCESO DE VELOCIDAD;Carretera Panamericana Sur;26/7/2021;-76.892697
A-2021-07-142;00:00.0;CAÍDA DE PASAJERO;1;0;1;ICA;PALPA;RIO GRANDE;RURAL;CARRETERA;DEPARTAMENTAL;IC-109;-14.213355;DESPEJADO;RURAL;SINUOSA;PLANA ;TROCHA;NULL;NULL;NULL;NULL;EN PROCESO DE INVESTIGACIÓN;NO CUENTA CON CAUSA ESPECIFICA;IC-109;26/7/2021;-75.093533
A-2021-07-140;00:00.0;ATROPELLO FUGA;1;0;0;PUNO;PUNO;PICHACANI;RURAL;CARRETERA;NACIONAL;PE-36B;-16.158864;DESPEJADO;RURAL;TRAMO RECTO;PLANA ;ASFALTADA;NULL;NULL;NULL;NULL;EN PROCESO DE INVESTIGACIÓN;NO CUENTA CON CAUSA ESPECIFICA;PE-36B;26/7/2021;-70.076359
A-2021-07-191;37:00.0;DESPISTE;1;0;1;CUSCO;PAUCARTAMBO;KOSÑIPATA;RURAL;CARRETERA;DEPARTAMENTAL;CU-113;-12.961804;LLUVIOSO;RURAL;CURVA;INCLINADA;TROCHA;NULL;NULL;NULL;NULL;IMPRUDENCIA DEL CONDUCTOR;EXCESO DE VELOCIDAD;Carretera Manu;26/7/2021;-71.420339
A-2021-07-180;20:00.0;DESPISTE;1;0;1;TACNA;TARATA;ESTIQUE;RURAL;CARRETERA;NACIONAL;PE-38;-17.683828;DESPEJADO;RURAL;TRAMO RECTO;INCLINADA;ASFALTADA;NULL;NULL;NULL;NULL;IMPRUDENCIA DEL CONDUCTOR;CONDUCIR EN ESTADO DE EBRIEDAD Y/O DROGADICCIÓN;Carretera Tacna - Tarata;26/7/2021;-70.090605
A-2021-07-277;00:00.0;CHOQUE FUGA;1;0;1;PIURA;SULLANA;IGNACIO ESCUDERO;RURAL;CARRETERA;NACIONAL;PE-1N;-4.845829;DESPEJADO;RURAL;TRAMO RECTO;PLANA ;ASFALTADA;NULL;NULL;NULL;NULL;EN PROCESO DE INVESTIGACIÓN;NO CUENTA CON CAUSA ESPECIFICA;Carretera Panamericana Norte;26/7/2021;-80.884985
A-2021-07-261;30:00.0;ATROPELLO;1;0;0;LIMA;LIMA;EL AGUSTINO;URBANA;AVENIDA;URBANO;NO CORRESPONDE;-12.040262;DESPEJADO;RESIDENCIAL;TRAMO RECTO;PLANA ;ASFALTADA;NULL;NULL;NULL;NULL;EN PROCESO DE INVESTIGACIÓN;NO CUENTA CON CAUSA ESPECIFICA;Avenida Ferrocarril;27/7/2021;-76.981751
A-2021-07-301;00:00.0;CHOQUE;1;0;0;ANCASH;SANTA;NEPEÑA;RURAL;CARRETERA;NACIONAL;PE-1N;-9.191708;DESPEJADO;RURAL;TRAMO RECTO;PLANA ;ASFALTADA;NULL;NULL;NULL;NULL;EN PROCESO DE INVESTIGACIÓN;NO CUENTA CON CAUSA ESPECIFICA;Carretera a Vesique;27/7/2021;-78.466407
A-2021-07-302;00:00.0;ATROPELLO;1;0;1;ANCASH;CASMA;COMANDANTE NOEL;RURAL;CARRETERA;NACIONAL;PE-1N;-9.426593;DESPEJADO;RURAL;TRAMO RECTO;PLANA ;ASFALTADA;NULL;NULL;NULL;NULL;EN PROCESO DE INVESTIGACIÓN;NO CUENTA CON CAUSA ESPECIFICA;Panamericana Norte;27/7/2021;-78.363021
A-2021-07-206;30:00.0;ATROPELLO FUGA;1;0;0;CAJAMARCA;CAJABAMBA;CAJABAMBA;URBANA;CARRETERA;NACIONAL;PE-3N;-7.613195;DESPEJADO;RESIDENCIAL;TRAMO RECTO;INCLINADA;ASFALTADA;NULL;NULL;NULL;NULL;EN PROCESO DE INVESTIGACIÓN;NO CUENTA CON CAUSA ESPECIFICA;Carretera Longitudinal de la Sierra Norte;27/7/2021;-78.053616
A-2021-07-145;20:00.0;DESPISTE;1;1;1;ANCASH;BOLOGNESI;CAJACAY;RURAL;CARRETERA;NACIONAL;PE-16;-10.153448;DESPEJADO;RURAL;CURVA;INCLINADA;ASFALTADA;SI;PREVENTIVA (P);PREVENTIVA (P);SI;IMPRUDENCIA DEL CONDUCTOR;EXCESO DE VELOCIDAD;Carretera a Huaraz;27/7/2021;-77.438721
A-2021-07-272;40:00.0;CHOQUE;2;6;4;JUNIN;HUANCAYO;HUANCAYO;RURAL;CARRETERA;DEPARTAMENTAL;JU-108;-11.955375;DESPEJADO;COMERCIAL;TRAMO RECTO;PLANA ;ASFALTADA;NULL;NULL;NULL;NULL;IMPRUDENCIA DEL CONDUCTOR;CONDUCIR EN SENTIDO CONTRARIO;JU-108;27/7/2021;-75.043765
A-2021-07-193;32:00.0;ATROPELLO FUGA;1;0;1;CUSCO;QUISPICANCHI;ANDAHUAYLILLAS;RURAL;CARRETERA;NACIONAL;PE-3S;-13.674539;DESPEJADO;RURAL;TRAMO RECTO;PLANA ;ASFALTADA;NULL;NULL;NULL;NULL;EN PROCESO DE INVESTIGACIÓN;NO CUENTA CON CAUSA ESPECIFICA;Carretera Longitudinal de la Sierra Sur;27/7/2021;-71.669498