CÓDIGO SINIESTRO;HORA SINIESTRO;CLASE SINIESTRO;CANTIDAD DE FALLECIDOS;CANTIDAD DE LESIONADOS;CANTIDAD DE VEHICULOS DAÑADOS;DEPARTAMENTO;PROVINCIA;DISTRITO;ZONA;TIPO DE VÍA;RED VIAL;COD CARRETERA;COORDENADAS LATITUD;CONDICIÓN CLIMÁTICA;ZONIFICACIÓN;CARACTERÍSTICAS DE VÍA;PERFIL LONGITUDINAL VÍA;SUPERFICIE DE CALZADA;¿EXISTE SEÑAL VERTICAL?;CLASIFICACIÓN DE LA SEÑAL VERTICAL Nº 1;CLASIFICACIÓN DE LA SEÑAL VERTICAL Nº 2;¿EXISTE SEÑAL HORIZONTAL?;CAUSA FACTOR PRINCIPAL;CAUSA ESPECÍFICA;UBICACION;FECHA SINIESTRO;COORDENADAS LONGITUD
A-2021-07-192;30:00.0;CHOQUE CON OBJETO FIJO;1;0;1;CUSCO;PAUCARTAMBO;KOSÑIPATA;RURAL;CARRETERA;DEPARTAMENTAL;CU-113;-12.951589;LLUVIOSO;RURAL;SINUOSA;INCLINADA;TROCHA;NULL;NULL;NULL;NULL;NEGLIGENCIA DEL CONDUCTOR;OTRO (NEGLIGENCIA DEL CONDUCTOR);Carretera Manu;27/7/2021;-71.416603
A-2021-07-208;45:00.0;DESPISTE;1;0;1;PIURA;SECHURA;VICE;RURAL;CARRETERA;NACIONAL;PE-1NK;-5.44151;DESPEJADO;RURAL;TRAMO RECTO;PLANA ;ASFALTADA;NULL;NULL;NULL;NULL;EN PROCESO DE INVESTIGACIÓN;NO CUENTA CON CAUSA ESPECIFICA;Carretera Piura - Sechura;27/7/2021;-80.81274
A-2021-07-152;20:00.0;CHOQUE;1;0;2;PUNO;EL COLLAO;ILAVE;RURAL;CARRETERA;NACIONAL;PE-3S;-16.157325;DESPEJADO;RURAL;TRAMO RECTO;PLANA ;ASFALTADA;NULL;NULL;NULL;NULL;NEGLIGENCIA DEL CONDUCTOR;OTRO (NEGLIGENCIA DEL CONDUCTOR);Carretera Longitudinal de la Sierra Sur;28/7/2021;-69.550007
A-2021-07-154;30:00.0;DESPISTE;3;0;1;ANCASH;CARHUAZ;AMASHCA;RURAL;CARRETERA;PROVINCIAL;AN-800;-9.207732;DESPEJADO;RURAL;TRAMO RECTO;INCLINADA;TROCHA;NULL;NULL;NULL;NULL;IMPRUDENCIA DEL CONDUCTOR;OTRO (IMPRUDENCIA DEL CONDUCTOR);Punyan;28/7/2021;-77.636883
A-2021-07-262;45:00.0;CHOQUE;1;0;0;LIMA;LIMA;SANTIAGO DE SURCO;URBANA;CARRETERA;NACIONAL;PE-1S;-12.122129;DESPEJADO;RESIDENCIAL;TRAMO RECTO;PLANA ;ASFALTADA;NULL;NULL;NULL;NULL;IMPRUDENCIA DEL CONDUCTOR;EXCESO DE VELOCIDAD;Carretera Panamericana Sur;28/7/2021;-76.97709
A-2021-07-170;50:00.0;ATROPELLO;1;0;0;AYACUCHO;HUAMANGA;PACAYCASA;RURAL;CARRETERA;SIN CLASIFICAR;SIN CLASIFICAR;-13.062846;DESPEJADO;RURAL;CURVA;PLANA ;AFIRMADO;NULL;NULL;NULL;NULL;NEGLIGENCIA DEL CONDUCTOR;OTRO (NEGLIGENCIA DEL CONDUCTOR);Carretera Longitudinal de la Sierra Sur;28/7/2021;-74.229671
A-2021-07-202;25:00.0;CHOQUE;1;0;2;AREQUIPA;ISLAY;DEAN VALDIVIA;RURAL;CARRETERA;NACIONAL;PE-1SD;-17.140725;DESPEJADO;RURAL;CURVA;INCLINADA;ASFALTADA;NO;NULL;NULL;SI;EN PROCESO DE INVESTIGACIÓN;NO CUENTA CON CAUSA ESPECIFICA;Carretera Costanera Sur;28/7/2021;-71.801246
A-2021-07-264;05:00.0;ATROPELLO FUGA;1;0;1;JUNIN;JAUJA;MUQUI;RURAL;CARRETERA;NACIONAL;PE-3SB;-11.844333;DESPEJADO;RURAL;TÚNEL;PLANA ;ASFALTADA;NULL;NULL;NULL;NULL;EN PROCESO DE INVESTIGACIÓN;NO CUENTA CON CAUSA ESPECIFICA;Carretera Central Margen Derecha;29/7/2021;-75.428233
A-2021-07-207;20:00.0;CHOQUE;1;0;2;PIURA;PIURA;VEINTISEIS DE OCTUBRE;RURAL;CARRETERA;NACIONAL;PE-1N;-5.144777;DESPEJADO;RURAL;TRAMO RECTO;PLANA ;ASFALTADA;NO;NULL;NULL;SI;EN PROCESO DE INVESTIGACIÓN;NO CUENTA CON CAUSA ESPECIFICA;Carretera Panamericana Norte;29/7/2021;-80.697911
A-2021-07-185;30:00.0;DESPISTE;1;1;2;HUANCAVELICA;HUAYTARA;PILPICHACA;RURAL;CARRETERA;NACIONAL;PE-28A;-13.371927;DESPEJADO;RURAL;TRAMO RECTO;PLANA ;ASFALTADA;SI;INFORMATIVA (I);INFORMATIVA (I);SI;EN PROCESO DE INVESTIGACIÓN;NO CUENTA CON CAUSA ESPECIFICA;Vía de los Libertadores;29/7/2021;-74.943499
A-2021-07-198;00:00.0;CHOQUE;1;0;2;HUANCAVELICA;ANGARAES;LIRCAY;RURAL;CARRETERA;NACIONAL;PE-26B;-13.088449;DESPEJADO;RURAL;CURVA;PLANA ;ASFALTADA;NULL;NULL;NULL;NULL;EN PROCESO DE INVESTIGACIÓN;NO CUENTA CON CAUSA ESPECIFICA;PE-26B;29/7/2021;-74.622072
A-2021-07-166;30:00.0;CHOQUE;1;1;1;PUNO;PUNO;HUATA;RURAL;CARRETERA;DEPARTAMENTAL;PU-118;-15.613763;DESPEJADO;RURAL;TRAMO RECTO;PLANA ;ASFALTADA;NULL;NULL;NULL;NULL;IMPRUDENCIA DEL CONDUCTOR;OTRO (IMPRUDENCIA DEL CONDUCTOR);Carretera Atuncolla - Huatta;29/7/2021;-69.981086
A-2021-07-265;00:00.0;ATROPELLO FUGA;1;0;1;JUNIN;JAUJA;LEONOR ORDOÑEZ;RURAL;CARRETERA;NACIONAL;PE-3SB;-11.866267;DESPEJADO;RURAL;TRAMO RECTO;PLANA ;ASFALTADA;NULL;NULL;NULL;NULL;EN PROCESO DE INVESTIGACIÓN;NO CUENTA CON CAUSA ESPECIFICA;Carretera Central Margen Derecha;29/7/2021;-75.411093
A-2021-07-288;30:00.0;DESPISTE;1;3;1;HUANUCO;HUANUCO;CHINCHAO;RURAL;CARRETERA;PROVINCIAL;HU-801;-9.7662;LLUVIOSO;RURAL;CURVA;INCLINADA;AFIRMADO;NULL;NULL;NULL;NULL;EN PROCESO DE INVESTIGACIÓN;NO CUENTA CON CAUSA ESPECIFICA;Tullca;29/7/2021;-76.10397
A-2021-07-203;48:00.0;CHOQUE;1;0;2;AREQUIPA;AREQUIPA;CERRO COLORADO;URBANA;CARRETERA;NACIONAL;PE-34A;-16.344685;DESPEJADO;COMERCIAL;TRAMO RECTO;INCLINADA;ASFALTADA;NULL;NULL;NULL;NULL;EN PROCESO DE INVESTIGACIÓN;NO CUENTA CON CAUSA ESPECIFICA;Vía de Evitamiento;30/7/2021;-71.581465
A-2021-07-186;21:00.0;CHOQUE;1;1;2;UCAYALI;CORONEL PORTILLO;YARINACOCHA;URBANA;OTRO;URBANO;NO CORRESPONDE;-8.371675;DESPEJADO;COMERCIAL;INTERSECCIÓN;PLANA ;CONCRETO;SI;INFORMATIVA (I);PREVENTIVA (P);SI;IMPRUDENCIA DEL CONDUCTOR;OTRO (IMPRUDENCIA DEL CONDUCTOR);Avenida Túpac Amaru;30/7/2021;-74.557123
A-2021-07-232;40:00.0;ATROPELLO;1;1;1;LAMBAYEQUE;LAMBAYEQUE;JAYANCA;RURAL;CARRETERA;NACIONAL;PE-1NJ;-6.336935;SOLEADO;RURAL;CURVA;INCLINADA;ASFALTADA;SI;PREVENTIVA (P);REGULADORA (R);NO;IMPRUDENCIA DEL PEATÓN;CRUCE INDEBIDO POR LA CALZADA;Carretera Lambayegue - Olmos;30/7/2021;-79.765683
A-2021-07-194;30:00.0;CHOQUE;2;1;2;ANCASH;HUARI;HUANTAR;RURAL;CARRETERA;DEPARTAMENTAL;AN-110;-9.458961;DESPEJADO;RURAL;TRAMO RECTO;INCLINADA;ASFALTADA;NULL;NULL;NULL;NULL;EN PROCESO DE INVESTIGACIÓN;NO CUENTA CON CAUSA ESPECIFICA;AN-110;30/7/2021;-77.155697
A-2021-07-263;30:00.0;CHOQUE;1;1;0;LIMA;LIMA;SAN MIGUEL;URBANA;AVENIDA;URBANO;NO CORRESPONDE;-12.064318;DESPEJADO;COMERCIAL;TRAMO RECTO;PLANA ;ASFALTADA;NULL;NULL;NULL;NULL;EN PROCESO DE INVESTIGACIÓN;NO CUENTA CON CAUSA ESPECIFICA;Calle Los Tulipanes;30/7/2021;-77.078369
A-2021-07-212;40:00.0;CHOQUE;1;0;2;LA LIBERTAD;PACASMAYO;PACASMAYO;RURAL;CARRETERA;NACIONAL;PE-1N;-7.397249;DESPEJADO;RURAL;TRAMO RECTO;PLANA ;ASFALTADA;NULL;NULL;NULL;NULL;EN PROCESO DE INVESTIGACIÓN;NO CUENTA CON CAUSA ESPECIFICA;Carretera Panamericana Norte;31/7/2021;-79.557872
A-2021-07-273;00:00.0;DESPISTE;1;2;1;JUNIN;HUANCAYO;CHONGOS ALTO;RURAL;CARRETERA;DEPARTAMENTAL;JU-110;-12.50149;DESPEJADO;RURAL;CURVA;INCLINADA;TROCHA;NULL;NULL;NULL;NULL;IMPRUDENCIA DEL CONDUCTOR;OTRO (IMPRUDENCIA DEL CONDUCTOR);HV-110;31/7/2021;-75.48682
A-2021-07-252;30:00.0;ATROPELLO FUGA;1;0;0;PUNO;AZANGARO;ARAPA;RURAL;CARRETERA;DEPARTAMENTAL;PU-153;-15.03555;DESPEJADO;RURAL;TRAMO RECTO;PLANA ;ASFALTADA;NULL;NULL;NULL;NULL;NEGLIGENCIA DEL CONDUCTOR;OTRO (NEGLIGENCIA DEL CONDUCTOR);PU-153;31/7/2021;-70.068623
A-2021-07-211;30:00.0;VOLCADURA;1;0;1;APURIMAC;ANDAHUAYLAS;ANDAHUAYLAS;URBANA;CARRETERA;NACIONAL;PE-30B;-13.665293;DESPEJADO;RURAL;CURVA;INCLINADA;ASFALTADA;SI;PREVENTIVA (P);REGULADORA (R);NO;IMPRUDENCIA DEL CONDUCTOR;CONDUCIR EN ESTADO DE EBRIEDAD Y/O DROGADICCIÓN;PE-30B;31/7/2021;-73.383853
A-2021-08-1;30:00.0;ATROPELLO;2;1;2;ICA;ICA;SANTIAGO;RURAL;CARRETERA;NACIONAL;PE-1S;-14.206483;DESPEJADO;RURAL;TRAMO RECTO;PLANA ;ASFALTADA;NO;NULL;NULL;NO;EN PROCESO DE INVESTIGACIÓN;NO CUENTA CON CAUSA ESPECIFICA;Carretera Panamericana Sur;1/8/2021;-75.714058
A-2021-08-6;20:00.0;VOLCADURA;1;0;1;CAJAMARCA;CONTUMAZA;YONAN;RURAL;CARRETERA;NACIONAL;PE-08;-7.253871;DESPEJADO;RURAL;CURVA;PLANA ;ASFALTADA;NO;NULL;NULL;SI;IMPRUDENCIA DEL CONDUCTOR;EXCESO DE VELOCIDAD;Carretera Ciudad de Dios - Cajamarca;1/8/2021;-79.079097
A-2021-08-162;00:00.0;ATROPELLO;1;1;2;CUSCO;CANCHIS;SICUANI;URBANA;CARRETERA;NACIONAL;PE-3S;-14.22136;DESPEJADO;RESIDENCIAL;TRAMO RECTO;PLANA ;ASFALTADA;NO;NULL;NULL;SI;IMPRUDENCIA DEL CONDUCTOR;EXCESO DE VELOCIDAD;Carretera Longitudinal de la Sierra Sur;1/8/2021;-71.28799
A-2021-08-183;30:00.0;CHOQUE;1;0;2;PUNO;SAN ROMAN;CARACOTO;RURAL;CARRETERA;DEPARTAMENTAL;PU-120;-15.519098;DESPEJADO;RURAL;TRAMO RECTO;PLANA ;ASFALTADA;NULL;NULL;NULL;NULL;IMPRUDENCIA DEL CONDUCTOR;EXCESO DE VELOCIDAD;Carretera Coata - Juliaca;1/8/2021;-70.085745
A-2021-08-121;20:00.0;ATROPELLO;1;0;1;LAMBAYEQUE;LAMBAYEQUE;MORROPE;URBANA;CARRETERA;NACIONAL;PE-1N;-6.595664;DESPEJADO;RESIDENCIAL;TRAMO RECTO;PLANA ;ASFALTADA;NULL;NULL;NULL;NULL;EN PROCESO DE INVESTIGACIÓN;NO CUENTA CON CAUSA ESPECIFICA;Carretera Panamericana Norte;1/8/2021;-79.976538
A-2021-08-185;30:00.0;CHOQUE;1;0;2;PUNO;CARABAYA;MACUSANI;RURAL;CARRETERA;NACIONAL;PE-34B;-14.170423;DESPEJADO;RURAL;TRAMO RECTO;PLANA ;ASFALTADA;NULL;NULL;NULL;NULL;IMPRUDENCIA DEL CONDUCTOR;CONDUCIR EN SENTIDO CONTRARIO;Carretera Interoceánica Puno - Madre de Dios;1/8/2021;-70.334681
A-2021-08-17;55:00.0;ATROPELLO FUGA;1;0;0;PIURA;HUANCABAMBA;HUANCABAMBA;RURAL;CARRETERA;NACIONAL;PE-02A;-5.256658;DESPEJADO;RURAL;TRAMO RECTO;PLANA ;ASFALTADA;NULL;NULL;NULL;NULL;EN PROCESO DE INVESTIGACIÓN;NO CUENTA CON CAUSA ESPECIFICA;Carretera a Huancabamba;1/8/2021;-79.462553
A-2021-08-3;30:00.0;CHOQUE;1;0;2;ANCASH;RECUAY;RECUAY;RURAL;CARRETERA;NACIONAL;PE-3N;-9.723792;DESPEJADO;RURAL;SINUOSA;INCLINADA;ASFALTADA;SI;PREVENTIVA (P);PREVENTIVA (P);SI;IMPRUDENCIA DEL CONDUCTOR;INVASIÓN DE CARRIL;Carretera Longitudinal de la Sierra Norte;1/8/2021;-77.456994
A-2021-08-215;00:00.0;CHOQUE CON OBJETO FIJO;1;0;1;LIMA;LIMA;SAN MARTIN DE PORRES;URBANA;CARRETERA;NACIONAL;PE-1N;-12.020936;DESPEJADO;ESCOLAR;PUENTE;PLANA ;ASFALTADA;NULL;NULL;NULL;NULL;EN PROCESO DE INVESTIGACIÓN;NO CUENTA CON CAUSA ESPECIFICA;Carretera Panamericana Norte;1/8/2021;-77.059184
A-2021-08-9;00:00.0;ATROPELLO FUGA;1;0;0;AREQUIPA;AREQUIPA;LA JOYA;RURAL;CARRETERA;DEPARTAMENTAL;AR-114;-16.456416;DESPEJADO;RURAL;CURVA;PLANA ;ASFALTADA;NO;NULL;NULL;SI;EN PROCESO DE INVESTIGACIÓN;NO CUENTA CON CAUSA ESPECIFICA;Carretera La Joya;1/8/2021;-71.843513
A-2021-08-2;00:00.0;CHOQUE FUGA;1;0;1;PUNO;CHUCUITO;ZEPITA;RURAL;CARRETERA;SIN CLASIFICAR;SIN CLASIFICAR;-16.537059;DESPEJADO;RURAL;OTRO;INCLINADA;TROCHA;NULL;NULL;NULL;NULL;IMPRUDENCIA DEL CONDUCTOR;EXCESO DE VELOCIDAD;Zepita;1/8/2021;-69.098986
A-2021-08-18;30:00.0;DESPISTE;1;0;1;PIURA;MORROPON;CHULUCANAS;RURAL;CARRETERA;PROVINCIAL;PI-788;-5.086181;DESPEJADO;RURAL;CURVA;PLANA ;ASFALTADA;SI;PREVENTIVA (P);NULL;NO;EN PROCESO DE INVESTIGACIÓN;NO CUENTA CON CAUSA ESPECIFICA;Chapica Campanas;2/8/2021;-80.123435
A-2021-08-291;00:00.0;CHOQUE;1;2;2;PIURA;SULLANA;SULLANA;RURAL;CARRETERA;NACIONAL;PE-1N;-5.01321;DESPEJADO;RURAL;TRAMO RECTO;PLANA ;ASFALTADA;NULL;NULL;NULL;NULL;EN PROCESO DE INVESTIGACIÓN;NO CUENTA CON CAUSA ESPECIFICA;Carretera Panamericana Norte;2/8/2021;-80.70007
A-2021-08-36;30:00.0;DESPISTE;1;0;1;CAJAMARCA;CUTERVO;CUTERVO;RURAL;CARRETERA;SIN CLASIFICAR;SIN CLASIFICAR;-6.32453;DESPEJADO;RURAL;CURVA;INCLINADA;AFIRMADO;NULL;NULL;NULL;NULL;EN PROCESO DE INVESTIGACIÓN;NO CUENTA CON CAUSA ESPECIFICA;Cutervo;2/8/2021;-78.783963
A-2021-08-54;30:00.0;DESPISTE;1;3;1;HUANCAVELICA;CASTROVIRREYNA;ARMA;RURAL;CARRETERA;NACIONAL;PE-26;-13.120877;DESPEJADO;RURAL;TRAMO RECTO;PLANA ;ASFALTADA;NO;NULL;NULL;SI;EN PROCESO DE INVESTIGACIÓN;NO CUENTA CON CAUSA ESPECIFICA;Carretera Chincha - Huancavelica;2/8/2021;-75.542722
A-2021-08-199;30:00.0;DESPISTE;1;0;1;PUNO;AZANGARO;AZANGARO;RURAL;CARRETERA;SIN CLASIFICAR;SIN CLASIFICAR;-14.922155;DESPEJADO;RURAL;TRAMO RECTO;PLANA ;TROCHA;NULL;NULL;NULL;NULL;IMPRUDENCIA DEL CONDUCTOR;EXCESO DE VELOCIDAD;Primer Choquechambi;2/8/2021;-70.165595
A-2021-08-220;00:00.0;DESPISTE;1;0;2;LIMA;LIMA;SAN BARTOLO;URBANA;CARRETERA;NACIONAL;PE-1S;-12.384296;DESPEJADO;RESIDENCIAL;TRAMO RECTO;PLANA ;ASFALTADA;NULL;NULL;NULL;NULL;EN PROCESO DE INVESTIGACIÓN;NO CUENTA CON CAUSA ESPECIFICA;Carretera Panamericana Sur;2/8/2021;-76.771029
A-2021-08-292;20:00.0;CHOQUE;2;0;1;PIURA;PAITA;LA HUACA;RURAL;CARRETERA;DEPARTAMENTAL;PI-102;-4.9167;DESPEJADO;RURAL;TRAMO RECTO;PLANA ;ASFALTADA;NULL;NULL;NULL;NULL;EN PROCESO DE INVESTIGACIÓN;NO CUENTA CON CAUSA ESPECIFICA;Carretera Paita - Sullana;2/8/2021;-80.95936
A-2021-08-13;20:00.0;CHOQUE;2;2;2;PIURA;SECHURA;BELLAVISTA DE LA UNION;RURAL;CARRETERA;PROVINCIAL;PI-1045;-5.430342;DESPEJADO;RURAL;TRAMO RECTO;PLANA ;ASFALTADA;SI;REGULADORA (R);PREVENTIVA (P);NO;EN PROCESO DE INVESTIGACIÓN;NO CUENTA CON CAUSA ESPECIFICA;PI-1040;2/8/2021;-80.740222
A-2021-08-205;00:00.0;CHOQUE;2;1;3;AYACUCHO;LA MAR;TAMBO;RURAL;CARRETERA;NACIONAL;PE-28B;-12.962231;DESPEJADO;RURAL;CURVA;INCLINADA;ASFALTADA;NULL;NULL;NULL;NULL;NEGLIGENCIA DEL CONDUCTOR;CONDUCIR CON FALLAS DE FRENOS;PE-28B;3/8/2021;-74.076273
A-2021-08-111;35:00.0;ATROPELLO FUGA;1;0;0;LAMBAYEQUE;CHICLAYO;LA VICTORIA;RURAL;CARRETERA;NACIONAL;PE-1N;-6.817081;DESPEJADO;RURAL;TRAMO RECTO;PLANA ;ASFALTADA;NULL;NULL;NULL;NULL;EN PROCESO DE INVESTIGACIÓN;NO CUENTA CON CAUSA ESPECIFICA;Panamericana Norte;3/8/2021;-79.829439
A-2021-08-14;15:00.0;CHOQUE;1;1;2;CALLAO;CALLAO;VENTANILLA;URBANA;AVENIDA;URBANO;NO CORRESPONDE;-11.829235;DESPEJADO;RESIDENCIAL;TRAMO RECTO;PLANA ;ASFALTADA;NULL;NULL;NULL;NULL;NEGLIGENCIA DEL CONDUCTOR;OTRO (NEGLIGENCIA DEL CONDUCTOR);Calle 1;3/8/2021;-77.121203
A-2021-08-322;31:00.0;DESPISTE;1;4;1;SAN MARTIN;SAN MARTIN;LA BANDA DE SHILCAYO;RURAL;CARRETERA;NACIONAL;PE-5NB;-6.49832;DESPEJADO;RURAL;TRAMO RECTO;PLANA ;ASFALTADA;NO;NULL;NULL;SI;IMPRUDENCIA DEL CONDUCTOR;EXCESO DE VELOCIDAD;PE-5NB;3/8/2021;-76.340749
A-2021-08-227;00:00.0;ATROPELLO;1;0;0;LIMA;LIMA;COMAS;URBANA;AVENIDA;URBANO;NO CORRESPONDE;-11.945384;DESPEJADO;ESCOLAR;TRAMO RECTO;PLANA ;ASFALTADA;NULL;NULL;NULL;NULL;EN PROCESO DE INVESTIGACIÓN;NO CUENTA CON CAUSA ESPECIFICA;Avenida 22 de Agosto;3/8/2021;-77.063179
A-2021-08-224;00:00.0;CHOQUE;1;1;2;LIMA;LIMA;CARABAYLLO;URBANA;AVENIDA;URBANO;NO CORRESPONDE;-11.863573;DESPEJADO;RURAL;TRAMO RECTO;PLANA ;ASFALTADA;NULL;NULL;NULL;NULL;EN PROCESO DE INVESTIGACIÓN;NO CUENTA CON CAUSA ESPECIFICA;Avenida Túpac Amaru;3/8/2021;-77.008134
A-2021-08-321;03:00.0;CHOQUE;1;2;2;SAN MARTIN;SAN MARTIN;TARAPOTO;URBANA;JIRÓN;URBANO;NO CORRESPONDE;-6.484362;DESPEJADO;COMERCIAL;INTERSECCIÓN;PLANA ;ASFALTADA;NULL;NULL;NULL;NULL;IMPRUDENCIA DEL CONDUCTOR;OTRO (IMPRUDENCIA DEL CONDUCTOR);Jirón Ramon Castilla;4/8/2021;-76.372188
A-2021-08-123;05:00.0;CHOQUE;1;1;2;LAMBAYEQUE;LAMBAYEQUE;OLMOS;RURAL;CARRETERA;NACIONAL;PE-1N;-6.281792;NUBLADO;RURAL;TRAMO RECTO;PLANA ;ASFALTADA;SI;PREVENTIVA (P);REGULADORA (R);NO;IMPRUDENCIA DEL CONDUCTOR;INVASIÓN DE CARRIL;Carretera Panamericana Norte;4/8/2021;-80.306867
A-2021-08-112;20:00.0;ATROPELLO;1;0;0;LAMBAYEQUE;CHICLAYO;JOSE LEONARDO ORTIZ;URBANA;AVENIDA;URBANO;NO CORRESPONDE;-6.755936;DESPEJADO;RESIDENCIAL;TRAMO RECTO;PLANA ;ASFALTADA;NULL;NULL;NULL;NULL;EN PROCESO DE INVESTIGACIÓN;NO CUENTA CON CAUSA ESPECIFICA;27 de Julio;4/8/2021;-79.824671
A-2021-08-187;00:00.0;CHOQUE FUGA;1;1;4;PUNO;AZANGARO;ARAPA;RURAL;CARRETERA;DEPARTAMENTAL;PU-114;-15.122866;SOLEADO;RURAL;TRAMO RECTO;PLANA ;ASFALTADA;NULL;NULL;NULL;NULL;INFRAESTRUCTURA Y ENTORNO VIAL;OBRAS TEMPORALES;PU-114;4/8/2021;-70.070969
A-2021-08-225;00:00.0;ATROPELLO FUGA;1;0;0;LIMA;LIMA;CHORRILLOS;URBANA;CALLE;URBANO;NO CORRESPONDE;-12.17003;DESPEJADO;RESIDENCIAL;INTERSECCIÓN;PLANA ;ASFALTADA;NULL;NULL;NULL;NULL;EN PROCESO DE INVESTIGACIÓN;NO CUENTA CON CAUSA ESPECIFICA;Avenida Oscar de la Barrera;4/8/2021;-77.02477
A-2021-08-51;45:00.0;CHOQUE;1;1;2;LA LIBERTAD;CHEPEN;PACANGA;RURAL;CARRETERA;NACIONAL;PE-1N;-7.168367;DESPEJADO;RURAL;TRAMO RECTO;PLANA ;ASFALTADA;NULL;NULL;NULL;NULL;IMPRUDENCIA DEL CONDUCTOR;CONDUCIR EN ESTADO DE EBRIEDAD Y/O DROGADICCIÓN;Carretera Panamericana Norte;4/8/2021;-79.440414
A-2021-08-21;41:00.0;ATROPELLO FUGA;1;0;NULL;CAJAMARCA;CELENDIN;CELENDIN;URBANA;AVENIDA;URBANO;NO CORRESPONDE;-6.875732;DESPEJADO;RESIDENCIAL;TRAMO RECTO;INCLINADA;AFIRMADO;NULL;NULL;NULL;NULL;IMPRUDENCIA DEL CONDUCTOR;OTRO (IMPRUDENCIA DEL CONDUCTOR);Avenida Lourdes;4/8/2021;-78.140011
A-2021-08-120;10:00.0;CHOQUE FUGA;1;2;1;LAMBAYEQUE;CHICLAYO;PIMENTEL;RURAL;CARRETERA;NACIONAL;PE-1N;-6.776708;DESPEJADO;COMERCIAL;TRAMO RECTO;PLANA ;ASFALTADA;NULL;NULL;NULL;NULL;EN PROCESO DE INVESTIGACIÓN;NO CUENTA CON CAUSA ESPECIFICA;Panamericana Norte;5/8/2021;-79.874573
A-2021-08-184;10:00.0;CHOQUE;1;0;2;JUNIN;SATIPO;PANGOA;RURAL;CARRETERA;NACIONAL;PE-28C;-11.408608;DESPEJADO;RURAL;TRAMO RECTO;INCLINADA;ASFALTADA;NULL;NULL;NULL;NULL;EN PROCESO DE INVESTIGACIÓN;NO CUENTA CON CAUSA ESPECIFICA;Avenida Pangoa;5/8/2021;-74.48907
A-2021-08-308;45:00.0;DESPISTE;1;0;1;ANCASH;HUARMEY;HUARMEY;RURAL;CARRETERA;NACIONAL;PE-1N;-9.999282;DESPEJADO;RURAL;TRAMO RECTO;PLANA ;ASFALTADA;NULL;NULL;NULL;NULL;EN PROCESO DE INVESTIGACIÓN;NO CUENTA CON CAUSA ESPECIFICA;Panamericana Norte;5/8/2021;-78.184888
A-2021-08-228;30:00.0;CHOQUE;1;1;2;LIMA;LIMA;SAN MARTIN DE PORRES;URBANA;AVENIDA;URBANO;NO CORRESPONDE;-11.981457;DESPEJADO;COMERCIAL;TRAMO RECTO;PLANA ;ASFALTADA;NULL;NULL;NULL;NULL;EN PROCESO DE INVESTIGACIÓN;NO CUENTA CON CAUSA ESPECIFICA;Avenida Canta Callao;5/8/2021;-77.096965
A-2021-08-261;31:00.0;ATROPELLO;1;0;0;LIMA;LIMA;LA VICTORIA;URBANA;AVENIDA;URBANO;NO CORRESPONDE;-12.06384;SOLEADO;COMERCIAL;TRAMO RECTO;PLANA ;ASFALTADA;NULL;NULL;NULL;NULL;EN PROCESO DE INVESTIGACIÓN;NO CUENTA CON CAUSA ESPECIFICA;Jirón Manuel Cisneros;5/8/2021;-77.021884
A-2021-08-189;50:00.0;CHOQUE;1;1;2;PUNO;SAN ROMAN;CABANILLAS;RURAL;CARRETERA;NACIONAL;PE-34A;-15.653589;DESPEJADO;RURAL;CURVA;PLANA ;ASFALTADA;NULL;NULL;NULL;NULL;NEGLIGENCIA DEL CONDUCTOR;OTRO (NEGLIGENCIA DEL CONDUCTOR);Héroes de La Guerra del Pacífico;5/8/2021;-70.358527
A-2021-08-56;05:00.0;ATROPELLO;1;0;1;UCAYALI;CORONEL PORTILLO;CALLERIA;RURAL;JIRÓN;URBANO;NO CORRESPONDE;-8.362339;DESPEJADO;RURAL;TRAMO RECTO;PLANA ;AFIRMADO;NULL;NULL;NULL;NULL;IMPRUDENCIA DEL PEATÓN;OTRO (IMPRUDENCIA DEL PEATÓN);Los Libertadores;5/8/2021;-74.552284
A-2021-08-25;30:00.0;CHOQUE;1;0;2;CAJAMARCA;CAJABAMBA;CAJABAMBA;URBANA;CARRETERA;NACIONAL;PE-3N;-7.611789;DESPEJADO;RESIDENCIAL;TRAMO RECTO;PLANA ;ASFALTADA;NULL;NULL;NULL;NULL;IMPRUDENCIA DEL CONDUCTOR;GIRAR IMPRUDENTEMENTE;Carretera Longitudinal de la Sierra Norte;5/8/2021;-78.058543
A-2021-08-118;00:00.0;CHOQUE;1;0;2;LAMBAYEQUE;CHICLAYO;TUMAN;RURAL;CARRETERA;NACIONAL;PE-06A;-6.744492;SOLEADO;RURAL;CURVA;INCLINADA;ASFALTADA;SI;PREVENTIVA (P);INFORMATIVA (I);NO;IMPRUDENCIA DEL CONDUCTOR;INVASIÓN DE CARRIL;Carretera Tumán - Pátapo;5/8/2021;-79.686724
A-2021-08-53;10:00.0;ATROPELLO FUGA;1;0;1;LA LIBERTAD;TRUJILLO;HUANCHACO;RURAL;CARRETERA;NACIONAL;PE-1N;-8.128608;DESPEJADO;RURAL;TRAMO RECTO;PLANA ;ASFALTADA;NULL;NULL;NULL;NULL;EN PROCESO DE INVESTIGACIÓN;NO CUENTA CON CAUSA ESPECIFICA;Carretera Panamericana Norte;5/8/2021;-79.072843