CÓDIGO SINIESTRO;HORA SINIESTRO;CLASE SINIESTRO;CANTIDAD DE FALLECIDOS;CANTIDAD DE LESIONADOS;CANTIDAD DE VEHICULOS DAÑADOS;DEPARTAMENTO;PROVINCIA;DISTRITO;ZONA;TIPO DE VÍA;RED VIAL;COD CARRETERA;COORDENADAS LATITUD;CONDICIÓN CLIMÁTICA;ZONIFICACIÓN;CARACTERÍSTICAS DE VÍA;PERFIL LONGITUDINAL VÍA;SUPERFICIE DE CALZADA;¿EXISTE SEÑAL VERTICAL?;CLASIFICACIÓN DE LA SEÑAL VERTICAL Nº 1;CLASIFICACIÓN DE LA SEÑAL VERTICAL Nº 2;¿EXISTE SEÑAL HORIZONTAL?;CAUSA FACTOR PRINCIPAL;CAUSA ESPECÍFICA;UBICACION;FECHA SINIESTRO;COORDENADAS LONGITUD
A-2021-08-154;30:00.0;CAÍDA DE PASAJERO;1;0;NULL;LAMBAYEQUE;LAMBAYEQUE;LAMBAYEQUE;RURAL;CARRETERA;NACIONAL;PE-1NJ;-6.626742;NULL;NULL;NULL;NULL;NULL;NULL;NULL;NULL;NULL;EN PROCESO DE INVESTIGACIÓN;NO CUENTA CON CAUSA ESPECIFICA;Carretera Lambayeque - Olmos;5/8/2021;-79.888111
A-2021-08-26;00:00.0;CHOQUE;1;0;2;ANCASH;RECUAY;CATAC;RURAL;CARRETERA;NACIONAL;PE-16;-10.136476;DESPEJADO;RURAL;TRAMO RECTO;PLANA ;ASFALTADA;SI;PREVENTIVA (P);INFORMATIVA (I);SI;IMPRUDENCIA DEL CONDUCTOR;INVASIÓN DE CARRIL;Carretera a Huaraz;5/8/2021;-77.301799
A-2021-08-145;00:00.0;CHOQUE;1;2;2;CUSCO;URUBAMBA;URUBAMBA;RURAL;CARRETERA;NACIONAL;PE-28B;-13.277328;DESPEJADO;RURAL;CURVA;INCLINADA;ASFALTADA;NULL;NULL;NULL;NULL;EN PROCESO DE INVESTIGACIÓN;NO CUENTA CON CAUSA ESPECIFICA;PE-28B;6/8/2021;-72.209828
A-2021-08-283;30:00.0;DESPISTE;1;0;NULL;MOQUEGUA;MARISCAL NIETO;MOQUEGUA;RURAL;CARRETERA;NACIONAL;PE-1S;-17.266918;NULL;NULL;NULL;NULL;NULL;NULL;NULL;NULL;NULL;EN PROCESO DE INVESTIGACIÓN;NO CUENTA CON CAUSA ESPECIFICA;Carretera Panamericana Sur;6/8/2021;-71.190611
A-2021-08-58;30:00.0;VOLCADURA;1;1;1;LA LIBERTAD;VIRU;VIRU;RURAL;CARRETERA;NACIONAL;PE-1N;-8.486936;DESPEJADO;RURAL;TRAMO RECTO;PLANA ;ASFALTADA;NULL;NULL;NULL;NULL;IMPRUDENCIA DEL CONDUCTOR;OTRO (IMPRUDENCIA DEL CONDUCTOR);Panamericana Norte;6/8/2021;-78.695287
A-2021-08-190;15:00.0;ATROPELLO;1;0;1;PUNO;AZANGARO;AZANGARO;RURAL;CARRETERA;NACIONAL;PE-34B;-14.899844;DESPEJADO;RURAL;TRAMO RECTO;PLANA ;ASFALTADA;NULL;NULL;NULL;NULL;IMPRUDENCIA DEL CONDUCTOR;EXCESO DE VELOCIDAD;Carretera Interoceánica Puno - Madre de Dios;6/8/2021;-70.191522
A-2021-08-27;00:00.0;ATROPELLO;1;0;1;ANCASH;HUARI;UCO;RURAL;CARRETERA;NACIONAL;PE-14A;-9.210169;DESPEJADO;RURAL;CURVA;PLANA ;AFIRMADO;NULL;NULL;NULL;NULL;EN PROCESO DE INVESTIGACIÓN;NO CUENTA CON CAUSA ESPECIFICA;PE-14A;6/8/2021;-76.946331
A-2021-08-200;40:00.0;ATROPELLO;1;0;1;PUNO;SAN ROMAN;CABANILLAS;RURAL;CARRETERA;NACIONAL;PE-34A;-15.671919;DESPEJADO;RURAL;TRAMO RECTO;PLANA ;ASFALTADA;NULL;NULL;NULL;NULL;IMPRUDENCIA DEL PEATÓN;CRUCE INDEBIDO POR LA CALZADA;Héroes de La Guerra del Pacífico;6/8/2021;-70.376074
A-2021-08-122;30:00.0;CHOQUE;1;0;2;LAMBAYEQUE;CHICLAYO;POMALCA;RURAL;CARRETERA;NACIONAL;PE-06A;-6.765193;DESPEJADO;RURAL;TRAMO RECTO;PLANA ;ASFALTADA;NULL;NULL;NULL;NULL;IMPRUDENCIA DEL CONDUCTOR;VEHÍCULO MAL ESTACIONADO;Carretera Pomalca - Tumán;7/8/2021;-79.736425
A-2021-08-76;15:00.0;DESPISTE;3;2;1;HUANCAVELICA;CASTROVIRREYNA;TICRAPO;RURAL;CARRETERA;NACIONAL;PE-28D;-13.46473;DESPEJADO;RURAL;SINUOSA;INCLINADA;ASFALTADA;NULL;NULL;NULL;NULL;EN PROCESO DE INVESTIGACIÓN;NO CUENTA CON CAUSA ESPECIFICA;PE-28D;7/8/2021;-75.472694
A-2021-08-52;30:00.0;CHOQUE;1;2;2;CAJAMARCA;HUALGAYOC;BAMBAMARCA;RURAL;CARRETERA;PROVINCIAL;CA-1063;-6.718078;DESPEJADO;RURAL;CURVA;INCLINADA;AFIRMADO;NULL;NULL;NULL;NULL;IMPRUDENCIA DEL CONDUCTOR;CONDUCIR EN SENTIDO CONTRARIO;Bambamarca;7/8/2021;-78.470115
A-2021-08-263;30:00.0;CHOQUE;1;2;2;LIMA;BARRANCA;PARAMONGA;RURAL;CARRETERA;NACIONAL;PE-16;-10.439829;DESPEJADO;RURAL;TRAMO RECTO;PLANA ;ASFALTADA;NULL;NULL;NULL;NULL;IMPRUDENCIA DEL CONDUCTOR;CAÍDA DE MERCANCÍA;Carretera a Huaraz;7/8/2021;-77.727638
A-2021-08-229;37:00.0;CHOQUE FUGA;1;0;1;LIMA;LIMA;LOS OLIVOS;URBANA;CARRETERA;NACIONAL;PE-1N;-11.959327;DESPEJADO;ESCOLAR;TRAMO RECTO;PLANA ;ASFALTADA;NULL;NULL;NULL;NULL;EN PROCESO DE INVESTIGACIÓN;NO CUENTA CON CAUSA ESPECIFICA;Avenida Panamericana Norte;7/8/2021;-77.068942
A-2021-08-272;40:00.0;ATROPELLO FUGA;1;1;1;LIMA;HUAURA;HUACHO;URBANA;CARRETERA;DEPARTAMENTAL;LM-101;-11.100064;DESPEJADO;RESIDENCIAL;INTERSECCIÓN;PLANA ;ASFALTADA;NULL;NULL;NULL;NULL;IMPRUDENCIA DEL CONDUCTOR;EXCESO DE VELOCIDAD;Antigua Panamericana Norte;8/8/2021;-77.596177
A-2021-08-274;40:00.0;CHOQUE;1;0;1;LIMA;HUAURA;HUACHO;URBANA;AVENIDA;URBANO;NO CORRESPONDE;-11.107406;DESPEJADO;RESIDENCIAL;INTERSECCIÓN;PLANA ;ASFALTADA;NULL;NULL;NULL;NULL;IMPRUDENCIA DEL CONDUCTOR;CONDUCIR EN ESTADO DE EBRIEDAD Y/O DROGADICCIÓN;Avenida Túpac Amaru;8/8/2021;-77.598784
A-2021-08-113;40:00.0;CHOQUE;1;3;2;AREQUIPA;AREQUIPA;SAN JUAN DE TARUCANI;RURAL;CARRETERA;NACIONAL;PE-34A;-16.056325;DESPEJADO;RURAL;OTRO;INCLINADA;ASFALTADA;NO;NULL;NULL;SI;EN PROCESO DE INVESTIGACIÓN;NO CUENTA CON CAUSA ESPECIFICA;Vía Interoceánica Sur - Tramo 5;8/8/2021;-71.351488
A-2021-08-320;00:00.0;CHOQUE;1;0;2;SAN MARTIN;LAMAS;LAMAS;RURAL;CARRETERA;DEPARTAMENTAL;SM-104;-6.424076;LLUVIOSO;RURAL;TRAMO RECTO;PLANA ;ASFALTADA;NO;NULL;NULL;SI;IMPRUDENCIA DEL CONDUCTOR;EXCESO DE VELOCIDAD;Bruzzoni;8/8/2021;-76.518675
A-2021-08-155;15:00.0;DESPISTE;1;0;1;LAMBAYEQUE;CHICLAYO;CHICLAYO;URBANA;CARRETERA;DEPARTAMENTAL;LA-111;-6.784131;DESPEJADO;RESIDENCIAL;TRAMO RECTO;PLANA ;ASFALTADA;NULL;NULL;NULL;NULL;EN PROCESO DE INVESTIGACIÓN;NO CUENTA CON CAUSA ESPECIFICA;Avenida Fitzcarrald;8/8/2021;-79.833373
A-2021-08-293;20:00.0;CHOQUE;1;0;1;PIURA;SULLANA;SULLANA;RURAL;CARRETERA;NACIONAL;PE-1N;-4.91808;DESPEJADO;INDUSTRIAL;TRAMO RECTO;PLANA ;ASFALTADA;NULL;NULL;NULL;NULL;EN PROCESO DE INVESTIGACIÓN;NO CUENTA CON CAUSA ESPECIFICA;Carretera Panamericana Norte;8/8/2021;-80.69704
A-2021-08-315;30:00.0;CAÍDA DE PASAJERO;1;1;NULL;APURIMAC;COTABAMBAS;CHALLHUAHUACHO;RURAL;CARRETERA;PROVINCIAL;AP-962;-14.148129;NULL;NULL;NULL;NULL;NULL;NULL;NULL;NULL;NULL;EN PROCESO DE INVESTIGACIÓN;NO CUENTA CON CAUSA ESPECIFICA;AP-962;8/8/2021;-72.293471
A-2021-08-82;10:00.0;CHOQUE;1;3;NULL;TUMBES;TUMBES;SAN JUAN DE LA VIRGEN;RURAL;CARRETERA;DEPARTAMENTAL;TU-104;-3.615324;NULL;NULL;NULL;NULL;NULL;NULL;NULL;NULL;NULL;EN PROCESO DE INVESTIGACIÓN;NO CUENTA CON CAUSA ESPECIFICA;Carretera Tumbes - Pampas de Hospital;8/8/2021;-80.437169
A-2021-08-146;31:00.0;CHOQUE;1;2;2;CUSCO;CUSCO;SAYLLA;URBANA;CARRETERA;NACIONAL;PE-3S;-13.567004;NUBLADO;RESIDENCIAL;TRAMO RECTO;PLANA ;ASFALTADA;SI;PREVENTIVA (P);PREVENTIVA (P);SI;IMPRUDENCIA DEL CONDUCTOR;EXCESO DE VELOCIDAD;Avenida Cusco;8/8/2021;-71.833081
A-2021-08-294;00:00.0;DESPISTE;4;0;1;PIURA;AYABACA;AYABACA;RURAL;CARRETERA;NACIONAL;PE-1NT;-4.707886;NUBLADO;RURAL;OTRO;INCLINADA;TROCHA;NULL;NULL;NULL;NULL;EN PROCESO DE INVESTIGACIÓN;NO CUENTA CON CAUSA ESPECIFICA;PE-1NT;9/8/2021;-79.815245
A-2021-08-59;45:00.0;ATROPELLO;1;0;1;LA LIBERTAD;VIRU;VIRU;RURAL;CARRETERA;NACIONAL;PE-1N;-8.413602;DESPEJADO;RURAL;TRAMO RECTO;PLANA ;ASFALTADA;NULL;NULL;NULL;NULL;IMPRUDENCIA DEL PEATÓN;CRUCE INDEBIDO POR LA CALZADA;Carretera Panamericana Norte;9/8/2021;-78.795044
A-2021-08-330;05:00.0;CHOQUE;2;3;2;AMAZONAS;LUYA;TINGO;RURAL;CARRETERA;NACIONAL;PE-08B;-6.366507;DESPEJADO;RURAL;CURVA;INCLINADA;ASFALTADA;SI;PREVENTIVA (P);PREVENTIVA (P);NO;EN PROCESO DE INVESTIGACIÓN;NO CUENTA CON CAUSA ESPECIFICA;PE-08B;9/8/2021;-77.912304
A-2021-08-124;30:00.0;ATROPELLO;1;0;1;LAMBAYEQUE;LAMBAYEQUE;LAMBAYEQUE;URBANA;CALLE;URBANO;NO CORRESPONDE;-6.695426;DESPEJADO;RESIDENCIAL;TRAMO RECTO;PLANA ;ASFALTADA;NULL;NULL;NULL;NULL;EN PROCESO DE INVESTIGACIÓN;NO CUENTA CON CAUSA ESPECIFICA;Avenida Mariscal Ureta;9/8/2021;-79.908863
A-2021-08-191;00:00.0;ATROPELLO;1;0;1;PUNO;AZANGARO;SAN ANTON;RURAL;CARRETERA;NACIONAL;PE-34B;-14.376233;DESPEJADO;RURAL;CURVA;PLANA ;ASFALTADA;NULL;NULL;NULL;NULL;IMPRUDENCIA DEL PEATÓN;CRUCE INDEBIDO POR LA CALZADA;Carretera Interoceánica Puno - Madre de Dios;9/8/2021;-70.272318
A-2021-08-30;40:00.0;CHOQUE;1;1;2;ICA;NASCA;NASCA;RURAL;CARRETERA;NACIONAL;PE-1S;-14.955757;DESPEJADO;RURAL;CURVA;PLANA ;ASFALTADA;SI;PREVENTIVA (P);INFORMATIVA (I);SI;IMPRUDENCIA DEL CONDUCTOR;INVASIÓN DE CARRIL;Carretera Panamericana Sur;9/8/2021;-74.986589
A-2021-08-181;15:00.0;CHOQUE;1;0;1;APURIMAC;ANDAHUAYLAS;ANDAHUAYLAS;URBANA;CARRETERA;NACIONAL;PE-3S;-13.663746;DESPEJADO;COMERCIAL;TRAMO RECTO;PLANA ;ASFALTADA;NULL;NULL;NULL;NULL;IMPRUDENCIA DEL CONDUCTOR;CONDUCIR EN ESTADO DE EBRIEDAD Y/O DROGADICCIÓN;Carretera Longitudinal de la Sierra Sur;9/8/2021;-73.401938
A-2021-08-61;38:00.0;ATROPELLO;1;0;1;LA LIBERTAD;PACASMAYO;PACASMAYO;RURAL;CARRETERA;NACIONAL;PE-1N;-7.401758;DESPEJADO;RURAL;TRAMO RECTO;PLANA ;ASFALTADA;NULL;NULL;NULL;NULL;IMPRUDENCIA DEL CONDUCTOR;OTRO (IMPRUDENCIA DEL CONDUCTOR);Carretera Panamericana Norte;10/8/2021;-79.558541
A-2021-08-230;00:00.0;ATROPELLO;1;0;0;LIMA;LIMA;SAN MARTIN DE PORRES;URBANA;AVENIDA;URBANO;NO CORRESPONDE;-12.012709;NUBLADO;ESCOLAR;INTERSECCIÓN;PLANA ;ASFALTADA;NULL;NULL;NULL;NULL;EN PROCESO DE INVESTIGACIÓN;NO CUENTA CON CAUSA ESPECIFICA;Avenida Tomás Valle;10/8/2021;-77.080828
A-2021-08-231;00:00.0;ATROPELLO;1;0;0;LIMA;LIMA;VILLA EL SALVADOR;URBANA;AVENIDA;URBANO;NO CORRESPONDE;-12.197296;NUBLADO;RESIDENCIAL;TRAMO RECTO;PLANA ;ASFALTADA;NULL;NULL;NULL;NULL;EN PROCESO DE INVESTIGACIÓN;NO CUENTA CON CAUSA ESPECIFICA;Avenida Micaela Bastidas;10/8/2021;-76.952968
A-2021-08-62;20:00.0;ATROPELLO;1;0;1;LA LIBERTAD;TRUJILLO;FLORENCIA DE MORA;URBANA;AVENIDA;URBANO;NO CORRESPONDE;-8.086057;DESPEJADO;RESIDENCIAL;INTERSECCIÓN;PLANA ;ASFALTADA;NULL;NULL;NULL;NULL;EN PROCESO DE INVESTIGACIÓN;NO CUENTA CON CAUSA ESPECIFICA;Avenida 12 de Noviembre;10/8/2021;-79.01804
A-2021-08-232;45:00.0;ATROPELLO;1;0;0;LIMA;LIMA;CHORRILLOS;URBANA;AVENIDA;URBANO;NO CORRESPONDE;-12.179248;NUBLADO;RESIDENCIAL;TRAMO RECTO;PLANA ;ASFALTADA;NULL;NULL;NULL;NULL;EN PROCESO DE INVESTIGACIÓN;NO CUENTA CON CAUSA ESPECIFICA;Avenida Defensores del Morro;10/8/2021;-77.014289
A-2021-08-206;30:00.0;DESPISTE;1;1;0;AYACUCHO;VICTOR FAJARDO;VILCANCHOS;RURAL;CARRETERA;DEPARTAMENTAL;AY-106;-13.568882;DESPEJADO;RURAL;CURVA;INCLINADA;ASFALTADA;NULL;NULL;NULL;NULL;IMPRUDENCIA DEL CONDUCTOR;EXCESO DE VELOCIDAD;Espite;10/8/2021;-74.61658
A-2021-08-289;00:00.0;CHOQUE;1;0;2;AREQUIPA;CAYLLOMA;MAJES;RURAL;CARRETERA;NACIONAL;PE-1S;-16.526727;DESPEJADO;RURAL;TRAMO RECTO;PLANA ;ASFALTADA;NULL;NULL;NULL;NULL;EN PROCESO DE INVESTIGACIÓN;NO CUENTA CON CAUSA ESPECIFICA;Carretera Panamericana Sur;10/8/2021;-72.475836
A-2021-08-34;20:00.0;CHOQUE;2;4;2;AREQUIPA;AREQUIPA;SAN JUAN DE TARUCANI;RURAL;CARRETERA;NACIONAL;PE-34A;-16.053317;DESPEJADO;RURAL;TRAMO RECTO;PLANA ;ASFALTADA;NO;NULL;NULL;SI;EN PROCESO DE INVESTIGACIÓN;NO CUENTA CON CAUSA ESPECIFICA;Vía Interoceánica Sur - Tramo 5;10/8/2021;-71.339855
A-2021-08-31;30:00.0;ATROPELLO FUGA;1;0;NULL;PUNO;EL COLLAO;ILAVE;RURAL;CARRETERA;PROVINCIAL;PU-1208;-16.184941;DESPEJADO;RURAL;TRAMO RECTO;PLANA ;TROCHA;NULL;NULL;NULL;NULL;IMPRUDENCIA DEL CONDUCTOR;OTRO (IMPRUDENCIA DEL CONDUCTOR);Ilave;10/8/2021;-69.583706
A-2021-08-303;30:00.0;DESPISTE;1;0;1;HUANUCO;HUANUCO;SAN FRANCISCO DE CAYRAN;RURAL;CARRETERA;PROVINCIAL;HU-1101;-9.980892;DESPEJADO;RURAL;SINUOSA;INCLINADA;AFIRMADO;NULL;NULL;NULL;NULL;IMPRUDENCIA DEL CONDUCTOR;EXCESO DE VELOCIDAD;Cayran;11/8/2021;-76.287845
A-2021-08-32;00:00.0;DESPISTE;1;0;1;PUNO;EL COLLAO;ILAVE;RURAL;CARRETERA;NACIONAL;PE-38A;-16.094537;DESPEJADO;RURAL;TRAMO RECTO;INCLINADA;ASFALTADA;NULL;NULL;NULL;NULL;IMPRUDENCIA DEL CONDUCTOR;EXCESO DE VELOCIDAD;San Cristobal de Balsabe;11/8/2021;-69.628365
A-2021-08-234;15:00.0;CHOQUE;1;0;0;LIMA;LIMA;COMAS;URBANA;JIRÓN;URBANO;NO CORRESPONDE;-11.935141;DESPEJADO;RESIDENCIAL;TRAMO RECTO;PLANA ;ASFALTADA;NULL;NULL;NULL;NULL;IMPRUDENCIA DEL CONDUCTOR;EXCESO DE VELOCIDAD;Las Manufacturas;11/8/2021;-77.069255
A-2021-08-68;45:00.0;ATROPELLO;1;0;1;AREQUIPA;AREQUIPA;CERRO COLORADO;URBANA;AVENIDA;URBANO;NO CORRESPONDE;-16.375537;DESPEJADO;COMERCIAL;TRAMO RECTO;INCLINADA;ASFALTADA;NO;NULL;NULL;SI;EN PROCESO DE INVESTIGACIÓN;NO CUENTA CON CAUSA ESPECIFICA;Avenida Aviación;11/8/2021;-71.557688
A-2021-08-47;00:00.0;CHOQUE;1;0;2;PUNO;PUNO;ACORA;RURAL;CARRETERA;NACIONAL;PE-3S;-16.016363;DESPEJADO;RURAL;TRAMO RECTO;PLANA ;TROCHA;NULL;NULL;NULL;NULL;IMPRUDENCIA DEL CONDUCTOR;DESACATO DE SEÑAL DE TRÁNSITO;Carretera Longitudinal de la Sierra Sur;11/8/2021;-69.746569
A-2021-08-63;30:00.0;CHOQUE;1;0;2;LA LIBERTAD;TRUJILLO;TRUJILLO;URBANA;AVENIDA;URBANO;NO CORRESPONDE;-8.087729;DESPEJADO;COMERCIAL;TRAMO RECTO;PLANA ;ASFALTADA;NULL;NULL;NULL;NULL;IMPRUDENCIA DEL CONDUCTOR;INVASIÓN DE CARRIL;Avenida Túpac Amaru;11/8/2021;-79.039769
A-2021-08-309;40:00.0;CHOQUE;3;0;2;ANCASH;HUARMEY;HUARMEY;RURAL;CARRETERA;NACIONAL;PE-1N;-10.018976;DESPEJADO;RURAL;TRAMO RECTO;PLANA ;ASFALTADA;NULL;NULL;NULL;NULL;EN PROCESO DE INVESTIGACIÓN;NO CUENTA CON CAUSA ESPECIFICA;Panamericana Norte;12/8/2021;-78.171402
A-2021-08-264;45:00.0;ATROPELLO FUGA;1;0;0;LIMA;BARRANCA;PARAMONGA;RURAL;CARRETERA;NACIONAL;PE-16;-10.409899;SOLEADO;RURAL;TRAMO RECTO;PLANA ;ASFALTADA;NULL;NULL;NULL;NULL;EN PROCESO DE INVESTIGACIÓN;NO CUENTA CON CAUSA ESPECIFICA;Carretera a Huaraz;12/8/2021;-77.707586
A-2021-08-64;30:00.0;ATROPELLO;1;0;1;LA LIBERTAD;PACASMAYO;GUADALUPE;URBANA;CARRETERA;NACIONAL;PE-1N;-7.260811;DESPEJADO;INDUSTRIAL;TRAMO RECTO;PLANA ;ASFALTADA;NULL;NULL;NULL;NULL;NEGLIGENCIA DEL CONDUCTOR;OTRO (NEGLIGENCIA DEL CONDUCTOR);Carretera Panamericana Norte;12/8/2021;-79.488582
A-2021-08-310;20:00.0;ATROPELLO FUGA;1;0;NULL;ANCASH;SANTA;CHIMBOTE;URBANA;AVENIDA;URBANO;NO CORRESPONDE;-9.074624;DESPEJADO;RESIDENCIAL;TRAMO RECTO;PLANA ;ASFALTADA;NULL;NULL;NULL;NULL;EN PROCESO DE INVESTIGACIÓN;NO CUENTA CON CAUSA ESPECIFICA;Avenida Camino Real;12/8/2021;-78.58309
A-2021-08-275;00:00.0;DESPISTE;1;1;1;LIMA;OYON;PACHANGARA;URBANA;CARRETERA;NACIONAL;PE-18;-10.79902;DESPEJADO;RESIDENCIAL;TRAMO RECTO;INCLINADA;ASFALTADA;NULL;NULL;NULL;NULL;IMPRUDENCIA DEL CONDUCTOR;EXCESO DE VELOCIDAD;Carretera Huaura - Ambo;13/8/2021;-76.877347
A-2021-08-235;30:00.0;ATROPELLO;1;0;0;LIMA;LIMA;LOS OLIVOS;URBANA;AVENIDA;URBANO;NO CORRESPONDE;-11.959972;NUBLADO;ESCOLAR;INTERSECCIÓN;PLANA ;ASFALTADA;NULL;NULL;NULL;NULL;EN PROCESO DE INVESTIGACIÓN;NO CUENTA CON CAUSA ESPECIFICA;Avenida Alfredo Mendiola;13/8/2021;-77.068223
A-2021-08-236;30:00.0;ATROPELLO;1;0;0;LIMA;LIMA;VILLA EL SALVADOR;URBANA;OTRO;URBANO;NO CORRESPONDE;-12.236409;DESPEJADO;ESCOLAR;TRAMO RECTO;PLANA ;ASFALTADA;NULL;NULL;NULL;NULL;EN PROCESO DE INVESTIGACIÓN;NO CUENTA CON CAUSA ESPECIFICA;Calle C;13/8/2021;-76.920455
A-2021-08-65;10:00.0;CHOQUE;2;0;2;LA LIBERTAD;VIRU;GUADALUPITO;RURAL;CARRETERA;NACIONAL;PE-1N;-8.960879;DESPEJADO;RURAL;TRAMO RECTO;PLANA ;ASFALTADA;NULL;NULL;NULL;NULL;IMPRUDENCIA DEL CONDUCTOR;CONDUCIR EN ESTADO DE EBRIEDAD Y/O DROGADICCIÓN;Panamericana Norte;13/8/2021;-78.628476
A-2021-08-209;30:00.0;DESPISTE;2;0;1;AYACUCHO;CANGALLO;PARAS;RURAL;CARRETERA;NACIONAL;PE-28A;-13.360094;DESPEJADO;RURAL;CURVA;INCLINADA;ASFALTADA;NULL;NULL;NULL;NULL;IMPRUDENCIA DEL CONDUCTOR;FATIGA Y/O CANSANCIO;Vía de los Libertadores;14/8/2021;-74.736338
A-2021-08-192;20:00.0;ATROPELLO FUGA;1;0;0;PUNO;SAN ROMAN;JULIACA;RURAL;CARRETERA;NACIONAL;PE-34A;-15.522635;DESPEJADO;RURAL;TRAMO RECTO;PLANA ;ASFALTADA;NULL;NULL;NULL;NULL;IMPRUDENCIA DEL PEATÓN;CRUCE INDEBIDO POR LA CALZADA;Héroes de La Guerra del Pacífico;14/8/2021;-70.180382
A-2021-08-202;00:00.0;DESPISTE;1;1;1;PIURA;HUANCABAMBA;HUARMACA;RURAL;CARRETERA;NACIONAL;PE-3N;-5.632853;NIEBLA;RURAL;CURVA;INCLINADA;ASFALTADA;NULL;NULL;NULL;NULL;EN PROCESO DE INVESTIGACIÓN;NO CUENTA CON CAUSA ESPECIFICA;Carretera Longitudinal de la Sierra Norte;14/8/2021;-79.539087
A-2021-08-57;00:00.0;ATROPELLO FUGA;1;0;NULL;PUNO;CHUCUITO;ZEPITA;RURAL;CARRETERA;NACIONAL;PE-36A;-16.579316;DESPEJADO;RURAL;TRAMO RECTO;PLANA ;ASFALTADA;NULL;NULL;NULL;NULL;EN PROCESO DE INVESTIGACIÓN;NO CUENTA CON CAUSA ESPECIFICA;Carretera Binacional;14/8/2021;-69.23732
A-2021-08-69;50:00.0;DESPISTE;1;0;1;AREQUIPA;CAYLLOMA;SAN ANTONIO DE CHUCA;RURAL;CARRETERA;NACIONAL;PE-34J;-15.710765;DESPEJADO;RURAL;CURVA;PLANA ;ASFALTADA;NO;NULL;NULL;SI;EN PROCESO DE INVESTIGACIÓN;NO CUENTA CON CAUSA ESPECIFICA;Carretera Imata - Morocaque;14/8/2021;-71.053578
A-2021-08-201;30:00.0;ATROPELLO;1;0;0;PUNO;SANDIA;SAN PEDRO DE PUTINA PUNCO;URBANA;CARRETERA;NACIONAL;PE-34H;-14.1246;DESPEJADO;COMERCIAL;TRAMO RECTO;PLANA ;ASFALTADA;NULL;NULL;NULL;NULL;IMPRUDENCIA DEL PEATÓN;OTRO (IMPRUDENCIA DEL PEATÓN);San Juan del Oro - San Pedro de Putinapunku;14/8/2021;-69.06972
A-2021-08-66;45:00.0;CHOQUE;1;0;2;LA LIBERTAD;TRUJILLO;TRUJILLO;URBANA;AVENIDA;URBANO;NO CORRESPONDE;-8.119951;DESPEJADO;RESIDENCIAL;INTERSECCIÓN;PLANA ;ASFALTADA;NULL;NULL;NULL;NULL;IMPRUDENCIA DEL CONDUCTOR;NO ESTABLECER EL DERECHO DE PASO;Avenida 29 de Diciembre;14/8/2021;-79.028736
A-2021-08-237;30:00.0;ATROPELLO;1;0;0;LIMA;LIMA;COMAS;URBANA;AVENIDA;URBANO;NO CORRESPONDE;-11.925832;NUBLADO;ESCOLAR;TRAMO RECTO;PLANA ;ASFALTADA;NULL;NULL;NULL;NULL;EN PROCESO DE INVESTIGACIÓN;NO CUENTA CON CAUSA ESPECIFICA;Avenida Túpac Amaru;14/8/2021;-77.042881
A-2021-08-110;05:00.0;ATROPELLO;1;0;NULL;CAJAMARCA;CAJAMARCA;CAJAMARCA;URBANA;AVENIDA;URBANO;NO CORRESPONDE;-7.15318;DESPEJADO;ESCOLAR;TRAMO RECTO;PLANA ;ASFALTADA;NULL;NULL;NULL;NULL;IMPRUDENCIA DEL PEATÓN;CRUCE INDEBIDO POR LA CALZADA;Avenida 13 de Julio;14/8/2021;-78.523147
A-2021-08-71;30:00.0;CHOQUE;1;0;3;AREQUIPA;CAYLLOMA;MAJES;RURAL;CARRETERA;SIN CLASIFICAR;SIN CLASIFICAR;-16.36448;DESPEJADO;RURAL;INTERSECCIÓN;PLANA ;ASFALTADA;NO;NULL;NULL;SI;EN PROCESO DE INVESTIGACIÓN;NO CUENTA CON CAUSA ESPECIFICA;El Pedregal;14/8/2021;-72.197781
A-2021-08-60;00:00.0;CHOQUE;1;1;2;PIURA;PIURA;PIURA;RURAL;CARRETERA;NACIONAL;PE-1N;-5.108808;DESPEJADO;RURAL;TRAMO RECTO;PLANA ;ASFALTADA;NULL;NULL;NULL;NULL;EN PROCESO DE INVESTIGACIÓN;NO CUENTA CON CAUSA ESPECIFICA;Carretera Panamericana Norte;14/8/2021;-80.70334
A-2021-08-70;20:00.0;VOLCADURA;4;8;2;AREQUIPA;AREQUIPA;YURA;RURAL;CARRETERA;NACIONAL;PE-34A;-16.077379;DESPEJADO;RURAL;CURVA;INCLINADA;ASFALTADA;SI;PREVENTIVA (P);PREVENTIVA (P);SI;EN PROCESO DE INVESTIGACIÓN;NO CUENTA CON CAUSA ESPECIFICA;Vía Interoceánica Sur - Tramo 5;15/8/2021;-71.511948
A-2021-08-125;30:00.0;CHOQUE;1;0;2;LAMBAYEQUE;CHICLAYO;LA VICTORIA;URBANA;AVENIDA;URBANO;NO CORRESPONDE;-6.795855;DESPEJADO;RESIDENCIAL;INTERSECCIÓN;PLANA ;ASFALTADA;NULL;NULL;NULL;NULL;IMPRUDENCIA DEL CONDUCTOR;INVASIÓN DE CARRIL;Calle Yahuar Huaca;15/8/2021;-79.841584