CÓDIGO SINIESTRO;HORA SINIESTRO;CLASE SINIESTRO;CANTIDAD DE FALLECIDOS;CANTIDAD DE LESIONADOS;CANTIDAD DE VEHICULOS DAÑADOS;DEPARTAMENTO;PROVINCIA;DISTRITO;ZONA;TIPO DE VÍA;RED VIAL;COD CARRETERA;COORDENADAS LATITUD;CONDICIÓN CLIMÁTICA;ZONIFICACIÓN;CARACTERÍSTICAS DE VÍA;PERFIL LONGITUDINAL VÍA;SUPERFICIE DE CALZADA;¿EXISTE SEÑAL VERTICAL?;CLASIFICACIÓN DE LA SEÑAL VERTICAL Nº 1;CLASIFICACIÓN DE LA SEÑAL VERTICAL Nº 2;¿EXISTE SEÑAL HORIZONTAL?;CAUSA FACTOR PRINCIPAL;CAUSA ESPECÍFICA;UBICACION;FECHA SINIESTRO;COORDENADAS LONGITUD
A-2021-08-325;00:00.0;DESPISTE;1;0;NULL;APURIMAC;ABANCAY;PICHIRHUA;RURAL;CARRETERA;NACIONAL;PE-30A;-13.897412;NULL;NULL;NULL;NULL;NULL;NULL;NULL;NULL;NULL;EN PROCESO DE INVESTIGACIÓN;NO CUENTA CON CAUSA ESPECIFICA;Carretera Nasca - Abancay;15/8/2021;-73.045318
A-2021-08-67;30:00.0;CHOQUE;2;13;2;LA LIBERTAD;ASCOPE;CHICAMA;RURAL;CARRETERA;NACIONAL;PE-1N;-7.905446;DESPEJADO;RURAL;TRAMO RECTO;PLANA ;ASFALTADA;NULL;NULL;NULL;NULL;IMPRUDENCIA DEL CONDUCTOR;OTRO (IMPRUDENCIA DEL CONDUCTOR);Carretera Panamericana Norte;15/8/2021;-79.117592
A-2021-08-77;00:00.0;ATROPELLO FUGA;1;0;1;ANCASH;HUARI;CHAVIN DE HUANTAR;RURAL;CARRETERA;SIN CLASIFICAR;SIN CLASIFICAR;-9.592857;DESPEJADO;RURAL;TRAMO RECTO;PLANA ;ASFALTADA;SI;PREVENTIVA (P);PREVENTIVA (P);SI;IMPRUDENCIA DEL CONDUCTOR;OTRO (IMPRUDENCIA DEL CONDUCTOR);Jirón 17 de Enero Sur;15/8/2021;-77.178608
A-2021-08-119;45:00.0;CHOQUE;1;2;2;AREQUIPA;AREQUIPA;CERRO COLORADO;RURAL;CARRETERA;NACIONAL;PE-34A;-16.344694;DESPEJADO;COMERCIAL;TRAMO RECTO;INCLINADA;ASFALTADA;NO;NULL;NULL;SI;EN PROCESO DE INVESTIGACIÓN;NO CUENTA CON CAUSA ESPECIFICA;Vía de Evitamiento;15/8/2021;-71.581545
A-2021-08-132;30:00.0;DESPISTE;1;2;1;APURIMAC;ANDAHUAYLAS;KAQUIABAMBA;RURAL;CARRETERA;PROVINCIAL;AP-578;-13.526327;DESPEJADO;RURAL;OTRO;INCLINADA;CASCAJO/RIPIO;NULL;NULL;NULL;NULL;IMPRUDENCIA DEL CONDUCTOR;CONDUCIR EN ESTADO DE EBRIEDAD Y/O DROGADICCIÓN;Trojahuasi;16/8/2021;-73.294505
A-2021-08-265;45:00.0;CHOQUE;1;1;2;LIMA;BARRANCA;PATIVILCA;RURAL;CARRETERA;NACIONAL;PE-16A;-10.674805;LLUVIOSO;RURAL;TRAMO RECTO;PLANA ;ASFALTADA;NULL;NULL;NULL;NULL;IMPRUDENCIA DEL CONDUCTOR;EXCESO DE VELOCIDAD;Carretera Barranca - Ocros;16/8/2021;-77.782002
A-2021-08-238;40:00.0;ATROPELLO;1;0;NULL;LIMA;LIMA;VILLA EL SALVADOR;URBANA;AVENIDA;URBANO;NO CORRESPONDE;-12.212208;DESPEJADO;INDUSTRIAL;INTERSECCIÓN;PLANA ;ASFALTADA;NULL;NULL;NULL;NULL;EN PROCESO DE INVESTIGACIÓN;NO CUENTA CON CAUSA ESPECIFICA;Avenida Separadora Agroindustrial;16/8/2021;-76.958011
A-2021-08-311;40:00.0;DESPISTE;1;0;1;ANCASH;SANTA;COISHCO;RURAL;OTRO;URBANO;NO CORRESPONDE;-9.020311;DESPEJADO;RURAL;TRAMO RECTO;PLANA ;AFIRMADO;NULL;NULL;NULL;NULL;EN PROCESO DE INVESTIGACIÓN;NO CUENTA CON CAUSA ESPECIFICA;Calle Kennedy;16/8/2021;-78.61247
A-2021-08-295;40:00.0;CHOQUE;1;0;1;PIURA;SULLANA;IGNACIO ESCUDERO;RURAL;CARRETERA;NACIONAL;PE-1N;-4.847456;DESPEJADO;RURAL;TRAMO RECTO;PLANA ;ASFALTADA;NULL;NULL;NULL;NULL;EN PROCESO DE INVESTIGACIÓN;NO CUENTA CON CAUSA ESPECIFICA;Carretera Panamericana Norte;16/8/2021;-80.862573
A-2021-08-276;40:00.0;DESPISTE;1;0;1;LIMA;HUAURA;HUACHO;RURAL;CARRETERA;NACIONAL;PE-18;-11.415471;DESPEJADO;RURAL;CURVA;PLANA ;ASFALTADA;SI;INFORMATIVA (I);PREVENTIVA (P);NO;IMPRUDENCIA DEL CONDUCTOR;EXCESO DE VELOCIDAD;Carretera Río Seco - Sayán;17/8/2021;-77.372125
A-2021-08-193;45:00.0;CHOQUE;1;0;0;PUNO;SAN ROMAN;JULIACA;URBANA;CARRETERA;NACIONAL;PE-34A;-15.481624;DESPEJADO;COMERCIAL;TRAMO RECTO;PLANA ;ASFALTADA;NULL;NULL;NULL;NULL;IMPRUDENCIA DEL CONDUCTOR;INVASIÓN DE CARRIL;Avenida Circunvalación Norte;17/8/2021;-70.138077
A-2021-08-332;15:00.0;CHOQUE FUGA;1;10;NULL;LIMA;LIMA;LIMA;URBANA;AVENIDA;URBANO;NO CORRESPONDE;-12.044565;DESPEJADO;INDUSTRIAL;TRAMO RECTO;PLANA ;ASFALTADA;NULL;NULL;NULL;NULL;IMPRUDENCIA DEL CONDUCTOR;EXCESO DE VELOCIDAD;Lima;17/8/2021;-77.073666
A-2021-08-284;30:00.0;DESPISTE;1;1;NULL;MOQUEGUA;MARISCAL NIETO;TORATA;RURAL;CARRETERA;PROVINCIAL;MO-587;-17.120562;NULL;NULL;NULL;NULL;NULL;NULL;NULL;NULL;NULL;EN PROCESO DE INVESTIGACIÓN;NO CUENTA CON CAUSA ESPECIFICA;Quellaveco;17/8/2021;-70.671095
A-2021-08-186;00:00.0;DESPISTE;2;0;2;JUNIN;TARMA;TAPO;RURAL;CARRETERA;DEPARTAMENTAL;JU-103;-11.358076;DESPEJADO;RURAL;TRAMO RECTO;PLANA ;TROCHA;NULL;NULL;NULL;NULL;EN PROCESO DE INVESTIGACIÓN;NO CUENTA CON CAUSA ESPECIFICA;Carretera Jauja - Palca;17/8/2021;-75.556971
A-2021-08-273;10:00.0;CHOQUE;1;0;2;LIMA;HUAURA;SANTA MARIA;URBANA;AVENIDA;URBANO;NO CORRESPONDE;-11.096769;DESPEJADO;RESIDENCIAL;TRAMO RECTO;PLANA ;ASFALTADA;NULL;NULL;NULL;NULL;IMPRUDENCIA DEL CONDUCTOR;EXCESO DE VELOCIDAD;Avenida Félix B. Cárdenas;17/8/2021;-77.594687
A-2021-08-78;00:00.0;CHOQUE;1;0;2;AREQUIPA;CAMANA;SAMUEL PASTOR;URBANA;CARRETERA;NACIONAL;PE-1S;-16.63406;DESPEJADO;COMERCIAL;TRAMO RECTO;PLANA ;ASFALTADA;NO;NULL;NULL;SI;EN PROCESO DE INVESTIGACIÓN;NO CUENTA CON CAUSA ESPECIFICA;Vía de Evitamiento;17/8/2021;-72.69027
A-2021-06-323;15:00.0;DESPISTE;1;0;1;LAMBAYEQUE;CHICLAYO;POMALCA;URBANA;CARRETERA;PROVINCIAL;LA-816;-6.770434;DESPEJADO;COMERCIAL;PUENTE;PLANA ;ASFALTADA;NULL;NULL;NULL;NULL;IMPRUDENCIA DEL CONDUCTOR;CONDUCIR EN ESTADO DE EBRIEDAD Y/O DROGADICCIÓN;Avenida San Francisco de Asís;7/6/2021;-79.7821
A-2021-06-23;00:00.0;DESPISTE;1;0;1;PUNO;EL COLLAO;ILAVE;RURAL;CARRETERA;SIN CLASIFICAR;SIN CLASIFICAR;-16.051474;DESPEJADO;RURAL;TRAMO RECTO;PLANA ;ASFALTADA;NULL;NULL;NULL;NULL;IMPRUDENCIA DEL CONDUCTOR;FATIGA Y/O CANSANCIO;Ilave;8/6/2021;-69.585508
A-2021-06-343;00:00.0;DESPISTE;1;1;1;APURIMAC;ANDAHUAYLAS;PACOBAMBA;RURAL;CARRETERA;DEPARTAMENTAL;AP-100;-13.528415;DESPEJADO;RURAL;TRAMO RECTO;INCLINADA;AFIRMADO;NULL;NULL;NULL;NULL;IMPRUDENCIA DEL CONDUCTOR;FATIGA Y/O CANSANCIO;AP-100;8/6/2021;-73.197226
A-2021-06-278;37:00.0;ESPECIAL;1;1;0;LAMBAYEQUE;CHICLAYO;JOSE LEONARDO ORTIZ;URBANA;AVENIDA;URBANO;NO CORRESPONDE;-6.745099;LLUVIOSO;INDUSTRIAL;TRAMO RECTO;PLANA ;ASFALTADA;NULL;NULL;NULL;NULL;EN PROCESO DE INVESTIGACIÓN;NO CUENTA CON CAUSA ESPECIFICA;Avenida Chiclayo;8/6/2021;-79.866915
A-2021-06-79;30:00.0;DESPISTE;18;5;1;LA LIBERTAD;PATAZ;PARCOY;RURAL;CARRETERA;NACIONAL;PE-10C;-7.891157;LLUVIOSO;RURAL;SINUOSA;PLANA ;AFIRMADO;NULL;NULL;NULL;NULL;IMPRUDENCIA DEL CONDUCTOR;EXCESO DE VELOCIDAD;PE-10C;8/6/2021;-77.629046
A-2021-06-334;24:00.0;CHOQUE;1;0;2;LIMA;BARRANCA;BARRANCA;RURAL;CARRETERA;PROVINCIAL;LM-521;-10.687367;SOLEADO;RURAL;TRAMO RECTO;INCLINADA;AFIRMADO;NULL;NULL;NULL;NULL;EN PROCESO DE INVESTIGACIÓN;NO CUENTA CON CAUSA ESPECIFICA;Pampa San Alejo;8/6/2021;-77.679257
A-2021-06-144;50:00.0;ATROPELLO;1;0;0;AYACUCHO;HUAMANGA;AYACUCHO;URBANA;CARRETERA;NACIONAL;PE-3S;-13.17009;DESPEJADO;RURAL;INTERSECCIÓN;PLANA ;CONCRETO;NULL;NULL;NULL;NULL;IMPRUDENCIA DEL PEATÓN;ESTADO DE EBRIEDAD Y/O DROGADICCIÓN;Avenida Cusco;9/6/2021;-74.21035
A-2021-06-229;30:00.0;CHOQUE;1;0;1;PUNO;AZANGARO;CAMINACA;RURAL;CARRETERA;DEPARTAMENTAL;PU-113;-15.275186;DESPEJADO;RURAL;TRAMO RECTO;PLANA ;ASFALTADA;NULL;NULL;NULL;NULL;IMPRUDENCIA DEL CONDUCTOR;EXCESO DE VELOCIDAD;PU-113;9/6/2021;-70.085065
A-2021-06-114;00:00.0;CHOQUE;1;0;NULL;LIMA;LIMA;EL AGUSTINO;URBANA;CARRETERA;NACIONAL;PE-1N;-12.031138;DESPEJADO;INDUSTRIAL;TRAMO RECTO;PLANA ;CONCRETO;NULL;NULL;NULL;NULL;IMPRUDENCIA DEL CONDUCTOR;OTRO (IMPRUDENCIA DEL CONDUCTOR);Avenida 1 de Mayo;9/6/2021;-77.002644
A-2021-06-81;00:00.0;CHOQUE;1;2;2;LA LIBERTAD;ASCOPE;CHOCOPE;RURAL;CARRETERA;NACIONAL;PE-1N;-7.804772;DESPEJADO;RURAL;TRAMO RECTO;PLANA ;ASFALTADA;NULL;NULL;NULL;NULL;EN PROCESO DE INVESTIGACIÓN;NO CUENTA CON CAUSA ESPECIFICA;Carretera Panamericana Norte;9/6/2021;-79.193644
A-2021-06-139;45:00.0;ATROPELLO;1;0;0;HUANCAVELICA;ANGARAES;SECCLLA;RURAL;CARRETERA;PROVINCIAL;HV-806;-13.0641;DESPEJADO;RURAL;OTRO;INCLINADA;TROCHA;NULL;NULL;NULL;NULL;EN PROCESO DE INVESTIGACIÓN;NO CUENTA CON CAUSA ESPECIFICA;Allarpo;9/6/2021;-74.506558
A-2021-06-127;30:00.0;DESPISTE;1;1;1;CUSCO;CANAS;PAMPAMARCA;RURAL;CARRETERA;NACIONAL;PE-34F;-14.113702;DESPEJADO;RURAL;TRAMO RECTO;PLANA ;ASFALTADA;NULL;NULL;NULL;NULL;EN PROCESO DE INVESTIGACIÓN;NO CUENTA CON CAUSA ESPECIFICA;PE-34F;9/6/2021;-71.458108
A-2021-06-33;00:00.0;DESPISTE;1;1;1;PIURA;PIURA;PIURA;URBANA;AVENIDA;URBANO;NO CORRESPONDE;-5.164;DESPEJADO;RURAL;CURVA;PLANA ;ASFALTADA;SI;PREVENTIVA (P);PREVENTIVA (P);SI;EN PROCESO DE INVESTIGACIÓN;NO CUENTA CON CAUSA ESPECIFICA;Avenida Raúl Mata de la Cruz;9/6/2021;-80.647363
A-2021-06-115;45:00.0;ATROPELLO;1;0;NULL;LIMA;LIMA;PUEBLO LIBRE;URBANA;AVENIDA;URBANO;NO CORRESPONDE;-12.071682;DESPEJADO;INDUSTRIAL;TRAMO RECTO;PLANA ;ASFALTADA;NULL;NULL;NULL;NULL;IMPRUDENCIA DEL PEATÓN;OTRO (IMPRUDENCIA DEL PEATÓN);Avenida Brasil;9/6/2021;-77.050911
A-2021-06-80;45:00.0;DESPISTE;1;1;1;ANCASH;HUARI;SAN MARCOS;RURAL;CARRETERA;DEPARTAMENTAL;AN-110;-9.482074;DESPEJADO;RURAL;CURVA;INCLINADA;ASFALTADA;NULL;NULL;NULL;NULL;IMPRUDENCIA DEL CONDUCTOR;EXCESO DE VELOCIDAD;Puente Véliz;9/6/2021;-77.142208
A-2021-06-30;00:00.0;ATROPELLO;1;0;1;AREQUIPA;AREQUIPA;SANTA RITA DE SIGUAS;RURAL;CARRETERA;NACIONAL;PE-1S;-16.416445;DESPEJADO;RURAL;TRAMO RECTO;PLANA ;ASFALTADA;SI;REGULADORA (R);REGULADORA (R);SI;EN PROCESO DE INVESTIGACIÓN;NO CUENTA CON CAUSA ESPECIFICA;Carretera Panamericana Sur;9/6/2021;-72.04159
A-2021-06-179;00:00.0;DESPISTE;2;0;1;PUNO;MELGAR;NUÑOA;RURAL;CARRETERA;DEPARTAMENTAL;PU-100;-14.590234;DESPEJADO;RURAL;CURVA;INCLINADA;AFIRMADO;NULL;NULL;NULL;NULL;IMPRUDENCIA DEL CONDUCTOR;EXCESO DE VELOCIDAD;PU-100;10/6/2021;-70.64968
A-2021-06-207;30:00.0;CHOQUE;1;2;2;APURIMAC;AYMARAES;COLCABAMBA;RURAL;CARRETERA;NACIONAL;PE-3SA;-14.034293;DESPEJADO;RURAL;PASE A DESNIVEL;INCLINADA;ASFALTADA;SI;PREVENTIVA (P);REGULADORA (R);SI;IMPRUDENCIA DEL CONDUCTOR;OTRO (IMPRUDENCIA DEL CONDUCTOR);Carretera Nasca - Abancay;10/6/2021;-73.220305
A-2021-06-345;30:00.0;DESPISTE;1;0;2;HUANUCO;HUANUCO;CHINCHAO;RURAL;CARRETERA;NACIONAL;PE-18A;-9.711524;DESPEJADO;RURAL;SINUOSA;INCLINADA;ASFALTADA;NULL;NULL;NULL;NULL;IMPRUDENCIA DEL CONDUCTOR;EXCESO DE VELOCIDAD;Carretera Central;10/6/2021;-76.094453
A-2021-06-224;05:00.0;DESPISTE;1;0;1;PUNO;SAN ROMAN;JULIACA;URBANA;JIRÓN;URBANO;NO CORRESPONDE;-15.499152;DESPEJADO;ESCOLAR;INTERSECCIÓN;PLANA ;CONCRETO;NULL;NULL;NULL;NULL;IMPRUDENCIA DEL CONDUCTOR;EXCESO DE VELOCIDAD;Jirón Daniel Alcides Carrión;11/6/2021;-70.125657
A-2021-06-347;30:00.0;CHOQUE;1;0;2;ANCASH;HUARMEY;HUARMEY;RURAL;CARRETERA;NACIONAL;PE-1N;-10.037025;DESPEJADO;RURAL;TRAMO RECTO;PLANA ;ASFALTADA;NULL;NULL;NULL;NULL;EN PROCESO DE INVESTIGACIÓN;NO CUENTA CON CAUSA ESPECIFICA;Panamericana Norte;11/6/2021;-78.163082
A-2021-06-280;15:00.0;CHOQUE;1;4;3;CAJAMARCA;JAEN;POMAHUACA;RURAL;CARRETERA;NACIONAL;PE-3N;-6.002936;NUBLADO;RURAL;TRAMO RECTO;PLANA ;ASFALTADA;NULL;NULL;NULL;NULL;EN PROCESO DE INVESTIGACIÓN;NO CUENTA CON CAUSA ESPECIFICA;Carretera Presidente Fernando Belaúnde Terry;11/6/2021;-79.168209
A-2021-06-74;00:00.0;CHOQUE;1;0;NULL;LIMA;LIMA;SANTIAGO DE SURCO;URBANA;AVENIDA;URBANO;NO CORRESPONDE;-12.128939;DESPEJADO;INDUSTRIAL;TRAMO RECTO;PLANA ;CONCRETO;NULL;NULL;NULL;NULL;IMPRUDENCIA DEL CONDUCTOR;OTRO (IMPRUDENCIA DEL CONDUCTOR);Avenida Caminos del Inca;11/6/2021;-76.981576
A-2021-06-220;05:00.0;DESPISTE;2;0;1;AYACUCHO;HUANTA;SIVIA;RURAL;CARRETERA;PROVINCIAL;AY-518;-12.51799;DESPEJADO;RURAL;CURVA;INCLINADA;TROCHA;NULL;NULL;NULL;NULL;IMPRUDENCIA DEL CONDUCTOR;EXCESO DE VELOCIDAD;Chuvivana;11/6/2021;-73.89203
A-2021-06-57;20:00.0;CHOQUE;1;0;1;AREQUIPA;ISLAY;DEAN VALDIVIA;RURAL;CARRETERA;NACIONAL;PE-1SD;-17.126998;DESPEJADO;RURAL;TRAMO RECTO;PLANA ;ASFALTADA;NO;NULL;NULL;SI;EN PROCESO DE INVESTIGACIÓN;NO CUENTA CON CAUSA ESPECIFICA;Carretera Costanera Sur;11/6/2021;-71.88132
A-2021-06-132;00:00.0;CHOQUE;1;0;2;PUNO;SAN ROMAN;SAN MIGUEL;RURAL;CARRETERA;NACIONAL;PE-3S;-15.441136;DESPEJADO;RURAL;TRAMO RECTO;PLANA ;ASFALTADA;SI;INFORMATIVA (I);REGULADORA (R);NO;IMPRUDENCIA DEL CONDUCTOR;CONDUCIR EN ESTADO DE EBRIEDAD Y/O DROGADICCIÓN;Avenida Independencia;11/6/2021;-70.140318
A-2021-06-138;25:00.0;CHOQUE CON OBJETO FIJO;1;0;1;PUNO;SAN ROMAN;JULIACA;URBANA;AVENIDA;URBANO;NO CORRESPONDE;-15.4854;DESPEJADO;COMERCIAL;INTERSECCIÓN;PLANA ;AFIRMADO;NULL;NULL;NULL;NULL;IMPRUDENCIA DEL CONDUCTOR;EXCESO DE VELOCIDAD;Avenida Lampa;12/6/2021;-70.15334
A-2021-06-110;50:00.0;CHOQUE;2;0;2;CAJAMARCA;CUTERVO;CHOROS;RURAL;CARRETERA;NACIONAL;PE-04C;-5.965378;DESPEJADO;RURAL;CURVA;INCLINADA;ASFALTADA;SI;PREVENTIVA (P);NULL;SI;IMPRUDENCIA DEL CONDUCTOR;EXCESO DE VELOCIDAD;Carretera Presidente Fernando Belaúnde Terry;12/6/2021;-78.847732
A-2021-06-233;39:00.0;CHOQUE;1;0;2;LA LIBERTAD;TRUJILLO;LAREDO;RURAL;CARRETERA;NACIONAL;PE-10A;-8.063745;DESPEJADO;RURAL;INTERSECCIÓN;PLANA ;AFIRMADO;NULL;NULL;NULL;NULL;IMPRUDENCIA DEL CONDUCTOR;GIRAR IMPRUDENTEMENTE;Carretera Industrial;12/6/2021;-78.859234
A-2021-06-348;00:00.0;DESPISTE;3;0;1;ANCASH;PALLASCA;PALLASCA;RURAL;CARRETERA;NACIONAL;PE-3N;-8.281153;DESPEJADO;RURAL;CURVA;INCLINADA;TROCHA;NULL;NULL;NULL;NULL;EN PROCESO DE INVESTIGACIÓN;NO CUENTA CON CAUSA ESPECIFICA;Carretera Longitudinal de la Sierra Norte;12/6/2021;-77.991837
A-2021-06-75;00:00.0;DESPISTE;1;0;1;CAJAMARCA;HUALGAYOC;BAMBAMARCA;URBANA;CARRETERA;PROVINCIAL;CA-1177;-6.687736;NUBLADO;INDUSTRIAL;CURVA;INCLINADA;TROCHA;NULL;NULL;NULL;NULL;EN PROCESO DE INVESTIGACIÓN;NO CUENTA CON CAUSA ESPECIFICA;Jirón Pencaspampa;12/6/2021;-78.524044
A-2021-06-146;00:00.0;CHOQUE FUGA;1;0;1;ICA;ICA;LA TINGUIÑA;URBANA;AVENIDA;URBANO;NO CORRESPONDE;-14.034666;DESPEJADO;RESIDENCIAL;INTERSECCIÓN;PLANA ;ASFALTADA;NULL;NULL;NULL;NULL;EN PROCESO DE INVESTIGACIÓN;NO CUENTA CON CAUSA ESPECIFICA;Avenida Madrid;12/6/2021;-75.703127
A-2021-06-107;40:00.0;ATROPELLO;1;0;1;AREQUIPA;AREQUIPA;CERRO COLORADO;URBANA;CARRETERA;NACIONAL;PE-34A;-16.315382;DESPEJADO;RESIDENCIAL;TRAMO RECTO;INCLINADA;ASFALTADA;NO;NULL;NULL;SI;EN PROCESO DE INVESTIGACIÓN;NO CUENTA CON CAUSA ESPECIFICA;Vía Interoceánica Sur - Tramo 5;12/6/2021;-71.606532
A-2021-06-158;20:00.0;CHOQUE;1;0;2;LAMBAYEQUE;LAMBAYEQUE;LAMBAYEQUE;URBANA;CARRETERA;NACIONAL;PE-1N;-6.692028;DESPEJADO;INDUSTRIAL;TRAMO RECTO;PLANA ;ASFALTADA;NULL;NULL;NULL;NULL;EN PROCESO DE INVESTIGACIÓN;NO CUENTA CON CAUSA ESPECIFICA;Ruta Panamericana Norte;12/6/2021;-79.903736
A-2021-06-307;30:00.0;ATROPELLO;1;0;0;LAMBAYEQUE;LAMBAYEQUE;TUCUME;URBANA;CARRETERA;NACIONAL;PE-1NJ;-6.489317;DESPEJADO;INDUSTRIAL;TRAMO RECTO;PLANA ;ASFALTADA;NULL;NULL;NULL;NULL;EN PROCESO DE INVESTIGACIÓN;NO CUENTA CON CAUSA ESPECIFICA;Carretera Lambayeque;12/6/2021;-79.857445
A-2021-06-313;30:00.0;ATROPELLO;1;1;1;PIURA;PIURA;PIURA;URBANA;AVENIDA;URBANO;NO CORRESPONDE;-5.182669;DESPEJADO;COMERCIAL;TRAMO RECTO;PLANA ;ASFALTADA;SI;REGULADORA (R);REGULADORA (R);SI;EN PROCESO DE INVESTIGACIÓN;NO CUENTA CON CAUSA ESPECIFICA;Avenida Andrés Avelino Cáceres;12/6/2021;-80.631149
A-2021-06-87;00:00.0;DESPISTE;1;0;1;PIURA;PIURA;PIURA;RURAL;CARRETERA;NACIONAL;PE-1N;-5.046088;DESPEJADO;RURAL;TRAMO RECTO;PLANA ;ASFALTADA;NULL;NULL;NULL;NULL;EN PROCESO DE INVESTIGACIÓN;NO CUENTA CON CAUSA ESPECIFICA;Carretera Panamericana Norte;13/6/2021;-80.70223
A-2021-06-84;00:00.0;ATROPELLO FUGA;1;0;1;LA LIBERTAD;TRUJILLO;HUANCHACO;RURAL;CARRETERA;NACIONAL;PE-1N;-8.089253;DESPEJADO;RURAL;TRAMO RECTO;PLANA ;ASFALTADA;NULL;NULL;NULL;NULL;EN PROCESO DE INVESTIGACIÓN;NO CUENTA CON CAUSA ESPECIFICA;Carretera Panamericana Norte;13/6/2021;-79.09689
A-2021-06-182;00:00.0;CHOQUE;1;2;2;SAN MARTIN;RIOJA;NUEVA CAJAMARCA;URBANA;CARRETERA;NACIONAL;PE-5N;-5.919407;DESPEJADO;COMERCIAL;TRAMO RECTO;PLANA ;ASFALTADA;NULL;NULL;NULL;NULL;IMPRUDENCIA DEL CONDUCTOR;INVASIÓN DE CARRIL;Carretera Presidente Fernando Belaúnde Terry;13/6/2021;-77.318197
A-2021-06-171;00:00.0;DESPISTE;1;0;1;PUNO;SAN ROMAN;JULIACA;RURAL;CARRETERA;PROVINCIAL;PU-971;-15.470277;DESPEJADO;RURAL;TRAMO RECTO;INCLINADA;TROCHA;NULL;NULL;NULL;NULL;IMPRUDENCIA DEL CONDUCTOR;CONDUCIR EN ESTADO DE EBRIEDAD Y/O DROGADICCIÓN;PU-971;13/6/2021;-70.250117
A-2021-06-254;30:00.0;CHOQUE FUGA;1;0;2;LIMA;HUARAL;CHANCAY;URBANA;CARRETERA;NACIONAL;PE-1N;-11.600641;DESPEJADO;RURAL;TRAMO RECTO;PLANA ;ASFALTADA;SI;REGULADORA (R);INFORMATIVA (I);NO;IMPRUDENCIA DEL CONDUCTOR;OTRO (IMPRUDENCIA DEL CONDUCTOR);Carretera Panamericana Norte;13/6/2021;-77.247883
A-2021-06-335;50:00.0;CHOQUE;1;0;2;LIMA;BARRANCA;PATIVILCA;RURAL;CARRETERA;NACIONAL;PE-1N;-10.696839;DESPEJADO;RURAL;TRAMO RECTO;PLANA ;ASFALTADA;NULL;NULL;NULL;NULL;IMPRUDENCIA DEL CONDUCTOR;EXCESO DE VELOCIDAD;Panamericana Norte;13/6/2021;-77.783189
A-2021-06-281;00:00.0;CHOQUE FUGA;1;0;1;CAJAMARCA;JAEN;JAEN;RURAL;CARRETERA;NACIONAL;PE-5N;-5.676545;NUBLADO;RURAL;TRAMO RECTO;PLANA ;ASFALTADA;NULL;NULL;NULL;NULL;EN PROCESO DE INVESTIGACIÓN;NO CUENTA CON CAUSA ESPECIFICA;PE-5N;13/6/2021;-78.778246
A-2021-06-282;15:00.0;CHOQUE FUGA;1;0;2;LAMBAYEQUE;FERREÑAFE;PITIPO;RURAL;CARRETERA;DEPARTAMENTAL;LA-103;-6.480816;DESPEJADO;RURAL;TRAMO RECTO;PLANA ;ASFALTADA;NULL;NULL;NULL;NULL;EN PROCESO DE INVESTIGACIÓN;NO CUENTA CON CAUSA ESPECIFICA;LA-103;13/6/2021;-79.666329
A-2021-06-187;30:00.0;DESPISTE;2;5;1;HUANCAVELICA;TAYACAJA;PAZOS;RURAL;CARRETERA;PROVINCIAL;HV-561;-12.218205;DESPEJADO;RURAL;SINUOSA;INCLINADA;AFIRMADO;NULL;NULL;NULL;NULL;EN PROCESO DE INVESTIGACIÓN;NO CUENTA CON CAUSA ESPECIFICA;Carr. Pazos - Pichos;14/6/2021;-74.972588
A-2021-06-228;00:00.0;ATROPELLO FUGA;1;0;0;PUNO;SAN ROMAN;JULIACA;RURAL;CARRETERA;NACIONAL;PE-34A;-15.540821;DESPEJADO;RURAL;TRAMO RECTO;PLANA ;ASFALTADA;NULL;NULL;NULL;NULL;IMPRUDENCIA DEL CONDUCTOR;EXCESO DE VELOCIDAD;Héroes de La Guerra del Pacífico;14/6/2021;-70.21041
A-2021-06-73;15:00.0;CHOQUE;1;1;NULL;AREQUIPA;AREQUIPA;VITOR;RURAL;CARRETERA;NACIONAL;PE-1S;-16.436571;NULL;NULL;NULL;NULL;NULL;NULL;NULL;NULL;NULL;EN PROCESO DE INVESTIGACIÓN;NO CUENTA CON CAUSA ESPECIFICA;Carretera Panamericana Sur;14/6/2021;-71.995343
A-2021-06-203;50:00.0;ATROPELLO;1;0;1;SAN MARTIN;RIOJA;POSIC;URBANA;CARRETERA;DEPARTAMENTAL;SM-114;-6.014192;DESPEJADO;RESIDENCIAL;TRAMO RECTO;PLANA ;CONCRETO;NULL;NULL;NULL;NULL;IMPRUDENCIA DEL CONDUCTOR;NO DAR PASO PREFERENTE AL PEATÓN;Posic;14/6/2021;-77.166105
A-2021-06-255;40:00.0;ATROPELLO;1;0;1;LIMA;HUAURA;SAYAN;RURAL;OTRO;URBANO;NO CORRESPONDE;-11.230432;DESPEJADO;RURAL;TRAMO RECTO;PLANA ;TROCHA;NULL;NULL;NULL;NULL;IMPRUDENCIA DEL CONDUCTOR;NO DAR PASO PREFERENTE AL PEATÓN;Irrigación Santa Rosa;14/6/2021;-77.377681
A-2021-06-89;30:00.0;ATROPELLO FUGA;1;0;0;CAJAMARCA;CAJAMARCA;CAJAMARCA;RURAL;CARRETERA;NACIONAL;PE-3N;-7.0983;DESPEJADO;RURAL;TRAMO RECTO;INCLINADA;ASFALTADA;SI;PREVENTIVA (P);NULL;SI;EN PROCESO DE INVESTIGACIÓN;NO CUENTA CON CAUSA ESPECIFICA;Carretera Longitudinal de la Sierra Norte;14/6/2021;-78.559943