CÓDIGO SINIESTRO;HORA SINIESTRO;CLASE SINIESTRO;CANTIDAD DE FALLECIDOS;CANTIDAD DE LESIONADOS;CANTIDAD DE VEHICULOS DAÑADOS;DEPARTAMENTO;PROVINCIA;DISTRITO;ZONA;TIPO DE VÍA;RED VIAL;COD CARRETERA;COORDENADAS LATITUD;CONDICIÓN CLIMÁTICA;ZONIFICACIÓN;CARACTERÍSTICAS DE VÍA;PERFIL LONGITUDINAL VÍA;SUPERFICIE DE CALZADA;¿EXISTE SEÑAL VERTICAL?;CLASIFICACIÓN DE LA SEÑAL VERTICAL Nº 1;CLASIFICACIÓN DE LA SEÑAL VERTICAL Nº 2;¿EXISTE SEÑAL HORIZONTAL?;CAUSA FACTOR PRINCIPAL;CAUSA ESPECÍFICA;UBICACION;FECHA SINIESTRO;COORDENADAS LONGITUD
A-2021-06-268;00:00.0;CHOQUE;1;1;2;PIURA;PIURA;LAS LOMAS;RURAL;CARRETERA;PROVINCIAL;PI-748;-4.67977;DESPEJADO;RURAL;CURVA;INCLINADA;TROCHA;NULL;NULL;NULL;NULL;EN PROCESO DE INVESTIGACIÓN;NO CUENTA CON CAUSA ESPECIFICA;Monte de Los Olivos;15/6/2021;-80.086802
A-2021-06-116;30:00.0;ATROPELLO;1;0;NULL;LIMA;LIMA;VILLA MARIA DEL TRIUNFO;URBANA;AVENIDA;URBANO;NO CORRESPONDE;-12.169581;DESPEJADO;INDUSTRIAL;TRAMO RECTO;PLANA ;ASFALTADA;NULL;NULL;NULL;NULL;IMPRUDENCIA DEL CONDUCTOR;EXCESO DE VELOCIDAD;Avenida 26 de Noviembre;15/6/2021;-76.928672
A-2021-06-161;00:00.0;DESPISTE;1;0;1;TACNA;TACNA;PACHIA;RURAL;CARRETERA;NACIONAL;PE-40;-17.825808;DESPEJADO;RURAL;CURVA;INCLINADA;ASFALTADA;SI;PREVENTIVA (P);PREVENTIVA (P);NO;IMPRUDENCIA DEL CONDUCTOR;EXCESO DE VELOCIDAD;Carretera Tacna - La Paz;15/6/2021;-70.021437
A-2021-06-134;45:00.0;CHOQUE;1;1;2;AREQUIPA;CAMANA;QUILCA;RURAL;CARRETERA;NACIONAL;PE-1SD;-16.666453;DESPEJADO;RURAL;SINUOSA;INCLINADA;ASFALTADA;SI;PREVENTIVA (P);PREVENTIVA (P);SI;IMPRUDENCIA DEL CONDUCTOR;EXCESO DE VELOCIDAD;Carretera Costanera Sur;15/6/2021;-72.579734
A-2021-06-129;30:00.0;DESPISTE;1;1;1;CUSCO;ANTA;ZURITE;RURAL;CARRETERA;PROVINCIAL;CU-905;-13.462478;DESPEJADO;RURAL;TRAMO RECTO;PLANA ;ASFALTADA;NULL;NULL;NULL;NULL;NEGLIGENCIA DEL CONDUCTOR;OTRO (NEGLIGENCIA DEL CONDUCTOR);Tambo Real;16/6/2021;-72.248585
A-2021-06-141;30:00.0;DESPISTE;2;1;1;HUANCAVELICA;HUANCAVELICA;HUANDO;RURAL;CARRETERA;NACIONAL;PE-26;-12.514322;DESPEJADO;RURAL;CURVA;PLANA ;ASFALTADA;SI;PREVENTIVA (P);NULL;SI;EN PROCESO DE INVESTIGACIÓN;NO CUENTA CON CAUSA ESPECIFICA;PE-26;16/6/2021;-74.969003
A-2021-06-133;15:00.0;ATROPELLO FUGA;1;0;1;CUSCO;ESPINAR;PALLPATA;URBANA;AVENIDA;URBANO;NO CORRESPONDE;-14.892449;DESPEJADO;RESIDENCIAL;TRAMO RECTO;PLANA ;ASFALTADA;NULL;NULL;NULL;NULL;IMPRUDENCIA DEL PEATÓN;ESTADO DE EBRIEDAD Y/O DROGADICCIÓN;Avenida Manuel Prado;16/6/2021;-71.206354
A-2021-06-119;50:00.0;ATROPELLO;1;0;NULL;LIMA;HUAROCHIRI;CHICLA;URBANA;CARRETERA;NACIONAL;PE-22;-11.734288;NUBLADO;INDUSTRIAL;TRAMO RECTO;PLANA ;CONCRETO;NULL;NULL;NULL;NULL;IMPRUDENCIA DEL PEATÓN;OTRO (IMPRUDENCIA DEL PEATÓN);Carretera Central;16/6/2021;-76.260489
A-2021-06-117;00:00.0;DESPISTE;1;0;0;LIMA;LIMA;SAN MARTIN DE PORRES;URBANA;AVENIDA;URBANO;NO CORRESPONDE;-12.031643;DESPEJADO;INDUSTRIAL;TRAMO RECTO;PLANA ;ASFALTADA;NULL;NULL;NULL;NULL;EN PROCESO DE INVESTIGACIÓN;NO CUENTA CON CAUSA ESPECIFICA;Avenida Perú;16/6/2021;-77.075594
A-2021-06-284;15:00.0;CHOQUE;1;0;2;LAMBAYEQUE;LAMBAYEQUE;MOTUPE;RURAL;CARRETERA;NACIONAL;PE-1NJ;-6.024251;DESPEJADO;RURAL;TRAMO RECTO;PLANA ;ASFALTADA;SI;INFORMATIVA (I);INFORMATIVA (I);NO;EN PROCESO DE INVESTIGACIÓN;NO CUENTA CON CAUSA ESPECIFICA;Carretera Lambayegue - Olmos;16/6/2021;-79.683434
A-2021-06-135;00:00.0;CHOQUE;1;1;2;AREQUIPA;CAMANA;SAMUEL PASTOR;RURAL;CARRETERA;NACIONAL;PE-1S;-16.641496;DESPEJADO;RURAL;CURVA;INCLINADA;ASFALTADA;SI;PREVENTIVA (P);PREVENTIVA (P);SI;IMPRUDENCIA DEL CONDUCTOR;INVASIÓN DE CARRIL;Carretera Panamericana Sur;16/6/2021;-72.625318
A-2021-06-109;00:00.0;ATROPELLO;1;0;1;AREQUIPA;AREQUIPA;TIABAYA;URBANA;OTRO;URBANO;NO CORRESPONDE;-16.433644;DESPEJADO;RURAL;TRAMO RECTO;PLANA ;TROCHA;NULL;NULL;NULL;NULL;EN PROCESO DE INVESTIGACIÓN;NO CUENTA CON CAUSA ESPECIFICA;Tunales;16/6/2021;-71.606437
A-2021-06-126;00:00.0;VOLCADURA;1;0;1;JUNIN;HUANCAYO;EL TAMBO;URBANA;CARRETERA;PROVINCIAL;JU-1047;-12.034909;SOLEADO;RESIDENCIAL;TRAMO RECTO;PLANA ;TROCHA;NULL;NULL;NULL;NULL;IMPRUDENCIA DEL CONDUCTOR;CONDUCIR EN ESTADO DE EBRIEDAD Y/O DROGADICCIÓN;Prolongación Trujillo;16/6/2021;-75.20063
A-2021-06-269;00:00.0;ATROPELLO;1;0;1;PIURA;SULLANA;SULLANA;RURAL;CARRETERA;PROVINCIAL;PI-579;-4.866312;NUBLADO;RURAL;TRAMO RECTO;PLANA ;AFIRMADO;NULL;NULL;NULL;NULL;IMPRUDENCIA DEL CONDUCTOR;EXCESO DE VELOCIDAD;PI-579;17/6/2021;-80.617686
A-2021-06-285;30:00.0;DESPISTE;1;0;0;LAMBAYEQUE;CHICLAYO;OYOTUN;RURAL;CARRETERA;NACIONAL;PE-1NI;-6.862141;DESPEJADO;RURAL;TRAMO RECTO;PLANA ;ASFALTADA;SI;REGULADORA (R);REGULADORA (R);SI;EN PROCESO DE INVESTIGACIÓN;NO CUENTA CON CAUSA ESPECIFICA;Jirón Tarapacá;17/6/2021;-79.303876
A-2021-06-298;45:00.0;VOLCADURA;2;1;1;PUNO;SAN ROMAN;CABANILLAS;RURAL;CARRETERA;NACIONAL;PE-34A;-15.652198;DESPEJADO;RURAL;CURVA;PLANA ;ASFALTADA;NO;NULL;NULL;SI;IMPRUDENCIA DEL CONDUCTOR;EXCESO DE VELOCIDAD;Héroes de La Guerra del Pacífico;17/6/2021;-70.35858
A-2021-06-118;20:00.0;CHOQUE;1;0;2;PIURA;PIURA;VEINTISEIS DE OCTUBRE;URBANA;CARRETERA;NACIONAL;PE-1N;-5.172982;DESPEJADO;COMERCIAL;TRAMO RECTO;PLANA ;ASFALTADA;NO;NULL;NULL;SI;EN PROCESO DE INVESTIGACIÓN;NO CUENTA CON CAUSA ESPECIFICA;Avenida Sánchez Cerro;17/6/2021;-80.681983
A-2021-06-108;30:00.0;DESPISTE;26;17;1;AYACUCHO;LUCANAS;LEONCIO PRADO;RURAL;CARRETERA;NACIONAL;PE-30A;-14.839697;NIEBLA;RURAL;SINUOSA;INCLINADA;ASFALTADA;SI;PREVENTIVA (P);INFORMATIVA (I);SI;INFRAESTRUCTURA Y ENTORNO VIAL;FACTOR AMBIENTAL;Carretera Nasca - Abancay;18/6/2021;-74.730312
A-2021-06-295;30:00.0;ATROPELLO;1;0;1;JUNIN;JAUJA;CANCHAYLLO;RURAL;CARRETERA;NACIONAL;PE-3S;-11.768112;DESPEJADO;RURAL;TRAMO RECTO;PLANA ;ASFALTADA;SI;PREVENTIVA (P);PREVENTIVA (P);NO;IMPRUDENCIA DEL PEATÓN;ESTADO DE EBRIEDAD Y/O DROGADICCIÓN;Carretera Longitudinal de la Sierra Sur;18/6/2021;-75.708467
A-2021-06-205;40:00.0;ATROPELLO;1;0;1;LAMBAYEQUE;LAMBAYEQUE;OLMOS;URBANA;CALLE;URBANO;NO CORRESPONDE;-5.991799;SOLEADO;RESIDENCIAL;TRAMO RECTO;PLANA ;CONCRETO;NULL;NULL;NULL;NULL;EN PROCESO DE INVESTIGACIÓN;NO CUENTA CON CAUSA ESPECIFICA;Calle San Francisco;18/6/2021;-79.747818
A-2021-06-354;15:00.0;VOLCADURA;1;0;2;SAN MARTIN;EL DORADO;SAN JOSE DE SISA;RURAL;CARRETERA;DEPARTAMENTAL;SM-102;-6.61632;SOLEADO;RURAL;TRAMO RECTO;PLANA ;ASFALTADA;NO;NULL;NULL;SI;IMPRUDENCIA DEL CONDUCTOR;CONDUCIR EN ESTADO DE EBRIEDAD Y/O DROGADICCIÓN;Carretera a San Pablo;18/6/2021;-76.69797
A-2021-06-235;30:00.0;CHOQUE;1;0;2;LA LIBERTAD;TRUJILLO;HUANCHACO;RURAL;CARRETERA;NACIONAL;PE-1N;-7.992123;DESPEJADO;RURAL;TRAMO RECTO;PLANA ;ASFALTADA;NULL;NULL;NULL;NULL;EN PROCESO DE INVESTIGACIÓN;NO CUENTA CON CAUSA ESPECIFICA;Carretera Panamericana Norte;18/6/2021;-79.075046
A-2021-06-140;40:00.0;ATROPELLO;1;0;1;AREQUIPA;CAYLLOMA;MAJES;RURAL;CARRETERA;NACIONAL;PE-1S;-16.431248;DESPEJADO;RURAL;CURVA;PLANA ;ASFALTADA;NO;NULL;NULL;SI;EN PROCESO DE INVESTIGACIÓN;NO CUENTA CON CAUSA ESPECIFICA;Carretera Panamericana Sur;18/6/2021;-72.309395
A-2021-06-143;30:00.0;DESPISTE;1;0;1;PIURA;PIURA;CATACAOS;RURAL;CARRETERA;SIN CLASIFICAR;SIN CLASIFICAR;-5.219235;DESPEJADO;RURAL;TRAMO RECTO;PLANA ;ASFALTADA;SI;REGULADORA (R);REGULADORA (R);NO;IMPRUDENCIA DEL CONDUCTOR;EXCESO DE VELOCIDAD;Carretera Panamericana Norte;18/6/2021;-80.666598
A-2021-06-256;10:00.0;ATROPELLO;1;0;1;LIMA;HUARAL;CHANCAY;RURAL;CARRETERA;NACIONAL;PE-1N;-11.578115;DESPEJADO;RURAL;TRAMO RECTO;PLANA ;ASFALTADA;SI;PREVENTIVA (P);INFORMATIVA (I);NO;IMPRUDENCIA DEL PEATÓN;CRUCE INDEBIDO POR LA CALZADA;Carretera Panamericana Norte;19/6/2021;-77.262181
A-2021-06-208;00:00.0;DESPISTE;1;0;1;APURIMAC;AYMARAES;COTARUSE;RURAL;CARRETERA;NACIONAL;PE-30A;-14.471905;DESPEJADO;RURAL;CURVA;INCLINADA;ASFALTADA;NULL;NULL;NULL;NULL;NEGLIGENCIA DEL CONDUCTOR;OTRO (NEGLIGENCIA DEL CONDUCTOR);Carretera Nasca - Abancay;19/6/2021;-73.237395
A-2021-06-128;40:00.0;DESPISTE;4;3;1;CAJAMARCA;SAN MARCOS;ICHOCAN;RURAL;CARRETERA;NACIONAL;PE-3N;-7.360732;DESPEJADO;RURAL;CURVA;INCLINADA;ASFALTADA;SI;PREVENTIVA (P);NULL;SI;INFRAESTRUCTURA Y ENTORNO VIAL;OTRO (INFRAESTRUCTURA Y ENTORNO VIAL);Carretera Longitudinal de la Sierra Norte;19/6/2021;-78.130325
A-2021-06-191;00:00.0;DESPISTE;3;3;1;AYACUCHO;HUAMANGA;ACOCRO;RURAL;CARRETERA;PROVINCIAL;AY-740;-13.218993;SOLEADO;RURAL;CURVA;INCLINADA;AFIRMADO;NULL;NULL;NULL;NULL;NEGLIGENCIA DEL CONDUCTOR;OTRO (NEGLIGENCIA DEL CONDUCTOR);San Cristobal;19/6/2021;-74.044114
A-2021-06-243;40:00.0;ATROPELLO;1;1;1;MOQUEGUA;ILO;ILO;URBANA;CALLE;URBANO;NO CORRESPONDE;-17.657897;DESPEJADO;RESIDENCIAL;TRAMO RECTO;INCLINADA;ASFALTADA;NULL;NULL;NULL;NULL;EN PROCESO DE INVESTIGACIÓN;NO CUENTA CON CAUSA ESPECIFICA;Jiron Ricardo Palma;19/6/2021;-71.337566
A-2021-06-125;50:00.0;CHOQUE;1;0;NULL;LIMA;LIMA;BARRANCO;URBANA;AVENIDA;URBANO;NO CORRESPONDE;-12.14494;DESPEJADO;INDUSTRIAL;TRAMO RECTO;PLANA ;ASFALTADA;NULL;NULL;NULL;NULL;IMPRUDENCIA DEL CONDUCTOR;OTRO (IMPRUDENCIA DEL CONDUCTOR);Avenida Almirante Miguel Grau;19/6/2021;-77.021831
A-2021-06-214;10:00.0;CHOQUE;2;0;2;CUSCO;QUISPICANCHI;OCONGATE;URBANA;CARRETERA;NACIONAL;PE-30C;-13.663601;DESPEJADO;RESIDENCIAL;CURVA;PLANA ;ASFALTADA;SI;PREVENTIVA (P);PREVENTIVA (P);SI;IMPRUDENCIA DEL CONDUCTOR;EXCESO DE VELOCIDAD;Interoceánica Sur;19/6/2021;-71.340814
A-2021-06-172;10:00.0;ATROPELLO;1;1;1;PIURA;PIURA;PIURA;URBANA;AVENIDA;URBANO;NO CORRESPONDE;-5.168928;DESPEJADO;RURAL;TRAMO RECTO;PLANA ;ASFALTADA;SI;PREVENTIVA (P);REGULADORA (R);SI;IMPRUDENCIA DEL CONDUCTOR;EXCESO DE VELOCIDAD;Avenida José E. Aguilar Santisteban;19/6/2021;-80.647644
A-2021-06-154;00:00.0;DESPISTE;1;0;1;ANCASH;CARLOS FERMIN FITZCARRALD;SAN LUIS;RURAL;CARRETERA;NACIONAL;PE-14C;-9.09093;SOLEADO;RURAL;CURVA;PLANA ;AFIRMADO;NULL;NULL;NULL;NULL;IMPRUDENCIA DEL CONDUCTOR;FATIGA Y/O CANSANCIO;Carretera Longitudinal de Conchucos;19/6/2021;-77.336501
A-2021-06-145;30:00.0;ATROPELLO FUGA;1;0;NULL;CALLAO;CALLAO;CALLAO;URBANA;CARRETERA;NACIONAL;PE-20;-11.994544;DESPEJADO;COMERCIAL;TRAMO RECTO;PLANA ;ASFALTADA;NULL;NULL;NULL;NULL;IMPRUDENCIA DEL PEATÓN;ESTADO DE EBRIEDAD Y/O DROGADICCIÓN;Avenida Coronel Nestor Gambetta;19/6/2021;-77.125804
A-2021-06-193;20:00.0;ATROPELLO;1;0;2;HUANCAVELICA;HUAYTARA;PILPICHACA;RURAL;CARRETERA;NACIONAL;PE-28A;-13.454586;DESPEJADO;RURAL;TRAMO RECTO;PLANA ;ASFALTADA;SI;PREVENTIVA (P);INFORMATIVA (I);SI;EN PROCESO DE INVESTIGACIÓN;NO CUENTA CON CAUSA ESPECIFICA;Vía de los Libertadores;20/6/2021;-75.019227
A-2021-06-136;00:00.0;DESPISTE;1;0;1;AREQUIPA;CAMANA;NICOLAS DE PIEROLA;RURAL;CARRETERA;PROVINCIAL;AR-548;-16.472613;DESPEJADO;RURAL;CURVA;INCLINADA;AFIRMADO;NULL;NULL;NULL;NULL;IMPRUDENCIA DEL CONDUCTOR;EXCESO DE VELOCIDAD;AR-549;20/6/2021;-72.554907
A-2021-06-349;50:00.0;CHOQUE;1;0;1;ANCASH;SANTA;SAMANCO;RURAL;CARRETERA;NACIONAL;PE-1N;-9.277569;DESPEJADO;RURAL;TRAMO RECTO;PLANA ;ASFALTADA;NULL;NULL;NULL;NULL;EN PROCESO DE INVESTIGACIÓN;NO CUENTA CON CAUSA ESPECIFICA;Panamericana Norte;20/6/2021;-78.417369
A-2021-06-210;00:00.0;CHOQUE;1;0;2;PUNO;SAN ROMAN;CARACOTO;RURAL;CARRETERA;DEPARTAMENTAL;PU-120;-15.522839;SOLEADO;RURAL;TRAMO RECTO;PLANA ;ASFALTADA;NULL;NULL;NULL;NULL;IMPRUDENCIA DEL CONDUCTOR;EXCESO DE VELOCIDAD;Carretera Coata - Juliaca;20/6/2021;-70.078009
A-2021-06-142;50:00.0;DESPISTE;1;0;1;AREQUIPA;CAYLLOMA;MAJES;NULL;CARRETERA;PROVINCIAL;AR-737;-16.347506;DESPEJADO;RURAL;OTRO;PLANA ;ASFALTADA;NO;NULL;NULL;SI;EN PROCESO DE INVESTIGACIÓN;NO CUENTA CON CAUSA ESPECIFICA;AR-736;20/6/2021;-72.282885
A-2021-06-357;00:00.0;CHOQUE;1;0;NULL;SAN MARTIN;SAN MARTIN;MORALES;URBANA;JIRÓN;URBANO;NO CORRESPONDE;-6.4795;DESPEJADO;COMERCIAL;TRAMO RECTO;INCLINADA;ASFALTADA;SI;PREVENTIVA (P);NULL;SI;IMPRUDENCIA DEL CONDUCTOR;CONDUCIR EN SENTIDO CONTRARIO;Avenida Salaverry;20/6/2021;-76.38282
A-2021-06-209;45:00.0;ATROPELLO;1;0;1;JUNIN;CONCEPCION;CONCEPCION;URBANA;CARRETERA;NACIONAL;PE-3S;-11.903968;SOLEADO;RURAL;TRAMO RECTO;PLANA ;ASFALTADA;NULL;NULL;NULL;NULL;IMPRUDENCIA DEL PEATÓN;CRUCE INDEBIDO POR LA CALZADA;Carretera Longitudinal de la Sierra Sur;20/6/2021;-75.333544
A-2021-06-328;50:00.0;ATROPELLO FUGA;1;0;1;JUNIN;JAUJA;ACOLLA;URBANA;CARRETERA;NACIONAL;PE-3SA;-11.692749;DESPEJADO;COMERCIAL;TRAMO RECTO;PLANA ;ASFALTADA;NULL;NULL;NULL;NULL;IMPRUDENCIA DEL PEATÓN;ESTADO DE EBRIEDAD Y/O DROGADICCIÓN;Carretera Central Sur;20/6/2021;-75.564001
A-2021-06-286;20:00.0;CHOQUE;1;2;2;LAMBAYEQUE;LAMBAYEQUE;JAYANCA;RURAL;CARRETERA;NACIONAL;PE-1NJ;-6.416645;DESPEJADO;RURAL;TRAMO RECTO;PLANA ;ASFALTADA;NULL;NULL;NULL;NULL;EN PROCESO DE INVESTIGACIÓN;NO CUENTA CON CAUSA ESPECIFICA;Carretera Lambayegue - Olmos;20/6/2021;-79.832538
A-2021-06-237;10:00.0;ATROPELLO FUGA;1;0;1;LA LIBERTAD;TRUJILLO;HUANCHACO;RURAL;CARRETERA;NACIONAL;PE-1N;-8.042738;DESPEJADO;RURAL;TRAMO RECTO;PLANA ;ASFALTADA;NULL;NULL;NULL;NULL;EN PROCESO DE INVESTIGACIÓN;NO CUENTA CON CAUSA ESPECIFICA;Carretera Panamericana Norte;20/6/2021;-79.084645
A-2021-06-308;30:00.0;CHOQUE;1;1;2;CAJAMARCA;JAEN;BELLAVISTA;URBANA;CARRETERA;PROVINCIAL;CA-744;-5.665668;DESPEJADO;RESIDENCIAL;INTERSECCIÓN;PLANA ;CONCRETO;NULL;NULL;NULL;NULL;EN PROCESO DE INVESTIGACIÓN;NO CUENTA CON CAUSA ESPECIFICA;Bellavista;20/6/2021;-78.680329
A-2021-06-320;00:00.0;CHOQUE;1;0;1;PIURA;PIURA;TAMBO GRANDE;RURAL;CARRETERA;PROVINCIAL;PI-984;-4.984017;DESPEJADO;RURAL;TRAMO RECTO;PLANA ;TROCHA;NULL;NULL;NULL;NULL;EN PROCESO DE INVESTIGACIÓN;NO CUENTA CON CAUSA ESPECIFICA;PI-984;21/6/2021;-80.613518
A-2021-06-245;50:00.0;ATROPELLO FUGA;1;0;0;LIMA;LIMA;LURIN;URBANA;CARRETERA;NACIONAL;PE-1S;-12.25263;DESPEJADO;INDUSTRIAL;TRAMO RECTO;PLANA ;ASFALTADA;NULL;NULL;NULL;NULL;EN PROCESO DE INVESTIGACIÓN;NO CUENTA CON CAUSA ESPECIFICA;Carretera Panamericana Sur;21/6/2021;-76.92798
A-2021-06-315;00:00.0;CHOQUE;1;0;2;CUSCO;ANTA;ZURITE;RURAL;CARRETERA;NACIONAL;PE-3S;-13.489164;DESPEJADO;RURAL;TRAMO RECTO;PLANA ;ASFALTADA;NULL;NULL;NULL;NULL;IMPRUDENCIA DEL CONDUCTOR;INVASIÓN DE CARRIL;Carretera Longitudinal de la Sierra Sur;21/6/2021;-72.240726
A-2021-06-306;10:00.0;CHOQUE;1;0;2;LAMBAYEQUE;CHICLAYO;LA VICTORIA;RURAL;CARRETERA;NACIONAL;PE-1N;-6.813826;SOLEADO;RURAL;TRAMO RECTO;PLANA ;ASFALTADA;NULL;NULL;NULL;NULL;EN PROCESO DE INVESTIGACIÓN;NO CUENTA CON CAUSA ESPECIFICA;Panamericana Norte;21/6/2021;-79.829436
A-2021-06-155;00:00.0;DESPISTE;1;2;1;ANCASH;HUARAZ;PIRA;RURAL;CARRETERA;NACIONAL;PE-14;-9.559359;DESPEJADO;RURAL;CURVA;INCLINADA;ASFALTADA;SI;REGULADORA (R);NULL;SI;IMPRUDENCIA DEL CONDUCTOR;EXCESO DE VELOCIDAD;Carretera Casma - Huaraz;21/6/2021;-77.705847
A-2021-06-246;20:00.0;ATROPELLO;1;0;NULL;LIMA;LIMA;ATE;URBANA;AVENIDA;URBANO;NO CORRESPONDE;-12.014492;DESPEJADO;RESIDENCIAL;TRAMO RECTO;PLANA ;ASFALTADA;NULL;NULL;NULL;NULL;IMPRUDENCIA DEL CONDUCTOR;OTRO (IMPRUDENCIA DEL CONDUCTOR);Avenida Andrés Avelino Cáceres;21/6/2021;-76.819179
A-2021-06-156;40:00.0;CHOQUE;1;2;2;CAJAMARCA;SAN PABLO;SAN PABLO;RURAL;CARRETERA;PROVINCIAL;CA-1277;-7.09683;SOLEADO;RURAL;CURVA;INCLINADA;ASFALTADA;SI;REGULADORA (R);NULL;SI;IMPRUDENCIA DEL CONDUCTOR;INVASIÓN DE CARRIL;PE-08A;21/6/2021;-78.822862
A-2021-06-247;45:00.0;CHOQUE;1;2;0;LIMA;LIMA;VILLA EL SALVADOR;RURAL;AVENIDA;URBANO;NO CORRESPONDE;-12.24393;DESPEJADO;COMERCIAL;TRAMO RECTO;PLANA ;ASFALTADA;NULL;NULL;NULL;NULL;EN PROCESO DE INVESTIGACIÓN;NO CUENTA CON CAUSA ESPECIFICA;Calle 100;21/6/2021;-76.92189
A-2021-06-147;00:00.0;ATROPELLO;1;0;1;ICA;ICA;SANTIAGO;URBANA;CARRETERA;NACIONAL;PE-1S;-14.294216;DESPEJADO;COMERCIAL;TRAMO RECTO;PLANA ;ASFALTADA;SI;REGULADORA (R);PREVENTIVA (P);SI;IMPRUDENCIA DEL CONDUCTOR;EXCESO DE VELOCIDAD;Carretera Panamericana Sur;21/6/2021;-75.678891
A-2021-06-249;50:00.0;CHOQUE;1;0;NULL;LIMA;LIMA;LURIGANCHO;URBANA;CARRETERA;NACIONAL;PE-22;-11.921471;DESPEJADO;COMERCIAL;TRAMO RECTO;PLANA ;CONCRETO;NULL;NULL;NULL;NULL;IMPRUDENCIA DEL CONDUCTOR;EXCESO DE VELOCIDAD;Chosica;21/6/2021;-76.676499
A-2021-06-248;30:00.0;ATROPELLO FUGA;1;0;0;LIMA;LIMA;INDEPENDENCIA;URBANA;CARRETERA;NACIONAL;PE-1N;-11.988199;DESPEJADO;RESIDENCIAL;TRAMO RECTO;PLANA ;ASFALTADA;NULL;NULL;NULL;NULL;EN PROCESO DE INVESTIGACIÓN;NO CUENTA CON CAUSA ESPECIFICA;Carretera Panamericana Norte;22/6/2021;-77.064534
A-2021-06-148;40:00.0;CHOQUE;1;5;2;ICA;ICA;SALAS;RURAL;CARRETERA;NACIONAL;PE-1S;-13.960023;DESPEJADO;INDUSTRIAL;TRAMO RECTO;PLANA ;ASFALTADA;NULL;NULL;NULL;NULL;IMPRUDENCIA DEL CONDUCTOR;GIRAR IMPRUDENTEMENTE;Carretera Panamericana Sur;22/6/2021;-75.784643
A-2021-06-287;05:00.0;CHOQUE;1;0;2;LAMBAYEQUE;LAMBAYEQUE;JAYANCA;RURAL;CARRETERA;NACIONAL;PE-1NJ;-6.379078;NUBLADO;RURAL;TRAMO RECTO;PLANA ;ASFALTADA;NULL;NULL;NULL;NULL;EN PROCESO DE INVESTIGACIÓN;NO CUENTA CON CAUSA ESPECIFICA;Carretera Lambayegue - Olmos;22/6/2021;-79.8114
A-2021-06-300;50:00.0;DESPISTE;1;1;1;PUNO;LAMPA;PUCARA;RURAL;CARRETERA;NACIONAL;PE-3S;-15.097274;DESPEJADO;RURAL;TRAMO RECTO;PLANA ;ASFALTADA;NULL;NULL;NULL;NULL;NEGLIGENCIA DEL CONDUCTOR;CONDUCIR CON FALLAS DE NEUMÁTICOS;Carretera Longitudinal de la Sierra Sur;22/6/2021;-70.35631
A-2021-06-319;00:00.0;DESPISTE;1;0;1;PIURA;AYABACA;SUYO;RURAL;CARRETERA;NACIONAL;PE-1NL;-4.576617;DESPEJADO;RURAL;TRAMO RECTO;INCLINADA;ASFALTADA;NULL;NULL;NULL;NULL;EN PROCESO DE INVESTIGACIÓN;NO CUENTA CON CAUSA ESPECIFICA;PE-1NL;22/6/2021;-80.182187
A-2021-06-250;35:00.0;CHOQUE;1;0;0;LIMA;LIMA;LOS OLIVOS;URBANA;AVENIDA;URBANO;NO CORRESPONDE;-11.99179;DESPEJADO;COMERCIAL;TRAMO RECTO;PLANA ;ASFALTADA;NULL;NULL;NULL;NULL;EN PROCESO DE INVESTIGACIÓN;NO CUENTA CON CAUSA ESPECIFICA;Avenida Carlos Alberto Izaguirre;22/6/2021;-77.07511
A-2021-06-232;55:00.0;CHOQUE;1;1;2;PUNO;CARABAYA;SAN GABAN;RURAL;CARRETERA;NACIONAL;PE-34B;-13.433582;LLUVIOSO;RURAL;TRAMO RECTO;PLANA ;ASFALTADA;SI;INFORMATIVA (I);NULL;NO;IMPRUDENCIA DEL CONDUCTOR;EXCESO DE VELOCIDAD;Carretera Interoceánica Puno - Madre de Dios;22/6/2021;-70.329612
A-2021-06-163;00:00.0;CHOQUE;1;0;0;PUNO;PUNO;VILQUE;RURAL;CARRETERA;DEPARTAMENTAL;PU-122;-15.782057;DESPEJADO;RURAL;TRAMO RECTO;PLANA ;ASFALTADA;NULL;NULL;NULL;NULL;IMPRUDENCIA DEL CONDUCTOR;INVASIÓN DE CARRIL;PU-122;22/6/2021;-70.221564
A-2021-06-251;30:00.0;ATROPELLO;1;0;0;LIMA;LIMA;LURIN;URBANA;AVENIDA;URBANO;NO CORRESPONDE;-12.25702;DESPEJADO;COMERCIAL;TRAMO RECTO;PLANA ;ASFALTADA;NULL;NULL;NULL;NULL;EN PROCESO DE INVESTIGACIÓN;NO CUENTA CON CAUSA ESPECIFICA;Antigua Panamericana Sur;22/6/2021;-76.88783
A-2021-06-215;10:00.0;CHOQUE;1;4;2;AYACUCHO;HUAMANGA;OCROS;RURAL;CARRETERA;NACIONAL;PE-3S;-13.40222;DESPEJADO;RURAL;OTRO;PLANA ;ASFALTADA;SI;PREVENTIVA (P);PREVENTIVA (P);SI;IMPRUDENCIA DEL CONDUCTOR;EXCESO DE VELOCIDAD;Carretera Longitudinal de la Sierra Sur;22/6/2021;-73.904601