CÓDIGO SINIESTRO;HORA SINIESTRO;CLASE SINIESTRO;CANTIDAD DE FALLECIDOS;CANTIDAD DE LESIONADOS;CANTIDAD DE VEHICULOS DAÑADOS;DEPARTAMENTO;PROVINCIA;DISTRITO;ZONA;TIPO DE VÍA;RED VIAL;COD CARRETERA;COORDENADAS LATITUD;CONDICIÓN CLIMÁTICA;ZONIFICACIÓN;CARACTERÍSTICAS DE VÍA;PERFIL LONGITUDINAL VÍA;SUPERFICIE DE CALZADA;¿EXISTE SEÑAL VERTICAL?;CLASIFICACIÓN DE LA SEÑAL VERTICAL Nº 1;CLASIFICACIÓN DE LA SEÑAL VERTICAL Nº 2;¿EXISTE SEÑAL HORIZONTAL?;CAUSA FACTOR PRINCIPAL;CAUSA ESPECÍFICA;UBICACION;FECHA SINIESTRO;COORDENADAS LONGITUD
A-2021-06-252;50:00.0;DESPISTE;1;1;0;LIMA;LIMA;LOS OLIVOS;URBANA;AVENIDA;URBANO;NO CORRESPONDE;-11.986489;DESPEJADO;INDUSTRIAL;TRAMO RECTO;PLANA ;ASFALTADA;NULL;NULL;NULL;NULL;EN PROCESO DE INVESTIGACIÓN;NO CUENTA CON CAUSA ESPECIFICA;Avenida Las Palmeras;23/6/2021;-77.072359
A-2021-06-162;30:00.0;CHOQUE;1;0;3;TUMBES;TUMBES;CORRALES;RURAL;CARRETERA;NACIONAL;PE-1N;-3.585782;DESPEJADO;RURAL;TRAMO RECTO;PLANA ;ASFALTADA;NULL;NULL;NULL;NULL;NEGLIGENCIA DEL CONDUCTOR;CONDUCIR CON FALLAS DE CARROCERÍA;Carretera Panamericana Norte;23/6/2021;-80.473996
A-2021-06-258;30:00.0;ATROPELLO FUGA;1;0;NULL;LIMA;LIMA;ATE;URBANA;AVENIDA;URBANO;NO CORRESPONDE;-12.025155;DESPEJADO;COMERCIAL;TRAMO RECTO;PLANA ;ASFALTADA;NULL;NULL;NULL;NULL;IMPRUDENCIA DEL CONDUCTOR;CONDUCIR EN ESTADO DE EBRIEDAD Y/O DROGADICCIÓN;Avenida Central;23/6/2021;-76.920408
A-2021-06-257;40:00.0;ATROPELLO FUGA;1;0;0;LIMA;LIMA;LIMA;URBANA;AVENIDA;URBANO;NO CORRESPONDE;-12.060343;DESPEJADO;COMERCIAL;TRAMO RECTO;PLANA ;CONCRETO;NULL;NULL;NULL;NULL;EN PROCESO DE INVESTIGACIÓN;NO CUENTA CON CAUSA ESPECIFICA;Avenida 28 de Julio;23/6/2021;-77.008317
A-2021-06-324;00:00.0;CHOQUE;1;1;2;LAMBAYEQUE;LAMBAYEQUE;LAMBAYEQUE;NULL;CARRETERA;NACIONAL;PE-1N;-6.681322;DESPEJADO;INDUSTRIAL;ÓVALO;PLANA ;ASFALTADA;SI;INFORMATIVA (I);REGULADORA (R);NO;EN PROCESO DE INVESTIGACIÓN;NO CUENTA CON CAUSA ESPECIFICA;Ruta Panamericana Norte;23/6/2021;-79.903912
A-2021-06-231;00:00.0;DESPISTE;1;0;1;ANCASH;RECUAY;COTAPARACO;RURAL;CARRETERA;PROVINCIAL;AN-1229;-9.968398;DESPEJADO;RURAL;CURVA;INCLINADA;TROCHA;NULL;NULL;NULL;NULL;IMPRUDENCIA DEL CONDUCTOR;FATIGA Y/O CANSANCIO;AN 799;23/6/2021;-77.529157
A-2021-06-309;00:00.0;ATROPELLO;1;0;2;JUNIN;JAUJA;MUQUI;URBANA;CARRETERA;NACIONAL;PE-3SB;-11.829274;DESPEJADO;RURAL;OTRO;PLANA ;ASFALTADA;NULL;NULL;NULL;NULL;IMPRUDENCIA DEL CONDUCTOR;EXCESO DE VELOCIDAD;Carretera Central Margen Derecha;23/6/2021;-75.443161
A-2021-06-317;30:00.0;ATROPELLO;1;0;1;CUSCO;PAUCARTAMBO;KOSÑIPATA;RURAL;CARRETERA;DEPARTAMENTAL;CU-113;-12.909694;DESPEJADO;RESIDENCIAL;TRAMO RECTO;PLANA ;TROCHA;NULL;NULL;NULL;NULL;IMPRUDENCIA DEL CONDUCTOR;EXCESO DE VELOCIDAD;Avenida Sumar Pacha;23/6/2021;-71.404122
A-2021-06-180;00:00.0;CHOQUE;1;0;1;LORETO;MAYNAS;SAN JUAN BAUTISTA;RURAL;CARRETERA;DEPARTAMENTAL;LO-103;-3.899723;DESPEJADO;RURAL;TRAMO RECTO;PLANA ;ASFALTADA;NULL;NULL;NULL;NULL;EN PROCESO DE INVESTIGACIÓN;NO CUENTA CON CAUSA ESPECIFICA;Carretera Iquitos - Nauta;23/6/2021;-73.350488
A-2021-06-189;00:00.0;ATROPELLO FUGA;1;0;0;HUANUCO;LEONCIO PRADO;MARIANO DAMASO BERAUN;RURAL;CARRETERA;NACIONAL;PE-18A;-9.431959;DESPEJADO;RURAL;TRAMO RECTO;PLANA ;ASFALTADA;NULL;REGULADORA (R);NULL;NULL;IMPRUDENCIA DEL CONDUCTOR;EXCESO DE VELOCIDAD;Carretera Central;23/6/2021;-75.966569
A-2021-06-173;00:00.0;CHOQUE;1;1;2;HUANUCO;LEONCIO PRADO;DANIEL ALOMIA ROBLES;RURAL;CARRETERA;NACIONAL;PE-5N;-9.188574;DESPEJADO;RURAL;TRAMO RECTO;PLANA ;ASFALTADA;SI;PREVENTIVA (P);REGULADORA (R);NO;IMPRUDENCIA DEL CONDUCTOR;EXCESO DE VELOCIDAD;Carretera Federico Basadre;24/6/2021;-75.922663
A-2021-06-238;30:00.0;CHOQUE;1;0;2;LA LIBERTAD;ASCOPE;PAIJAN;RURAL;CARRETERA;NACIONAL;PE-1N;-7.67877;DESPEJADO;RURAL;TRAMO RECTO;PLANA ;ASFALTADA;NULL;NULL;NULL;NULL;IMPRUDENCIA DEL CONDUCTOR;GIRAR IMPRUDENTEMENTE;Carretera Panamericana Norte;24/6/2021;-79.324399
A-2021-06-239;00:00.0;CHOQUE;3;6;2;LA LIBERTAD;TRUJILLO;MOCHE;URBANA;CARRETERA;NACIONAL;PE-1N;-8.14565;DESPEJADO;INDUSTRIAL;TRAMO RECTO;PLANA ;ASFALTADA;NULL;NULL;NULL;NULL;IMPRUDENCIA DEL CONDUCTOR;OTRO (IMPRUDENCIA DEL CONDUCTOR);Panamericana Norte;24/6/2021;-79.012371
A-2021-06-346;40:00.0;DESPISTE;1;0;1;HUANUCO;HUANUCO;PILLCO MARCA;URBANA;CARRETERA;NACIONAL;PE-3N;-9.980643;DESPEJADO;RURAL;TRAMO RECTO;PLANA ;ASFALTADA;NULL;NULL;NULL;NULL;IMPRUDENCIA DEL CONDUCTOR;ADELANTAR INDEBIDAMENTE;Carretera Longitudinal de la Sierra Norte;24/6/2021;-76.244816
A-2021-06-311;50:00.0;ATROPELLO;1;0;0;PUNO;AZANGARO;ASILLO;RURAL;CARRETERA;NACIONAL;PE-34B;-14.674477;DESPEJADO;RURAL;TRAMO RECTO;PLANA ;ASFALTADA;NULL;NULL;NULL;NULL;IMPRUDENCIA DEL PEATÓN;CRUCE INDEBIDO POR LA CALZADA;Carretera Interoceánica Puno - Madre de Dios;24/6/2021;-70.366127
A-2021-06-259;30:00.0;CHOQUE;1;0;0;LIMA;LIMA;ATE;URBANA;CALLE;URBANO;NO CORRESPONDE;-12.0373;NUBLADO;COMERCIAL;TRAMO RECTO;PLANA ;ASFALTADA;NULL;NULL;NULL;NULL;EN PROCESO DE INVESTIGACIÓN;NO CUENTA CON CAUSA ESPECIFICA;Alfa;24/6/2021;-76.932016
A-2021-06-190;00:00.0;CHOQUE;1;0;2;ICA;ICA;PARCONA;URBANA;CARRETERA;NACIONAL;PE-1SC;-14.056365;DESPEJADO;COMERCIAL;TRAMO RECTO;PLANA ;ASFALTADA;NULL;NULL;NULL;NULL;EN PROCESO DE INVESTIGACIÓN;NO CUENTA CON CAUSA ESPECIFICA;Calle El Huarangal;24/6/2021;-75.708581
A-2021-06-200;50:00.0;ATROPELLO;1;0;1;AREQUIPA;AREQUIPA;CERRO COLORADO;URBANA;AVENIDA;URBANO;NO CORRESPONDE;-16.327442;DESPEJADO;COMERCIAL;TRAMO RECTO;PLANA ;ASFALTADA;NO;NULL;NULL;SI;IMPRUDENCIA DEL CONDUCTOR;NO DAR PASO PREFERENTE AL PEATÓN;Avenida 54;24/6/2021;-71.555638
A-2021-06-183;20:00.0;CHOQUE;2;1;NULL;MADRE DE DIOS;TAMBOPATA;TAMBOPATA;RURAL;CARRETERA;NACIONAL;PE-30C;-12.659735;NULL;NULL;NULL;NULL;NULL;NULL;NULL;NULL;NULL;EN PROCESO DE INVESTIGACIÓN;NO CUENTA CON CAUSA ESPECIFICA;Interoceánica Sur;24/6/2021;-69.320325
A-2021-06-294;35:00.0;CHOQUE;1;0;1;CALLAO;CALLAO;VENTANILLA;URBANA;CARRETERA;NACIONAL;PE-20;-11.873063;DESPEJADO;COMERCIAL;TRAMO RECTO;PLANA ;ASFALTADA;NO;NULL;NULL;NO;NEGLIGENCIA DEL CONDUCTOR;OTRO (NEGLIGENCIA DEL CONDUCTOR);Avenida Coronel Nestor Gambetta;25/6/2021;-77.127113
A-2021-06-219;00:00.0;DESPISTE;2;2;1;CUSCO;QUISPICANCHI;CAMANTI;RURAL;CARRETERA;NACIONAL;PE-3S;-13.186916;LLUVIOSO;RURAL;CURVA;INCLINADA;ASFALTADA;NO;NULL;NULL;SI;IMPRUDENCIA DEL CONDUCTOR;EXCESO DE VELOCIDAD;Interoceanica Sur;25/6/2021;-70.515755
A-2021-06-350;30:00.0;DESPISTE;1;0;1;ANCASH;SANTA;NEPEÑA;RURAL;CARRETERA;DEPARTAMENTAL;AN-104;-9.190112;DESPEJADO;RURAL;TRAMO RECTO;PLANA ;ASFALTADA;NULL;NULL;NULL;NULL;EN PROCESO DE INVESTIGACIÓN;NO CUENTA CON CAUSA ESPECIFICA;Carretera Samanco - Caraz;25/6/2021;-78.356785
A-2021-06-260;30:00.0;ATROPELLO FUGA;1;0;0;LIMA;LIMA;RIMAC;URBANA;CARRETERA;NACIONAL;PE-1N;-12.042747;DESPEJADO;INDUSTRIAL;TRAMO RECTO;PLANA ;ASFALTADA;NULL;NULL;NULL;NULL;EN PROCESO DE INVESTIGACIÓN;NO CUENTA CON CAUSA ESPECIFICA;Avenida 9 de Octubre;25/6/2021;-77.023008
A-2021-06-312;40:00.0;CHOQUE;1;0;0;PUNO;HUANCANE;PUSI;RURAL;CARRETERA;DEPARTAMENTAL;PU-113;-15.385755;DESPEJADO;RURAL;TRAMO RECTO;PLANA ;AFIRMADO;NULL;NULL;NULL;NULL;NEGLIGENCIA DEL CONDUCTOR;OTRO (NEGLIGENCIA DEL CONDUCTOR);PU-113;25/6/2021;-70.089643
A-2021-06-299;30:00.0;DESPISTE;1;1;1;PIURA;MORROPON;SANTO DOMINGO;RURAL;CARRETERA;PROVINCIAL;PI-708;-5.034972;DESPEJADO;RURAL;TRAMO RECTO;INCLINADA;ASFALTADA;SI;PREVENTIVA (P);REGULADORA (R);NO;EN PROCESO DE INVESTIGACIÓN;NO CUENTA CON CAUSA ESPECIFICA;Santo Domingo;25/6/2021;-79.857827
A-2021-06-221;00:00.0;DESPISTE;3;2;1;CUSCO;CANAS;CHECCA;RURAL;CARRETERA;PROVINCIAL;CU-1810;-14.492229;DESPEJADO;RURAL;CURVA;INCLINADA;TROCHA;NULL;NULL;NULL;NULL;IMPRUDENCIA DEL CONDUCTOR;EXCESO DE VELOCIDAD;Checca;25/6/2021;-71.460864
A-2021-06-240;55:00.0;CHOQUE;1;1;2;LA LIBERTAD;TRUJILLO;LAREDO;RURAL;CARRETERA;NACIONAL;PE-10A;-8.096285;DESPEJADO;INDUSTRIAL;TRAMO RECTO;PLANA ;ASFALTADA;NULL;NULL;NULL;NULL;IMPRUDENCIA DEL CONDUCTOR;FATIGA Y/O CANSANCIO;Carretera Industrial;25/6/2021;-78.962737
A-2021-06-326;20:00.0;ATROPELLO;1;0;1;LAMBAYEQUE;CHICLAYO;PIMENTEL;URBANA;CARRETERA;NACIONAL;PE-1N;-6.752749;DESPEJADO;COMERCIAL;TRAMO RECTO;PLANA ;ASFALTADA;NULL;NULL;NULL;NULL;IMPRUDENCIA DEL PEATÓN;ESTADO DE EBRIEDAD Y/O DROGADICCIÓN;Panamericana Norte;26/6/2021;-79.866786
A-2021-06-355;00:00.0;CHOQUE;1;0;2;SAN MARTIN;SAN MARTIN;MORALES;URBANA;CARRETERA;NACIONAL;PE-5N;-6.49826;DESPEJADO;COMERCIAL;INTERSECCIÓN;PLANA ;ASFALTADA;NO;NULL;NULL;SI;IMPRUDENCIA DEL CONDUCTOR;CONDUCIR EN ESTADO DE EBRIEDAD Y/O DROGADICCIÓN;Vía de Evitamiento;27/6/2021;-76.39229
A-2021-06-213;00:00.0;ATROPELLO FUGA;1;0;NULL;MADRE DE DIOS;TAMBOPATA;INAMBARI;RURAL;CARRETERA;NACIONAL;PE-30C;-12.877185;NULL;NULL;NULL;NULL;NULL;NULL;NULL;NULL;NULL;EN PROCESO DE INVESTIGACIÓN;NO CUENTA CON CAUSA ESPECIFICA;Interoceánica Sur;27/6/2021;-70.040262
A-2021-06-305;45:00.0;DESPISTE;1;0;1;ICA;ICA;PARCONA;URBANA;CARRETERA;NACIONAL;PE-1SC;-14.061162;DESPEJADO;COMERCIAL;TRAMO RECTO;PLANA ;ASFALTADA;NO;NULL;NULL;SI;EN PROCESO DE INVESTIGACIÓN;NO CUENTA CON CAUSA ESPECIFICA;Prolongación Avenida Miguel Grau;27/6/2021;-75.720714
A-2021-06-211;46:00.0;ATROPELLO;1;1;2;SAN MARTIN;RIOJA;ELIAS SOPLIN VARGAS;URBANA;CARRETERA;NACIONAL;PE-5N;-5.979007;DESPEJADO;RURAL;TRAMO RECTO;INCLINADA;ASFALTADA;SI;REGULADORA (R);INFORMATIVA (I);NO;IMPRUDENCIA DEL PEATÓN;USO DE DISPOSITIVOS MÓVILES Y/O ELECTRÓNICOS;Carretera Presidente Fernando Belaúnde Terry;27/6/2021;-77.288573
A-2021-06-283;00:00.0;CHOQUE;1;1;2;AREQUIPA;CAMANA;NICOLAS DE PIEROLA;RURAL;CARRETERA;PROVINCIAL;AR-548;-16.578899;DESPEJADO;RURAL;CURVA;PLANA ;ASFALTADA;NULL;NULL;NULL;NULL;EN PROCESO DE INVESTIGACIÓN;NO CUENTA CON CAUSA ESPECIFICA;Avenida Nicolás de Piérola;27/6/2021;-72.711301
A-2021-06-225;30:00.0;VOLCADURA;1;0;2;PUNO;SAN ROMAN;JULIACA;URBANA;JIRÓN;URBANO;NO CORRESPONDE;-15.500896;DESPEJADO;COMERCIAL;INTERSECCIÓN;PLANA ;CONCRETO;NULL;NULL;NULL;NULL;IMPRUDENCIA DEL CONDUCTOR;EXCESO DE VELOCIDAD;Jirón Mariano Pandia;27/6/2021;-70.130469
A-2021-06-201;20:00.0;DESPISTE;2;2;1;AREQUIPA;AREQUIPA;CERRO COLORADO;URBANA;CARRETERA;DEPARTAMENTAL;AR-123;-16.366534;DESPEJADO;RESIDENCIAL;TRAMO RECTO;PLANA ;ASFALTADA;NULL;NULL;NULL;NULL;EN PROCESO DE INVESTIGACIÓN;NO CUENTA CON CAUSA ESPECIFICA;Autopista La Joya - Arequipa;27/6/2021;-71.637844
A-2021-06-202;20:00.0;CHOQUE;1;1;2;ICA;ICA;LOS AQUIJES;RURAL;AVENIDA;URBANO;NO CORRESPONDE;-14.102249;DESPEJADO;RURAL;CURVA;PLANA ;ASFALTADA;NULL;NULL;NULL;NULL;IMPRUDENCIA DEL CONDUCTOR;EXCESO DE VELOCIDAD;El Rosario;27/6/2021;-75.682149
A-2021-06-272;00:00.0;DESPISTE;1;0;1;AREQUIPA;CARAVELI;JAQUI;RURAL;CARRETERA;PROVINCIAL;AR-514;-15.448646;DESPEJADO;RURAL;SINUOSA;INCLINADA;TROCHA;NULL;NULL;NULL;NULL;EN PROCESO DE INVESTIGACIÓN;NO CUENTA CON CAUSA ESPECIFICA;Jaquí;27/6/2021;-74.402731
A-2021-06-297;15:00.0;CHOQUE;1;0;2;LA LIBERTAD;GRAN CHIMU;CASCAS;RURAL;CARRETERA;DEPARTAMENTAL;LI-106;-7.557302;DESPEJADO;RURAL;CURVA;PLANA ;AFIRMADO;NULL;NULL;NULL;NULL;IMPRUDENCIA DEL CONDUCTOR;INVASIÓN DE CARRIL;LI-106;27/6/2021;-78.720412
A-2021-06-358;30:00.0;ATROPELLO FUGA;1;0;NULL;CALLAO;CALLAO;CALLAO;URBANA;CARRETERA;NACIONAL;PE-20B;-11.999894;DESPEJADO;INDUSTRIAL;TRAMO RECTO;PLANA ;ASFALTADA;NULL;NULL;NULL;NULL;NEGLIGENCIA DEL CONDUCTOR;OTRO (NEGLIGENCIA DEL CONDUCTOR);Avenida Elmer Faucett;27/6/2021;-77.118706
A-2021-06-199;00:00.0;ATROPELLO FUGA;1;0;NULL;CALLAO;CALLAO;CALLAO;URBANA;CARRETERA;NACIONAL;PE-20B;-11.99988;DESPEJADO;RESIDENCIAL;TRAMO RECTO;PLANA ;ASFALTADA;NULL;NULL;NULL;NULL;EN PROCESO DE INVESTIGACIÓN;NO CUENTA CON CAUSA ESPECIFICA;Avenida Elmer Faucett;27/6/2021;-77.118724
A-2021-06-198;30:00.0;CHOQUE;1;1;2;TUMBES;TUMBES;CORRALES;RURAL;CARRETERA;NACIONAL;PE-1N;-3.583833;DESPEJADO;RURAL;TRAMO RECTO;PLANA ;ASFALTADA;NULL;NULL;NULL;NULL;IMPRUDENCIA DEL CONDUCTOR;ADELANTAR INDEBIDAMENTE;Pueblo Nuevo;27/6/2021;-80.472568
A-2021-06-223;50:00.0;DESPISTE;1;1;1;CUSCO;ANTA;HUAROCONDO;RURAL;CARRETERA;PROVINCIAL;CU-902;-13.427364;DESPEJADO;RURAL;TRAMO RECTO;PLANA ;ASFALTADA;NULL;NULL;NULL;NULL;IMPRUDENCIA DEL CONDUCTOR;EXCESO DE VELOCIDAD;Via Huarocondo - Zurite;28/6/2021;-72.218355
A-2021-06-227;05:00.0;CHOQUE;1;1;2;PIURA;PIURA;CASTILLA;URBANA;CARRETERA;NACIONAL;PE-1NJ;-5.231254;DESPEJADO;RURAL;CURVA;PLANA ;ASFALTADA;SI;INFORMATIVA (I);REGULADORA (R);NO;EN PROCESO DE INVESTIGACIÓN;NO CUENTA CON CAUSA ESPECIFICA;Avenida Progreso;28/6/2021;-80.635399
A-2021-06-325;45:00.0;CHOQUE;2;0;2;LAMBAYEQUE;LAMBAYEQUE;MOTUPE;RURAL;CARRETERA;NACIONAL;PE-1NJ;-6.037328;DESPEJADO;RURAL;TRAMO RECTO;PLANA ;ASFALTADA;NULL;NULL;NULL;NULL;EN PROCESO DE INVESTIGACIÓN;NO CUENTA CON CAUSA ESPECIFICA;Carretera Lambayegue - Olmos;28/6/2021;-79.677065
A-2021-06-261;00:00.0;CHOQUE;1;2;0;LIMA;LIMA;COMAS;URBANA;CARRETERA;NACIONAL;PE-1N;-11.924998;DESPEJADO;COMERCIAL;TRAMO RECTO;PLANA ;ASFALTADA;NULL;NULL;NULL;NULL;EN PROCESO DE INVESTIGACIÓN;NO CUENTA CON CAUSA ESPECIFICA;Avenida Panamericana Norte;28/6/2021;-77.072873
A-2021-06-216;30:00.0;DESPISTE;1;0;1;PASCO;DANIEL ALCIDES CARRION;YANAHUANCA;RURAL;CARRETERA;DEPARTAMENTAL;PA-102;-10.497169;NUBLADO;RURAL;CURVA;INCLINADA;ASFALTADA;NULL;NULL;NULL;NULL;IMPRUDENCIA DEL CONDUCTOR;CONDUCIR EN ESTADO DE EBRIEDAD Y/O DROGADICCIÓN;PA-102;28/6/2021;-76.513381
A-2021-06-303;30:00.0;DESPISTE;1;1;1;HUANCAVELICA;TAYACAJA;AHUAYCHA;RURAL;CARRETERA;NACIONAL;PE-3SD;-12.39026;DESPEJADO;RURAL;CURVA;INCLINADA;ASFALTADA;SI;PREVENTIVA (P);PREVENTIVA (P);SI;EN PROCESO DE INVESTIGACIÓN;NO CUENTA CON CAUSA ESPECIFICA;PE-3SD;28/6/2021;-74.89023
A-2021-06-262;30:00.0;ATROPELLO FUGA;1;0;0;LIMA;LIMA;EL AGUSTINO;URBANA;CARRETERA;NACIONAL;PE-1N;-12.032365;DESPEJADO;INDUSTRIAL;TRAMO RECTO;PLANA ;ASFALTADA;NULL;NULL;NULL;NULL;EN PROCESO DE INVESTIGACIÓN;NO CUENTA CON CAUSA ESPECIFICA;Vía de Evitamiento;28/6/2021;-77.006534
A-2021-06-226;00:00.0;CHOQUE;1;0;2;PIURA;PIURA;CASTILLA;URBANA;CARRETERA;NACIONAL;PE-1NJ;-5.211507;DESPEJADO;RURAL;INTERSECCIÓN;PLANA ;ASFALTADA;NO;NULL;NULL;SI;EN PROCESO DE INVESTIGACIÓN;NO CUENTA CON CAUSA ESPECIFICA;Avenida Progreso;28/6/2021;-80.622127
A-2021-06-244;00:00.0;ATROPELLO FUGA;1;0;NULL;CAJAMARCA;SAN PABLO;SAN BERNARDINO;RURAL;CARRETERA;PROVINCIAL;CA-1302;-7.212769;DESPEJADO;RURAL;CURVA;INCLINADA;TROCHA;NULL;NULL;NULL;NULL;NEGLIGENCIA DEL CONDUCTOR;OTRO (NEGLIGENCIA DEL CONDUCTOR);CA-1302;28/6/2021;-78.765439
A-2021-06-263;00:00.0;ATROPELLO;1;0;0;LIMA;LIMA;BREÑA;URBANA;AVENIDA;URBANO;NO CORRESPONDE;-12.068456;DESPEJADO;INDUSTRIAL;TRAMO RECTO;PLANA ;ASFALTADA;NULL;NULL;NULL;NULL;EN PROCESO DE INVESTIGACIÓN;NO CUENTA CON CAUSA ESPECIFICA;Avenida Brasil;28/6/2021;-77.048247
A-2021-06-316;00:00.0;CHOQUE;1;0;2;PUNO;SAN ANTONIO DE PUTINA;PUTINA;RURAL;CARRETERA;NACIONAL;PE-34H;-14.944267;DESPEJADO;RURAL;TRAMO RECTO;INCLINADA;TROCHA;NULL;NULL;NULL;NULL;IMPRUDENCIA DEL CONDUCTOR;CONDUCIR EN SENTIDO CONTRARIO;PE-34H;29/6/2021;-69.867409
A-2021-06-264;30:00.0;ATROPELLO FUGA;1;0;0;LIMA;LIMA;SANTA ANITA;URBANA;AVENIDA;URBANO;NO CORRESPONDE;-12.033213;DESPEJADO;INDUSTRIAL;TRAMO RECTO;PLANA ;ASFALTADA;NULL;NULL;NULL;NULL;EN PROCESO DE INVESTIGACIÓN;NO CUENTA CON CAUSA ESPECIFICA;Avenida Separadora Industrial;29/6/2021;-76.942706
A-2021-06-222;20:00.0;DESPISTE;3;0;1;PUNO;YUNGUYO;CUTURAPI;RURAL;CARRETERA;DEPARTAMENTAL;PU-130;-16.269772;DESPEJADO;RURAL;INTERSECCIÓN;PLANA ;ASFALTADA;NULL;NULL;NULL;NULL;IMPRUDENCIA DEL CONDUCTOR;CONDUCIR EN ESTADO DE EBRIEDAD Y/O DROGADICCIÓN;PU-130;29/6/2021;-69.196809
A-2021-06-241;25:00.0;DESPISTE;1;3;1;LA LIBERTAD;SANCHEZ CARRION;HUAMACHUCO;RURAL;CARRETERA;NACIONAL;PE-3N;-7.883144;DESPEJADO;RURAL;TRAMO RECTO;PLANA ;ASFALTADA;NULL;NULL;NULL;NULL;IMPRUDENCIA DEL CONDUCTOR;OTRO (IMPRUDENCIA DEL CONDUCTOR);Carretera Longitudinal de la Sierra Norte;29/6/2021;-78.118494
A-2021-06-234;00:00.0;ATROPELLO FUGA;1;0;0;TACNA;TACNA;LA YARADA LOS PALOS;RURAL;CARRETERA;PROVINCIAL;TA-644;-18.236664;DESPEJADO;RURAL;TRAMO RECTO;PLANA ;ASFALTADA;NULL;NULL;NULL;NULL;IMPRUDENCIA DEL PEATÓN;ESTADO DE EBRIEDAD Y/O DROGADICCIÓN;Carretera Los Palos - Hospicio;29/6/2021;-70.368142
A-2021-06-230;00:00.0;CHOQUE;1;6;2;HUANCAVELICA;HUANCAVELICA;ACORIA;RURAL;CARRETERA;NACIONAL;PE-3SM;-12.531054;DESPEJADO;RURAL;SINUOSA;PLANA ;ASFALTADA;SI;REGULADORA (R);REGULADORA (R);NO;EN PROCESO DE INVESTIGACIÓN;NO CUENTA CON CAUSA ESPECIFICA;Carretera Acobamba - Huancayo;30/6/2021;-74.922456
A-2021-06-265;30:00.0;CHOQUE;1;0;NULL;LIMA;LIMA;SAN JUAN DE LURIGANCHO;URBANA;AVENIDA;URBANO;NO CORRESPONDE;-12.012326;DESPEJADO;COMERCIAL;TRAMO RECTO;PLANA ;ASFALTADA;NULL;NULL;NULL;NULL;IMPRUDENCIA DEL CONDUCTOR;OTRO (IMPRUDENCIA DEL CONDUCTOR);Avenida Los Tusilagos Oeste;30/6/2021;-77.011352
A-2021-06-266;15:00.0;CHOQUE;1;2;NULL;LIMA;LIMA;LURIN;URBANA;CARRETERA;NACIONAL;PE-1S;-12.28184;NUBLADO;RESIDENCIAL;TRAMO RECTO;PLANA ;ASFALTADA;NULL;NULL;NULL;NULL;IMPRUDENCIA DEL CONDUCTOR;CONDUCIR EN ESTADO DE EBRIEDAD Y/O DROGADICCIÓN;Carretera Panamericana Sur;30/6/2021;-76.88049
A-2021-06-356;30:00.0;ATROPELLO;1;0;1;SAN MARTIN;EL DORADO;SAN MARTIN;URBANA;CARRETERA;DEPARTAMENTAL;SM-100;-6.516202;SOLEADO;COMERCIAL;TRAMO RECTO;PLANA ;ASFALTADA;NULL;NULL;NULL;NULL;IMPRUDENCIA DEL PEATÓN;CRUCE INDEBIDO POR LA CALZADA;SM-100;30/6/2021;-76.742141
A-2021-06-267;20:00.0;CHOQUE;1;0;0;LIMA;LIMA;COMAS;URBANA;AVENIDA;URBANO;NO CORRESPONDE;-11.966163;DESPEJADO;COMERCIAL;TRAMO RECTO;PLANA ;CONCRETO;NULL;NULL;NULL;NULL;EN PROCESO DE INVESTIGACIÓN;NO CUENTA CON CAUSA ESPECIFICA;Avenida Túpac Amaru;30/6/2021;-77.055928
A-2021-07-136;30:00.0;ATROPELLO FUGA;1;0;1;CUSCO;CANCHIS;MARANGANI;RURAL;CARRETERA;NACIONAL;PE-3S;-14.36536;DESPEJADO;RURAL;TRAMO RECTO;PLANA ;ASFALTADA;NO;NULL;NULL;SI;IMPRUDENCIA DEL CONDUCTOR;EXCESO DE VELOCIDAD;Carretera Longitudinal de la Sierra Sur;1/7/2021;-71.15689
A-2021-07-149;30:00.0;CHOQUE CON OBJETO FIJO;1;0;NULL;LIMA;HUARAL;HUARAL;URBANA;CARRETERA;PROVINCIAL;LM-678;-11.484735;NULL;NULL;NULL;NULL;NULL;NULL;NULL;NULL;NULL;EN PROCESO DE INVESTIGACIÓN;NO CUENTA CON CAUSA ESPECIFICA;Avenida Los Naturales;1/7/2021;-77.206067
A-2021-07-40;30:00.0;DESPISTE;1;0;1;LA LIBERTAD;TRUJILLO;LA ESPERANZA;URBANA;JIRÓN;URBANO;NO CORRESPONDE;-8.048035;DESPEJADO;INDUSTRIAL;TRAMO RECTO;PLANA ;ASFALTADA;NULL;NULL;NULL;NULL;EN PROCESO DE INVESTIGACIÓN;NO CUENTA CON CAUSA ESPECIFICA;Jirón Brasil;1/7/2021;-79.070344
A-2021-07-279;30:00.0;DESPISTE;1;1;1;HUANUCO;HUANUCO;SAN PEDRO DE CHAULAN;RURAL;CARRETERA;PROVINCIAL;HU-1148;-10.007025;DESPEJADO;RURAL;SINUOSA;INCLINADA;AFIRMADO;NULL;NULL;NULL;NULL;IMPRUDENCIA DEL CONDUCTOR;EXCESO DE VELOCIDAD;San Pedro de Chaulán;1/7/2021;-76.45803