CÓDIGO SINIESTRO;HORA SINIESTRO;CLASE SINIESTRO;CANTIDAD DE FALLECIDOS;CANTIDAD DE LESIONADOS;CANTIDAD DE VEHICULOS DAÑADOS;DEPARTAMENTO;PROVINCIA;DISTRITO;ZONA;TIPO DE VÍA;RED VIAL;COD CARRETERA;COORDENADAS LATITUD;CONDICIÓN CLIMÁTICA;ZONIFICACIÓN;CARACTERÍSTICAS DE VÍA;PERFIL LONGITUDINAL VÍA;SUPERFICIE DE CALZADA;¿EXISTE SEÑAL VERTICAL?;CLASIFICACIÓN DE LA SEÑAL VERTICAL Nº 1;CLASIFICACIÓN DE LA SEÑAL VERTICAL Nº 2;¿EXISTE SEÑAL HORIZONTAL?;CAUSA FACTOR PRINCIPAL;CAUSA ESPECÍFICA;UBICACION;FECHA SINIESTRO;COORDENADAS LONGITUD
A-2021-07-11;30:00.0;VOLCADURA;1;0;NULL;LIMA;LIMA;SANTIAGO DE SURCO;URBANA;CARRETERA;NACIONAL;PE-1S;-12.132165;DESPEJADO;COMERCIAL;TRAMO RECTO;PLANA ;ASFALTADA;NULL;NULL;NULL;NULL;IMPRUDENCIA DEL PEATÓN;OTRO (IMPRUDENCIA DEL PEATÓN);Jirón Circunvalación;1/7/2021;-76.978381
A-2021-07-280;00:00.0;DESPISTE;2;1;1;HUANUCO;PACHITEA;UMARI;RURAL;CARRETERA;PROVINCIAL;HU-840;-9.890068;DESPEJADO;RURAL;SINUOSA;INCLINADA;ASFALTADA;NULL;NULL;NULL;NULL;EN PROCESO DE INVESTIGACIÓN;NO CUENTA CON CAUSA ESPECIFICA;HU-840;2/7/2021;-75.992688
A-2021-07-28;00:00.0;DESPISTE;1;0;1;HUANCAVELICA;TAYACAJA;AHUAYCHA;RURAL;CARRETERA;NACIONAL;PE-3S;-12.530598;DESPEJADO;RURAL;TRAMO RECTO;INCLINADA;ASFALTADA;NULL;NULL;NULL;NULL;EN PROCESO DE INVESTIGACIÓN;NO CUENTA CON CAUSA ESPECIFICA;Carretera Longitudinal de la Sierra Sur;2/7/2021;-74.945567
A-2021-07-76;30:00.0;CHOQUE;1;1;2;MOQUEGUA;MARISCAL NIETO;MOQUEGUA;URBANA;AVENIDA;URBANO;NO CORRESPONDE;-17.209031;DESPEJADO;COMERCIAL;INTERSECCIÓN;PLANA ;ASFALTADA;SI;REGULADORA (R);REGULADORA (R);NO;IMPRUDENCIA DEL CONDUCTOR;OTRO (IMPRUDENCIA DEL CONDUCTOR);Calle 48;2/7/2021;-70.940198
A-2021-07-13;00:00.0;CHOQUE;1;1;0;LIMA;LIMA;CHORRILLOS;URBANA;AVENIDA;URBANO;NO CORRESPONDE;-12.196577;DESPEJADO;INDUSTRIAL;TRAMO RECTO;PLANA ;ASFALTADA;NULL;NULL;NULL;NULL;EN PROCESO DE INVESTIGACIÓN;NO CUENTA CON CAUSA ESPECIFICA;Jirón Nevado Carhuaz;2/7/2021;-76.990935
A-2021-07-12;30:00.0;ATROPELLO;1;0;0;LIMA;LIMA;LOS OLIVOS;NULL;CARRETERA;NACIONAL;PE-1N;-11.967712;DESPEJADO;INDUSTRIAL;TRAMO RECTO;PLANA ;ASFALTADA;NULL;NULL;NULL;NULL;EN PROCESO DE INVESTIGACIÓN;NO CUENTA CON CAUSA ESPECIFICA;Avenida Panamericana Norte;2/7/2021;-77.067618
A-2021-07-120;00:00.0;CHOQUE;1;0;3;HUANCAVELICA;CHURCAMPA;ANCO;RURAL;CARRETERA;NACIONAL;PE-3S;-12.68508;DESPEJADO;RURAL;SINUOSA;INCLINADA;ASFALTADA;SI;PREVENTIVA (P);NULL;SI;EN PROCESO DE INVESTIGACIÓN;NO CUENTA CON CAUSA ESPECIFICA;Carretera Longitudinal de la Sierra Sur;2/7/2021;-74.586476
A-2021-07-22;00:00.0;DESPISTE;3;1;1;AREQUIPA;CARAVELI;CHAPARRA;RURAL;CARRETERA;PROVINCIAL;AR-514;-15.73168;DESPEJADO;RURAL;SINUOSA;INCLINADA;TROCHA;NULL;NULL;NULL;NULL;EN PROCESO DE INVESTIGACIÓN;NO CUENTA CON CAUSA ESPECIFICA;AR-514;2/7/2021;-73.821106
A-2021-07-56;30:00.0;ATROPELLO FUGA;1;0;1;LA LIBERTAD;PACASMAYO;GUADALUPE;RURAL;CARRETERA;NACIONAL;PE-08;-7.305328;DESPEJADO;RURAL;TRAMO RECTO;PLANA ;ASFALTADA;NULL;NULL;NULL;NULL;EN PROCESO DE INVESTIGACIÓN;NO CUENTA CON CAUSA ESPECIFICA;Carretera Ciudad de Dios - Cajamarca;2/7/2021;-79.443897
A-2021-07-14;12:00.0;CHOQUE;1;0;NULL;LIMA;LIMA;LA VICTORIA;URBANA;AVENIDA;URBANO;NO CORRESPONDE;-12.059242;DESPEJADO;INDUSTRIAL;TRAMO RECTO;PLANA ;CONCRETO;NULL;NULL;NULL;NULL;IMPRUDENCIA DEL CONDUCTOR;CONDUCIR EN ESTADO DE EBRIEDAD Y/O DROGADICCIÓN;Avenida Almirante Miguel Grau;3/7/2021;-77.029811
A-2021-07-181;40:00.0;DESPISTE;1;0;1;CUSCO;CANCHIS;SICUANI;RURAL;CARRETERA;SIN CLASIFICAR;SIN CLASIFICAR;-14.210094;DESPEJADO;RURAL;TRAMO RECTO;PLANA ;ASFALTADA;SI;PREVENTIVA (P);PREVENTIVA (P);SI;EN PROCESO DE INVESTIGACIÓN;NO CUENTA CON CAUSA ESPECIFICA;Sicuani;3/7/2021;-71.174294
A-2021-07-102;30:00.0;CHOQUE;1;4;2;CAJAMARCA;JAEN;BELLAVISTA;RURAL;CARRETERA;NACIONAL;PE-5N;-5.598685;SOLEADO;RURAL;TRAMO RECTO;PLANA ;ASFALTADA;SI;REGULADORA (R);REGULADORA (R);NO;IMPRUDENCIA DEL CONDUCTOR;EXCESO DE VELOCIDAD;PE-5N;3/7/2021;-78.781379
A-2021-07-235;19:00.0;DESPISTE;1;0;1;PIURA;TALARA;MANCORA;URBANA;AVENIDA;URBANO;NO CORRESPONDE;-4.10401;DESPEJADO;RESIDENCIAL;TRAMO RECTO;PLANA ;ASFALTADA;NULL;NULL;NULL;NULL;EN PROCESO DE INVESTIGACIÓN;NO CUENTA CON CAUSA ESPECIFICA;Máncora;3/7/2021;-81.04728
A-2021-07-205;00:00.0;CHOQUE;3;10;2;LAMBAYEQUE;FERREÑAFE;FERREÑAFE;RURAL;CARRETERA;DEPARTAMENTAL;LA-111;-6.590189;DESPEJADO;RURAL;TRAMO RECTO;PLANA ;ASFALTADA;NULL;NULL;NULL;NULL;EN PROCESO DE INVESTIGACIÓN;NO CUENTA CON CAUSA ESPECIFICA;LA-111;3/7/2021;-79.785812
A-2021-07-57;30:00.0;CHOQUE;1;0;2;LA LIBERTAD;CHEPEN;PACANGA;RURAL;CARRETERA;NACIONAL;PE-1N;-7.178163;DESPEJADO;RURAL;TRAMO RECTO;PLANA ;ASFALTADA;NULL;NULL;NULL;NULL;EN PROCESO DE INVESTIGACIÓN;NO CUENTA CON CAUSA ESPECIFICA;Carretera Panamericana Norte;3/7/2021;-79.437726
A-2021-07-15;40:00.0;CHOQUE;1;2;0;LIMA;LIMA;ATE;URBANA;AVENIDA;URBANO;NO CORRESPONDE;-12.064744;DESPEJADO;COMERCIAL;TRAMO RECTO;PLANA ;CONCRETO;NULL;NULL;NULL;NULL;EN PROCESO DE INVESTIGACIÓN;NO CUENTA CON CAUSA ESPECIFICA;Avenida Marie Curie;3/7/2021;-76.978404
A-2021-07-209;30:00.0;CHOQUE;1;2;2;LAMBAYEQUE;LAMBAYEQUE;MORROPE;RURAL;CARRETERA;NACIONAL;PE-1N;-6.572923;DESPEJADO;RURAL;PASE A DESNIVEL;INCLINADA;ASFALTADA;SI;INFORMATIVA (I);PREVENTIVA (P);NO;EN PROCESO DE INVESTIGACIÓN;NO CUENTA CON CAUSA ESPECIFICA;Carretera Panamericana Norte;3/7/2021;-79.990943
A-2021-07-16;00:00.0;ATROPELLO;1;0;NULL;LIMA;LIMA;ATE;URBANA;CARRETERA;NACIONAL;PE-22;-12.007508;DESPEJADO;INDUSTRIAL;TRAMO RECTO;PLANA ;CONCRETO;NULL;NULL;NULL;NULL;IMPRUDENCIA DEL PEATÓN;ESTADO DE EBRIEDAD Y/O DROGADICCIÓN;Carretera Central;3/7/2021;-76.856462
A-2021-07-169;50:00.0;CHOQUE FUGA;1;0;0;AYACUCHO;CANGALLO;LOS MOROCHUCOS;RURAL;CARRETERA;SIN CLASIFICAR;SIN CLASIFICAR;-13.57731;DESPEJADO;RURAL;CURVA;INCLINADA;ASFALTADA;NULL;NULL;NULL;NULL;IMPRUDENCIA DEL CONDUCTOR;EXCESO DE VELOCIDAD;Huallchancca;4/7/2021;-74.18991
A-2021-07-17;30:00.0;VOLCADURA;1;0;0;LIMA;LIMA;SANTIAGO DE SURCO;URBANA;CARRETERA;NACIONAL;PE-1S;-12.131299;DESPEJADO;RESIDENCIAL;TRAMO RECTO;PLANA ;ASFALTADA;NULL;NULL;NULL;NULL;EN PROCESO DE INVESTIGACIÓN;NO CUENTA CON CAUSA ESPECIFICA;Carretera Panamericana Sur;4/7/2021;-76.978347
A-2021-07-84;10:00.0;CHOQUE;1;0;2;PUNO;SANDIA;SAN JUAN DEL ORO;RURAL;CARRETERA;NACIONAL;PE-34H;-14.210239;DESPEJADO;RURAL;CURVA;INCLINADA;ASFALTADA;NULL;NULL;NULL;NULL;IMPRUDENCIA DEL CONDUCTOR;EXCESO DE VELOCIDAD;PE-34H;4/7/2021;-69.142778
A-2021-07-132;31:00.0;CHOQUE;1;0;2;CUSCO;CANAS;LANGUI;URBANA;CARRETERA;PROVINCIAL;CU-1719;-14.4832;DESPEJADO;RESIDENCIAL;TRAMO RECTO;PLANA ;ASFALTADA;NULL;NULL;NULL;NULL;IMPRUDENCIA DEL CONDUCTOR;INVASIÓN DE CARRIL;Langui;4/7/2021;-71.255
A-2021-07-9;55:00.0;ATROPELLO;1;2;1;AREQUIPA;AREQUIPA;JOSE LUIS BUSTAMANTE Y RIVERO;URBANA;CALLE;URBANO;NO CORRESPONDE;-16.44527;DESPEJADO;RESIDENCIAL;TRAMO RECTO;PLANA ;ASFALTADA;NULL;NULL;NULL;NULL;EN PROCESO DE INVESTIGACIÓN;NO CUENTA CON CAUSA ESPECIFICA;C. Vinatea Reynoso;4/7/2021;-71.51142
A-2021-07-8;30:00.0;CHOQUE;1;0;2;AREQUIPA;ISLAY;COCACHACRA;RURAL;CARRETERA;NACIONAL;PE-1S;-16.88814;DESPEJADO;RURAL;TRAMO RECTO;PLANA ;ASFALTADA;NO;NULL;NULL;SI;EN PROCESO DE INVESTIGACIÓN;NO CUENTA CON CAUSA ESPECIFICA;Carretera Panamericana Sur;4/7/2021;-71.846429
A-2021-07-65;50:00.0;DESPISTE;1;1;1;APURIMAC;ANDAHUAYLAS;ANDARAPA;RURAL;CARRETERA;PROVINCIAL;AP-575;-13.516836;SOLEADO;RURAL;CURVA;INCLINADA;CASCAJO/RIPIO;NULL;NULL;NULL;NULL;NEGLIGENCIA DEL CONDUCTOR;OTRO (NEGLIGENCIA DEL CONDUCTOR);HUAYOPAMPA / PULTOCC;4/7/2021;-73.356453
A-2021-07-284;00:00.0;DESPISTE;1;0;1;HUANUCO;HUANUCO;QUISQUI (KICHKI);RURAL;CARRETERA;PROVINCIAL;HU-1105;-9.899559;DESPEJADO;RURAL;CURVA;INCLINADA;TROCHA;NULL;NULL;NULL;NULL;EN PROCESO DE INVESTIGACIÓN;NO CUENTA CON CAUSA ESPECIFICA;Quisqui;4/7/2021;-76.434697
A-2021-07-24;30:00.0;CHOQUE;1;0;2;SAN MARTIN;MOYOBAMBA;MOYOBAMBA;URBANA;CARRETERA;NACIONAL;PE-5N;-6.065207;DESPEJADO;RURAL;TRAMO RECTO;PLANA ;ASFALTADA;NULL;NULL;NULL;NULL;IMPRUDENCIA DEL CONDUCTOR;GIRAR IMPRUDENTEMENTE;Carretera Presidente Fernando Belaúnde Terry;4/7/2021;-76.923387
A-2021-07-10;00:00.0;ATROPELLO;1;0;NULL;CALLAO;CALLAO;VENTANILLA;URBANA;CARRETERA;NACIONAL;PE-20;-11.915812;DESPEJADO;INDUSTRIAL;TRAMO RECTO;PLANA ;ASFALTADA;NULL;NULL;NULL;NULL;IMPRUDENCIA DEL CONDUCTOR;OTRO (IMPRUDENCIA DEL CONDUCTOR);Avenida Coronel Nestor Gambetta;4/7/2021;-77.128526
A-2021-07-189;18:00.0;ATROPELLO FUGA;1;0;1;CUSCO;CANCHIS;SICUANI;RURAL;CARRETERA;NACIONAL;PE-3S;-14.305062;DESPEJADO;RURAL;TRAMO RECTO;PLANA ;ASFALTADA;NULL;NULL;NULL;NULL;EN PROCESO DE INVESTIGACIÓN;NO CUENTA CON CAUSA ESPECIFICA;Carretera Longitudinal de la Sierra Sur;4/7/2021;-71.210537
A-2021-07-33;25:00.0;DESPISTE;1;0;1;CAJAMARCA;HUALGAYOC;BAMBAMARCA;RURAL;CARRETERA;PROVINCIAL;CA-966;-6.637706;DESPEJADO;RURAL;CURVA;INCLINADA;AFIRMADO;SI;PREVENTIVA (P);NULL;NO;IMPRUDENCIA DEL CONDUCTOR;FATIGA Y/O CANSANCIO;CA-966;5/7/2021;-78.480065
A-2021-07-21;30:00.0;DESPISTE;1;2;1;CALLAO;CALLAO;VENTANILLA;URBANA;AVENIDA;URBANO;NO CORRESPONDE;-11.846209;DESPEJADO;RESIDENCIAL;OTRO;INCLINADA;AFIRMADO;NULL;NULL;NULL;NULL;NEGLIGENCIA DEL CONDUCTOR;OTRO (NEGLIGENCIA DEL CONDUCTOR);Prolongación Avenida 225;5/7/2021;-77.134248
A-2021-07-23;58:00.0;ATROPELLO;1;0;0;AREQUIPA;AREQUIPA;CAYMA;URBANA;AVENIDA;URBANO;NO CORRESPONDE;-16.389526;DESPEJADO;RESIDENCIAL;INTERSECCIÓN;INCLINADA;ASFALTADA;NO;NULL;NULL;SI;EN PROCESO DE INVESTIGACIÓN;NO CUENTA CON CAUSA ESPECIFICA;Avenida Ejército;5/7/2021;-71.547859
A-2021-07-229;20:00.0;ATROPELLO FUGA;1;0;NULL;LIMA;LIMA;SAN MARTIN DE PORRES;URBANA;AVENIDA;URBANO;NO CORRESPONDE;-12.001002;DESPEJADO;COMERCIAL;INTERSECCIÓN;PLANA ;ASFALTADA;NULL;NULL;NULL;NULL;EN PROCESO DE INVESTIGACIÓN;NO CUENTA CON CAUSA ESPECIFICA;Avenida 12 de Octubre;5/7/2021;-77.090998
A-2021-07-141;20:00.0;DESPISTE;2;0;1;PUNO;SANDIA;SAN JUAN DEL ORO;RURAL;CARRETERA;NACIONAL;PE-34H;-14.211378;DESPEJADO;RURAL;CURVA;INCLINADA;TROCHA;NULL;NULL;NULL;NULL;NEGLIGENCIA DEL CONDUCTOR;OTRO (NEGLIGENCIA DEL CONDUCTOR);PE-34H;6/7/2021;-69.144264
A-2021-07-146;00:00.0;DESPISTE;2;2;1;LIMA;HUAURA;SAYAN;RURAL;CARRETERA;NACIONAL;PE-18;-11.1911;DESPEJADO;RURAL;TRAMO RECTO;PLANA ;ASFALTADA;NULL;NULL;NULL;NULL;IMPRUDENCIA DEL CONDUCTOR;EXCESO DE VELOCIDAD;Carretera Huaral - Sayán;6/7/2021;-77.30334
A-2021-07-58;45:00.0;ATROPELLO;1;0;1;LA LIBERTAD;TRUJILLO;TRUJILLO;URBANA;AVENIDA;URBANO;NO CORRESPONDE;-8.11165;DESPEJADO;COMERCIAL;TRAMO RECTO;PLANA ;ASFALTADA;NULL;NULL;NULL;NULL;EN PROCESO DE INVESTIGACIÓN;NO CUENTA CON CAUSA ESPECIFICA;Avenida América Sur;6/7/2021;-79.01348
A-2021-07-160;58:00.0;CHOQUE;1;0;2;CUSCO;CUSCO;SAN JERONIMO;URBANA;VIA EXPRESA;URBANO;NO CORRESPONDE;-13.543829;DESPEJADO;RESIDENCIAL;TRAMO RECTO;PLANA ;ASFALTADA;SI;REGULADORA (R);REGULADORA (R);SI;IMPRUDENCIA DEL CONDUCTOR;INVASIÓN DE CARRIL;Vía de Evitamiento;6/7/2021;-71.900762
A-2021-07-231;00:00.0;ATROPELLO FUGA;2;0;NULL;LIMA;LIMA;SAN JUAN DE LURIGANCHO;URBANA;AVENIDA;URBANO;NO CORRESPONDE;-11.990197;NUBLADO;COMERCIAL;INTERSECCIÓN;PLANA ;ASFALTADA;NULL;NULL;NULL;NULL;IMPRUDENCIA DEL CONDUCTOR;EXCESO DE VELOCIDAD;Avenida Las Flores de Primavera;6/7/2021;-77.015389
A-2021-07-37;00:00.0;CHOQUE;1;0;NULL;MADRE DE DIOS;TAMBOPATA;INAMBARI;RURAL;CARRETERA;NACIONAL;PE-30C;-12.885875;NULL;NULL;NULL;NULL;NULL;NULL;NULL;NULL;NULL;EN PROCESO DE INVESTIGACIÓN;NO CUENTA CON CAUSA ESPECIFICA;Interoceánica Sur;7/7/2021;-70.020987
A-2021-07-226;15:00.0;DESPISTE;2;1;1;APURIMAC;GRAU;GAMARRA;RURAL;CARRETERA;DEPARTAMENTAL;AP-113;-13.863924;DESPEJADO;RURAL;TRAMO RECTO;PLANA ;AFIRMADO;NULL;NULL;NULL;NULL;NEGLIGENCIA DEL CONDUCTOR;OTRO (NEGLIGENCIA DEL CONDUCTOR);AP-113;7/7/2021;-72.505833
A-2021-07-50;20:00.0;ATROPELLO;1;0;1;JUNIN;CHUPACA;HUAMANCACA CHICO;URBANA;JIRÓN;URBANO;NO CORRESPONDE;-12.07933;DESPEJADO;RURAL;OTRO;PLANA ;TROCHA;NULL;NULL;NULL;NULL;IMPRUDENCIA DEL CONDUCTOR;VEHÍCULO MAL ESTACIONADO;Huamancaca Chico;7/7/2021;-75.24921
A-2021-07-59;40:00.0;CHOQUE;1;0;2;LA LIBERTAD;ASCOPE;RAZURI;RURAL;CARRETERA;NACIONAL;PE-1N;-7.611804;LLUVIOSO;RURAL;TRAMO RECTO;PLANA ;ASFALTADA;NULL;NULL;NULL;NULL;IMPRUDENCIA DEL CONDUCTOR;FATIGA Y/O CANSANCIO;Carretera Panamericana Norte;7/7/2021;-79.368809
A-2021-07-233;30:00.0;CHOQUE;1;0;0;LIMA;LIMA;COMAS;URBANA;CARRETERA;NACIONAL;PE-20A;-11.910779;NUBLADO;ESCOLAR;INTERSECCIÓN;PLANA ;ASFALTADA;NO;NULL;NULL;NO;EN PROCESO DE INVESTIGACIÓN;NO CUENTA CON CAUSA ESPECIFICA;Avenida 3;7/7/2021;-77.05586
A-2021-07-78;30:00.0;CHOQUE;8;8;3;TACNA;TACNA;LA YARADA LOS PALOS;RURAL;CARRETERA;NACIONAL;PE-1SD;-18.125966;DESPEJADO;RURAL;TRAMO RECTO;PLANA ;ASFALTADA;NO;NULL;NULL;SI;IMPRUDENCIA DEL CONDUCTOR;INVASIÓN DE CARRIL;Carretera Costanera Sur;7/7/2021;-70.391346
A-2021-07-29;10:00.0;CHOQUE;2;1;2;PUNO;CHUCUITO;ZEPITA;RURAL;CARRETERA;NACIONAL;PE-3S;-16.430369;DESPEJADO;RURAL;TRAMO RECTO;PLANA ;ASFALTADA;NULL;NULL;NULL;NULL;IMPRUDENCIA DEL CONDUCTOR;EXCESO DE VELOCIDAD;Carretera Longitudinal de la Sierra Sur;7/7/2021;-69.167518
A-2021-07-34;10:00.0;CHOQUE;1;2;2;ANCASH;HUAYLAS;CARAZ;RURAL;CARRETERA;NACIONAL;PE-3N;-9.072865;DESPEJADO;RURAL;TRAMO RECTO;INCLINADA;ASFALTADA;SI;PREVENTIVA (P);NULL;SI;IMPRUDENCIA DEL CONDUCTOR;INVASIÓN DE CARRIL;Carretera Longitudinal de la Sierra Norte;8/7/2021;-77.786964
A-2021-07-46;31:00.0;DESPISTE;1;3;1;TACNA;TACNA;ALTO DE LA ALIANZA;RURAL;CARRETERA;NACIONAL;PE-38;-17.995197;DESPEJADO;RURAL;CURVA;INCLINADA;ASFALTADA;SI;PREVENTIVA (P);PREVENTIVA (P);NO;IMPRUDENCIA DEL CONDUCTOR;EXCESO DE VELOCIDAD;Carretera Tacna - Tarata;8/7/2021;-70.262317
A-2021-07-60;45:00.0;CHOQUE;1;0;2;LA LIBERTAD;PACASMAYO;PACASMAYO;RURAL;CARRETERA;NACIONAL;PE-1N;-7.407695;DESPEJADO;RURAL;INTERSECCIÓN;PLANA ;ASFALTADA;NULL;NULL;NULL;NULL;EN PROCESO DE INVESTIGACIÓN;NO CUENTA CON CAUSA ESPECIFICA;Jirón Ladislao Espinar;8/7/2021;-79.557017
A-2021-07-116;55:00.0;ATROPELLO FUGA;1;0;0;CAJAMARCA;CHOTA;CHOTA;URBANA;CARRETERA;NACIONAL;PE-3N;-6.575416;DESPEJADO;COMERCIAL;TRAMO RECTO;PLANA ;ASFALTADA;SI;PREVENTIVA (P);NULL;SI;EN PROCESO DE INVESTIGACIÓN;NO CUENTA CON CAUSA ESPECIFICA;Carretera Longitudinal de la Sierra Norte;9/7/2021;-78.635487
A-2021-07-38;30:00.0;CHOQUE;1;0;2;HUANUCO;LEONCIO PRADO;RUPA-RUPA;URBANA;PASAJE;URBANO;NO CORRESPONDE;-9.314544;DESPEJADO;COMERCIAL;TRAMO RECTO;INCLINADA;CONCRETO;NULL;NULL;NULL;NULL;IMPRUDENCIA DEL CONDUCTOR;CONDUCIR EN ESTADO DE EBRIEDAD Y/O DROGADICCIÓN;Carretera Central;9/7/2021;-75.998179
A-2021-07-276;35:00.0;CHOQUE;1;0;0;LIMA;LIMA;RIMAC;URBANA;VIA EXPRESA;URBANO;NO CORRESPONDE;-12.038363;DESPEJADO;RESIDENCIAL;TRAMO RECTO;PLANA ;ASFALTADA;NO;NULL;NULL;NO;IMPRUDENCIA DEL CONDUCTOR;EXCESO DE VELOCIDAD;Jirón Miguel Grau;9/7/2021;-77.016899
A-2021-07-75;00:00.0;ATROPELLO;1;0;0;APURIMAC;ANDAHUAYLAS;ANDAHUAYLAS;URBANA;CARRETERA;PROVINCIAL;AP-672;-13.715679;DESPEJADO;RURAL;TRAMO RECTO;INCLINADA;AFIRMADO;NULL;NULL;NULL;NULL;IMPRUDENCIA DEL CONDUCTOR;NO DAR PASO PREFERENTE AL PEATÓN;Huinchos;9/7/2021;-73.342001
A-2021-07-77;00:00.0;ATROPELLO;1;0;NULL;MOQUEGUA;MARISCAL NIETO;SAMEGUA;RURAL;CARRETERA;SIN CLASIFICAR;SIN CLASIFICAR;-17.204633;NULL;NULL;NULL;NULL;NULL;NULL;NULL;NULL;NULL;EN PROCESO DE INVESTIGACIÓN;NO CUENTA CON CAUSA ESPECIFICA;Pampas de Chenchen;9/7/2021;-70.90035
A-2021-07-151;00:00.0;ATROPELLO FUGA;1;0;0;PUNO;AZANGARO;SANTIAGO DE PUPUJA;RURAL;CARRETERA;NACIONAL;PE-34B;-15.017495;DESPEJADO;RURAL;TRAMO RECTO;PLANA ;ASFALTADA;NULL;NULL;NULL;NULL;IMPRUDENCIA DEL CONDUCTOR;OTRO (IMPRUDENCIA DEL CONDUCTOR);Carretera Interoceánica Puno - Madre de Dios;9/7/2021;-70.179852
A-2021-07-306;50:00.0;ATROPELLO;1;0;NULL;SAN MARTIN;EL DORADO;SAN JOSE DE SISA;URBANA;CARRETERA;DEPARTAMENTAL;SM-102;-6.61362;DESPEJADO;COMERCIAL;TRAMO RECTO;PLANA ;ASFALTADA;NULL;NULL;NULL;NULL;EN PROCESO DE INVESTIGACIÓN;NO CUENTA CON CAUSA ESPECIFICA;El Dorado;9/7/2021;-76.6821
A-2021-07-35;50:00.0;DESPISTE;1;2;1;ANCASH;YUNGAY;YUNGAY;RURAL;CARRETERA;PROVINCIAL;AN-828;-9.139608;DESPEJADO;RURAL;CURVA;INCLINADA;TROCHA;NULL;NULL;NULL;NULL;NEGLIGENCIA DEL CONDUCTOR;OTRO (NEGLIGENCIA DEL CONDUCTOR);Vía Runtu;9/7/2021;-77.729886
A-2021-07-80;45:00.0;CHOQUE FUGA;1;0;1;TACNA;TACNA;LA YARADA LOS PALOS;RURAL;CARRETERA;PROVINCIAL;TA-641;-18.216711;DESPEJADO;RURAL;TRAMO RECTO;PLANA ;ASFALTADA;NULL;NULL;NULL;NULL;IMPRUDENCIA DEL CONDUCTOR;CONDUCIR EN ESTADO DE EBRIEDAD Y/O DROGADICCIÓN;TA-641;9/7/2021;-70.525932
A-2021-07-242;30:00.0;CHOQUE FUGA;1;0;0;LIMA;LIMA;SANTIAGO DE SURCO;URBANA;AVENIDA;URBANO;NO CORRESPONDE;-12.12408;DESPEJADO;RESIDENCIAL;TRAMO RECTO;PLANA ;ASFALTADA;NULL;NULL;NULL;NULL;IMPRUDENCIA DEL CONDUCTOR;EXCESO DE VELOCIDAD;Alameda del Sereno;9/7/2021;-76.988392
A-2021-07-62;30:00.0;DESPISTE;1;0;1;LA LIBERTAD;ASCOPE;PAIJAN;RURAL;CARRETERA;PROVINCIAL;LI-610;-7.7275;DESPEJADO;RURAL;TRAMO RECTO;PLANA ;ASFALTADA;NULL;NULL;NULL;NULL;NEGLIGENCIA DEL CONDUCTOR;OTRO (NEGLIGENCIA DEL CONDUCTOR);Carretera Paiján - Puerto Chicama;10/7/2021;-79.321517
A-2021-07-296;00:00.0;CHOQUE;1;0;2;ANCASH;CASMA;CASMA;RURAL;CARRETERA;NACIONAL;PE-1N;-9.459113;DESPEJADO;RURAL;TRAMO RECTO;PLANA ;ASFALTADA;NULL;NULL;NULL;NULL;EN PROCESO DE INVESTIGACIÓN;NO CUENTA CON CAUSA ESPECIFICA;Panamericana Norte;10/7/2021;-78.331287
A-2021-07-44;00:00.0;DESPISTE;2;1;1;HUANCAVELICA;TAYACAJA;QUICHUAS;RURAL;CARRETERA;NACIONAL;PE-3SD;-12.488898;DESPEJADO;RURAL;CURVA;PLANA ;CASCAJO/RIPIO;NULL;NULL;NULL;NULL;EN PROCESO DE INVESTIGACIÓN;NO CUENTA CON CAUSA ESPECIFICA;PE-3SD;10/7/2021;-74.649789
A-2021-07-36;45:00.0;CHOQUE;1;0;1;CALLAO;CALLAO;CALLAO;URBANA;CARRETERA;NACIONAL;PE-20;-12.03866;DESPEJADO;INDUSTRIAL;TRAMO RECTO;PLANA ;ASFALTADA;SI;REGULADORA (R);NULL;SI;IMPRUDENCIA DEL CONDUCTOR;GIRAR IMPRUDENTEMENTE;Avenida Coronel Nestor Gambetta;10/7/2021;-77.127183
A-2021-07-134;45:00.0;DESPISTE;1;0;1;CUSCO;QUISPICANCHI;CCATCA;RURAL;CARRETERA;PROVINCIAL;CU-1036;-13.537243;DESPEJADO;RURAL;CURVA;INCLINADA;TROCHA;NULL;NULL;NULL;NULL;IMPRUDENCIA DEL CONDUCTOR;EXCESO DE VELOCIDAD;Ccatca;10/7/2021;-71.499815
A-2021-07-63;15:00.0;ATROPELLO;2;0;0;PIURA;PIURA;CASTILLA;URBANA;AVENIDA;URBANO;NO CORRESPONDE;-5.191074;DESPEJADO;RURAL;TRAMO RECTO;INCLINADA;TROCHA;NULL;NULL;NULL;NULL;IMPRUDENCIA DEL CONDUCTOR;OTRO (IMPRUDENCIA DEL CONDUCTOR);Castilla;10/7/2021;-80.583146
A-2021-07-42;00:00.0;DESPISTE;1;1;1;AREQUIPA;AREQUIPA;YARABAMBA;RURAL;CARRETERA;DEPARTAMENTAL;AR-117;-16.579011;DESPEJADO;RURAL;CURVA;INCLINADA;ASFALTADA;NO;NULL;NULL;SI;EN PROCESO DE INVESTIGACIÓN;NO CUENTA CON CAUSA ESPECIFICA;Carretera a Chapi;10/7/2021;-71.423802