CÓDIGO SINIESTRO;HORA SINIESTRO;CLASE SINIESTRO;CANTIDAD DE FALLECIDOS;CANTIDAD DE LESIONADOS;CANTIDAD DE VEHICULOS DAÑADOS;DEPARTAMENTO;PROVINCIA;DISTRITO;ZONA;TIPO DE VÍA;RED VIAL;COD CARRETERA;COORDENADAS LATITUD;CONDICIÓN CLIMÁTICA;ZONIFICACIÓN;CARACTERÍSTICAS DE VÍA;PERFIL LONGITUDINAL VÍA;SUPERFICIE DE CALZADA;¿EXISTE SEÑAL VERTICAL?;CLASIFICACIÓN DE LA SEÑAL VERTICAL Nº 1;CLASIFICACIÓN DE LA SEÑAL VERTICAL Nº 2;¿EXISTE SEÑAL HORIZONTAL?;CAUSA FACTOR PRINCIPAL;CAUSA ESPECÍFICA;UBICACION;FECHA SINIESTRO;COORDENADAS LONGITUD
A-2021-07-97;30:00.0;VOLCADURA;1;0;1;PIURA;SECHURA;SECHURA;RURAL;CARRETERA;SIN CLASIFICAR;SIN CLASIFICAR;-5.633819;DESPEJADO;RURAL;ÓVALO;PLANA ;ASFALTADA;SI;PREVENTIVA (P);INFORMATIVA (I);NO;EN PROCESO DE INVESTIGACIÓN;NO CUENTA CON CAUSA ESPECIFICA;Sechura;10/7/2021;-80.851054
A-2021-07-183;55:00.0;CHOQUE;1;0;2;CUSCO;ANTA;ANTA;URBANA;CARRETERA;NACIONAL;PE-3S;-13.463102;DESPEJADO;RESIDENCIAL;TRAMO RECTO;PLANA ;ASFALTADA;NULL;NULL;NULL;NULL;NEGLIGENCIA DEL CONDUCTOR;OTRO (NEGLIGENCIA DEL CONDUCTOR);Avenida Jaquijahuana;10/7/2021;-72.147352
A-2021-07-64;50:00.0;ATROPELLO FUGA;1;0;1;LA LIBERTAD;TRUJILLO;HUANCHACO;URBANA;CARRETERA;NACIONAL;PE-1N;-8.126609;DESPEJADO;INDUSTRIAL;TRAMO RECTO;PLANA ;ASFALTADA;NULL;NULL;NULL;NULL;EN PROCESO DE INVESTIGACIÓN;NO CUENTA CON CAUSA ESPECIFICA;Carretera Panamericana Norte;10/7/2021;-79.075534
A-2021-07-190;00:00.0;ATROPELLO FUGA;1;0;1;CUSCO;PAUCARTAMBO;PAUCARTAMBO;RURAL;CARRETERA;SIN CLASIFICAR;SIN CLASIFICAR;-13.183899;DESPEJADO;RURAL;CURVA;INCLINADA;TROCHA;NULL;NULL;NULL;NULL;EN PROCESO DE INVESTIGACIÓN;NO CUENTA CON CAUSA ESPECIFICA;Paucartambo;11/7/2021;-71.353975
A-2021-07-133;20:00.0;ATROPELLO;1;0;1;CUSCO;CUSCO;SAYLLA;URBANA;CARRETERA;NACIONAL;PE-3S;-13.555456;DESPEJADO;RESIDENCIAL;TRAMO RECTO;PLANA ;ASFALTADA;NULL;NULL;NULL;NULL;IMPRUDENCIA DEL CONDUCTOR;EXCESO DE VELOCIDAD;Carretera Longitudinal de la Sierra Sur;11/7/2021;-71.856487
A-2021-04-280;50:00.0;DESPISTE;1;1;1;LIMA;HUARAL;CHANCAY;RURAL;CARRETERA;NACIONAL;PE-18;-11.398112;DESPEJADO;RURAL;TRAMO RECTO;PLANA ;ASFALTADA;NULL;NULL;NULL;NULL;NEGLIGENCIA DEL CONDUCTOR;CONDUCIR CON FALLAS DE NEUMÁTICOS;Carretera Río Seco - Sayán;29/4/2021;-77.334646
A-2021-04-211;00:00.0;ATROPELLO FUGA;1;0;1;LA LIBERTAD;TRUJILLO;LAREDO;RURAL;CARRETERA;PROVINCIAL;LI-734;-8.092592;DESPEJADO;RURAL;TRAMO RECTO;PLANA ;ASFALTADA;NULL;NULL;NULL;NULL;IMPRUDENCIA DEL CONDUCTOR;NO DAR PASO PREFERENTE AL PEATÓN;LI-734;29/4/2021;-78.956074
A-2021-04-281;30:00.0;ATROPELLO;1;0;1;LIMA;HUARAL;AUCALLAMA;RURAL;CARRETERA;SIN CLASIFICAR;SIN CLASIFICAR;-11.430782;DESPEJADO;RURAL;SINUOSA;INCLINADA;CASCAJO/RIPIO;NULL;NULL;NULL;NULL;EN PROCESO DE INVESTIGACIÓN;NO CUENTA CON CAUSA ESPECIFICA;Saume;29/4/2021;-77.081431
A-2021-04-217;30:00.0;CHOQUE;1;3;2;PIURA;PIURA;CASTILLA;URBANA;AVENIDA;URBANO;NO CORRESPONDE;-5.187268;DESPEJADO;RURAL;INTERSECCIÓN;PLANA ;ASFALTADA;NULL;NULL;NULL;NULL;EN PROCESO DE INVESTIGACIÓN;NO CUENTA CON CAUSA ESPECIFICA;Avenida Independencia;29/4/2021;-80.613112
A-2021-04-200;00:00.0;ATROPELLO;1;0;1;CALLAO;CALLAO;CALLAO;URBANA;CARRETERA;NACIONAL;PE-20;-11.994407;DESPEJADO;COMERCIAL;TRAMO RECTO;PLANA ;CONCRETO;NULL;NULL;NULL;NULL;EN PROCESO DE INVESTIGACIÓN;NO CUENTA CON CAUSA ESPECIFICA;Avenida Coronel Nestor Gambetta;29/4/2021;-77.125992
A-2021-04-285;45:00.0;ATROPELLO;1;0;0;LIMA;HUAURA;VEGUETA;URBANA;CARRETERA;NACIONAL;PE-1N;-10.98943;DESPEJADO;RURAL;TRAMO RECTO;PLANA ;ASFALTADA;SI;REGULADORA (R);NULL;NO;IMPRUDENCIA DEL CONDUCTOR;OTRO (IMPRUDENCIA DEL CONDUCTOR);Carretera Panamericana Norte;29/4/2021;-77.637915
A-2021-04-204;40:00.0;CHOQUE CON OBJETO FIJO;1;0;1;TUMBES;TUMBES;CORRALES;RURAL;CARRETERA;NACIONAL;PE-1N;-3.603043;DESPEJADO;RURAL;TRAMO RECTO;PLANA ;ASFALTADA;SI;PREVENTIVA (P);NULL;SI;IMPRUDENCIA DEL CONDUCTOR;EXCESO DE VELOCIDAD;Carretera Panamericana Norte;29/4/2021;-80.497035
A-2021-04-230;00:00.0;CHOQUE;1;0;1;PUNO;HUANCANE;PUSI;RURAL;CARRETERA;NACIONAL;PE-34H;-15.397977;NUBLADO;RURAL;TRAMO RECTO;PLANA ;ASFALTADA;NULL;NULL;NULL;NULL;NEGLIGENCIA DEL CONDUCTOR;OTRO (NEGLIGENCIA DEL CONDUCTOR);PE-34H;30/4/2021;-70.063044
A-2021-04-205;55:00.0;ATROPELLO FUGA;1;0;0;TUMBES;TUMBES;TUMBES;RURAL;CARRETERA;NACIONAL;PE-1N;-3.553036;DESPEJADO;RURAL;PUENTE;PLANA ;ASFALTADA;SI;PREVENTIVA (P);NULL;SI;IMPRUDENCIA DEL CONDUCTOR;EXCESO DE VELOCIDAD;Carretera Panamericana Norte;30/4/2021;-80.423904
A-2021-04-215;25:00.0;CHOQUE;1;0;2;LA LIBERTAD;TRUJILLO;VICTOR LARCO HERRERA;RURAL;CARRETERA;NACIONAL;PE-1N;-8.15108;DESPEJADO;RURAL;TRAMO RECTO;PLANA ;ASFALTADA;NULL;NULL;NULL;NULL;IMPRUDENCIA DEL CONDUCTOR;CONDUCIR EN ESTADO DE EBRIEDAD Y/O DROGADICCIÓN;Carretera Industrial;30/4/2021;-79.034121
A-2021-05-95;55:00.0;ATROPELLO;1;0;1;LIMA;BARRANCA;BARRANCA;RURAL;CARRETERA;NACIONAL;PE-1N;-10.738742;DESPEJADO;RURAL;TRAMO RECTO;PLANA ;ASFALTADA;NULL;NULL;NULL;NULL;IMPRUDENCIA DEL PEATÓN;ESTADO DE EBRIEDAD Y/O DROGADICCIÓN;Panamericana Norte;1/5/2021;-77.748124
A-2021-05-1;45:00.0;ATROPELLO FUGA;1;0;NULL;LA LIBERTAD;TRUJILLO;HUANCHACO;RURAL;CARRETERA;SIN CLASIFICAR;SIN CLASIFICAR;-8.025953;DESPEJADO;INDUSTRIAL;CURVA;PLANA ;AFIRMADO;NULL;NULL;NULL;NULL;EN PROCESO DE INVESTIGACIÓN;NO CUENTA CON CAUSA ESPECIFICA;Calle Francisco Bolognesi;1/5/2021;-79.047857
A-2021-05-124;30:00.0;CHOQUE FUGA;1;0;0;LIMA;LIMA;LURIGANCHO;URBANA;AVENIDA;URBANO;NO CORRESPONDE;-11.930175;DESPEJADO;RESIDENCIAL;TRAMO RECTO;PLANA ;ASFALTADA;NULL;NULL;NULL;NULL;EN PROCESO DE INVESTIGACIÓN;NO CUENTA CON CAUSA ESPECIFICA;Chosica;1/5/2021;-76.69002
A-2021-05-94;20:00.0;CHOQUE;1;0;1;JUNIN;HUANCAYO;SICAYA;URBANA;CARRETERA;NACIONAL;PE-3SB;-12.023939;SOLEADO;RESIDENCIAL;INTERSECCIÓN;PLANA ;ASFALTADA;SI;PREVENTIVA (P);NULL;NO;EN PROCESO DE INVESTIGACIÓN;NO CUENTA CON CAUSA ESPECIFICA;Carretera Central Margen Derecha;1/5/2021;-75.271322
A-2021-05-319;25:00.0;ATROPELLO;1;0;NULL;ANCASH;SANTA;NUEVO CHIMBOTE;URBANA;AVENIDA;URBANO;NO CORRESPONDE;-9.124689;DESPEJADO;COMERCIAL;TRAMO RECTO;PLANA ;ASFALTADA;NULL;NULL;NULL;NULL;IMPRUDENCIA DEL CONDUCTOR;NO DAR PASO PREFERENTE AL PEATÓN;Avenida Pacífico;1/5/2021;-78.528703
A-2021-05-123;30:00.0;ATROPELLO;1;0;0;LIMA;LIMA;COMAS;URBANA;AVENIDA;URBANO;NO CORRESPONDE;-11.962209;DESPEJADO;INDUSTRIAL;TRAMO RECTO;PLANA ;ASFALTADA;NULL;NULL;NULL;NULL;EN PROCESO DE INVESTIGACIÓN;NO CUENTA CON CAUSA ESPECIFICA;Avenida Túpac Amaru;1/5/2021;-77.054503
A-2021-05-70;10:00.0;ATROPELLO;1;1;1;CUSCO;CALCA;LAMAY;RURAL;CARRETERA;NACIONAL;PE-28B;-13.374216;DESPEJADO;RURAL;TRAMO RECTO;PLANA ;ASFALTADA;NULL;NULL;NULL;NULL;NEGLIGENCIA DEL CONDUCTOR;OTRO (NEGLIGENCIA DEL CONDUCTOR);PE-28B;1/5/2021;-71.917709
A-2021-05-9;10:00.0;DESPISTE;1;1;1;CAJAMARCA;CHOTA;CHOTA;RURAL;CARRETERA;NACIONAL;PE-3N;-6.567704;DESPEJADO;RURAL;CURVA;INCLINADA;ASFALTADA;SI;PREVENTIVA (P);NULL;SI;EN PROCESO DE INVESTIGACIÓN;NO CUENTA CON CAUSA ESPECIFICA;Carretera Longitudinal de la Sierra Norte;1/5/2021;-78.642631
A-2021-05-10;30:00.0;ATROPELLO;1;2;1;SAN MARTIN;MOYOBAMBA;SORITOR;RURAL;CARRETERA;SIN CLASIFICAR;SIN CLASIFICAR;-6.225567;DESPEJADO;RURAL;CURVA;INCLINADA;ASFALTADA;NULL;NULL;NULL;NULL;IMPRUDENCIA DEL CONDUCTOR;OTRO (IMPRUDENCIA DEL CONDUCTOR);San Marcos;1/5/2021;-77.134417
A-2021-05-36;45:00.0;ATROPELLO;1;0;1;PUNO;SAN ROMAN;JULIACA;RURAL;CARRETERA;NACIONAL;PE-3S;-15.535464;NUBLADO;RURAL;TRAMO RECTO;PLANA ;ASFALTADA;SI;REGULADORA (R);INFORMATIVA (I);SI;IMPRUDENCIA DEL PEATÓN;CRUCE INDEBIDO POR LA CALZADA;Carretera Longitudinal de la Sierra Sur;1/5/2021;-70.11469
A-2021-05-2;00:00.0;CHOQUE;1;0;2;ICA;PISCO;SAN CLEMENTE;URBANA;CARRETERA;NACIONAL;PE-28A;-13.679987;DESPEJADO;COMERCIAL;INTERSECCIÓN;PLANA ;ASFALTADA;NULL;NULL;NULL;NULL;EN PROCESO DE INVESTIGACIÓN;NO CUENTA CON CAUSA ESPECIFICA;Avenida Los Libertadores;1/5/2021;-76.147556
A-2021-05-3;31:00.0;CHOQUE;1;0;2;JUNIN;CHANCHAMAYO;CHANCHAMAYO;RURAL;CARRETERA;NACIONAL;PE-22B;-11.054119;DESPEJADO;RURAL;TRAMO RECTO;PLANA ;ASFALTADA;NULL;NULL;NULL;NULL;EN PROCESO DE INVESTIGACIÓN;NO CUENTA CON CAUSA ESPECIFICA;Avenida Fray Jeronimo Jiménez;2/5/2021;-75.324009
A-2021-05-125;00:00.0;CHOQUE;1;0;NULL;LIMA;LIMA;LIMA;URBANA;AVENIDA;URBANO;NO CORRESPONDE;-12.053072;SOLEADO;INDUSTRIAL;TRAMO RECTO;PLANA ;ASFALTADA;NULL;NULL;NULL;NULL;IMPRUDENCIA DEL CONDUCTOR;EXCESO DE VELOCIDAD;Avenida Sebastián Lorente;2/5/2021;-77.013056
A-2021-05-206;30:00.0;DESPISTE;2;0;1;PUNO;SANDIA;SAN PEDRO DE PUTINA PUNCO;RURAL;CARRETERA;NACIONAL;PE-34H;-14.119034;DESPEJADO;RURAL;PASE A DESNIVEL;INCLINADA;TROCHA;NULL;NULL;NULL;NULL;IMPRUDENCIA DEL CONDUCTOR;EXCESO DE VELOCIDAD;San Juan del Oro - San Pedro de Putinapunku;2/5/2021;-69.050906
A-2021-05-29;00:00.0;DESPISTE;1;1;1;APURIMAC;COTABAMBAS;COYLLURQUI;RURAL;CARRETERA;NACIONAL;PE-3SX;-13.977507;DESPEJADO;RURAL;TRAMO RECTO;PLANA ;CASCAJO/RIPIO;NULL;NULL;NULL;NULL;IMPRUDENCIA DEL CONDUCTOR;CONDUCIR EN ESTADO DE EBRIEDAD Y/O DROGADICCIÓN;AP-954;3/5/2021;-72.386808
A-2021-05-126;00:00.0;ATROPELLO;1;0;NULL;LIMA;LIMA;EL AGUSTINO;URBANA;CARRETERA;NACIONAL;PE-1N;-12.033464;SOLEADO;INDUSTRIAL;TRAMO RECTO;PLANA ;ASFALTADA;NULL;NULL;NULL;NULL;IMPRUDENCIA DEL PEATÓN;ESTADO DE EBRIEDAD Y/O DROGADICCIÓN;Vía de Evitamiento;3/5/2021;-76.990487
A-2021-05-37;45:00.0;DESPISTE;1;0;1;PUNO;SAN ROMAN;JULIACA;RURAL;CARRETERA;DEPARTAMENTAL;PU-124;-15.432827;DESPEJADO;RURAL;TRAMO RECTO;INCLINADA;ASFALTADA;NULL;NULL;NULL;NULL;NEGLIGENCIA DEL CONDUCTOR;OTRO (NEGLIGENCIA DEL CONDUCTOR);Carretera Unocolla;3/5/2021;-70.221616
A-2021-05-228;20:00.0;ATROPELLO;1;2;1;JUNIN;HUANCAYO;SAN JERONIMO DE TUNAN;URBANA;AVENIDA;URBANO;NO CORRESPONDE;-11.957304;DESPEJADO;RURAL;TRAMO RECTO;PLANA ;CONCRETO;NULL;NULL;NULL;NULL;IMPRUDENCIA DEL CONDUCTOR;EXCESO DE VELOCIDAD;Avenida Puente Nuevo;3/5/2021;-75.26739
A-2021-05-127;30:00.0;ATROPELLO;1;0;NULL;LIMA;LIMA;COMAS;URBANA;AVENIDA;URBANO;NO CORRESPONDE;-11.905597;DESPEJADO;INDUSTRIAL;TRAMO RECTO;PLANA ;ASFALTADA;NULL;NULL;NULL;NULL;IMPRUDENCIA DEL PEATÓN;OTRO (IMPRUDENCIA DEL PEATÓN);Avenida Universitaria;3/5/2021;-77.042125
A-2021-05-318;30:00.0;DESPISTE;1;3;1;HUANUCO;HUANUCO;CHURUBAMBA;RURAL;CARRETERA;PROVINCIAL;HU-780;-9.830753;DESPEJADO;RURAL;CURVA;INCLINADA;AFIRMADO;NULL;NULL;NULL;NULL;IMPRUDENCIA DEL PASAJERO/OCUPANTE;OTRO (IMPRUDENCIA DEL PASAJERO/OCUPANTE);HU-787;3/5/2021;-76.153403
A-2021-05-5;30:00.0;CHOQUE;1;1;2;PUNO;CHUCUITO;DESAGUADERO;RURAL;CARRETERA;NACIONAL;PE-3S;-16.541002;DESPEJADO;RURAL;TRAMO RECTO;PLANA ;ASFALTADA;NULL;NULL;NULL;NULL;IMPRUDENCIA DEL CONDUCTOR;EXCESO DE VELOCIDAD;Carretera Longitudinal de la Sierra Sur;3/5/2021;-69.058345
A-2021-05-8;00:00.0;CHOQUE;1;1;2;PIURA;PIURA;CATACAOS;URBANA;CARRETERA;NACIONAL;PE-1N;-5.221969;DESPEJADO;RURAL;CURVA;PLANA ;ASFALTADA;SI;PREVENTIVA (P);INFORMATIVA (I);SI;EN PROCESO DE INVESTIGACIÓN;NO CUENTA CON CAUSA ESPECIFICA;La Legua;3/5/2021;-80.654578
A-2021-05-81;30:00.0;DESPISTE;3;3;1;CUSCO;PAUCARTAMBO;PAUCARTAMBO;RURAL;CARRETERA;DEPARTAMENTAL;CU-116;-13.323248;DESPEJADO;RURAL;CURVA;INCLINADA;TROCHA;NULL;NULL;NULL;NULL;IMPRUDENCIA DEL CONDUCTOR;EXCESO DE VELOCIDAD;CU-116;3/5/2021;-71.587061
A-2021-05-316;30:00.0;CHOQUE CON OBJETO FIJO;1;0;1;HUANUCO;AMBO;SAN RAFAEL;RURAL;CARRETERA;NACIONAL;PE-3N;-10.258065;DESPEJADO;RURAL;CURVA;PLANA ;ASFALTADA;NULL;NULL;NULL;NULL;IMPRUDENCIA DEL CONDUCTOR;EXCESO DE VELOCIDAD;Carretera Longitudinal de la Sierra Norte;4/5/2021;-76.147926
A-2021-05-7;40:00.0;CHOQUE;1;0;2;ICA;ICA;SUBTANJALLA;URBANA;CARRETERA;NACIONAL;PE-1S;-14.008209;DESPEJADO;COMERCIAL;INTERSECCIÓN;PLANA ;ASFALTADA;NULL;NULL;NULL;NULL;IMPRUDENCIA DEL CONDUCTOR;GIRAR IMPRUDENTEMENTE;Carretera Panamericana Sur;4/5/2021;-75.76605
A-2021-05-73;10:00.0;CHOQUE FUGA;1;0;1;PIURA;SULLANA;SULLANA;RURAL;CARRETERA;DEPARTAMENTAL;PI-102;-4.905416;DESPEJADO;INDUSTRIAL;TRAMO RECTO;PLANA ;ASFALTADA;NULL;NULL;NULL;NULL;EN PROCESO DE INVESTIGACIÓN;NO CUENTA CON CAUSA ESPECIFICA;Carretera Paita - Sullana;4/5/2021;-80.705261
A-2021-05-82;50:00.0;ATROPELLO;1;0;1;CUSCO;CANCHIS;SAN PEDRO;RURAL;CARRETERA;NACIONAL;PE-3S;-14.1841;DESPEJADO;RURAL;TRAMO RECTO;PLANA ;ASFALTADA;SI;PREVENTIVA (P);INFORMATIVA (I);SI;IMPRUDENCIA DEL CONDUCTOR;OTRO (IMPRUDENCIA DEL CONDUCTOR);Calle 4 de Julio;4/5/2021;-71.353098
A-2021-05-19;10:00.0;ATROPELLO;1;0;0;PIURA;PIURA;CATACAOS;RURAL;CARRETERA;NACIONAL;PE-1N;-5.255503;DESPEJADO;RURAL;TRAMO RECTO;PLANA ;ASFALTADA;SI;PREVENTIVA (P);INFORMATIVA (I);NO;EN PROCESO DE INVESTIGACIÓN;NO CUENTA CON CAUSA ESPECIFICA;Carretera Panamericana Norte;5/5/2021;-80.616913
A-2021-05-324;45:00.0;DESPISTE;1;0;NULL;JUNIN;SATIPO;PANGOA;RURAL;CARRETERA;NACIONAL;PE-28C;-11.33568;NULL;NULL;NULL;NULL;NULL;NULL;NULL;NULL;NULL;EN PROCESO DE INVESTIGACIÓN;NO CUENTA CON CAUSA ESPECIFICA;PE-28C;5/5/2021;-74.52846
A-2021-05-11;00:00.0;ATROPELLO;1;0;1;ANCASH;HUARAZ;OLLEROS;URBANA;AVENIDA;URBANO;NO CORRESPONDE;-9.66304;DESPEJADO;RESIDENCIAL;TRAMO RECTO;INCLINADA;CONCRETO;NULL;NULL;NULL;NULL;IMPRUDENCIA DEL CONDUCTOR;EXCESO DE VELOCIDAD;Avenida 28 de Julio;5/5/2021;-77.467773
A-2021-05-15;30:00.0;DESPISTE;1;0;1;APURIMAC;ANDAHUAYLAS;HUANCARAMA;RURAL;CARRETERA;PROVINCIAL;AP-597;-13.651622;DESPEJADO;RURAL;CURVA;INCLINADA;TROCHA;NULL;NULL;NULL;NULL;IMPRUDENCIA DEL CONDUCTOR;CONDUCIR EN ESTADO DE EBRIEDAD Y/O DROGADICCIÓN;Acco;5/5/2021;-73.059012
A-2021-05-308;30:00.0;CHOQUE;1;0;2;ICA;PISCO;SAN CLEMENTE;URBANA;CARRETERA;NACIONAL;PE-28A;-13.678722;DESPEJADO;COMERCIAL;TRAMO RECTO;PLANA ;ASFALTADA;NULL;NULL;NULL;NULL;EN PROCESO DE INVESTIGACIÓN;NO CUENTA CON CAUSA ESPECIFICA;Vía de los Libertadores;5/5/2021;-76.135324
A-2021-05-189;00:00.0;DESPISTE;3;1;1;CUSCO;LA CONVENCION;HUAYOPATA;RURAL;CARRETERA;NACIONAL;PE-28B;-13.133249;NIEBLA;RURAL;CURVA;INCLINADA;ASFALTADA;SI;REGULADORA (R);REGULADORA (R);SI;NEGLIGENCIA DEL CONDUCTOR;OTRO (NEGLIGENCIA DEL CONDUCTOR);PE-28B;5/5/2021;-72.316248
A-2021-05-74;00:00.0;DESPISTE;1;1;1;CUSCO;ANTA;LIMATAMBO;RURAL;CARRETERA;NACIONAL;PE-3S;-13.457944;DESPEJADO;RURAL;CURVA;INCLINADA;ASFALTADA;NULL;NULL;NULL;NULL;NEGLIGENCIA DEL CONDUCTOR;OTRO (NEGLIGENCIA DEL CONDUCTOR);Carretera Longitudinal de la Sierra Sur;5/5/2021;-72.4116
A-2021-05-175;15:00.0;CHOQUE;1;1;2;LIMA;BARRANCA;BARRANCA;RURAL;CARRETERA;NACIONAL;PE-1N;-10.736913;DESPEJADO;RURAL;TRAMO RECTO;PLANA ;ASFALTADA;NULL;NULL;NULL;NULL;IMPRUDENCIA DEL CONDUCTOR;OTRO (IMPRUDENCIA DEL CONDUCTOR);Panamericana Norte;5/5/2021;-77.749696
A-2021-05-258;10:00.0;DESPISTE;1;0;1;LAMBAYEQUE;CHICLAYO;MONSEFU;URBANA;CARRETERA;NACIONAL;PE-1N;-6.851281;DESPEJADO;COMERCIAL;TRAMO RECTO;PLANA ;ASFALTADA;SI;PREVENTIVA (P);REGULADORA (R);NO;EN PROCESO DE INVESTIGACIÓN;NO CUENTA CON CAUSA ESPECIFICA;Carretera Panamericana Norte;5/5/2021;-79.82699
A-2021-05-128;50:00.0;ATROPELLO;1;1;NULL;LIMA;LIMA;LIMA;URBANA;AVENIDA;URBANO;NO CORRESPONDE;-12.044108;DESPEJADO;INDUSTRIAL;TRAMO RECTO;PLANA ;ASFALTADA;NULL;NULL;NULL;NULL;IMPRUDENCIA DEL PEATÓN;OTRO (IMPRUDENCIA DEL PEATÓN);Avenida Guillermo Dansey;5/5/2021;-77.046872
A-2021-05-129;45:00.0;ATROPELLO;1;0;0;LIMA;LIMA;CHACLACAYO;URBANA;CARRETERA;NACIONAL;PE-22;-11.991997;DESPEJADO;INDUSTRIAL;TRAMO RECTO;PLANA ;CONCRETO;NULL;NULL;NULL;NULL;EN PROCESO DE INVESTIGACIÓN;NO CUENTA CON CAUSA ESPECIFICA;Chaclacayo;6/5/2021;-76.825692
A-2021-05-21;40:00.0;CHOQUE;2;0;2;LA LIBERTAD;VIRU;VIRU;RURAL;CARRETERA;NACIONAL;PE-1N;-8.412773;DESPEJADO;RURAL;TRAMO RECTO;PLANA ;ASFALTADA;NULL;NULL;NULL;NULL;IMPRUDENCIA DEL CONDUCTOR;NO ESTABLECER EL DERECHO DE PASO;Carretera Panamericana Norte;7/5/2021;-78.798247
A-2021-05-18;40:00.0;ATROPELLO;1;0;1;ICA;NASCA;NASCA;URBANA;CARRETERA;NACIONAL;PE-1S;-14.872967;DESPEJADO;RESIDENCIAL;TRAMO RECTO;PLANA ;ASFALTADA;NULL;NULL;NULL;NULL;EN PROCESO DE INVESTIGACIÓN;NO CUENTA CON CAUSA ESPECIFICA;Carretera Panamericana Sur;7/5/2021;-74.990476
A-2021-05-142;55:00.0;ATROPELLO;1;0;1;PUNO;HUANCANE;TARACO;RURAL;CARRETERA;NACIONAL;PE-34H;-15.281613;DESPEJADO;RURAL;TRAMO RECTO;PLANA ;ASFALTADA;SI;INFORMATIVA (I);REGULADORA (R);SI;IMPRUDENCIA DEL PEATÓN;CRUCE INDEBIDO POR LA CALZADA;PE-34H;7/5/2021;-69.92576
A-2021-05-64;45:00.0;DESPISTE;1;0;1;MOQUEGUA;MARISCAL NIETO;MOQUEGUA;RURAL;CARRETERA;DEPARTAMENTAL;MO-107;-17.210263;SOLEADO;RURAL;TRAMO RECTO;INCLINADA;ASFALTADA;SI;REGULADORA (R);PREVENTIVA (P);NO;IMPRUDENCIA DEL CONDUCTOR;EXCESO DE VELOCIDAD;Carretera a Toquepala;7/5/2021;-70.921352
A-2021-05-67;10:00.0;DESPISTE;1;2;1;PIURA;TALARA;LA BREA;NULL;CARRETERA;NACIONAL;PE-1N;-4.683566;DESPEJADO;RURAL;TRAMO RECTO;PLANA ;ASFALTADA;NULL;NULL;NULL;NULL;EN PROCESO DE INVESTIGACIÓN;NO CUENTA CON CAUSA ESPECIFICA;Carretera Panamericana Norte;7/5/2021;-81.094143
A-2021-05-22;30:00.0;DESPISTE;1;0;1;LA LIBERTAD;SANTIAGO DE CHUCO;SANTIAGO DE CHUCO;RURAL;CARRETERA;NACIONAL;PE-3N;-8.141737;DESPEJADO;RURAL;TRAMO RECTO;PLANA ;ASFALTADA;NULL;NULL;NULL;NULL;IMPRUDENCIA DEL CONDUCTOR;FATIGA Y/O CANSANCIO;Santiago de Chuco;7/5/2021;-78.197709
A-2021-05-17;10:00.0;CHOQUE;1;0;1;AREQUIPA;CAYLLOMA;SAN ANTONIO DE CHUCA;RURAL;CARRETERA;NACIONAL;PE-34A;-15.841668;DESPEJADO;RURAL;TRAMO RECTO;PLANA ;ASFALTADA;NO;NULL;NULL;SI;IMPRUDENCIA DEL CONDUCTOR;INVASIÓN DE CARRIL;Vía Interoceánica Sur - Tramo 5;7/5/2021;-71.101777
A-2021-05-30;00:00.0;DESPISTE;2;0;1;ANCASH;HUAYLAS;CARAZ;RURAL;CARRETERA;NACIONAL;PE-3N;-9.077566;DESPEJADO;RURAL;CURVA;INCLINADA;ASFALTADA;SI;PREVENTIVA (P);NULL;SI;IMPRUDENCIA DEL CONDUCTOR;EXCESO DE VELOCIDAD;Carretera Longitudinal de la Sierra Norte;7/5/2021;-77.783144
A-2021-05-109;50:00.0;CHOQUE;1;0;2;JUNIN;CHANCHAMAYO;PICHANAQUI;RURAL;CARRETERA;NACIONAL;PE-5S;-10.932902;DESPEJADO;RURAL;TRAMO RECTO;PLANA ;ASFALTADA;NULL;NULL;NULL;NULL;EN PROCESO DE INVESTIGACIÓN;NO CUENTA CON CAUSA ESPECIFICA;Carretera Longitudinal de la Selva Sur;8/5/2021;-74.867695
A-2021-05-43;45:00.0;CHOQUE;1;1;2;APURIMAC;ABANCAY;CURAHUASI;RURAL;CARRETERA;NACIONAL;PE-3S;-13.541965;DESPEJADO;RURAL;CURVA;INCLINADA;ASFALTADA;SI;REGULADORA (R);PREVENTIVA (P);SI;IMPRUDENCIA DEL CONDUCTOR;EXCESO DE VELOCIDAD;Carretera Longitudinal de la Sierra Sur;8/5/2021;-72.803671
A-2021-05-153;40:00.0;ATROPELLO;1;0;0;AYACUCHO;HUAMANGA;SAN JUAN BAUTISTA;URBANA;CARRETERA;NACIONAL;PE-3S;-13.203862;DESPEJADO;RURAL;CURVA;INCLINADA;ASFALTADA;NULL;NULL;NULL;NULL;IMPRUDENCIA DEL CONDUCTOR;EXCESO DE VELOCIDAD;Carretera Longitudinal de la Sierra Sur;8/5/2021;-74.217087
A-2021-05-20;45:00.0;CHOQUE;1;0;2;PUNO;CHUCUITO;POMATA;RURAL;CARRETERA;NACIONAL;PE-3S;-16.260407;DESPEJADO;RURAL;TRAMO RECTO;PLANA ;ASFALTADA;NULL;NULL;NULL;NULL;EN PROCESO DE INVESTIGACIÓN;NO CUENTA CON CAUSA ESPECIFICA;Carretera Longitudinal de la Sierra Sur;8/5/2021;-69.296237