CÓDIGO SINIESTRO;HORA SINIESTRO;CLASE SINIESTRO;CANTIDAD DE FALLECIDOS;CANTIDAD DE LESIONADOS;CANTIDAD DE VEHICULOS DAÑADOS;DEPARTAMENTO;PROVINCIA;DISTRITO;ZONA;TIPO DE VÍA;RED VIAL;COD CARRETERA;COORDENADAS LATITUD;CONDICIÓN CLIMÁTICA;ZONIFICACIÓN;CARACTERÍSTICAS DE VÍA;PERFIL LONGITUDINAL VÍA;SUPERFICIE DE CALZADA;¿EXISTE SEÑAL VERTICAL?;CLASIFICACIÓN DE LA SEÑAL VERTICAL Nº 1;CLASIFICACIÓN DE LA SEÑAL VERTICAL Nº 2;¿EXISTE SEÑAL HORIZONTAL?;CAUSA FACTOR PRINCIPAL;CAUSA ESPECÍFICA;UBICACION;FECHA SINIESTRO;COORDENADAS LONGITUD
A-2021-05-27;30:00.0;CHOQUE;1;0;2;SAN MARTIN;MOYOBAMBA;CALZADA;URBANA;CARRETERA;NACIONAL;PE-5N;-6.041422;DESPEJADO;RESIDENCIAL;TRAMO RECTO;PLANA ;ASFALTADA;NULL;NULL;NULL;NULL;IMPRUDENCIA DEL CONDUCTOR;OTRO (IMPRUDENCIA DEL CONDUCTOR);Carretera Presidente Fernando Belaúnde Terry;8/5/2021;-77.130805
A-2021-05-23;20:00.0;CHOQUE;1;0;2;LA LIBERTAD;VIRU;GUADALUPITO;RURAL;CARRETERA;NACIONAL;PE-1N;-8.954141;DESPEJADO;RURAL;TRAMO RECTO;PLANA ;ASFALTADA;NULL;NULL;NULL;NULL;IMPRUDENCIA DEL CONDUCTOR;EXCESO DE VELOCIDAD;Panamericana Norte;8/5/2021;-78.629623
A-2021-05-269;20:00.0;ATROPELLO;1;0;NULL;LIMA;HUARAL;HUARAL;URBANA;AVENIDA;URBANO;NO CORRESPONDE;-11.491536;NULL;NULL;NULL;NULL;NULL;NULL;NULL;NULL;NULL;EN PROCESO DE INVESTIGACIÓN;NO CUENTA CON CAUSA ESPECIFICA;Avenida Los Geranios;8/5/2021;-77.211604
A-2021-05-26;50:00.0;CHOQUE;2;3;2;LA LIBERTAD;VIRU;VIRU;RURAL;CARRETERA;NACIONAL;PE-1N;-8.415622;DESPEJADO;RURAL;TRAMO RECTO;PLANA ;ASFALTADA;NULL;NULL;NULL;NULL;IMPRUDENCIA DEL CONDUCTOR;FATIGA Y/O CANSANCIO;Carretera Panamericana Norte;8/5/2021;-78.789251
A-2021-05-48;30:00.0;DESPISTE;1;1;1;APURIMAC;ABANCAY;CURAHUASI;RURAL;CARRETERA;NACIONAL;PE-3S;-13.540684;DESPEJADO;RURAL;CURVA;PLANA ;ASFALTADA;NULL;NULL;NULL;NULL;IMPRUDENCIA DEL CONDUCTOR;CONDUCIR EN ESTADO DE EBRIEDAD Y/O DROGADICCIÓN;Carretera Longitudinal de la Sierra Sur;8/5/2021;-72.690852
A-2021-05-130;00:00.0;ATROPELLO;1;0;NULL;LIMA;LIMA;SAN JUAN DE MIRAFLORES;URBANA;CARRETERA;NACIONAL;PE-1S;-12.17513;DESPEJADO;INDUSTRIAL;TRAMO RECTO;PLANA ;ASFALTADA;NULL;NULL;NULL;NULL;IMPRUDENCIA DEL PEATÓN;ESTADO DE EBRIEDAD Y/O DROGADICCIÓN;Avenida Panamericana Sur;9/5/2021;-76.97776
A-2021-05-72;15:00.0;CHOQUE CON OBJETO FIJO;1;1;1;PIURA;PAITA;PAITA;NULL;AVENIDA;URBANO;NO CORRESPONDE;-5.092569;DESPEJADO;COMERCIAL;INTERSECCIÓN;PLANA ;CONCRETO;NULL;NULL;NULL;NULL;EN PROCESO DE INVESTIGACIÓN;NO CUENTA CON CAUSA ESPECIFICA;Calle Xavier Abril;9/5/2021;-81.104979
A-2021-05-92;00:00.0;DESPISTE;2;0;1;APURIMAC;COTABAMBAS;COTABAMBAS;RURAL;CARRETERA;NACIONAL;PE-3SF;-13.689995;DESPEJADO;RURAL;TRAMO RECTO;PLANA ;ASFALTADA;NULL;NULL;NULL;NULL;IMPRUDENCIA DEL CONDUCTOR;FATIGA Y/O CANSANCIO;PE-3SF;9/5/2021;-72.335796
A-2021-05-216;30:00.0;DESPISTE;1;0;1;LIMA;BARRANCA;BARRANCA;RURAL;CARRETERA;PROVINCIAL;LM-519;-10.683097;DESPEJADO;RURAL;TRAMO RECTO;PLANA ;TROCHA;NULL;NULL;NULL;NULL;IMPRUDENCIA DEL CONDUCTOR;EXCESO DE VELOCIDAD;Araya Grande;9/5/2021;-77.587504
A-2021-05-79;44:00.0;CHOQUE;1;2;2;TUMBES;ZARUMILLA;PAPAYAL;RURAL;CARRETERA;DEPARTAMENTAL;TU-101;-3.59717;DESPEJADO;RURAL;TRAMO RECTO;PLANA ;ASFALTADA;SI;PREVENTIVA (P);PREVENTIVA (P);NO;IMPRUDENCIA DEL CONDUCTOR;GIRAR IMPRUDENTEMENTE;TU-101;9/5/2021;-80.209905
A-2021-05-32;00:00.0;CHOQUE;1;2;2;SAN MARTIN;MOYOBAMBA;MOYOBAMBA;URBANA;CARRETERA;NACIONAL;PE-5N;-6.045477;DESPEJADO;RESIDENCIAL;CURVA;INCLINADA;ASFALTADA;NULL;NULL;NULL;NULL;IMPRUDENCIA DEL CONDUCTOR;CONDUCIR EN ESTADO DE EBRIEDAD Y/O DROGADICCIÓN;Carretera Presidente Fernando Belaúnde Terry;9/5/2021;-77.015953
A-2021-05-84;30:00.0;CHOQUE FUGA;1;0;2;CUSCO;CHUMBIVILCAS;SANTO TOMAS;URBANA;CALLE;URBANO;NO CORRESPONDE;-14.448563;DESPEJADO;RESIDENCIAL;TRAMO RECTO;PLANA ;ASFALTADA;NULL;NULL;NULL;NULL;IMPRUDENCIA DEL CONDUCTOR;EXCESO DE VELOCIDAD;PE-3SG;9/5/2021;-72.084076
A-2021-05-28;00:00.0;DESPISTE;1;0;1;PUNO;CHUCUITO;HUACULLANI;RURAL;CARRETERA;DEPARTAMENTAL;PU-131;-16.620515;DESPEJADO;RURAL;TRAMO RECTO;PLANA ;ASFALTADA;NULL;NULL;NULL;NULL;INFRAESTRUCTURA Y ENTORNO VIAL;SUPERFICIE DETERIORADA;PU-131;10/5/2021;-69.405683
A-2021-05-174;00:00.0;DESPISTE;2;0;1;LAMBAYEQUE;CHICLAYO;LAGUNAS;RURAL;CARRETERA;NACIONAL;PE-1N;-6.974972;NUBLADO;RURAL;TRAMO RECTO;PLANA ;ASFALTADA;NULL;NULL;NULL;NULL;EN PROCESO DE INVESTIGACIÓN;NO CUENTA CON CAUSA ESPECIFICA;Carretera Panamericana Norte;10/5/2021;-79.672524
A-2021-05-58;00:00.0;DESPISTE;1;0;1;LAMBAYEQUE;LAMBAYEQUE;MORROPE;RURAL;CARRETERA;NACIONAL;PE-1N;-6.525155;DESPEJADO;RURAL;OTRO;PLANA ;ASFALTADA;SI;PREVENTIVA (P);PREVENTIVA (P);NO;EN PROCESO DE INVESTIGACIÓN;NO CUENTA CON CAUSA ESPECIFICA;Carretera Panamericana Norte;10/5/2021;-80.040437
A-2021-05-78;00:00.0;ATROPELLO;1;0;0;APURIMAC;CHINCHEROS;ROCCHACC;URBANA;AVENIDA;URBANO;NO CORRESPONDE;-13.440485;SOLEADO;COMERCIAL;TRAMO RECTO;PLANA ;TROCHA;NULL;NULL;NULL;NULL;IMPRUDENCIA DEL CONDUCTOR;OTRO (IMPRUDENCIA DEL CONDUCTOR);Villa Maraypata;10/5/2021;-73.599978
A-2021-05-194;12:00.0;CHOQUE;1;0;2;PUNO;AZANGARO;SAN ANTON;RURAL;CARRETERA;NACIONAL;PE-34B;-14.541103;DESPEJADO;RURAL;TRAMO RECTO;PLANA ;ASFALTADA;NULL;NULL;NULL;NULL;IMPRUDENCIA DEL CONDUCTOR;EXCESO DE VELOCIDAD;Carretera Interoceánica Puno - Madre de Dios;10/5/2021;-70.290026
A-2021-05-34;00:00.0;CHOQUE;1;1;3;ICA;ICA;SANTIAGO;RURAL;CARRETERA;NACIONAL;PE-1S;-14.218953;DESPEJADO;RURAL;TRAMO RECTO;PLANA ;ASFALTADA;NULL;NULL;NULL;NULL;EN PROCESO DE INVESTIGACIÓN;NO CUENTA CON CAUSA ESPECIFICA;Carretera Panamericana Sur;10/5/2021;-75.707239
A-2021-05-54;15:00.0;CHOQUE;1;0;2;PIURA;PIURA;CATACAOS;RURAL;CARRETERA;NACIONAL;PE-1N;-5.276932;DESPEJADO;RURAL;TRAMO RECTO;PLANA ;ASFALTADA;NO;NULL;NULL;SI;EN PROCESO DE INVESTIGACIÓN;NO CUENTA CON CAUSA ESPECIFICA;Carretera Panamericana Norte;10/5/2021;-80.613759
A-2021-05-131;00:00.0;ATROPELLO FUGA;1;0;0;LIMA;LIMA;LOS OLIVOS;URBANA;CARRETERA;NACIONAL;PE-1N;-11.965534;DESPEJADO;INDUSTRIAL;TRAMO RECTO;PLANA ;CONCRETO;NULL;NULL;NULL;NULL;EN PROCESO DE INVESTIGACIÓN;NO CUENTA CON CAUSA ESPECIFICA;Avenida Panamericana Norte;10/5/2021;-77.067883
A-2021-05-69;30:00.0;CHOQUE;1;0;2;PIURA;TALARA;EL ALTO;NULL;CARRETERA;SIN CLASIFICAR;SIN CLASIFICAR;-4.235331;DESPEJADO;INDUSTRIAL;TRAMO RECTO;PLANA ;ASFALTADA;NULL;NULL;NULL;NULL;EN PROCESO DE INVESTIGACIÓN;NO CUENTA CON CAUSA ESPECIFICA;El Alto;10/5/2021;-81.125633
A-2021-05-210;15:00.0;ATROPELLO;2;0;1;PUNO;HUANCANE;TARACO;RURAL;CARRETERA;NACIONAL;PE-34H;-15.298358;DESPEJADO;RURAL;TRAMO RECTO;PLANA ;ASFALTADA;NULL;NULL;NULL;NULL;NEGLIGENCIA DEL CONDUCTOR;OTRO (NEGLIGENCIA DEL CONDUCTOR);PE-34H;11/5/2021;-70.00006
A-2021-05-183;30:00.0;DESPISTE;1;0;1;LAMBAYEQUE;FERREÑAFE;PITIPO;RURAL;CARRETERA;DEPARTAMENTAL;LA-111;-6.55674;DESPEJADO;RURAL;TRAMO RECTO;PLANA ;ASFALTADA;NULL;NULL;NULL;NULL;EN PROCESO DE INVESTIGACIÓN;NO CUENTA CON CAUSA ESPECIFICA;LA-111;11/5/2021;-79.768214
A-2021-05-35;30:00.0;CHOQUE;1;2;2;ICA;PALPA;SANTA CRUZ;RURAL;CARRETERA;NACIONAL;PE-1S;-14.490292;DESPEJADO;RURAL;TRAMO RECTO;PLANA ;ASFALTADA;NULL;NULL;NULL;NULL;EN PROCESO DE INVESTIGACIÓN;NO CUENTA CON CAUSA ESPECIFICA;Carretera Panamericana Sur;11/5/2021;-75.304558
A-2021-05-42;00:00.0;ATROPELLO;1;1;1;TACNA;TACNA;LA YARADA LOS PALOS;RURAL;CARRETERA;NACIONAL;PE-1SD;-18.158335;DESPEJADO;COMERCIAL;TRAMO RECTO;PLANA ;ASFALTADA;SI;PREVENTIVA (P);NULL;SI;IMPRUDENCIA DEL CONDUCTOR;OTRO (IMPRUDENCIA DEL CONDUCTOR);Carretera Costanera Sur;12/5/2021;-70.462288
A-2021-05-53;30:00.0;DESPISTE;1;1;1;AREQUIPA;CARAVELI;ATICO;RURAL;CARRETERA;NACIONAL;PE-1S;-16.302635;DESPEJADO;RURAL;CURVA;INCLINADA;ASFALTADA;NO;NULL;NULL;SI;EN PROCESO DE INVESTIGACIÓN;NO CUENTA CON CAUSA ESPECIFICA;Carretera Panamericana Sur;13/5/2021;-73.396271
A-2021-05-50;33:00.0;ATROPELLO;1;0;1;TACNA;TACNA;ALTO DE LA ALIANZA;URBANA;AVENIDA;URBANO;NO CORRESPONDE;-17.987599;DESPEJADO;RESIDENCIAL;INTERSECCIÓN;INCLINADA;ASFALTADA;SI;INFORMATIVA (I);INFORMATIVA (I);SI;IMPRUDENCIA DEL CONDUCTOR;NO ESTABLECER EL DERECHO DE PASO;Calle José de la Riva Aguero;13/5/2021;-70.244088
A-2021-05-287;20:00.0;CHOQUE;1;0;2;LAMBAYEQUE;CHICLAYO;CHICLAYO;URBANA;CARRETERA;NACIONAL;PE-1N;-6.785434;DESPEJADO;RURAL;TRAMO RECTO;PLANA ;ASFALTADA;SI;REGULADORA (R);REGULADORA (R);NO;EN PROCESO DE INVESTIGACIÓN;NO CUENTA CON CAUSA ESPECIFICA;Panamericana Norte;13/5/2021;-79.869206
A-2021-05-93;30:00.0;DESPISTE;1;0;1;PIURA;AYABACA;SUYO;RURAL;CARRETERA;PROVINCIAL;PI-603;-4.547547;DESPEJADO;RURAL;SINUOSA;PLANA ;TROCHA;NULL;NULL;NULL;NULL;EN PROCESO DE INVESTIGACIÓN;NO CUENTA CON CAUSA ESPECIFICA;PI-603;13/5/2021;-80.206153
A-2021-05-41;10:00.0;CHOQUE;1;0;1;PUNO;CHUCUITO;POMATA;RURAL;CARRETERA;DEPARTAMENTAL;PU-130;-16.287404;DESPEJADO;RURAL;TRAMO RECTO;PLANA ;ASFALTADA;NULL;NULL;NULL;NULL;IMPRUDENCIA DEL CONDUCTOR;INVASIÓN DE CARRIL;PU-130;13/5/2021;-69.225463
A-2021-05-195;00:00.0;CHOQUE;1;0;2;PUNO;HUANCANE;PUSI;RURAL;CARRETERA;PROVINCIAL;PU-909;-15.419878;DESPEJADO;RURAL;TRAMO RECTO;PLANA ;ASFALTADA;NULL;NULL;NULL;NULL;NEGLIGENCIA DEL CONDUCTOR;CONDUCIR CON FALLAS ELÉCTRICAS;PU-909;13/5/2021;-70.05007
A-2021-05-46;20:00.0;CHOQUE;1;5;2;HUANUCO;LEONCIO PRADO;JOSE CRESPO Y CASTILLO;RURAL;CARRETERA;NACIONAL;PE-5N;-8.963253;DESPEJADO;RURAL;TRAMO RECTO;PLANA ;ASFALTADA;NULL;NULL;NULL;NULL;IMPRUDENCIA DEL CONDUCTOR;EXCESO DE VELOCIDAD;Carretera Presidente Fernando Belaúnde Terry;13/5/2021;-76.095438
A-2021-05-178;30:00.0;ATROPELLO;1;0;NULL;PUNO;SAN ROMAN;SAN MIGUEL;RURAL;CARRETERA;NACIONAL;PE-3S;-15.434973;NULL;NULL;NULL;NULL;NULL;NULL;NULL;NULL;NULL;EN PROCESO DE INVESTIGACIÓN;NO CUENTA CON CAUSA ESPECIFICA;Carretera Longitudinal de la Sierra Sur;13/5/2021;-70.140887
A-2021-05-71;00:00.0;DESPISTE;1;0;1;LA LIBERTAD;PATAZ;TAYABAMBA;RURAL;CARRETERA;NACIONAL;PE-10C;-8.304154;DESPEJADO;RURAL;TRAMO RECTO;PLANA ;ASFALTADA;NULL;NULL;NULL;NULL;EN PROCESO DE INVESTIGACIÓN;NO CUENTA CON CAUSA ESPECIFICA;PE-10C;14/5/2021;-77.270799
A-2021-05-251;00:00.0;CHOQUE;1;2;3;CAJAMARCA;JAEN;JAEN;RURAL;CARRETERA;NACIONAL;PE-5N;-5.836237;SOLEADO;RURAL;CURVA;PLANA ;ASFALTADA;SI;REGULADORA (R);REGULADORA (R);NO;EN PROCESO DE INVESTIGACIÓN;NO CUENTA CON CAUSA ESPECIFICA;Mesones Muro;14/5/2021;-78.756643
A-2021-05-317;00:00.0;VOLCADURA;1;0;3;HUANUCO;HUANUCO;CHINCHAO;RURAL;CARRETERA;NACIONAL;PE-18A;-9.695459;LLUVIOSO;RURAL;CURVA;PLANA ;ASFALTADA;NULL;NULL;NULL;NULL;IMPRUDENCIA DEL CONDUCTOR;INVASIÓN DE CARRIL;Carretera Central;14/5/2021;-76.086889
A-2021-05-132;45:00.0;ATROPELLO;1;0;NULL;LIMA;LIMA;SANTA ANITA;URBANA;AVENIDA;URBANO;NO CORRESPONDE;-12.042317;DESPEJADO;INDUSTRIAL;TRAMO RECTO;PLANA ;ASFALTADA;NULL;NULL;NULL;NULL;IMPRUDENCIA DEL CONDUCTOR;EXCESO DE VELOCIDAD;Avenida Túpac Amaru;14/5/2021;-76.978289
A-2021-05-76;45:00.0;ATROPELLO;1;0;1;ICA;PISCO;PISCO;URBANA;CALLE;URBANO;NO CORRESPONDE;-13.708442;DESPEJADO;COMERCIAL;INTERSECCIÓN;PLANA ;ASFALTADA;NULL;NULL;NULL;NULL;IMPRUDENCIA DEL PEATÓN;CRUCE INDEBIDO POR LA CALZADA;Cerro Azul;14/5/2021;-76.204629
A-2021-05-114;30:00.0;CHOQUE CON OBJETO FIJO;1;0;1;CAJAMARCA;CAJAMARCA;CAJAMARCA;URBANA;JIRÓN;URBANO;NO CORRESPONDE;-7.150104;DESPEJADO;COMERCIAL;TRAMO RECTO;INCLINADA;CONCRETO;NULL;NULL;NULL;NULL;IMPRUDENCIA DEL CONDUCTOR;CONDUCIR EN ESTADO DE EBRIEDAD Y/O DROGADICCIÓN;Jirón Leguía;14/5/2021;-78.516449
A-2021-05-187;30:00.0;CHOQUE;1;1;2;LAMBAYEQUE;CHICLAYO;JOSE LEONARDO ORTIZ;URBANA;AVENIDA;URBANO;NO CORRESPONDE;-6.762234;SOLEADO;RESIDENCIAL;TRAMO RECTO;PLANA ;ASFALTADA;NULL;NULL;NULL;NULL;EN PROCESO DE INVESTIGACIÓN;NO CUENTA CON CAUSA ESPECIFICA;Avenida Ingeniero Galo Muñoz Palacios;15/5/2021;-79.829662
A-2021-05-120;45:00.0;DESPISTE;1;1;1;CUSCO;CANAS;KUNTURKANKI;RURAL;CARRETERA;SIN CLASIFICAR;SIN CLASIFICAR;-14.499621;DESPEJADO;RURAL;CURVA;PLANA ;TROCHA;NULL;NULL;NULL;NULL;NEGLIGENCIA DEL CONDUCTOR;OTRO (NEGLIGENCIA DEL CONDUCTOR);Kunturkanki;15/5/2021;-71.329169
A-2021-05-121;45:00.0;CHOQUE;1;0;2;CUSCO;LA CONVENCION;SANTA ANA;RURAL;CARRETERA;NACIONAL;PE-28B;-12.804034;DESPEJADO;RURAL;TRAMO RECTO;PLANA ;ASFALTADA;NULL;NULL;NULL;NULL;NEGLIGENCIA DEL CONDUCTOR;OTRO (NEGLIGENCIA DEL CONDUCTOR);PE-28B;15/5/2021;-72.683129
A-2021-05-86;45:00.0;VOLCADURA;1;0;1;CUSCO;ESPINAR;COPORAQUE;RURAL;CARRETERA;NACIONAL;PE-3S;-14.748404;DESPEJADO;RURAL;CURVA;INCLINADA;TROCHA;NULL;NULL;NULL;NULL;EN PROCESO DE INVESTIGACIÓN;NO CUENTA CON CAUSA ESPECIFICA;PE-3SG;15/5/2021;-71.484805
A-2021-05-110;00:00.0;CHOQUE;2;3;2;ANCASH;CARHUAZ;ACOPAMPA;RURAL;CARRETERA;NACIONAL;PE-3N;-9.300779;NUBLADO;RURAL;CURVA;INCLINADA;ASFALTADA;SI;PREVENTIVA (P);NULL;SI;IMPRUDENCIA DEL CONDUCTOR;CONDUCIR EN ESTADO DE EBRIEDAD Y/O DROGADICCIÓN;Carretera Longitudinal de la Sierra Norte;15/5/2021;-77.622632
A-2021-05-122;00:00.0;ATROPELLO FUGA;1;0;1;CUSCO;PAUCARTAMBO;KOSÑIPATA;RURAL;CARRETERA;NACIONAL;PE-3S;-12.964499;NUBLADO;RURAL;TRAMO RECTO;PLANA ;TROCHA;SI;REGULADORA (R);INFORMATIVA (I);NO;IMPRUDENCIA DEL CONDUCTOR;EXCESO DE VELOCIDAD;Carretera Manu;15/5/2021;-71.4214
A-2021-05-75;50:00.0;CHOQUE;1;0;2;LA LIBERTAD;CHEPEN;PACANGA;RURAL;CARRETERA;NACIONAL;PE-1N;-7.178046;DESPEJADO;RURAL;OTRO;PLANA ;ASFALTADA;NULL;NULL;NULL;NULL;IMPRUDENCIA DEL CONDUCTOR;GIRAR IMPRUDENTEMENTE;Carretera Panamericana Norte;15/5/2021;-79.437756
A-2021-05-115;00:00.0;DESPISTE;1;0;NULL;SAN MARTIN;RIOJA;YURACYACU;RURAL;CARRETERA;DEPARTAMENTAL;SM-113;-5.946088;NULL;NULL;NULL;NULL;NULL;NULL;NULL;NULL;NULL;EN PROCESO DE INVESTIGACIÓN;NO CUENTA CON CAUSA ESPECIFICA;SM-113;16/5/2021;-77.242744
A-2021-05-68;45:00.0;VOLCADURA;1;1;1;AREQUIPA;AREQUIPA;YURA;RURAL;CARRETERA;NACIONAL;PE-34A;-16.077201;DESPEJADO;RURAL;CURVA;PLANA ;ASFALTADA;SI;PREVENTIVA (P);PREVENTIVA (P);SI;EN PROCESO DE INVESTIGACIÓN;NO CUENTA CON CAUSA ESPECIFICA;Vía Interoceánica Sur - Tramo 5;16/5/2021;-71.512188
A-2021-05-87;00:00.0;CHOQUE;2;1;2;CUSCO;CUSCO;SAYLLA;URBANA;CARRETERA;NACIONAL;PE-3S;-13.567006;SOLEADO;RESIDENCIAL;TRAMO RECTO;PLANA ;ASFALTADA;SI;PREVENTIVA (P);NULL;SI;IMPRUDENCIA DEL CONDUCTOR;EXCESO DE VELOCIDAD;Avenida Cusco;16/5/2021;-71.833
A-2021-05-161;40:00.0;CHOQUE;1;1;NULL;PASCO;PASCO;NINACACA;URBANA;CARRETERA;NACIONAL;PE-3N;-10.869822;NULL;NULL;NULL;NULL;NULL;NULL;NULL;NULL;NULL;EN PROCESO DE INVESTIGACIÓN;NO CUENTA CON CAUSA ESPECIFICA;Carretera Longitudinal de la Sierra Norte;16/5/2021;-76.111552
A-2021-05-192;15:00.0;CHOQUE FUGA;1;1;1;LAMBAYEQUE;LAMBAYEQUE;MOTUPE;RURAL;CARRETERA;NACIONAL;PE-1NJ;-6.213567;DESPEJADO;RURAL;TRAMO RECTO;PLANA ;ASFALTADA;NULL;NULL;NULL;NULL;EN PROCESO DE INVESTIGACIÓN;NO CUENTA CON CAUSA ESPECIFICA;Carretera Lambayegue - Olmos;16/5/2021;-79.701722
A-2021-05-188;30:00.0;ATROPELLO FUGA;1;0;0;LAMBAYEQUE;LAMBAYEQUE;MOTUPE;RURAL;CARRETERA;NACIONAL;PE-1NJ;-6.221669;DESPEJADO;RURAL;TRAMO RECTO;PLANA ;ASFALTADA;NULL;NULL;NULL;NULL;EN PROCESO DE INVESTIGACIÓN;NO CUENTA CON CAUSA ESPECIFICA;Carretera Lambayegue - Olmos;16/5/2021;-79.707399
A-2021-05-77;50:00.0;DESPISTE;2;0;1;LA LIBERTAD;OTUZCO;OTUZCO;RURAL;CARRETERA;PROVINCIAL;LI-754;-7.985028;DESPEJADO;RURAL;TRAMO RECTO;PLANA ;CASCAJO/RIPIO;NULL;NULL;NULL;NULL;NEGLIGENCIA DEL CONDUCTOR;CONDUCIR CON FALLAS DE FRENOS;Otuzco;17/5/2021;-78.67921
A-2021-05-323;30:00.0;CHOQUE;1;0;2;SAN MARTIN;HUALLAGA;TINGO DE SAPOSOA;RURAL;CARRETERA;NACIONAL;PE-5N;-7.087009;SOLEADO;RURAL;TRAMO RECTO;PLANA ;ASFALTADA;SI;PREVENTIVA (P);NULL;NO;IMPRUDENCIA DEL CONDUCTOR;OTRO (IMPRUDENCIA DEL CONDUCTOR);Carretera Presidente Fernando Belaúnde Terry;17/5/2021;-76.635223
A-2021-05-80;10:00.0;ATROPELLO;1;0;1;CALLAO;CALLAO;VENTANILLA;URBANA;CARRETERA;NACIONAL;PE-20;-11.90406;DESPEJADO;COMERCIAL;TRAMO RECTO;PLANA ;ASFALTADA;NULL;NULL;NULL;NULL;IMPRUDENCIA DEL PEATÓN;ESTADO DE EBRIEDAD Y/O DROGADICCIÓN;Avenida Coronel Nestor Gambetta;17/5/2021;-77.128492
A-2021-05-96;30:00.0;CHOQUE;1;2;2;TACNA;TARATA;ESTIQUE;RURAL;CARRETERA;NACIONAL;PE-38;-17.700525;DESPEJADO;RURAL;CURVA;INCLINADA;ASFALTADA;NO;NULL;NULL;SI;IMPRUDENCIA DEL CONDUCTOR;INVASIÓN DE CARRIL;Carretera Tacna - Tarata;17/5/2021;-70.102507
A-2021-05-207;00:00.0;ATROPELLO;1;0;1;PUNO;AZANGARO;ASILLO;RURAL;CARRETERA;SIN CLASIFICAR;SIN CLASIFICAR;-14.802268;DESPEJADO;RURAL;TRAMO RECTO;PLANA ;ASFALTADA;NULL;NULL;NULL;NULL;NEGLIGENCIA DEL CONDUCTOR;OTRO (NEGLIGENCIA DEL CONDUCTOR);Asillo;17/5/2021;-70.344501
A-2021-05-83;00:00.0;ATROPELLO FUGA;1;0;1;PUNO;PUNO;PAUCARCOLLA;RURAL;CARRETERA;NACIONAL;PE-3S;-15.735935;DESPEJADO;RURAL;CURVA;PLANA ;ASFALTADA;NULL;NULL;NULL;NULL;IMPRUDENCIA DEL CONDUCTOR;OTRO (IMPRUDENCIA DEL CONDUCTOR);Carretera Longitudinal de la Sierra Sur;18/5/2021;-70.056914
A-2021-05-133;00:00.0;CHOQUE;1;0;NULL;LIMA;LIMA;ATE;URBANA;CARRETERA;NACIONAL;PE-22;-12.007771;DESPEJADO;INDUSTRIAL;TRAMO RECTO;PLANA ;ASFALTADA;NULL;NULL;NULL;NULL;IMPRUDENCIA DEL CONDUCTOR;ADELANTAR INDEBIDAMENTE;Carretera Central;18/5/2021;-76.858968
A-2021-05-112;00:00.0;CHOQUE;1;0;1;JUNIN;TARMA;TARMA;RURAL;CARRETERA;NACIONAL;PE-22B;-11.390966;DESPEJADO;RURAL;SINUOSA;INCLINADA;ASFALTADA;NULL;NULL;NULL;NULL;EN PROCESO DE INVESTIGACIÓN;NO CUENTA CON CAUSA ESPECIFICA;Avenida Manuel Odría;18/5/2021;-75.688296
A-2021-05-180;20:00.0;DESPISTE;1;1;1;AMAZONAS;BAGUA;BAGUA;RURAL;CARRETERA;NACIONAL;PE-5NC;-5.598774;SOLEADO;RURAL;TRAMO RECTO;PLANA ;ASFALTADA;NULL;NULL;NULL;NULL;EN PROCESO DE INVESTIGACIÓN;NO CUENTA CON CAUSA ESPECIFICA;PE-5NC;18/5/2021;-78.551079
A-2021-05-108;20:00.0;VOLCADURA;1;0;1;AREQUIPA;AREQUIPA;JOSE LUIS BUSTAMANTE Y RIVERO;URBANA;AVENIDA;URBANO;NO CORRESPONDE;-16.425553;DESPEJADO;COMERCIAL;CURVA;PLANA ;ASFALTADA;NULL;NULL;NULL;NULL;IMPRUDENCIA DEL CONDUCTOR;ADELANTAR INDEBIDAMENTE;Avenida Juan Vidaurrázaga;18/5/2021;-71.53839
A-2021-05-105;05:00.0;CHOQUE;1;0;NULL;MADRE DE DIOS;TAMBOPATA;TAMBOPATA;RURAL;CARRETERA;NACIONAL;PE-30C;-12.6138;NULL;NULL;NULL;NULL;NULL;NULL;NULL;NULL;NULL;EN PROCESO DE INVESTIGACIÓN;NO CUENTA CON CAUSA ESPECIFICA;Interoceánica Sur;18/5/2021;-69.243869
A-2021-05-211;15:00.0;CHOQUE;1;3;NULL;PUNO;MELGAR;MACARI;RURAL;CARRETERA;DEPARTAMENTAL;PU-125;-14.767174;NULL;NULL;NULL;NULL;NULL;NULL;NULL;NULL;NULL;EN PROCESO DE INVESTIGACIÓN;NO CUENTA CON CAUSA ESPECIFICA;PU-125;18/5/2021;-70.938753
A-2021-05-326;30:00.0;DESPISTE;1;2;1;AYACUCHO;HUAMANGA;VINCHOS;RURAL;CARRETERA;NACIONAL;PE-28A;-13.266413;DESPEJADO;RURAL;CURVA;PLANA ;ASFALTADA;SI;PREVENTIVA (P);NULL;NO;IMPRUDENCIA DEL CONDUCTOR;EXCESO DE VELOCIDAD;Vía de los Libertadores;19/5/2021;-74.308224
A-2021-05-113;50:00.0;CHOQUE;3;1;2;PIURA;MORROPON;CHULUCANAS;RURAL;CARRETERA;NACIONAL;PE-1NJ;-5.136257;DESPEJADO;RURAL;OTRO;INCLINADA;ASFALTADA;NO;NULL;NULL;SI;IMPRUDENCIA DEL CONDUCTOR;EXCESO DE VELOCIDAD;Carretera Interoceánica Norte;19/5/2021;-80.331393