CÓDIGO SINIESTRO;HORA SINIESTRO;CLASE SINIESTRO;CANTIDAD DE FALLECIDOS;CANTIDAD DE LESIONADOS;CANTIDAD DE VEHICULOS DAÑADOS;DEPARTAMENTO;PROVINCIA;DISTRITO;ZONA;TIPO DE VÍA;RED VIAL;COD CARRETERA;COORDENADAS LATITUD;CONDICIÓN CLIMÁTICA;ZONIFICACIÓN;CARACTERÍSTICAS DE VÍA;PERFIL LONGITUDINAL VÍA;SUPERFICIE DE CALZADA;¿EXISTE SEÑAL VERTICAL?;CLASIFICACIÓN DE LA SEÑAL VERTICAL Nº 1;CLASIFICACIÓN DE LA SEÑAL VERTICAL Nº 2;¿EXISTE SEÑAL HORIZONTAL?;CAUSA FACTOR PRINCIPAL;CAUSA ESPECÍFICA;UBICACION;FECHA SINIESTRO;COORDENADAS LONGITUD
A-2021-05-202;30:00.0;DESPISTE;2;0;1;CUSCO;LA CONVENCION;HUAYOPATA;RURAL;CARRETERA;NACIONAL;PE-28B;-13.123531;NIEBLA;RURAL;CURVA;INCLINADA;ASFALTADA;SI;REGULADORA (R);REGULADORA (R);SI;NEGLIGENCIA DEL CONDUCTOR;OTRO (NEGLIGENCIA DEL CONDUCTOR);PE-28B;19/5/2021;-72.333281
A-2021-05-150;05:00.0;DESPISTE;1;0;NULL;MADRE DE DIOS;TAMBOPATA;TAMBOPATA;URBANA;JIRÓN;URBANO;NO CORRESPONDE;-12.589681;NULL;NULL;NULL;NULL;NULL;NULL;NULL;NULL;NULL;EN PROCESO DE INVESTIGACIÓN;NO CUENTA CON CAUSA ESPECIFICA;Jirón Jorge Chávez;20/5/2021;-69.208873
A-2021-05-111;40:00.0;DESPISTE;1;0;1;HUANUCO;LEONCIO PRADO;MARIANO DAMASO BERAUN;RURAL;CARRETERA;NACIONAL;PE-18A;-9.358401;DESPEJADO;RURAL;CURVA;PLANA ;ASFALTADA;NULL;NULL;NULL;NULL;EN PROCESO DE INVESTIGACIÓN;NO CUENTA CON CAUSA ESPECIFICA;Carretera Central;20/5/2021;-75.979258
A-2021-05-134;10:00.0;VOLCADURA;1;0;NULL;LIMA;LIMA;LA MOLINA;URBANA;AVENIDA;URBANO;NO CORRESPONDE;-12.078943;DESPEJADO;INDUSTRIAL;TRAMO RECTO;PLANA ;ASFALTADA;NULL;NULL;NULL;NULL;IMPRUDENCIA DEL CONDUCTOR;EXCESO DE VELOCIDAD;Avenida 7;20/5/2021;-76.930904
A-2021-05-321;00:00.0;DESPISTE;1;0;0;ANCASH;SANTA;SAMANCO;RURAL;CARRETERA;NACIONAL;PE-1N;-9.324391;DESPEJADO;RURAL;CURVA;INCLINADA;ASFALTADA;NULL;NULL;NULL;NULL;EN PROCESO DE INVESTIGACIÓN;NO CUENTA CON CAUSA ESPECIFICA;Panamericana Norte;20/5/2021;-78.406319
A-2021-05-177;45:00.0;CHOQUE;1;0;1;CUSCO;CUSCO;SAN JERONIMO;URBANA;CALLE;URBANO;NO CORRESPONDE;-13.549298;DESPEJADO;RESIDENCIAL;TRAMO RECTO;PLANA ;ASFALTADA;NULL;NULL;NULL;NULL;NEGLIGENCIA DEL CONDUCTOR;OTRO (NEGLIGENCIA DEL CONDUCTOR);San Jerónimo;20/5/2021;-71.905554
A-2021-05-196;10:00.0;VOLCADURA;1;0;1;JUNIN;CHANCHAMAYO;PERENE;RURAL;CARRETERA;PROVINCIAL;JU-1365;-10.892474;DESPEJADO;RURAL;CURVA;INCLINADA;AFIRMADO;NULL;NULL;NULL;NULL;EN PROCESO DE INVESTIGACIÓN;NO CUENTA CON CAUSA ESPECIFICA;Zona Patria;20/5/2021;-75.165061
A-2021-05-166;20:00.0;CHOQUE FUGA;1;1;1;LA LIBERTAD;TRUJILLO;POROTO;RURAL;CARRETERA;PROVINCIAL;LI-1078;-8.012785;DESPEJADO;RURAL;TRAMO RECTO;PLANA ;AFIRMADO;NULL;NULL;NULL;NULL;IMPRUDENCIA DEL CONDUCTOR;INVASIÓN DE CARRIL;Poroto;20/5/2021;-78.757032
A-2021-05-136;50:00.0;CHOQUE;1;0;2;ICA;ICA;ICA;URBANA;CARRETERA;NACIONAL;PE-1S;-14.081116;DESPEJADO;ESCOLAR;INTERSECCIÓN;PLANA ;ASFALTADA;NULL;NULL;NULL;NULL;IMPRUDENCIA DEL CONDUCTOR;EXCESO DE VELOCIDAD;Avenida Portales;21/5/2021;-75.735615
A-2021-05-144;20:00.0;CHOQUE FUGA;1;1;1;ANCASH;RECUAY;TICAPAMPA;RURAL;CARRETERA;DEPARTAMENTAL;AN-110;-9.769432;DESPEJADO;RURAL;TRAMO RECTO;INCLINADA;ASFALTADA;SI;PREVENTIVA (P);NULL;SI;IMPRUDENCIA DEL CONDUCTOR;EXCESO DE VELOCIDAD;AN-110;21/5/2021;-77.416852
A-2021-05-138;40:00.0;CHOQUE;1;0;2;ICA;ICA;SAN JUAN BAUTISTA;URBANA;AVENIDA;URBANO;NO CORRESPONDE;-14.016307;DESPEJADO;INDUSTRIAL;TRAMO RECTO;PLANA ;ASFALTADA;NULL;NULL;NULL;NULL;EN PROCESO DE INVESTIGACIÓN;NO CUENTA CON CAUSA ESPECIFICA;Avenida San Juan Bautista;22/5/2021;-75.73436
A-2021-05-181;00:00.0;CHOQUE;1;1;2;APURIMAC;AYMARAES;COTARUSE;RURAL;CARRETERA;NACIONAL;PE-30A;-14.552146;DESPEJADO;RURAL;CURVA;INCLINADA;ASFALTADA;NULL;NULL;NULL;NULL;IMPRUDENCIA DEL CONDUCTOR;FATIGA Y/O CANSANCIO;Carretera Nasca - Abancay;22/5/2021;-73.383865
A-2021-05-191;53:00.0;CHOQUE;1;0;2;LAMBAYEQUE;CHICLAYO;CAYALTI;URBANA;OTRO;URBANO;NO CORRESPONDE;-6.892505;DESPEJADO;RESIDENCIAL;INTERSECCIÓN;PLANA ;ASFALTADA;NO;NULL;NULL;SI;EN PROCESO DE INVESTIGACIÓN;NO CUENTA CON CAUSA ESPECIFICA;Calle Agustín Gamarra;22/5/2021;-79.563207
A-2021-05-139;30:00.0;VOLCADURA;1;6;1;ICA;ICA;ICA;RURAL;CARRETERA;SIN CLASIFICAR;SIN CLASIFICAR;-14.09;SOLEADO;RURAL;SINUOSA;INCLINADA;TROCHA;NULL;NULL;NULL;NULL;NEGLIGENCIA DEL CONDUCTOR;CONDUCIR CON FALLAS DE CARROCERÍA;Avenida Ángela Olivetti de Perotti;22/5/2021;-75.77
A-2021-05-158;30:00.0;CHOQUE;1;1;2;LA LIBERTAD;TRUJILLO;HUANCHACO;RURAL;CARRETERA;NACIONAL;PE-1N;-8.040941;DESPEJADO;RURAL;TRAMO RECTO;PLANA ;ASFALTADA;NULL;NULL;NULL;NULL;IMPRUDENCIA DEL CONDUCTOR;ADELANTAR INDEBIDAMENTE;Carretera Panamericana Norte;22/5/2021;-79.084076
A-2021-05-151;30:00.0;ATROPELLO;1;0;0;LORETO;MAYNAS;SAN JUAN BAUTISTA;RURAL;CARRETERA;DEPARTAMENTAL;LO-103;-4.015586;SOLEADO;RURAL;TRAMO RECTO;PLANA ;ASFALTADA;NULL;NULL;NULL;NULL;EN PROCESO DE INVESTIGACIÓN;NO CUENTA CON CAUSA ESPECIFICA;Carretera Iquitos - Nauta;22/5/2021;-73.432735
A-2021-05-184;50:00.0;CHOQUE;1;0;2;PUNO;LAMPA;CABANILLA;RURAL;CARRETERA;DEPARTAMENTAL;PU-123;-15.51153;DESPEJADO;RURAL;TRAMO RECTO;PLANA ;ASFALTADA;NULL;NULL;NULL;NULL;IMPRUDENCIA DEL CONDUCTOR;OTRO (IMPRUDENCIA DEL CONDUCTOR);Carretera Cabanilla - Lampa;22/5/2021;-70.350544
A-2021-05-140;00:00.0;CHOQUE;1;2;2;ICA;NASCA;CHANGUILLO;RURAL;CARRETERA;DEPARTAMENTAL;IC-112;-14.670563;SOLEADO;RURAL;CURVA;PLANA ;ASFALTADA;NULL;NULL;NULL;NULL;IMPRUDENCIA DEL CONDUCTOR;INVASIÓN DE CARRIL;IC-112;22/5/2021;-75.291881
A-2021-05-162;20:00.0;ATROPELLO;1;3;1;LA LIBERTAD;TRUJILLO;TRUJILLO;URBANA;CARRETERA;NACIONAL;PE-1N;-8.132569;DESPEJADO;INDUSTRIAL;TRAMO RECTO;PLANA ;ASFALTADA;NULL;NULL;NULL;NULL;EN PROCESO DE INVESTIGACIÓN;NO CUENTA CON CAUSA ESPECIFICA;Carretera Industrial;22/5/2021;-79.02341
A-2021-05-116;00:00.0;DESPISTE;1;0;1;CALLAO;CALLAO;LA PERLA;URBANA;AVENIDA;URBANO;NO CORRESPONDE;-12.06818;DESPEJADO;RESIDENCIAL;TRAMO RECTO;PLANA ;ASFALTADA;NULL;NULL;NULL;NULL;EN PROCESO DE INVESTIGACIÓN;NO CUENTA CON CAUSA ESPECIFICA;Avenida de La Marina;22/5/2021;-77.114497
A-2021-05-182;51:00.0;CHOQUE;1;0;2;AMAZONAS;CHACHAPOYAS;CHACHAPOYAS;URBANA;JIRÓN;URBANO;NO CORRESPONDE;-6.233384;DESPEJADO;COMERCIAL;INTERSECCIÓN;PLANA ;CONCRETO;NULL;NULL;NULL;NULL;EN PROCESO DE INVESTIGACIÓN;NO CUENTA CON CAUSA ESPECIFICA;Sociego;22/5/2021;-77.867317
A-2021-05-157;25:00.0;CAÍDA DE PASAJERO;1;0;1;PIURA;PIURA;TAMBO GRANDE;RURAL;CARRETERA;NACIONAL;PE-1NL;-4.898257;DESPEJADO;RURAL;TRAMO RECTO;PLANA ;ASFALTADA;NULL;NULL;NULL;NULL;EN PROCESO DE INVESTIGACIÓN;NO CUENTA CON CAUSA ESPECIFICA;Carretera Panamericana Norte;23/5/2021;-80.35187
A-2021-05-200;00:00.0;CHOQUE;1;0;2;LAMBAYEQUE;LAMBAYEQUE;OLMOS;RURAL;CARRETERA;NACIONAL;PE-04B;-5.940762;DESPEJADO;RURAL;TRAMO RECTO;PLANA ;ASFALTADA;NO;NULL;NULL;SI;EN PROCESO DE INVESTIGACIÓN;NO CUENTA CON CAUSA ESPECIFICA;Carretera Interocéanica Norte;23/5/2021;-79.602562
A-2021-05-160;00:00.0;DESPISTE;1;1;1;CAJAMARCA;CHOTA;LLAMA;RURAL;CARRETERA;NACIONAL;PE-06A;-6.538239;DESPEJADO;RURAL;CURVA;INCLINADA;ASFALTADA;NO;NULL;NULL;SI;IMPRUDENCIA DEL CONDUCTOR;OTRO (IMPRUDENCIA DEL CONDUCTOR);PE-06A;24/5/2021;-79.120572
A-2021-05-164;00:00.0;CHOQUE;1;0;2;JUNIN;SATIPO;MAZAMARI;RURAL;CARRETERA;NACIONAL;PE-5S;-11.293946;DESPEJADO;RURAL;TRAMO RECTO;INCLINADA;ASFALTADA;NULL;NULL;NULL;NULL;IMPRUDENCIA DEL CONDUCTOR;INVASIÓN DE CARRIL;Carretera Longitudinal de la Selva Sur;24/5/2021;-74.549103
A-2021-05-259;35:00.0;DESPISTE;1;0;1;LAMBAYEQUE;CHICLAYO;LA VICTORIA;RURAL;CARRETERA;PROVINCIAL;LA-778;-6.840294;DESPEJADO;RURAL;TRAMO RECTO;PLANA ;ASFALTADA;NULL;NULL;NULL;NULL;EN PROCESO DE INVESTIGACIÓN;NO CUENTA CON CAUSA ESPECIFICA;Carretera Monsefú - Chiclayo;24/5/2021;-79.859643
A-2021-05-255;40:00.0;CHOQUE;1;2;2;LAMBAYEQUE;LAMBAYEQUE;MOTUPE;RURAL;CARRETERA;NACIONAL;PE-1NJ;-6.16023;DESPEJADO;RURAL;TRAMO RECTO;PLANA ;ASFALTADA;NULL;NULL;NULL;NULL;EN PROCESO DE INVESTIGACIÓN;NO CUENTA CON CAUSA ESPECIFICA;Carretera Lambayegue - Olmos;25/5/2021;-79.69976
A-2021-05-149;00:00.0;CHOQUE;5;6;2;AREQUIPA;ISLAY;MOLLENDO;RURAL;CARRETERA;NACIONAL;PE-1S;-16.839662;DESPEJADO;RURAL;TRAMO RECTO;PLANA ;ASFALTADA;SI;PREVENTIVA (P);INFORMATIVA (I);SI;NEGLIGENCIA DEL CONDUCTOR;OTRO (NEGLIGENCIA DEL CONDUCTOR);Carretera Panamericana Sur;25/5/2021;-71.858213
A-2021-05-185;20:00.0;DESPISTE;1;1;1;PUNO;AZANGARO;MUÑANI;RURAL;CARRETERA;DEPARTAMENTAL;PU-111;-14.761245;DESPEJADO;RURAL;CURVA;PLANA ;TROCHA;SI;REGULADORA (R);PREVENTIVA (P);NO;INFRAESTRUCTURA Y ENTORNO VIAL;OTRO (INFRAESTRUCTURA Y ENTORNO VIAL);PU-111;25/5/2021;-69.983982
A-2021-05-167;30:00.0;DESPISTE;1;1;1;JUNIN;CHANCHAMAYO;PICHANAQUI;RURAL;CARRETERA;NACIONAL;PE-5S;-11.019822;DESPEJADO;RURAL;TRAMO RECTO;INCLINADA;TROCHA;NULL;NULL;NULL;NULL;NEGLIGENCIA DEL CONDUCTOR;OTRO (NEGLIGENCIA DEL CONDUCTOR);Carretera Longitudinal de la Selva Sur;25/5/2021;-74.750279
A-2021-05-201;00:00.0;CHOQUE;1;0;2;AREQUIPA;CARAVELI;ATIQUIPA;RURAL;CARRETERA;NACIONAL;PE-1S;-15.81381;DESPEJADO;RURAL;CURVA;INCLINADA;ASFALTADA;SI;REGULADORA (R);NULL;SI;IMPRUDENCIA DEL CONDUCTOR;INVASIÓN DE CARRIL;Carretera Panamericana Sur;25/5/2021;-74.354744
A-2021-05-209;25:00.0;ATROPELLO;1;0;0;CAJAMARCA;CAJAMARCA;NAMORA;URBANA;CARRETERA;NACIONAL;PE-3N;-7.202387;DESPEJADO;COMERCIAL;TRAMO RECTO;INCLINADA;ASFALTADA;NO;NULL;NULL;SI;IMPRUDENCIA DEL CONDUCTOR;CONDUCIR EN ESTADO DE EBRIEDAD Y/O DROGADICCIÓN;Jirón Libertad;25/5/2021;-78.325035
A-2021-05-325;10:00.0;CHOQUE;1;0;2;PIURA;PIURA;CASTILLA;RURAL;CARRETERA;DEPARTAMENTAL;PI-126;-5.080388;DESPEJADO;RURAL;TRAMO RECTO;PLANA ;ASFALTADA;NULL;NULL;NULL;NULL;EN PROCESO DE INVESTIGACIÓN;NO CUENTA CON CAUSA ESPECIFICA;Carretera Tambo Grande - Piura;25/5/2021;-80.595817
A-2021-05-311;00:00.0;CHOQUE;1;0;2;LIMA;LIMA;LURIN;URBANA;CARRETERA;NACIONAL;PE-1S;-12.295693;DESPEJADO;RESIDENCIAL;TRAMO RECTO;PLANA ;ASFALTADA;NULL;NULL;NULL;NULL;IMPRUDENCIA DEL CONDUCTOR;OTRO (IMPRUDENCIA DEL CONDUCTOR);Carretera Panamericana Sur;26/5/2021;-76.858701
A-2021-05-186;30:00.0;ATROPELLO;1;0;1;CUSCO;CUSCO;SAYLLA;URBANA;CARRETERA;NACIONAL;PE-3S;-13.565736;DESPEJADO;RESIDENCIAL;TRAMO RECTO;PLANA ;ASFALTADA;NULL;NULL;NULL;NULL;IMPRUDENCIA DEL PEATÓN;OTRO (IMPRUDENCIA DEL PEATÓN);Saylla;26/5/2021;-71.835925
A-2021-05-256;00:00.0;DESPISTE;1;2;1;LAMBAYEQUE;LAMBAYEQUE;SALAS;RURAL;CARRETERA;SIN CLASIFICAR;SIN CLASIFICAR;-6.041945;NUBLADO;RURAL;PASE A DESNIVEL;PLANA ;TROCHA;NULL;NULL;NULL;NULL;EN PROCESO DE INVESTIGACIÓN;NO CUENTA CON CAUSA ESPECIFICA;Salas;26/5/2021;-79.532663
A-2021-05-176;00:00.0;DESPISTE;1;3;1;CUSCO;URUBAMBA;OLLANTAYTAMBO;RURAL;CARRETERA;NACIONAL;PE-28B;-13.13635;DESPEJADO;RURAL;TRAMO RECTO;PLANA ;ASFALTADA;NULL;NULL;NULL;NULL;IMPRUDENCIA DEL CONDUCTOR;EXCESO DE VELOCIDAD;PE-28B;26/5/2021;-72.284437
A-2021-05-165;41:00.0;CHOQUE;1;0;2;AREQUIPA;CAYLLOMA;SAN ANTONIO DE CHUCA;RURAL;CARRETERA;NACIONAL;PE-34A;-15.755638;DESPEJADO;RURAL;TRAMO RECTO;PLANA ;ASFALTADA;NO;NULL;NULL;SI;EN PROCESO DE INVESTIGACIÓN;NO CUENTA CON CAUSA ESPECIFICA;Vía Interoceánica Sur - Tramo 5;27/5/2021;-70.949413
A-2021-05-265;30:00.0;ATROPELLO;1;0;1;PUNO;SAN ANTONIO DE PUTINA;PUTINA;URBANA;CARRETERA;NACIONAL;PE-34H;-14.914385;DESPEJADO;COMERCIAL;INTERSECCIÓN;PLANA ;ASFALTADA;NULL;NULL;NULL;NULL;IMPRUDENCIA DEL CONDUCTOR;EXCESO DE VELOCIDAD;Avenida 2 de Septiembre;27/5/2021;-69.861438
A-2021-05-163;40:00.0;CHOQUE;1;0;2;HUANUCO;LEONCIO PRADO;JOSE CRESPO Y CASTILLO;RURAL;JIRÓN;URBANO;NO CORRESPONDE;-8.92963;DESPEJADO;RURAL;INTERSECCIÓN;PLANA ;TROCHA;NULL;NULL;NULL;NULL;IMPRUDENCIA DEL CONDUCTOR;EXCESO DE VELOCIDAD;Jirón María Parado De Bellido;27/5/2021;-76.11737
A-2021-05-312;40:00.0;ATROPELLO;1;0;0;LIMA;LIMA;COMAS;URBANA;AVENIDA;URBANO;NO CORRESPONDE;-11.961375;DESPEJADO;RESIDENCIAL;INTERSECCIÓN;PLANA ;ASFALTADA;NULL;NULL;NULL;NULL;IMPRUDENCIA DEL PEATÓN;ESTADO DE EBRIEDAD Y/O DROGADICCIÓN;Comas;27/5/2021;-77.062622
A-2021-05-198;20:00.0;DESPISTE;1;0;1;APURIMAC;GRAU;PROGRESO;RURAL;CARRETERA;NACIONAL;PE-3SF;-14.091548;DESPEJADO;RURAL;CURVA;INCLINADA;ASFALTADA;NULL;NULL;NULL;NULL;IMPRUDENCIA DEL CONDUCTOR;FATIGA Y/O CANSANCIO;PE-3SF;28/5/2021;-72.466909
A-2021-05-267;00:00.0;DESPISTE;3;0;1;PUNO;AZANGARO;SANTIAGO DE PUPUJA;RURAL;CARRETERA;NACIONAL;PE-34B;-15.009769;DESPEJADO;RURAL;TRAMO RECTO;PLANA ;ASFALTADA;NULL;NULL;NULL;NULL;IMPRUDENCIA DEL CONDUCTOR;EXCESO DE VELOCIDAD;Carretera Interoceánica Puno - Madre de Dios;28/5/2021;-70.181093
A-2021-05-172;00:00.0;CHOQUE;1;1;2;PIURA;PIURA;CASTILLA;URBANA;CARRETERA;DEPARTAMENTAL;PI-126;-4.989287;DESPEJADO;RURAL;CURVA;PLANA ;ASFALTADA;SI;REGULADORA (R);INFORMATIVA (I);SI;EN PROCESO DE INVESTIGACIÓN;NO CUENTA CON CAUSA ESPECIFICA;Carretera Tambo Grande - Piura;28/5/2021;-80.583637
A-2021-05-212;20:00.0;CHOQUE;1;1;2;LA LIBERTAD;TRUJILLO;HUANCHACO;RURAL;CARRETERA;NACIONAL;PE-1N;-8.064051;DESPEJADO;RURAL;TRAMO RECTO;PLANA ;ASFALTADA;NULL;NULL;NULL;NULL;IMPRUDENCIA DEL CONDUCTOR;GIRAR IMPRUDENTEMENTE;Carretera Panamericana Norte;28/5/2021;-79.090253
A-2021-05-199;00:00.0;ATROPELLO;1;0;1;APURIMAC;ANTABAMBA;HUAQUIRCA;URBANA;CALLE;URBANO;NO CORRESPONDE;-14.339814;DESPEJADO;RURAL;TRAMO RECTO;PLANA ;TROCHA;NULL;NULL;NULL;NULL;EN PROCESO DE INVESTIGACIÓN;NO CUENTA CON CAUSA ESPECIFICA;Huaquirca;28/5/2021;-72.895059
A-2021-05-203;10:00.0;CHOQUE;1;0;2;CUSCO;CHUMBIVILCAS;VELILLE;RURAL;CARRETERA;NACIONAL;PE-3SG;-14.574877;DESPEJADO;RURAL;CURVA;INCLINADA;TROCHA;NULL;NULL;NULL;NULL;IMPRUDENCIA DEL CONDUCTOR;EXCESO DE VELOCIDAD;PE-3SG;28/5/2021;-71.722283
A-2021-05-237;35:00.0;DESPISTE;1;1;1;ANCASH;RECUAY;COTAPARACO;RURAL;CARRETERA;PROVINCIAL;AN-1225;-10.004291;DESPEJADO;RURAL;TRAMO RECTO;PLANA ;TROCHA;NULL;NULL;NULL;NULL;INFRAESTRUCTURA Y ENTORNO VIAL;OTRO (INFRAESTRUCTURA Y ENTORNO VIAL);Cotaparaco;28/5/2021;-77.596594
A-2021-05-277;30:00.0;CHOQUE;1;0;2;SAN MARTIN;RIOJA;YURACYACU;RURAL;CARRETERA;DEPARTAMENTAL;SM-114;-5.956872;DESPEJADO;RURAL;CURVA;PLANA ;ASFALTADA;NULL;NULL;NULL;NULL;IMPRUDENCIA DEL CONDUCTOR;INVASIÓN DE CARRIL;Carretera Rioja - Pueblo Libre;28/5/2021;-77.228726
A-2021-05-173;30:00.0;CHOQUE;1;2;2;TACNA;TACNA;LA YARADA LOS PALOS;RURAL;CARRETERA;NACIONAL;PE-1SD;-18.122931;DESPEJADO;RURAL;TRAMO RECTO;INCLINADA;ASFALTADA;NULL;NULL;NULL;NULL;IMPRUDENCIA DEL CONDUCTOR;OTRO (IMPRUDENCIA DEL CONDUCTOR);Carretera Costanera Sur;28/5/2021;-70.38478
A-2021-05-313;00:00.0;ATROPELLO;2;0;0;LIMA;LIMA;LURIN;URBANA;CARRETERA;NACIONAL;PE-1S;-12.24958;DESPEJADO;RESIDENCIAL;TRAMO RECTO;PLANA ;ASFALTADA;NULL;NULL;NULL;NULL;IMPRUDENCIA DEL PEATÓN;ESTADO DE EBRIEDAD Y/O DROGADICCIÓN;Carretera Panamericana Sur;28/5/2021;-76.931759
A-2021-05-286;10:00.0;DESPISTE;2;0;1;MOQUEGUA;ILO;PACOCHA;RURAL;CARRETERA;NACIONAL;PE-1SD;-17.287596;DESPEJADO;RURAL;CURVA;INCLINADA;ASFALTADA;SI;PREVENTIVA (P);NULL;SI;IMPRUDENCIA DEL CONDUCTOR;EXCESO DE VELOCIDAD;Carretera Costanera Sur;28/5/2021;-71.452845
A-2021-05-208;15:00.0;ATROPELLO FUGA;1;0;1;JUNIN;TARMA;TARMA;RURAL;JIRÓN;URBANO;NO CORRESPONDE;-11.416428;DESPEJADO;RURAL;INTERSECCIÓN;PLANA ;ASFALTADA;NULL;NULL;NULL;NULL;EN PROCESO DE INVESTIGACIÓN;NO CUENTA CON CAUSA ESPECIFICA;Jirón 2 de Mayo;28/5/2021;-75.687336
A-2021-05-197;20:00.0;CHOQUE;2;0;2;JUNIN;SATIPO;RIO NEGRO;RURAL;CARRETERA;NACIONAL;PE-5S;-11.214033;DESPEJADO;RURAL;TRAMO RECTO;INCLINADA;ASFALTADA;NULL;NULL;NULL;NULL;EN PROCESO DE INVESTIGACIÓN;NO CUENTA CON CAUSA ESPECIFICA;Carretera Longitudinal de la Selva Sur;28/5/2021;-74.655834
A-2021-05-218;30:00.0;DESPISTE;1;2;1;LIMA;BARRANCA;PARAMONGA;RURAL;CARRETERA;NACIONAL;PE-1N;-10.63953;DESPEJADO;RURAL;CURVA;INCLINADA;ASFALTADA;NULL;NULL;NULL;NULL;IMPRUDENCIA DEL CONDUCTOR;EXCESO DE VELOCIDAD;Panamericana Norte;29/5/2021;-77.854507
A-2021-05-314;30:00.0;CHOQUE;1;0;2;LIMA;LIMA;SAN JUAN DE LURIGANCHO;URBANA;CALLE;URBANO;NO CORRESPONDE;-11.939689;DESPEJADO;RESIDENCIAL;TRAMO RECTO;INCLINADA;ASFALTADA;NULL;NULL;NULL;NULL;EN PROCESO DE INVESTIGACIÓN;NO CUENTA CON CAUSA ESPECIFICA;Avenida Saúl Cantoral;29/5/2021;-77.002096
A-2021-05-215;40:00.0;CHOQUE FUGA;2;1;2;AREQUIPA;CARAVELI;CHALA;RURAL;CARRETERA;NACIONAL;PE-1S;-15.863243;DESPEJADO;RURAL;TRAMO RECTO;INCLINADA;ASFALTADA;SI;REGULADORA (R);NULL;SI;IMPRUDENCIA DEL CONDUCTOR;CONDUCIR EN SENTIDO CONTRARIO;Carretera Panamericana Sur;29/5/2021;-74.220551
A-2021-05-205;50:00.0;CHOQUE;1;0;2;JUNIN;CHANCHAMAYO;PICHANAQUI;RURAL;CARRETERA;NACIONAL;PE-5S;-10.932907;DESPEJADO;RURAL;TRAMO RECTO;INCLINADA;ASFALTADA;NULL;NULL;NULL;NULL;IMPRUDENCIA DEL CONDUCTOR;EXCESO DE VELOCIDAD;Carretera Longitudinal de la Selva Sur;29/5/2021;-74.867636
A-2021-05-291;00:00.0;CHOQUE;2;0;2;LIMA;BARRANCA;SUPE;RURAL;CARRETERA;NACIONAL;PE-1N;-10.846962;LLUVIOSO;RURAL;TRAMO RECTO;PLANA ;ASFALTADA;NO;NULL;NULL;NO;NEGLIGENCIA DEL CONDUCTOR;CONDUCIR CON FALLAS ELÉCTRICAS;Carretera Panamericana Norte;29/5/2021;-77.694014
A-2021-05-292;40:00.0;DESPISTE;1;0;1;LAMBAYEQUE;CHICLAYO;TUMAN;RURAL;CARRETERA;PROVINCIAL;LA-709;-6.706245;DESPEJADO;RURAL;CURVA;INCLINADA;ASFALTADA;NULL;NULL;NULL;NULL;EN PROCESO DE INVESTIGACIÓN;NO CUENTA CON CAUSA ESPECIFICA;Camino Luya;29/5/2021;-79.695715
A-2021-05-270;05:00.0;ATROPELLO;1;0;NULL;LIMA;HUARAL;CHANCAY;URBANA;CARRETERA;NACIONAL;PE-1N;-11.473509;NULL;NULL;NULL;NULL;NULL;NULL;NULL;NULL;NULL;EN PROCESO DE INVESTIGACIÓN;NO CUENTA CON CAUSA ESPECIFICA;Carretera Panamericana Norte;30/5/2021;-77.309065
A-2021-05-214;30:00.0;DESPISTE;1;1;1;APURIMAC;CHINCHEROS;CHINCHEROS;RURAL;CARRETERA;SIN CLASIFICAR;SIN CLASIFICAR;-13.549265;SOLEADO;RURAL;CURVA;INCLINADA;TROCHA;NULL;NULL;NULL;NULL;IMPRUDENCIA DEL CONDUCTOR;OTRO (IMPRUDENCIA DEL CONDUCTOR);Morochuco;30/5/2021;-73.761821
A-2021-05-238;40:00.0;DESPISTE;1;2;1;ANCASH;BOLOGNESI;CHIQUIAN;RURAL;CARRETERA;NACIONAL;PE-3N;-10.137103;SOLEADO;RURAL;TRAMO RECTO;PLANA ;ASFALTADA;NULL;NULL;NULL;NULL;EN PROCESO DE INVESTIGACIÓN;NO CUENTA CON CAUSA ESPECIFICA;Carretera Longitudinal de la Sierra Norte;30/5/2021;-77.167178
A-2021-05-193;40:00.0;ATROPELLO FUGA;1;0;1;ICA;ICA;SALAS;URBANA;CARRETERA;NACIONAL;PE-1S;-13.975654;DESPEJADO;RESIDENCIAL;TRAMO RECTO;PLANA ;ASFALTADA;NULL;NULL;NULL;NULL;EN PROCESO DE INVESTIGACIÓN;NO CUENTA CON CAUSA ESPECIFICA;Carretera Panamericana Sur;30/5/2021;-75.776505
A-2021-05-260;10:00.0;DESPISTE;1;1;1;LAMBAYEQUE;LAMBAYEQUE;MOTUPE;RURAL;CARRETERA;NACIONAL;PE-1NJ;-6.303864;DESPEJADO;INDUSTRIAL;TRAMO RECTO;PLANA ;ASFALTADA;NULL;NULL;NULL;NULL;EN PROCESO DE INVESTIGACIÓN;NO CUENTA CON CAUSA ESPECIFICA;Carretera Lambayegue - Olmos;30/5/2021;-79.757129