CÓDIGO SINIESTRO;HORA SINIESTRO;CLASE SINIESTRO;CANTIDAD DE FALLECIDOS;CANTIDAD DE LESIONADOS;CANTIDAD DE VEHICULOS DAÑADOS;DEPARTAMENTO;PROVINCIA;DISTRITO;ZONA;TIPO DE VÍA;RED VIAL;COD CARRETERA;COORDENADAS LATITUD;CONDICIÓN CLIMÁTICA;ZONIFICACIÓN;CARACTERÍSTICAS DE VÍA;PERFIL LONGITUDINAL VÍA;SUPERFICIE DE CALZADA;¿EXISTE SEÑAL VERTICAL?;CLASIFICACIÓN DE LA SEÑAL VERTICAL Nº 1;CLASIFICACIÓN DE LA SEÑAL VERTICAL Nº 2;¿EXISTE SEÑAL HORIZONTAL?;CAUSA FACTOR PRINCIPAL;CAUSA ESPECÍFICA;UBICACION;FECHA SINIESTRO;COORDENADAS LONGITUD
A-2021-05-213;25:00.0;DESPISTE;2;2;1;LA LIBERTAD;ASCOPE;SANTIAGO DE CAO;RURAL;CARRETERA;PROVINCIAL;LI-662;-7.962044;DESPEJADO;RURAL;INTERSECCIÓN;PLANA ;AFIRMADO;NULL;NULL;NULL;NULL;IMPRUDENCIA DEL CONDUCTOR;OTRO (IMPRUDENCIA DEL CONDUCTOR);Carretera Chiquitoy - Santiago de Cao;30/5/2021;-79.217278
A-2021-05-315;20:00.0;ATROPELLO;1;0;0;LIMA;LIMA;CHORRILLOS;URBANA;CALLE;URBANO;NO CORRESPONDE;-12.168525;DESPEJADO;RESIDENCIAL;TRAMO RECTO;PLANA ;ASFALTADA;NULL;NULL;NULL;NULL;IMPRUDENCIA DEL PEATÓN;OTRO (IMPRUDENCIA DEL PEATÓN);Calle Miguel Iglesias;31/5/2021;-77.021175
A-2021-05-246;30:00.0;ATROPELLO;1;0;0;UCAYALI;CORONEL PORTILLO;YARINACOCHA;URBANA;JIRÓN;URBANO;NO CORRESPONDE;-8.383529;DESPEJADO;RURAL;TRAMO RECTO;PLANA ;AFIRMADO;NULL;NULL;NULL;NULL;EN PROCESO DE INVESTIGACIÓN;NO CUENTA CON CAUSA ESPECIFICA;Área Metropolitana de Pucallpa;31/5/2021;-74.598973
A-2021-05-272;15:00.0;CHOQUE;1;6;2;LAMBAYEQUE;LAMBAYEQUE;PACORA;RURAL;CARRETERA;NACIONAL;PE-1NJ;-6.447826;SOLEADO;RURAL;CURVA;PLANA ;ASFALTADA;SI;REGULADORA (R);REGULADORA (R);NO;EN PROCESO DE INVESTIGACIÓN;NO CUENTA CON CAUSA ESPECIFICA;Carretera Lambayeque;31/5/2021;-79.854373
A-2021-05-289;50:00.0;ATROPELLO;1;0;1;LAMBAYEQUE;CHICLAYO;POMALCA;RURAL;CARRETERA;NACIONAL;PE-06A;-6.785794;SOLEADO;RURAL;INTERSECCIÓN;PLANA ;ASFALTADA;NULL;NULL;NULL;NULL;EN PROCESO DE INVESTIGACIÓN;NO CUENTA CON CAUSA ESPECIFICA;PE-06A;31/5/2021;-79.777171
A-2021-05-288;55:00.0;CHOQUE;1;1;2;LAMBAYEQUE;CHICLAYO;REQUE;RURAL;CARRETERA;NACIONAL;PE-1N;-6.883133;DESPEJADO;RURAL;TRAMO RECTO;PLANA ;ASFALTADA;SI;REGULADORA (R);REGULADORA (R);SI;EN PROCESO DE INVESTIGACIÓN;NO CUENTA CON CAUSA ESPECIFICA;Carretera Panamericana Norte;31/5/2021;-79.811744
A-2021-06-130;00:00.0;DESPISTE;1;1;1;CUSCO;CUSCO;SAN SEBASTIAN;RURAL;AVENIDA;URBANO;NO CORRESPONDE;-13.530277;DESPEJADO;RURAL;CURVA;INCLINADA;ASFALTADA;NULL;NULL;NULL;NULL;IMPRUDENCIA DEL CONDUCTOR;CONDUCIR EN ESTADO DE EBRIEDAD Y/O DROGADICCIÓN;Avenida Las Flores;1/6/2021;-71.910093
A-2021-06-270;00:00.0;VOLCADURA;1;1;1;LAMBAYEQUE;LAMBAYEQUE;SALAS;RURAL;CARRETERA;DEPARTAMENTAL;LA-100;-6.065649;DESPEJADO;RURAL;TRAMO RECTO;PLANA ;TROCHA;NULL;NULL;NULL;NULL;EN PROCESO DE INVESTIGACIÓN;NO CUENTA CON CAUSA ESPECIFICA;LA-100;1/6/2021;-79.426046
A-2021-06-25;30:00.0;ATROPELLO;1;0;1;LA LIBERTAD;VIRU;GUADALUPITO;RURAL;CARRETERA;NACIONAL;PE-1N;-8.945029;DESPEJADO;RURAL;TRAMO RECTO;PLANA ;ASFALTADA;NULL;NULL;NULL;NULL;IMPRUDENCIA DEL PEATÓN;ESTADO DE EBRIEDAD Y/O DROGADICCIÓN;Panamericana Norte;1/6/2021;-78.629661
A-2021-06-149;00:00.0;DESPISTE;1;0;1;APURIMAC;ANDAHUAYLAS;KISHUARA;URBANA;JIRÓN;URBANO;NO CORRESPONDE;-13.690433;NUBLADO;RURAL;OTRO;INCLINADA;AFIRMADO;NULL;NULL;NULL;NULL;IMPRUDENCIA DEL CONDUCTOR;CONDUCIR EN ESTADO DE EBRIEDAD Y/O DROGADICCIÓN;Kishuara;1/6/2021;-73.11838
A-2021-06-100;15:00.0;ATROPELLO;1;0;NULL;LIMA;LIMA;LOS OLIVOS;URBANA;AVENIDA;URBANO;NO CORRESPONDE;-11.954411;DESPEJADO;INDUSTRIAL;TRAMO RECTO;PLANA ;ASFALTADA;NULL;NULL;NULL;NULL;IMPRUDENCIA DEL CONDUCTOR;OTRO (IMPRUDENCIA DEL CONDUCTOR);Avenida Holanda;1/6/2021;-77.076149
A-2021-06-217;30:00.0;CHOQUE;1;1;2;CUSCO;ANTA;ANCAHUASI;URBANA;CARRETERA;NACIONAL;PE-3S;-13.45296;DESPEJADO;RESIDENCIAL;TRAMO RECTO;PLANA ;ASFALTADA;SI;PREVENTIVA (P);PREVENTIVA (P);SI;IMPRUDENCIA DEL CONDUCTOR;EXCESO DE VELOCIDAD;Carretera Longitudinal de la Sierra Sur;1/6/2021;-72.311028
A-2021-06-101;00:00.0;ATROPELLO;1;0;NULL;LIMA;LIMA;PUENTE PIEDRA;URBANA;CARRETERA;NACIONAL;PE-1N;-11.839958;SOLEADO;INDUSTRIAL;TRAMO RECTO;PLANA ;CONCRETO;NULL;NULL;NULL;NULL;IMPRUDENCIA DEL PEATÓN;OTRO (IMPRUDENCIA DEL PEATÓN);Carretera Panamericana Norte;1/6/2021;-77.105521
A-2021-06-218;00:00.0;ATROPELLO;1;0;1;CUSCO;CANCHIS;MARANGANI;RURAL;CARRETERA;NACIONAL;PE-3S;-14.369994;DESPEJADO;RURAL;TRAMO RECTO;PLANA ;ASFALTADA;NO;NULL;NULL;SI;IMPRUDENCIA DEL CONDUCTOR;EXCESO DE VELOCIDAD;Carretera Longitudinal de la Sierra Sur;1/6/2021;-71.15261
A-2021-06-58;30:00.0;DESPISTE;1;3;1;LA LIBERTAD;PATAZ;PATAZ;RURAL;CARRETERA;DEPARTAMENTAL;LI-125;-7.699621;DESPEJADO;RURAL;CURVA;PLANA ;AFIRMADO;NULL;NULL;NULL;NULL;IMPRUDENCIA DEL CONDUCTOR;INVASIÓN DE CARRIL;Paraiso;1/6/2021;-77.641074
A-2021-06-120;00:00.0;CHOQUE;2;3;2;JUNIN;JAUJA;JAUJA;RURAL;CARRETERA;NACIONAL;PE-3S;-11.79197;SOLEADO;RURAL;TRAMO RECTO;PLANA ;ASFALTADA;NULL;NULL;NULL;NULL;EN PROCESO DE INVESTIGACIÓN;NO CUENTA CON CAUSA ESPECIFICA;Carretera Longitudinal de la Sierra Sur;1/6/2021;-75.463797
A-2021-06-102;30:00.0;CHOQUE;1;0;0;LIMA;LIMA;CHACLACAYO;URBANA;CARRETERA;NACIONAL;PE-22;-11.995138;DESPEJADO;INDUSTRIAL;TRAMO RECTO;PLANA ;CONCRETO;NULL;NULL;NULL;NULL;EN PROCESO DE INVESTIGACIÓN;NO CUENTA CON CAUSA ESPECIFICA;Carretera Central;1/6/2021;-76.832106
A-2021-06-8;45:00.0;CHOQUE;1;0;NULL;MADRE DE DIOS;TAMBOPATA;TAMBOPATA;URBANA;JIRÓN;URBANO;NO CORRESPONDE;-12.589832;NULL;NULL;NULL;NULL;NULL;NULL;NULL;NULL;NULL;EN PROCESO DE INVESTIGACIÓN;NO CUENTA CON CAUSA ESPECIFICA;Jaime Troncoso;1/6/2021;-69.188719
A-2021-06-34;25:00.0;ATROPELLO;1;0;1;PUNO;SANDIA;SANDIA;URBANA;JIRÓN;URBANO;NO CORRESPONDE;-14.32657;DESPEJADO;COMERCIAL;TRAMO RECTO;PLANA ;ASFALTADA;NULL;NULL;NULL;NULL;IMPRUDENCIA DEL PEATÓN;CRUCE INDEBIDO POR LA CALZADA;Jirón Juliaca;2/6/2021;-69.465941
A-2021-06-5;30:00.0;CHOQUE;3;1;3;TACNA;TACNA;LA YARADA LOS PALOS;RURAL;CARRETERA;NACIONAL;PE-1S;-18.265441;DESPEJADO;RURAL;TRAMO RECTO;PLANA ;ASFALTADA;NULL;NULL;NULL;NULL;IMPRUDENCIA DEL CONDUCTOR;INVASIÓN DE CARRIL;Carretera Panamericana Sur;2/6/2021;-70.31958
A-2021-06-22;40:00.0;DESPISTE;1;0;NULL;TUMBES;TUMBES;CORRALES;RURAL;CARRETERA;NACIONAL;PE-1N;-3.609553;NULL;NULL;NULL;NULL;NULL;NULL;NULL;NULL;NULL;EN PROCESO DE INVESTIGACIÓN;NO CUENTA CON CAUSA ESPECIFICA;Carretera Panamericana Norte;2/6/2021;-80.506552
A-2021-06-59;15:00.0;ATROPELLO FUGA;1;0;1;LA LIBERTAD;ASCOPE;PAIJAN;URBANA;CARRETERA;NACIONAL;PE-1N;-7.720955;DESPEJADO;COMERCIAL;TRAMO RECTO;PLANA ;ASFALTADA;NULL;NULL;NULL;NULL;IMPRUDENCIA DEL PEATÓN;CRUCE INDEBIDO POR LA CALZADA;Carretera Panamericana Norte;3/6/2021;-79.308816
A-2021-06-77;50:00.0;DESPISTE;1;8;1;LA LIBERTAD;SANCHEZ CARRION;CHUGAY;RURAL;CARRETERA;NACIONAL;PE-10C;-7.814912;DESPEJADO;RURAL;CURVA;PLANA ;AFIRMADO;NULL;NULL;NULL;NULL;EN PROCESO DE INVESTIGACIÓN;NO CUENTA CON CAUSA ESPECIFICA;PE-10C;3/6/2021;-77.78488
A-2021-06-293;40:00.0;ATROPELLO FUGA;1;0;NULL;CALLAO;CALLAO;CARMEN DE LA LEGUA REYNOSO;URBANA;AVENIDA;URBANO;NO CORRESPONDE;-12.047463;NULL;NULL;NULL;NULL;NULL;NULL;NULL;NULL;NULL;EN PROCESO DE INVESTIGACIÓN;NO CUENTA CON CAUSA ESPECIFICA;Avenida Enrique Meiggs;3/6/2021;-77.087482
A-2021-06-14;20:00.0;CHOQUE;1;0;2;AREQUIPA;AREQUIPA;LA JOYA;RURAL;CARRETERA;NACIONAL;PE-1S;-16.652031;DESPEJADO;RURAL;TRAMO RECTO;PLANA ;ASFALTADA;NO;NULL;NULL;SI;EN PROCESO DE INVESTIGACIÓN;NO CUENTA CON CAUSA ESPECIFICA;Carretera Panamericana Sur;3/6/2021;-71.871478
A-2021-06-11;20:00.0;DESPISTE;2;0;1;CAJAMARCA;HUALGAYOC;HUALGAYOC;RURAL;CARRETERA;NACIONAL;PE-3N;-6.755918;DESPEJADO;RURAL;CURVA;INCLINADA;ASFALTADA;NO;NULL;NULL;SI;IMPRUDENCIA DEL CONDUCTOR;INVASIÓN DE CARRIL;Carretera Longitudinal de la Sierra Norte;3/6/2021;-78.59191
A-2021-06-12;15:00.0;CHOQUE;1;2;2;CUSCO;ANTA;ANTA;URBANA;CARRETERA;NACIONAL;PE-3S;-13.463903;DESPEJADO;RESIDENCIAL;TRAMO RECTO;PLANA ;ASFALTADA;NULL;NULL;NULL;NULL;IMPRUDENCIA DEL CONDUCTOR;NO DAR PASO PREFERENTE AL PEATÓN;Jirón Junín;3/6/2021;-72.1505
A-2021-06-103;10:00.0;CHOQUE;1;0;NULL;LIMA;LIMA;VILLA EL SALVADOR;URBANA;AVENIDA;URBANO;NO CORRESPONDE;-12.23578;DESPEJADO;INDUSTRIAL;TRAMO RECTO;PLANA ;ASFALTADA;NULL;NULL;NULL;NULL;IMPRUDENCIA DEL CONDUCTOR;CONDUCIR EN ESTADO DE EBRIEDAD Y/O DROGADICCIÓN;Avenida Revolución;3/6/2021;-76.9232
A-2021-06-9;40:00.0;DESPISTE;1;1;1;HUANUCO;HUAMALIES;MONZON;RURAL;CARRETERA;NACIONAL;PE-14A;-9.23654;DESPEJADO;RURAL;CURVA;PLANA ;ASFALTADA;SI;PREVENTIVA (P);PREVENTIVA (P);NO;IMPRUDENCIA DEL CONDUCTOR;EXCESO DE VELOCIDAD;PE-14A;3/6/2021;-76.08865
A-2021-06-111;00:00.0;CHOQUE;1;0;0;LIMA;LIMA;LIMA;URBANA;JIRÓN;URBANO;NO CORRESPONDE;-12.053265;DESPEJADO;INDUSTRIAL;TRAMO RECTO;PLANA ;ASFALTADA;NULL;NULL;NULL;NULL;EN PROCESO DE INVESTIGACIÓN;NO CUENTA CON CAUSA ESPECIFICA;Jirón Manuel Tellería Vicuña;3/6/2021;-77.06395
A-2021-06-65;45:00.0;DESPISTE;1;2;1;LA LIBERTAD;ASCOPE;CHOCOPE;RURAL;CARRETERA;NACIONAL;PE-1N;-7.792066;DESPEJADO;RURAL;ÓVALO;PLANA ;ASFALTADA;NULL;NULL;NULL;NULL;NEGLIGENCIA DEL CONDUCTOR;CONDUCIR CON FALLAS DE FRENOS;Panamericana Norte;3/6/2021;-79.212409
A-2021-06-131;20:00.0;CHOQUE;1;3;2;CUSCO;URUBAMBA;MARAS;RURAL;CARRETERA;NACIONAL;PE-28F;-13.339232;DESPEJADO;RURAL;CURVA;INCLINADA;ASFALTADA;NULL;NULL;NULL;NULL;IMPRUDENCIA DEL CONDUCTOR;INVASIÓN DE CARRIL;PE-28F;3/6/2021;-72.125639
A-2021-06-10;45:00.0;DESPISTE;1;0;1;AREQUIPA;ISLAY;DEAN VALDIVIA;RURAL;CARRETERA;SIN CLASIFICAR;SIN CLASIFICAR;-17.122089;DESPEJADO;RURAL;TRAMO RECTO;PLANA ;TROCHA;NULL;NULL;NULL;NULL;IMPRUDENCIA DEL CONDUCTOR;FATIGA Y/O CANSANCIO;old La Joya - Mollendo route;4/6/2021;-71.860648
A-2021-06-62;15:00.0;ATROPELLO FUGA;1;0;0;LAMBAYEQUE;CHICLAYO;LAGUNAS;RURAL;CARRETERA;NACIONAL;PE-1N;-7.053486;DESPEJADO;RURAL;TRAMO RECTO;PLANA ;ASFALTADA;NULL;NULL;NULL;NULL;EN PROCESO DE INVESTIGACIÓN;NO CUENTA CON CAUSA ESPECIFICA;Carretera Panamericana Norte;4/6/2021;-79.574667
A-2021-06-112;30:00.0;ATROPELLO;1;0;NULL;LIMA;LIMA;LA MOLINA;URBANA;AVENIDA;URBANO;NO CORRESPONDE;-12.086141;DESPEJADO;INDUSTRIAL;TRAMO RECTO;PLANA ;ASFALTADA;NULL;NULL;NULL;NULL;NEGLIGENCIA DEL CONDUCTOR;OTRO (NEGLIGENCIA DEL CONDUCTOR);Avenida La Molina;4/6/2021;-76.895195
A-2021-06-344;30:00.0;DESPISTE;1;0;1;HUANUCO;AMBO;AMBO;RURAL;CARRETERA;SIN CLASIFICAR;SIN CLASIFICAR;-10.171337;DESPEJADO;RURAL;SINUOSA;INCLINADA;AFIRMADO;NULL;NULL;NULL;NULL;EN PROCESO DE INVESTIGACIÓN;NO CUENTA CON CAUSA ESPECIFICA;Chaucha;4/6/2021;-76.191515
A-2021-06-18;30:00.0;CHOQUE;1;1;2;ICA;PISCO;TUPAC AMARU INCA;URBANA;CARRETERA;NACIONAL;PE-1S;-13.691589;DESPEJADO;COMERCIAL;INTERSECCIÓN;PLANA ;ASFALTADA;NULL;NULL;NULL;NULL;IMPRUDENCIA DEL CONDUCTOR;EXCESO DE VELOCIDAD;Antigua Carretera Panamericana Sur;4/6/2021;-76.155895
A-2021-06-19;49:00.0;CHOQUE;1;0;2;ICA;ICA;ICA;URBANA;CARRETERA;NACIONAL;PE-1S;-14.068129;DESPEJADO;RESIDENCIAL;TRAMO RECTO;PLANA ;ASFALTADA;NULL;NULL;NULL;NULL;IMPRUDENCIA DEL CONDUCTOR;ADELANTAR INDEBIDAMENTE;Avenida Los Maestros;5/6/2021;-75.739607
A-2021-06-177;00:00.0;DESPISTE;1;2;1;JUNIN;HUANCAYO;CHUPURO;RURAL;CARRETERA;DEPARTAMENTAL;JU-110;-12.185174;SOLEADO;RURAL;PASE A DESNIVEL;INCLINADA;TROCHA;NULL;NULL;NULL;NULL;IMPRUDENCIA DEL CONDUCTOR;EXCESO DE VELOCIDAD;JU-110;5/6/2021;-75.256165
A-2021-06-13;30:00.0;CHOQUE FUGA;2;0;1;PUNO;EL COLLAO;ILAVE;RURAL;CARRETERA;PROVINCIAL;PU-1149;-16.056861;DESPEJADO;RURAL;TRAMO RECTO;PLANA ;ASFALTADA;NULL;NULL;NULL;NULL;EN PROCESO DE INVESTIGACIÓN;NO CUENTA CON CAUSA ESPECIFICA;PU-1160;5/6/2021;-69.61872
A-2021-06-327;40:00.0;CHOQUE;1;0;2;LIMA;BARRANCA;BARRANCA;RURAL;CARRETERA;NACIONAL;PE-1N;-10.743354;DESPEJADO;RURAL;TRAMO RECTO;PLANA ;ASFALTADA;NULL;NULL;NULL;NULL;IMPRUDENCIA DEL CONDUCTOR;GIRAR IMPRUDENTEMENTE;Panamericana Norte;5/6/2021;-77.744789
A-2021-06-271;30:00.0;ATROPELLO;1;0;1;CALLAO;CALLAO;CALLAO;URBANA;CARRETERA;NACIONAL;PE-20;-11.964816;DESPEJADO;COMERCIAL;TRAMO RECTO;PLANA ;ASFALTADA;NULL;NULL;NULL;NULL;NEGLIGENCIA DEL CONDUCTOR;OTRO (NEGLIGENCIA DEL CONDUCTOR);Avenida Coronel Nestor Gambetta;5/6/2021;-77.126663
A-2021-06-20;30:00.0;CHOQUE;1;2;2;AREQUIPA;AREQUIPA;LA JOYA;RURAL;CARRETERA;NACIONAL;PE-1S;-16.704828;DESPEJADO;RURAL;TRAMO RECTO;PLANA ;ASFALTADA;NO;NULL;NULL;SI;EN PROCESO DE INVESTIGACIÓN;NO CUENTA CON CAUSA ESPECIFICA;Carretera Panamericana Sur;5/6/2021;-71.870374
A-2021-06-31;05:00.0;DESPISTE;1;1;NULL;CALLAO;CALLAO;MI PERU;URBANA;AVENIDA;URBANO;NO CORRESPONDE;-11.851895;DESPEJADO;COMERCIAL;TRAMO RECTO;PLANA ;ASFALTADA;NO;NULL;NULL;NO;IMPRUDENCIA DEL CONDUCTOR;OTRO (IMPRUDENCIA DEL CONDUCTOR);Avenida Tumbes;6/6/2021;-77.128013
A-2021-06-38;00:00.0;DESPISTE;1;3;1;ANCASH;CARLOS FERMIN FITZCARRALD;SAN NICOLAS;RURAL;CARRETERA;SIN CLASIFICAR;SIN CLASIFICAR;-8.993672;SOLEADO;RURAL;CURVA;INCLINADA;AFIRMADO;SI;PREVENTIVA (P);PREVENTIVA (P);NO;IMPRUDENCIA DEL CONDUCTOR;EXCESO DE VELOCIDAD;Ruris;6/6/2021;-77.18472
A-2021-06-322;40:00.0;CHOQUE;1;0;2;LAMBAYEQUE;CHICLAYO;CAYALTI;RURAL;CARRETERA;NACIONAL;PE-1NI;-6.909387;DESPEJADO;RURAL;TRAMO RECTO;PLANA ;ASFALTADA;SI;PREVENTIVA (P);REGULADORA (R);NO;EN PROCESO DE INVESTIGACIÓN;NO CUENTA CON CAUSA ESPECIFICA;PE-1NI;6/6/2021;-79.520846
A-2021-06-333;00:00.0;DESPISTE;1;0;1;LIMA;BARRANCA;BARRANCA;RURAL;CARRETERA;PROVINCIAL;LM-521;-10.729983;NUBLADO;RURAL;TRAMO RECTO;PLANA ;TROCHA;NULL;NULL;NULL;NULL;IMPRUDENCIA DEL CONDUCTOR;CONDUCIR EN ESTADO DE EBRIEDAD Y/O DROGADICCIÓN;Chiu Chiu;6/6/2021;-77.739912
A-2021-06-17;00:00.0;CHOQUE;2;2;NULL;MADRE DE DIOS;TAMBOPATA;LAS PIEDRAS;RURAL;CARRETERA;NACIONAL;PE-30C;-12.553359;NULL;NULL;NULL;NULL;NULL;NULL;NULL;NULL;NULL;EN PROCESO DE INVESTIGACIÓN;NO CUENTA CON CAUSA ESPECIFICA;Transoceánica;6/6/2021;-69.146753
A-2021-06-78;10:00.0;CHOQUE;1;0;2;LA LIBERTAD;TRUJILLO;HUANCHACO;RURAL;CARRETERA;NACIONAL;PE-1N;-8.048334;DESPEJADO;INDUSTRIAL;TRAMO RECTO;PLANA ;ASFALTADA;NULL;NULL;NULL;NULL;IMPRUDENCIA DEL CONDUCTOR;CONDUCIR EN SENTIDO CONTRARIO;Carretera Panamericana Norte;6/6/2021;-79.086153
A-2021-06-39;40:00.0;ATROPELLO;1;0;1;ANCASH;CARHUAZ;MARCARA;RURAL;CARRETERA;PROVINCIAL;AN-770;-9.322399;DESPEJADO;RURAL;TRAMO RECTO;INCLINADA;ASFALTADA;SI;PREVENTIVA (P);NULL;NO;EN PROCESO DE INVESTIGACIÓN;NO CUENTA CON CAUSA ESPECIFICA;AN-770;6/6/2021;-77.592921
A-2021-06-170;00:00.0;DESPISTE;1;0;1;PUNO;SAN ROMAN;CARACOTO;RURAL;CARRETERA;PROVINCIAL;PU-949;-15.562624;DESPEJADO;RURAL;PUENTE;PLANA ;TROCHA;NULL;NULL;NULL;NULL;IMPRUDENCIA DEL CONDUCTOR;EXCESO DE VELOCIDAD;PU-953;6/6/2021;-70.095928
A-2021-06-113;10:00.0;VOLCADURA;1;0;0;LIMA;LIMA;SANTIAGO DE SURCO;URBANA;AVENIDA;URBANO;NO CORRESPONDE;-12.128586;DESPEJADO;INDUSTRIAL;TRAMO RECTO;PLANA ;CONCRETO;NULL;NULL;NULL;NULL;EN PROCESO DE INVESTIGACIÓN;NO CUENTA CON CAUSA ESPECIFICA;Avenida Alfredo Benavides;6/6/2021;-76.997693
A-2021-06-178;30:00.0;CAÍDA DE PASAJERO;1;0;1;SAN MARTIN;MOYOBAMBA;MOYOBAMBA;URBANA;JIRÓN;URBANO;NO CORRESPONDE;-6.030875;DESPEJADO;COMERCIAL;OTRO;PLANA ;CONCRETO;NULL;NULL;NULL;NULL;IMPRUDENCIA DEL CONDUCTOR;EXCESO DE PASAJEROS O CARGA;Jirón Trujillo;6/6/2021;-76.980777
A-2021-06-304;10:00.0;CHOQUE;1;1;1;JUNIN;JAUJA;JAUJA;URBANA;AVENIDA;URBANO;NO CORRESPONDE;-11.784161;DESPEJADO;COMERCIAL;TRAMO RECTO;PLANA ;ASFALTADA;NULL;NULL;NULL;NULL;IMPRUDENCIA DEL CONDUCTOR;GIRAR IMPRUDENTEMENTE;Avenida Francisco Carlé;7/6/2021;-75.482184
A-2021-06-21;45:00.0;DESPISTE;1;3;1;AREQUIPA;AREQUIPA;YURA;RURAL;CARRETERA;NACIONAL;PE-34A;-16.12403;DESPEJADO;RURAL;TRAMO RECTO;INCLINADA;ASFALTADA;SI;PREVENTIVA (P);PREVENTIVA (P);SI;EN PROCESO DE INVESTIGACIÓN;NO CUENTA CON CAUSA ESPECIFICA;Vía Interoceánica Sur - Tramo 5;7/6/2021;-71.635381
A-2021-06-181;50:00.0;ATROPELLO FUGA;1;0;0;SAN MARTIN;RIOJA;RIOJA;URBANA;CARRETERA;NACIONAL;PE-5N;-6.051064;DESPEJADO;COMERCIAL;TRAMO RECTO;PLANA ;ASFALTADA;NULL;NULL;NULL;NULL;EN PROCESO DE INVESTIGACIÓN;NO CUENTA CON CAUSA ESPECIFICA;Carretera Presidente Fernando Belaúnde Terry;7/6/2021;-77.151714
A-2021-06-279;30:00.0;CHOQUE;1;1;2;LAMBAYEQUE;LAMBAYEQUE;MORROPE;RURAL;CARRETERA;NACIONAL;PE-1N;-6.470248;DESPEJADO;RURAL;TRAMO RECTO;PLANA ;AFIRMADO;SI;REGULADORA (R);PREVENTIVA (P);SI;EN PROCESO DE INVESTIGACIÓN;NO CUENTA CON CAUSA ESPECIFICA;Carretera Panamericana Norte;7/6/2021;-80.112844
A-2021-06-137;00:00.0;DESPISTE;1;2;1;HUANCAVELICA;HUANCAVELICA;ACORIA;RURAL;CARRETERA;PROVINCIAL;HV-775;-12.626018;DESPEJADO;RURAL;SINUOSA;INCLINADA;AFIRMADO;NULL;NULL;NULL;NULL;EN PROCESO DE INVESTIGACIÓN;NO CUENTA CON CAUSA ESPECIFICA;Quimina;7/6/2021;-74.933047
A-2021-06-27;00:00.0;CHOQUE;1;2;2;ICA;PISCO;PARACAS;URBANA;CARRETERA;NACIONAL;PE-28;-13.832273;DESPEJADO;RURAL;TRAMO RECTO;PLANA ;ASFALTADA;NULL;NULL;NULL;NULL;IMPRUDENCIA DEL CONDUCTOR;EXCESO DE VELOCIDAD;Carretera Santa Cruz - Paracas;7/6/2021;-76.171214
A-2021-03-271;50:00.0;CHOQUE;1;0;2;LAMBAYEQUE;CHICLAYO;CHICLAYO;URBANA;OTRO;URBANO;NO CORRESPONDE;-6.765421;DESPEJADO;RESIDENCIAL;ÓVALO;PLANA ;ASFALTADA;NULL;NULL;NULL;NULL;EN PROCESO DE INVESTIGACIÓN;NO CUENTA CON CAUSA ESPECIFICA;Avenida José Eufemio Lora y Lora;25/3/2021;-79.85283
A-2021-03-225;45:00.0;CHOQUE FUGA;1;0;1;LA LIBERTAD;OTUZCO;SALPO;RURAL;CARRETERA;NACIONAL;PE-10A;-7.999311;DESPEJADO;RURAL;TRAMO RECTO;PLANA ;ASFALTADA;NULL;NULL;NULL;NULL;EN PROCESO DE INVESTIGACIÓN;NO CUENTA CON CAUSA ESPECIFICA;Carretera Trujillo - Huamachuco;25/3/2021;-78.688046
A-2021-03-267;30:00.0;DESPISTE;1;0;1;TACNA;CANDARAVE;HUANUARA;RURAL;CARRETERA;PROVINCIAL;TA-530;-17.311855;DESPEJADO;RURAL;CURVA;INCLINADA;AFIRMADO;NULL;NULL;NULL;NULL;IMPRUDENCIA DEL CONDUCTOR;CONDUCIR EN ESTADO DE EBRIEDAD Y/O DROGADICCIÓN;TA-530;26/3/2021;-70.31844
A-2021-03-354;50:00.0;DESPISTE;1;0;0;LIMA;LIMA;COMAS;URBANA;AVENIDA;URBANO;NO CORRESPONDE;-11.953623;DESPEJADO;RESIDENCIAL;TRAMO RECTO;PLANA ;ASFALTADA;NULL;NULL;NULL;NULL;IMPRUDENCIA DEL CONDUCTOR;OTRO (IMPRUDENCIA DEL CONDUCTOR);Avenida Túpac Amaru;26/3/2021;-77.051583
A-2021-03-200;30:00.0;CHOQUE;1;0;2;TACNA;TACNA;POCOLLAY;URBANA;CARRETERA;NACIONAL;PE-40;-17.986708;DESPEJADO;COMERCIAL;TRAMO RECTO;INCLINADA;ASFALTADA;NULL;NULL;NULL;NULL;IMPRUDENCIA DEL CONDUCTOR;CONDUCIR EN ESTADO DE EBRIEDAD Y/O DROGADICCIÓN;Avenida Celestino Vargas;26/3/2021;-70.210552
A-2021-03-252;45:00.0;DESPISTE;1;1;1;PIURA;MORROPON;LA MATANZA;RURAL;CARRETERA;NACIONAL;PE-1NJ;-5.329315;DESPEJADO;RURAL;CURVA;PLANA ;ASFALTADA;NULL;NULL;NULL;NULL;EN PROCESO DE INVESTIGACIÓN;NO CUENTA CON CAUSA ESPECIFICA;Carretera Interoceánica Norte;26/3/2021;-80.0771
A-2021-03-197;30:00.0;DESPISTE;1;0;1;AREQUIPA;CAYLLOMA;MAJES;URBANA;CALLE;URBANO;NO CORRESPONDE;-16.352045;DESPEJADO;RESIDENCIAL;CURVA;PLANA ;ASFALTADA;NULL;NULL;NULL;NULL;IMPRUDENCIA DEL CONDUCTOR;OTRO (IMPRUDENCIA DEL CONDUCTOR);El Pedregal;26/3/2021;-72.191188