CÓDIGO SINIESTRO;HORA SINIESTRO;CLASE SINIESTRO;CANTIDAD DE FALLECIDOS;CANTIDAD DE LESIONADOS;CANTIDAD DE VEHICULOS DAÑADOS;DEPARTAMENTO;PROVINCIA;DISTRITO;ZONA;TIPO DE VÍA;RED VIAL;COD CARRETERA;COORDENADAS LATITUD;CONDICIÓN CLIMÁTICA;ZONIFICACIÓN;CARACTERÍSTICAS DE VÍA;PERFIL LONGITUDINAL VÍA;SUPERFICIE DE CALZADA;¿EXISTE SEÑAL VERTICAL?;CLASIFICACIÓN DE LA SEÑAL VERTICAL Nº 1;CLASIFICACIÓN DE LA SEÑAL VERTICAL Nº 2;¿EXISTE SEÑAL HORIZONTAL?;CAUSA FACTOR PRINCIPAL;CAUSA ESPECÍFICA;UBICACION;FECHA SINIESTRO;COORDENADAS LONGITUD
A-2021-03-382;40:00.0;CHOQUE FUGA;1;0;1;LAMBAYEQUE;LAMBAYEQUE;LAMBAYEQUE;RURAL;CALLE;URBANO;NO CORRESPONDE;-6.704442;DESPEJADO;RESIDENCIAL;INTERSECCIÓN;PLANA ;ASFALTADA;NULL;NULL;NULL;NULL;EN PROCESO DE INVESTIGACIÓN;NO CUENTA CON CAUSA ESPECIFICA;Atahualpa;26/3/2021;-79.903106
A-2021-03-253;00:00.0;VOLCADURA;1;0;1;CAJAMARCA;SAN MIGUEL;NIEPOS;RURAL;CARRETERA;NACIONAL;PE-1NI;-6.906881;DESPEJADO;RURAL;CURVA;INCLINADA;TROCHA;NULL;NULL;NULL;NULL;NEGLIGENCIA DEL CONDUCTOR;OTRO (NEGLIGENCIA DEL CONDUCTOR);PE-1NI;26/3/2021;-79.139214
A-2021-03-198;30:00.0;CHOQUE;1;3;2;AREQUIPA;AREQUIPA;YURA;RURAL;CARRETERA;NACIONAL;PE-34A;-16.178638;DESPEJADO;RURAL;CURVA;INCLINADA;ASFALTADA;NULL;NULL;NULL;NULL;IMPRUDENCIA DEL CONDUCTOR;CONDUCIR EN SENTIDO CONTRARIO;Vía Interoceánica Sur - Tramo 5;26/3/2021;-71.647253
A-2021-03-203;00:00.0;CHOQUE;1;1;NULL;MADRE DE DIOS;TAMBOPATA;LAS PIEDRAS;RURAL;CARRETERA;NACIONAL;PE-30C;-12.072599;NULL;NULL;NULL;NULL;NULL;NULL;NULL;NULL;NULL;EN PROCESO DE INVESTIGACIÓN;NO CUENTA CON CAUSA ESPECIFICA;Transoceánica;26/3/2021;-69.119885
A-2021-03-250;00:00.0;CHOQUE FUGA;1;1;1;LORETO;MAYNAS;SAN JUAN BAUTISTA;URBANA;AVENIDA;URBANO;NO CORRESPONDE;-3.785814;DESPEJADO;COMERCIAL;INTERSECCIÓN;INCLINADA;ASFALTADA;NO;NULL;NULL;NO;EN PROCESO DE INVESTIGACIÓN;NO CUENTA CON CAUSA ESPECIFICA;Avenida de la Participación;26/3/2021;-73.28995
A-2021-03-214;30:00.0;DESPISTE;1;1;1;APURIMAC;ANDAHUAYLAS;TUMAY HUARACA;RURAL;CARRETERA;NACIONAL;PE-30B;-13.947495;DESPEJADO;RURAL;CURVA;INCLINADA;ASFALTADA;SI;REGULADORA (R);PREVENTIVA (P);SI;IMPRUDENCIA DEL CONDUCTOR;EXCESO DE VELOCIDAD;PE-30B;26/3/2021;-73.43825
A-2021-03-269;53:00.0;ATROPELLO FUGA;1;0;0;TACNA;TACNA;CORONEL GREGORIO ALBARRACIN LANCHIPA;URBANA;CALLE;URBANO;NO CORRESPONDE;-18.053095;DESPEJADO;RESIDENCIAL;TRAMO RECTO;PLANA ;ASFALTADA;NULL;NULL;NULL;NULL;INFRAESTRUCTURA Y ENTORNO VIAL;SEÑALIZACIÓN DEFECTUOSA;Calle Luis Valcárcel;26/3/2021;-70.253597
A-2021-03-226;30:00.0;ATROPELLO FUGA;1;0;1;LA LIBERTAD;TRUJILLO;LA ESPERANZA;URBANA;CALLE;URBANO;NO CORRESPONDE;-8.079445;DESPEJADO;COMERCIAL;INTERSECCIÓN;PLANA ;ASFALTADA;NULL;NULL;NULL;NULL;EN PROCESO DE INVESTIGACIÓN;NO CUENTA CON CAUSA ESPECIFICA;Calle Carlos María de Alvear;26/3/2021;-79.035751
A-2021-03-355;00:00.0;CHOQUE;1;0;2;LIMA;LIMA;VILLA MARIA DEL TRIUNFO;URBANA;AVENIDA;URBANO;NO CORRESPONDE;-12.193128;DESPEJADO;RESIDENCIAL;INTERSECCIÓN;INCLINADA;ASFALTADA;NULL;NULL;NULL;NULL;IMPRUDENCIA DEL CONDUCTOR;OTRO (IMPRUDENCIA DEL CONDUCTOR);Avenida 27 de Diciembre;26/3/2021;-76.935911
A-2021-03-227;10:00.0;CHOQUE;1;1;2;ICA;PISCO;INDEPENDENCIA;URBANA;CARRETERA;NACIONAL;PE-28A;-13.693049;DESPEJADO;RESIDENCIAL;INTERSECCIÓN;PLANA ;ASFALTADA;SI;PREVENTIVA (P);NULL;NO;IMPRUDENCIA DEL CONDUCTOR;EXCESO DE VELOCIDAD;Vía de los Libertadores;27/3/2021;-76.021685
A-2021-03-229;30:00.0;DESPISTE;1;1;1;LA LIBERTAD;JULCAN;JULCAN;RURAL;CARRETERA;PROVINCIAL;LI-988;-8.032453;DESPEJADO;RURAL;TRAMO RECTO;PLANA ;ASFALTADA;NULL;NULL;NULL;NULL;EN PROCESO DE INVESTIGACIÓN;NO CUENTA CON CAUSA ESPECIFICA;LI-988;27/3/2021;-78.502576
A-2021-03-254;30:00.0;INCENDIO;1;0;0;LIMA;HUAROCHIRI;SAN MATEO;RURAL;CARRETERA;NACIONAL;PE-22;-11.791667;DESPEJADO;RURAL;TRAMO RECTO;PLANA ;ASFALTADA;NULL;NULL;NULL;NULL;EN PROCESO DE INVESTIGACIÓN;NO CUENTA CON CAUSA ESPECIFICA;Carretera Central;27/3/2021;-76.337556
A-2021-03-302;55:00.0;ATROPELLO;1;0;1;LAMBAYEQUE;LAMBAYEQUE;LAMBAYEQUE;URBANA;AVENIDA;URBANO;NO CORRESPONDE;-6.703947;DESPEJADO;COMERCIAL;TRAMO RECTO;PLANA ;ASFALTADA;NULL;NULL;NULL;NULL;EN PROCESO DE INVESTIGACIÓN;NO CUENTA CON CAUSA ESPECIFICA;Calle Bolivar;27/3/2021;-79.905172
A-2021-03-356;00:00.0;CHOQUE;1;2;2;LIMA;LIMA;VILLA EL SALVADOR;URBANA;CARRETERA;NACIONAL;PE-1S;-12.244082;DESPEJADO;RESIDENCIAL;TRAMO RECTO;PLANA ;ASFALTADA;NULL;NULL;NULL;NULL;EN PROCESO DE INVESTIGACIÓN;NO CUENTA CON CAUSA ESPECIFICA;Carretera Panamericana Sur;27/3/2021;-76.940981
A-2021-03-364;30:00.0;CHOQUE;1;0;1;PIURA;PIURA;TAMBO GRANDE;RURAL;CARRETERA;NACIONAL;PE-1NL;-4.832272;DESPEJADO;RURAL;TRAMO RECTO;PLANA ;ASFALTADA;NULL;NULL;NULL;NULL;EN PROCESO DE INVESTIGACIÓN;NO CUENTA CON CAUSA ESPECIFICA;Carretera Panamericana;27/3/2021;-80.288257
A-2021-03-224;30:00.0;CHOQUE;1;1;2;AREQUIPA;AREQUIPA;AREQUIPA;URBANA;AVENIDA;URBANO;NO CORRESPONDE;-16.419134;DESPEJADO;COMERCIAL;INTERSECCIÓN;PLANA ;ASFALTADA;NO;NULL;NULL;SI;IMPRUDENCIA DEL CONDUCTOR;EXCESO DE VELOCIDAD;Avenida Juan Vidaurrázaga;27/3/2021;-71.538835
A-2021-03-232;30:00.0;ATROPELLO FUGA;1;0;1;LA LIBERTAD;ASCOPE;CHICAMA;RURAL;CARRETERA;NACIONAL;PE-1N;-7.887445;DESPEJADO;RURAL;TRAMO RECTO;PLANA ;ASFALTADA;NULL;NULL;NULL;NULL;EN PROCESO DE INVESTIGACIÓN;NO CUENTA CON CAUSA ESPECIFICA;Carretera Panamericana Norte;27/3/2021;-79.126379
A-2021-03-231;50:00.0;ATROPELLO FUGA;1;0;1;ICA;ICA;ICA;URBANA;AVENIDA;URBANO;NO CORRESPONDE;-14.043546;DESPEJADO;RESIDENCIAL;TRAMO RECTO;INCLINADA;ASFALTADA;NULL;NULL;NULL;NULL;EN PROCESO DE INVESTIGACIÓN;NO CUENTA CON CAUSA ESPECIFICA;Avenida Industrial;27/3/2021;-75.741127
A-2021-03-297;30:00.0;DESPISTE;1;0;1;CALLAO;CALLAO;LA PERLA;URBANA;AVENIDA;URBANO;NO CORRESPONDE;-12.064906;DESPEJADO;COMERCIAL;TRAMO RECTO;PLANA ;CONCRETO;NULL;NULL;NULL;NULL;IMPRUDENCIA DEL CONDUCTOR;CONDUCIR EN ESTADO DE EBRIEDAD Y/O DROGADICCIÓN;Avenida República de Venezuela;27/3/2021;-77.116
A-2021-03-257;40:00.0;DESPISTE;1;1;1;LA LIBERTAD;CHEPEN;PUEBLO NUEVO;RURAL;AVENIDA;URBANO;NO CORRESPONDE;-7.185061;DESPEJADO;RURAL;TRAMO RECTO;PLANA ;ASFALTADA;NULL;NULL;NULL;NULL;EN PROCESO DE INVESTIGACIÓN;NO CUENTA CON CAUSA ESPECIFICA;Jirón Los Laureles;28/3/2021;-79.518767
A-2021-03-280;20:00.0;DESPISTE;1;0;1;PUNO;SANDIA;SAN PEDRO DE PUTINA PUNCO;RURAL;CARRETERA;SIN CLASIFICAR;SIN CLASIFICAR;-14.062847;DESPEJADO;RURAL;CURVA;PLANA ;TROCHA;NULL;NULL;NULL;NULL;IMPRUDENCIA DEL CONDUCTOR;EXCESO DE VELOCIDAD;Arco Punco;28/3/2021;-68.953099
A-2021-03-309;30:00.0;CHOQUE;1;1;2;LAMBAYEQUE;CHICLAYO;TUMAN;URBANA;CARRETERA;NACIONAL;PE-06A;-6.745034;DESPEJADO;RESIDENCIAL;CURVA;PLANA ;ASFALTADA;SI;PREVENTIVA (P);PREVENTIVA (P);NO;EN PROCESO DE INVESTIGACIÓN;NO CUENTA CON CAUSA ESPECIFICA;Avenida Chota;28/3/2021;-79.689578
A-2021-03-234;45:00.0;CHOQUE CON OBJETO FIJO;1;0;1;ICA;ICA;SUBTANJALLA;URBANA;OTRO;URBANO;NO CORRESPONDE;-14.04584;DESPEJADO;RESIDENCIAL;TRAMO RECTO;PLANA ;TROCHA;NULL;NULL;NULL;NULL;EN PROCESO DE INVESTIGACIÓN;NO CUENTA CON CAUSA ESPECIFICA;La Angostura;28/3/2021;-75.747181
A-2021-03-261;00:00.0;ATROPELLO FUGA;1;0;0;PUNO;SAN ROMAN;JULIACA;RURAL;CARRETERA;NACIONAL;PE-34A;-15.520849;NUBLADO;RURAL;TRAMO RECTO;PLANA ;ASFALTADA;SI;REGULADORA (R);INFORMATIVA (I);SI;IMPRUDENCIA DEL CONDUCTOR;OTRO (IMPRUDENCIA DEL CONDUCTOR);Héroes de La Guerra del Pacífico;28/3/2021;-70.178856
A-2021-03-350;00:00.0;CHOQUE FUGA;1;1;1;PIURA;PIURA;CASTILLA;URBANA;CARRETERA;NACIONAL;PE-1NJ;-5.181108;DESPEJADO;RESIDENCIAL;TRAMO RECTO;PLANA ;ASFALTADA;SI;REGULADORA (R);REGULADORA (R);SI;EN PROCESO DE INVESTIGACIÓN;NO CUENTA CON CAUSA ESPECIFICA;Avenida Guardia Civil;28/3/2021;-80.57434
A-2021-03-308;30:00.0;DESPISTE;1;1;1;AREQUIPA;CAMANA;NICOLAS DE PIEROLA;RURAL;CARRETERA;DEPARTAMENTAL;AR-105;-16.373756;DESPEJADO;RURAL;CURVA;INCLINADA;ASFALTADA;NULL;NULL;NULL;NULL;IMPRUDENCIA DEL CONDUCTOR;EXCESO DE VELOCIDAD;AR-105;28/3/2021;-72.479425
A-2021-03-371;30:00.0;CHOQUE;1;2;2;HUANUCO;HUANUCO;PILLCO MARCA;URBANA;CARRETERA;NACIONAL;PE-3N;-9.987041;DESPEJADO;COMERCIAL;TRAMO RECTO;PLANA ;ASFALTADA;NULL;NULL;NULL;NULL;IMPRUDENCIA DEL CONDUCTOR;CONDUCIR EN ESTADO DE EBRIEDAD Y/O DROGADICCIÓN;Carretera Longitudinal de la Sierra Norte;29/3/2021;-76.244492
A-2021-03-295;40:00.0;DESPISTE;1;0;1;LIMA;BARRANCA;PARAMONGA;RURAL;CARRETERA;NACIONAL;PE-1N;-10.64844;DESPEJADO;RURAL;TRAMO RECTO;PLANA ;ASFALTADA;NULL;NULL;NULL;NULL;EN PROCESO DE INVESTIGACIÓN;NO CUENTA CON CAUSA ESPECIFICA;Panamericana Norte;29/3/2021;-77.850448
A-2021-03-357;50:00.0;CHOQUE;1;2;2;LIMA;LIMA;VILLA EL SALVADOR;URBANA;AVENIDA;URBANO;NO CORRESPONDE;-12.224975;DESPEJADO;ESCOLAR;INTERSECCIÓN;INCLINADA;ASFALTADA;NULL;NULL;NULL;NULL;IMPRUDENCIA DEL CONDUCTOR;OTRO (IMPRUDENCIA DEL CONDUCTOR);Avenida Los Alamos;29/3/2021;-76.932972
A-2021-03-358;45:00.0;CHOQUE;1;0;2;LIMA;LIMA;CHORRILLOS;URBANA;AVENIDA;URBANO;NO CORRESPONDE;-12.183982;DESPEJADO;RESIDENCIAL;INTERSECCIÓN;PLANA ;ASFALTADA;NULL;NULL;NULL;NULL;IMPRUDENCIA DEL CONDUCTOR;EXCESO DE VELOCIDAD;Avenida Prolongación Paseo de la República;29/3/2021;-77.008011
A-2021-03-359;00:00.0;ATROPELLO;1;0;1;LIMA;LIMA;SAN JUAN DE LURIGANCHO;URBANA;AVENIDA;URBANO;NO CORRESPONDE;-12.027828;DESPEJADO;RESIDENCIAL;INTERSECCIÓN;PLANA ;ASFALTADA;NULL;NULL;NULL;NULL;IMPRUDENCIA DEL CONDUCTOR;EXCESO DE VELOCIDAD;Avenida Malecon Miguel Checa Eguiguren;29/3/2021;-77.001119
A-2021-03-360;00:00.0;DESPISTE;1;0;1;LIMA;LIMA;COMAS;URBANA;JIRÓN;URBANO;NO CORRESPONDE;-11.910399;DESPEJADO;RESIDENCIAL;INTERSECCIÓN;INCLINADA;TROCHA;NULL;NULL;NULL;NULL;EN PROCESO DE INVESTIGACIÓN;NO CUENTA CON CAUSA ESPECIFICA;Jirón Túpac Amaru;29/3/2021;-77.020927
A-2021-03-287;00:00.0;DESPISTE;1;0;1;LIMA;HUAURA;VEGUETA;URBANA;CARRETERA;NACIONAL;PE-1N;-10.96327;DESPEJADO;RURAL;TRAMO RECTO;PLANA ;ASFALTADA;NULL;NULL;NULL;NULL;EN PROCESO DE INVESTIGACIÓN;NO CUENTA CON CAUSA ESPECIFICA;Carretera Panamericana Norte;30/3/2021;-77.64633
A-2021-03-284;15:00.0;CHOQUE;1;0;2;PUNO;LAMPA;CALAPUJA;RURAL;CARRETERA;NACIONAL;PE-34B;-15.25751;DESPEJADO;RURAL;TRAMO RECTO;PLANA ;ASFALTADA;NULL;NULL;NULL;NULL;IMPRUDENCIA DEL CONDUCTOR;EXCESO DE VELOCIDAD;Carretera Interoceánica Puno - Madre de Dios;30/3/2021;-70.22343
A-2021-03-270;10:00.0;CHOQUE;2;0;3;ICA;NASCA;EL INGENIO;RURAL;CARRETERA;NACIONAL;PE-1S;-14.687108;DESPEJADO;RURAL;TRAMO RECTO;INCLINADA;ASFALTADA;SI;REGULADORA (R);REGULADORA (R);NO;EN PROCESO DE INVESTIGACIÓN;NO CUENTA CON CAUSA ESPECIFICA;Carretera Panamericana Sur;30/3/2021;-75.123428
A-2021-03-288;42:00.0;ATROPELLO;1;0;1;LIMA;HUARAL;CHANCAY;RURAL;CARRETERA;NACIONAL;PE-1N;-11.494019;SOLEADO;RURAL;TRAMO RECTO;PLANA ;ASFALTADA;NULL;NULL;NULL;NULL;IMPRUDENCIA DEL PEATÓN;CRUCE INDEBIDO POR LA CALZADA;Carretera Panamericana Norte;30/3/2021;-77.303737
A-2021-03-283;10:00.0;ATROPELLO;1;1;0;PUNO;MELGAR;AYAVIRI;RURAL;CARRETERA;NACIONAL;PE-3S;-14.918644;DESPEJADO;RURAL;TRAMO RECTO;PLANA ;ASFALTADA;NO;NULL;NULL;SI;IMPRUDENCIA DEL PEATÓN;CRUCE INDEBIDO POR LA CALZADA;Carretera Longitudinal de la Sierra Sur;30/3/2021;-70.56416
A-2021-03-272;10:00.0;CHOQUE;1;0;3;CUSCO;CUSCO;SAYLLA;URBANA;CARRETERA;NACIONAL;PE-3S;-13.565124;DESPEJADO;RESIDENCIAL;TRAMO RECTO;PLANA ;ASFALTADA;SI;PREVENTIVA (P);NULL;NO;IMPRUDENCIA DEL CONDUCTOR;INVASIÓN DE CARRIL;Carretera Longitudinal de la Sierra Sur;30/3/2021;-71.837256
A-2021-03-281;15:00.0;CHOQUE;1;0;2;PUNO;SAN ROMAN;JULIACA;URBANA;JIRÓN;URBANO;NO CORRESPONDE;-15.488025;NUBLADO;COMERCIAL;TRAMO RECTO;PLANA ;ASFALTADA;NULL;NULL;NULL;NULL;IMPRUDENCIA DEL CONDUCTOR;OTRO (IMPRUDENCIA DEL CONDUCTOR);Jirón Mariano Melgar;30/3/2021;-70.132084
A-2021-03-325;30:00.0;CHOQUE;2;0;2;LAMBAYEQUE;FERREÑAFE;PUEBLO NUEVO;RURAL;CARRETERA;DEPARTAMENTAL;LA-111;-6.637428;DESPEJADO;RURAL;TRAMO RECTO;PLANA ;ASFALTADA;NULL;NULL;NULL;NULL;EN PROCESO DE INVESTIGACIÓN;NO CUENTA CON CAUSA ESPECIFICA;Pueblo Nuevo;31/3/2021;-79.807987
A-2021-03-378;50:00.0;ATROPELLO;1;0;1;SAN MARTIN;SAN MARTIN;TARAPOTO;URBANA;JIRÓN;URBANO;NO CORRESPONDE;-6.49013;DESPEJADO;COMERCIAL;INTERSECCIÓN;PLANA ;ASFALTADA;SI;PREVENTIVA (P);NULL;SI;IMPRUDENCIA DEL CONDUCTOR;EXCESO DE VELOCIDAD;Ricardo Jimenez Pimentel;31/3/2021;-76.36175
A-2021-03-292;00:00.0;CHOQUE;1;3;3;AYACUCHO;HUAMANGA;AYACUCHO;RURAL;CARRETERA;NACIONAL;PE-3S;-13.046056;LLUVIOSO;RURAL;CURVA;PLANA ;ASFALTADA;NULL;NULL;NULL;NULL;IMPRUDENCIA DEL CONDUCTOR;EXCESO DE VELOCIDAD;Carretera Longitudinal de la Sierra Sur;31/3/2021;-74.224796
A-2021-03-298;00:00.0;ESPECIAL;1;0;0;LIMA;HUAROCHIRI;SAN ANTONIO;URBANA;CARRETERA;DEPARTAMENTAL;LM-114;-11.92051;DESPEJADO;INDUSTRIAL;TRAMO RECTO;PLANA ;ASFALTADA;NULL;NULL;NULL;NULL;EN PROCESO DE INVESTIGACIÓN;NO CUENTA CON CAUSA ESPECIFICA;San Antonio;31/3/2021;-76.874449
A-2021-03-312;05:00.0;ATROPELLO;1;0;1;LAMBAYEQUE;CHICLAYO;CHONGOYAPE;RURAL;CARRETERA;NACIONAL;PE-06A;-6.632124;DESPEJADO;RURAL;TRAMO RECTO;PLANA ;ASFALTADA;NULL;NULL;NULL;NULL;EN PROCESO DE INVESTIGACIÓN;NO CUENTA CON CAUSA ESPECIFICA;PE-06A;31/3/2021;-79.398091
A-2021-03-361;45:00.0;ATROPELLO;1;0;0;LIMA;LIMA;SAN ISIDRO;URBANA;AVENIDA;URBANO;NO CORRESPONDE;-12.096617;SOLEADO;RESIDENCIAL;TRAMO RECTO;PLANA ;ASFALTADA;NULL;NULL;NULL;NULL;IMPRUDENCIA DEL CONDUCTOR;OTRO (IMPRUDENCIA DEL CONDUCTOR);Avenida General Felipe Santiago Salaverry;31/3/2021;-77.055005
A-2021-03-321;50:00.0;DESPISTE;1;3;1;JUNIN;CONCEPCION;MITO;RURAL;CARRETERA;NACIONAL;PE-3SB;-11.948392;LLUVIOSO;RURAL;TRAMO RECTO;PLANA ;ASFALTADA;NULL;NULL;NULL;NULL;EN PROCESO DE INVESTIGACIÓN;NO CUENTA CON CAUSA ESPECIFICA;Carretera Central Margen Derecha;31/3/2021;-75.325018
A-2021-03-277;00:00.0;ATROPELLO;1;1;1;ANCASH;CARHUAZ;TINCO;RURAL;CARRETERA;NACIONAL;PE-3N;-9.269004;LLUVIOSO;RURAL;TRAMO RECTO;PLANA ;ASFALTADA;SI;PREVENTIVA (P);INFORMATIVA (I);SI;IMPRUDENCIA DEL CONDUCTOR;NO DAR PASO PREFERENTE AL PEATÓN;Carretera Longitudinal de la Sierra Norte;31/3/2021;-77.675998
A-2021-03-313;00:00.0;CHOQUE;1;0;2;LA LIBERTAD;ASCOPE;PAIJAN;RURAL;CARRETERA;NACIONAL;PE-1N;-7.715331;DESPEJADO;RURAL;TRAMO RECTO;PLANA ;ASFALTADA;NULL;NULL;NULL;NULL;IMPRUDENCIA DEL CONDUCTOR;CONDUCIR EN ESTADO DE EBRIEDAD Y/O DROGADICCIÓN;Carretera Panamericana Norte;31/3/2021;-79.310961
A-2021-03-299;40:00.0;ATROPELLO;1;0;NULL;LIMA;LIMA;LURIN;URBANA;AVENIDA;URBANO;NO CORRESPONDE;-12.261777;DESPEJADO;RESIDENCIAL;TRAMO RECTO;PLANA ;ASFALTADA;NULL;NULL;NULL;NULL;IMPRUDENCIA DEL PEATÓN;ESTADO DE EBRIEDAD Y/O DROGADICCIÓN;Antigua Panamericana Sur;31/3/2021;-76.883128
A-2021-04-9;05:00.0;ATROPELLO FUGA;1;0;2;LA LIBERTAD;ASCOPE;CHICAMA;RURAL;CARRETERA;NACIONAL;PE-1N;-7.839252;DESPEJADO;RURAL;TRAMO RECTO;PLANA ;ASFALTADA;NULL;NULL;NULL;NULL;EN PROCESO DE INVESTIGACIÓN;NO CUENTA CON CAUSA ESPECIFICA;Carretera Panamericana Norte;1/4/2021;-79.152646
A-2021-04-319;00:00.0;CHOQUE;2;0;NULL;ANCASH;SANTA;NUEVO CHIMBOTE;URBANA;CARRETERA;NACIONAL;PE-1N;-9.159992;DESPEJADO;RESIDENCIAL;TRAMO RECTO;PLANA ;ASFALTADA;NULL;NULL;NULL;NULL;EN PROCESO DE INVESTIGACIÓN;NO CUENTA CON CAUSA ESPECIFICA;Panamericana Norte;1/4/2021;-78.496984
A-2021-04-3;00:00.0;CHOQUE;1;2;2;LORETO;MAYNAS;PUNCHANA;URBANA;CALLE;URBANO;NO CORRESPONDE;-3.727735;DESPEJADO;COMERCIAL;TRAMO RECTO;PLANA ;ASFALTADA;NULL;NULL;NULL;NULL;IMPRUDENCIA DEL CONDUCTOR;EXCESO DE VELOCIDAD;Avenida 28 de Julio;1/4/2021;-73.247409
A-2021-04-38;00:00.0;DESPISTE;1;0;1;JUNIN;TARMA;TAPO;RURAL;CARRETERA;PROVINCIAL;JU-614;-11.441708;DESPEJADO;RURAL;TRAMO RECTO;INCLINADA;ASFALTADA;NULL;NULL;NULL;NULL;EN PROCESO DE INVESTIGACIÓN;NO CUENTA CON CAUSA ESPECIFICA;Pacchac;1/4/2021;-75.531825
A-2021-04-61;20:00.0;ESPECIAL;1;0;1;AYACUCHO;HUAMANGA;AYACUCHO;URBANA;CARRETERA;NACIONAL;PE-28A;-13.16257;DESPEJADO;ESCOLAR;CURVA;PLANA ;ASFALTADA;NULL;NULL;NULL;NULL;NEGLIGENCIA DEL CONDUCTOR;OTRO (NEGLIGENCIA DEL CONDUCTOR);Vía de los Libertadores;1/4/2021;-74.239664
A-2021-04-182;20:00.0;ATROPELLO;1;0;1;PUNO;EL COLLAO;PILCUYO;RURAL;CARRETERA;DEPARTAMENTAL;PU-127;-16.094171;DESPEJADO;RURAL;TRAMO RECTO;PLANA ;ASFALTADA;NULL;NULL;NULL;NULL;IMPRUDENCIA DEL PEATÓN;CRUCE INDEBIDO POR LA CALZADA;PU-127;1/4/2021;-69.544627
A-2021-04-6;40:00.0;DESPISTE;2;5;1;CALLAO;CALLAO;VENTANILLA;URBANA;AVENIDA;URBANO;NO CORRESPONDE;-11.918689;DESPEJADO;INDUSTRIAL;TRAMO RECTO;PLANA ;CONCRETO;NULL;NULL;NULL;NULL;IMPRUDENCIA DEL CONDUCTOR;CONDUCIR EN ESTADO DE EBRIEDAD Y/O DROGADICCIÓN;Avenida Coronel Nestor Gambetta;1/4/2021;-77.128711
A-2021-04-14;00:00.0;DESPISTE;1;3;1;CAJAMARCA;HUALGAYOC;BAMBAMARCA;RURAL;CARRETERA;PROVINCIAL;CA-970;-6.699089;LLUVIOSO;RURAL;TRAMO RECTO;INCLINADA;AFIRMADO;NULL;NULL;NULL;NULL;EN PROCESO DE INVESTIGACIÓN;NO CUENTA CON CAUSA ESPECIFICA;CA-109;1/4/2021;-78.432644
A-2021-04-137;00:00.0;ATROPELLO;1;1;1;LAMBAYEQUE;CHICLAYO;JOSE LEONARDO ORTIZ;URBANA;AVENIDA;URBANO;NO CORRESPONDE;-6.750371;SOLEADO;RESIDENCIAL;INTERSECCIÓN;PLANA ;CONCRETO;NULL;NULL;NULL;NULL;IMPRUDENCIA DEL CONDUCTOR;NO DAR PASO PREFERENTE AL PEATÓN;Avenida Chiclayo;2/4/2021;-79.829915
A-2021-04-47;03:00.0;ATROPELLO;1;0;1;TACNA;TACNA;TACNA;URBANA;CARRETERA;NACIONAL;PE-1S;-18.029503;SOLEADO;RESIDENCIAL;TRAMO RECTO;INCLINADA;ASFALTADA;SI;PREVENTIVA (P);PREVENTIVA (P);SI;IMPRUDENCIA DEL PEATÓN;ESTADO DE EBRIEDAD Y/O DROGADICCIÓN;Avenida Manuel A. Odría;2/4/2021;-70.264294
A-2021-04-25;00:00.0;DESPISTE;1;0;1;AREQUIPA;AREQUIPA;PAUCARPATA;URBANA;CALLE;URBANO;NO CORRESPONDE;-16.419574;DESPEJADO;RESIDENCIAL;INTERSECCIÓN;INCLINADA;ASFALTADA;NO;NULL;NULL;SI;IMPRUDENCIA DEL CONDUCTOR;OTRO (IMPRUDENCIA DEL CONDUCTOR);Alfonso Prado;3/4/2021;-71.503128
A-2021-04-314;47:00.0;ATROPELLO;1;0;1;HUANUCO;HUANUCO;AMARILIS;URBANA;AVENIDA;URBANO;NO CORRESPONDE;-9.938782;DESPEJADO;COMERCIAL;TRAMO RECTO;PLANA ;ASFALTADA;NULL;NULL;NULL;NULL;IMPRUDENCIA DEL CONDUCTOR;CONDUCIR EN ESTADO DE EBRIEDAD Y/O DROGADICCIÓN;Vía de Evitamiento Heroes del Cenepa;3/4/2021;-76.244047
A-2021-04-219;30:00.0;ATROPELLO;1;0;NULL;LIMA;LIMA;SAN MARTIN DE PORRES;RURAL;AVENIDA;URBANO;NO CORRESPONDE;-12.015548;DESPEJADO;INDUSTRIAL;TRAMO RECTO;PLANA ;ASFALTADA;NULL;NULL;NULL;NULL;IMPRUDENCIA DEL PEATÓN;OTRO (IMPRUDENCIA DEL PEATÓN);Avenida Juan Vicente Nicolini;3/4/2021;-77.052266
A-2021-04-180;40:00.0;DESPISTE;1;0;1;CUSCO;ACOMAYO;SANGARARA;RURAL;CARRETERA;SIN CLASIFICAR;SIN CLASIFICAR;-13.93799;DESPEJADO;RURAL;CURVA;INCLINADA;TROCHA;NULL;NULL;NULL;NULL;NEGLIGENCIA DEL CONDUCTOR;OTRO (NEGLIGENCIA DEL CONDUCTOR);Sangarará;3/4/2021;-71.619028
A-2021-04-19;40:00.0;ATROPELLO;1;0;NULL;ANCASH;YUNGAY;YUNGAY;RURAL;CARRETERA;NACIONAL;PE-3N;-9.121546;NUBLADO;RURAL;TRAMO RECTO;PLANA ;ASFALTADA;SI;PREVENTIVA (P);INFORMATIVA (I);NO;IMPRUDENCIA DEL CONDUCTOR;EXCESO DE VELOCIDAD;Carretera Longitudinal de la Sierra Norte;3/4/2021;-77.762749