CÓDIGO SINIESTRO;HORA SINIESTRO;CLASE SINIESTRO;CANTIDAD DE FALLECIDOS;CANTIDAD DE LESIONADOS;CANTIDAD DE VEHICULOS DAÑADOS;DEPARTAMENTO;PROVINCIA;DISTRITO;ZONA;TIPO DE VÍA;RED VIAL;COD CARRETERA;COORDENADAS LATITUD;CONDICIÓN CLIMÁTICA;ZONIFICACIÓN;CARACTERÍSTICAS DE VÍA;PERFIL LONGITUDINAL VÍA;SUPERFICIE DE CALZADA;¿EXISTE SEÑAL VERTICAL?;CLASIFICACIÓN DE LA SEÑAL VERTICAL Nº 1;CLASIFICACIÓN DE LA SEÑAL VERTICAL Nº 2;¿EXISTE SEÑAL HORIZONTAL?;CAUSA FACTOR PRINCIPAL;CAUSA ESPECÍFICA;UBICACION;FECHA SINIESTRO;COORDENADAS LONGITUD
A-2021-04-17;50:00.0;DESPISTE;1;7;1;ICA;ICA;SALAS;URBANA;CARRETERA;NACIONAL;PE-1S;-13.93082;DESPEJADO;RESIDENCIAL;TRAMO RECTO;PLANA ;ASFALTADA;NULL;NULL;NULL;NULL;IMPRUDENCIA DEL CONDUCTOR;CONDUCIR EN ESTADO DE EBRIEDAD Y/O DROGADICCIÓN;Carretera Panamericana Sur;4/4/2021;-75.925659
A-2021-04-311;30:00.0;ATROPELLO;1;0;NULL;PIURA;SULLANA;SULLANA;URBANA;CALLE;URBANO;NO CORRESPONDE;-4.909915;DESPEJADO;RURAL;TRAMO RECTO;PLANA ;AFIRMADO;NULL;NULL;NULL;NULL;IMPRUDENCIA DEL CONDUCTOR;OTRO (IMPRUDENCIA DEL CONDUCTOR);Calle Emilio Espinoza;4/4/2021;-80.68494
A-2021-04-168;45:00.0;CHOQUE;1;0;2;JUNIN;HUANCAYO;HUANCAYO;URBANA;JIRÓN;URBANO;NO CORRESPONDE;-12.073805;DESPEJADO;COMERCIAL;INTERSECCIÓN;PLANA ;ASFALTADA;NULL;NULL;NULL;NULL;EN PROCESO DE INVESTIGACIÓN;NO CUENTA CON CAUSA ESPECIFICA;Jirón La Libertad;4/4/2021;-75.210433
A-2021-04-23;20:00.0;CHOQUE;1;1;2;LA LIBERTAD;CHEPEN;PACANGA;RURAL;CARRETERA;NACIONAL;PE-1N;-7.156068;DESPEJADO;RURAL;TRAMO RECTO;PLANA ;ASFALTADA;NULL;NULL;NULL;NULL;IMPRUDENCIA DEL CONDUCTOR;ADELANTAR INDEBIDAMENTE;Carretera Panamericana Norte;4/4/2021;-79.444243
A-2021-04-203;30:00.0;DESPISTE;1;0;1;PIURA;AYABACA;PACAIPAMPA;RURAL;CARRETERA;NACIONAL;PE-1NR;-5.008129;DESPEJADO;RURAL;CURVA;INCLINADA;TROCHA;NULL;NULL;NULL;NULL;EN PROCESO DE INVESTIGACIÓN;NO CUENTA CON CAUSA ESPECIFICA;PE-1NR;4/4/2021;-79.713425
A-2021-04-20;00:00.0;CHOQUE;1;0;2;ANCASH;HUARAZ;TARICA;RURAL;CARRETERA;NACIONAL;PE-3N;-9.441034;NUBLADO;RURAL;CURVA;INCLINADA;ASFALTADA;NO;NULL;NULL;SI;IMPRUDENCIA DEL CONDUCTOR;INVASIÓN DE CARRIL;Carretera Longitudinal de la Sierra Norte;4/4/2021;-77.549612
A-2021-04-161;00:00.0;DESPISTE;1;0;1;APURIMAC;ANDAHUAYLAS;TALAVERA;RURAL;CARRETERA;SIN CLASIFICAR;SIN CLASIFICAR;-13.563472;LLUVIOSO;RURAL;CURVA;INCLINADA;TROCHA;NULL;NULL;NULL;NULL;INFRAESTRUCTURA Y ENTORNO VIAL;SUPERFICIE DETERIORADA;Poccontoy;4/4/2021;-73.454021
A-2021-04-26;30:00.0;ATROPELLO;1;0;1;LIMA;HUAURA;VEGUETA;URBANA;CARRETERA;NACIONAL;PE-1N;-10.928014;DESPEJADO;ESCOLAR;TRAMO RECTO;PLANA ;ASFALTADA;SI;PREVENTIVA (P);REGULADORA (R);NO;IMPRUDENCIA DEL PEATÓN;ESTADO DE EBRIEDAD Y/O DROGADICCIÓN;Carretera Panamericana Norte;4/4/2021;-77.651437
A-2021-04-24;00:00.0;CHOQUE FUGA;1;0;1;CUSCO;CANCHIS;SAN PEDRO;URBANA;CARRETERA;NACIONAL;PE-3S;-14.184078;DESPEJADO;RURAL;TRAMO RECTO;PLANA ;ASFALTADA;NULL;NULL;NULL;NULL;EN PROCESO DE INVESTIGACIÓN;NO CUENTA CON CAUSA ESPECIFICA;Qquea;4/4/2021;-71.351995
A-2021-04-199;30:00.0;CHOQUE;1;6;2;HUANCAVELICA;HUAYTARA;PILPICHACA;RURAL;CARRETERA;NACIONAL;PE-28A;-13.44379;DESPEJADO;RURAL;TRAMO RECTO;PLANA ;ASFALTADA;NULL;NULL;NULL;NULL;IMPRUDENCIA DEL CONDUCTOR;EXCESO DE VELOCIDAD;Vía de los Libertadores;5/4/2021;-74.964815
A-2021-04-143;55:00.0;ATROPELLO;1;0;0;CUSCO;CUSCO;SAN SEBASTIAN;URBANA;AVENIDA;URBANO;NO CORRESPONDE;-13.53252;DESPEJADO;RESIDENCIAL;TRAMO RECTO;PLANA ;ASFALTADA;NULL;NULL;NULL;NULL;IMPRUDENCIA DEL PEATÓN;CRUCE INDEBIDO POR LA CALZADA;San Sebastián;5/4/2021;-71.929495
A-2021-04-100;00:00.0;DESPISTE;5;2;1;ANCASH;BOLOGNESI;ANTONIO RAYMONDI;RURAL;CARRETERA;PROVINCIAL;AN-1240;-10.1796;SOLEADO;RURAL;CURVA;PLANA ;AFIRMADO;NULL;NULL;NULL;NULL;IMPRUDENCIA DEL CONDUCTOR;EXCESO DE VELOCIDAD;Mallao;5/4/2021;-77.472413
A-2021-04-28;15:00.0;CHOQUE;1;1;2;CAJAMARCA;CAJAMARCA;CAJAMARCA;URBANA;JIRÓN;URBANO;NO CORRESPONDE;-7.155095;DESPEJADO;ESCOLAR;TRAMO RECTO;PLANA ;CONCRETO;SI;PREVENTIVA (P);PREVENTIVA (P);SI;IMPRUDENCIA DEL CONDUCTOR;EXCESO DE VELOCIDAD;Avenida Miguel Grau;5/4/2021;-78.512235
A-2021-04-116;30:00.0;DESPISTE;6;8;1;PUNO;SANDIA;LIMBANI;RURAL;CARRETERA;DEPARTAMENTAL;PU-106;-14.133438;NUBLADO;RURAL;CURVA;INCLINADA;TROCHA;NULL;NULL;NULL;NULL;IMPRUDENCIA DEL CONDUCTOR;EXCESO DE VELOCIDAD;PU-106;5/4/2021;-69.683171
A-2021-04-60;00:00.0;CHOQUE;1;0;2;AYACUCHO;HUAMANGA;CARMEN ALTO;RURAL;CARRETERA;NACIONAL;PE-3S;-13.216204;DESPEJADO;RURAL;CURVA;PLANA ;ASFALTADA;SI;PREVENTIVA (P);PREVENTIVA (P);NO;IMPRUDENCIA DEL CONDUCTOR;CONDUCIR EN ESTADO DE EBRIEDAD Y/O DROGADICCIÓN;Carretera Longitudinal de la Sierra Sur;5/4/2021;-74.226981
A-2021-04-41;36:00.0;CHOQUE FUGA;1;0;1;JUNIN;SATIPO;MAZAMARI;RURAL;CARRETERA;NACIONAL;PE-5S;-11.302237;DESPEJADO;RURAL;CURVA;PLANA ;ASFALTADA;NULL;NULL;NULL;NULL;EN PROCESO DE INVESTIGACIÓN;NO CUENTA CON CAUSA ESPECIFICA;Carretera Longitudinal de la Selva Sur;5/4/2021;-74.546614
A-2021-04-89;30:00.0;DESPISTE;1;0;1;APURIMAC;COTABAMBAS;MARA;RURAL;CARRETERA;NACIONAL;PE-3SY;-14.065017;DESPEJADO;RURAL;SINUOSA;PLANA ;ASFALTADA;SI;PREVENTIVA (P);PREVENTIVA (P);NO;IMPRUDENCIA DEL CONDUCTOR;OTRO (IMPRUDENCIA DEL CONDUCTOR);PE-3SY;5/4/2021;-72.066636
A-2021-04-27;30:00.0;DESPISTE;1;1;1;CAJAMARCA;SAN PABLO;SAN BERNARDINO;RURAL;CARRETERA;NACIONAL;PE-08A;-7.165161;LLUVIOSO;RURAL;CURVA;INCLINADA;ASFALTADA;SI;PREVENTIVA (P);NULL;SI;IMPRUDENCIA DEL CONDUCTOR;FATIGA Y/O CANSANCIO;San Pablo - Chilete;6/4/2021;-78.838302
A-2021-04-315;00:00.0;CHOQUE;1;1;1;HUANUCO;HUANUCO;CHINCHAO;RURAL;CARRETERA;NACIONAL;PE-18A;-9.529889;LLUVIOSO;RURAL;SINUOSA;INCLINADA;ASFALTADA;NULL;NULL;NULL;NULL;IMPRUDENCIA DEL CONDUCTOR;ADELANTAR INDEBIDAMENTE;Carretera Central;6/4/2021;-75.965192
A-2021-04-220;20:00.0;CHOQUE;1;4;0;LIMA;LIMA;EL AGUSTINO;URBANA;AVENIDA;URBANO;NO CORRESPONDE;-12.054878;DESPEJADO;INDUSTRIAL;TRAMO RECTO;PLANA ;ASFALTADA;NULL;NULL;NULL;NULL;EN PROCESO DE INVESTIGACIÓN;NO CUENTA CON CAUSA ESPECIFICA;Avenida José de la Riva Aguero;6/4/2021;-77.004339
A-2021-04-90;15:00.0;ATROPELLO;1;0;1;PUNO;SAN ROMAN;CABANA;RURAL;CARRETERA;DEPARTAMENTAL;PU-121;-15.637476;DESPEJADO;RURAL;CURVA;PLANA ;ASFALTADA;NULL;NULL;NULL;NULL;NEGLIGENCIA DEL CONDUCTOR;OTRO (NEGLIGENCIA DEL CONDUCTOR);PU-121;6/4/2021;-70.329576
A-2021-04-32;30:00.0;DESPISTE;1;1;1;CAJAMARCA;CUTERVO;CHOROS;RURAL;CARRETERA;NACIONAL;PE-3ND;-6.02857;DESPEJADO;RURAL;CURVA;INCLINADA;ASFALTADA;NULL;NULL;NULL;NULL;EN PROCESO DE INVESTIGACIÓN;NO CUENTA CON CAUSA ESPECIFICA;PE-3ND;6/4/2021;-78.791621
A-2021-04-45;20:00.0;DESPISTE;1;1;1;CUSCO;ANTA;ANTA;RURAL;CARRETERA;NACIONAL;PE-3S;-13.474206;DESPEJADO;RURAL;TRAMO RECTO;INCLINADA;ASFALTADA;SI;REGULADORA (R);NULL;NO;IMPRUDENCIA DEL CONDUCTOR;EXCESO DE VELOCIDAD;Carretera Longitudinal de la Sierra Sur;6/4/2021;-72.15724
A-2021-04-320;30:00.0;CHOQUE;1;0;NULL;ANCASH;CASMA;COMANDANTE NOEL;URBANA;CARRETERA;NACIONAL;PE-1N;-9.426304;DESPEJADO;RESIDENCIAL;TRAMO RECTO;PLANA ;ASFALTADA;NULL;NULL;NULL;NULL;EN PROCESO DE INVESTIGACIÓN;NO CUENTA CON CAUSA ESPECIFICA;Panamericana Norte;7/4/2021;-78.363221
A-2021-04-30;30:00.0;ESPECIAL;1;0;1;AREQUIPA;ISLAY;COCACHACRA;RURAL;CARRETERA;NACIONAL;PE-1S;-17.032813;DESPEJADO;RURAL;OTRO;PLANA ;ASFALTADA;SI;PREVENTIVA (P);REGULADORA (R);SI;IMPRUDENCIA DEL CONDUCTOR;OTRO (IMPRUDENCIA DEL CONDUCTOR);Carretera Panamericana Sur;7/4/2021;-71.698022
A-2021-04-221;00:00.0;ATROPELLO;1;0;NULL;LIMA;LIMA;RIMAC;URBANA;AVENIDA;URBANO;NO CORRESPONDE;-12.041403;DESPEJADO;RESIDENCIAL;TRAMO RECTO;PLANA ;ASFALTADA;NULL;NULL;NULL;NULL;IMPRUDENCIA DEL PEATÓN;OTRO (IMPRUDENCIA DEL PEATÓN);Jirón Huánuco;7/4/2021;-77.020181
A-2021-04-222;00:00.0;ATROPELLO FUGA;1;0;0;LIMA;LIMA;LIMA;URBANA;AVENIDA;URBANO;NO CORRESPONDE;-12.055162;DESPEJADO;INDUSTRIAL;TRAMO RECTO;PLANA ;ASFALTADA;NULL;NULL;NULL;NULL;EN PROCESO DE INVESTIGACIÓN;NO CUENTA CON CAUSA ESPECIFICA;Avenida Almirante Miguel Grau;7/4/2021;-77.013695
A-2021-04-232;00:00.0;ATROPELLO;1;0;NULL;LIMA;LIMA;EL AGUSTINO;URBANA;JIRÓN;URBANO;NO CORRESPONDE;-12.053118;DESPEJADO;COMERCIAL;TRAMO RECTO;PLANA ;ASFALTADA;NULL;NULL;NULL;NULL;NEGLIGENCIA DEL CONDUCTOR;OTRO (NEGLIGENCIA DEL CONDUCTOR);Jirón Guadalupe;7/4/2021;-77.006283
A-2021-04-231;20:00.0;ATROPELLO;1;0;NULL;LIMA;LIMA;PUENTE PIEDRA;URBANA;CARRETERA;NACIONAL;PE-1N;-11.83371;DESPEJADO;RURAL;TRAMO RECTO;PLANA ;ASFALTADA;NULL;NULL;NULL;NULL;IMPRUDENCIA DEL CONDUCTOR;OTRO (IMPRUDENCIA DEL CONDUCTOR);Carretera Panamericana Norte;7/4/2021;-77.113468
A-2021-04-124;00:00.0;DESPISTE;1;1;0;CUSCO;CHUMBIVILCAS;LIVITACA;RURAL;CARRETERA;DEPARTAMENTAL;CU-126;-14.317023;DESPEJADO;RURAL;TRAMO RECTO;PLANA ;ASFALTADA;NULL;NULL;NULL;NULL;IMPRUDENCIA DEL CONDUCTOR;EXCESO DE VELOCIDAD;CU-126;8/4/2021;-71.736049
A-2021-04-71;45:00.0;DESPISTE;1;1;1;LORETO;MAYNAS;SAN JUAN BAUTISTA;RURAL;CARRETERA;DEPARTAMENTAL;LO-103;-4.091062;SOLEADO;RURAL;PUENTE;PLANA ;ASFALTADA;NULL;NULL;NULL;NULL;EN PROCESO DE INVESTIGACIÓN;NO CUENTA CON CAUSA ESPECIFICA;Carretera Iquitos - Nauta;8/4/2021;-73.451735
A-2021-04-299;00:00.0;DESPISTE;11;19;1;AYACUCHO;PARINACOCHAS;CORACORA;RURAL;CARRETERA;NACIONAL;PE-30A;-14.63993;DESPEJADO;RURAL;CURVA;INCLINADA;ASFALTADA;SI;PREVENTIVA (P);PREVENTIVA (P);NO;IMPRUDENCIA DEL CONDUCTOR;FATIGA Y/O CANSANCIO;Carretera Nasca - Abancay;8/4/2021;-73.715112
A-2021-04-247;00:00.0;DESPISTE;1;1;1;LIMA;BARRANCA;PARAMONGA;RURAL;CARRETERA;NACIONAL;PE-16;-10.561503;SOLEADO;RURAL;TRAMO RECTO;PLANA ;TROCHA;NULL;NULL;NULL;NULL;IMPRUDENCIA DEL CONDUCTOR;EXCESO DE VELOCIDAD;Carretera a Huaraz;8/4/2021;-77.759408
A-2021-04-29;00:00.0;DESPISTE;1;0;1;AREQUIPA;AREQUIPA;UCHUMAYO;RURAL;CARRETERA;DEPARTAMENTAL;AR-115;-16.485473;DESPEJADO;RURAL;TRAMO RECTO;INCLINADA;ASFALTADA;NO;NULL;NULL;SI;IMPRUDENCIA DEL CONDUCTOR;CONDUCIR EN ESTADO DE EBRIEDAD Y/O DROGADICCIÓN;Carretera Cerro Verde;8/4/2021;-71.622275
A-2021-04-40;33:00.0;DESPISTE;1;0;1;JUNIN;TARMA;SAN PEDRO DE CAJAS;RURAL;CARRETERA;DEPARTAMENTAL;JU-105;-11.256094;NUBLADO;RURAL;CURVA;INCLINADA;AFIRMADO;NULL;NULL;NULL;NULL;EN PROCESO DE INVESTIGACIÓN;NO CUENTA CON CAUSA ESPECIFICA;JU-105;8/4/2021;-75.905721
A-2021-04-55;50:00.0;ATROPELLO;1;1;1;SAN MARTIN;RIOJA;NUEVA CAJAMARCA;URBANA;CARRETERA;NACIONAL;PE-5N;-5.821697;DESPEJADO;RURAL;TRAMO RECTO;PLANA ;ASFALTADA;NULL;NULL;NULL;NULL;IMPRUDENCIA DEL PEATÓN;OTRO (IMPRUDENCIA DEL PEATÓN);El Valle;8/4/2021;-77.378454
A-2021-04-31;50:00.0;CHOQUE;2;0;2;PUNO;CHUCUITO;JULI;RURAL;CARRETERA;NACIONAL;PE-3S;-16.162673;DESPEJADO;RURAL;TRAMO RECTO;PLANA ;ASFALTADA;NULL;NULL;NULL;NULL;IMPRUDENCIA DEL CONDUCTOR;NO ESTABLECER EL DERECHO DE PASO;Carretera Longitudinal de la Sierra Sur;8/4/2021;-69.543022
A-2021-04-87;45:00.0;CHOQUE;1;2;2;CUSCO;QUISPICANCHI;OCONGATE;RURAL;CARRETERA;NACIONAL;PE-30C;-13.611435;NUBLADO;RURAL;CURVA;INCLINADA;ASFALTADA;NULL;NULL;NULL;NULL;IMPRUDENCIA DEL CONDUCTOR;EXCESO DE VELOCIDAD;Interoceánica Sur;8/4/2021;-71.24513
A-2021-04-234;10:00.0;DESPISTE;1;0;0;LIMA;LIMA;SAN MARTIN DE PORRES;URBANA;CARRETERA;NACIONAL;PE-1N;-12.020839;DESPEJADO;COMERCIAL;TRAMO RECTO;PLANA ;ASFALTADA;NULL;NULL;NULL;NULL;EN PROCESO DE INVESTIGACIÓN;NO CUENTA CON CAUSA ESPECIFICA;Jirón Alfredo Mendiola;9/4/2021;-77.059122
A-2021-04-63;00:00.0;VOLCADURA;1;0;1;PUNO;PUNO;PAUCARCOLLA;RURAL;CARRETERA;SIN CLASIFICAR;SIN CLASIFICAR;-15.786983;DESPEJADO;RURAL;CURVA;INCLINADA;TROCHA;NULL;NULL;NULL;NULL;NEGLIGENCIA DEL CONDUCTOR;CONDUCIR CON FALLAS DE FRENOS;Patallani;9/4/2021;-70.081202
A-2021-04-42;30:00.0;CHOQUE;1;3;2;AREQUIPA;AREQUIPA;SAN JUAN DE TARUCANI;RURAL;CARRETERA;NACIONAL;PE-34A;-16.019093;LLUVIOSO;RURAL;CURVA;PLANA ;ASFALTADA;NULL;NULL;NULL;NULL;IMPRUDENCIA DEL CONDUCTOR;OTRO (IMPRUDENCIA DEL CONDUCTOR);Vía Interoceánica Sur - Tramo 5;9/4/2021;-71.28381
A-2021-04-88;00:00.0;CHOQUE;1;2;2;CAJAMARCA;CONTUMAZA;CONTUMAZA;URBANA;CARRETERA;NACIONAL;PE-08;-7.235802;DESPEJADO;COMERCIAL;CURVA;INCLINADA;ASFALTADA;SI;PREVENTIVA (P);PREVENTIVA (P);SI;IMPRUDENCIA DEL CONDUCTOR;CONDUCIR EN ESTADO DE EBRIEDAD Y/O DROGADICCIÓN;Carretera Ciudad de Dios - Cajamarca;9/4/2021;-78.707584
A-2021-04-316;20:00.0;DESPISTE;1;1;1;HUANUCO;HUANUCO;CHINCHAO;RURAL;CARRETERA;NACIONAL;PE-18A;-9.525074;DESPEJADO;RURAL;TRAMO RECTO;PLANA ;ASFALTADA;NULL;NULL;NULL;NULL;IMPRUDENCIA DEL CONDUCTOR;OTRO (IMPRUDENCIA DEL CONDUCTOR);Carretera Central;9/4/2021;-75.954437
A-2021-04-233;20:00.0;ATROPELLO FUGA;1;0;NULL;LIMA;LIMA;SAN JUAN DE LURIGANCHO;URBANA;AVENIDA;URBANO;NO CORRESPONDE;-11.969483;DESPEJADO;INDUSTRIAL;TRAMO RECTO;PLANA ;ASFALTADA;NULL;NULL;NULL;NULL;IMPRUDENCIA DEL PEATÓN;OTRO (IMPRUDENCIA DEL PEATÓN);Avenida Canto Grande;9/4/2021;-77.005295
A-2021-04-326;50:00.0;ATROPELLO;1;0;0;SAN MARTIN;SAN MARTIN;TARAPOTO;URBANA;CARRETERA;NACIONAL;PE-5N;-6.533466;SOLEADO;COMERCIAL;OTRO;PLANA ;ASFALTADA;NO;NULL;NULL;SI;EN PROCESO DE INVESTIGACIÓN;NO CUENTA CON CAUSA ESPECIFICA;Vía de Evitamiento;9/4/2021;-76.373776
A-2021-04-104;30:00.0;CHOQUE;1;0;2;APURIMAC;ANDAHUAYLAS;ANDAHUAYLAS;URBANA;CARRETERA;NACIONAL;PE-3S;-13.664063;DESPEJADO;COMERCIAL;TRAMO RECTO;PLANA ;ASFALTADA;NO;NULL;NULL;SI;IMPRUDENCIA DEL CONDUCTOR;CONDUCIR EN ESTADO DE EBRIEDAD Y/O DROGADICCIÓN;Avenida Sesquicentenario;9/4/2021;-73.406394
A-2021-04-44;00:00.0;DESPISTE;1;0;1;CUSCO;CANAS;PAMPAMARCA;RURAL;CARRETERA;NACIONAL;PE-34F;-14.124042;NUBLADO;RURAL;TRAMO RECTO;INCLINADA;ASFALTADA;NULL;NULL;NULL;NULL;IMPRUDENCIA DEL CONDUCTOR;EXCESO DE VELOCIDAD;PE-34F;10/4/2021;-71.459384
A-2021-04-235;00:00.0;ATROPELLO;1;0;NULL;LIMA;LIMA;COMAS;URBANA;AVENIDA;URBANO;NO CORRESPONDE;-11.936976;DESPEJADO;COMERCIAL;TRAMO RECTO;PLANA ;ASFALTADA;NULL;NULL;NULL;NULL;IMPRUDENCIA DEL CONDUCTOR;OTRO (IMPRUDENCIA DEL CONDUCTOR);Avenida Universitaria;10/4/2021;-77.057317
A-2021-04-80;00:00.0;DESPISTE;1;0;1;PIURA;PIURA;LA ARENA;RURAL;CARRETERA;SIN CLASIFICAR;SIN CLASIFICAR;-5.327202;DESPEJADO;RURAL;OTRO;PLANA ;AFIRMADO;NULL;NULL;NULL;NULL;EN PROCESO DE INVESTIGACIÓN;NO CUENTA CON CAUSA ESPECIFICA;El Porvenir;10/4/2021;-80.709734
A-2021-04-214;40:00.0;ATROPELLO;1;0;1;LAMBAYEQUE;CHICLAYO;PIMENTEL;NULL;CARRETERA;NACIONAL;PE-1N;-6.779284;LLUVIOSO;RESIDENCIAL;TRAMO RECTO;PLANA ;ASFALTADA;NULL;NULL;NULL;NULL;EN PROCESO DE INVESTIGACIÓN;NO CUENTA CON CAUSA ESPECIFICA;Panamericana Norte;10/4/2021;-79.872952
A-2021-04-91;30:00.0;ATROPELLO;1;0;0;PUNO;MOHO;HUAYRAPATA;URBANA;JIRÓN;URBANO;NO CORRESPONDE;-15.321264;DESPEJADO;RESIDENCIAL;TRAMO RECTO;PLANA ;CONCRETO;NULL;NULL;NULL;NULL;IMPRUDENCIA DEL PEATÓN;CRUCE INDEBIDO POR LA CALZADA;Jirón Damaso Quiroz;10/4/2021;-69.340993
A-2021-04-122;00:00.0;ATROPELLO FUGA;1;0;0;APURIMAC;ANDAHUAYLAS;JOSE MARIA ARGUEDAS;RURAL;CARRETERA;NACIONAL;PE-30B;-13.770326;NUBLADO;RURAL;TRAMO RECTO;PLANA ;TROCHA;NULL;NULL;NULL;NULL;EN PROCESO DE INVESTIGACIÓN;NO CUENTA CON CAUSA ESPECIFICA;PE-30B;10/4/2021;-73.35418
A-2021-04-239;30:00.0;DESPISTE;1;6;NULL;LIMA;LIMA;LIMA;URBANA;AVENIDA;URBANO;NO CORRESPONDE;-12.046567;SOLEADO;INDUSTRIAL;TRAMO RECTO;PLANA ;ASFALTADA;NULL;NULL;NULL;NULL;NEGLIGENCIA DEL CONDUCTOR;OTRO (NEGLIGENCIA DEL CONDUCTOR);Avenida Óscar Raimundo Benavides;10/4/2021;-77.045112
A-2021-04-317;00:00.0;ATROPELLO;1;0;1;HUANUCO;HUANUCO;AMARILIS;RURAL;CARRETERA;NACIONAL;PE-18A;-9.888402;DESPEJADO;COMERCIAL;TRAMO RECTO;INCLINADA;ASFALTADA;NULL;NULL;NULL;NULL;IMPRUDENCIA DEL PEATÓN;CRUCE INDEBIDO POR LA CALZADA;Carretera Central;10/4/2021;-76.207281
A-2021-04-49;15:00.0;ATROPELLO FUGA;1;0;0;TACNA;TACNA;ALTO DE LA ALIANZA;URBANA;AVENIDA;URBANO;NO CORRESPONDE;-17.994464;SOLEADO;COMERCIAL;TRAMO RECTO;INCLINADA;ASFALTADA;NULL;NULL;NULL;NULL;IMPRUDENCIA DEL PEATÓN;CRUCE INDEBIDO POR LA CALZADA;Avenida Jorge Basadre Grohmann;10/4/2021;-70.251829
A-2021-04-82;00:00.0;CHOQUE;1;2;0;JUNIN;JAUJA;CURICACA;URBANA;CARRETERA;NACIONAL;PE-3S;-11.814453;LLUVIOSO;RURAL;CURVA;INCLINADA;ASFALTADA;SI;REGULADORA (R);PREVENTIVA (P);NO;EN PROCESO DE INVESTIGACIÓN;NO CUENTA CON CAUSA ESPECIFICA;Carretera Longitudinal de la Sierra Sur;10/4/2021;-75.614052
A-2021-04-46;35:00.0;ATROPELLO;1;0;1;CUSCO;CUSCO;SANTIAGO;RURAL;CARRETERA;DEPARTAMENTAL;CU-119;-13.60298;DESPEJADO;RURAL;TRAMO RECTO;INCLINADA;ASFALTADA;SI;PREVENTIVA (P);NULL;SI;IMPRUDENCIA DEL CONDUCTOR;EXCESO DE VELOCIDAD;CU-117;10/4/2021;-71.956285
A-2021-04-43;00:00.0;CHOQUE CON OBJETO FIJO;1;2;3;AREQUIPA;AREQUIPA;CERRO COLORADO;URBANA;CARRETERA;DEPARTAMENTAL;AR-123;-16.349449;DESPEJADO;RESIDENCIAL;TRAMO RECTO;INCLINADA;ASFALTADA;NULL;NULL;NULL;NULL;IMPRUDENCIA DEL CONDUCTOR;EXCESO DE VELOCIDAD;Autopista La Joya - Arequipa;10/4/2021;-71.609067
A-2021-04-39;30:00.0;CHOQUE;1;2;3;CALLAO;CALLAO;MI PERU;URBANA;AVENIDA;URBANO;NO CORRESPONDE;-11.856284;DESPEJADO;RESIDENCIAL;TRAMO RECTO;INCLINADA;ASFALTADA;NULL;NULL;NULL;NULL;IMPRUDENCIA DEL CONDUCTOR;OTRO (IMPRUDENCIA DEL CONDUCTOR);Avenida Cuzco;10/4/2021;-77.121285
A-2021-04-258;20:00.0;CHOQUE;1;0;0;LIMA;LIMA;LURIN;RURAL;CARRETERA;NACIONAL;PE-1S;-12.28545;DESPEJADO;INDUSTRIAL;TRAMO RECTO;PLANA ;ASFALTADA;NULL;NULL;NULL;NULL;EN PROCESO DE INVESTIGACIÓN;NO CUENTA CON CAUSA ESPECIFICA;Carretera Panamericana Sur;11/4/2021;-76.87457
A-2021-04-48;10:00.0;CHOQUE;1;0;2;LA LIBERTAD;VIRU;GUADALUPITO;RURAL;CARRETERA;NACIONAL;PE-1N;-8.957886;DESPEJADO;RURAL;TRAMO RECTO;PLANA ;ASFALTADA;NULL;NULL;NULL;NULL;IMPRUDENCIA DEL CONDUCTOR;EXCESO DE VELOCIDAD;Panamericana Norte;11/4/2021;-78.629494
A-2021-04-240;40:00.0;ATROPELLO;1;0;NULL;LIMA;LIMA;SAN JUAN DE LURIGANCHO;URBANA;CALLE;URBANO;NO CORRESPONDE;-12.011587;SOLEADO;INDUSTRIAL;TRAMO RECTO;PLANA ;ASFALTADA;NULL;NULL;NULL;NULL;IMPRUDENCIA DEL CONDUCTOR;OTRO (IMPRUDENCIA DEL CONDUCTOR);Avenida Próceres de la Independencia;11/4/2021;-77.002258
A-2021-04-248;00:00.0;ATROPELLO;1;1;NULL;LIMA;BARRANCA;BARRANCA;RURAL;CARRETERA;NACIONAL;PE-1N;-10.737409;NULL;NULL;NULL;NULL;NULL;NULL;NULL;NULL;NULL;EN PROCESO DE INVESTIGACIÓN;NO CUENTA CON CAUSA ESPECIFICA;Panamericana Norte;11/4/2021;-77.749611
A-2021-04-322;40:00.0;CHOQUE;1;0;2;SAN MARTIN;SAN MARTIN;LA BANDA DE SHILCAYO;RURAL;CARRETERA;NACIONAL;PE-5NB;-6.490609;DESPEJADO;RURAL;CURVA;INCLINADA;ASFALTADA;NULL;NULL;NULL;NULL;IMPRUDENCIA DEL CONDUCTOR;INVASIÓN DE CARRIL;PE-5NB;11/4/2021;-76.334311
A-2021-04-148;00:00.0;CHOQUE;1;4;2;PUNO;LAMPA;CALAPUJA;RURAL;CARRETERA;NACIONAL;PE-3S;-15.306875;NUBLADO;RURAL;TRAMO RECTO;PLANA ;ASFALTADA;SI;INFORMATIVA (I);INFORMATIVA (I);SI;IMPRUDENCIA DEL CONDUCTOR;CONDUCIR EN ESTADO DE EBRIEDAD Y/O DROGADICCIÓN;Carretera Interoceánica Puno - Madre de Dios;11/4/2021;-70.232763