CÓDIGO SINIESTRO;HORA SINIESTRO;CLASE SINIESTRO;CANTIDAD DE FALLECIDOS;CANTIDAD DE LESIONADOS;CANTIDAD DE VEHICULOS DAÑADOS;DEPARTAMENTO;PROVINCIA;DISTRITO;ZONA;TIPO DE VÍA;RED VIAL;COD CARRETERA;COORDENADAS LATITUD;CONDICIÓN CLIMÁTICA;ZONIFICACIÓN;CARACTERÍSTICAS DE VÍA;PERFIL LONGITUDINAL VÍA;SUPERFICIE DE CALZADA;¿EXISTE SEÑAL VERTICAL?;CLASIFICACIÓN DE LA SEÑAL VERTICAL Nº 1;CLASIFICACIÓN DE LA SEÑAL VERTICAL Nº 2;¿EXISTE SEÑAL HORIZONTAL?;CAUSA FACTOR PRINCIPAL;CAUSA ESPECÍFICA;UBICACION;FECHA SINIESTRO;COORDENADAS LONGITUD
A-2021-04-56;15:00.0;DESPISTE;2;0;1;JUNIN;CHANCHAMAYO;PICHANAQUI;RURAL;CARRETERA;PROVINCIAL;JU-1488;-10.853432;DESPEJADO;RURAL;CURVA;INCLINADA;AFIRMADO;NULL;NULL;NULL;NULL;EN PROCESO DE INVESTIGACIÓN;NO CUENTA CON CAUSA ESPECIFICA;Bajo Pichanaqui;12/4/2021;-74.854016
A-2021-04-249;40:00.0;CHOQUE;1;0;2;LIMA;BARRANCA;PARAMONGA;RURAL;CARRETERA;NACIONAL;PE-1N;-10.655347;SOLEADO;RURAL;TRAMO RECTO;PLANA ;ASFALTADA;NULL;NULL;NULL;NULL;IMPRUDENCIA DEL CONDUCTOR;OTRO (IMPRUDENCIA DEL CONDUCTOR);Panamericana Norte;12/4/2021;-77.83997
A-2021-04-102;00:00.0;DESPISTE;20;14;1;ANCASH;SIHUAS;SAN JUAN;RURAL;CARRETERA;NACIONAL;PE-14C;-8.69666;LLUVIOSO;RURAL;TRAMO RECTO;INCLINADA;AFIRMADO;NULL;NULL;NULL;NULL;IMPRUDENCIA DEL CONDUCTOR;OTRO (IMPRUDENCIA DEL CONDUCTOR);Carretera Longitudinal de Conchucos;12/4/2021;-77.534864
A-2021-04-324;00:00.0;ESPECIAL;1;0;1;SAN MARTIN;LAMAS;TABALOSOS;RURAL;CARRETERA;NACIONAL;PE-5N;-6.38853;SOLEADO;RURAL;TRAMO RECTO;INCLINADA;ASFALTADA;NO;NULL;NULL;SI;INFRAESTRUCTURA Y ENTORNO VIAL;FACTOR AMBIENTAL;Carretera Presidente Fernando Belaúnde Terry;12/4/2021;-76.62908
A-2021-04-74;00:00.0;CHOQUE;1;0;2;PIURA;PIURA;LA ARENA;RURAL;CARRETERA;NACIONAL;PE-1NK;-5.32703;DESPEJADO;RURAL;TRAMO RECTO;PLANA ;ASFALTADA;NULL;NULL;NULL;NULL;EN PROCESO DE INVESTIGACIÓN;NO CUENTA CON CAUSA ESPECIFICA;Carretera Piura - Sechura;12/4/2021;-80.709189
A-2021-04-321;40:00.0;CHOQUE;1;0;NULL;ANCASH;CASMA;COMANDANTE NOEL;RURAL;CARRETERA;NACIONAL;PE-1N;-9.386124;DESPEJADO;RURAL;TRAMO RECTO;PLANA ;ASFALTADA;NULL;NULL;NULL;NULL;EN PROCESO DE INVESTIGACIÓN;NO CUENTA CON CAUSA ESPECIFICA;Panamericana Norte;12/4/2021;-78.3827
A-2021-04-154;20:00.0;ATROPELLO;1;0;1;JUNIN;HUANCAYO;EL TAMBO;URBANA;AVENIDA;URBANO;NO CORRESPONDE;-12.044233;DESPEJADO;COMERCIAL;TRAMO RECTO;PLANA ;ASFALTADA;NULL;NULL;NULL;NULL;EN PROCESO DE INVESTIGACIÓN;NO CUENTA CON CAUSA ESPECIFICA;Avenida Evitamiento Sur;12/4/2021;-75.226414
A-2021-04-274;10:00.0;VOLCADURA;1;2;1;AREQUIPA;AREQUIPA;VITOR;RURAL;CARRETERA;NACIONAL;PE-1S;-16.443093;DESPEJADO;RURAL;TRAMO RECTO;PLANA ;ASFALTADA;NO;NULL;NULL;SI;IMPRUDENCIA DEL CONDUCTOR;OTRO (IMPRUDENCIA DEL CONDUCTOR);Carretera Panamericana Sur;13/4/2021;-71.980433
A-2021-04-114;20:00.0;DESPISTE;1;0;1;PUNO;AZANGARO;SANTIAGO DE PUPUJA;RURAL;CARRETERA;SIN CLASIFICAR;SIN CLASIFICAR;-15.143905;NUBLADO;RURAL;TRAMO RECTO;PLANA ;TROCHA;NULL;NULL;NULL;NULL;IMPRUDENCIA DEL CONDUCTOR;EXCESO DE VELOCIDAD;Llallahua Km. 48;13/4/2021;-70.289006
A-2021-04-111;30:00.0;DESPISTE;1;0;2;LA LIBERTAD;SANCHEZ CARRION;HUAMACHUCO;RURAL;CARRETERA;NACIONAL;PE-3N;-7.818842;DESPEJADO;RURAL;TRAMO RECTO;PLANA ;ASFALTADA;NULL;NULL;NULL;NULL;EN PROCESO DE INVESTIGACIÓN;NO CUENTA CON CAUSA ESPECIFICA;Avenida Trujillo;13/4/2021;-78.051671
A-2021-04-241;40:00.0;ATROPELLO FUGA;1;0;0;LIMA;LIMA;ATE;URBANA;CARRETERA;NACIONAL;PE-22;-12.016931;DESPEJADO;INDUSTRIAL;TRAMO RECTO;PLANA ;ASFALTADA;NULL;NULL;NULL;NULL;EN PROCESO DE INVESTIGACIÓN;NO CUENTA CON CAUSA ESPECIFICA;Carretera Central;13/4/2021;-76.892195
A-2021-04-171;45:00.0;DESPISTE;1;3;1;PUNO;PUNO;PUNO;RURAL;CARRETERA;NACIONAL;PE-3S;-15.789665;DESPEJADO;RURAL;CURVA;PLANA ;ASFALTADA;NO;NULL;NULL;SI;IMPRUDENCIA DEL CONDUCTOR;GIRAR IMPRUDENTEMENTE;Carretera Longitudinal de la Sierra Sur;14/4/2021;-70.033697
A-2021-04-62;45:00.0;CHOQUE;1;4;2;ICA;ICA;LA TINGUIÑA;RURAL;CARRETERA;NACIONAL;PE-1SC;-14.016173;DESPEJADO;RURAL;TRAMO RECTO;PLANA ;ASFALTADA;NULL;NULL;NULL;NULL;IMPRUDENCIA DEL CONDUCTOR;GIRAR IMPRUDENTEMENTE;Avenida Victorio Gotuzzo;14/4/2021;-75.705801
A-2021-04-99;00:00.0;CHOQUE;1;1;2;HUANUCO;LEONCIO PRADO;JOSE CRESPO Y CASTILLO;RURAL;CARRETERA;PROVINCIAL;HU-552;-8.943214;DESPEJADO;RURAL;TRAMO RECTO;PLANA ;ASFALTADA;NULL;NULL;NULL;NULL;EN PROCESO DE INVESTIGACIÓN;NO CUENTA CON CAUSA ESPECIFICA;HU-552;14/4/2021;-76.131939
A-2021-04-92;45:00.0;DESPISTE;1;0;1;JUNIN;TARMA;TARMA;RURAL;CARRETERA;NACIONAL;PE-3SA;-11.443254;DESPEJADO;RURAL;TRAMO RECTO;INCLINADA;ASFALTADA;NULL;NULL;NULL;NULL;IMPRUDENCIA DEL CONDUCTOR;EXCESO DE VELOCIDAD;Carretera Central Sur;14/4/2021;-75.692941
A-2021-04-242;40:00.0;CHOQUE;1;0;NULL;LIMA;LIMA;PUEBLO LIBRE;URBANA;AVENIDA;URBANO;NO CORRESPONDE;-12.07116;DESPEJADO;INDUSTRIAL;TRAMO RECTO;PLANA ;ASFALTADA;NULL;NULL;NULL;NULL;IMPRUDENCIA DEL CONDUCTOR;OTRO (IMPRUDENCIA DEL CONDUCTOR);Avenida Colombia;14/4/2021;-77.050526
A-2021-04-179;00:00.0;VOLCADURA;1;0;1;CUSCO;QUISPICANCHI;LUCRE;RURAL;CARRETERA;SIN CLASIFICAR;SIN CLASIFICAR;-13.581504;DESPEJADO;RURAL;OTRO;INCLINADA;TROCHA;NULL;NULL;NULL;NULL;NEGLIGENCIA DEL CONDUCTOR;CONDUCIR CON FALLAS DE CARROCERÍA;Huambutio;14/4/2021;-71.711606
A-2021-04-243;00:00.0;CHOQUE;1;2;NULL;LIMA;LIMA;LURIGANCHO;URBANA;AVENIDA;URBANO;NO CORRESPONDE;-11.967223;DESPEJADO;RURAL;TRAMO RECTO;PLANA ;ASFALTADA;NULL;NULL;NULL;NULL;IMPRUDENCIA DEL CONDUCTOR;EXCESO DE VELOCIDAD;San Antonio;15/4/2021;-76.936176
A-2021-04-66;30:00.0;DESPISTE;1;0;1;LORETO;MAYNAS;SAN JUAN BAUTISTA;RURAL;CARRETERA;PROVINCIAL;LO-506;-3.775162;SOLEADO;RURAL;CURVA;PLANA ;ASFALTADA;NULL;NULL;NULL;NULL;IMPRUDENCIA DEL CONDUCTOR;CONDUCIR EN ESTADO DE EBRIEDAD Y/O DROGADICCIÓN;San Juan;15/4/2021;-73.302927
A-2021-04-138;50:00.0;CHOQUE;1;1;2;CAJAMARCA;JAEN;PUCARA;URBANA;CARRETERA;NACIONAL;PE-3N;-6.040113;DESPEJADO;RURAL;TRAMO RECTO;PLANA ;ASFALTADA;NULL;NULL;NULL;NULL;EN PROCESO DE INVESTIGACIÓN;NO CUENTA CON CAUSA ESPECIFICA;Carretera Presidente Fernando Belaúnde Terry;15/4/2021;-79.032833
A-2021-04-96;15:00.0;ATROPELLO;1;0;1;ICA;NASCA;EL INGENIO;URBANA;CARRETERA;NACIONAL;PE-1S;-14.71646;DESPEJADO;RURAL;TRAMO RECTO;PLANA ;ASFALTADA;SI;REGULADORA (R);REGULADORA (R);NO;IMPRUDENCIA DEL PEATÓN;OTRO (IMPRUDENCIA DEL PEATÓN);Carretera Panamericana Sur;16/4/2021;-75.091054
A-2021-04-272;20:00.0;CHOQUE;1;0;2;PIURA;PAITA;PAITA;NULL;CARRETERA;NACIONAL;PE-02;-5.113157;DESPEJADO;RURAL;TRAMO RECTO;PLANA ;ASFALTADA;NULL;NULL;NULL;NULL;EN PROCESO DE INVESTIGACIÓN;NO CUENTA CON CAUSA ESPECIFICA;Carretera Paita - Piura;16/4/2021;-81.002885
A-2021-04-244;20:00.0;ATROPELLO;1;0;0;LIMA;LIMA;SAN LUIS;URBANA;AVENIDA;URBANO;NO CORRESPONDE;-12.076393;DESPEJADO;RESIDENCIAL;TRAMO RECTO;PLANA ;ASFALTADA;NULL;NULL;NULL;NULL;EN PROCESO DE INVESTIGACIÓN;NO CUENTA CON CAUSA ESPECIFICA;Jirón Río Chira;16/4/2021;-76.996181
A-2021-04-125;10:00.0;ATROPELLO FUGA;1;0;0;CUSCO;LA CONVENCION;ECHARATE;RURAL;CARRETERA;NACIONAL;PE-28B;-12.764117;DESPEJADO;RURAL;TRAMO RECTO;PLANA ;ASFALTADA;NULL;NULL;NULL;NULL;IMPRUDENCIA DEL CONDUCTOR;EXCESO DE VELOCIDAD;PE-28B;16/4/2021;-72.586902
A-2021-04-126;50:00.0;DESPISTE;1;0;1;CUSCO;CUSCO;SAN JERONIMO;URBANA;CARRETERA;PROVINCIAL;CU-1311;-13.55511;LLUVIOSO;RESIDENCIAL;TRAMO RECTO;PLANA ;ASFALTADA;NULL;NULL;NULL;NULL;IMPRUDENCIA DEL CONDUCTOR;EXCESO DE VELOCIDAD;San Jerónimo;16/4/2021;-71.875119
A-2021-04-86;30:00.0;CHOQUE;1;0;2;PUNO;CHUCUITO;JULI;RURAL;CARRETERA;NACIONAL;PE-3S;-16.184;DESPEJADO;RURAL;TRAMO RECTO;PLANA ;ASFALTADA;NULL;NULL;NULL;NULL;IMPRUDENCIA DEL CONDUCTOR;CONDUCIR EN ESTADO DE EBRIEDAD Y/O DROGADICCIÓN;Carretera Longitudinal de la Sierra Sur;16/4/2021;-69.531
A-2021-04-84;45:00.0;CHOQUE;1;3;2;CALLAO;CALLAO;CALLAO;URBANA;AVENIDA;URBANO;NO CORRESPONDE;-12.061785;DESPEJADO;RESIDENCIAL;TRAMO RECTO;PLANA ;ASFALTADA;NULL;NULL;NULL;NULL;EN PROCESO DE INVESTIGACIÓN;NO CUENTA CON CAUSA ESPECIFICA;Avenida Miguel Grau;17/4/2021;-77.135686
A-2021-04-101;20:00.0;CHOQUE;1;0;1;AREQUIPA;AREQUIPA;LA JOYA;RURAL;CARRETERA;NACIONAL;PE-1S;-16.518226;DESPEJADO;RURAL;TRAMO RECTO;PLANA ;ASFALTADA;NULL;NULL;NULL;NULL;EN PROCESO DE INVESTIGACIÓN;NO CUENTA CON CAUSA ESPECIFICA;Carretera Panamericana Sur;17/4/2021;-71.799405
A-2021-04-108;00:00.0;DESPISTE;1;0;1;AREQUIPA;AREQUIPA;CAYMA;RURAL;CARRETERA;DEPARTAMENTAL;AR-116;-16.247762;DESPEJADO;RURAL;TRAMO RECTO;INCLINADA;TROCHA;NULL;NULL;NULL;NULL;EN PROCESO DE INVESTIGACIÓN;NO CUENTA CON CAUSA ESPECIFICA;AR-116;17/4/2021;-71.476108
A-2021-04-97;50:00.0;CHOQUE;2;2;2;ICA;NASCA;VISTA ALEGRE;URBANA;CARRETERA;NACIONAL;PE-1S;-14.858588;DESPEJADO;RESIDENCIAL;TRAMO RECTO;PLANA ;ASFALTADA;SI;PREVENTIVA (P);PREVENTIVA (P);NO;IMPRUDENCIA DEL CONDUCTOR;CONDUCIR EN ESTADO DE EBRIEDAD Y/O DROGADICCIÓN;Carretera Panamericana Sur;17/4/2021;-74.972278
A-2021-04-107;30:00.0;DESPISTE;1;0;1;CUSCO;CANAS;YANAOCA;RURAL;CARRETERA;DEPARTAMENTAL;CU-126;-14.233373;NUBLADO;RURAL;TRAMO RECTO;INCLINADA;AFIRMADO;NULL;NULL;NULL;NULL;NEGLIGENCIA DEL CONDUCTOR;OTRO (NEGLIGENCIA DEL CONDUCTOR);CU-126;18/4/2021;-71.432597
A-2021-04-106;00:00.0;ATROPELLO FUGA;1;0;0;TACNA;TACNA;LA YARADA LOS PALOS;RURAL;CARRETERA;PROVINCIAL;TA-643;-18.282521;NUBLADO;RURAL;TRAMO RECTO;PLANA ;ASFALTADA;SI;PREVENTIVA (P);NULL;NO;IMPRUDENCIA DEL PEATÓN;ESTADO DE EBRIEDAD Y/O DROGADICCIÓN;Carretera La Curva - Los Palos;18/4/2021;-70.440696
A-2021-04-115;50:00.0;DESPISTE;1;0;1;PUNO;SAN ROMAN;CARACOTO;RURAL;CARRETERA;DEPARTAMENTAL;PU-120;-15.555315;DESPEJADO;RURAL;CURVA;PLANA ;ASFALTADA;SI;PREVENTIVA (P);REGULADORA (R);SI;IMPRUDENCIA DEL CONDUCTOR;EXCESO DE VELOCIDAD;Carretera Coata - Juliaca;18/4/2021;-70.019694
A-2021-04-109;10:00.0;DESPISTE;1;0;1;AREQUIPA;AREQUIPA;CHIGUATA;RURAL;CARRETERA;NACIONAL;PE-34C;-16.408865;DESPEJADO;RURAL;CURVA;PLANA ;ASFALTADA;NO;NULL;NULL;SI;IMPRUDENCIA DEL CONDUCTOR;OTRO (IMPRUDENCIA DEL CONDUCTOR);Carretera Arequipa - Santa Lucía;18/4/2021;-71.421583
A-2021-04-156;10:00.0;DESPISTE;3;0;2;JUNIN;YAULI;YAULI;RURAL;CARRETERA;NACIONAL;PE-22;-11.613043;LLUVIOSO;RURAL;PUENTE;PLANA ;ASFALTADA;SI;REGULADORA (R);PREVENTIVA (P);SI;EN PROCESO DE INVESTIGACIÓN;NO CUENTA CON CAUSA ESPECIFICA;Carretera Central;18/4/2021;-76.026917
A-2021-04-103;00:00.0;ATROPELLO FUGA;1;0;0;PIURA;PIURA;CATACAOS;RURAL;CARRETERA;NACIONAL;PE-1N;-5.228093;DESPEJADO;RURAL;TRAMO RECTO;PLANA ;ASFALTADA;SI;INFORMATIVA (I);REGULADORA (R);NO;EN PROCESO DE INVESTIGACIÓN;NO CUENTA CON CAUSA ESPECIFICA;Carretera Panamericana Norte;19/4/2021;-80.653777
A-2021-04-295;22:00.0;ATROPELLO;1;0;0;SAN MARTIN;RIOJA;NUEVA CAJAMARCA;URBANA;JIRÓN;URBANO;NO CORRESPONDE;-5.944299;DESPEJADO;COMERCIAL;INTERSECCIÓN;PLANA ;AFIRMADO;NULL;NULL;NULL;NULL;IMPRUDENCIA DEL CONDUCTOR;OTRO (IMPRUDENCIA DEL CONDUCTOR);Jirón Micaela Bastidas;19/4/2021;-77.302306
A-2021-04-113;00:00.0;ATROPELLO;1;0;2;LA LIBERTAD;TRUJILLO;HUANCHACO;RURAL;AVENIDA;URBANO;NO CORRESPONDE;-8.041961;DESPEJADO;RURAL;TRAMO RECTO;PLANA ;ASFALTADA;NULL;NULL;NULL;NULL;IMPRUDENCIA DEL CONDUCTOR;OTRO (IMPRUDENCIA DEL CONDUCTOR);Avenida Miguel Grau;19/4/2021;-79.058879
A-2021-04-245;45:00.0;ATROPELLO;1;0;NULL;LIMA;LIMA;SANTIAGO DE SURCO;URBANA;CARRETERA;NACIONAL;PE-1S;-12.143661;DESPEJADO;INDUSTRIAL;TRAMO RECTO;PLANA ;ASFALTADA;NULL;NULL;NULL;NULL;IMPRUDENCIA DEL PEATÓN;OTRO (IMPRUDENCIA DEL PEATÓN);Avenida Panamericana Sur;19/4/2021;-76.981695
A-2021-04-105;50:00.0;DESPISTE;1;9;1;ICA;ICA;SAN JOSE DE LOS MOLINOS;RURAL;CARRETERA;NACIONAL;PE-1SC;-13.837511;DESPEJADO;RURAL;SINUOSA;PLANA ;ASFALTADA;NULL;PREVENTIVA (P);NULL;NULL;INFRAESTRUCTURA Y ENTORNO VIAL;OTRO (INFRAESTRUCTURA Y ENTORNO VIAL);PE-1SC;19/4/2021;-75.555095
A-2021-04-181;30:00.0;DESPISTE;1;0;1;CUSCO;ANTA;ANCAHUASI;RURAL;CARRETERA;SIN CLASIFICAR;SIN CLASIFICAR;-13.491315;DESPEJADO;RURAL;CURVA;INCLINADA;TROCHA;NULL;NULL;NULL;NULL;IMPRUDENCIA DEL CONDUCTOR;CONDUCIR EN ESTADO DE EBRIEDAD Y/O DROGADICCIÓN;Ancahuasi;19/4/2021;-72.277111
A-2021-04-165;35:00.0;VOLCADURA;1;0;1;JUNIN;HUANCAYO;EL TAMBO;URBANA;AVENIDA;URBANO;NO CORRESPONDE;-12.055297;SOLEADO;INDUSTRIAL;TRAMO RECTO;INCLINADA;ASFALTADA;NULL;NULL;NULL;NULL;EN PROCESO DE INVESTIGACIÓN;NO CUENTA CON CAUSA ESPECIFICA;Avenida Ferrocarril;20/4/2021;-75.212626
A-2021-04-212;05:00.0;CHOQUE;2;3;2;LAMBAYEQUE;CHICLAYO;PATAPO;RURAL;CARRETERA;NACIONAL;PE-06A;-6.740118;DESPEJADO;RURAL;TRAMO RECTO;PLANA ;ASFALTADA;NULL;NULL;NULL;NULL;EN PROCESO DE INVESTIGACIÓN;NO CUENTA CON CAUSA ESPECIFICA;Carretera Tumán - Pátapo;20/4/2021;-79.67577
A-2021-04-121;10:00.0;CHOQUE;1;0;2;ICA;ICA;SALAS;RURAL;CARRETERA;NACIONAL;PE-1S;-13.934625;DESPEJADO;RURAL;TRAMO RECTO;PLANA ;ASFALTADA;NULL;NULL;NULL;NULL;IMPRUDENCIA DEL CONDUCTOR;OTRO (IMPRUDENCIA DEL CONDUCTOR);Carretera Panamericana Sur;21/4/2021;-75.870705
A-2021-04-225;56:00.0;DESPISTE;1;0;1;AREQUIPA;CAMANA;SAMUEL PASTOR;RURAL;CARRETERA;NACIONAL;PE-1S;-16.605183;LLUVIOSO;RURAL;CURVA;INCLINADA;ASFALTADA;NO;NULL;NULL;SI;INFRAESTRUCTURA Y ENTORNO VIAL;OTRO (INFRAESTRUCTURA Y ENTORNO VIAL);Carretera Panamericana Sur;21/4/2021;-72.630501
A-2021-04-309;00:00.0;ATROPELLO;1;0;0;CALLAO;CALLAO;CARMEN DE LA LEGUA REYNOSO;URBANA;AVENIDA;URBANO;NO CORRESPONDE;-12.03909;DESPEJADO;RESIDENCIAL;TRAMO RECTO;PLANA ;ASFALTADA;NO;NULL;NULL;SI;EN PROCESO DE INVESTIGACIÓN;NO CUENTA CON CAUSA ESPECIFICA;Avenida Morales Duarez;21/4/2021;-77.094874
A-2021-04-246;00:00.0;ATROPELLO;1;0;NULL;LIMA;LIMA;SAN JUAN DE LURIGANCHO;URBANA;AVENIDA;URBANO;NO CORRESPONDE;-11.916645;DESPEJADO;COMERCIAL;TRAMO RECTO;PLANA ;ASFALTADA;NULL;NULL;NULL;NULL;IMPRUDENCIA DEL PEATÓN;OTRO (IMPRUDENCIA DEL PEATÓN);Huayna Cápac;21/4/2021;-76.969383
A-2021-04-313;30:00.0;DESPISTE;2;0;1;HUANCAVELICA;CASTROVIRREYNA;TANTARA;RURAL;CARRETERA;DEPARTAMENTAL;HV-114;-13.15336;DESPEJADO;RURAL;SINUOSA;INCLINADA;CASCAJO/RIPIO;NULL;NULL;NULL;NULL;EN PROCESO DE INVESTIGACIÓN;NO CUENTA CON CAUSA ESPECIFICA;HV-114;21/4/2021;-75.64931
A-2021-04-218;30:00.0;DESPISTE;1;1;1;HUANCAVELICA;CASTROVIRREYNA;ARMA;RURAL;CARRETERA;NACIONAL;PE-26;-13.185949;DESPEJADO;RURAL;CURVA;PLANA ;ASFALTADA;NULL;NULL;NULL;NULL;EN PROCESO DE INVESTIGACIÓN;NO CUENTA CON CAUSA ESPECIFICA;Carretera Chincha - Huancavelica;21/4/2021;-75.572333
A-2021-04-291;50:00.0;CHOQUE;1;2;2;LAMBAYEQUE;CHICLAYO;SAÑA;RURAL;CARRETERA;DEPARTAMENTAL;LA-116;-6.79093;DESPEJADO;RURAL;TRAMO RECTO;PLANA ;ASFALTADA;NULL;NULL;NULL;NULL;EN PROCESO DE INVESTIGACIÓN;NO CUENTA CON CAUSA ESPECIFICA;LA-116;21/4/2021;-79.598616
A-2021-04-129;00:00.0;ATROPELLO;1;0;1;LAMBAYEQUE;CHICLAYO;PIMENTEL;URBANA;CARRETERA;NACIONAL;PE-1N;-6.729632;DESPEJADO;INDUSTRIAL;TRAMO RECTO;PLANA ;ASFALTADA;SI;PREVENTIVA (P);REGULADORA (R);NO;EN PROCESO DE INVESTIGACIÓN;NO CUENTA CON CAUSA ESPECIFICA;Panamericana Norte;21/4/2021;-79.888374
A-2021-04-301;10:00.0;ATROPELLO;1;0;1;JUNIN;JUNIN;CARHUAMAYO;URBANA;CARRETERA;NACIONAL;PE-3N;-10.931126;DESPEJADO;COMERCIAL;TRAMO RECTO;PLANA ;ASFALTADA;SI;REGULADORA (R);PREVENTIVA (P);NO;EN PROCESO DE INVESTIGACIÓN;NO CUENTA CON CAUSA ESPECIFICA;Avenida Unión;21/4/2021;-76.05551
A-2021-04-133;15:00.0;ATROPELLO;1;0;1;TUMBES;TUMBES;TUMBES;URBANA;CARRETERA;NACIONAL;PE-1N;-3.568419;DESPEJADO;COMERCIAL;INTERSECCIÓN;PLANA ;ASFALTADA;SI;PREVENTIVA (P);NULL;NO;IMPRUDENCIA DEL PEATÓN;OTRO (IMPRUDENCIA DEL PEATÓN);Avenida Tumbes Norte;21/4/2021;-80.459146
A-2021-04-128;50:00.0;DESPISTE;3;0;2;LA LIBERTAD;VIRU;GUADALUPITO;RURAL;CARRETERA;NACIONAL;PE-1N;-8.960994;DESPEJADO;RURAL;TRAMO RECTO;PLANA ;ASFALTADA;NULL;NULL;NULL;NULL;NEGLIGENCIA DEL CONDUCTOR;OTRO (NEGLIGENCIA DEL CONDUCTOR);Panamericana Norte;22/4/2021;-78.628281
A-2021-04-167;21:00.0;ATROPELLO FUGA;1;0;0;JUNIN;JAUJA;ACOLLA;URBANA;CARRETERA;NACIONAL;PE-3SA;-11.70311;DESPEJADO;RURAL;TRAMO RECTO;PLANA ;ASFALTADA;NULL;NULL;NULL;NULL;EN PROCESO DE INVESTIGACIÓN;NO CUENTA CON CAUSA ESPECIFICA;Carretera Central Sur;22/4/2021;-75.559091
A-2021-04-318;25:00.0;CHOQUE;1;2;2;HUANUCO;HUANUCO;PILLCO MARCA;URBANA;CARRETERA;NACIONAL;PE-3N;-9.950517;DESPEJADO;COMERCIAL;TRAMO RECTO;PLANA ;ASFALTADA;NULL;NULL;NULL;NULL;IMPRUDENCIA DEL CONDUCTOR;CONDUCIR EN ESTADO DE EBRIEDAD Y/O DROGADICCIÓN;Avenida Universitaria;22/4/2021;-76.250307
A-2021-04-195;30:00.0;DESPISTE;2;0;1;APURIMAC;ANTABAMBA;JUAN ESPINOZA MEDRANO;RURAL;CARRETERA;DEPARTAMENTAL;AP-109;-14.392414;DESPEJADO;RURAL;CURVA;INCLINADA;TROCHA;NULL;NULL;NULL;NULL;EN PROCESO DE INVESTIGACIÓN;NO CUENTA CON CAUSA ESPECIFICA;AP-109;22/4/2021;-72.921415
A-2021-04-273;00:00.0;ATROPELLO FUGA;1;0;NULL;LIMA;BARRANCA;BARRANCA;RURAL;CARRETERA;DEPARTAMENTAL;LM-100;-10.721502;NULL;NULL;NULL;NULL;NULL;NULL;NULL;NULL;NULL;EN PROCESO DE INVESTIGACIÓN;NO CUENTA CON CAUSA ESPECIFICA;LM-100;22/4/2021;-77.773306
A-2021-04-250;00:00.0;ATROPELLO;1;0;NULL;LIMA;LIMA;SANTIAGO DE SURCO;URBANA;CARRETERA;NACIONAL;PE-1S;-12.139552;DESPEJADO;INDUSTRIAL;TRAMO RECTO;PLANA ;ASFALTADA;NULL;NULL;NULL;NULL;IMPRUDENCIA DEL PEATÓN;OTRO (IMPRUDENCIA DEL PEATÓN);Carretera Panamericana Sur;22/4/2021;-76.981017
A-2021-04-226;30:00.0;DESPISTE;1;1;1;AREQUIPA;CARAVELI;BELLA UNION;RURAL;CARRETERA;NACIONAL;PE-1S;-15.615523;DESPEJADO;RURAL;CURVA;INCLINADA;ASFALTADA;NULL;NULL;NULL;NULL;EN PROCESO DE INVESTIGACIÓN;NO CUENTA CON CAUSA ESPECIFICA;Carretera Panamericana Sur;23/4/2021;-74.649963
A-2021-04-187;45:00.0;ATROPELLO;1;0;1;MOQUEGUA;MARISCAL NIETO;MOQUEGUA;URBANA;CARRETERA;NACIONAL;PE-36A;-17.202781;DESPEJADO;RURAL;TRAMO RECTO;INCLINADA;ASFALTADA;SI;REGULADORA (R);REGULADORA (R);SI;IMPRUDENCIA DEL PEATÓN;CRUCE INDEBIDO POR LA CALZADA;Avenida Circunvalación;23/4/2021;-70.917907
A-2021-04-147;10:00.0;CHOQUE;1;0;3;ICA;NASCA;MARCONA;RURAL;CARRETERA;NACIONAL;PE-1S;-15.137135;DESPEJADO;RURAL;TRAMO RECTO;PLANA ;ASFALTADA;NULL;NULL;NULL;NULL;IMPRUDENCIA DEL CONDUCTOR;CONDUCIR EN ESTADO DE EBRIEDAD Y/O DROGADICCIÓN;Carretera Panamericana Sur;23/4/2021;-74.982596
A-2021-04-134;18:00.0;ATROPELLO FUGA;1;0;0;PUNO;EL COLLAO;ILAVE;RURAL;CARRETERA;NACIONAL;PE-3S;-16.124707;DESPEJADO;RURAL;TRAMO RECTO;PLANA ;ASFALTADA;NULL;NULL;NULL;NULL;IMPRUDENCIA DEL CONDUCTOR;EXCESO DE VELOCIDAD;Carretera Longitudinal de la Sierra Sur;23/4/2021;-69.585611
A-2021-04-145;30:00.0;CHOQUE;1;0;2;CUSCO;CANCHIS;CHECACUPE;RURAL;CARRETERA;SIN CLASIFICAR;SIN CLASIFICAR;-14.043703;DESPEJADO;RURAL;TRAMO RECTO;PLANA ;ASFALTADA;NULL;NULL;NULL;NULL;IMPRUDENCIA DEL CONDUCTOR;EXCESO DE VELOCIDAD;CU-1453;23/4/2021;-71.272984
A-2021-04-146;30:00.0;ATROPELLO;1;0;1;CUSCO;CHUMBIVILCAS;SANTO TOMAS;URBANA;CALLE;URBANO;NO CORRESPONDE;-14.452748;SOLEADO;RESIDENCIAL;PUENTE;INCLINADA;CONCRETO;NULL;NULL;NULL;NULL;NEGLIGENCIA DEL CONDUCTOR;OTRO (NEGLIGENCIA DEL CONDUCTOR);Santo Tomás;23/4/2021;-72.082632