CÓDIGO SINIESTRO;HORA SINIESTRO;CLASE SINIESTRO;CANTIDAD DE FALLECIDOS;CANTIDAD DE LESIONADOS;CANTIDAD DE VEHICULOS DAÑADOS;DEPARTAMENTO;PROVINCIA;DISTRITO;ZONA;TIPO DE VÍA;RED VIAL;COD CARRETERA;COORDENADAS LATITUD;CONDICIÓN CLIMÁTICA;ZONIFICACIÓN;CARACTERÍSTICAS DE VÍA;PERFIL LONGITUDINAL VÍA;SUPERFICIE DE CALZADA;¿EXISTE SEÑAL VERTICAL?;CLASIFICACIÓN DE LA SEÑAL VERTICAL Nº 1;CLASIFICACIÓN DE LA SEÑAL VERTICAL Nº 2;¿EXISTE SEÑAL HORIZONTAL?;CAUSA FACTOR PRINCIPAL;CAUSA ESPECÍFICA;UBICACION;FECHA SINIESTRO;COORDENADAS LONGITUD
A-2021-04-325;00:00.0;DESPISTE;1;0;1;SAN MARTIN;LAMAS;TABALOSOS;RURAL;CARRETERA;NACIONAL;PE-5N;-6.38954;SOLEADO;RURAL;CURVA;INCLINADA;ASFALTADA;SI;PREVENTIVA (P);NULL;SI;IMPRUDENCIA DEL CONDUCTOR;EXCESO DE VELOCIDAD;Carretera Presidente Fernando Belaúnde Terry;23/4/2021;-76.628213
A-2021-04-135;30:00.0;DESPISTE;2;9;1;ANCASH;HUARI;HUARI;RURAL;CARRETERA;PROVINCIAL;AN-657;-9.319135;NUBLADO;RURAL;CURVA;INCLINADA;TROCHA;NULL;NULL;NULL;NULL;IMPRUDENCIA DEL CONDUCTOR;EXCESO DE PASAJEROS O CARGA;AN-657;23/4/2021;-77.201346
A-2021-04-149;30:00.0;CHOQUE;2;1;2;PUNO;LAMPA;SANTA LUCIA;RURAL;CARRETERA;NACIONAL;PE-34A;-15.689975;DESPEJADO;RURAL;TRAMO RECTO;PLANA ;ASFALTADA;NO;NULL;NULL;SI;IMPRUDENCIA DEL CONDUCTOR;INVASIÓN DE CARRIL;Héroes de La Guerra del Pacífico;23/4/2021;-70.529367
A-2021-04-151;30:00.0;CHOQUE;1;0;2;CAJAMARCA;CHOTA;HUAMBOS;RURAL;CARRETERA;NACIONAL;PE-06A;-6.469315;DESPEJADO;RURAL;TRAMO RECTO;PLANA ;ASFALTADA;SI;PREVENTIVA (P);PREVENTIVA (P);SI;IMPRUDENCIA DEL CONDUCTOR;INVASIÓN DE CARRIL;PE-06A;23/4/2021;-79.04992
A-2021-04-177;30:00.0;CHOQUE;1;0;0;CUSCO;ESPINAR;ESPINAR;RURAL;CARRETERA;NACIONAL;PE-3SG;-14.780251;NUBLADO;RURAL;TRAMO RECTO;PLANA ;ASFALTADA;SI;PREVENTIVA (P);PREVENTIVA (P);NO;IMPRUDENCIA DEL CONDUCTOR;EXCESO DE VELOCIDAD;PE-3SG;23/4/2021;-71.396026
A-2021-04-227;00:00.0;DESPISTE;1;4;1;AREQUIPA;CONDESUYOS;RIO GRANDE;URBANA;CARRETERA;PROVINCIAL;AR-532;-15.89423;DESPEJADO;RURAL;OTRO;INCLINADA;AFIRMADO;NULL;NULL;NULL;NULL;EN PROCESO DE INVESTIGACIÓN;NO CUENTA CON CAUSA ESPECIFICA;Río Grande;24/4/2021;-73.190285
A-2021-04-170;30:00.0;CHOQUE;1;6;0;JUNIN;CONCEPCION;MITO;RURAL;CARRETERA;NACIONAL;PE-3SE;-11.944418;SOLEADO;COMERCIAL;TRAMO RECTO;PLANA ;ASFALTADA;NULL;NULL;NULL;NULL;EN PROCESO DE INVESTIGACIÓN;NO CUENTA CON CAUSA ESPECIFICA;Carretera Central Margen Derecha;24/4/2021;-75.330274
A-2021-04-144;45:00.0;CHOQUE;1;0;1;ANCASH;HUARAZ;INDEPENDENCIA;URBANA;AVENIDA;URBANO;NO CORRESPONDE;-9.51467;SOLEADO;RESIDENCIAL;TRAMO RECTO;PLANA ;CONCRETO;SI;REGULADORA (R);NULL;SI;IMPRUDENCIA DEL CONDUCTOR;NO ESTABLECER EL DERECHO DE PASO;Avenida Centenario;24/4/2021;-77.530996
A-2021-04-193;00:00.0;CHOQUE;1;0;1;JUNIN;CHANCHAMAYO;PERENE;RURAL;CARRETERA;NACIONAL;PE-5S;-10.890804;DESPEJADO;RURAL;TRAMO RECTO;INCLINADA;ASFALTADA;NULL;NULL;NULL;NULL;EN PROCESO DE INVESTIGACIÓN;NO CUENTA CON CAUSA ESPECIFICA;Carretera Longitudinal de la Selva Sur;24/4/2021;-74.949288
A-2021-04-213;10:00.0;DESPISTE;1;0;1;LAMBAYEQUE;CHICLAYO;REQUE;RURAL;CARRETERA;NACIONAL;PE-1N;-6.85482;DESPEJADO;RURAL;PUENTE;PLANA ;ASFALTADA;SI;PREVENTIVA (P);INFORMATIVA (I);NO;EN PROCESO DE INVESTIGACIÓN;NO CUENTA CON CAUSA ESPECIFICA;Carretera Panamericana Norte;24/4/2021;-79.825717
A-2021-04-163;00:00.0;CHOQUE FUGA;1;0;2;LA LIBERTAD;TRUJILLO;SIMBAL;RURAL;CARRETERA;DEPARTAMENTAL;LI-105;-7.974098;DESPEJADO;RURAL;TRAMO RECTO;PLANA ;ASFALTADA;NULL;NULL;NULL;NULL;EN PROCESO DE INVESTIGACIÓN;NO CUENTA CON CAUSA ESPECIFICA;LI-105;24/4/2021;-78.812277
A-2021-04-169;20:00.0;DESPISTE;1;0;1;JUNIN;HUANCAYO;HUANCAYO;URBANA;CALLE;URBANO;NO CORRESPONDE;-12.076558;DESPEJADO;COMERCIAL;TRAMO RECTO;PLANA ;ASFALTADA;SI;PREVENTIVA (P);REGULADORA (R);NO;EN PROCESO DE INVESTIGACIÓN;NO CUENTA CON CAUSA ESPECIFICA;Pasaje Lorente;24/4/2021;-75.207582
A-2021-04-140;15:00.0;ATROPELLO;1;0;0;CALLAO;CALLAO;CALLAO;URBANA;CARRETERA;NACIONAL;PE-20;-12.050128;DESPEJADO;COMERCIAL;TRAMO RECTO;PLANA ;CONCRETO;NULL;NULL;NULL;NULL;EN PROCESO DE INVESTIGACIÓN;NO CUENTA CON CAUSA ESPECIFICA;Avenida Atalaya;25/4/2021;-77.139677
A-2021-04-201;30:00.0;CHOQUE;1;0;1;PUNO;HUANCANE;VILQUE CHICO;RURAL;CARRETERA;NACIONAL;PE-34L;-15.120156;NUBLADO;RURAL;TRAMO RECTO;PLANA ;ASFALTADA;NULL;NULL;NULL;NULL;IMPRUDENCIA DEL CONDUCTOR;OTRO (IMPRUDENCIA DEL CONDUCTOR);PE-34L;25/4/2021;-69.542273
A-2021-04-312;30:00.0;DESPISTE;2;6;1;HUANCAVELICA;HUANCAVELICA;ACORIA;RURAL;CARRETERA;DEPARTAMENTAL;HV-130;-12.64179;DESPEJADO;RURAL;SINUOSA;INCLINADA;ASFALTADA;SI;REGULADORA (R);PREVENTIVA (P);NO;EN PROCESO DE INVESTIGACIÓN;NO CUENTA CON CAUSA ESPECIFICA;Acoria;25/4/2021;-74.86311
A-2021-04-279;30:00.0;ATROPELLO;1;1;NULL;PASCO;PASCO;VICCO;URBANA;CARRETERA;NACIONAL;PE-20A;-10.866961;NULL;NULL;NULL;NULL;NULL;NULL;NULL;NULL;NULL;EN PROCESO DE INVESTIGACIÓN;NO CUENTA CON CAUSA ESPECIFICA;Carretera Vencedores de Sángrar;25/4/2021;-76.288199
A-2021-04-152;00:00.0;CHOQUE;1;2;2;PUNO;PUNO;PAUCARCOLLA;RURAL;CARRETERA;NACIONAL;PE-3S;-15.778642;DESPEJADO;RURAL;CURVA;PLANA ;ASFALTADA;SI;REGULADORA (R);NULL;SI;IMPRUDENCIA DEL CONDUCTOR;EXCESO DE VELOCIDAD;Carretera Longitudinal de la Sierra Sur;25/4/2021;-70.032045
A-2021-04-153;30:00.0;ATROPELLO FUGA;1;2;0;PUNO;CHUCUITO;DESAGUADERO;URBANA;CARRETERA;NACIONAL;PE-36A;-16.577499;DESPEJADO;RURAL;TRAMO RECTO;PLANA ;ASFALTADA;NULL;NULL;NULL;NULL;IMPRUDENCIA DEL CONDUCTOR;EXCESO DE VELOCIDAD;PE-36A;25/4/2021;-69.053221
A-2021-04-175;20:00.0;VOLCADURA;1;0;0;SAN MARTIN;MOYOBAMBA;MOYOBAMBA;RURAL;CARRETERA;PROVINCIAL;SM-576;-5.776095;DESPEJADO;RURAL;OTRO;INCLINADA;CASCAJO/RIPIO;NULL;NULL;NULL;NULL;IMPRUDENCIA DEL CONDUCTOR;OTRO (IMPRUDENCIA DEL CONDUCTOR);Ganimedes;25/4/2021;-77.169043
A-2021-04-300;30:00.0;DESPISTE;1;0;1;AMAZONAS;CHACHAPOYAS;LEVANTO;RURAL;JIRÓN;URBANO;NO CORRESPONDE;-6.30878;DESPEJADO;RURAL;INTERSECCIÓN;INCLINADA;AFIRMADO;NULL;NULL;NULL;NULL;EN PROCESO DE INVESTIGACIÓN;NO CUENTA CON CAUSA ESPECIFICA;Jirón Ayacucho;25/4/2021;-77.897864
A-2021-04-176;00:00.0;CHOQUE;1;0;2;JUNIN;SATIPO;PANGOA;RURAL;CARRETERA;NACIONAL;PE-28C;-11.50664;DESPEJADO;RURAL;TRAMO RECTO;PLANA ;ASFALTADA;NULL;NULL;NULL;NULL;IMPRUDENCIA DEL CONDUCTOR;CONDUCIR EN ESTADO DE EBRIEDAD Y/O DROGADICCIÓN;PE-28C;25/4/2021;-74.459383
A-2021-04-141;00:00.0;CHOQUE;1;0;1;CALLAO;CALLAO;CALLAO;URBANA;CARRETERA;NACIONAL;PE-20;-11.969749;DESPEJADO;COMERCIAL;TRAMO RECTO;PLANA ;CONCRETO;NULL;NULL;NULL;NULL;EN PROCESO DE INVESTIGACIÓN;NO CUENTA CON CAUSA ESPECIFICA;Avenida Coronel Nestor Gambetta;25/4/2021;-77.125482
A-2021-04-252;00:00.0;ATROPELLO FUGA;1;0;0;LIMA;LIMA;SAN MARTIN DE PORRES;URBANA;CARRETERA;NACIONAL;PE-1N;-12.018517;DESPEJADO;INDUSTRIAL;TRAMO RECTO;PLANA ;ASFALTADA;NULL;NULL;NULL;NULL;EN PROCESO DE INVESTIGACIÓN;NO CUENTA CON CAUSA ESPECIFICA;Puente Palao;26/4/2021;-77.059519
A-2021-04-142;20:00.0;DESPISTE;1;2;1;TUMBES;TUMBES;TUMBES;URBANA;CARRETERA;DEPARTAMENTAL;TU-104;-3.580171;DESPEJADO;COMERCIAL;INTERSECCIÓN;PLANA ;CONCRETO;NULL;NULL;NULL;NULL;IMPRUDENCIA DEL CONDUCTOR;CONDUCIR EN ESTADO DE EBRIEDAD Y/O DROGADICCIÓN;Pumacahua;26/4/2021;-80.448568
A-2021-04-206;40:00.0;CHOQUE;1;2;1;JUNIN;HUANCAYO;CHUPURO;RURAL;CARRETERA;DEPARTAMENTAL;JU-110;-12.177069;DESPEJADO;INDUSTRIAL;TRAMO RECTO;INCLINADA;ASFALTADA;NULL;NULL;NULL;NULL;EN PROCESO DE INVESTIGACIÓN;NO CUENTA CON CAUSA ESPECIFICA;JU-110;26/4/2021;-75.259884
A-2021-04-160;00:00.0;DESPISTE;1;0;0;PUNO;EL COLLAO;ILAVE;RURAL;CARRETERA;NACIONAL;PE-38A;-16.280378;DESPEJADO;RURAL;TRAMO RECTO;PLANA ;ASFALTADA;NULL;NULL;NULL;NULL;IMPRUDENCIA DEL CONDUCTOR;GIRAR IMPRUDENTEMENTE;Carretera Mazocruz - Ilave;26/4/2021;-69.684767
A-2021-04-229;10:00.0;ATROPELLO FUGA;1;0;NULL;LAMBAYEQUE;LAMBAYEQUE;JAYANCA;URBANA;CARRETERA;NACIONAL;PE-1NJ;-6.4204;DESPEJADO;RURAL;TRAMO RECTO;PLANA ;ASFALTADA;NULL;NULL;NULL;NULL;EN PROCESO DE INVESTIGACIÓN;NO CUENTA CON CAUSA ESPECIFICA;Carretera Lambayeque;26/4/2021;-79.834787
A-2021-04-310;15:00.0;ATROPELLO FUGA;1;0;0;LIMA;LIMA;EL AGUSTINO;RURAL;OTRO;URBANO;NO CORRESPONDE;-12.036416;DESPEJADO;RESIDENCIAL;TRAMO RECTO;PLANA ;EMPEDRADO;NULL;NULL;NULL;NULL;EN PROCESO DE INVESTIGACIÓN;NO CUENTA CON CAUSA ESPECIFICA;Avenida Ferrocarril;26/4/2021;-77.001516
A-2021-04-278;00:00.0;DESPISTE;1;4;1;AYACUCHO;VICTOR FAJARDO;SARHUA;RURAL;OTRO;URBANO;NO CORRESPONDE;-13.674243;NUBLADO;RURAL;OTRO;INCLINADA;TROCHA;NULL;NULL;NULL;NULL;NEGLIGENCIA DEL CONDUCTOR;OTRO (NEGLIGENCIA DEL CONDUCTOR);Sarhua;26/4/2021;-74.320074
A-2021-04-253;00:00.0;CHOQUE CON OBJETO FIJO;1;0;NULL;LIMA;LIMA;SAN JUAN DE LURIGANCHO;URBANA;AVENIDA;URBANO;NO CORRESPONDE;-12.009293;DESPEJADO;INDUSTRIAL;TRAMO RECTO;PLANA ;ASFALTADA;NULL;NULL;NULL;NULL;IMPRUDENCIA DEL CONDUCTOR;EXCESO DE VELOCIDAD;Avenida Próceres de la Independencia;26/4/2021;-77.004063
A-2021-04-185;30:00.0;ATROPELLO;1;0;1;HUANUCO;LEONCIO PRADO;PUCAYACU;RURAL;CARRETERA;NACIONAL;PE-5N;-8.751402;DESPEJADO;RURAL;TRAMO RECTO;PLANA ;ASFALTADA;NULL;NULL;NULL;NULL;IMPRUDENCIA DEL CONDUCTOR;EXCESO DE VELOCIDAD;Carretera Presidente Fernando Belaúnde Terry;26/4/2021;-76.122186
A-2021-04-254;20:00.0;ATROPELLO;1;0;NULL;LIMA;LIMA;LOS OLIVOS;URBANA;CARRETERA;NACIONAL;PE-1N;-12.007427;DESPEJADO;INDUSTRIAL;TRAMO RECTO;PLANA ;ASFALTADA;NULL;NULL;NULL;NULL;IMPRUDENCIA DEL PEATÓN;OTRO (IMPRUDENCIA DEL PEATÓN);Avenida Alfredo Mendiola;26/4/2021;-77.061738
A-2021-04-323;20:00.0;CHOQUE;1;1;2;SAN MARTIN;HUALLAGA;SACANCHE;RURAL;CARRETERA;NACIONAL;PE-5N;-7.072906;DESPEJADO;RURAL;CURVA;INCLINADA;ASFALTADA;NO;NULL;NULL;SI;IMPRUDENCIA DEL CONDUCTOR;CONDUCIR EN ESTADO DE EBRIEDAD Y/O DROGADICCIÓN;Carretera Presidente Fernando Belaúnde Terry;26/4/2021;-76.715963
A-2021-04-255;30:00.0;ATROPELLO;1;0;NULL;LIMA;LIMA;SAN JUAN DE LURIGANCHO;URBANA;JIRÓN;URBANO;NO CORRESPONDE;-11.975217;DESPEJADO;INDUSTRIAL;TRAMO RECTO;PLANA ;ASFALTADA;NULL;NULL;NULL;NULL;IMPRUDENCIA DEL CONDUCTOR;OTRO (IMPRUDENCIA DEL CONDUCTOR);Calle José de la Torre Ugarte;26/4/2021;-77.00532
A-2021-04-271;15:00.0;CHOQUE;1;0;1;PIURA;PAITA;PAITA;NULL;CARRETERA;NACIONAL;PE-02;-5.102095;DESPEJADO;RURAL;TRAMO RECTO;PLANA ;ASFALTADA;NULL;NULL;NULL;NULL;IMPRUDENCIA DEL CONDUCTOR;EXCESO DE VELOCIDAD;Carretera Paita - Piura;26/4/2021;-81.069194
A-2021-04-256;15:00.0;DESPISTE;2;2;NULL;LIMA;LIMA;CHACLACAYO;URBANA;CARRETERA;NACIONAL;PE-22;-11.980851;DESPEJADO;INDUSTRIAL;TRAMO RECTO;PLANA ;ASFALTADA;NULL;NULL;NULL;NULL;IMPRUDENCIA DEL CONDUCTOR;EXCESO DE VELOCIDAD;Carretera Central;26/4/2021;-76.792388
A-2021-04-194;30:00.0;ATROPELLO FUGA;1;0;1;ICA;NASCA;NASCA;URBANA;CARRETERA;NACIONAL;PE-1S;-14.826;DESPEJADO;COMERCIAL;TRAMO RECTO;PLANA ;ASFALTADA;SI;INFORMATIVA (I);PREVENTIVA (P);NO;EN PROCESO DE INVESTIGACIÓN;NO CUENTA CON CAUSA ESPECIFICA;Carretera Panamericana Sur;27/4/2021;-74.955
A-2021-04-178;30:00.0;CAÍDA DE PASAJERO;1;0;1;AREQUIPA;AREQUIPA;CAYMA;URBANA;CALLE;URBANO;NO CORRESPONDE;-16.391008;DESPEJADO;RESIDENCIAL;TRAMO RECTO;PLANA ;ASFALTADA;NULL;NULL;NULL;NULL;IMPRUDENCIA DEL PASAJERO/OCUPANTE;OTRO (IMPRUDENCIA DEL PASAJERO/OCUPANTE);Cayma;27/4/2021;-71.548397
A-2021-04-173;00:00.0;DESPISTE;1;0;2;LA LIBERTAD;PATAZ;PATAZ;RURAL;CARRETERA;DEPARTAMENTAL;LI-124;-7.719236;DESPEJADO;RURAL;TRAMO RECTO;PLANA ;ASFALTADA;NULL;NULL;NULL;NULL;EN PROCESO DE INVESTIGACIÓN;NO CUENTA CON CAUSA ESPECIFICA;LI-124;27/4/2021;-77.662911
A-2021-04-172;30:00.0;CHOQUE;1;0;2;LA LIBERTAD;TRUJILLO;HUANCHACO;RURAL;CARRETERA;NACIONAL;PE-1N;-8.024046;DESPEJADO;RURAL;TRAMO RECTO;PLANA ;ASFALTADA;NULL;NULL;NULL;NULL;IMPRUDENCIA DEL CONDUCTOR;NO ESTABLECER EL DERECHO DE PASO;Carretera Panamericana Norte;27/4/2021;-79.076353
A-2021-04-216;00:00.0;CHOQUE;1;0;2;LAMBAYEQUE;CHICLAYO;REQUE;URBANA;CARRETERA;NACIONAL;PE-1N;-6.862621;DESPEJADO;RESIDENCIAL;INTERSECCIÓN;PLANA ;ASFALTADA;SI;REGULADORA (R);PREVENTIVA (P);NO;EN PROCESO DE INVESTIGACIÓN;NO CUENTA CON CAUSA ESPECIFICA;Calle Diego Ferré;27/4/2021;-79.818672
A-2021-04-188;45:00.0;CHOQUE;1;0;1;MOQUEGUA;MARISCAL NIETO;MOQUEGUA;RURAL;CARRETERA;DEPARTAMENTAL;MO-107;-17.213738;DESPEJADO;RURAL;TRAMO RECTO;INCLINADA;ASFALTADA;SI;REGULADORA (R);PREVENTIVA (P);SI;IMPRUDENCIA DEL CONDUCTOR;CONDUCIR EN ESTADO DE EBRIEDAD Y/O DROGADICCIÓN;Carretera a Toquepala;27/4/2021;-70.922987
A-2021-04-259;30:00.0;CHOQUE;1;0;1;LIMA;LIMA;LOS OLIVOS;URBANA;AVENIDA;URBANO;NO CORRESPONDE;-11.923226;DESPEJADO;INDUSTRIAL;TRAMO RECTO;PLANA ;ASFALTADA;NULL;NULL;NULL;NULL;IMPRUDENCIA DEL CONDUCTOR;OTRO (IMPRUDENCIA DEL CONDUCTOR);Calle 16;28/4/2021;-77.076541
A-2021-04-261;30:00.0;ATROPELLO;1;0;NULL;LIMA;LIMA;LURIN;URBANA;CALLE;URBANO;NO CORRESPONDE;-12.28618;DESPEJADO;INDUSTRIAL;TRAMO RECTO;PLANA ;ASFALTADA;NULL;NULL;NULL;NULL;IMPRUDENCIA DEL CONDUCTOR;OTRO (IMPRUDENCIA DEL CONDUCTOR);Carretera Panamericana Sur;28/4/2021;-76.87237
A-2021-04-184;30:00.0;DESPISTE;1;2;0;PUNO;CHUCUITO;JULI;NULL;CARRETERA;PROVINCIAL;PU-1274;-16.249499;DESPEJADO;RURAL;SINUOSA;INCLINADA;TROCHA;NULL;NULL;NULL;NULL;IMPRUDENCIA DEL CONDUCTOR;EXCESO DE VELOCIDAD;Juli;28/4/2021;-69.390472
A-2021-04-189;30:00.0;ATROPELLO;1;0;1;CUSCO;QUISPICANCHI;QUIQUIJANA;RURAL;CARRETERA;NACIONAL;PE-3S;-13.804365;DESPEJADO;RURAL;TRAMO RECTO;PLANA ;ASFALTADA;NULL;NULL;NULL;NULL;IMPRUDENCIA DEL CONDUCTOR;EXCESO DE VELOCIDAD;Carretera Longitudinal de la Sierra Sur;28/4/2021;-71.545984
A-2021-04-260;10:00.0;CHOQUE;1;1;0;LIMA;LIMA;LOS OLIVOS;URBANA;AVENIDA;URBANO;NO CORRESPONDE;-11.937825;DESPEJADO;INDUSTRIAL;TRAMO RECTO;PLANA ;ASFALTADA;NULL;NULL;NULL;NULL;EN PROCESO DE INVESTIGACIÓN;NO CUENTA CON CAUSA ESPECIFICA;Avenida La Cordialidad;29/4/2021;-77.078881
A-2021-04-292;00:00.0;DESPISTE;1;2;1;JUNIN;YAULI;PACCHA;RURAL;CARRETERA;NACIONAL;PE-3N;-11.485281;SOLEADO;RURAL;CURVA;PLANA ;ASFALTADA;SI;REGULADORA (R);PREVENTIVA (P);NO;IMPRUDENCIA DEL CONDUCTOR;EXCESO DE VELOCIDAD;Carretera Longitudinal de la Sierra Norte;29/4/2021;-75.953161
A-2021-04-202;00:00.0;DESPISTE;1;1;1;CUSCO;CANCHIS;PITUMARCA;RURAL;CARRETERA;DEPARTAMENTAL;CU-125;-13.92986;DESPEJADO;RURAL;CURVA;INCLINADA;TROCHA;NULL;NULL;NULL;NULL;NEGLIGENCIA DEL CONDUCTOR;OTRO (NEGLIGENCIA DEL CONDUCTOR);CU-125;29/4/2021;-71.0209
A-2021-02-262;30:00.0;ATROPELLO;1;0;0;LIMA;LIMA;RIMAC;URBANA;AVENIDA;URBANO;NO CORRESPONDE;-12.026902;DESPEJADO;RESIDENCIAL;INTERSECCIÓN;PLANA ;ASFALTADA;NULL;NULL;NULL;NULL;IMPRUDENCIA DEL PEATÓN;DESACATO DE SEÑAL DE TRÁNSITO;Avenida Morro de Arica;17/2/2021;-77.040172
A-2021-02-112;10:00.0;ATROPELLO;1;1;0;PIURA;SULLANA;SULLANA;RURAL;CARRETERA;PROVINCIAL;PI-986;-4.957413;DESPEJADO;RURAL;TRAMO RECTO;PLANA ;AFIRMADO;NULL;NULL;NULL;NULL;EN PROCESO DE INVESTIGACIÓN;NO CUENTA CON CAUSA ESPECIFICA;Sullana;17/2/2021;-80.64223
A-2021-02-111;30:00.0;ATROPELLO FUGA;1;2;0;PIURA;PIURA;CASTILLA;RURAL;CARRETERA;NACIONAL;PE-1NJ;-5.179843;DESPEJADO;RURAL;TRAMO RECTO;PLANA ;ASFALTADA;NULL;NULL;NULL;NULL;EN PROCESO DE INVESTIGACIÓN;NO CUENTA CON CAUSA ESPECIFICA;Carretera Interoceánica Norte;17/2/2021;-80.57008
A-2021-02-89;20:00.0;ATROPELLO;1;0;1;ICA;ICA;ICA;URBANA;AVENIDA;URBANO;NO CORRESPONDE;-14.055739;DESPEJADO;RESIDENCIAL;TRAMO RECTO;PLANA ;ASFALTADA;NULL;NULL;NULL;NULL;IMPRUDENCIA DEL PEATÓN;CRUCE INDEBIDO POR LA CALZADA;Avendia Sebastian Barranca;17/2/2021;-75.728511
A-2021-02-83;25:00.0;ATROPELLO;1;0;1;CAJAMARCA;CAJAMARCA;CAJAMARCA;URBANA;JIRÓN;URBANO;NO CORRESPONDE;-7.138403;DESPEJADO;INDUSTRIAL;TRAMO RECTO;INCLINADA;AFIRMADO;NULL;NULL;NULL;NULL;NEGLIGENCIA DEL CONDUCTOR;OTRO (NEGLIGENCIA DEL CONDUCTOR);Pasaje San Rafael;17/2/2021;-78.52786
A-2021-02-192;46:00.0;ATROPELLO FUGA;1;0;0;LAMBAYEQUE;CHICLAYO;PIMENTEL;RURAL;CARRETERA;NACIONAL;PE-06;-6.833033;DESPEJADO;RESIDENCIAL;TRAMO RECTO;PLANA ;ASFALTADA;NULL;NULL;NULL;NULL;IMPRUDENCIA DEL CONDUCTOR;EXCESO DE VELOCIDAD;Avenida Alfonso Ugarte;17/2/2021;-79.926935
A-2021-02-93;10:00.0;DESPISTE;1;1;1;ICA;ICA;SALAS;URBANA;CARRETERA;NACIONAL;PE-1S;-13.923069;DESPEJADO;RURAL;TRAMO RECTO;PLANA ;ASFALTADA;NULL;NULL;NULL;NULL;IMPRUDENCIA DEL CONDUCTOR;FATIGA Y/O CANSANCIO;Carretera Panamericana Sur;18/2/2021;-75.993168
A-2021-02-84;40:00.0;DESPISTE;1;0;0;PUNO;YUNGUYO;YUNGUYO;RURAL;CARRETERA;DEPARTAMENTAL;PU-130;-16.266;DESPEJADO;RURAL;CURVA;INCLINADA;ASFALTADA;SI;PREVENTIVA (P);NULL;SI;IMPRUDENCIA DEL CONDUCTOR;CONDUCIR EN ESTADO DE EBRIEDAD Y/O DROGADICCIÓN;Yunguyo;18/2/2021;-69.08
A-2021-02-100;30:00.0;VOLCADURA;2;0;2;AREQUIPA;CAMANA;QUILCA;RURAL;CARRETERA;NACIONAL;PE-1SD;-16.666286;DESPEJADO;RURAL;CURVA;INCLINADA;ASFALTADA;SI;PREVENTIVA (P);NULL;SI;IMPRUDENCIA DEL CONDUCTOR;EXCESO DE VELOCIDAD;Carretera Costanera Sur;18/2/2021;-72.556992
A-2021-02-148;00:00.0;VOLCADURA;1;0;1;CUSCO;LA CONVENCION;QUELLOUNO;RURAL;CARRETERA;DEPARTAMENTAL;CU-105;-12.636523;NUBLADO;RURAL;CURVA;PLANA ;AFIRMADO;NULL;NULL;NULL;NULL;NEGLIGENCIA DEL CONDUCTOR;OTRO (NEGLIGENCIA DEL CONDUCTOR);Quelloúno;18/2/2021;-72.556939
A-2021-02-178;40:00.0;ATROPELLO;1;0;0;PUNO;SAN ANTONIO DE PUTINA;PUTINA;URBANA;JIRÓN;URBANO;NO CORRESPONDE;-14.913519;LLUVIOSO;RESIDENCIAL;TRAMO RECTO;PLANA ;CONCRETO;NULL;NULL;NULL;NULL;IMPRUDENCIA DEL PEATÓN;OTRO (IMPRUDENCIA DEL PEATÓN);Putina;18/2/2021;-69.863332
A-2021-02-264;25:00.0;CHOQUE CON OBJETO FIJO;1;3;NULL;LIMA;LIMA;VILLA MARIA DEL TRIUNFO;RURAL;CALLE;URBANO;NO CORRESPONDE;-12.14029;DESPEJADO;RURAL;PASE A DESNIVEL;INCLINADA;AFIRMADO;NULL;NULL;NULL;NULL;IMPRUDENCIA DEL CONDUCTOR;EXCESO DE VELOCIDAD;Villa María del Triunfo;18/2/2021;-76.9112
A-2021-02-263;00:00.0;ATROPELLO FUGA;1;0;0;LIMA;LIMA;RIMAC;URBANA;CARRETERA;NACIONAL;PE-1N;-12.043103;DESPEJADO;INDUSTRIAL;TRAMO RECTO;PLANA ;ASFALTADA;NULL;NULL;NULL;NULL;EN PROCESO DE INVESTIGACIÓN;NO CUENTA CON CAUSA ESPECIFICA;Vía de Evitamiento;18/2/2021;-77.023178
A-2021-02-94;50:00.0;ATROPELLO FUGA;1;0;0;PUNO;CHUCUITO;POMATA;RURAL;CARRETERA;NACIONAL;PE-3S;-16.345951;DESPEJADO;RURAL;TRAMO RECTO;PLANA ;ASFALTADA;NULL;NULL;NULL;NULL;IMPRUDENCIA DEL PEATÓN;CRUCE INDEBIDO POR LA CALZADA;Carretera Longitudinal de la Sierra Sur;19/2/2021;-69.242823
A-2021-02-201;55:00.0;ATROPELLO FUGA;1;0;0;LAMBAYEQUE;CHICLAYO;JOSE LEONARDO ORTIZ;URBANA;AVENIDA;URBANO;NO CORRESPONDE;-6.754658;DESPEJADO;COMERCIAL;TRAMO RECTO;PLANA ;ASFALTADA;NULL;NULL;NULL;NULL;IMPRUDENCIA DEL CONDUCTOR;CONDUCIR EN SENTIDO CONTRARIO;San Pedro;19/2/2021;-79.847819
A-2021-02-235;30:00.0;CHOQUE;1;0;1;CALLAO;CALLAO;CALLAO;URBANA;CARRETERA;NACIONAL;PE-20;-11.959804;DESPEJADO;INDUSTRIAL;TRAMO RECTO;PLANA ;CONCRETO;NULL;NULL;NULL;NULL;EN PROCESO DE INVESTIGACIÓN;NO CUENTA CON CAUSA ESPECIFICA;Avenida Coronel Nestor Gambetta;19/2/2021;-77.128368