CÓDIGO SINIESTRO;HORA SINIESTRO;CLASE SINIESTRO;CANTIDAD DE FALLECIDOS;CANTIDAD DE LESIONADOS;CANTIDAD DE VEHICULOS DAÑADOS;DEPARTAMENTO;PROVINCIA;DISTRITO;ZONA;TIPO DE VÍA;RED VIAL;COD CARRETERA;COORDENADAS LATITUD;CONDICIÓN CLIMÁTICA;ZONIFICACIÓN;CARACTERÍSTICAS DE VÍA;PERFIL LONGITUDINAL VÍA;SUPERFICIE DE CALZADA;¿EXISTE SEÑAL VERTICAL?;CLASIFICACIÓN DE LA SEÑAL VERTICAL Nº 1;CLASIFICACIÓN DE LA SEÑAL VERTICAL Nº 2;¿EXISTE SEÑAL HORIZONTAL?;CAUSA FACTOR PRINCIPAL;CAUSA ESPECÍFICA;UBICACION;FECHA SINIESTRO;COORDENADAS LONGITUD
A-2021-02-281;20:00.0;DESPISTE;2;2;NULL;ANCASH;PALLASCA;TAUCA;RURAL;CARRETERA;NACIONAL;PE-3N;-8.449816;DESPEJADO;RURAL;CURVA;INCLINADA;AFIRMADO;NULL;NULL;NULL;NULL;IMPERICIA DEL CONDUCTOR;NULL;Carretera Longitudinal de la Sierra Norte;19/2/2021;-78.029312
A-2021-02-104;30:00.0;DESPISTE;1;1;1;PUNO;EL COLLAO;CAPAZO;RURAL;CARRETERA;DEPARTAMENTAL;PU-131;-17.183;DESPEJADO;RURAL;TRAMO RECTO;PLANA ;TROCHA;NULL;NULL;NULL;NULL;IMPRUDENCIA DEL CONDUCTOR;OTRO (IMPRUDENCIA DEL CONDUCTOR);PU-131;19/2/2021;-69.645
A-2021-02-103;31:00.0;VOLCADURA;1;0;1;AREQUIPA;CAMANA;SAMUEL PASTOR;RURAL;CARRETERA;PROVINCIAL;AR-541;-16.610207;DESPEJADO;RURAL;TRAMO RECTO;PLANA ;ASFALTADA;NULL;NULL;NULL;NULL;EN PROCESO DE INVESTIGACIÓN;NO CUENTA CON CAUSA ESPECIFICA;AR-541;19/2/2021;-72.715164
A-2021-02-165;15:00.0;CHOQUE;1;0;3;CUSCO;CHUMBIVILCAS;QUIÑOTA;RURAL;CARRETERA;NACIONAL;PE-3SG;-14.320065;DESPEJADO;RURAL;TRAMO RECTO;PLANA ;ASFALTADA;NULL;NULL;NULL;NULL;IMPRUDENCIA DEL CONDUCTOR;EXCESO DE VELOCIDAD;PE-3SG;19/2/2021;-72.13885
A-2021-02-265;20:00.0;ATROPELLO;2;0;0;LIMA;LIMA;LIMA;URBANA;AVENIDA;URBANO;NO CORRESPONDE;-12.061019;DESPEJADO;COMERCIAL;INTERSECCIÓN;PLANA ;ASFALTADA;NULL;NULL;NULL;NULL;IMPRUDENCIA DEL CONDUCTOR;EXCESO DE VELOCIDAD;Avenida Aviación;19/2/2021;-77.012814
A-2021-02-278;00:00.0;ATROPELLO FUGA;1;0;NULL;HUANUCO;HUANUCO;AMARILIS;URBANA;CARRETERA;NACIONAL;PE-18A;-9.913444;DESPEJADO;RESIDENCIAL;TRAMO RECTO;PLANA ;ASFALTADA;NULL;NULL;NULL;NULL;EN PROCESO DE INVESTIGACIÓN;NO CUENTA CON CAUSA ESPECIFICA;Carretera Central;19/2/2021;-76.231121
A-2021-02-128;39:00.0;DESPISTE;1;1;0;PIURA;PIURA;LA ARENA;RURAL;CARRETERA;NACIONAL;PE-1NK;-5.353711;DESPEJADO;RURAL;CURVA;PLANA ;TROCHA;NULL;NULL;NULL;NULL;EN PROCESO DE INVESTIGACIÓN;NO CUENTA CON CAUSA ESPECIFICA;Avenida Comercio;19/2/2021;-80.716443
A-2021-02-96;30:00.0;DESPISTE;1;0;1;HUANUCO;LEONCIO PRADO;CASTILLO GRANDE;URBANA;CARRETERA;PROVINCIAL;HU-556;-9.297275;DESPEJADO;COMERCIAL;TRAMO RECTO;PLANA ;ASFALTADA;NULL;NULL;NULL;NULL;EN PROCESO DE INVESTIGACIÓN;NO CUENTA CON CAUSA ESPECIFICA;Avenida Unión;20/2/2021;-76.007668
A-2021-02-280;00:00.0;DESPISTE;1;0;1;HUANUCO;HUANUCO;QUISQUI (KICHKI);RURAL;CARRETERA;NACIONAL;PE-3N;-9.892969;DESPEJADO;RURAL;CURVA;INCLINADA;AFIRMADO;NULL;NULL;NULL;NULL;IMPRUDENCIA DEL CONDUCTOR;OTRO (IMPRUDENCIA DEL CONDUCTOR);Carretera Longitudinal de la Sierra Norte;20/2/2021;-76.452051
A-2021-02-166;30:00.0;CHOQUE;1;2;2;LA LIBERTAD;CHEPEN;CHEPEN;RURAL;CALLE;URBANO;NO CORRESPONDE;-7.243284;DESPEJADO;RURAL;TRAMO RECTO;PLANA ;ASFALTADA;NULL;NULL;NULL;NULL;EN PROCESO DE INVESTIGACIÓN;NO CUENTA CON CAUSA ESPECIFICA;Talambo;20/2/2021;-79.399869
A-2021-02-212;19:00.0;ATROPELLO FUGA;1;1;NULL;PUNO;PUNO;ACORA;RURAL;CARRETERA;NACIONAL;PE-3S;-15.967405;DESPEJADO;RURAL;TRAMO RECTO;PLANA ;ASFALTADA;NULL;NULL;NULL;NULL;EN PROCESO DE INVESTIGACIÓN;NO CUENTA CON CAUSA ESPECIFICA;Carretera Longitudinal de la Sierra Sur;20/2/2021;-69.806689
A-2021-02-147;00:00.0;DESPISTE;1;0;0;PUNO;CHUCUITO;POMATA;RURAL;CARRETERA;SIN CLASIFICAR;SIN CLASIFICAR;-16.267507;DESPEJADO;RURAL;CURVA;PLANA ;TROCHA;NULL;NULL;NULL;NULL;IMPRUDENCIA DEL CONDUCTOR;EXCESO DE VELOCIDAD;Pomata;20/2/2021;-69.29679
A-2021-02-284;45:00.0;DESPISTE;1;1;1;PIURA;MORROPON;SALITRAL;RURAL;CARRETERA;NACIONAL;PE-02A;-5.371869;DESPEJADO;RURAL;TRAMO RECTO;PLANA ;ASFALTADA;NULL;NULL;NULL;NULL;EN PROCESO DE INVESTIGACIÓN;NO CUENTA CON CAUSA ESPECIFICA;PE-02A;21/2/2021;-79.820396
A-2021-02-115;00:00.0;CHOQUE;1;2;2;PIURA;PIURA;VEINTISEIS DE OCTUBRE;RURAL;CARRETERA;NACIONAL;PE-1N;-5.160125;DESPEJADO;RURAL;TRAMO RECTO;PLANA ;ASFALTADA;SI;REGULADORA (R);NULL;NO;IMPRUDENCIA DEL CONDUCTOR;CONDUCIR EN ESTADO DE EBRIEDAD Y/O DROGADICCIÓN;Carretera Panamericana Norte;21/2/2021;-80.693127
A-2021-02-275;00:00.0;VOLCADURA;1;0;1;PIURA;SULLANA;QUERECOTILLO;RURAL;CARRETERA;NACIONAL;PE-1NN;-4.807883;DESPEJADO;RURAL;TRAMO RECTO;PLANA ;ASFALTADA;NULL;NULL;NULL;NULL;EN PROCESO DE INVESTIGACIÓN;NO CUENTA CON CAUSA ESPECIFICA;Carretera Sullana - El Alamor;21/2/2021;-80.623159
A-2021-02-274;30:00.0;DESPISTE;1;0;1;PIURA;SULLANA;QUERECOTILLO;RURAL;CARRETERA;NACIONAL;PE-1NN;-4.749529;DESPEJADO;RURAL;TRAMO RECTO;PLANA ;ASFALTADA;NULL;NULL;NULL;NULL;EN PROCESO DE INVESTIGACIÓN;NO CUENTA CON CAUSA ESPECIFICA;Carretera Sullana - El Alamor;21/2/2021;-80.58796
A-2021-02-237;40:00.0;CHOQUE CON OBJETO FIJO;1;0;0;LIMA;LIMA;MAGDALENA DEL MAR;URBANA;OTRO;URBANO;NO CORRESPONDE;-12.09681;SOLEADO;RURAL;TRAMO RECTO;PLANA ;ASFALTADA;NULL;NULL;NULL;NULL;EN PROCESO DE INVESTIGACIÓN;NO CUENTA CON CAUSA ESPECIFICA;Ciclovía Costa Verde Magdalena - San Miguel;21/2/2021;-77.075258
A-2021-02-167;15:00.0;CHOQUE;3;2;3;LA LIBERTAD;PACASMAYO;SAN PEDRO DE LLOC;RURAL;CARRETERA;NACIONAL;PE-1N;-7.434894;DESPEJADO;RURAL;TRAMO RECTO;PLANA ;ASFALTADA;NULL;NULL;NULL;NULL;IMPRUDENCIA DEL CONDUCTOR;CONDUCIR EN ESTADO DE EBRIEDAD Y/O DROGADICCIÓN;Carretera Panamericana Norte;21/2/2021;-79.50161
A-2021-02-282;00:00.0;ATROPELLO FUGA;1;0;0;ANCASH;SANTA;NUEVO CHIMBOTE;URBANA;CARRETERA;NACIONAL;PE-1N;-9.154151;DESPEJADO;RESIDENCIAL;TRAMO RECTO;PLANA ;ASFALTADA;NULL;NULL;NULL;NULL;EN PROCESO DE INVESTIGACIÓN;NO CUENTA CON CAUSA ESPECIFICA;Panamericana Norte;22/2/2021;-78.503316
A-2021-02-266;30:00.0;VOLCADURA;1;0;0;LIMA;LIMA;INDEPENDENCIA;URBANA;CARRETERA;NACIONAL;PE-1N;-11.988294;DESPEJADO;COMERCIAL;INTERSECCIÓN;PLANA ;ASFALTADA;NULL;NULL;NULL;NULL;IMPRUDENCIA DEL CONDUCTOR;EXCESO DE VELOCIDAD;Avenida Alfredo Mendiola;22/2/2021;-77.064146
A-2021-02-179;50:00.0;ATROPELLO;1;0;1;PUNO;SAN ROMAN;JULIACA;URBANA;AVENIDA;URBANO;NO CORRESPONDE;-15.492512;DESPEJADO;RESIDENCIAL;TRAMO RECTO;PLANA ;CONCRETO;NO;NULL;NULL;SI;IMPRUDENCIA DEL PEATÓN;CRUCE INDEBIDO POR LA CALZADA;Avenida Perú;22/2/2021;-70.116788
A-2021-02-175;30:00.0;ATROPELLO;1;0;1;LAMBAYEQUE;CHICLAYO;LA VICTORIA;URBANA;CARRETERA;NACIONAL;PE-1N;-6.802064;DESPEJADO;RESIDENCIAL;INTERSECCIÓN;PLANA ;ASFALTADA;SI;REGULADORA (R);PREVENTIVA (P);NO;EN PROCESO DE INVESTIGACIÓN;NO CUENTA CON CAUSA ESPECIFICA;Avenida Gran Chimú;22/2/2021;-79.846767
A-2021-02-202;00:00.0;DESPISTE;1;2;1;APURIMAC;GRAU;GAMARRA;RURAL;CARRETERA;PROVINCIAL;AP-906;-13.902034;DESPEJADO;RURAL;CURVA;PLANA ;TROCHA;NULL;NULL;NULL;NULL;IMPRUDENCIA DEL CONDUCTOR;CONDUCIR EN ESTADO DE EBRIEDAD Y/O DROGADICCIÓN;AP-906;22/2/2021;-72.533002
A-2021-02-182;40:00.0;DESPISTE;1;0;2;LIMA;HUAURA;HUAURA;URBANA;CARRETERA;NACIONAL;PE-1NE;-11.06298;DESPEJADO;RURAL;TRAMO RECTO;PLANA ;ASFALTADA;NULL;NULL;NULL;NULL;EN PROCESO DE INVESTIGACIÓN;NO CUENTA CON CAUSA ESPECIFICA;Carretera Huaura - Ambo;22/2/2021;-77.577451
A-2021-02-129;40:00.0;CHOQUE;1;0;2;PIURA;PIURA;VEINTISEIS DE OCTUBRE;URBANA;AVENIDA;URBANO;NO CORRESPONDE;-5.176102;DESPEJADO;ESCOLAR;INTERSECCIÓN;PLANA ;CONCRETO;SI;PREVENTIVA (P);PREVENTIVA (P);SI;EN PROCESO DE INVESTIGACIÓN;NO CUENTA CON CAUSA ESPECIFICA;San Martín;22/2/2021;-80.661974
A-2021-02-183;00:00.0;CHOQUE;1;1;2;LA LIBERTAD;GRAN CHIMU;CASCAS;RURAL;CARRETERA;NACIONAL;PE-1NF;-7.530991;DESPEJADO;RURAL;TRAMO RECTO;PLANA ;ASFALTADA;NULL;NULL;NULL;NULL;IMPRUDENCIA DEL CONDUCTOR;CONDUCIR EN ESTADO DE EBRIEDAD Y/O DROGADICCIÓN;Carretera Chicama - Cascas;23/2/2021;-78.806241
A-2021-02-214;20:00.0;DESPISTE;1;0;1;LAMBAYEQUE;CHICLAYO;LA VICTORIA;URBANA;CARRETERA;NACIONAL;PE-1N;-6.837921;DESPEJADO;RESIDENCIAL;TRAMO RECTO;PLANA ;ASFALTADA;NULL;NULL;NULL;NULL;EN PROCESO DE INVESTIGACIÓN;NO CUENTA CON CAUSA ESPECIFICA;Panamericana Norte;23/2/2021;-79.829367
A-2021-02-184;20:00.0;ATROPELLO;1;0;1;LA LIBERTAD;TRUJILLO;TRUJILLO;URBANA;AVENIDA;URBANO;NO CORRESPONDE;-8.112031;DESPEJADO;COMERCIAL;INTERSECCIÓN;PLANA ;ASFALTADA;NULL;NULL;NULL;NULL;IMPRUDENCIA DEL PEATÓN;CRUCE INDEBIDO POR LA CALZADA;Pasaje San Luis;23/2/2021;-79.032938
A-2021-02-236;00:00.0;DESPISTE;1;0;1;CALLAO;CALLAO;CALLAO;URBANA;CARRETERA;NACIONAL;PE-20I;-12.050285;DESPEJADO;RESIDENCIAL;TRAMO RECTO;PLANA ;CONCRETO;NULL;NULL;NULL;NULL;EN PROCESO DE INVESTIGACIÓN;NO CUENTA CON CAUSA ESPECIFICA;Avenida Argentina;23/2/2021;-77.118064
A-2021-02-283;05:00.0;ATROPELLO FUGA;1;0;NULL;ANCASH;SANTA;SAMANCO;RURAL;CARRETERA;NACIONAL;PE-1N;-9.251161;DESPEJADO;RURAL;TRAMO RECTO;PLANA ;ASFALTADA;NULL;NULL;NULL;NULL;EN PROCESO DE INVESTIGACIÓN;NO CUENTA CON CAUSA ESPECIFICA;Panamericana Norte;23/2/2021;-78.439373
A-2021-02-267;00:00.0;ATROPELLO FUGA;1;0;0;LIMA;LIMA;SANTA ANITA;URBANA;CARRETERA;NACIONAL;PE-1N;-12.057;DESPEJADO;RESIDENCIAL;TRAMO RECTO;PLANA ;ASFALTADA;NULL;NULL;NULL;NULL;EN PROCESO DE INVESTIGACIÓN;NO CUENTA CON CAUSA ESPECIFICA;Vía de Evitamiento;23/2/2021;-76.974
A-2021-02-168;40:00.0;CHOQUE;1;1;2;LA LIBERTAD;ASCOPE;CHICAMA;RURAL;CARRETERA;NACIONAL;PE-1NF;-7.838814;DESPEJADO;RURAL;TRAMO RECTO;PLANA ;ASFALTADA;NULL;NULL;NULL;NULL;IMPRUDENCIA DEL CONDUCTOR;FATIGA Y/O CANSANCIO;Carretera Chicama - Casa Grande;24/2/2021;-79.152311
A-2021-02-226;15:00.0;ESPECIAL;1;0;0;MOQUEGUA;MARISCAL NIETO;MOQUEGUA;RURAL;OTRO;URBANO;NO CORRESPONDE;-17.203995;SOLEADO;RURAL;TRAMO RECTO;PLANA ;TROCHA;NULL;NULL;NULL;NULL;IMPRUDENCIA DEL PEATÓN;OTRO (IMPRUDENCIA DEL PEATÓN);Moquegua;24/2/2021;-70.895577
A-2021-02-268;30:00.0;CHOQUE;1;0;2;LIMA;LIMA;RIMAC;URBANA;AVENIDA;URBANO;NO CORRESPONDE;-12.034807;DESPEJADO;RESIDENCIAL;INTERSECCIÓN;PLANA ;ASFALTADA;NULL;NULL;NULL;NULL;EN PROCESO DE INVESTIGACIÓN;NO CUENTA CON CAUSA ESPECIFICA;Avenida Guardia Republicana;24/2/2021;-77.029858
A-2021-02-156;40:00.0;CHOQUE;1;0;2;PUNO;SAN ROMAN;CABANILLAS;RURAL;CARRETERA;DEPARTAMENTAL;PU-124;-15.43385;DESPEJADO;RURAL;TRAMO RECTO;PLANA ;ASFALTADA;SI;PREVENTIVA (P);INFORMATIVA (I);SI;IMPRUDENCIA DEL CONDUCTOR;INVASIÓN DE CARRIL;Carretera Unocolla;24/2/2021;-70.2663
A-2021-02-133;10:00.0;CHOQUE;1;0;2;AREQUIPA;ISLAY;DEAN VALDIVIA;RURAL;CARRETERA;NACIONAL;PE-1SD;-17.122811;DESPEJADO;RURAL;TRAMO RECTO;PLANA ;ASFALTADA;NO;NULL;NULL;SI;IMPRUDENCIA DEL CONDUCTOR;EXCESO DE VELOCIDAD;Carretera Costanera Sur;24/2/2021;-71.887054
A-2021-02-136;15:00.0;CHOQUE;1;0;2;TACNA;TACNA;TACNA;RURAL;CARRETERA;NACIONAL;PE-1S;-17.979841;DESPEJADO;RURAL;TRAMO RECTO;PLANA ;ASFALTADA;SI;REGULADORA (R);INFORMATIVA (I);NO;IMPRUDENCIA DEL CONDUCTOR;INVASIÓN DE CARRIL;Carretera Panamericana Sur;24/2/2021;-70.282731
A-2021-02-170;20:00.0;ATROPELLO;1;0;0;CUSCO;LA CONVENCION;QUELLOUNO;URBANA;JIRÓN;URBANO;NO CORRESPONDE;-12.514535;DESPEJADO;RESIDENCIAL;INTERSECCIÓN;PLANA ;ASFALTADA;NULL;NULL;NULL;NULL;IMPRUDENCIA DEL CONDUCTOR;EXCESO DE VELOCIDAD;Quelloúno;24/2/2021;-72.411943
A-2021-02-190;10:00.0;CHOQUE;1;1;2;LIMA;HUARAL;CHANCAY;URBANA;CARRETERA;NACIONAL;PE-1N;-11.598374;DESPEJADO;RURAL;TRAMO RECTO;PLANA ;ASFALTADA;SI;REGULADORA (R);PREVENTIVA (P);NO;EN PROCESO DE INVESTIGACIÓN;NO CUENTA CON CAUSA ESPECIFICA;Carretera Panamericana Norte;25/2/2021;-77.251107
A-2021-02-169;30:00.0;CHOQUE FUGA;1;0;1;LA LIBERTAD;ASCOPE;PAIJAN;RURAL;CARRETERA;NACIONAL;PE-1N;-7.704619;DESPEJADO;RURAL;TRAMO RECTO;PLANA ;ASFALTADA;NULL;NULL;NULL;NULL;IMPRUDENCIA DEL CONDUCTOR;OTRO (IMPRUDENCIA DEL CONDUCTOR);Carretera Panamericana Norte;25/2/2021;-79.314822
A-2021-02-227;40:00.0;DESPISTE;2;1;1;MOQUEGUA;MARISCAL NIETO;SAN CRISTOBAL;RURAL;CARRETERA;PROVINCIAL;MO-528;-16.664125;DESPEJADO;RURAL;SINUOSA;INCLINADA;TROCHA;NULL;NULL;NULL;NULL;IMPRUDENCIA DEL CONDUCTOR;FATIGA Y/O CANSANCIO;MO-528;25/2/2021;-70.734802
A-2021-02-228;30:00.0;CHOQUE;1;0;2;MOQUEGUA;MARISCAL NIETO;MOQUEGUA;RURAL;CARRETERA;NACIONAL;PE-1S;-17.20612;DESPEJADO;RURAL;TRAMO RECTO;PLANA ;ASFALTADA;NULL;NULL;NULL;NULL;IMPRUDENCIA DEL CONDUCTOR;OTRO (IMPRUDENCIA DEL CONDUCTOR);Carretera Panamericana Sur;26/2/2021;-71.386858
A-2021-02-269;30:00.0;ATROPELLO;1;0;0;LIMA;LIMA;SAN JUAN DE MIRAFLORES;URBANA;AVENIDA;URBANO;NO CORRESPONDE;-12.162491;DESPEJADO;RESIDENCIAL;TRAMO RECTO;PLANA ;ASFALTADA;NULL;NULL;NULL;NULL;IMPRUDENCIA DEL CONDUCTOR;OTRO (IMPRUDENCIA DEL CONDUCTOR);Avenida Guillermo Billinghurst;26/2/2021;-76.962732
A-2021-02-233;15:00.0;ATROPELLO;1;1;0;JUNIN;JAUJA;LEONOR ORDOÑEZ;URBANA;CARRETERA;NACIONAL;PE-3SB;-11.8617;DESPEJADO;RURAL;INTERSECCIÓN;INCLINADA;ASFALTADA;SI;REGULADORA (R);NULL;SI;EN PROCESO DE INVESTIGACIÓN;NO CUENTA CON CAUSA ESPECIFICA;Carretera Central Margen Derecha;26/2/2021;-75.413955
A-2021-02-177;00:00.0;VOLCADURA;1;0;2;ICA;ICA;ICA;URBANA;CARRETERA;NACIONAL;PE-1S;-14.063037;DESPEJADO;RESIDENCIAL;TRAMO RECTO;PLANA ;ASFALTADA;NULL;NULL;NULL;NULL;IMPRUDENCIA DEL CONDUCTOR;EXCESO DE VELOCIDAD;Carretera Panamericana Sur;27/2/2021;-75.741212
A-2021-02-176;00:00.0;DESPISTE;1;0;1;ICA;PISCO;HUMAY;RURAL;CARRETERA;NACIONAL;PE-28A;-13.733104;DESPEJADO;RURAL;TRAMO RECTO;PLANA ;ASFALTADA;NULL;NULL;NULL;NULL;IMPRUDENCIA DEL CONDUCTOR;FATIGA Y/O CANSANCIO;Vía de los Libertadores;27/2/2021;-75.923859
A-2021-02-172;40:00.0;DESPISTE;1;0;2;ICA;ICA;SANTIAGO;RURAL;CARRETERA;NACIONAL;PE-1S;-14.178641;DESPEJADO;RURAL;TRAMO RECTO;PLANA ;ASFALTADA;NULL;NULL;NULL;NULL;IMPRUDENCIA DEL CONDUCTOR;EXCESO DE VELOCIDAD;Carretera Panamericana Sur;27/2/2021;-75.715575
A-2021-02-199;45:00.0;CHOQUE;1;0;2;LAMBAYEQUE;LAMBAYEQUE;OLMOS;URBANA;CARRETERA;NACIONAL;PE-1NJ;-5.986339;DESPEJADO;COMERCIAL;TRAMO RECTO;PLANA ;ASFALTADA;SI;PREVENTIVA (P);REGULADORA (R);SI;EN PROCESO DE INVESTIGACIÓN;NO CUENTA CON CAUSA ESPECIFICA;Carretera Interoceánica Norte;27/2/2021;-79.73925
A-2021-02-270;30:00.0;ATROPELLO;1;0;0;LIMA;LIMA;EL AGUSTINO;URBANA;CARRETERA;NACIONAL;PE-1N;-12.032477;SOLEADO;RESIDENCIAL;TRAMO RECTO;PLANA ;ASFALTADA;NULL;NULL;NULL;NULL;EN PROCESO DE INVESTIGACIÓN;NO CUENTA CON CAUSA ESPECIFICA;Vía de Evitamiento;27/2/2021;-76.991074
A-2021-02-180;30:00.0;ESPECIAL;1;0;1;CAJAMARCA;SAN MARCOS;GREGORIO PITA;URBANA;CALLE;URBANO;NO CORRESPONDE;-7.273584;DESPEJADO;ESCOLAR;TRAMO RECTO;INCLINADA;CONCRETO;NULL;NULL;NULL;NULL;NEGLIGENCIA DEL CONDUCTOR;OTRO (NEGLIGENCIA DEL CONDUCTOR);Calle Real;27/2/2021;-78.159523
A-2021-02-216;15:00.0;CHOQUE;1;0;0;JUNIN;JAUJA;CURICACA;URBANA;CARRETERA;NACIONAL;PE-3S;-11.81435;LLUVIOSO;RESIDENCIAL;CURVA;INCLINADA;ASFALTADA;SI;REGULADORA (R);INFORMATIVA (I);NO;EN PROCESO DE INVESTIGACIÓN;NO CUENTA CON CAUSA ESPECIFICA;Carretera Longitudinal de la Sierra Sur;27/2/2021;-75.613936
A-2021-02-209;00:00.0;CHOQUE;1;3;3;PUNO;LAMPA;CALAPUJA;RURAL;CARRETERA;NACIONAL;PE-34B;-15.277902;DESPEJADO;RURAL;TRAMO RECTO;PLANA ;ASFALTADA;SI;REGULADORA (R);INFORMATIVA (I);SI;IMPRUDENCIA DEL CONDUCTOR;DESACATO DE SEÑAL DE TRÁNSITO;Carretera Interoceánica Puno - Madre de Dios;27/2/2021;-70.224195
A-2021-02-271;30:00.0;DESPISTE;1;0;1;LIMA;LIMA;CARABAYLLO;URBANA;JIRÓN;URBANO;NO CORRESPONDE;-11.889978;DESPEJADO;RESIDENCIAL;TRAMO RECTO;INCLINADA;ASFALTADA;NULL;NULL;NULL;NULL;IMPRUDENCIA DEL CONDUCTOR;CONDUCIR EN ESTADO DE EBRIEDAD Y/O DROGADICCIÓN;Jirón Jorge Chávez;27/2/2021;-77.02457
A-2021-02-196;15:00.0;CHOQUE;4;1;2;TUMBES;CONTRALMIRANTE VILLAR;CANOAS DE PUNTA SAL;RURAL;CARRETERA;NACIONAL;PE-1N;-4.053659;DESPEJADO;RURAL;CURVA;PLANA ;ASFALTADA;SI;PREVENTIVA (P);PREVENTIVA (P);SI;IMPRUDENCIA DEL CONDUCTOR;INVASIÓN DE CARRIL;Quebrada Seca, Canoas de Punta Sal, Contralmirante Villar, Tumbes, Perú;27/2/2021;-80.955688
A-2021-02-272;00:00.0;DESPISTE;1;0;1;PIURA;SULLANA;SULLANA;RURAL;CARRETERA;NACIONAL;PE-1N;-4.916858;DESPEJADO;INDUSTRIAL;TRAMO RECTO;PLANA ;ASFALTADA;SI;PREVENTIVA (P);REGULADORA (R);NO;EN PROCESO DE INVESTIGACIÓN;NO CUENTA CON CAUSA ESPECIFICA;Carretera Panamericana Norte;28/2/2021;-80.697074
A-2021-02-186;30:00.0;DESPISTE;2;0;1;LA LIBERTAD;SANTIAGO DE CHUCO;SITABAMBA;RURAL;CARRETERA;DEPARTAMENTAL;LI-115;-8.017236;DESPEJADO;RURAL;TRAMO RECTO;PLANA ;AFIRMADO;NULL;NULL;NULL;NULL;IMPRUDENCIA DEL CONDUCTOR;OTRO (IMPRUDENCIA DEL CONDUCTOR);LI-115;28/2/2021;-77.7588
A-2021-02-185;00:00.0;ATROPELLO FUGA;1;0;1;LA LIBERTAD;TRUJILLO;SALAVERRY;RURAL;CARRETERA;NACIONAL;PE-1N;-8.283801;DESPEJADO;RURAL;TRAMO RECTO;PLANA ;ASFALTADA;NULL;NULL;NULL;NULL;IMPRUDENCIA DEL CONDUCTOR;EXCESO DE VELOCIDAD;Panamericana Norte;28/2/2021;-78.91814
A-2021-02-187;40:00.0;CHOQUE FUGA;1;2;2;LA LIBERTAD;VIRU;CHAO;RURAL;CARRETERA;PROVINCIAL;LI-1208;-8.54778;DESPEJADO;RURAL;TRAMO RECTO;PLANA ;ASFALTADA;NULL;NULL;NULL;NULL;EN PROCESO DE INVESTIGACIÓN;NO CUENTA CON CAUSA ESPECIFICA;Chao;28/2/2021;-78.678269
A-2021-02-189;00:00.0;ATROPELLO;1;0;1;LA LIBERTAD;TRUJILLO;FLORENCIA DE MORA;URBANA;CALLE;URBANO;NO CORRESPONDE;-8.088921;DESPEJADO;COMERCIAL;TRAMO RECTO;PLANA ;ASFALTADA;NULL;NULL;NULL;NULL;IMPRUDENCIA DEL CONDUCTOR;CONDUCIR EN ESTADO DE EBRIEDAD Y/O DROGADICCIÓN;Calle 7 de Julio;28/2/2021;-79.026501
A-2021-02-223;15:00.0;ATROPELLO;2;0;1;PUNO;SAN ROMAN;SAN MIGUEL;URBANA;CARRETERA;NACIONAL;PE-3S;-15.466583;DESPEJADO;INDUSTRIAL;TRAMO RECTO;PLANA ;ASFALTADA;SI;REGULADORA (R);PREVENTIVA (P);SI;IMPRUDENCIA DEL CONDUCTOR;EXCESO DE VELOCIDAD;Avenida Independencia;28/2/2021;-70.138198
A-2021-02-188;25:00.0;CHOQUE;1;1;2;LA LIBERTAD;TRUJILLO;LAREDO;RURAL;CARRETERA;NACIONAL;PE-10A;-8.048596;DESPEJADO;RURAL;TRAMO RECTO;PLANA ;ASFALTADA;NULL;NULL;NULL;NULL;IMPRUDENCIA DEL CONDUCTOR;CONDUCIR EN ESTADO DE EBRIEDAD Y/O DROGADICCIÓN;Carretera Industrial;28/2/2021;-78.849761
A-2021-02-194;30:00.0;DESPISTE;2;1;1;AREQUIPA;AREQUIPA;MARIANO MELGAR;RURAL;CARRETERA;SIN CLASIFICAR;SIN CLASIFICAR;-16.387007;DESPEJADO;RURAL;OTRO;INCLINADA;TROCHA;NULL;NULL;NULL;NULL;NEGLIGENCIA DEL CONDUCTOR;OTRO (NEGLIGENCIA DEL CONDUCTOR);Mariano Melgar;28/2/2021;-71.457041
A-2021-03-100;28:00.0;ATROPELLO;1;0;1;LIMA;HUARAL;CHANCAY;URBANA;CARRETERA;NACIONAL;PE-1N;-11.537778;DESPEJADO;RURAL;TRAMO RECTO;PLANA ;ASFALTADA;NULL;NULL;NULL;NULL;IMPRUDENCIA DEL PEATÓN;CRUCE INDEBIDO POR LA CALZADA;Carretera Panamericana Norte;1/3/2021;-77.282976
A-2021-03-69;00:00.0;CAÍDA DE PASAJERO;1;0;0;LIMA;LIMA;INDEPENDENCIA;URBANA;AVENIDA;URBANO;NO CORRESPONDE;-11.9969;DESPEJADO;COMERCIAL;TRAMO RECTO;PLANA ;ASFALTADA;NULL;NULL;NULL;NULL;EN PROCESO DE INVESTIGACIÓN;NO CUENTA CON CAUSA ESPECIFICA;Avenida Túpac Amaru;1/3/2021;-77.0544
A-2021-03-1;50:00.0;ATROPELLO;1;0;1;PUNO;YUNGUYO;YUNGUYO;RURAL;CARRETERA;DEPARTAMENTAL;PU-130;-16.309113;DESPEJADO;RURAL;TRAMO RECTO;PLANA ;ASFALTADA;NULL;NULL;NULL;NULL;IMPRUDENCIA DEL CONDUCTOR;EXCESO DE VELOCIDAD;PU-130;1/3/2021;-69.060479