CÓDIGO SINIESTRO;HORA SINIESTRO;CLASE SINIESTRO;CANTIDAD DE FALLECIDOS;CANTIDAD DE LESIONADOS;CANTIDAD DE VEHICULOS DAÑADOS;DEPARTAMENTO;PROVINCIA;DISTRITO;ZONA;TIPO DE VÍA;RED VIAL;COD CARRETERA;COORDENADAS LATITUD;CONDICIÓN CLIMÁTICA;ZONIFICACIÓN;CARACTERÍSTICAS DE VÍA;PERFIL LONGITUDINAL VÍA;SUPERFICIE DE CALZADA;¿EXISTE SEÑAL VERTICAL?;CLASIFICACIÓN DE LA SEÑAL VERTICAL Nº 1;CLASIFICACIÓN DE LA SEÑAL VERTICAL Nº 2;¿EXISTE SEÑAL HORIZONTAL?;CAUSA FACTOR PRINCIPAL;CAUSA ESPECÍFICA;UBICACION;FECHA SINIESTRO;COORDENADAS LONGITUD
A-2021-03-6;00:00.0;DESPISTE;1;0;1;JUNIN;TARMA;SAN PEDRO DE CAJAS;RURAL;CARRETERA;PROVINCIAL;JU-548;-11.163582;DESPEJADO;RURAL;TRAMO RECTO;INCLINADA;TROCHA;NULL;NULL;NULL;NULL;IMPRUDENCIA DEL CONDUCTOR;CONDUCIR EN ESTADO DE EBRIEDAD Y/O DROGADICCIÓN;San Pedro de Cajas;1/3/2021;-75.856466
A-2021-03-93;30:00.0;CHOQUE;1;0;2;SAN MARTIN;LAMAS;BARRANQUITA;RURAL;CARRETERA;DEPARTAMENTAL;SM-105;-6.21662;DESPEJADO;RURAL;TRAMO RECTO;PLANA ;ASFALTADA;NULL;NULL;NULL;NULL;IMPRUDENCIA DEL CONDUCTOR;CONDUCIR EN ESTADO DE EBRIEDAD Y/O DROGADICCIÓN;Barranquita;1/3/2021;-75.99639
A-2021-03-273;00:00.0;DESPISTE;1;1;1;HUANCAVELICA;HUAYTARA;PILPICHACA;RURAL;CARRETERA;NACIONAL;PE-28A;-13.450225;NUBLADO;RURAL;TRAMO RECTO;INCLINADA;ASFALTADA;NULL;NULL;NULL;NULL;IMPRUDENCIA DEL CONDUCTOR;FATIGA Y/O CANSANCIO;Vía de los Libertadores;2/3/2021;-74.983666
A-2021-03-5;50:00.0;DESPISTE;1;2;1;ICA;PISCO;SAN CLEMENTE;RURAL;CARRETERA;NACIONAL;PE-1S;-13.630134;DESPEJADO;RURAL;TRAMO RECTO;PLANA ;ASFALTADA;NULL;NULL;NULL;NULL;IMPRUDENCIA DEL CONDUCTOR;FATIGA Y/O CANSANCIO;Antigua Carretera Panamericana Sur;2/3/2021;-76.152208
A-2021-03-65;45:00.0;CHOQUE;4;0;2;CUSCO;QUISPICANCHI;OCONGATE;RURAL;CARRETERA;NACIONAL;PE-30C;-13.652514;DESPEJADO;RURAL;CURVA;PLANA ;ASFALTADA;SI;PREVENTIVA (P);INFORMATIVA (I);NO;IMPRUDENCIA DEL CONDUCTOR;INVASIÓN DE CARRIL;Interoceánica Sur;2/3/2021;-71.305902
A-2021-03-58;30:00.0;DESPISTE;1;0;1;LA LIBERTAD;SANCHEZ CARRION;HUAMACHUCO;RURAL;CARRETERA;NACIONAL;PE-3N;-7.915461;DESPEJADO;RURAL;CURVA;PLANA ;ASFALTADA;NULL;NULL;NULL;NULL;EN PROCESO DE INVESTIGACIÓN;NO CUENTA CON CAUSA ESPECIFICA;Carretera Longitudinal de la Sierra Norte;2/3/2021;-78.14592
A-2021-03-12;40:00.0;DESPISTE;1;4;1;CAJAMARCA;CELENDIN;SOROCHUCO;RURAL;CARRETERA;PROVINCIAL;CA-1024;-6.917906;LLUVIOSO;RURAL;CURVA;INCLINADA;AFIRMADO;NULL;NULL;NULL;NULL;IMPRUDENCIA DEL CONDUCTOR;CONDUCIR EN ESTADO DE EBRIEDAD Y/O DROGADICCIÓN;CA-1024;2/3/2021;-78.252383
A-2021-03-11;45:00.0;CHOQUE;1;1;2;ANCASH;RECUAY;CATAC;RURAL;CARRETERA;NACIONAL;PE-3N;-9.859138;DESPEJADO;RURAL;CURVA;PLANA ;ASFALTADA;NULL;NULL;NULL;NULL;IMPRUDENCIA DEL CONDUCTOR;FATIGA Y/O CANSANCIO;Carretera Longitudinal de la Sierra Norte;3/3/2021;-77.405909
A-2021-03-365;03:00.0;DESPISTE;2;0;1;PIURA;AYABACA;SAPILLICA;RURAL;CARRETERA;PROVINCIAL;PI-745;-4.767575;DESPEJADO;RURAL;TRAMO RECTO;PLANA ;AFIRMADO;NULL;NULL;NULL;NULL;IMPRUDENCIA DEL CONDUCTOR;OTRO (IMPRUDENCIA DEL CONDUCTOR);PI-562;3/3/2021;-80.036049
A-2021-03-84;15:00.0;ATROPELLO;1;0;0;LORETO;MAYNAS;BELEN;URBANA;CALLE;URBANO;NO CORRESPONDE;-3.760023;SOLEADO;COMERCIAL;TRAMO RECTO;PLANA ;ASFALTADA;NULL;NULL;NULL;NULL;IMPRUDENCIA DEL PEATÓN;CRUCE INDEBIDO POR LA CALZADA;Jirón Abtao;3/3/2021;-73.248444
A-2021-03-99;50:00.0;CHOQUE;1;2;0;SAN MARTIN;PICOTA;PICOTA;RURAL;CARRETERA;NACIONAL;PE-5N;-6.89955;LLUVIOSO;RURAL;TRAMO RECTO;PLANA ;ASFALTADA;NULL;NULL;NULL;NULL;IMPRUDENCIA DEL CONDUCTOR;EXCESO DE VELOCIDAD;Carretera Presidente Fernando Belaúnde Terry;3/3/2021;-76.33663
A-2021-03-170;00:00.0;ATROPELLO;1;0;1;LIMA;LIMA;SAN JUAN DE LURIGANCHO;URBANA;CARRETERA;SIN CLASIFICAR;SIN CLASIFICAR;-11.960104;DESPEJADO;RESIDENCIAL;INTERSECCIÓN;PLANA ;ASFALTADA;NULL;NULL;NULL;NULL;IMPRUDENCIA DEL PEATÓN;OTRO (IMPRUDENCIA DEL PEATÓN);Nicolas Heres;3/3/2021;-76.981856
A-2021-03-7;00:00.0;DESPISTE;1;0;1;AREQUIPA;AREQUIPA;CERRO COLORADO;URBANA;CARRETERA;DEPARTAMENTAL;AR-123;-16.33549;DESPEJADO;RESIDENCIAL;ÓVALO;PLANA ;ASFALTADA;NULL;NULL;NULL;NULL;EN PROCESO DE INVESTIGACIÓN;NO CUENTA CON CAUSA ESPECIFICA;AR-123;3/3/2021;-71.597125
A-2021-03-103;36:00.0;CHOQUE;1;0;2;CUSCO;CANCHIS;MARANGANI;RURAL;CARRETERA;NACIONAL;PE-3S;-14.321561;DESPEJADO;RURAL;TRAMO RECTO;PLANA ;ASFALTADA;NO;NULL;NULL;SI;IMPRUDENCIA DEL CONDUCTOR;INVASIÓN DE CARRIL;Carretera Longitudinal de la Sierra Sur;3/3/2021;-71.200158
A-2021-03-64;00:00.0;CAÍDA DE PASAJERO;1;0;0;CUSCO;CHUMBIVILCAS;QUIÑOTA;RURAL;CARRETERA;NACIONAL;PE-3SG;-14.311253;DESPEJADO;RURAL;TRAMO RECTO;PLANA ;AFIRMADO;NULL;NULL;NULL;NULL;NEGLIGENCIA DEL CONDUCTOR;OTRO (NEGLIGENCIA DEL CONDUCTOR);PE-3SG;3/3/2021;-72.142777
A-2021-03-96;28:00.0;CHOQUE;1;0;2;LIMA;HUAURA;SANTA MARIA;URBANA;CARRETERA;NACIONAL;PE-1N;-11.112764;DESPEJADO;RURAL;TRAMO RECTO;PLANA ;ASFALTADA;SI;REGULADORA (R);INFORMATIVA (I);NO;IMPRUDENCIA DEL CONDUCTOR;NO ESTABLECER EL DERECHO DE PASO;Carretera Panamericana Norte;4/3/2021;-77.592429
A-2021-03-36;00:00.0;CHOQUE;1;0;2;LAMBAYEQUE;LAMBAYEQUE;MORROPE;URBANA;CARRETERA;NACIONAL;PE-1N;-6.630653;SOLEADO;INDUSTRIAL;TRAMO RECTO;PLANA ;ASFALTADA;SI;PREVENTIVA (P);REGULADORA (R);NO;EN PROCESO DE INVESTIGACIÓN;NO CUENTA CON CAUSA ESPECIFICA;Carretera Panamericana Norte;4/3/2021;-79.954774
A-2021-03-8;20:00.0;CHOQUE CON OBJETO FIJO;1;0;0;MADRE DE DIOS;TAMBOPATA;TAMBOPATA;RURAL;CARRETERA;DEPARTAMENTAL;MD-102;-12.633364;SOLEADO;RURAL;OTRO;PLANA ;TROCHA;NULL;NULL;NULL;NULL;NEGLIGENCIA DEL CONDUCTOR;OTRO (NEGLIGENCIA DEL CONDUCTOR);MD-102;4/3/2021;-69.183511
A-2021-03-171;40:00.0;VOLCADURA;1;0;1;LIMA;LIMA;SAN JUAN DE LURIGANCHO;URBANA;AVENIDA;URBANO;NO CORRESPONDE;-11.961697;DESPEJADO;RURAL;SINUOSA;INCLINADA;ASFALTADA;NULL;NULL;NULL;NULL;EN PROCESO DE INVESTIGACIÓN;NO CUENTA CON CAUSA ESPECIFICA;Avenida Héroes del Cenepa Oeste;4/3/2021;-76.982522
A-2021-03-175;30:00.0;DESPISTE;1;0;1;LIMA;LIMA;SAN MARTIN DE PORRES;URBANA;AVENIDA;URBANO;NO CORRESPONDE;-12.031772;DESPEJADO;COMERCIAL;INTERSECCIÓN;PLANA ;ASFALTADA;NULL;NULL;NULL;NULL;INFRAESTRUCTURA Y ENTORNO VIAL;OTRO (INFRAESTRUCTURA Y ENTORNO VIAL);Avenida Universitaria;5/3/2021;-77.077474
A-2021-03-37;00:00.0;DESPISTE;1;1;1;CUSCO;CHUMBIVILCAS;COLQUEMARCA;RURAL;CARRETERA;PROVINCIAL;CU-1544;-14.2836;NUBLADO;RURAL;CURVA;PLANA ;AFIRMADO;NULL;NULL;NULL;NULL;IMPRUDENCIA DEL CONDUCTOR;EXCESO DE VELOCIDAD;Colquemarca;5/3/2021;-72.0403
A-2021-03-27;00:00.0;DESPISTE;1;0;1;AREQUIPA;AREQUIPA;YURA;RURAL;CARRETERA;NACIONAL;PE-34A;-16.178049;DESPEJADO;RURAL;TRAMO RECTO;INCLINADA;ASFALTADA;NULL;NULL;NULL;NULL;NEGLIGENCIA DEL CONDUCTOR;OTRO (NEGLIGENCIA DEL CONDUCTOR);Vía Interoceánica Sur - Tramo 5;5/3/2021;-71.647299
A-2021-03-59;10:00.0;CHOQUE;1;3;2;LA LIBERTAD;CHEPEN;PACANGA;RURAL;CARRETERA;PROVINCIAL;LI-500;-7.195012;DESPEJADO;RURAL;TRAMO RECTO;PLANA ;ASFALTADA;NULL;NULL;NULL;NULL;IMPRUDENCIA DEL CONDUCTOR;INVASIÓN DE CARRIL;Avenida Las Flores;5/3/2021;-79.496807
A-2021-03-352;00:00.0;ATROPELLO;1;0;0;LIMA;LIMA;LIMA;URBANA;JIRÓN;URBANO;NO CORRESPONDE;-12.050964;DESPEJADO;RESIDENCIAL;INTERSECCIÓN;PLANA ;ASFALTADA;SI;PREVENTIVA (P);NULL;NO;IMPRUDENCIA DEL PEATÓN;ESTADO DE EBRIEDAD Y/O DROGADICCIÓN;Jirón Quilca;5/3/2021;-77.039908
A-2021-03-258;30:00.0;ATROPELLO;1;1;1;JUNIN;HUANCAYO;SAPALLANGA;URBANA;CARRETERA;NACIONAL;PE-3SC;-12.138053;DESPEJADO;COMERCIAL;TRAMO RECTO;PLANA ;ASFALTADA;NULL;NULL;NULL;NULL;EN PROCESO DE INVESTIGACIÓN;NO CUENTA CON CAUSA ESPECIFICA;PE-3SC;5/3/2021;-75.166207
A-2021-03-201;30:00.0;ATROPELLO;1;0;1;LIMA;LIMA;SAN JUAN DE MIRAFLORES;URBANA;CARRETERA;NACIONAL;PE-1S;-12.185667;DESPEJADO;RURAL;TRAMO RECTO;PLANA ;ASFALTADA;NULL;NULL;NULL;NULL;IMPRUDENCIA DEL CONDUCTOR;OTRO (IMPRUDENCIA DEL CONDUCTOR);Avenida Panamericana Sur;5/3/2021;-76.974538
A-2021-03-178;20:00.0;ATROPELLO FUGA;1;0;0;LAMBAYEQUE;CHICLAYO;LAGUNAS;RURAL;CARRETERA;NACIONAL;PE-1N;-6.938924;DESPEJADO;RURAL;TRAMO RECTO;PLANA ;ASFALTADA;NULL;NULL;NULL;NULL;IMPRUDENCIA DEL PEATÓN;CRUCE INDEBIDO POR LA CALZADA;Carretera Panamericana Norte;6/3/2021;-79.723199
A-2021-03-202;50:00.0;ATROPELLO;3;0;NULL;LIMA;LIMA;COMAS;URBANA;CARRETERA;NACIONAL;PE-1N;-11.939114;DESPEJADO;RESIDENCIAL;OTRO;PLANA ;ASFALTADA;NULL;NULL;NULL;NULL;IMPRUDENCIA DEL CONDUCTOR;OTRO (IMPRUDENCIA DEL CONDUCTOR);Avenida Panamericana Norte;6/3/2021;-77.071492
A-2021-03-101;30:00.0;DESPISTE;1;0;1;LIMA;HUARAL;SANTA CRUZ DE ANDAMARCA;RURAL;CARRETERA;NACIONAL;PE-20C;-11.129518;LLUVIOSO;RURAL;SINUOSA;INCLINADA;CASCAJO/RIPIO;NULL;NULL;NULL;NULL;EN PROCESO DE INVESTIGACIÓN;NO CUENTA CON CAUSA ESPECIFICA;PE-20C;6/3/2021;-76.623829
A-2021-03-23;15:00.0;DESPISTE;1;1;1;AREQUIPA;AREQUIPA;TIABAYA;URBANA;AVENIDA;URBANO;NO CORRESPONDE;-16.442496;DESPEJADO;RESIDENCIAL;SINUOSA;INCLINADA;ASFALTADA;NULL;NULL;NULL;NULL;IMPRUDENCIA DEL CONDUCTOR;OTRO (IMPRUDENCIA DEL CONDUCTOR);Calle Perales;6/3/2021;-71.586279
A-2021-03-46;30:00.0;DESPISTE;1;0;1;CUSCO;LA CONVENCION;ECHARATE;RURAL;CARRETERA;DEPARTAMENTAL;CU-101;-12.7681;DESPEJADO;RURAL;TRAMO RECTO;PLANA ;AFIRMADO;NULL;NULL;NULL;NULL;IMPRUDENCIA DEL CONDUCTOR;CONDUCIR EN ESTADO DE EBRIEDAD Y/O DROGADICCIÓN;Echarati;6/3/2021;-72.5767
A-2021-03-32;30:00.0;ATROPELLO;1;0;1;JUNIN;SATIPO;RIO NEGRO;RURAL;CARRETERA;NACIONAL;PE-5S;-11.214738;DESPEJADO;RURAL;INTERSECCIÓN;PLANA ;ASFALTADA;NULL;NULL;NULL;NULL;EN PROCESO DE INVESTIGACIÓN;NO CUENTA CON CAUSA ESPECIFICA;Carretera Longitudinal de la Selva Sur;6/3/2021;-74.655109
A-2021-03-90;00:00.0;ATROPELLO;1;0;0;LORETO;MAYNAS;IQUITOS;URBANA;CALLE;URBANO;NO CORRESPONDE;-3.757262;SOLEADO;COMERCIAL;INTERSECCIÓN;PLANA ;ASFALTADA;NULL;NULL;NULL;NULL;EN PROCESO DE INVESTIGACIÓN;NO CUENTA CON CAUSA ESPECIFICA;Jirón Abtao;6/3/2021;-73.252726
A-2021-03-24;30:00.0;DESPISTE;1;0;1;AREQUIPA;AREQUIPA;AREQUIPA;URBANA;AVENIDA;URBANO;NO CORRESPONDE;-16.403636;DESPEJADO;RESIDENCIAL;CURVA;INCLINADA;ASFALTADA;NO;NULL;NULL;SI;IMPRUDENCIA DEL CONDUCTOR;EXCESO DE VELOCIDAD;Avenida San Martín;6/3/2021;-71.544713
A-2021-03-137;00:00.0;DESPISTE;1;1;1;PIURA;AYABACA;FRIAS;RURAL;CARRETERA;PROVINCIAL;PI-789;-4.9969;LLUVIOSO;RURAL;CURVA;INCLINADA;AFIRMADO;NULL;NULL;NULL;NULL;EN PROCESO DE INVESTIGACIÓN;NO CUENTA CON CAUSA ESPECIFICA;La Cria;6/3/2021;-79.958187
A-2021-03-94;45:00.0;ATROPELLO;1;0;1;MOQUEGUA;MARISCAL NIETO;MOQUEGUA;RURAL;CARRETERA;NACIONAL;PE-1S;-17.639785;DESPEJADO;RURAL;TRAMO RECTO;PLANA ;ASFALTADA;SI;PREVENTIVA (P);NULL;SI;IMPRUDENCIA DEL PEATÓN;CRUCE INDEBIDO POR LA CALZADA;Carretera Panamericana Sur;6/3/2021;-70.930033
A-2021-03-335;50:00.0;ATROPELLO;1;1;1;UCAYALI;CORONEL PORTILLO;MANANTAY;URBANA;AVENIDA;URBANO;NO CORRESPONDE;-8.405868;DESPEJADO;RURAL;INTERSECCIÓN;PLANA ;AFIRMADO;NULL;NULL;NULL;NULL;EN PROCESO DE INVESTIGACIÓN;NO CUENTA CON CAUSA ESPECIFICA;Los Laureles;6/3/2021;-74.553925
A-2021-03-41;35:00.0;DESPISTE;1;0;1;LAMBAYEQUE;CHICLAYO;JOSE LEONARDO ORTIZ;URBANA;AVENIDA;URBANO;NO CORRESPONDE;-6.746387;DESPEJADO;RESIDENCIAL;INTERSECCIÓN;PLANA ;ASFALTADA;SI;REGULADORA (R);PREVENTIVA (P);NO;IMPRUDENCIA DEL CONDUCTOR;EXCESO DE VELOCIDAD;Avenida Chiclayo;7/3/2021;-79.835919
A-2021-03-31;30:00.0;DESPISTE;1;1;1;CAJAMARCA;CAJAMARCA;ENCAÑADA;RURAL;CARRETERA;PROVINCIAL;CA-1071;-7.069152;LLUVIOSO;RURAL;TRAMO RECTO;INCLINADA;AFIRMADO;NULL;NULL;NULL;NULL;IMPRUDENCIA DEL CONDUCTOR;FATIGA Y/O CANSANCIO;CA-1071;7/3/2021;-78.398274
A-2021-03-349;30:00.0;CHOQUE CON OBJETO FIJO;1;0;1;LIMA;LIMA;SANTA ROSA;URBANA;CARRETERA;NACIONAL;PE-1N;-11.790793;DESPEJADO;RESIDENCIAL;TRAMO RECTO;PLANA ;ASFALTADA;NULL;NULL;NULL;NULL;IMPRUDENCIA DEL CONDUCTOR;OTRO (IMPRUDENCIA DEL CONDUCTOR);Carretera Panamericana Norte;7/3/2021;-77.148731
A-2021-03-367;00:00.0;ATROPELLO;1;0;1;HUANUCO;AMBO;CONCHAMARCA;RURAL;CARRETERA;NACIONAL;PE-3N;-10.066035;DESPEJADO;RURAL;TRAMO RECTO;PLANA ;ASFALTADA;NULL;NULL;NULL;NULL;EN PROCESO DE INVESTIGACIÓN;NO CUENTA CON CAUSA ESPECIFICA;Carretera Longitudinal de la Sierra Norte;7/3/2021;-76.219289
A-2021-03-26;23:00.0;CHOQUE;1;1;2;PIURA;PIURA;CATACAOS;RURAL;CARRETERA;NACIONAL;PE-1N;-5.283956;LLUVIOSO;RURAL;TRAMO RECTO;PLANA ;ASFALTADA;NO;NULL;NULL;SI;IMPRUDENCIA DEL CONDUCTOR;INVASIÓN DE CARRIL;San Pablo;7/3/2021;-80.614865
A-2021-03-323;30:00.0;CHOQUE;1;0;2;LAMBAYEQUE;LAMBAYEQUE;JAYANCA;RURAL;CARRETERA;NACIONAL;PE-1NJ;-6.345032;DESPEJADO;RURAL;TRAMO RECTO;PLANA ;ASFALTADA;SI;PREVENTIVA (P);INFORMATIVA (I);NO;EN PROCESO DE INVESTIGACIÓN;NO CUENTA CON CAUSA ESPECIFICA;Carretera Lambayegue - Olmos;8/3/2021;-79.770666
A-2021-03-60;00:00.0;CHOQUE FUGA;1;0;2;LA LIBERTAD;ASCOPE;CASA GRANDE;RURAL;CARRETERA;PROVINCIAL;LI-620;-7.679811;DESPEJADO;RURAL;TRAMO RECTO;PLANA ;ASFALTADA;NULL;NULL;NULL;NULL;EN PROCESO DE INVESTIGACIÓN;NO CUENTA CON CAUSA ESPECIFICA;LI-620;8/3/2021;-79.237089
A-2021-03-305;00:00.0;CHOQUE CON OBJETO FIJO;1;0;NULL;PIURA;SULLANA;MARCAVELICA;NULL;CARRETERA;NACIONAL;PE-1N;-4.859391;NULL;NULL;NULL;NULL;NULL;NULL;NULL;NULL;NULL;EN PROCESO DE INVESTIGACIÓN;NO CUENTA CON CAUSA ESPECIFICA;Carretera Panamericana Norte;8/3/2021;-80.770175
A-2021-03-372;20:00.0;DESPISTE;1;0;NULL;ANCASH;SANTA;CHIMBOTE;URBANA;AVENIDA;URBANO;NO CORRESPONDE;-9.078416;DESPEJADO;RESIDENCIAL;INTERSECCIÓN;PLANA ;ASFALTADA;NULL;NULL;NULL;NULL;IMPRUDENCIA DEL CONDUCTOR;CONDUCIR EN ESTADO DE EBRIEDAD Y/O DROGADICCIÓN;Prolongación Miguel Grau;8/3/2021;-78.591262
A-2021-03-102;30:00.0;VOLCADURA;3;2;1;LIMA;HUARAL;SAN MIGUEL DE ACOS;RURAL;CARRETERA;NACIONAL;PE-20C;-11.276481;LLUVIOSO;RURAL;SINUOSA;INCLINADA;ASFALTADA;SI;PREVENTIVA (P);NULL;NO;EN PROCESO DE INVESTIGACIÓN;NO CUENTA CON CAUSA ESPECIFICA;PE-20C;8/3/2021;-76.82007
A-2021-03-61;10:00.0;CHOQUE;1;0;2;LA LIBERTAD;PACASMAYO;GUADALUPE;RURAL;CARRETERA;NACIONAL;PE-1N;-7.238599;DESPEJADO;RURAL;TRAMO RECTO;PLANA ;ASFALTADA;NULL;NULL;NULL;NULL;IMPRUDENCIA DEL CONDUCTOR;INVASIÓN DE CARRIL;Avenida Industrial;8/3/2021;-79.459271
A-2021-03-112;30:00.0;CHOQUE;1;7;2;PUNO;AZANGARO;SAN ANTON;RURAL;CARRETERA;NACIONAL;PE-34B;-14.480747;DESPEJADO;RURAL;CURVA;PLANA ;ASFALTADA;SI;PREVENTIVA (P);REGULADORA (R);SI;IMPRUDENCIA DEL CONDUCTOR;EXCESO DE VELOCIDAD;Carretera Interoceánica Puno - Madre de Dios;8/3/2021;-70.257833
A-2021-03-300;30:00.0;DESPISTE;1;0;1;AMAZONAS;RODRIGUEZ DE MENDOZA;CHIRIMOTO;RURAL;CARRETERA;PROVINCIAL;AM-693;-6.528156;LLUVIOSO;RURAL;CURVA;INCLINADA;TROCHA;NULL;NULL;NULL;NULL;EN PROCESO DE INVESTIGACIÓN;NO CUENTA CON CAUSA ESPECIFICA;Achamal;8/3/2021;-77.415899
A-2021-03-28;30:00.0;CHOQUE;1;0;2;PUNO;CHUCUITO;JULI;RURAL;CARRETERA;NACIONAL;PE-3S;-16.18222;DESPEJADO;RURAL;TRAMO RECTO;PLANA ;ASFALTADA;NULL;NULL;NULL;NULL;IMPRUDENCIA DEL CONDUCTOR;GIRAR IMPRUDENTEMENTE;Juli;8/3/2021;-69.531924
A-2021-03-336;00:00.0;CHOQUE;1;0;2;CAJAMARCA;JAEN;JAEN;RURAL;CARRETERA;NACIONAL;PE-5N;-5.685918;DESPEJADO;RURAL;TRAMO RECTO;PLANA ;ASFALTADA;NULL;NULL;NULL;NULL;EN PROCESO DE INVESTIGACIÓN;NO CUENTA CON CAUSA ESPECIFICA;PE-5N;8/3/2021;-78.790056
A-2021-03-194;40:00.0;DESPISTE;1;3;1;LIMA;HUAURA;SAYAN;RURAL;CARRETERA;NACIONAL;PE-18;-11.209471;DESPEJADO;RURAL;TRAMO RECTO;PLANA ;ASFALTADA;NULL;NULL;NULL;NULL;EN PROCESO DE INVESTIGACIÓN;NO CUENTA CON CAUSA ESPECIFICA;Carretera Huaral - Sayán;8/3/2021;-77.308113
A-2021-03-83;45:00.0;CHOQUE;1;8;2;LAMBAYEQUE;CHICLAYO;PICSI;RURAL;CARRETERA;DEPARTAMENTAL;LA-111;-6.687525;LLUVIOSO;RURAL;TRAMO RECTO;PLANA ;ASFALTADA;NULL;NULL;NULL;NULL;IMPRUDENCIA DEL CONDUCTOR;INVASIÓN DE CARRIL;Carretera Picsi - Ferreñafe;8/3/2021;-79.779782
A-2021-03-106;50:00.0;ATROPELLO FUGA;1;0;0;LIMA;BARRANCA;SUPE;URBANA;CARRETERA;NACIONAL;PE-1N;-10.847684;DESPEJADO;RURAL;TRAMO RECTO;PLANA ;ASFALTADA;NULL;NULL;NULL;NULL;EN PROCESO DE INVESTIGACIÓN;NO CUENTA CON CAUSA ESPECIFICA;Carretera Panamericana Norte;8/3/2021;-77.693907
A-2021-03-80;00:00.0;CHOQUE CON OBJETO FIJO;1;0;1;LAMBAYEQUE;LAMBAYEQUE;OLMOS;RURAL;CARRETERA;NACIONAL;PE-1N;-6.154283;DESPEJADO;RURAL;OTRO;PLANA ;ASFALTADA;SI;PREVENTIVA (P);REGULADORA (R);NO;EN PROCESO DE INVESTIGACIÓN;NO CUENTA CON CAUSA ESPECIFICA;Carretera Panamericana Norte;8/3/2021;-80.474483
A-2021-03-42;30:00.0;DESPISTE;1;0;1;LAMBAYEQUE;LAMBAYEQUE;MOTUPE;RURAL;CARRETERA;PROVINCIAL;LA-535;-6.299153;LLUVIOSO;RURAL;SINUOSA;PLANA ;TROCHA;NULL;NULL;NULL;NULL;EN PROCESO DE INVESTIGACIÓN;NO CUENTA CON CAUSA ESPECIFICA;LA-535;8/3/2021;-79.758988
A-2021-03-315;00:00.0;DESPISTE;1;0;1;PIURA;AYABACA;AYABACA;NULL;CARRETERA;NACIONAL;PE-1NT;-4.704679;LLUVIOSO;RURAL;TRAMO RECTO;INCLINADA;ASFALTADA;NULL;NULL;NULL;NULL;EN PROCESO DE INVESTIGACIÓN;NO CUENTA CON CAUSA ESPECIFICA;PE-1NT;9/3/2021;-79.79501
A-2021-03-62;30:00.0;CHOQUE FUGA;1;0;2;LA LIBERTAD;TRUJILLO;HUANCHACO;RURAL;CARRETERA;NACIONAL;PE-1N;-7.99302;DESPEJADO;RURAL;TRAMO RECTO;PLANA ;ASFALTADA;NULL;NULL;NULL;NULL;EN PROCESO DE INVESTIGACIÓN;NO CUENTA CON CAUSA ESPECIFICA;Carretera Panamericana Norte;9/3/2021;-79.074555
A-2021-03-74;30:00.0;DESPISTE;2;1;1;CAJAMARCA;CHOTA;QUEROCOTO;RURAL;CARRETERA;PROVINCIAL;CA-827;-6.406244;LLUVIOSO;RURAL;CURVA;PLANA ;AFIRMADO;NULL;NULL;NULL;NULL;EN PROCESO DE INVESTIGACIÓN;NO CUENTA CON CAUSA ESPECIFICA;CA-827;9/3/2021;-79.031969
A-2021-03-306;00:00.0;CHOQUE CON OBJETO FIJO;1;0;1;PIURA;TALARA;PARIÑAS;NULL;CARRETERA;NACIONAL;PE-1N;-4.594052;DESPEJADO;RURAL;TRAMO RECTO;PLANA ;ASFALTADA;NULL;NULL;NULL;NULL;INFRAESTRUCTURA Y ENTORNO VIAL;OTRO (INFRAESTRUCTURA Y ENTORNO VIAL);Carretera Panamericana Norte;10/3/2021;-81.173924
A-2021-03-44;00:00.0;DESPISTE;1;3;1;AREQUIPA;CAMANA;OCOÑA;RURAL;CARRETERA;NACIONAL;PE-1S;-16.48163;DESPEJADO;RURAL;TRAMO RECTO;PLANA ;ASFALTADA;NO;NULL;NULL;SI;EN PROCESO DE INVESTIGACIÓN;NO CUENTA CON CAUSA ESPECIFICA;Carretera Panamericana Sur;10/3/2021;-73.000389
A-2021-03-363;00:00.0;DESPISTE;2;0;1;PIURA;PAITA;LA HUACA;RURAL;CARRETERA;NACIONAL;PE-02;-5.11413;DESPEJADO;RURAL;TRAMO RECTO;PLANA ;ASFALTADA;NULL;NULL;NULL;NULL;EN PROCESO DE INVESTIGACIÓN;NO CUENTA CON CAUSA ESPECIFICA;Carretera Paita - Piura;10/3/2021;-80.88071
A-2021-03-54;00:00.0;DESPISTE;1;1;1;PIURA;PIURA;VEINTISEIS DE OCTUBRE;RURAL;CARRETERA;NACIONAL;PE-1N;-5.140422;DESPEJADO;RURAL;TRAMO RECTO;PLANA ;ASFALTADA;NULL;NULL;NULL;NULL;IMPRUDENCIA DEL CONDUCTOR;FATIGA Y/O CANSANCIO;Carretera Panamericana Norte;11/3/2021;-80.699239
A-2021-03-218;40:00.0;CHOQUE CON OBJETO FIJO;1;0;1;LIMA;LIMA;PUENTE PIEDRA;URBANA;CARRETERA;NACIONAL;PE-1N;-11.91275;DESPEJADO;INDUSTRIAL;TRAMO RECTO;PLANA ;ASFALTADA;NULL;NULL;NULL;NULL;IMPRUDENCIA DEL CONDUCTOR;EXCESO DE VELOCIDAD;Avenida Panamericana Norte;11/3/2021;-77.07335