CÓDIGO SINIESTRO;HORA SINIESTRO;CLASE SINIESTRO;CANTIDAD DE FALLECIDOS;CANTIDAD DE LESIONADOS;CANTIDAD DE VEHICULOS DAÑADOS;DEPARTAMENTO;PROVINCIA;DISTRITO;ZONA;TIPO DE VÍA;RED VIAL;COD CARRETERA;COORDENADAS LATITUD;CONDICIÓN CLIMÁTICA;ZONIFICACIÓN;CARACTERÍSTICAS DE VÍA;PERFIL LONGITUDINAL VÍA;SUPERFICIE DE CALZADA;¿EXISTE SEÑAL VERTICAL?;CLASIFICACIÓN DE LA SEÑAL VERTICAL Nº 1;CLASIFICACIÓN DE LA SEÑAL VERTICAL Nº 2;¿EXISTE SEÑAL HORIZONTAL?;CAUSA FACTOR PRINCIPAL;CAUSA ESPECÍFICA;UBICACION;FECHA SINIESTRO;COORDENADAS LONGITUD
A-2021-03-43;30:00.0;ATROPELLO;1;0;1;PUNO;EL COLLAO;ILAVE;RURAL;CARRETERA;PROVINCIAL;PU-1149;-16.0551;DESPEJADO;RURAL;TRAMO RECTO;PLANA ;ASFALTADA;NULL;NULL;NULL;NULL;IMPRUDENCIA DEL PEATÓN;ESTADO DE EBRIEDAD Y/O DROGADICCIÓN;PU-1160;11/3/2021;-69.6171
A-2021-03-77;30:00.0;DESPISTE;1;8;1;CUSCO;CANCHIS;MARANGANI;RURAL;CARRETERA;PROVINCIAL;CU-1430;-14.3569;LLUVIOSO;RURAL;CURVA;INCLINADA;AFIRMADO;NULL;NULL;NULL;NULL;IMPRUDENCIA DEL CONDUCTOR;EXCESO DE PASAJEROS O CARGA;Ccuyo;12/3/2021;-71.1589
A-2021-03-50;30:00.0;CHOQUE;2;1;2;HUANUCO;LEONCIO PRADO;JOSE CRESPO Y CASTILLO;RURAL;CARRETERA;NACIONAL;PE-5N;-8.894713;NUBLADO;RURAL;TRAMO RECTO;PLANA ;ASFALTADA;NULL;NULL;NULL;NULL;IMPRUDENCIA DEL CONDUCTOR;EXCESO DE VELOCIDAD;Carretera Presidente Fernando Belaúnde Terry;12/3/2021;-76.096844
A-2021-03-48;45:00.0;ATROPELLO;1;0;1;CUSCO;CUSCO;SAN SEBASTIAN;URBANA;AVENIDA;URBANO;NO CORRESPONDE;-13.531674;DESPEJADO;RESIDENCIAL;TRAMO RECTO;PLANA ;ASFALTADA;SI;PREVENTIVA (P);REGULADORA (R);NO;NEGLIGENCIA DEL CONDUCTOR;OTRO (NEGLIGENCIA DEL CONDUCTOR);Avenida de la Cultura;12/3/2021;-71.916772
A-2021-03-180;35:00.0;CHOQUE;1;23;2;LAMBAYEQUE;LAMBAYEQUE;OLMOS;RURAL;CARRETERA;NACIONAL;PE-1N;-6.369079;DESPEJADO;RURAL;OTRO;PLANA ;ASFALTADA;SI;REGULADORA (R);PREVENTIVA (P);NO;EN PROCESO DE INVESTIGACIÓN;NO CUENTA CON CAUSA ESPECIFICA;Carretera Panamericana Norte;12/3/2021;-80.205517
A-2021-03-78;00:00.0;ATROPELLO;1;0;0;PIURA;PIURA;CASTILLA;URBANA;CARRETERA;NACIONAL;PE-1NJ;-5.185041;DESPEJADO;RURAL;TRAMO RECTO;PLANA ;ASFALTADA;SI;PREVENTIVA (P);PREVENTIVA (P);NO;EN PROCESO DE INVESTIGACIÓN;NO CUENTA CON CAUSA ESPECIFICA;Avenida Guardia Civil;12/3/2021;-80.586141
A-2021-03-63;00:00.0;CHOQUE;1;0;2;LA LIBERTAD;TRUJILLO;LAREDO;RURAL;CARRETERA;NACIONAL;PE-10A;-8.016868;DESPEJADO;RURAL;TRAMO RECTO;PLANA ;ASFALTADA;NULL;NULL;NULL;NULL;IMPRUDENCIA DEL CONDUCTOR;OTRO (IMPRUDENCIA DEL CONDUCTOR);Carretera Industrial;12/3/2021;-78.835144
A-2021-03-105;00:00.0;VOLCADURA;1;0;1;CUSCO;ESPINAR;ESPINAR;URBANA;CALLE;URBANO;NO CORRESPONDE;-14.784459;DESPEJADO;RESIDENCIAL;TRAMO RECTO;PLANA ;AFIRMADO;NULL;NULL;NULL;NULL;IMPRUDENCIA DEL CONDUCTOR;CONDUCIR EN ESTADO DE EBRIEDAD Y/O DROGADICCIÓN;Avenida Colón;12/3/2021;-71.462374
A-2021-03-221;00:00.0;ATROPELLO;1;0;1;LIMA;LIMA;PUEBLO LIBRE;URBANA;AVENIDA;URBANO;NO CORRESPONDE;-12.08142;DESPEJADO;INDUSTRIAL;TRAMO RECTO;PLANA ;ASFALTADA;NULL;NULL;NULL;NULL;EN PROCESO DE INVESTIGACIÓN;NO CUENTA CON CAUSA ESPECIFICA;Avenida Brasil;12/3/2021;-77.05889
A-2021-03-92;30:00.0;CHOQUE FUGA;1;1;2;JUNIN;CHANCHAMAYO;SAN RAMON;URBANA;CARRETERA;NACIONAL;PE-22B;-11.12695;DESPEJADO;RURAL;TRAMO RECTO;INCLINADA;ASFALTADA;NULL;NULL;NULL;NULL;IMPRUDENCIA DEL CONDUCTOR;EXCESO DE VELOCIDAD;Carretera Central - Avenida Juan Santos Atahualpa;12/3/2021;-75.363346
A-2021-03-70;00:00.0;DESPISTE;1;0;1;PIURA;SECHURA;VICE;RURAL;CARRETERA;NACIONAL;PE-1NK;-5.402755;DESPEJADO;RURAL;TRAMO RECTO;PLANA ;ASFALTADA;NULL;NULL;NULL;NULL;IMPRUDENCIA DEL CONDUCTOR;OTRO (IMPRUDENCIA DEL CONDUCTOR);Carretera Piura - Sechura;12/3/2021;-80.752317
A-2021-03-67;50:00.0;CHOQUE;1;0;2;AREQUIPA;AREQUIPA;YURA;URBANA;CARRETERA;NACIONAL;PE-34A;-16.278201;DESPEJADO;RURAL;TRAMO RECTO;INCLINADA;ASFALTADA;NO;NULL;NULL;SI;IMPRUDENCIA DEL CONDUCTOR;INVASIÓN DE CARRIL;Vía Interoceánica Sur - Tramo 5;12/3/2021;-71.658954
A-2021-03-282;20:00.0;CHOQUE;1;1;1;PASCO;PASCO;VICCO;URBANA;CARRETERA;NACIONAL;PE-3N;-10.818274;LLUVIOSO;RURAL;TRAMO RECTO;PLANA ;ASFALTADA;NULL;NULL;NULL;NULL;EN PROCESO DE INVESTIGACIÓN;NO CUENTA CON CAUSA ESPECIFICA;Carretera Longitudinal de la Sierra Norte;12/3/2021;-76.207877
A-2021-03-76;00:00.0;CHOQUE CON OBJETO FIJO;1;0;1;ICA;ICA;SANTIAGO;RURAL;CARRETERA;SIN CLASIFICAR;SIN CLASIFICAR;-14.25426;DESPEJADO;RURAL;TRAMO RECTO;PLANA ;ASFALTADA;NULL;NULL;NULL;NULL;IMPRUDENCIA DEL CONDUCTOR;OTRO (IMPRUDENCIA DEL CONDUCTOR);La Venta Alta;12/3/2021;-75.692065
A-2021-03-73;10:00.0;ATROPELLO;1;0;1;AREQUIPA;AREQUIPA;CERRO COLORADO;URBANA;CARRETERA;NACIONAL;PE-34A;-16.375807;DESPEJADO;COMERCIAL;TRAMO RECTO;INCLINADA;ASFALTADA;NO;NULL;NULL;SI;IMPRUDENCIA DEL CONDUCTOR;OTRO (IMPRUDENCIA DEL CONDUCTOR);Vía de Evitamiento;13/3/2021;-71.575103
A-2021-03-274;00:00.0;CHOQUE;2;8;2;HUANCAVELICA;HUAYTARA;PILPICHACA;RURAL;CARRETERA;NACIONAL;PE-28E;-13.353474;DESPEJADO;RURAL;TRAMO RECTO;PLANA ;ASFALTADA;NULL;NULL;NULL;NULL;IMPRUDENCIA DEL CONDUCTOR;OTRO (IMPRUDENCIA DEL CONDUCTOR);Carretera Pilpichaca - Rumichaca;13/3/2021;-74.954488
A-2021-03-107;00:00.0;DESPISTE;2;0;1;LIMA;HUAURA;HUACHO;RURAL;CARRETERA;NACIONAL;PE-1N;-11.248955;DESPEJADO;RURAL;TRAMO RECTO;PLANA ;ASFALTADA;SI;REGULADORA (R);NULL;NO;EN PROCESO DE INVESTIGACIÓN;NO CUENTA CON CAUSA ESPECIFICA;Carretera Panamericana Norte;13/3/2021;-77.529691
A-2021-03-168;29:00.0;ESPECIAL;1;0;0;SAN MARTIN;RIOJA;PARDO MIGUEL;URBANA;CARRETERA;NACIONAL;PE-5N;-5.746694;LLUVIOSO;RESIDENCIAL;TRAMO RECTO;PLANA ;ASFALTADA;NULL;NULL;NULL;NULL;IMPRUDENCIA DEL CONDUCTOR;CONDUCIR EN ESTADO DE EBRIEDAD Y/O DROGADICCIÓN;Carretera Presidente Fernando Belaúnde Terry;13/3/2021;-77.476257
A-2021-03-79;40:00.0;ATROPELLO;1;0;1;SAN MARTIN;RIOJA;NUEVA CAJAMARCA;URBANA;CARRETERA;NACIONAL;PE-5N;-5.925326;DESPEJADO;COMERCIAL;TRAMO RECTO;PLANA ;ASFALTADA;NULL;PREVENTIVA (P);PREVENTIVA (P);NULL;IMPRUDENCIA DEL CONDUCTOR;OTRO (IMPRUDENCIA DEL CONDUCTOR);Carretera Presidente Fernando Belaúnde Terry;13/3/2021;-77.315171
A-2021-03-82;50:00.0;CHOQUE;1;5;2;PIURA;MORROPON;CHULUCANAS;RURAL;CARRETERA;SIN CLASIFICAR;SIN CLASIFICAR;-5.009548;DESPEJADO;RURAL;CURVA;PLANA ;TROCHA;NULL;NULL;NULL;NULL;EN PROCESO DE INVESTIGACIÓN;NO CUENTA CON CAUSA ESPECIFICA;Paccha;13/3/2021;-80.221117
A-2021-03-373;20:00.0;ATROPELLO FUGA;1;0;NULL;ANCASH;SANTA;CHIMBOTE;RURAL;CARRETERA;DEPARTAMENTAL;AN-107;-9.033605;DESPEJADO;RURAL;TRAMO RECTO;PLANA ;ASFALTADA;NULL;NULL;NULL;NULL;EN PROCESO DE INVESTIGACIÓN;NO CUENTA CON CAUSA ESPECIFICA;AN-107;13/3/2021;-78.561253
A-2021-03-320;00:00.0;CHOQUE FUGA;1;0;1;LAMBAYEQUE;FERREÑAFE;FERREÑAFE;RURAL;CARRETERA;PROVINCIAL;LA-712;-6.678596;DESPEJADO;RURAL;OTRO;PLANA ;TROCHA;NULL;NULL;NULL;NULL;EN PROCESO DE INVESTIGACIÓN;NO CUENTA CON CAUSA ESPECIFICA;LA-712;13/3/2021;-79.781781
A-2021-03-81;30:00.0;ATROPELLO FUGA;1;1;1;AREQUIPA;AREQUIPA;CAYMA;URBANA;AVENIDA;URBANO;NO CORRESPONDE;-16.318811;DESPEJADO;RESIDENCIAL;CURVA;INCLINADA;ASFALTADA;NULL;NULL;NULL;NULL;IMPRUDENCIA DEL CONDUCTOR;EXCESO DE VELOCIDAD;Avenida Charcani;13/3/2021;-71.529692
A-2021-03-346;00:00.0;ATROPELLO FUGA;1;0;1;LIMA;LIMA;COMAS;URBANA;CARRETERA;NACIONAL;PE-1N;-11.946883;DESPEJADO;RESIDENCIAL;INTERSECCIÓN;PLANA ;ASFALTADA;NULL;NULL;NULL;NULL;EN PROCESO DE INVESTIGACIÓN;NO CUENTA CON CAUSA ESPECIFICA;Avenida Panamericana Norte;14/3/2021;-77.070858
A-2021-03-75;44:00.0;DESPISTE;1;0;1;AREQUIPA;CAYLLOMA;SAN ANTONIO DE CHUCA;RURAL;CARRETERA;NACIONAL;PE-34J;-15.663868;GRANIZADO;RURAL;TRAMO RECTO;PLANA ;ASFALTADA;NO;NULL;NULL;SI;IMPRUDENCIA DEL CONDUCTOR;EXCESO DE VELOCIDAD;Carretera Imata - Morocaque;14/3/2021;-71.05266
A-2021-03-265;00:00.0;CHOQUE;1;0;2;JUNIN;CONCEPCION;MATAHUASI;RURAL;CARRETERA;NACIONAL;PE-3S;-11.894049;LLUVIOSO;RURAL;TÚNEL;PLANA ;ASFALTADA;SI;REGULADORA (R);PREVENTIVA (P);NO;EN PROCESO DE INVESTIGACIÓN;NO CUENTA CON CAUSA ESPECIFICA;Carretera Longitudinal de la Sierra Sur;14/3/2021;-75.341376
A-2021-03-140;30:00.0;CHOQUE;1;0;2;LA LIBERTAD;ASCOPE;PAIJAN;RURAL;CARRETERA;PROVINCIAL;LI-616;-7.737351;DESPEJADO;RURAL;TRAMO RECTO;PLANA ;ASFALTADA;NULL;NULL;NULL;NULL;IMPRUDENCIA DEL CONDUCTOR;CONDUCIR EN ESTADO DE EBRIEDAD Y/O DROGADICCIÓN;LI-616;14/3/2021;-79.305893
A-2021-03-296;00:00.0;CHOQUE;1;4;2;AYACUCHO;LA MAR;AYNA;URBANA;CARRETERA;NACIONAL;PE-28B;-12.624625;DESPEJADO;RURAL;CURVA;PLANA ;TROCHA;NO;NULL;NULL;SI;NEGLIGENCIA DEL CONDUCTOR;OTRO (NEGLIGENCIA DEL CONDUCTOR);Avenida Santa Rosa;15/3/2021;-73.789154
A-2021-03-368;00:00.0;DESPISTE;1;0;1;HUANUCO;HUANUCO;YACUS;RURAL;CARRETERA;DEPARTAMENTAL;HU-111;-9.978159;DESPEJADO;RURAL;CURVA;PLANA ;AFIRMADO;NULL;NULL;NULL;NULL;EN PROCESO DE INVESTIGACIÓN;NO CUENTA CON CAUSA ESPECIFICA;HU-1107;15/3/2021;-76.499723
A-2021-03-334;00:00.0;DESPISTE;2;3;1;PIURA;HUANCABAMBA;HUARMACA;RURAL;CARRETERA;SIN CLASIFICAR;SIN CLASIFICAR;-5.61141;DESPEJADO;RURAL;CURVA;INCLINADA;AFIRMADO;NULL;NULL;NULL;NULL;EN PROCESO DE INVESTIGACIÓN;NO CUENTA CON CAUSA ESPECIFICA;Huarmaca;15/3/2021;-79.611036
A-2021-03-110;00:00.0;CHOQUE;1;1;2;LIMA;HUARAL;HUARAL;RURAL;CARRETERA;PROVINCIAL;LM-667;-11.379775;DESPEJADO;RURAL;TRAMO RECTO;PLANA ;ASFALTADA;NULL;NULL;NULL;NULL;IMPRUDENCIA DEL CONDUCTOR;INVASIÓN DE CARRIL;Carretera Huaral - Sayán;15/3/2021;-77.311901
A-2021-03-95;20:00.0;ATROPELLO;1;1;1;CAJAMARCA;CAJAMARCA;LLACANORA;RURAL;CARRETERA;PROVINCIAL;CA-1495;-7.192588;DESPEJADO;RURAL;TRAMO RECTO;PLANA ;TROCHA;NULL;NULL;NULL;NULL;IMPRUDENCIA DEL PEATÓN;CRUCE INDEBIDO POR LA CALZADA;Llacanora;15/3/2021;-78.428487
A-2021-03-113;20:00.0;ATROPELLO;1;0;1;PUNO;HUANCANE;TARACO;RURAL;CARRETERA;NACIONAL;PE-34H;-15.290999;DESPEJADO;RURAL;TRAMO RECTO;PLANA ;ASFALTADA;SI;REGULADORA (R);PREVENTIVA (P);SI;IMPRUDENCIA DEL CONDUCTOR;EXCESO DE VELOCIDAD;PE-34H;15/3/2021;-69.95277
A-2021-03-262;20:00.0;ATROPELLO;1;0;0;JUNIN;CHUPACA;CHUPACA;RURAL;JIRÓN;URBANO;NO CORRESPONDE;-12.088491;DESPEJADO;RURAL;TRAMO RECTO;PLANA ;TROCHA;NULL;NULL;NULL;NULL;EN PROCESO DE INVESTIGACIÓN;NO CUENTA CON CAUSA ESPECIFICA;Chupaca;15/3/2021;-75.286091
A-2021-03-145;00:00.0;ATROPELLO;1;0;1;ANCASH;CARHUAZ;ANTA;RURAL;CARRETERA;PROVINCIAL;AN-1106;-9.356615;DESPEJADO;RURAL;CURVA;INCLINADA;CONCRETO;NULL;NULL;NULL;NULL;IMPRUDENCIA DEL CONDUCTOR;EXCESO DE VELOCIDAD;Anta;16/3/2021;-77.59713
A-2021-03-147;30:00.0;DESPISTE;1;6;1;ANCASH;HUARI;CAJAY;RURAL;CARRETERA;PROVINCIAL;AN-654;-9.291595;SOLEADO;RURAL;CURVA;INCLINADA;TROCHA;NULL;NULL;NULL;NULL;IMPRUDENCIA DEL CONDUCTOR;FATIGA Y/O CANSANCIO;AN-654;16/3/2021;-77.068174
A-2021-03-228;00:00.0;ATROPELLO FUGA;1;0;1;LIMA;LIMA;INDEPENDENCIA;URBANA;AVENIDA;URBANO;NO CORRESPONDE;-12.00466;DESPEJADO;INDUSTRIAL;TRAMO RECTO;PLANA ;ASFALTADA;NULL;NULL;NULL;NULL;EN PROCESO DE INVESTIGACIÓN;NO CUENTA CON CAUSA ESPECIFICA;Avenida Alfredo Mendiola;16/3/2021;-77.06125
A-2021-03-311;30:00.0;ATROPELLO;1;1;1;CALLAO;CALLAO;CALLAO;URBANA;AVENIDA;URBANO;NO CORRESPONDE;-12.047421;DESPEJADO;COMERCIAL;TRAMO RECTO;PLANA ;CONCRETO;NULL;NULL;NULL;NULL;IMPRUDENCIA DEL PEATÓN;CRUCE INDEBIDO POR LA CALZADA;Avenida Argentina;16/3/2021;-77.08599
A-2021-03-142;45:00.0;ATROPELLO;1;0;1;LA LIBERTAD;CHEPEN;PACANGA;RURAL;CARRETERA;NACIONAL;PE-1N;-7.151852;DESPEJADO;RURAL;TRAMO RECTO;PLANA ;ASFALTADA;NULL;NULL;NULL;NULL;EN PROCESO DE INVESTIGACIÓN;NO CUENTA CON CAUSA ESPECIFICA;Carretera Panamericana Norte;16/3/2021;-79.449101
A-2021-03-116;00:00.0;CHOQUE;1;1;2;CUSCO;ANTA;LIMATAMBO;RURAL;CARRETERA;NACIONAL;PE-3S;-13.454315;LLUVIOSO;RURAL;CURVA;INCLINADA;ASFALTADA;SI;PREVENTIVA (P);PREVENTIVA (P);SI;INFRAESTRUCTURA Y ENTORNO VIAL;FACTOR AMBIENTAL;Carretera Longitudinal de la Sierra Sur;17/3/2021;-72.411212
A-2021-03-98;40:00.0;ATROPELLO FUGA;1;0;0;AREQUIPA;AREQUIPA;LA JOYA;URBANA;JIRÓN;URBANO;NO CORRESPONDE;-16.496078;DESPEJADO;RESIDENCIAL;TRAMO RECTO;INCLINADA;ASFALTADA;NULL;NULL;NULL;NULL;IMPRUDENCIA DEL CONDUCTOR;OTRO (IMPRUDENCIA DEL CONDUCTOR);Jirón José Carlos Mariátegui;17/3/2021;-71.836013
A-2021-03-108;00:00.0;CHOQUE;1;3;2;TACNA;TACNA;TACNA;RURAL;CARRETERA;NACIONAL;PE-1S;-17.975617;DESPEJADO;RURAL;INTERSECCIÓN;INCLINADA;ASFALTADA;SI;REGULADORA (R);PREVENTIVA (P);SI;IMPRUDENCIA DEL CONDUCTOR;DESACATO DE SEÑAL DE TRÁNSITO;Carretera Panamericana Sur;17/3/2021;-70.286701
A-2021-03-230;30:00.0;ATROPELLO;1;0;1;LIMA;LIMA;SAN MARTIN DE PORRES;URBANA;AVENIDA;URBANO;NO CORRESPONDE;-12.03756;SOLEADO;INDUSTRIAL;TRAMO RECTO;PLANA ;ASFALTADA;NULL;NULL;NULL;NULL;IMPRUDENCIA DEL PEATÓN;OTRO (IMPRUDENCIA DEL PEATÓN);Vía de Evitamiento;17/3/2021;-77.04597
A-2021-03-233;00:00.0;VOLCADURA;1;0;1;LIMA;LIMA;PUNTA NEGRA;URBANA;AVENIDA;URBANO;NO CORRESPONDE;-12.38028;DESPEJADO;INDUSTRIAL;TRAMO RECTO;PLANA ;ASFALTADA;NULL;NULL;NULL;NULL;EN PROCESO DE INVESTIGACIÓN;NO CUENTA CON CAUSA ESPECIFICA;Punta Negra;17/3/2021;-76.78787
A-2021-03-104;26:00.0;CHOQUE;1;2;NULL;MADRE DE DIOS;TAMBOPATA;INAMBARI;URBANA;CARRETERA;NACIONAL;PE-30C;-12.883538;NULL;NULL;NULL;NULL;NULL;NULL;NULL;NULL;NULL;EN PROCESO DE INVESTIGACIÓN;NO CUENTA CON CAUSA ESPECIFICA;Interoceánica Sur;18/3/2021;-70.026828
A-2021-03-109;40:00.0;ATROPELLO;1;0;0;CUSCO;CUSCO;SAN SEBASTIAN;URBANA;CALLE;URBANO;NO CORRESPONDE;-13.526312;SOLEADO;RESIDENCIAL;TRAMO RECTO;INCLINADA;AFIRMADO;NULL;NULL;NULL;NULL;IMPRUDENCIA DEL CONDUCTOR;OTRO (IMPRUDENCIA DEL CONDUCTOR);San Sebastián;18/3/2021;-71.929567
A-2021-03-111;30:00.0;DESPISTE;1;1;1;ICA;PALPA;SANTA CRUZ;RURAL;CARRETERA;NACIONAL;PE-1S;-14.495543;DESPEJADO;RURAL;TRAMO RECTO;PLANA ;ASFALTADA;NO;NULL;NULL;SI;EN PROCESO DE INVESTIGACIÓN;NO CUENTA CON CAUSA ESPECIFICA;Carretera Panamericana Sur;18/3/2021;-75.288912
A-2021-03-155;30:00.0;DESPISTE;1;0;1;CAJAMARCA;CUTERVO;PIMPINGOS;RURAL;CARRETERA;PROVINCIAL;CA-774;-6.032688;DESPEJADO;RURAL;CURVA;INCLINADA;AFIRMADO;NULL;NULL;NULL;NULL;IMPRUDENCIA DEL CONDUCTOR;EXCESO DE VELOCIDAD;CA-774;18/3/2021;-78.760845
A-2021-03-369;50:00.0;DESPISTE;1;0;1;HUANUCO;AMBO;AMBO;RURAL;CARRETERA;SIN CLASIFICAR;SIN CLASIFICAR;-10.138769;DESPEJADO;RURAL;CURVA;INCLINADA;AFIRMADO;NULL;NULL;NULL;NULL;IMPRUDENCIA DEL CONDUCTOR;EXCESO DE VELOCIDAD;Juan Velasco Alvarado;18/3/2021;-76.222358
A-2021-03-347;20:00.0;ATROPELLO FUGA;1;0;1;LIMA;CAÑETE;CHILCA;URBANA;CARRETERA;NACIONAL;PE-1S;-12.477043;DESPEJADO;INDUSTRIAL;TRAMO RECTO;PLANA ;ASFALTADA;NULL;NULL;NULL;NULL;EN PROCESO DE INVESTIGACIÓN;NO CUENTA CON CAUSA ESPECIFICA;Carretera Panamericana Sur;18/3/2021;-76.748241
A-2021-03-134;40:00.0;CHOQUE;1;0;2;CUSCO;CUSCO;SAYLLA;URBANA;CARRETERA;NACIONAL;PE-3S;-13.566591;DESPEJADO;RESIDENCIAL;TRAMO RECTO;PLANA ;ASFALTADA;NULL;NULL;NULL;NULL;IMPRUDENCIA DEL CONDUCTOR;CONDUCIR EN ESTADO DE EBRIEDAD Y/O DROGADICCIÓN;Avenida Cusco;19/3/2021;-71.833875
A-2021-03-236;40:00.0;DESPISTE;1;0;1;LIMA;LIMA;SANTIAGO DE SURCO;URBANA;AVENIDA;URBANO;NO CORRESPONDE;-12.13744;DESPEJADO;INDUSTRIAL;TRAMO RECTO;PLANA ;ASFALTADA;NULL;NULL;NULL;NULL;IMPRUDENCIA DEL CONDUCTOR;EXCESO DE VELOCIDAD;Pasaje Santa Marta;19/3/2021;-77.01514
A-2021-03-307;00:00.0;CHOQUE;1;0;2;PIURA;PIURA;TAMBO GRANDE;RURAL;CARRETERA;NACIONAL;PE-1NL;-4.930937;DESPEJADO;RURAL;TRAMO RECTO;PLANA ;ASFALTADA;SI;REGULADORA (R);NULL;SI;EN PROCESO DE INVESTIGACIÓN;NO CUENTA CON CAUSA ESPECIFICA;Carretera Panamericana Norte;19/3/2021;-80.538003
A-2021-03-187;30:00.0;DESPISTE;1;1;1;PUNO;LAMPA;SANTA LUCIA;RURAL;CARRETERA;NACIONAL;PE-34A;-15.689071;DESPEJADO;RURAL;CURVA;INCLINADA;ASFALTADA;SI;PREVENTIVA (P);REGULADORA (R);SI;IMPRUDENCIA DEL CONDUCTOR;EXCESO DE VELOCIDAD;Vía Interoceánica Sur - Tramo 5;19/3/2021;-70.811938
A-2021-03-143;50:00.0;CHOQUE;1;0;2;LA LIBERTAD;PACASMAYO;SAN PEDRO DE LLOC;URBANA;CARRETERA;NACIONAL;PE-1N;-7.434928;DESPEJADO;RURAL;TRAMO RECTO;PLANA ;ASFALTADA;NULL;NULL;NULL;NULL;IMPRUDENCIA DEL CONDUCTOR;OTRO (IMPRUDENCIA DEL CONDUCTOR);Carretera Panamericana Norte;19/3/2021;-79.501621
A-2021-03-167;30:00.0;DESPISTE;4;2;1;CUSCO;LA CONVENCION;ECHARATE;RURAL;CARRETERA;NACIONAL;PE-28B;-12.644257;NUBLADO;RURAL;CURVA;INCLINADA;TROCHA;NULL;NULL;NULL;NULL;INFRAESTRUCTURA Y ENTORNO VIAL;FACTOR AMBIENTAL;PE-28B;19/3/2021;-72.933227
A-2021-03-242;10:00.0;DESPISTE;2;0;1;LIMA;OYON;OYON;URBANA;CARRETERA;NACIONAL;PE-18;-10.671204;DESPEJADO;RURAL;CURVA;INCLINADA;ASFALTADA;SI;PREVENTIVA (P);NULL;NO;EN PROCESO DE INVESTIGACIÓN;NO CUENTA CON CAUSA ESPECIFICA;Avenida Capillapata;19/3/2021;-76.769763
A-2021-03-148;00:00.0;DESPISTE;1;0;1;LA LIBERTAD;TRUJILLO;HUANCHACO;URBANA;CARRETERA;DEPARTAMENTAL;LI-104;-8.095921;DESPEJADO;RURAL;TRAMO RECTO;PLANA ;ASFALTADA;NULL;NULL;NULL;NULL;IMPRUDENCIA DEL CONDUCTOR;EXCESO DE VELOCIDAD;Avenida La Rivera;19/3/2021;-79.113928
A-2021-03-135;20:00.0;CHOQUE;1;3;2;AREQUIPA;AREQUIPA;UCHUMAYO;RURAL;CARRETERA;DEPARTAMENTAL;AR-115;-16.540785;DESPEJADO;RURAL;TRAMO RECTO;PLANA ;ASFALTADA;SI;INFORMATIVA (I);INFORMATIVA (I);SI;IMPRUDENCIA DEL CONDUCTOR;INVASIÓN DE CARRIL;Nueva Carretera Cerro Verde;19/3/2021;-71.699585
A-2021-03-131;30:00.0;CHOQUE;1;0;2;PUNO;EL COLLAO;ILAVE;RURAL;CARRETERA;PROVINCIAL;PU-1211;-16.148;DESPEJADO;RURAL;TRAMO RECTO;PLANA ;ASFALTADA;NULL;NULL;NULL;NULL;NEGLIGENCIA DEL CONDUCTOR;CONDUCIR CON FALLAS ELÉCTRICAS;PU-1211;19/3/2021;-69.622
A-2021-03-348;15:00.0;DESPISTE;1;3;1;JUNIN;HUANCAYO;SICAYA;RURAL;CARRETERA;PROVINCIAL;JU-848;-12.047251;DESPEJADO;RURAL;CURVA;PLANA ;ASFALTADA;NULL;NULL;NULL;NULL;IMPRUDENCIA DEL CONDUCTOR;EXCESO DE VELOCIDAD;Sicaya;20/3/2021;-75.303147
A-2021-03-216;45:00.0;DESPISTE;1;3;1;LA LIBERTAD;VIRU;GUADALUPITO;RURAL;CARRETERA;NACIONAL;PE-1N;-8.964107;DESPEJADO;RURAL;TRAMO RECTO;PLANA ;ASFALTADA;NULL;NULL;NULL;NULL;EN PROCESO DE INVESTIGACIÓN;NO CUENTA CON CAUSA ESPECIFICA;Panamericana Norte;20/3/2021;-78.624423
A-2021-03-237;00:00.0;ATROPELLO;1;0;1;LIMA;LIMA;SAN MARTIN DE PORRES;URBANA;AVENIDA;URBANO;NO CORRESPONDE;-12.00624;DESPEJADO;INDUSTRIAL;TRAMO RECTO;PLANA ;ASFALTADA;NULL;NULL;NULL;NULL;IMPRUDENCIA DEL CONDUCTOR;OTRO (IMPRUDENCIA DEL CONDUCTOR);Ciclovía Universitaria;20/3/2021;-77.0827
A-2021-03-245;30:00.0;ATROPELLO FUGA;1;0;0;LIMA;HUAURA;HUACHO;URBANA;CARRETERA;NACIONAL;PE-1N;-11.120528;DESPEJADO;RURAL;TRAMO RECTO;PLANA ;ASFALTADA;NULL;NULL;NULL;NULL;EN PROCESO DE INVESTIGACIÓN;NO CUENTA CON CAUSA ESPECIFICA;Panamericana Norte;20/3/2021;-77.594145
A-2021-03-247;20:00.0;CHOQUE;2;2;2;LIMA;BARRANCA;PARAMONGA;RURAL;CARRETERA;NACIONAL;PE-1N;-10.6525;DESPEJADO;RURAL;TRAMO RECTO;PLANA ;ASFALTADA;SI;REGULADORA (R);NULL;NO;IMPRUDENCIA DEL CONDUCTOR;FATIGA Y/O CANSANCIO;Panamericana Norte;20/3/2021;-77.844638
A-2021-03-377;40:00.0;VOLCADURA;1;0;NULL;SAN MARTIN;PICOTA;PICOTA;URBANA;JIRÓN;URBANO;NO CORRESPONDE;-6.924153;SOLEADO;COMERCIAL;TRAMO RECTO;PLANA ;ASFALTADA;NO;NULL;NULL;SI;IMPERICIA DEL CONDUCTOR;NULL;Jirón Simon Bolivar;20/3/2021;-76.329368