CÓDIGO SINIESTRO;HORA SINIESTRO;CLASE SINIESTRO;CANTIDAD DE FALLECIDOS;CANTIDAD DE LESIONADOS;CANTIDAD DE VEHICULOS DAÑADOS;DEPARTAMENTO;PROVINCIA;DISTRITO;ZONA;TIPO DE VÍA;RED VIAL;COD CARRETERA;COORDENADAS LATITUD;CONDICIÓN CLIMÁTICA;ZONIFICACIÓN;CARACTERÍSTICAS DE VÍA;PERFIL LONGITUDINAL VÍA;SUPERFICIE DE CALZADA;¿EXISTE SEÑAL VERTICAL?;CLASIFICACIÓN DE LA SEÑAL VERTICAL Nº 1;CLASIFICACIÓN DE LA SEÑAL VERTICAL Nº 2;¿EXISTE SEÑAL HORIZONTAL?;CAUSA FACTOR PRINCIPAL;CAUSA ESPECÍFICA;UBICACION;FECHA SINIESTRO;COORDENADAS LONGITUD
A-2021-03-370;33:00.0;ATROPELLO;1;0;1;HUANUCO;AMBO;CONCHAMARCA;RURAL;CARRETERA;NACIONAL;PE-3N;-10.058429;DESPEJADO;RURAL;TRAMO RECTO;INCLINADA;ASFALTADA;NULL;NULL;NULL;NULL;EN PROCESO DE INVESTIGACIÓN;NO CUENTA CON CAUSA ESPECIFICA;Carretera Longitudinal de la Sierra Norte;20/3/2021;-76.222235
A-2021-03-238;10:00.0;CHOQUE;1;0;1;LIMA;LIMA;EL AGUSTINO;URBANA;CARRETERA;NACIONAL;PE-1N;-12.0427;DESPEJADO;RURAL;INTERSECCIÓN;PLANA ;ASFALTADA;NULL;NULL;NULL;NULL;IMPRUDENCIA DEL CONDUCTOR;CONDUCIR EN ESTADO DE EBRIEDAD Y/O DROGADICCIÓN;Avenida 1 de Mayo;20/3/2021;-76.98674
A-2021-03-136;30:00.0;CHOQUE;1;1;2;AREQUIPA;AREQUIPA;YURA;RURAL;CARRETERA;NACIONAL;PE-34A;-16.073519;DESPEJADO;RURAL;TRAMO RECTO;PLANA ;ASFALTADA;NULL;NULL;NULL;NULL;IMPRUDENCIA DEL CONDUCTOR;INVASIÓN DE CARRIL;Vía Interoceánica Sur - Tramo 5;20/3/2021;-71.47582
A-2021-03-188;00:00.0;CHOQUE;1;1;2;PUNO;AZANGARO;SANTIAGO DE PUPUJA;RURAL;CARRETERA;DEPARTAMENTAL;PU-117;-15.05;NUBLADO;RURAL;CURVA;PLANA ;TROCHA;NULL;NULL;NULL;NULL;IMPRUDENCIA DEL CONDUCTOR;OTRO (IMPRUDENCIA DEL CONDUCTOR);PU-117;20/3/2021;-70.24757
A-2021-03-179;30:00.0;CHOQUE;1;0;2;LAMBAYEQUE;LAMBAYEQUE;LAMBAYEQUE;RURAL;CARRETERA;NACIONAL;PE-1N;-6.661267;DESPEJADO;RURAL;TRAMO RECTO;PLANA ;ASFALTADA;SI;REGULADORA (R);PREVENTIVA (P);SI;IMPRUDENCIA DEL CONDUCTOR;INVASIÓN DE CARRIL;Carretera Panamericana Norte;20/3/2021;-79.927841
A-2021-03-173;45:00.0;CAÍDA DE PASAJERO;1;0;1;JUNIN;SATIPO;RIO NEGRO;RURAL;CARRETERA;NACIONAL;PE-5S;-11.205682;DESPEJADO;RURAL;TRAMO RECTO;PLANA ;ASFALTADA;NULL;NULL;NULL;NULL;EN PROCESO DE INVESTIGACIÓN;NO CUENTA CON CAUSA ESPECIFICA;Carretera Longitudinal de la Selva Sur;20/3/2021;-74.66242
A-2021-03-146;00:00.0;CHOQUE FUGA;1;0;1;PUNO;MELGAR;NUÑOA;RURAL;CARRETERA;PROVINCIAL;PU-665;-14.471583;NUBLADO;RURAL;TRAMO RECTO;PLANA ;TROCHA;NULL;NULL;NULL;NULL;IMPRUDENCIA DEL CONDUCTOR;EXCESO DE VELOCIDAD;Nuñoa;20/3/2021;-70.632351
A-2021-03-213;30:00.0;CHOQUE;1;0;2;LA LIBERTAD;PACASMAYO;SAN JOSE;RURAL;CARRETERA;NACIONAL;PE-1N;-7.336833;DESPEJADO;RURAL;TRAMO RECTO;PLANA ;ASFALTADA;NULL;NULL;NULL;NULL;EN PROCESO DE INVESTIGACIÓN;NO CUENTA CON CAUSA ESPECIFICA;Carretera Panamericana Norte;20/3/2021;-79.495344
A-2021-03-177;40:00.0;DESPISTE;1;0;1;CAJAMARCA;SAN MARCOS;PEDRO GALVEZ;URBANA;CARRETERA;NACIONAL;PE-3N;-7.323514;DESPEJADO;COMERCIAL;CURVA;INCLINADA;ASFALTADA;SI;PREVENTIVA (P);REGULADORA (R);SI;IMPRUDENCIA DEL CONDUCTOR;EXCESO DE VELOCIDAD;Carretera Longitudinal de la Sierra Norte;20/3/2021;-78.172761
A-2021-03-164;40:00.0;CHOQUE;1;4;2;CAJAMARCA;CONTUMAZA;YONAN;RURAL;CARRETERA;NACIONAL;PE-08;-7.222726;DESPEJADO;RURAL;CURVA;PLANA ;AFIRMADO;SI;PREVENTIVA (P);NULL;SI;IMPRUDENCIA DEL CONDUCTOR;INVASIÓN DE CARRIL;Carretera Ciudad de Dios - Cajamarca;21/3/2021;-79.206158
A-2021-03-166;50:00.0;CHOQUE;1;0;2;JUNIN;SATIPO;RIO NEGRO;RURAL;CARRETERA;NACIONAL;PE-5S;-11.103631;DESPEJADO;RURAL;TRAMO RECTO;INCLINADA;ASFALTADA;NULL;NULL;NULL;NULL;EN PROCESO DE INVESTIGACIÓN;NO CUENTA CON CAUSA ESPECIFICA;Carretera Longitudinal de la Selva Sur;21/3/2021;-74.694433
A-2021-03-326;30:00.0;DESPISTE;1;0;0;LIMA;LIMA;INDEPENDENCIA;URBANA;PASAJE;URBANO;NO CORRESPONDE;-11.9994;DESPEJADO;INDUSTRIAL;TRAMO RECTO;PLANA ;ASFALTADA;NULL;NULL;NULL;NULL;EN PROCESO DE INVESTIGACIÓN;NO CUENTA CON CAUSA ESPECIFICA;Pasaj Los Pepinos;21/3/2021;-77.04375
A-2021-03-303;55:00.0;CHOQUE FUGA;1;0;2;CAJAMARCA;JAEN;JAEN;URBANA;CARRETERA;NACIONAL;PE-5N;-5.696099;SOLEADO;COMERCIAL;CURVA;INCLINADA;ASFALTADA;NULL;NULL;NULL;NULL;EN PROCESO DE INVESTIGACIÓN;NO CUENTA CON CAUSA ESPECIFICA;Avenida Pakamuros;21/3/2021;-78.806165
A-2021-03-169;45:00.0;CHOQUE;1;1;2;SAN MARTIN;RIOJA;RIOJA;RURAL;CARRETERA;DEPARTAMENTAL;SM-114;-6.044007;DESPEJADO;RESIDENCIAL;CURVA;PLANA ;ASFALTADA;NULL;NULL;NULL;NULL;IMPRUDENCIA DEL CONDUCTOR;CONDUCIR EN ESTADO DE EBRIEDAD Y/O DROGADICCIÓN;Carretera Rioja - Pueblo Libre;21/3/2021;-77.171703
A-2021-03-375;30:00.0;CHOQUE;1;0;2;ANCASH;CASMA;YAUTAN;RURAL;CARRETERA;NACIONAL;PE-14;-9.516666;DESPEJADO;RURAL;TRAMO RECTO;PLANA ;ASFALTADA;NULL;NULL;NULL;NULL;EN PROCESO DE INVESTIGACIÓN;NO CUENTA CON CAUSA ESPECIFICA;Carretera Casma - Huaraz;21/3/2021;-77.989207
A-2021-03-259;45:00.0;CHOQUE;1;1;2;PUNO;HUANCANE;TARACO;URBANA;CARRETERA;NACIONAL;PE-34H;-15.271025;NUBLADO;RURAL;TRAMO RECTO;PLANA ;ASFALTADA;SI;REGULADORA (R);PREVENTIVA (P);SI;IMPRUDENCIA DEL CONDUCTOR;CONDUCIR EN ESTADO DE EBRIEDAD Y/O DROGADICCIÓN;PE-34H;21/3/2021;-69.895208
A-2021-03-240;00:00.0;ATROPELLO;1;0;1;LIMA;LIMA;SAN MARTIN DE PORRES;URBANA;AVENIDA;URBANO;NO CORRESPONDE;-12.00193;DESPEJADO;INDUSTRIAL;TRAMO RECTO;PLANA ;ASFALTADA;NULL;NULL;NULL;NULL;IMPRUDENCIA DEL CONDUCTOR;EXCESO DE VELOCIDAD;Calle 12 de Agosto;21/3/2021;-77.087
A-2021-03-182;00:00.0;ATROPELLO FUGA;1;0;0;AREQUIPA;CAMANA;OCOÑA;URBANA;CARRETERA;NACIONAL;PE-1S;-16.438828;DESPEJADO;RESIDENCIAL;TRAMO RECTO;PLANA ;ASFALTADA;SI;INFORMATIVA (I);NULL;SI;IMPRUDENCIA DEL PEATÓN;OTRO (IMPRUDENCIA DEL PEATÓN);Carretera Panamericana Sur;21/3/2021;-73.103706
A-2021-03-217;00:00.0;CHOQUE;1;0;2;LA LIBERTAD;PACASMAYO;GUADALUPE;RURAL;CARRETERA;NACIONAL;PE-1N;-7.25538;DESPEJADO;RURAL;CURVA;INCLINADA;ASFALTADA;NULL;NULL;NULL;NULL;IMPRUDENCIA DEL CONDUCTOR;CONDUCIR EN ESTADO DE EBRIEDAD Y/O DROGADICCIÓN;Carretera Panamericana Norte;21/3/2021;-79.490416
A-2021-03-193;30:00.0;CHOQUE;1;0;2;CAJAMARCA;JAEN;PUCARA;RURAL;CARRETERA;NACIONAL;PE-3N;-6.051787;DESPEJADO;RURAL;TRAMO RECTO;PLANA ;ASFALTADA;NULL;NULL;NULL;NULL;EN PROCESO DE INVESTIGACIÓN;NO CUENTA CON CAUSA ESPECIFICA;Carretera Presidente Fernando Belaúnde Terry;22/3/2021;-79.106939
A-2021-03-172;20:00.0;DESPISTE;1;1;1;SAN MARTIN;MOYOBAMBA;JEPELACIO;RURAL;CARRETERA;NACIONAL;PE-5N;-6.134288;DESPEJADO;RURAL;CURVA;INCLINADA;ASFALTADA;NULL;PREVENTIVA (P);NULL;NULL;IMPRUDENCIA DEL CONDUCTOR;OTRO (IMPRUDENCIA DEL CONDUCTOR);Carretera Presidente Fernando Belaúnde Terry;22/3/2021;-76.842426
A-2021-03-310;40:00.0;CHOQUE;1;1;2;AREQUIPA;AREQUIPA;CERRO COLORADO;URBANA;JIRÓN;URBANO;NO CORRESPONDE;-16.388872;DESPEJADO;RESIDENCIAL;INTERSECCIÓN;INCLINADA;ASFALTADA;NO;NULL;NULL;SI;IMPRUDENCIA DEL CONDUCTOR;OTRO (IMPRUDENCIA DEL CONDUCTOR);Jirón Loreto;22/3/2021;-71.576679
A-2021-03-160;00:00.0;CHOQUE;1;0;2;PUNO;PUNO;TIQUILLACA;RURAL;CARRETERA;PROVINCIAL;PU-1068;-15.926431;DESPEJADO;RURAL;SINUOSA;PLANA ;TROCHA;NULL;NULL;NULL;NULL;IMPRUDENCIA DEL CONDUCTOR;NO ESTABLECER EL DERECHO DE PASO;PU-1068;22/3/2021;-70.230469
A-2021-03-189;00:00.0;ATROPELLO;1;0;0;PUNO;CARABAYA;MACUSANI;RURAL;CARRETERA;NACIONAL;PE-34B;-13.993226;SOLEADO;RURAL;CURVA;PLANA ;ASFALTADA;SI;PREVENTIVA (P);REGULADORA (R);SI;IMPRUDENCIA DEL PEATÓN;CRUCE INDEBIDO POR LA CALZADA;Carretera Interoceánica Puno - Madre de Dios;22/3/2021;-70.480632
A-2021-03-301;00:00.0;CHOQUE;2;1;2;AMAZONAS;UTCUBAMBA;BAGUA GRANDE;RURAL;CARRETERA;NACIONAL;PE-5N;-5.724799;SOLEADO;RURAL;TRAMO RECTO;PLANA ;ASFALTADA;NULL;NULL;NULL;NULL;EN PROCESO DE INVESTIGACIÓN;NO CUENTA CON CAUSA ESPECIFICA;Carretera Presidente Fernando Belaúnde Terry;22/3/2021;-78.475607
A-2021-03-260;50:00.0;ATROPELLO;1;1;1;PUNO;SAN ROMAN;CARACOTO;RURAL;CARRETERA;NACIONAL;PE-3S;-15.549722;NUBLADO;RURAL;TRAMO RECTO;PLANA ;ASFALTADA;SI;REGULADORA (R);PREVENTIVA (P);SI;IMPRUDENCIA DEL CONDUCTOR;EXCESO DE VELOCIDAD;Carretera Longitudinal de la Sierra Sur;22/3/2021;-70.108611
A-2021-03-176;00:00.0;CHOQUE;3;0;2;JUNIN;SATIPO;PANGOA;RURAL;CARRETERA;NACIONAL;PE-28C;-11.373985;DESPEJADO;RURAL;CURVA;INCLINADA;ASFALTADA;NULL;NULL;NULL;NULL;IMPRUDENCIA DEL CONDUCTOR;EXCESO DE VELOCIDAD;PE-28C;22/3/2021;-74.499303
A-2021-03-324;40:00.0;ATROPELLO;1;0;1;CAJAMARCA;JAEN;BELLAVISTA;RURAL;CARRETERA;NACIONAL;PE-5N;-5.558624;SOLEADO;COMERCIAL;TRAMO RECTO;PLANA ;ASFALTADA;SI;INFORMATIVA (I);PREVENTIVA (P);NO;EN PROCESO DE INVESTIGACIÓN;NO CUENTA CON CAUSA ESPECIFICA;PE-5N;23/3/2021;-78.806841
A-2021-03-266;00:00.0;CHOQUE;3;18;2;LAMBAYEQUE;CHICLAYO;LAGUNAS;RURAL;CARRETERA;NACIONAL;PE-1N;-6.957083;DESPEJADO;RURAL;TRAMO RECTO;PLANA ;ASFALTADA;SI;REGULADORA (R);PREVENTIVA (P);NO;EN PROCESO DE INVESTIGACIÓN;NO CUENTA CON CAUSA ESPECIFICA;Carretera Panamericana Norte;23/3/2021;-79.693939
A-2021-03-222;30:00.0;ATROPELLO;1;1;1;LA LIBERTAD;PACASMAYO;SAN JOSE;RURAL;CARRETERA;NACIONAL;PE-1N;-7.346123;DESPEJADO;RURAL;TRAMO RECTO;PLANA ;ASFALTADA;NULL;NULL;NULL;NULL;NEGLIGENCIA DEL CONDUCTOR;OTRO (NEGLIGENCIA DEL CONDUCTOR);Calle Héroes del Cenepa;23/3/2021;-79.511216
A-2021-03-276;40:00.0;DESPISTE;1;0;1;PUNO;LAMPA;NICASIO;RURAL;CARRETERA;NACIONAL;PE-3S;-15.250495;NUBLADO;RURAL;TRAMO RECTO;PLANA ;ASFALTADA;NO;NULL;NULL;SI;NEGLIGENCIA DEL CONDUCTOR;OTRO (NEGLIGENCIA DEL CONDUCTOR);Carretera Longitudinal de la Sierra Sur;23/3/2021;-70.316979
A-2021-03-243;30:00.0;CHOQUE;1;0;NULL;LIMA;LIMA;LA MOLINA;RURAL;AVENIDA;URBANO;NO CORRESPONDE;-12.0607;DESPEJADO;INDUSTRIAL;TRAMO RECTO;PLANA ;ASFALTADA;NULL;NULL;NULL;NULL;IMPRUDENCIA DEL CONDUCTOR;OTRO (IMPRUDENCIA DEL CONDUCTOR);Jirón Américo Vespucio;24/3/2021;-76.94719
A-2021-03-353;30:00.0;ATROPELLO;1;0;0;LIMA;LIMA;LURIGANCHO;URBANA;AVENIDA;URBANO;NO CORRESPONDE;-11.94518;SOLEADO;RESIDENCIAL;TRAMO RECTO;INCLINADA;ASFALTADA;NULL;NULL;NULL;NULL;EN PROCESO DE INVESTIGACIÓN;NO CUENTA CON CAUSA ESPECIFICA;Chosica;24/3/2021;-76.713229
A-2021-03-199;00:00.0;CHOQUE;1;0;1;JUNIN;CHANCHAMAYO;PICHANAQUI;RURAL;CARRETERA;NACIONAL;PE-5S;-10.967878;DESPEJADO;RURAL;INTERSECCIÓN;INCLINADA;ASFALTADA;NULL;NULL;NULL;NULL;EN PROCESO DE INVESTIGACIÓN;NO CUENTA CON CAUSA ESPECIFICA;Carretera Longitudinal de la Selva Sur;24/3/2021;-74.791776
A-2021-03-190;30:00.0;DESPISTE;1;3;1;PUNO;MELGAR;NUÑOA;RURAL;CARRETERA;PROVINCIAL;PU-665;-14.410449;NUBLADO;RURAL;TRAMO RECTO;PLANA ;TROCHA;NULL;NULL;NULL;NULL;IMPRUDENCIA DEL CONDUCTOR;EXCESO DE VELOCIDAD;PU-665;24/3/2021;-70.703757
A-2021-03-219;30:00.0;DESPISTE;1;3;NULL;APURIMAC;GRAU;CHUQUIBAMBILLA;RURAL;CARRETERA;NACIONAL;PE-3SF;-14.104415;NULL;NULL;NULL;NULL;NULL;NULL;NULL;NULL;NULL;EN PROCESO DE INVESTIGACIÓN;NO CUENTA CON CAUSA ESPECIFICA;PE-3SF;25/3/2021;-72.746116
A-2021-03-186;32:00.0;ATROPELLO;1;1;1;AREQUIPA;AREQUIPA;AREQUIPA;URBANA;CALLE;URBANO;NO CORRESPONDE;-16.400793;DESPEJADO;RESIDENCIAL;TRAMO RECTO;PLANA ;ADOQUINADO;NO;NULL;NULL;SI;IMPRUDENCIA DEL CONDUCTOR;OTRO (IMPRUDENCIA DEL CONDUCTOR);Calle Cruz Verde;25/3/2021;-71.54054
A-2021-03-275;40:00.0;CHOQUE;1;0;2;LAMBAYEQUE;LAMBAYEQUE;MOTUPE;URBANA;CARRETERA;NACIONAL;PE-1NJ;-6.157844;DESPEJADO;COMERCIAL;TRAMO RECTO;PLANA ;ASFALTADA;SI;INFORMATIVA (I);PREVENTIVA (P);NO;EN PROCESO DE INVESTIGACIÓN;NO CUENTA CON CAUSA ESPECIFICA;Carretera Lambayegue - Olmos;25/3/2021;-79.702338
A-2021-10-207;50:00.0;ATROPELLO FUGA;1;0;0;LIMA;LIMA;LIMA;URBANA;AVENIDA;URBANO;NO CORRESPONDE;-12.0591;DESPEJADO;COMERCIAL;TRAMO RECTO;PLANA ;ASFALTADA;NULL;NULL;NULL;NULL;EN PROCESO DE INVESTIGACIÓN;NO CUENTA CON CAUSA ESPECIFICA;Avenida Aviación;31/10/2021;-77.01383
A-2022-10-179;00:00.0;CHOQUE;1;2;NULL;LORETO;MAYNAS;SAN JUAN BAUTISTA;URBANA;CARRETERA;PROVINCIAL;LO-508;-3.794842;DESPEJADO;RURAL;INTERSECCIÓN;PLANA ;ASFALTADA;NULL;NULL;NULL;NULL;IMPRUDENCIA DEL CONDUCTOR;CONDUCIR EN ESTADO DE EBRIEDAD Y/O DROGADICCIÓN;25 de Enero;31/10/2021;-73.311574
A-2021-10-290;00:00.0;DESPISTE;2;0;1;AREQUIPA;CARAVELI;LOMAS;RURAL;CARRETERA;NACIONAL;PE-1S;-15.41779;DESPEJADO;RURAL;CURVA;INCLINADA;ASFALTADA;NULL;NULL;NULL;NULL;EN PROCESO DE INVESTIGACIÓN;NO CUENTA CON CAUSA ESPECIFICA;Carretera Panamericana Sur;31/10/2021;-74.890322
A-2021-10-231;00:00.0;DESPISTE;1;10;1;ANCASH;BOLOGNESI;AQUIA;RURAL;CARRETERA;NACIONAL;PE-3N;-9.94454;DESPEJADO;RURAL;TRAMO RECTO;INCLINADA;ASFALTADA;NULL;NULL;NULL;NULL;EN PROCESO DE INVESTIGACIÓN;NO CUENTA CON CAUSA ESPECIFICA;Carretera Longitudinal de la Sierra Norte;31/10/2021;-77.09081
A-2021-10-234;00:00.0;CAÍDA DE PASAJERO;1;0;NULL;ANCASH;HUARI;UCO;RURAL;CARRETERA;NACIONAL;PE-14A;-9.189245;DESPEJADO;RURAL;TRAMO RECTO;PLANA ;ASFALTADA;NULL;NULL;NULL;NULL;EN PROCESO DE INVESTIGACIÓN;NO CUENTA CON CAUSA ESPECIFICA;Jirón Fitzcarrald;31/10/2021;-76.928899
A-2021-10-127;40:00.0;DESPISTE;1;0;1;LA LIBERTAD;GRAN CHIMU;CASCAS;RURAL;CARRETERA;DEPARTAMENTAL;LI-106;-7.551611;DESPEJADO;RURAL;TRAMO RECTO;PLANA ;AFIRMADO;NULL;NULL;NULL;NULL;EN PROCESO DE INVESTIGACIÓN;NO CUENTA CON CAUSA ESPECIFICA;LI-106;31/10/2021;-78.762935
A-2021-10-225;10:00.0;ATROPELLO FUGA;1;0;NULL;PIURA;PIURA;VEINTISEIS DE OCTUBRE;URBANA;CARRETERA;NACIONAL;PE-02;-5.169754;DESPEJADO;RURAL;TRAMO RECTO;PLANA ;ASFALTADA;SI;PREVENTIVA (P);INFORMATIVA (I);NO;EN PROCESO DE INVESTIGACIÓN;NO CUENTA CON CAUSA ESPECIFICA;Carretera Paita - Piura;31/10/2021;-80.691815
A-2021-10-173;30:00.0;CHOQUE;3;4;3;PUNO;SAN ROMAN;SAN MIGUEL;RURAL;CARRETERA;NACIONAL;PE-3S;-15.442387;DESPEJADO;RURAL;TRAMO RECTO;PLANA ;ASFALTADA;NULL;NULL;NULL;NULL;IMPRUDENCIA DEL CONDUCTOR;CONDUCIR EN SENTIDO CONTRARIO;Avenida Independencia;31/10/2021;-70.140648
A-2021-11-6;15:00.0;CHOQUE CON OBJETO FIJO;1;1;1;AREQUIPA;AREQUIPA;AREQUIPA;URBANA;AVENIDA;URBANO;NO CORRESPONDE;-16.40918;DESPEJADO;RESIDENCIAL;TRAMO RECTO;PLANA ;ASFALTADA;SI;REGULADORA (R);PREVENTIVA (P);SI;EN PROCESO DE INVESTIGACIÓN;NO CUENTA CON CAUSA ESPECIFICA;Avenida Parra;1/11/2021;-71.542648
A-2021-11-1;00:00.0;CHOQUE;1;0;1;PUNO;EL COLLAO;ILAVE;URBANA;JIRÓN;URBANO;NO CORRESPONDE;-16.082378;DESPEJADO;COMERCIAL;TRAMO RECTO;PLANA ;ASFALTADA;NULL;NULL;NULL;NULL;IMPRUDENCIA DEL CONDUCTOR;OTRO (IMPRUDENCIA DEL CONDUCTOR);Ilave;1/11/2021;-69.644743
A-2021-11-2;00:00.0;ATROPELLO;1;0;0;PUNO;CHUCUITO;ZEPITA;RURAL;CARRETERA;NACIONAL;PE-36A;-16.568724;DESPEJADO;RURAL;TRAMO RECTO;PLANA ;ASFALTADA;NULL;NULL;NULL;NULL;IMPRUDENCIA DEL PEATÓN;CRUCE INDEBIDO POR LA CALZADA;Carretera Binacional;1/11/2021;-69.259357
A-2021-11-30;20:00.0;DESPISTE;1;0;1;HUANCAVELICA;CASTROVIRREYNA;SANTA ANA;RURAL;CARRETERA;NACIONAL;PE-28D;-12.990179;DESPEJADO;RURAL;OTRO;PLANA ;ASFALTADA;NULL;NULL;NULL;NULL;EN PROCESO DE INVESTIGACIÓN;NO CUENTA CON CAUSA ESPECIFICA;Carretera Castrovirreyna - Huancavelica;1/11/2021;-75.089773
A-2021-11-124;30:00.0;CHOQUE;1;0;NULL;PIURA;MORROPON;LA MATANZA;RURAL;CARRETERA;PROVINCIAL;PI-970;-5.222418;DESPEJADO;RURAL;TRAMO RECTO;PLANA ;ASFALTADA;NULL;NULL;NULL;NULL;EN PROCESO DE INVESTIGACIÓN;NO CUENTA CON CAUSA ESPECIFICA;Avenida Faustino Sánchez Carrión;1/11/2021;-80.113987
A-2021-11-209;00:00.0;CHOQUE;1;0;NULL;JUNIN;SATIPO;PANGOA;RURAL;CARRETERA;NACIONAL;PE-28C;-11.45558;NULL;NULL;NULL;NULL;NULL;NULL;NULL;NULL;NULL;EN PROCESO DE INVESTIGACIÓN;NO CUENTA CON CAUSA ESPECIFICA;PE-28C;1/11/2021;-74.49283
A-2021-11-113;40:00.0;DESPISTE;1;0;1;LIMA;LIMA;VILLA MARIA DEL TRIUNFO;URBANA;AVENIDA;URBANO;NO CORRESPONDE;-12.21202;DESPEJADO;INDUSTRIAL;INTERSECCIÓN;PLANA ;ASFALTADA;NULL;NULL;NULL;NULL;EN PROCESO DE INVESTIGACIÓN;NO CUENTA CON CAUSA ESPECIFICA;Jirón Huancayo;1/11/2021;-76.903176
A-2021-11-114;15:00.0;CHOQUE;1;0;0;LIMA;LIMA;PUENTE PIEDRA;URBANA;CARRETERA;NACIONAL;PE-1N;-11.853004;DESPEJADO;COMERCIAL;TRAMO RECTO;PLANA ;ASFALTADA;NULL;NULL;NULL;NULL;IMPRUDENCIA DEL CONDUCTOR;EXCESO DE VELOCIDAD;Carretera Panamericana Norte;2/11/2021;-77.089262
A-2021-11-60;30:00.0;CHOQUE;1;4;2;SAN MARTIN;RIOJA;PARDO MIGUEL;URBANA;CARRETERA;NACIONAL;PE-5N;-5.744318;DESPEJADO;RURAL;TRAMO RECTO;PLANA ;ASFALTADA;NULL;NULL;NULL;NULL;IMPRUDENCIA DEL CONDUCTOR;CONDUCIR EN ESTADO DE EBRIEDAD Y/O DROGADICCIÓN;Carretera Presidente Fernando Belaúnde Terry;2/11/2021;-77.492037
A-2021-11-8;00:00.0;ATROPELLO;1;0;NULL;CALLAO;CALLAO;CALLAO;URBANA;CARRETERA;NACIONAL;PE-20;-11.986946;DESPEJADO;RESIDENCIAL;TRAMO RECTO;PLANA ;ASFALTADA;NULL;NULL;NULL;NULL;EN PROCESO DE INVESTIGACIÓN;NO CUENTA CON CAUSA ESPECIFICA;Avenida Coronel Nestor Gambetta;2/11/2021;-77.125516
A-2021-11-3;06:00.0;ATROPELLO;1;0;1;ICA;ICA;SALAS;RURAL;CARRETERA;NACIONAL;PE-1S;-13.971764;DESPEJADO;RURAL;TRAMO RECTO;PLANA ;ASFALTADA;NULL;NULL;NULL;NULL;EN PROCESO DE INVESTIGACIÓN;NO CUENTA CON CAUSA ESPECIFICA;Carretera Panamericana Sur;2/11/2021;-75.778564
A-2021-11-141;20:00.0;ATROPELLO;1;0;0;LIMA;LIMA;SANTA ANITA;URBANA;AVENIDA;URBANO;NO CORRESPONDE;-12.035626;DESPEJADO;COMERCIAL;TRAMO RECTO;PLANA ;ASFALTADA;NULL;NULL;NULL;NULL;EN PROCESO DE INVESTIGACIÓN;NO CUENTA CON CAUSA ESPECIFICA;Avenida Metropolitana;3/11/2021;-76.948923
A-2021-11-10;47:00.0;ATROPELLO;1;0;NULL;LIMA;LIMA;SAN MARTIN DE PORRES;URBANA;OTRO;URBANO;NO CORRESPONDE;-11.981856;DESPEJADO;RESIDENCIAL;TRAMO RECTO;PLANA ;ASFALTADA;NULL;NULL;NULL;NULL;IMPRUDENCIA DEL CONDUCTOR;EXCESO DE VELOCIDAD;Avenida Los Alisos;3/11/2021;-77.107886
A-2021-11-4;50:00.0;DESPISTE;1;1;1;ICA;ICA;SALAS;RURAL;CARRETERA;NACIONAL;PE-1S;-13.930957;DESPEJADO;RURAL;TRAMO RECTO;PLANA ;ASFALTADA;NULL;NULL;NULL;NULL;EN PROCESO DE INVESTIGACIÓN;NO CUENTA CON CAUSA ESPECIFICA;Carretera Panamericana Sur;3/11/2021;-75.926299
A-2021-11-53;48:00.0;DESPISTE;2;0;1;LA LIBERTAD;CHEPEN;CHEPEN;RURAL;CARRETERA;SIN CLASIFICAR;SIN CLASIFICAR;-7.292995;DESPEJADO;RURAL;TRAMO RECTO;PLANA ;ASFALTADA;NULL;NULL;NULL;NULL;EN PROCESO DE INVESTIGACIÓN;NO CUENTA CON CAUSA ESPECIFICA;Talambo;3/11/2021;-79.387354
A-2021-11-39;00:00.0;CHOQUE;1;0;2;PUNO;CARABAYA;CRUCERO;RURAL;CARRETERA;PROVINCIAL;PU-566;-14.352358;DESPEJADO;RURAL;TRAMO RECTO;PLANA ;ASFALTADA;NULL;NULL;NULL;NULL;IMPRUDENCIA DEL CONDUCTOR;CONDUCIR EN SENTIDO CONTRARIO;PU-566;3/11/2021;-70.016913
A-2021-11-99;30:00.0;ATROPELLO;1;0;1;CUSCO;ANTA;ANTA;RURAL;CARRETERA;NACIONAL;PE-3S;-13.4767;NUBLADO;RURAL;TRAMO RECTO;PLANA ;ASFALTADA;NULL;NULL;NULL;NULL;IMPRUDENCIA DEL PEATÓN;CRUCE INDEBIDO POR LA CALZADA;Carretera Longitudinal de la Sierra Sur;3/11/2021;-72.159212
A-2021-11-58;50:00.0;CHOQUE;1;0;2;LA LIBERTAD;TRUJILLO;MOCHE;RURAL;AVENIDA;URBANO;NO CORRESPONDE;-8.166197;DESPEJADO;RURAL;TRAMO RECTO;PLANA ;ASFALTADA;NULL;NULL;NULL;NULL;IMPRUDENCIA DEL CONDUCTOR;CONDUCIR EN ESTADO DE EBRIEDAD Y/O DROGADICCIÓN;Avenida Las Américas;3/11/2021;-79.021426