CÓDIGO SINIESTRO;HORA SINIESTRO;CLASE SINIESTRO;CANTIDAD DE FALLECIDOS;CANTIDAD DE LESIONADOS;CANTIDAD DE VEHICULOS DAÑADOS;DEPARTAMENTO;PROVINCIA;DISTRITO;ZONA;TIPO DE VÍA;RED VIAL;COD CARRETERA;COORDENADAS LATITUD;CONDICIÓN CLIMÁTICA;ZONIFICACIÓN;CARACTERÍSTICAS DE VÍA;PERFIL LONGITUDINAL VÍA;SUPERFICIE DE CALZADA;¿EXISTE SEÑAL VERTICAL?;CLASIFICACIÓN DE LA SEÑAL VERTICAL Nº 1;CLASIFICACIÓN DE LA SEÑAL VERTICAL Nº 2;¿EXISTE SEÑAL HORIZONTAL?;CAUSA FACTOR PRINCIPAL;CAUSA ESPECÍFICA;UBICACION;FECHA SINIESTRO;COORDENADAS LONGITUD
A-2021-11-230;00:00.0;DESPISTE;1;1;1;AREQUIPA;CAMANA;OCOÑA;RURAL;CARRETERA;NACIONAL;PE-1S;-16.44839;DESPEJADO;RURAL;CURVA;INCLINADA;ASFALTADA;NULL;NULL;NULL;NULL;EN PROCESO DE INVESTIGACIÓN;NO CUENTA CON CAUSA ESPECIFICA;Carretera Panamericana Sur;4/11/2021;-73.117565
A-2021-11-194;10:00.0;ATROPELLO;1;0;1;LAMBAYEQUE;LAMBAYEQUE;LAMBAYEQUE;RURAL;CARRETERA;NACIONAL;PE-1N;-6.725871;DESPEJADO;RURAL;TRAMO RECTO;PLANA ;ASFALTADA;NULL;NULL;NULL;NULL;EN PROCESO DE INVESTIGACIÓN;NO CUENTA CON CAUSA ESPECIFICA;Panamericana Norte;4/11/2021;-79.890931
A-2021-11-138;50:00.0;ATROPELLO;1;1;1;CUSCO;URUBAMBA;URUBAMBA;RURAL;CARRETERA;NACIONAL;PE-28B;-13.278753;DESPEJADO;RURAL;CURVA;PLANA ;ASFALTADA;NULL;NULL;NULL;NULL;IMPRUDENCIA DEL CONDUCTOR;CONDUCIR EN ESTADO DE EBRIEDAD Y/O DROGADICCIÓN;PE-28B;4/11/2021;-72.197823
A-2021-11-20;00:00.0;CHOQUE;1;1;NULL;LORETO;MAYNAS;SAN JUAN BAUTISTA;URBANA;AVENIDA;URBANO;NO CORRESPONDE;-3.778765;NULL;NULL;NULL;NULL;NULL;NULL;NULL;NULL;NULL;EN PROCESO DE INVESTIGACIÓN;NO CUENTA CON CAUSA ESPECIFICA;Avenida de la Participación;4/11/2021;-73.27832
A-2021-11-105;40:00.0;ATROPELLO FUGA;1;0;NULL;CUSCO;ANTA;PUCYURA;RURAL;CARRETERA;NACIONAL;PE-3S;-13.477075;DESPEJADO;RURAL;TRAMO RECTO;PLANA ;ASFALTADA;NULL;NULL;NULL;NULL;IMPRUDENCIA DEL PEATÓN;ESTADO DE EBRIEDAD Y/O DROGADICCIÓN;Carretera Longitudinal de la Sierra Sur;5/11/2021;-72.120087
A-2021-11-142;30:00.0;CAÍDA DE PASAJERO;1;0;0;LIMA;LIMA;PUENTE PIEDRA;URBANA;CARRETERA;NACIONAL;PE-1N;-11.899768;DESPEJADO;COMERCIAL;TRAMO RECTO;PLANA ;ASFALTADA;NULL;NULL;NULL;NULL;EN PROCESO DE INVESTIGACIÓN;NO CUENTA CON CAUSA ESPECIFICA;Puente Piedra;5/11/2021;-77.067954
A-2021-11-106;30:00.0;ATROPELLO;2;0;NULL;CUSCO;CANCHIS;MARANGANI;RURAL;CARRETERA;NACIONAL;PE-3S;-14.362684;DESPEJADO;RURAL;TRAMO RECTO;PLANA ;ASFALTADA;NULL;NULL;NULL;NULL;IMPRUDENCIA DEL CONDUCTOR;EXCESO DE VELOCIDAD;Carretera Longitudinal de la Sierra Sur;5/11/2021;-71.15961
A-2021-11-143;30:00.0;CHOQUE;1;0;2;LIMA;LIMA;SAN JUAN DE LURIGANCHO;URBANA;CARRETERA;NACIONAL;PE-22;-12.024278;DESPEJADO;RESIDENCIAL;TRAMO RECTO;PLANA ;ASFALTADA;NULL;NULL;NULL;NULL;EN PROCESO DE INVESTIGACIÓN;NO CUENTA CON CAUSA ESPECIFICA;Autopista Ramiro Prialé;5/11/2021;-76.964044
A-2021-11-54;00:00.0;DESPISTE;1;0;1;LA LIBERTAD;SANCHEZ CARRION;SARIN;RURAL;CARRETERA;PROVINCIAL;LI-907;-7.912009;LLUVIOSO;RURAL;CURVA;INCLINADA;TROCHA;NULL;NULL;NULL;NULL;EN PROCESO DE INVESTIGACIÓN;NO CUENTA CON CAUSA ESPECIFICA;LI-907;5/11/2021;-77.903332
A-2021-11-195;45:00.0;CHOQUE;2;2;3;LAMBAYEQUE;LAMBAYEQUE;MOCHUMI;RURAL;CARRETERA;NACIONAL;PE-1NJ;-6.59103;DESPEJADO;RURAL;TRAMO RECTO;PLANA ;ASFALTADA;NULL;NULL;NULL;NULL;EN PROCESO DE INVESTIGACIÓN;NO CUENTA CON CAUSA ESPECIFICA;Carretera Lambayeque - Olmos;5/11/2021;-79.87774
A-2021-11-19;20:00.0;CHOQUE FUGA;1;1;NULL;LORETO;MAYNAS;IQUITOS;URBANA;CALLE;URBANO;NO CORRESPONDE;-3.75063;NULL;NULL;NULL;NULL;NULL;NULL;NULL;NULL;NULL;EN PROCESO DE INVESTIGACIÓN;NO CUENTA CON CAUSA ESPECIFICA;Calle Jorge Chávez;5/11/2021;-73.264384
A-2021-11-144;30:00.0;CHOQUE;1;0;0;LIMA;LIMA;SAN MARTIN DE PORRES;URBANA;CARRETERA;NACIONAL;PE-1N;-12.026782;DESPEJADO;COMERCIAL;INTERSECCIÓN;PLANA ;ASFALTADA;NULL;NULL;NULL;NULL;IMPRUDENCIA DEL CONDUCTOR;EXCESO DE VELOCIDAD;Carretera Panamericana Norte;5/11/2021;-77.058355
A-2021-11-146;10:00.0;ATROPELLO FUGA;1;0;0;LIMA;LIMA;SAN JUAN DE MIRAFLORES;URBANA;CARRETERA;NACIONAL;PE-1S;-12.184364;DESPEJADO;RESIDENCIAL;TRAMO RECTO;PLANA ;ASFALTADA;NULL;NULL;NULL;NULL;EN PROCESO DE INVESTIGACIÓN;NO CUENTA CON CAUSA ESPECIFICA;Avenida Panamericana Sur;5/11/2021;-76.974964
A-2021-11-107;30:00.0;DESPISTE;2;0;1;CUSCO;ESPINAR;SUYCKUTAMBO;RURAL;CARRETERA;DEPARTAMENTAL;CU-110;-15.003047;DESPEJADO;RURAL;TRAMO RECTO;PLANA ;ASFALTADA;NULL;NULL;NULL;NULL;IMPRUDENCIA DEL CONDUCTOR;EXCESO DE VELOCIDAD;CU-131;6/11/2021;-71.635605
A-2021-11-55;20:00.0;DESPISTE;1;4;1;LA LIBERTAD;OTUZCO;OTUZCO;RURAL;CARRETERA;NACIONAL;PE-10A;-7.972887;DESPEJADO;RURAL;CURVA;PLANA ;ASFALTADA;NULL;NULL;NULL;NULL;IMPRUDENCIA DEL PASAJERO/OCUPANTE;SUBIR Y BAJAR DEL VEHÍCULO EN MOVIMIENTO;Carretera Trujillo - Huamachuco;6/11/2021;-78.643506
A-2021-11-13;20:00.0;CHOQUE;1;0;2;CAJAMARCA;CAJAMARCA;CAJAMARCA;URBANA;CARRETERA;NACIONAL;PE-08;-7.197043;SOLEADO;RESIDENCIAL;TRAMO RECTO;INCLINADA;ASFALTADA;NO;NULL;NULL;SI;EN PROCESO DE INVESTIGACIÓN;NO CUENTA CON CAUSA ESPECIFICA;Carretera Ciudad de Dios - Cajamarca;6/11/2021;-78.508815
A-2021-11-196;10:00.0;VOLCADURA;1;1;1;LAMBAYEQUE;CHICLAYO;PIMENTEL;RURAL;CARRETERA;NACIONAL;PE-1N;-6.754213;SOLEADO;INDUSTRIAL;TRAMO RECTO;PLANA ;ASFALTADA;NULL;NULL;NULL;NULL;EN PROCESO DE INVESTIGACIÓN;NO CUENTA CON CAUSA ESPECIFICA;Panamericana Norte;6/11/2021;-79.865499
A-2021-11-7;30:00.0;DESPISTE;1;1;1;ICA;PISCO;HUMAY;RURAL;CARRETERA;NACIONAL;PE-28A;-13.715185;DESPEJADO;RURAL;TRAMO RECTO;PLANA ;ASFALTADA;NULL;NULL;NULL;NULL;EN PROCESO DE INVESTIGACIÓN;NO CUENTA CON CAUSA ESPECIFICA;Vía de los Libertadores;6/11/2021;-75.850223
A-2021-11-56;45:00.0;ATROPELLO;1;1;1;LA LIBERTAD;PACASMAYO;GUADALUPE;RURAL;CARRETERA;NACIONAL;PE-1N;-7.252419;DESPEJADO;RURAL;TRAMO RECTO;PLANA ;ASFALTADA;NULL;NULL;NULL;NULL;IMPRUDENCIA DEL CONDUCTOR;EXCESO DE VELOCIDAD;Carretera Panamericana Norte;6/11/2021;-79.484165
A-2021-11-28;40:00.0;ATROPELLO FUGA;1;0;1;PUNO;SAN ROMAN;SAN MIGUEL;URBANA;CARRETERA;NACIONAL;PE-3S;-15.453446;DESPEJADO;COMERCIAL;TRAMO RECTO;PLANA ;ASFALTADA;NULL;NULL;NULL;NULL;IMPRUDENCIA DEL CONDUCTOR;EXCESO DE VELOCIDAD;Avenida Independencia;6/11/2021;-70.140514
A-2021-11-76;20:00.0;VOLCADURA;1;0;1;LA LIBERTAD;PATAZ;PIAS;RURAL;CARRETERA;PROVINCIAL;LI-865;-7.936071;DESPEJADO;RURAL;TRAMO RECTO;PLANA ;TROCHA;NULL;NULL;NULL;NULL;IMPRUDENCIA DEL CONDUCTOR;FATIGA Y/O CANSANCIO;LI-865;6/11/2021;-77.515048
A-2021-11-5;30:00.0;DESPISTE;1;0;1;ANCASH;HUARAZ;PIRA;RURAL;CARRETERA;NACIONAL;PE-14;-9.55948;NUBLADO;RURAL;CURVA;INCLINADA;AFIRMADO;NULL;NULL;NULL;NULL;IMPRUDENCIA DEL CONDUCTOR;FATIGA Y/O CANSANCIO;AN-726;6/11/2021;-77.688187
A-2021-11-147;00:00.0;ATROPELLO FUGA;1;0;0;LIMA;LIMA;COMAS;URBANA;AVENIDA;URBANO;NO CORRESPONDE;-11.953014;DESPEJADO;COMERCIAL;INTERSECCIÓN;PLANA ;ASFALTADA;NULL;NULL;NULL;NULL;EN PROCESO DE INVESTIGACIÓN;NO CUENTA CON CAUSA ESPECIFICA;Avenida Túpac Amaru;7/11/2021;-77.051314
A-2021-11-26;00:00.0;ATROPELLO FUGA;1;0;NULL;TUMBES;ZARUMILLA;PAPAYAL;RURAL;CARRETERA;NACIONAL;PE-1N;-3.523787;NULL;NULL;NULL;NULL;NULL;NULL;NULL;NULL;NULL;EN PROCESO DE INVESTIGACIÓN;NO CUENTA CON CAUSA ESPECIFICA;Carretera Panamericana Norte;7/11/2021;-80.350494
A-2021-11-176;30:00.0;ATROPELLO FUGA;1;1;1;LIMA;HUARAL;CHANCAY;URBANA;CARRETERA;NACIONAL;PE-1N;-11.595705;DESPEJADO;RURAL;TRAMO RECTO;PLANA ;ASFALTADA;NULL;NULL;NULL;NULL;EN PROCESO DE INVESTIGACIÓN;NO CUENTA CON CAUSA ESPECIFICA;Carretera Panamericana Norte;7/11/2021;-77.254904
A-2021-11-59;30:00.0;DESPISTE;1;0;1;LA LIBERTAD;OTUZCO;USQUIL;RURAL;CARRETERA;PROVINCIAL;LI-1144;-7.849949;DESPEJADO;RURAL;TRAMO RECTO;PLANA ;AFIRMADO;NULL;NULL;NULL;NULL;IMPRUDENCIA DEL CONDUCTOR;OTRO (IMPRUDENCIA DEL CONDUCTOR);LI-114;7/11/2021;-78.431857
A-2021-11-125;15:00.0;ATROPELLO FUGA;1;0;NULL;PIURA;SULLANA;MIGUEL CHECA;URBANA;CARRETERA;NACIONAL;PE-02;-5.14547;DESPEJADO;RURAL;TRAMO RECTO;PLANA ;ASFALTADA;NULL;NULL;NULL;NULL;EN PROCESO DE INVESTIGACIÓN;NO CUENTA CON CAUSA ESPECIFICA;Carretera Paita - Piura;7/11/2021;-80.797084
A-2021-11-175;00:00.0;DESPISTE;1;0;1;LIMA;HUARAL;AUCALLAMA;RURAL;CARRETERA;PROVINCIAL;LM-685;-11.595899;DESPEJADO;RURAL;TRAMO RECTO;PLANA ;ASFALTADA;NULL;NULL;NULL;NULL;EN PROCESO DE INVESTIGACIÓN;NO CUENTA CON CAUSA ESPECIFICA;Aucallama;7/11/2021;-77.183451
A-2021-11-126;30:00.0;CHOQUE;1;0;1;PIURA;TALARA;PARIÑAS;RURAL;CARRETERA;DEPARTAMENTAL;PI-100;-4.578702;DESPEJADO;RURAL;TRAMO RECTO;INCLINADA;ASFALTADA;NULL;NULL;NULL;NULL;EN PROCESO DE INVESTIGACIÓN;NO CUENTA CON CAUSA ESPECIFICA;Carretera Costanera I;7/11/2021;-81.253713
A-2021-11-148;40:00.0;ATROPELLO;1;0;0;LIMA;LIMA;LOS OLIVOS;URBANA;CARRETERA;NACIONAL;PE-1N;-11.937769;DESPEJADO;COMERCIAL;INTERSECCIÓN;PLANA ;ASFALTADA;NULL;NULL;NULL;NULL;EN PROCESO DE INVESTIGACIÓN;NO CUENTA CON CAUSA ESPECIFICA;Avenida Panamericana Norte;7/11/2021;-77.071831
A-2021-11-197;00:00.0;DESPISTE;1;0;1;LAMBAYEQUE;CHICLAYO;NUEVA ARICA;RURAL;CARRETERA;NACIONAL;PE-1NI;-6.881456;DESPEJADO;RURAL;TRAMO RECTO;PLANA ;ASFALTADA;NULL;NULL;NULL;NULL;EN PROCESO DE INVESTIGACIÓN;NO CUENTA CON CAUSA ESPECIFICA;Badén Leque Leque;7/11/2021;-79.364877
A-2021-11-151;14:00.0;CHOQUE;1;0;0;LIMA;LIMA;SANTIAGO DE SURCO;URBANA;AVENIDA;URBANO;NO CORRESPONDE;-12.128541;DESPEJADO;RESIDENCIAL;INTERSECCIÓN;PLANA ;ASFALTADA;NULL;NULL;NULL;NULL;EN PROCESO DE INVESTIGACIÓN;NO CUENTA CON CAUSA ESPECIFICA;Avenida Alfredo Benavides;7/11/2021;-76.984966
A-2021-11-149;00:00.0;CHOQUE;1;0;0;LIMA;LIMA;LOS OLIVOS;URBANA;CARRETERA;NACIONAL;PE-1N;-11.962577;DESPEJADO;ESCOLAR;ÓVALO;PLANA ;ASFALTADA;NULL;NULL;NULL;NULL;EN PROCESO DE INVESTIGACIÓN;NO CUENTA CON CAUSA ESPECIFICA;Avenida Panamericana Norte;7/11/2021;-77.068385
A-2021-11-57;00:00.0;DESPISTE;1;0;1;LA LIBERTAD;VIRU;VIRU;RURAL;CARRETERA;PROVINCIAL;LI-1144;-8.379762;DESPEJADO;RURAL;TRAMO RECTO;PLANA ;ASFALTADA;NULL;NULL;NULL;NULL;EN PROCESO DE INVESTIGACIÓN;NO CUENTA CON CAUSA ESPECIFICA;Virú;7/11/2021;-78.679737
A-2021-11-78;25:00.0;CHOQUE;1;1;3;LA LIBERTAD;ASCOPE;CHICAMA;RURAL;CARRETERA;NACIONAL;PE-1N;-7.97602;DESPEJADO;RURAL;TRAMO RECTO;PLANA ;ASFALTADA;NULL;NULL;NULL;NULL;IMPRUDENCIA DEL CONDUCTOR;NO ESTABLECER EL DERECHO DE PASO;Carretera Panamericana Norte;7/11/2021;-79.080414
A-2021-11-213;45:00.0;CHOQUE FUGA;1;0;1;CAJAMARCA;JAEN;JAEN;URBANA;CARRETERA;NACIONAL;PE-5N;-5.728502;DESPEJADO;COMERCIAL;TRAMO RECTO;PLANA ;ASFALTADA;NULL;NULL;NULL;NULL;EN PROCESO DE INVESTIGACIÓN;NO CUENTA CON CAUSA ESPECIFICA;Mesones Muro;8/11/2021;-78.796402
A-2021-11-14;00:00.0;DESPISTE;2;2;1;ANCASH;POMABAMBA;POMABAMBA;RURAL;CARRETERA;SIN CLASIFICAR;SIN CLASIFICAR;-8.786976;LLUVIOSO;RURAL;CURVA;PLANA ;TROCHA;SI;INFORMATIVA (I);PREVENTIVA (P);NO;IMPRUDENCIA DEL CONDUCTOR;OTRO (IMPRUDENCIA DEL CONDUCTOR);AN-592;8/11/2021;-77.510503
A-2021-11-152;30:00.0;CHOQUE;1;2;0;LIMA;LIMA;ATE;URBANA;CARRETERA;NACIONAL;PE-22;-12.006873;DESPEJADO;RESIDENCIAL;TRAMO RECTO;PLANA ;ASFALTADA;NULL;NULL;NULL;NULL;EN PROCESO DE INVESTIGACIÓN;NO CUENTA CON CAUSA ESPECIFICA;Carretera Central;8/11/2021;-76.852368
A-2021-11-77;00:00.0;DESPISTE;1;0;1;LA LIBERTAD;SANCHEZ CARRION;HUAMACHUCO;RURAL;CARRETERA;NACIONAL;PE-10B;-7.79029;DESPEJADO;RURAL;TRAMO RECTO;PLANA ;TROCHA;NULL;NULL;NULL;NULL;EN PROCESO DE INVESTIGACIÓN;NO CUENTA CON CAUSA ESPECIFICA;Sausacocha;8/11/2021;-77.96874
A-2021-11-11;40:00.0;ATROPELLO FUGA;1;0;0;LIMA;LIMA;SAN MIGUEL;URBANA;AVENIDA;URBANO;NO CORRESPONDE;-12.061559;DESPEJADO;INDUSTRIAL;TRAMO RECTO;PLANA ;ASFALTADA;NO;NULL;NULL;SI;EN PROCESO DE INVESTIGACIÓN;NO CUENTA CON CAUSA ESPECIFICA;Avenida República de Venezuela;8/11/2021;-77.087503
A-2021-11-79;20:00.0;DESPISTE;1;10;1;LA LIBERTAD;ASCOPE;CHICAMA;RURAL;CARRETERA;NACIONAL;PE-1N;-7.908891;DESPEJADO;RURAL;TRAMO RECTO;PLANA ;ASFALTADA;NULL;NULL;NULL;NULL;EN PROCESO DE INVESTIGACIÓN;NO CUENTA CON CAUSA ESPECIFICA;Carretera Panamericana Norte;8/11/2021;-79.116131
A-2021-11-153;30:00.0;ATROPELLO;1;0;0;LIMA;LIMA;SAN JUAN DE LURIGANCHO;URBANA;AVENIDA;URBANO;NO CORRESPONDE;-11.941629;DESPEJADO;INDUSTRIAL;INTERSECCIÓN;PLANA ;ASFALTADA;NULL;NULL;NULL;NULL;EN PROCESO DE INVESTIGACIÓN;NO CUENTA CON CAUSA ESPECIFICA;Avenida El Muro Oeste;9/11/2021;-76.999188
A-2021-11-210;45:00.0;CHOQUE;1;2;2;SAN MARTIN;SAN MARTIN;LA BANDA DE SHILCAYO;RURAL;AVENIDA;URBANO;NO CORRESPONDE;-6.524728;DESPEJADO;RURAL;TRAMO RECTO;PLANA ;ASFALTADA;NULL;NULL;NULL;NULL;IMPRUDENCIA DEL CONDUCTOR;CONDUCIR EN ESTADO DE EBRIEDAD Y/O DROGADICCIÓN;Vía de Evitamiento;9/11/2021;-76.360371
A-2021-11-23;40:00.0;DESPISTE;2;0;1;CAJAMARCA;HUALGAYOC;BAMBAMARCA;RURAL;CARRETERA;PROVINCIAL;CA-965;-6.594457;DESPEJADO;RURAL;CURVA;PLANA ;AFIRMADO;NULL;NULL;NULL;NULL;NEGLIGENCIA DEL CONDUCTOR;OTRO (NEGLIGENCIA DEL CONDUCTOR);El Romero;9/11/2021;-78.445854
A-2021-11-17;20:00.0;ATROPELLO;1;0;1;PUNO;SAN ROMAN;CARACOTO;RURAL;CARRETERA;NACIONAL;PE-3S;-15.545889;DESPEJADO;RURAL;TRAMO RECTO;PLANA ;ASFALTADA;NO;NULL;NULL;SI;IMPRUDENCIA DEL CONDUCTOR;CONDUCIR EN SENTIDO CONTRARIO;Carretera Longitudinal de la Sierra Sur;10/11/2021;-70.110314
A-2021-11-133;00:00.0;DESPISTE;1;0;NULL;PIURA;TALARA;LOS ORGANOS;URBANA;CALLE;URBANO;NO CORRESPONDE;-4.175174;SOLEADO;COMERCIAL;TRAMO RECTO;PLANA ;CONCRETO;NULL;NULL;NULL;NULL;EN PROCESO DE INVESTIGACIÓN;NO CUENTA CON CAUSA ESPECIFICA;Malecón de los Próceres;10/11/2021;-81.127675
A-2021-11-101;30:00.0;DESPISTE;1;0;1;CUSCO;ANTA;LIMATAMBO;RURAL;CARRETERA;NACIONAL;PE-3S;-13.461079;DESPEJADO;RURAL;CURVA;PLANA ;ASFALTADA;NULL;NULL;NULL;NULL;IMPRUDENCIA DEL CONDUCTOR;EXCESO DE VELOCIDAD;Carretera Longitudinal de la Sierra Sur;10/11/2021;-72.410298
A-2021-11-154;15:00.0;ATROPELLO;1;0;0;LIMA;LIMA;SAN JUAN DE LURIGANCHO;URBANA;AVENIDA;URBANO;NO CORRESPONDE;-12.01914;DESPEJADO;INDUSTRIAL;INTERSECCIÓN;PLANA ;ASFALTADA;NULL;NULL;NULL;NULL;EN PROCESO DE INVESTIGACIÓN;NO CUENTA CON CAUSA ESPECIFICA;Avenida Francisco Bolognesi;10/11/2021;-76.952201
A-2021-11-108;55:00.0;DESPISTE;1;0;1;CUSCO;CANCHIS;MARANGANI;RURAL;CARRETERA;NACIONAL;PE-3S;-14.361736;DESPEJADO;RURAL;TRAMO RECTO;PLANA ;ASFALTADA;NULL;NULL;NULL;NULL;IMPRUDENCIA DEL CONDUCTOR;EXCESO DE VELOCIDAD;Carretera Longitudinal de la Sierra Sur;11/11/2021;-71.160633
A-2021-11-127;55:00.0;DESPISTE;1;0;1;CUSCO;URUBAMBA;OLLANTAYTAMBO;RURAL;CARRETERA;NACIONAL;PE-28B;-13.171463;LLUVIOSO;RURAL;CURVA;INCLINADA;ASFALTADA;NULL;NULL;NULL;NULL;IMPRUDENCIA DEL CONDUCTOR;EXCESO DE VELOCIDAD;PE-28B;11/11/2021;-72.284984
A-2021-11-198;00:00.0;DESPISTE;1;0;1;CAJAMARCA;JAEN;COLASAY;RURAL;CARRETERA;PROVINCIAL;CA-674;-5.97224;DESPEJADO;RURAL;TRAMO RECTO;PLANA ;ASFALTADA;SI;PREVENTIVA (P);INFORMATIVA (I);NO;EN PROCESO DE INVESTIGACIÓN;NO CUENTA CON CAUSA ESPECIFICA;CA-672;11/11/2021;-79.060927
A-2021-11-199;00:00.0;ATROPELLO;1;0;1;LAMBAYEQUE;CHICLAYO;MONSEFU;RURAL;CARRETERA;NACIONAL;PE-1N;-6.849931;DESPEJADO;RURAL;TRAMO RECTO;PLANA ;ASFALTADA;NULL;NULL;NULL;NULL;EN PROCESO DE INVESTIGACIÓN;NO CUENTA CON CAUSA ESPECIFICA;Carretera Panamericana Norte;11/11/2021;-79.82747
A-2021-11-155;20:00.0;DESPISTE;1;0;1;LIMA;LIMA;LOS OLIVOS;URBANA;OTRO;URBANO;NO CORRESPONDE;-11.977289;DESPEJADO;COMERCIAL;ÓVALO;PLANA ;ASFALTADA;NULL;NULL;NULL;NULL;EN PROCESO DE INVESTIGACIÓN;NO CUENTA CON CAUSA ESPECIFICA;Óvalo Naranjal;12/11/2021;-77.06678
A-2021-11-41;00:00.0;CHOQUE;1;2;2;AREQUIPA;ISLAY;COCACHACRA;URBANA;CARRETERA;PROVINCIAL;AR-831;-17.103822;DESPEJADO;RESIDENCIAL;TRAMO RECTO;INCLINADA;ASFALTADA;SI;REGULADORA (R);PREVENTIVA (P);SI;EN PROCESO DE INVESTIGACIÓN;NO CUENTA CON CAUSA ESPECIFICA;Avenida Libertad;12/11/2021;-71.782555
A-2021-11-156;10:00.0;DESPISTE;1;0;0;LIMA;LIMA;SAN MARTIN DE PORRES;URBANA;CARRETERA;NACIONAL;PE-1N;-12.03548;DESPEJADO;COMERCIAL;PUENTE;PLANA ;ASFALTADA;NULL;NULL;NULL;NULL;EN PROCESO DE INVESTIGACIÓN;NO CUENTA CON CAUSA ESPECIFICA;Vía de Evitamiento;12/11/2021;-77.04769
A-2021-11-231;00:00.0;CHOQUE;1;1;2;AREQUIPA;CARAVELI;ACARI;RURAL;CARRETERA;NACIONAL;PE-1S;-15.64035;DESPEJADO;RURAL;TRAMO RECTO;INCLINADA;ASFALTADA;NULL;NULL;NULL;NULL;EN PROCESO DE INVESTIGACIÓN;NO CUENTA CON CAUSA ESPECIFICA;Carretera Panamericana Sur;12/11/2021;-74.620582
A-2021-11-158;30:00.0;ATROPELLO FUGA;1;0;0;LIMA;LIMA;PUCUSANA;URBANA;CARRETERA;NACIONAL;PE-1S;-12.460258;DESPEJADO;RESIDENCIAL;TRAMO RECTO;PLANA ;ASFALTADA;NULL;NULL;NULL;NULL;EN PROCESO DE INVESTIGACIÓN;NO CUENTA CON CAUSA ESPECIFICA;Carretera Panamericana Sur;12/11/2021;-76.752788
A-2021-11-157;45:00.0;ATROPELLO;1;0;0;LIMA;LIMA;LOS OLIVOS;URBANA;AVENIDA;URBANO;NO CORRESPONDE;-11.937184;DESPEJADO;COMERCIAL;TRAMO RECTO;PLANA ;ASFALTADA;NULL;NULL;NULL;NULL;EN PROCESO DE INVESTIGACIÓN;NO CUENTA CON CAUSA ESPECIFICA;Avenida Alfredo Mendiola;12/11/2021;-77.07225
A-2021-11-18;20:00.0;CHOQUE;3;1;2;ICA;NASCA;VISTA ALEGRE;RURAL;CARRETERA;NACIONAL;PE-1S;-14.900543;DESPEJADO;RURAL;TRAMO RECTO;PLANA ;ASFALTADA;NULL;NULL;NULL;NULL;EN PROCESO DE INVESTIGACIÓN;NO CUENTA CON CAUSA ESPECIFICA;Carretera Panamericana Sur;13/11/2021;-74.983631
A-2021-11-159;50:00.0;ATROPELLO FUGA;1;0;0;LIMA;LIMA;SANTA ANITA;URBANA;AVENIDA;URBANO;NO CORRESPONDE;-12.034243;DESPEJADO;COMERCIAL;INTERSECCIÓN;PLANA ;ASFALTADA;NULL;NULL;NULL;NULL;EN PROCESO DE INVESTIGACIÓN;NO CUENTA CON CAUSA ESPECIFICA;Avenida Metropolitana;13/11/2021;-76.943897
A-2021-11-160;05:00.0;DESPISTE;1;0;1;LIMA;LIMA;SANTA ANITA;URBANA;AVENIDA;URBANO;NO CORRESPONDE;-12.040806;DESPEJADO;COMERCIAL;INTERSECCIÓN;PLANA ;ASFALTADA;NULL;NULL;NULL;NULL;EN PROCESO DE INVESTIGACIÓN;NO CUENTA CON CAUSA ESPECIFICA;Avenida Huancaray;13/11/2021;-76.962858
A-2021-11-66;15:00.0;CHOQUE;3;2;2;LIMA;HUAURA;VEGUETA;RURAL;CARRETERA;NACIONAL;PE-1N;-10.921073;DESPEJADO;RURAL;INTERSECCIÓN;PLANA ;ASFALTADA;NULL;NULL;NULL;NULL;IMPRUDENCIA DEL CONDUCTOR;EXCESO DE VELOCIDAD;Medio Mundo;13/11/2021;-77.655477
A-2021-11-80;15:00.0;CHOQUE;1;1;2;LA LIBERTAD;PACASMAYO;PACASMAYO;RURAL;AVENIDA;URBANO;NO CORRESPONDE;-7.400035;DESPEJADO;RURAL;INTERSECCIÓN;PLANA ;ASFALTADA;NULL;NULL;NULL;NULL;IMPRUDENCIA DEL CONDUCTOR;NO ESTABLECER EL DERECHO DE PASO;Pacasmayo;13/11/2021;-79.563472
A-2021-11-128;30:00.0;ATROPELLO FUGA;1;0;NULL;PIURA;PIURA;CATACAOS;URBANA;CARRETERA;NACIONAL;PE-1NK;-5.263178;DESPEJADO;COMERCIAL;TRAMO RECTO;PLANA ;ASFALTADA;NULL;NULL;NULL;NULL;EN PROCESO DE INVESTIGACIÓN;NO CUENTA CON CAUSA ESPECIFICA;Avenida Ramón Castilla;14/11/2021;-80.669254
A-2021-11-208;00:00.0;CHOQUE;1;0;2;LAMBAYEQUE;LAMBAYEQUE;OLMOS;URBANA;OTRO;URBANO;NO CORRESPONDE;-5.988739;DESPEJADO;RESIDENCIAL;INTERSECCIÓN;PLANA ;ASFALTADA;NULL;NULL;NULL;NULL;EN PROCESO DE INVESTIGACIÓN;NO CUENTA CON CAUSA ESPECIFICA;Calle Huáscar;14/11/2021;-79.748139