CÓDIGO SINIESTRO;HORA SINIESTRO;CLASE SINIESTRO;CANTIDAD DE FALLECIDOS;CANTIDAD DE LESIONADOS;CANTIDAD DE VEHICULOS DAÑADOS;DEPARTAMENTO;PROVINCIA;DISTRITO;ZONA;TIPO DE VÍA;RED VIAL;COD CARRETERA;COORDENADAS LATITUD;CONDICIÓN CLIMÁTICA;ZONIFICACIÓN;CARACTERÍSTICAS DE VÍA;PERFIL LONGITUDINAL VÍA;SUPERFICIE DE CALZADA;¿EXISTE SEÑAL VERTICAL?;CLASIFICACIÓN DE LA SEÑAL VERTICAL Nº 1;CLASIFICACIÓN DE LA SEÑAL VERTICAL Nº 2;¿EXISTE SEÑAL HORIZONTAL?;CAUSA FACTOR PRINCIPAL;CAUSA ESPECÍFICA;UBICACION;FECHA SINIESTRO;COORDENADAS LONGITUD
A-2021-11-21;30:00.0;CHOQUE FUGA;1;0;NULL;LORETO;LORETO;NAUTA;RURAL;CARRETERA;DEPARTAMENTAL;LO-103;-4.385137;NULL;NULL;NULL;NULL;NULL;NULL;NULL;NULL;NULL;EN PROCESO DE INVESTIGACIÓN;NO CUENTA CON CAUSA ESPECIFICA;Carretera Iquitos - Nauta;14/11/2021;-73.5666
A-2021-11-22;50:00.0;DESPISTE;1;0;NULL;LORETO;MAYNAS;IQUITOS;URBANA;AVENIDA;URBANO;NO CORRESPONDE;-3.756952;NULL;NULL;NULL;NULL;NULL;NULL;NULL;NULL;NULL;EN PROCESO DE INVESTIGACIÓN;NO CUENTA CON CAUSA ESPECIFICA;Avenida Grau;14/11/2021;-73.251418
A-2021-11-44;40:00.0;CHOQUE;1;1;2;CAJAMARCA;SAN MIGUEL;SAN MIGUEL;RURAL;CARRETERA;DEPARTAMENTAL;CA-100;-7.022485;DESPEJADO;RURAL;TRAMO RECTO;INCLINADA;AFIRMADO;NULL;NULL;NULL;NULL;IMPRUDENCIA DEL CONDUCTOR;ADELANTAR INDEBIDAMENTE;CA-100;14/11/2021;-78.901222
A-2021-11-16;00:00.0;DESPISTE;1;2;1;HUANCAVELICA;ANGARAES;SECCLLA;RURAL;CARRETERA;PROVINCIAL;HV-866;-13.042851;DESPEJADO;RURAL;SINUOSA;PLANA ;AFIRMADO;SI;PREVENTIVA (P);NULL;NO;EN PROCESO DE INVESTIGACIÓN;NO CUENTA CON CAUSA ESPECIFICA;Tranca;14/11/2021;-74.504639
A-2021-11-81;20:00.0;DESPISTE;1;1;1;LA LIBERTAD;VIRU;GUADALUPITO;RURAL;CARRETERA;NACIONAL;PE-1N;-8.758983;DESPEJADO;RURAL;TRAMO RECTO;PLANA ;ASFALTADA;NULL;NULL;NULL;NULL;IMPRUDENCIA DEL CONDUCTOR;ADELANTAR INDEBIDAMENTE;Panamericana Norte;14/11/2021;-78.633522
A-2021-11-24;30:00.0;DESPISTE;1;0;1;APURIMAC;ANDAHUAYLAS;JOSE MARIA ARGUEDAS;RURAL;CARRETERA;NACIONAL;PE-30B;-13.792395;DESPEJADO;RURAL;TRAMO RECTO;PLANA ;AFIRMADO;SI;REGULADORA (R);NULL;SI;IMPRUDENCIA DEL CONDUCTOR;CONDUCIR EN ESTADO DE EBRIEDAD Y/O DROGADICCIÓN;PE-30B;15/11/2021;-73.367767
A-2021-11-82;30:00.0;DESPISTE;1;0;1;LA LIBERTAD;BOLIVAR;UCUNCHA;RURAL;CARRETERA;DEPARTAMENTAL;LI-109;-7.15896;DESPEJADO;RURAL;TRAMO RECTO;PLANA ;TROCHA;NULL;NULL;NULL;NULL;IMPRUDENCIA DEL CONDUCTOR;FATIGA Y/O CANSANCIO;Ucuncha;15/11/2021;-77.861291
A-2021-11-200;30:00.0;CHOQUE;1;0;2;CAJAMARCA;JAEN;JAEN;RURAL;CARRETERA;NACIONAL;PE-5N;-5.780846;DESPEJADO;RURAL;TRAMO RECTO;PLANA ;ASFALTADA;NULL;NULL;NULL;NULL;EN PROCESO DE INVESTIGACIÓN;NO CUENTA CON CAUSA ESPECIFICA;Mesones Muro;15/11/2021;-78.783007
A-2021-11-139;00:00.0;CHOQUE;1;0;NULL;CUSCO;QUISPICANCHI;OCONGATE;RURAL;CARRETERA;NACIONAL;PE-30C;-13.664587;NULL;NULL;NULL;NULL;NULL;NULL;NULL;NULL;NULL;EN PROCESO DE INVESTIGACIÓN;NO CUENTA CON CAUSA ESPECIFICA;Interoceánica Sur;15/11/2021;-71.329578
A-2021-11-42;20:00.0;DESPISTE;2;1;1;AREQUIPA;AREQUIPA;LA JOYA;RURAL;CARRETERA;DEPARTAMENTAL;AR-115;-16.539718;DESPEJADO;RURAL;TRAMO RECTO;PLANA ;ASFALTADA;NO;NULL;NULL;SI;EN PROCESO DE INVESTIGACIÓN;NO CUENTA CON CAUSA ESPECIFICA;Carretera Cerro Verde;15/11/2021;-71.720228
A-2021-11-83;50:00.0;ATROPELLO;1;0;1;LA LIBERTAD;VIRU;VIRU;RURAL;CARRETERA;NACIONAL;PE-1N;-8.408359;DESPEJADO;RURAL;TRAMO RECTO;PLANA ;ASFALTADA;NULL;NULL;NULL;NULL;EN PROCESO DE INVESTIGACIÓN;NO CUENTA CON CAUSA ESPECIFICA;Carretera Panamericana Norte;15/11/2021;-78.815551
A-2021-11-27;45:00.0;CHOQUE;1;1;2;ANCASH;POMABAMBA;POMABAMBA;URBANA;CARRETERA;PROVINCIAL;AN-541;-8.824853;NUBLADO;RURAL;TRAMO RECTO;INCLINADA;TROCHA;NULL;NULL;NULL;NULL;EN PROCESO DE INVESTIGACIÓN;NO CUENTA CON CAUSA ESPECIFICA;AN-594;15/11/2021;-77.460737
A-2021-11-211;30:00.0;ATROPELLO;1;1;1;SAN MARTIN;SAN MARTIN;LA BANDA DE SHILCAYO;RURAL;CARRETERA;NACIONAL;PE-5NB;-6.5047;DESPEJADO;RURAL;TRAMO RECTO;PLANA ;ASFALTADA;SI;PREVENTIVA (P);NULL;SI;IMPRUDENCIA DEL PEATÓN;ESTADO DE EBRIEDAD Y/O DROGADICCIÓN;PE-5NB;15/11/2021;-76.34368
A-2021-11-25;00:00.0;CHOQUE;1;0;2;PUNO;PUNO;MAÑAZO;RURAL;AVENIDA;URBANO;NO CORRESPONDE;-15.80072;DESPEJADO;RURAL;INTERSECCIÓN;PLANA ;ASFALTADA;NULL;NULL;NULL;NULL;IMPRUDENCIA DEL CONDUCTOR;OTRO (IMPRUDENCIA DEL CONDUCTOR);Avenida La Cultura;16/11/2021;-70.353875
A-2021-11-166;10:00.0;CHOQUE;2;2;0;LIMA;HUAROCHIRI;RICARDO PALMA;RURAL;CARRETERA;NACIONAL;PE-22;-11.914126;DESPEJADO;RURAL;TRAMO RECTO;PLANA ;ASFALTADA;NULL;NULL;NULL;NULL;EN PROCESO DE INVESTIGACIÓN;NO CUENTA CON CAUSA ESPECIFICA;Carretera Central;16/11/2021;-76.614149
A-2021-11-67;30:00.0;CHOQUE;2;0;3;LIMA;HUAURA;HUAURA;URBANA;CARRETERA;NACIONAL;PE-1NE;-11.061715;DESPEJADO;RESIDENCIAL;TRAMO RECTO;PLANA ;ASFALTADA;NULL;NULL;NULL;NULL;IMPRUDENCIA DEL CONDUCTOR;INVASIÓN DE CARRIL;Carretera Huaura - Ambo;16/11/2021;-77.554551
A-2021-11-129;29:00.0;CHOQUE;1;0;1;CUSCO;CHUMBIVILCAS;SANTO TOMAS;RURAL;CARRETERA;NACIONAL;PE-3SG;-14.416293;DESPEJADO;RURAL;CURVA;PLANA ;AFIRMADO;NULL;NULL;NULL;NULL;IMPRUDENCIA DEL CONDUCTOR;EXCESO DE VELOCIDAD;PE-3SG;16/11/2021;-72.08516
A-2021-11-132;30:00.0;CHOQUE;1;0;2;CUSCO;CANAS;KUNTURKANKI;RURAL;CARRETERA;NACIONAL;PE-34G;-14.519611;LLUVIOSO;RURAL;CURVA;PLANA ;ASFALTADA;NULL;NULL;NULL;NULL;IMPRUDENCIA DEL CONDUCTOR;EXCESO DE VELOCIDAD;Carretera Espinar - Sicuani;16/11/2021;-71.298224
A-2021-11-165;40:00.0;CHOQUE;1;1;0;LIMA;LIMA;LURIN;URBANA;CARRETERA;NACIONAL;PE-1S;-12.276699;DESPEJADO;RESIDENCIAL;TRAMO RECTO;PLANA ;ASFALTADA;NULL;NULL;NULL;NULL;EN PROCESO DE INVESTIGACIÓN;NO CUENTA CON CAUSA ESPECIFICA;Carretera Panamericana Sur;17/11/2021;-76.889126
A-2021-11-43;00:00.0;CHOQUE;1;0;1;CAJAMARCA;CAJAMARCA;CAJAMARCA;URBANA;CARRETERA;NACIONAL;PE-08;-7.174773;DESPEJADO;INDUSTRIAL;INTERSECCIÓN;INCLINADA;AFIRMADO;NULL;NULL;NULL;NULL;IMPRUDENCIA DEL CONDUCTOR;CONDUCIR EN ESTADO DE EBRIEDAD Y/O DROGADICCIÓN;Avenida Héroes del Cenepa;17/11/2021;-78.49162
A-2021-11-85;10:00.0;DESPISTE;2;2;1;LA LIBERTAD;SANCHEZ CARRION;HUAMACHUCO;RURAL;CARRETERA;NACIONAL;PE-3N;-7.821043;DESPEJADO;RURAL;TRAMO RECTO;PLANA ;AFIRMADO;NULL;NULL;NULL;NULL;IMPRUDENCIA DEL CONDUCTOR;INVASIÓN DE CARRIL;Carretera Longitudinal de la Sierra Norte;17/11/2021;-78.052167
A-2021-11-84;00:00.0;CHOQUE;1;0;2;LA LIBERTAD;TRUJILLO;VICTOR LARCO HERRERA;RURAL;AVENIDA;URBANO;NO CORRESPONDE;-8.141297;DESPEJADO;RURAL;INTERSECCIÓN;PLANA ;ASFALTADA;NULL;NULL;NULL;NULL;IMPRUDENCIA DEL CONDUCTOR;NO ESTABLECER EL DERECHO DE PASO;Calle Pedro Herrera;17/11/2021;-79.059369
A-2021-11-168;30:00.0;ATROPELLO;1;0;0;LIMA;LIMA;PUEBLO LIBRE;URBANA;AVENIDA;URBANO;NO CORRESPONDE;-12.080675;DESPEJADO;RESIDENCIAL;INTERSECCIÓN;PLANA ;ASFALTADA;NULL;NULL;NULL;NULL;EN PROCESO DE INVESTIGACIÓN;NO CUENTA CON CAUSA ESPECIFICA;Avenida Brasil;17/11/2021;-77.058467
A-2021-11-86;00:00.0;CHOQUE;1;0;2;LA LIBERTAD;TRUJILLO;POROTO;RURAL;CARRETERA;NACIONAL;PE-10A;-8.002149;DESPEJADO;RURAL;TRAMO RECTO;PLANA ;ASFALTADA;NULL;NULL;NULL;NULL;IMPRUDENCIA DEL CONDUCTOR;INVASIÓN DE CARRIL;Carretera Trujillo - Huamachuco;17/11/2021;-78.76972
A-2021-11-232;30:00.0;ATROPELLO FUGA;1;0;1;AREQUIPA;CAMANA;SAMUEL PASTOR;RURAL;CARRETERA;NACIONAL;PE-1S;-16.62827;DESPEJADO;RURAL;TRAMO RECTO;PLANA ;ASFALTADA;NULL;NULL;NULL;NULL;EN PROCESO DE INVESTIGACIÓN;NO CUENTA CON CAUSA ESPECIFICA;Vía de Evitamiento;17/11/2021;-72.693089
A-2021-11-87;30:00.0;ATROPELLO FUGA;1;0;1;LA LIBERTAD;TRUJILLO;SALAVERRY;RURAL;CARRETERA;NACIONAL;PE-1N;-8.25924;DESPEJADO;RURAL;TRAMO RECTO;PLANA ;ASFALTADA;NULL;NULL;NULL;NULL;EN PROCESO DE INVESTIGACIÓN;NO CUENTA CON CAUSA ESPECIFICA;Panamericana Norte;17/11/2021;-78.931955
A-2021-11-240;00:00.0;DESPISTE;1;0;1;HUANUCO;HUANUCO;MARGOS;RURAL;CARRETERA;DEPARTAMENTAL;HU-111;-10.009498;DESPEJADO;RURAL;CURVA;PLANA ;TROCHA;NULL;NULL;NULL;NULL;IMPRUDENCIA DEL CONDUCTOR;CONDUCIR EN ESTADO DE EBRIEDAD Y/O DROGADICCIÓN;HU-111;18/11/2021;-76.535212
A-2021-11-48;40:00.0;ATROPELLO;1;0;1;AREQUIPA;AREQUIPA;JOSE LUIS BUSTAMANTE Y RIVERO;URBANA;CARRETERA;DEPARTAMENTAL;AR-117;-16.430023;DESPEJADO;COMERCIAL;TRAMO RECTO;PLANA ;ASFALTADA;NULL;NULL;NULL;NULL;EN PROCESO DE INVESTIGACIÓN;NO CUENTA CON CAUSA ESPECIFICA;Avenida Juan Vidaurrázaga;18/11/2021;-71.536114
A-2021-11-182;45:00.0;DESPISTE;1;1;1;PUNO;AZANGARO;POTONI;RURAL;CARRETERA;NACIONAL;PE-34B;-14.352975;DESPEJADO;RURAL;TRAMO RECTO;PLANA ;ASFALTADA;NULL;NULL;NULL;NULL;IMPRUDENCIA DEL CONDUCTOR;OTRO (IMPRUDENCIA DEL CONDUCTOR);Carretera Interoceánica Puno - Madre de Dios;18/11/2021;-70.268285
A-2021-11-102;10:00.0;CHOQUE;2;2;2;CUSCO;PAUCARTAMBO;PAUCARTAMBO;RURAL;CARRETERA;SIN CLASIFICAR;SIN CLASIFICAR;-13.3468;DESPEJADO;RURAL;CURVA;INCLINADA;AFIRMADO;NULL;NULL;NULL;NULL;IMPRUDENCIA DEL CONDUCTOR;EXCESO DE VELOCIDAD;Ñosccotaca;18/11/2021;-71.6011
A-2021-11-31;00:00.0;DESPISTE;1;1;1;HUANCAVELICA;ANGARAES;LIRCAY;RURAL;CARRETERA;PROVINCIAL;HV-880;-12.979848;DESPEJADO;RURAL;SINUOSA;INCLINADA;AFIRMADO;NULL;NULL;NULL;NULL;EN PROCESO DE INVESTIGACIÓN;NO CUENTA CON CAUSA ESPECIFICA;Lircay;18/11/2021;-74.712108
A-2021-11-36;10:00.0;CHOQUE;1;1;NULL;LORETO;MAYNAS;PUNCHANA;URBANA;CARRETERA;NACIONAL;PE-5NI;-3.720411;NULL;NULL;NULL;NULL;NULL;NULL;NULL;NULL;NULL;EN PROCESO DE INVESTIGACIÓN;NO CUENTA CON CAUSA ESPECIFICA;Avenida La Marina;18/11/2021;-73.242545
A-2021-11-212;00:00.0;ATROPELLO;1;0;1;SAN MARTIN;HUALLAGA;SACANCHE;RURAL;CARRETERA;DEPARTAMENTAL;SM-103;-7.07277;DESPEJADO;RURAL;CURVA;INCLINADA;ASFALTADA;NO;NULL;NULL;SI;IMPRUDENCIA DEL CONDUCTOR;CONDUCIR EN ESTADO DE EBRIEDAD Y/O DROGADICCIÓN;Carretera a Saposoa;18/11/2021;-76.71877
A-2021-11-202;50:00.0;ATROPELLO FUGA;1;0;NULL;LIMA;BARRANCA;SUPE;RURAL;CARRETERA;NACIONAL;PE-1N;-10.791309;DESPEJADO;RURAL;TRAMO RECTO;PLANA ;ASFALTADA;NULL;NULL;NULL;NULL;EN PROCESO DE INVESTIGACIÓN;NO CUENTA CON CAUSA ESPECIFICA;Panamericana Norte;18/11/2021;-77.709259
A-2021-11-51;30:00.0;CHOQUE FUGA;1;1;2;AREQUIPA;ISLAY;DEAN VALDIVIA;RURAL;CARRETERA;NACIONAL;PE-1SD;-17.141154;DESPEJADO;RURAL;TRAMO RECTO;PLANA ;ASFALTADA;SI;REGULADORA (R);REGULADORA (R);SI;EN PROCESO DE INVESTIGACIÓN;NO CUENTA CON CAUSA ESPECIFICA;Carretera Costanera Sur;18/11/2021;-71.835706
A-2021-11-134;00:00.0;DESPISTE;1;0;1;CUSCO;LA CONVENCION;HUAYOPATA;RURAL;CARRETERA;NACIONAL;PE-28B;-13.093662;NUBLADO;RURAL;CURVA;PLANA ;ASFALTADA;NULL;NULL;NULL;NULL;IMPRUDENCIA DEL CONDUCTOR;EXCESO DE VELOCIDAD;PE-28B;19/11/2021;-72.385845
A-2021-11-52;30:00.0;DESPISTE;1;0;1;AREQUIPA;CAYLLOMA;SAN ANTONIO DE CHUCA;RURAL;CARRETERA;NACIONAL;PE-34A;-15.892026;DESPEJADO;RURAL;TRAMO RECTO;PLANA ;ASFALTADA;NO;NULL;NULL;SI;EN PROCESO DE INVESTIGACIÓN;NO CUENTA CON CAUSA ESPECIFICA;Vía Interoceánica Sur - Tramo 5;19/11/2021;-71.172379
A-2021-11-169;00:00.0;ATROPELLO FUGA;1;0;0;LIMA;LIMA;CHORRILLOS;URBANA;AVENIDA;URBANO;NO CORRESPONDE;-12.182939;DESPEJADO;RESIDENCIAL;TRAMO RECTO;PLANA ;ASFALTADA;NULL;NULL;NULL;NULL;EN PROCESO DE INVESTIGACIÓN;NO CUENTA CON CAUSA ESPECIFICA;Avenida José María Eguren;19/11/2021;-76.994322
A-2021-11-130;00:00.0;CHOQUE;3;0;2;PIURA;SECHURA;SECHURA;RURAL;CARRETERA;NACIONAL;PE-1N;-5.957526;DESPEJADO;RURAL;TRAMO RECTO;PLANA ;ASFALTADA;NULL;NULL;NULL;NULL;EN PROCESO DE INVESTIGACIÓN;NO CUENTA CON CAUSA ESPECIFICA;Carretera Panamericana Norte;19/11/2021;-80.531208
A-2021-11-88;30:00.0;DESPISTE;1;0;1;LA LIBERTAD;TRUJILLO;EL PORVENIR;RURAL;AVENIDA;URBANO;NO CORRESPONDE;-8.066139;DESPEJADO;RURAL;TRAMO RECTO;PLANA ;ASFALTADA;NULL;NULL;NULL;NULL;EN PROCESO DE INVESTIGACIÓN;NO CUENTA CON CAUSA ESPECIFICA;Avenida José Faustino Sánchez Carrión;19/11/2021;-78.995617
A-2021-11-47;55:00.0;CHOQUE;1;0;1;HUANCAVELICA;HUAYTARA;PILPICHACA;RURAL;CARRETERA;NACIONAL;PE-28A;-13.447842;DESPEJADO;RURAL;CURVA;INCLINADA;ASFALTADA;NULL;NULL;NULL;NULL;EN PROCESO DE INVESTIGACIÓN;NO CUENTA CON CAUSA ESPECIFICA;Vía de los Libertadores;19/11/2021;-74.979233
A-2021-11-50;00:00.0;DESPISTE;1;3;1;HUANCAVELICA;CHURCAMPA;ANCO;RURAL;CARRETERA;NACIONAL;PE-3S;-12.673715;DESPEJADO;RURAL;SINUOSA;PLANA ;ASFALTADA;SI;PREVENTIVA (P);NULL;NO;EN PROCESO DE INVESTIGACIÓN;NO CUENTA CON CAUSA ESPECIFICA;Carretera Longitudinal de la Sierra Sur;20/11/2021;-74.593804
A-2021-11-131;00:00.0;ATROPELLO FUGA;1;0;0;PASCO;PASCO;HUARIACA;URBANA;CARRETERA;NACIONAL;PE-3N;-10.432468;LLUVIOSO;RURAL;CURVA;PLANA ;ASFALTADA;SI;PREVENTIVA (P);REGULADORA (R);NO;EN PROCESO DE INVESTIGACIÓN;NO CUENTA CON CAUSA ESPECIFICA;Carretera Longitudinal de la Sierra Norte;20/11/2021;-76.194139
A-2021-11-135;30:00.0;DESPISTE;1;2;1;CUSCO;LA CONVENCION;HUAYOPATA;RURAL;CARRETERA;NACIONAL;PE-28B;-13.031815;LLUVIOSO;RURAL;CURVA;PLANA ;ASFALTADA;NULL;NULL;NULL;NULL;IMPRUDENCIA DEL CONDUCTOR;EXCESO DE VELOCIDAD;PE-28B;20/11/2021;-72.471476
A-2021-11-98;00:00.0;DESPISTE;3;3;1;PUNO;CARABAYA;OLLACHEA;RURAL;CARRETERA;NACIONAL;PE-34B;-13.856241;NUBLADO;RURAL;CURVA;PLANA ;ASFALTADA;NULL;NULL;NULL;NULL;IMPRUDENCIA DEL CONDUCTOR;ADELANTAR INDEBIDAMENTE;Carretera Interoceánica Puno - Madre de Dios;20/11/2021;-70.50906
A-2021-11-38;30:00.0;DESPISTE;1;1;1;ANCASH;HUAYLAS;PAMPAROMAS;RURAL;CARRETERA;DEPARTAMENTAL;AN-104;-9.098695;NUBLADO;RURAL;TRAMO RECTO;PLANA ;AFIRMADO;NULL;NULL;NULL;NULL;IMPRUDENCIA DEL CONDUCTOR;FATIGA Y/O CANSANCIO;AN-894;20/11/2021;-77.882102
A-2021-11-89;00:00.0;CHOQUE;1;0;2;LA LIBERTAD;PACASMAYO;GUADALUPE;RURAL;CARRETERA;NACIONAL;PE-1N;-7.268483;DESPEJADO;RURAL;TRAMO RECTO;PLANA ;ASFALTADA;NULL;NULL;NULL;NULL;IMPRUDENCIA DEL CONDUCTOR;CONDUCIR EN ESTADO DE EBRIEDAD Y/O DROGADICCIÓN;Carretera Panamericana Norte;20/11/2021;-79.481162
A-2021-11-34;00:00.0;DESPISTE;1;1;1;ICA;ICA;PUEBLO NUEVO;RURAL;CARRETERA;NACIONAL;PE-1S;-14.115259;DESPEJADO;RURAL;TRAMO RECTO;PLANA ;ASFALTADA;NULL;NULL;NULL;NULL;EN PROCESO DE INVESTIGACIÓN;NO CUENTA CON CAUSA ESPECIFICA;Carretera Panamericana Sur;20/11/2021;-75.717401
A-2021-11-63;30:00.0;CHOQUE;1;2;2;AREQUIPA;AREQUIPA;YURA;RURAL;CARRETERA;NACIONAL;PE-34A;-16.07682;DESPEJADO;RURAL;TRAMO RECTO;PLANA ;ASFALTADA;NULL;NULL;NULL;NULL;EN PROCESO DE INVESTIGACIÓN;NO CUENTA CON CAUSA ESPECIFICA;Vía Interoceánica Sur - Tramo 5;21/11/2021;-71.498348
A-2021-11-179;00:00.0;ATROPELLO FUGA;1;0;0;LIMA;LIMA;SANTA ANITA;URBANA;CARRETERA;NACIONAL;PE-1N;-12.054749;DESPEJADO;RESIDENCIAL;TRAMO RECTO;PLANA ;ASFALTADA;NULL;NULL;NULL;NULL;EN PROCESO DE INVESTIGACIÓN;NO CUENTA CON CAUSA ESPECIFICA;Vía de Evitamiento;21/11/2021;-76.974788
A-2021-11-33;30:00.0;DESPISTE;1;0;1;TACNA;TACNA;CORONEL GREGORIO ALBARRACIN LANCHIPA;URBANA;AVENIDA;URBANO;NO CORRESPONDE;-18.037486;DESPEJADO;RESIDENCIAL;TRAMO RECTO;PLANA ;ASFALTADA;NULL;NULL;NULL;NULL;IMPRUDENCIA DEL CONDUCTOR;CONDUCIR EN ESTADO DE EBRIEDAD Y/O DROGADICCIÓN;Avenida Los Educadores;21/11/2021;-70.260703
A-2021-11-214;35:00.0;CHOQUE FUGA;1;0;2;CAJAMARCA;JAEN;JAEN;URBANA;CARRETERA;NACIONAL;PE-5N;-5.72867;DESPEJADO;COMERCIAL;INTERSECCIÓN;PLANA ;ASFALTADA;NULL;NULL;NULL;NULL;EN PROCESO DE INVESTIGACIÓN;NO CUENTA CON CAUSA ESPECIFICA;Fila Alta;21/11/2021;-78.79662
A-2021-11-61;40:00.0;ATROPELLO FUGA;1;0;1;SAN MARTIN;RIOJA;NUEVA CAJAMARCA;URBANA;CARRETERA;NACIONAL;PE-5N;-5.93185;DESPEJADO;RESIDENCIAL;TRAMO RECTO;PLANA ;ASFALTADA;SI;REGULADORA (R);NULL;NO;IMPRUDENCIA DEL CONDUCTOR;NO DAR PASO PREFERENTE AL PEATÓN;Carretera Presidente Fernando Belaúnde Terry;21/11/2021;-77.311865
A-2021-11-170;45:00.0;DESPISTE;1;1;1;LIMA;LIMA;SAN MARTIN DE PORRES;URBANA;CARRETERA;NACIONAL;PE-1N;-12.023134;DESPEJADO;COMERCIAL;TRAMO RECTO;PLANA ;ASFALTADA;NULL;NULL;NULL;NULL;EN PROCESO DE INVESTIGACIÓN;NO CUENTA CON CAUSA ESPECIFICA;Carretera Panamericana Norte;21/11/2021;-77.058835
A-2021-11-35;30:00.0;CHOQUE;1;0;2;PUNO;PUNO;CHUCUITO;RURAL;CARRETERA;NACIONAL;PE-3S;-15.915259;DESPEJADO;RURAL;TRAMO RECTO;PLANA ;ASFALTADA;NULL;NULL;NULL;NULL;IMPRUDENCIA DEL CONDUCTOR;INVASIÓN DE CARRIL;Carretera Longitudinal de la Sierra Sur;21/11/2021;-69.882214
A-2021-11-37;10:00.0;DESPISTE;1;1;1;PUNO;EL COLLAO;ILAVE;RURAL;CARRETERA;NACIONAL;PE-38A;-16.120117;LLUVIOSO;RURAL;CURVA;INCLINADA;ASFALTADA;NO;NULL;NULL;SI;IMPRUDENCIA DEL CONDUCTOR;OTRO (IMPRUDENCIA DEL CONDUCTOR);Carretera Mazocruz - Ilave;21/11/2021;-69.643189
A-2021-11-150;20:00.0;CHOQUE;2;2;NULL;PIURA;PIURA;CATACAOS;RURAL;CARRETERA;SIN CLASIFICAR;SIN CLASIFICAR;-5.283704;DESPEJADO;RURAL;INTERSECCIÓN;PLANA ;AFIRMADO;NULL;NULL;NULL;NULL;EN PROCESO DE INVESTIGACIÓN;NO CUENTA CON CAUSA ESPECIFICA;San Pablo;21/11/2021;-80.6313
A-2021-11-201;50:00.0;CHOQUE FUGA;1;0;1;LAMBAYEQUE;CHICLAYO;CHONGOYAPE;RURAL;CARRETERA;NACIONAL;PE-06A;-6.67677;DESPEJADO;RURAL;CURVA;INCLINADA;ASFALTADA;SI;PREVENTIVA (P);INFORMATIVA (I);NO;EN PROCESO DE INVESTIGACIÓN;NO CUENTA CON CAUSA ESPECIFICA;PE-06A;21/11/2021;-79.44425
A-2021-11-49;00:00.0;CAÍDA DE PASAJERO;1;0;NULL;APURIMAC;ANDAHUAYLAS;SANTA MARIA DE CHICMO;RURAL;CARRETERA;NACIONAL;PE-3S;-13.653259;DESPEJADO;RURAL;CURVA;PLANA ;ASFALTADA;NO;NULL;NULL;SI;IMPRUDENCIA DEL PASAJERO/OCUPANTE;OTRO (IMPRUDENCIA DEL PASAJERO/OCUPANTE);Alejo Pata;21/11/2021;-73.512845
A-2021-11-40;00:00.0;VOLCADURA;1;0;1;ICA;ICA;ICA;URBANA;CARRETERA;NACIONAL;PE-1S;-14.050055;DESPEJADO;ESCOLAR;TRAMO RECTO;PLANA ;ASFALTADA;NULL;NULL;NULL;NULL;EN PROCESO DE INVESTIGACIÓN;NO CUENTA CON CAUSA ESPECIFICA;La Angostura;21/11/2021;-75.747689
A-2021-11-180;45:00.0;ATROPELLO;1;0;0;LIMA;LIMA;COMAS;URBANA;CARRETERA;NACIONAL;PE-1N;-11.948594;DESPEJADO;RESIDENCIAL;TRAMO RECTO;PLANA ;ASFALTADA;NULL;NULL;NULL;NULL;EN PROCESO DE INVESTIGACIÓN;NO CUENTA CON CAUSA ESPECIFICA;Avenida Panamericana Norte;21/11/2021;-77.070406
A-2021-11-100;45:00.0;DESPISTE;1;0;1;CUSCO;CANCHIS;SAN PABLO;RURAL;CARRETERA;NACIONAL;PE-3S;-14.208523;DESPEJADO;RURAL;TRAMO RECTO;PLANA ;ASFALTADA;NULL;NULL;NULL;NULL;IMPRUDENCIA DEL CONDUCTOR;EXCESO DE VELOCIDAD;Carretera Longitudinal de la Sierra Sur;21/11/2021;-71.303076
A-2021-11-203;10:00.0;ATROPELLO;1;0;1;LIMA;BARRANCA;PATIVILCA;RURAL;CARRETERA;NACIONAL;PE-1N;-10.701313;DESPEJADO;RURAL;TRAMO RECTO;INCLINADA;ASFALTADA;NULL;NULL;NULL;NULL;EN PROCESO DE INVESTIGACIÓN;NO CUENTA CON CAUSA ESPECIFICA;Panamericana Norte;22/11/2021;-77.779389
A-2021-11-185;35:00.0;DESPISTE;1;0;0;LIMA;LIMA;LA MOLINA;URBANA;CALLE;URBANO;NO CORRESPONDE;-12.116851;DESPEJADO;RESIDENCIAL;INTERSECCIÓN;PLANA ;ASFALTADA;NULL;NULL;NULL;NULL;IMPRUDENCIA DEL CONDUCTOR;EXCESO DE VELOCIDAD;Calle Río Don;23/11/2021;-76.937917
A-2021-11-90;30:00.0;ATROPELLO FUGA;1;0;1;LA LIBERTAD;ASCOPE;CHICAMA;RURAL;CARRETERA;NACIONAL;PE-1N;-7.913165;DESPEJADO;RURAL;TRAMO RECTO;PLANA ;ASFALTADA;NULL;NULL;NULL;NULL;EN PROCESO DE INVESTIGACIÓN;NO CUENTA CON CAUSA ESPECIFICA;Carretera Panamericana Norte;24/11/2021;-79.1142