CÓDIGO SINIESTRO;HORA SINIESTRO;CLASE SINIESTRO;CANTIDAD DE FALLECIDOS;CANTIDAD DE LESIONADOS;CANTIDAD DE VEHICULOS DAÑADOS;DEPARTAMENTO;PROVINCIA;DISTRITO;ZONA;TIPO DE VÍA;RED VIAL;COD CARRETERA;COORDENADAS LATITUD;CONDICIÓN CLIMÁTICA;ZONIFICACIÓN;CARACTERÍSTICAS DE VÍA;PERFIL LONGITUDINAL VÍA;SUPERFICIE DE CALZADA;¿EXISTE SEÑAL VERTICAL?;CLASIFICACIÓN DE LA SEÑAL VERTICAL Nº 1;CLASIFICACIÓN DE LA SEÑAL VERTICAL Nº 2;¿EXISTE SEÑAL HORIZONTAL?;CAUSA FACTOR PRINCIPAL;CAUSA ESPECÍFICA;UBICACION;FECHA SINIESTRO;COORDENADAS LONGITUD
A-2021-11-68;00:00.0;DESPISTE;1;0;1;APURIMAC;ANDAHUAYLAS;ANDAHUAYLAS;URBANA;AVENIDA;URBANO;NO CORRESPONDE;-13.659242;LLUVIOSO;COMERCIAL;TRAMO RECTO;PLANA ;AFIRMADO;NULL;NULL;NULL;NULL;IMPRUDENCIA DEL CONDUCTOR;CONDUCIR EN ESTADO DE EBRIEDAD Y/O DROGADICCIÓN;Avenida Los Cedros;24/11/2021;-73.375186
A-2021-11-65;00:00.0;CHOQUE FUGA;1;2;2;LIMA;HUARAL;HUARAL;URBANA;JIRÓN;URBANO;NO CORRESPONDE;-11.500312;DESPEJADO;RESIDENCIAL;INTERSECCIÓN;PLANA ;ASFALTADA;NULL;NULL;NULL;NULL;IMPRUDENCIA DEL CONDUCTOR;EXCESO DE VELOCIDAD;Huaral;25/11/2021;-77.208334
A-2021-11-186;00:00.0;CHOQUE;1;0;0;LIMA;LIMA;LURIN;URBANA;AVENIDA;URBANO;NO CORRESPONDE;-12.247909;DESPEJADO;COMERCIAL;INTERSECCIÓN;PLANA ;ASFALTADA;NULL;NULL;NULL;NULL;EN PROCESO DE INVESTIGACIÓN;NO CUENTA CON CAUSA ESPECIFICA;Villa Libertad Casica;25/11/2021;-76.863908
A-2021-11-64;45:00.0;ATROPELLO FUGA;1;0;1;LIMA;HUAURA;SANTA MARIA;RURAL;CARRETERA;NACIONAL;PE-1N;-11.087076;DESPEJADO;RURAL;TRAMO RECTO;INCLINADA;ASFALTADA;NULL;NULL;NULL;NULL;EN PROCESO DE INVESTIGACIÓN;NO CUENTA CON CAUSA ESPECIFICA;Carretera Panamericana Norte;26/11/2021;-77.583176
A-2021-11-71;30:00.0;CHOQUE;1;0;1;PUNO;SAN ROMAN;JULIACA;URBANA;CARRETERA;NACIONAL;PE-3S;-15.474065;DESPEJADO;COMERCIAL;TRAMO RECTO;PLANA ;ASFALTADA;NULL;NULL;NULL;NULL;IMPRUDENCIA DEL CONDUCTOR;INVASIÓN DE CARRIL;Avenida Independencia;26/11/2021;-70.137239
A-2021-11-233;00:00.0;CHOQUE FUGA;1;1;2;AREQUIPA;CARAVELI;CHAPARRA;RURAL;CARRETERA;NACIONAL;PE-1S;-15.923091;DESPEJADO;RURAL;TRAMO RECTO;PLANA ;ASFALTADA;NULL;NULL;NULL;NULL;EN PROCESO DE INVESTIGACIÓN;NO CUENTA CON CAUSA ESPECIFICA;Carretera Panamericana Sur;26/11/2021;-74.116292
A-2021-11-187;00:00.0;ATROPELLO FUGA;1;0;0;LIMA;LIMA;LA VICTORIA;URBANA;AVENIDA;URBANO;NO CORRESPONDE;-12.080235;DESPEJADO;COMERCIAL;TRAMO RECTO;PLANA ;ASFALTADA;NULL;NULL;NULL;NULL;EN PROCESO DE INVESTIGACIÓN;NO CUENTA CON CAUSA ESPECIFICA;Avenida Aviación;26/11/2021;-77.007901
A-2021-11-73;00:00.0;ATROPELLO;1;0;1;PUNO;SAN ROMAN;SAN MIGUEL;RURAL;CARRETERA;NACIONAL;PE-3S;-15.406736;DESPEJADO;RURAL;TRAMO RECTO;PLANA ;ASFALTADA;NULL;NULL;NULL;NULL;IMPRUDENCIA DEL PEATÓN;CRUCE INDEBIDO POR LA CALZADA;Carretera Longitudinal de la Sierra Sur;26/11/2021;-70.15105
A-2021-11-74;42:00.0;CHOQUE;1;0;1;PUNO;LAMPA;CALAPUJA;RURAL;CARRETERA;NACIONAL;PE-3S;-15.316984;NUBLADO;RURAL;TRAMO RECTO;PLANA ;ASFALTADA;NULL;NULL;NULL;NULL;IMPRUDENCIA DEL CONDUCTOR;INVASIÓN DE CARRIL;Carretera Longitudinal de la Sierra Sur;26/11/2021;-70.201355
A-2021-11-204;10:00.0;ATROPELLO FUGA;1;0;NULL;LIMA;BARRANCA;SUPE;RURAL;CARRETERA;NACIONAL;PE-1N;-10.802275;DESPEJADO;RURAL;TRAMO RECTO;PLANA ;ASFALTADA;NULL;NULL;NULL;NULL;EN PROCESO DE INVESTIGACIÓN;NO CUENTA CON CAUSA ESPECIFICA;Carretera Panamericana Norte;27/11/2021;-77.703417
A-2021-11-62;50:00.0;CHOQUE;3;0;2;ICA;NASCA;EL INGENIO;RURAL;CARRETERA;NACIONAL;PE-1S;-14.795764;DESPEJADO;RURAL;TRAMO RECTO;PLANA ;ASFALTADA;NULL;NULL;NULL;NULL;EN PROCESO DE INVESTIGACIÓN;NO CUENTA CON CAUSA ESPECIFICA;Carretera Panamericana Sur;27/11/2021;-75.011519
A-2021-11-70;40:00.0;VOLCADURA;1;1;1;AREQUIPA;AREQUIPA;YURA;RURAL;CARRETERA;NACIONAL;PE-34A;-16.229841;DESPEJADO;RURAL;CURVA;INCLINADA;ASFALTADA;NULL;NULL;NULL;NULL;EN PROCESO DE INVESTIGACIÓN;NO CUENTA CON CAUSA ESPECIFICA;Vía Interoceánica Sur - Tramo 5;27/11/2021;-71.663173
A-2021-11-137;00:00.0;DESPISTE;1;0;1;CUSCO;CANAS;LAYO;RURAL;CARRETERA;PROVINCIAL;CU-1710;-14.506233;NUBLADO;RURAL;TRAMO RECTO;INCLINADA;AFIRMADO;NULL;NULL;NULL;NULL;IMPRUDENCIA DEL CONDUCTOR;EXCESO DE VELOCIDAD;Callejon Pampa;27/11/2021;-71.137236
A-2021-11-188;30:00.0;ATROPELLO;1;0;0;LIMA;LIMA;LURIN;RURAL;OTRO;URBANO;NO CORRESPONDE;-12.23968;DESPEJADO;RURAL;PASE A DESNIVEL;INCLINADA;ASFALTADA;NULL;NULL;NULL;NULL;EN PROCESO DE INVESTIGACIÓN;NO CUENTA CON CAUSA ESPECIFICA;Lurín;27/11/2021;-76.89281
A-2021-11-92;20:00.0;ATROPELLO FUGA;1;0;1;LA LIBERTAD;GRAN CHIMU;SAYAPULLO;RURAL;JIRÓN;URBANO;NO CORRESPONDE;-7.596023;DESPEJADO;RURAL;TRAMO RECTO;PLANA ;AFIRMADO;NULL;NULL;NULL;NULL;EN PROCESO DE INVESTIGACIÓN;NO CUENTA CON CAUSA ESPECIFICA;LI-106;27/11/2021;-78.465157
A-2021-11-174;25:00.0;ATROPELLO FUGA;1;0;NULL;LIMA;HUAURA;VEGUETA;RURAL;CARRETERA;NACIONAL;PE-1N;-11.011785;DESPEJADO;RURAL;TRAMO RECTO;PLANA ;ASFALTADA;SI;REGULADORA (R);INFORMATIVA (I);NO;EN PROCESO DE INVESTIGACIÓN;NO CUENTA CON CAUSA ESPECIFICA;Carretera Panamericana Norte;27/11/2021;-77.607159
A-2021-11-161;30:00.0;CHOQUE;1;0;2;PIURA;PIURA;CASTILLA;RURAL;CARRETERA;NACIONAL;PE-1NJ;-5.144498;DESPEJADO;RURAL;TRAMO RECTO;PLANA ;ASFALTADA;NULL;NULL;NULL;NULL;EN PROCESO DE INVESTIGACIÓN;NO CUENTA CON CAUSA ESPECIFICA;Carretera Interoceánica Norte;27/11/2021;-80.453441
A-2021-11-184;00:00.0;CHOQUE;1;2;2;HUANUCO;HUANUCO;CHINCHAO;RURAL;CARRETERA;NACIONAL;PE-18A;-9.714798;LLUVIOSO;RURAL;SINUOSA;INCLINADA;ASFALTADA;NULL;NULL;NULL;NULL;IMPRUDENCIA DEL CONDUCTOR;OTRO (IMPRUDENCIA DEL CONDUCTOR);Carretera Central;27/11/2021;-76.093146
A-2021-11-178;50:00.0;CHOQUE;1;0;NULL;LORETO;MAYNAS;SAN JUAN BAUTISTA;RURAL;CARRETERA;DEPARTAMENTAL;LO-103;-3.842995;NULL;NULL;NULL;NULL;NULL;NULL;NULL;NULL;NULL;EN PROCESO DE INVESTIGACIÓN;NO CUENTA CON CAUSA ESPECIFICA;Carretera Iquitos - Nauta;28/11/2021;-73.334738
A-2021-11-193;59:00.0;ATROPELLO;1;0;1;LIMA;HUARAL;CHANCAY;URBANA;CARRETERA;NACIONAL;PE-1N;-11.594673;DESPEJADO;RESIDENCIAL;TRAMO RECTO;INCLINADA;ASFALTADA;NULL;NULL;NULL;NULL;IMPRUDENCIA DEL PEATÓN;CRUCE INDEBIDO POR LA CALZADA;Carretera Panamericana Norte;28/11/2021;-77.255876
A-2021-11-104;17:00.0;ATROPELLO;1;0;1;CAJAMARCA;CAJAMARCA;LLACANORA;URBANA;CARRETERA;PROVINCIAL;CA-1494;-7.182741;DESPEJADO;RESIDENCIAL;CURVA;PLANA ;ASFALTADA;NULL;NULL;NULL;NULL;EN PROCESO DE INVESTIGACIÓN;NO CUENTA CON CAUSA ESPECIFICA;Llacanora;28/11/2021;-78.449184
A-2021-11-91;30:00.0;DESPISTE;1;0;1;LA LIBERTAD;SANTIAGO DE CHUCO;ANGASMARCA;RURAL;CARRETERA;NACIONAL;PE-3N;-8.125711;DESPEJADO;RURAL;TRAMO RECTO;PLANA ;AFIRMADO;NULL;NULL;NULL;NULL;IMPRUDENCIA DEL CONDUCTOR;CONDUCIR EN ESTADO DE EBRIEDAD Y/O DROGADICCIÓN;Carretera Longitudinal de la Sierra Norte;28/11/2021;-78.037049
A-2021-11-189;30:00.0;ATROPELLO;1;0;0;LIMA;LIMA;INDEPENDENCIA;URBANA;CARRETERA;NACIONAL;PE-1N;-11.985649;DESPEJADO;COMERCIAL;TRAMO RECTO;PLANA ;ASFALTADA;NULL;NULL;NULL;NULL;EN PROCESO DE INVESTIGACIÓN;NO CUENTA CON CAUSA ESPECIFICA;Carretera Panamericana Norte;28/11/2021;-77.064671
A-2021-11-163;00:00.0;DESPISTE;5;0;1;PIURA;PIURA;CASTILLA;RURAL;CARRETERA;DEPARTAMENTAL;PI-126;-5.162199;DESPEJADO;RURAL;CURVA;PLANA ;AFIRMADO;NULL;NULL;NULL;NULL;EN PROCESO DE INVESTIGACIÓN;NO CUENTA CON CAUSA ESPECIFICA;Camino Real a Miraflores;28/11/2021;-80.613356
A-2021-11-69;20:00.0;CHOQUE;1;6;2;AREQUIPA;AREQUIPA;CHARACATO;URBANA;AVENIDA;URBANO;NO CORRESPONDE;-16.46577;DESPEJADO;RESIDENCIAL;CURVA;INCLINADA;ASFALTADA;NULL;NULL;NULL;NULL;EN PROCESO DE INVESTIGACIÓN;NO CUENTA CON CAUSA ESPECIFICA;Avenida Characato;28/11/2021;-71.493896
A-2021-11-95;30:00.0;CHOQUE FUGA;1;0;1;ICA;NASCA;NASCA;RURAL;CARRETERA;NACIONAL;PE-1S;-14.829565;DESPEJADO;RURAL;TRAMO RECTO;PLANA ;ASFALTADA;NULL;NULL;NULL;NULL;EN PROCESO DE INVESTIGACIÓN;NO CUENTA CON CAUSA ESPECIFICA;Carretera Panamericana Sur;28/11/2021;-74.943561
A-2021-11-72;00:00.0;DESPISTE;1;3;1;ICA;NASCA;NASCA;RURAL;CARRETERA;NACIONAL;PE-1S;-14.877768;DESPEJADO;RURAL;TRAMO RECTO;PLANA ;ASFALTADA;NULL;NULL;NULL;NULL;EN PROCESO DE INVESTIGACIÓN;NO CUENTA CON CAUSA ESPECIFICA;Carretera Panamericana Sur;28/11/2021;-74.993321
A-2021-11-96;30:00.0;DESPISTE;1;2;1;ICA;PISCO;PARACAS;RURAL;CARRETERA;NACIONAL;PE-1S;-13.88843;DESPEJADO;RURAL;TRAMO RECTO;PLANA ;ASFALTADA;NULL;NULL;NULL;NULL;EN PROCESO DE INVESTIGACIÓN;NO CUENTA CON CAUSA ESPECIFICA;Carretera Panamericana Sur;28/11/2021;-76.100758
A-2021-11-75;15:00.0;CHOQUE;1;1;2;SAN MARTIN;MOYOBAMBA;CALZADA;RURAL;CARRETERA;NACIONAL;PE-5N;-6.037476;DESPEJADO;RURAL;TRAMO RECTO;PLANA ;ASFALTADA;NULL;NULL;NULL;NULL;EN PROCESO DE INVESTIGACIÓN;NO CUENTA CON CAUSA ESPECIFICA;Carretera Presidente Fernando Belaúnde Terry;28/11/2021;-77.123668
A-2021-11-190;30:00.0;ATROPELLO FUGA;1;0;0;LIMA;LIMA;VILLA EL SALVADOR;URBANA;AVENIDA;URBANO;NO CORRESPONDE;-12.229477;DESPEJADO;INDUSTRIAL;INTERSECCIÓN;PLANA ;ASFALTADA;NULL;NULL;NULL;NULL;EN PROCESO DE INVESTIGACIÓN;NO CUENTA CON CAUSA ESPECIFICA;Avenida Separadora Industrial;28/11/2021;-76.920508
A-2021-11-191;30:00.0;DESPISTE;1;2;0;LIMA;LIMA;LURIN;URBANA;CARRETERA;PROVINCIAL;LM-801;-12.296344;DESPEJADO;COMERCIAL;TRAMO RECTO;PLANA ;ASFALTADA;NULL;NULL;NULL;NULL;EN PROCESO DE INVESTIGACIÓN;NO CUENTA CON CAUSA ESPECIFICA;Antigua Panamericana Sur;29/11/2021;-76.850878
A-2021-11-192;30:00.0;CHOQUE;1;2;0;LIMA;LIMA;LURIN;URBANA;AVENIDA;URBANO;NO CORRESPONDE;-12.287332;DESPEJADO;INDUSTRIAL;TRAMO RECTO;PLANA ;ASFALTADA;NULL;NULL;NULL;NULL;EN PROCESO DE INVESTIGACIÓN;NO CUENTA CON CAUSA ESPECIFICA;Antigua Panamericana Sur;29/11/2021;-76.860223
A-2021-11-162;30:00.0;CHOQUE;1;0;2;LA LIBERTAD;TRUJILLO;HUANCHACO;URBANA;AVENIDA;URBANO;NO CORRESPONDE;-8.09728;DESPEJADO;COMERCIAL;TRAMO RECTO;PLANA ;ASFALTADA;NULL;NULL;NULL;NULL;IMPRUDENCIA DEL CONDUCTOR;OTRO (IMPRUDENCIA DEL CONDUCTOR);Avenida Chan Chan;29/11/2021;-79.069521
A-2021-11-177;30:00.0;CHOQUE;1;2;2;PIURA;MORROPON;CHULUCANAS;URBANA;JIRÓN;URBANO;NO CORRESPONDE;-5.087569;DESPEJADO;COMERCIAL;TRAMO RECTO;PLANA ;CONCRETO;NULL;NULL;NULL;NULL;EN PROCESO DE INVESTIGACIÓN;NO CUENTA CON CAUSA ESPECIFICA;Buenos Aires;29/11/2021;-80.158725
A-2021-11-234;00:00.0;DESPISTE;1;0;1;AREQUIPA;LA UNION;QUECHUALLA;RURAL;CARRETERA;SIN CLASIFICAR;SIN CLASIFICAR;-15.259946;DESPEJADO;RURAL;OTRO;PLANA ;TROCHA;NULL;NULL;NULL;NULL;EN PROCESO DE INVESTIGACIÓN;NO CUENTA CON CAUSA ESPECIFICA;Charcana;29/11/2021;-73.118446
A-2021-11-164;40:00.0;ATROPELLO FUGA;1;0;0;PUNO;SAN ROMAN;JULIACA;RURAL;CARRETERA;NACIONAL;PE-3S;-15.44682;DESPEJADO;RURAL;CURVA;PLANA ;ASFALTADA;NULL;NULL;NULL;NULL;IMPRUDENCIA DEL CONDUCTOR;OTRO (IMPRUDENCIA DEL CONDUCTOR);Avenida Independencia;29/11/2021;-70.141545
A-2021-11-97;30:00.0;CHOQUE FUGA;1;0;1;ICA;ICA;PUEBLO NUEVO;RURAL;CARRETERA;NACIONAL;PE-1S;-14.108721;DESPEJADO;RURAL;TRAMO RECTO;PLANA ;ASFALTADA;NULL;NULL;NULL;NULL;EN PROCESO DE INVESTIGACIÓN;NO CUENTA CON CAUSA ESPECIFICA;Carretera Panamericana Sur;29/11/2021;-75.718157
A-2021-11-181;50:00.0;ATROPELLO;1;0;1;PIURA;PIURA;CASTILLA;URBANA;CARRETERA;NACIONAL;PE-1NJ;-5.223012;DESPEJADO;COMERCIAL;TRAMO RECTO;PLANA ;ASFALTADA;NULL;NULL;NULL;NULL;EN PROCESO DE INVESTIGACIÓN;NO CUENTA CON CAUSA ESPECIFICA;Avenida Progreso;29/11/2021;-80.628987
A-2021-11-145;10:00.0;DESPISTE;1;0;1;TUMBES;CONTRALMIRANTE VILLAR;ZORRITOS;RURAL;CARRETERA;NACIONAL;PE-1N;-3.86861;DESPEJADO;RURAL;TRAMO RECTO;PLANA ;ASFALTADA;SI;PREVENTIVA (P);NULL;NO;IMPRUDENCIA DEL CONDUCTOR;EXCESO DE VELOCIDAD;Carretera Panamericana Norte;29/11/2021;-80.829388
A-2021-11-94;00:00.0;DESPISTE;1;1;1;APURIMAC;ANDAHUAYLAS;KISHUARA;RURAL;CARRETERA;DEPARTAMENTAL;AP-100;-13.537237;LLUVIOSO;RURAL;CURVA;INCLINADA;TROCHA;NULL;NULL;NULL;NULL;INFRAESTRUCTURA Y ENTORNO VIAL;FACTOR AMBIENTAL;AP-100;30/11/2021;-73.181034
A-2021-11-93;05:00.0;ATROPELLO;1;0;1;LA LIBERTAD;TRUJILLO;EL PORVENIR;RURAL;AVENIDA;URBANO;NO CORRESPONDE;-8.087147;DESPEJADO;RURAL;TRAMO RECTO;PLANA ;ASFALTADA;NULL;NULL;NULL;NULL;IMPRUDENCIA DEL PEATÓN;CRUCE INDEBIDO POR LA CALZADA;Avenida José Faustino Sánchez Carrión;30/11/2021;-79.002193
A-2021-12-3;00:00.0;ATROPELLO FUGA;1;0;NULL;ANCASH;RECUAY;TICAPAMPA;RURAL;CARRETERA;DEPARTAMENTAL;AN-110;-9.769423;DESPEJADO;RURAL;TRAMO RECTO;INCLINADA;ASFALTADA;NULL;NULL;NULL;NULL;IMPRUDENCIA DEL CONDUCTOR;EXCESO DE VELOCIDAD;AN-110;1/12/2021;-77.406698
A-2021-12-146;03:00.0;DESPISTE;2;0;1;PUNO;SANDIA;YANAHUAYA;RURAL;CARRETERA;DEPARTAMENTAL;PU-109;-14.257888;DESPEJADO;RURAL;CURVA;PLANA ;TROCHA;NULL;NULL;NULL;NULL;INFRAESTRUCTURA Y ENTORNO VIAL;OTRO (INFRAESTRUCTURA Y ENTORNO VIAL);PU-109;1/12/2021;-69.176966
A-2021-12-20;20:00.0;ESPECIAL;1;0;1;HUANCAVELICA;HUAYTARA;QUERCO;RURAL;OTRO;URBANO;NO CORRESPONDE;-13.980698;DESPEJADO;RURAL;SINUOSA;INCLINADA;ASFALTADA;NULL;NULL;NULL;NULL;EN PROCESO DE INVESTIGACIÓN;NO CUENTA CON CAUSA ESPECIFICA;Querco;1/12/2021;-74.975261
A-2021-12-36;50:00.0;CHOQUE;1;0;2;LA LIBERTAD;TRUJILLO;LA ESPERANZA;URBANA;CALLE;URBANO;NO CORRESPONDE;-8.084816;DESPEJADO;RESIDENCIAL;INTERSECCIÓN;PLANA ;ASFALTADA;NULL;NULL;NULL;NULL;IMPRUDENCIA DEL CONDUCTOR;CONDUCIR EN ESTADO DE EBRIEDAD Y/O DROGADICCIÓN;La Esperanza;1/12/2021;-79.038711
A-2021-12-145;20:00.0;CHOQUE;2;0;2;CUSCO;QUISPICANCHI;OROPESA;RURAL;CARRETERA;NACIONAL;PE-3S;-13.595792;DESPEJADO;RURAL;TRAMO RECTO;PLANA ;ASFALTADA;NULL;NULL;NULL;NULL;IMPRUDENCIA DEL CONDUCTOR;EXCESO DE VELOCIDAD;Tipón;1/12/2021;-71.780205
A-2021-12-214;30:00.0;VOLCADURA;1;0;1;LIMA;LIMA;SAN JUAN DE LURIGANCHO;URBANA;AVENIDA;URBANO;NO CORRESPONDE;-11.982914;DESPEJADO;RESIDENCIAL;TRAMO RECTO;PLANA ;ASFALTADA;SI;PREVENTIVA (P);NULL;SI;IMPRUDENCIA DEL CONDUCTOR;OTRO (IMPRUDENCIA DEL CONDUCTOR);Avenida Santa Rosa de Lima;1/12/2021;-76.993324
A-2021-12-1;00:00.0;CHOQUE;1;0;2;ICA;ICA;LOS AQUIJES;RURAL;AVENIDA;URBANO;NO CORRESPONDE;-14.097228;DESPEJADO;RURAL;CURVA;PLANA ;ASFALTADA;NULL;NULL;NULL;NULL;EN PROCESO DE INVESTIGACIÓN;NO CUENTA CON CAUSA ESPECIFICA;IC-107;1/12/2021;-75.699109
A-2021-12-32;20:00.0;CHOQUE;1;0;2;TUMBES;TUMBES;LA CRUZ;RURAL;CARRETERA;NACIONAL;PE-1N;-3.630742;DESPEJADO;RURAL;TRAMO RECTO;PLANA ;ASFALTADA;NULL;NULL;NULL;NULL;IMPRUDENCIA DEL CONDUCTOR;EXCESO DE VELOCIDAD;Carretera Panamericana Norte;2/12/2021;-80.572352
A-2021-12-215;50:00.0;CHOQUE;1;0;1;LIMA;LIMA;LURIGANCHO;URBANA;AUTOPISTA;URBANO;NO CORRESPONDE;-12.011532;DESPEJADO;RESIDENCIAL;TRAMO RECTO;INCLINADA;ASFALTADA;NULL;NULL;NULL;NULL;EN PROCESO DE INVESTIGACIÓN;NO CUENTA CON CAUSA ESPECIFICA;Lurigancho;2/12/2021;-76.891939
A-2021-12-160;00:00.0;ATROPELLO FUGA;1;0;0;LAMBAYEQUE;LAMBAYEQUE;MOTUPE;URBANA;CARRETERA;NACIONAL;PE-1NJ;-6.153734;DESPEJADO;COMERCIAL;TRAMO RECTO;PLANA ;ASFALTADA;NULL;NULL;NULL;NULL;EN PROCESO DE INVESTIGACIÓN;NO CUENTA CON CAUSA ESPECIFICA;Motupe;2/12/2021;-79.707837
A-2021-12-79;35:00.0;ATROPELLO FUGA;1;0;1;PIURA;PIURA;CASTILLA;RURAL;CARRETERA;DEPARTAMENTAL;PI-126;-5.101735;DESPEJADO;RURAL;TRAMO RECTO;PLANA ;ASFALTADA;NULL;NULL;NULL;NULL;EN PROCESO DE INVESTIGACIÓN;NO CUENTA CON CAUSA ESPECIFICA;Carretera Tambo Grande - Piura;2/12/2021;-80.597935
A-2021-12-19;45:00.0;ATROPELLO FUGA;1;0;NULL;SAN MARTIN;MOYOBAMBA;JEPELACIO;URBANA;CARRETERA;NACIONAL;PE-5N;-6.127369;DESPEJADO;RURAL;TRAMO RECTO;INCLINADA;ASFALTADA;NO;NULL;NULL;NO;IMPRUDENCIA DEL CONDUCTOR;OTRO (IMPRUDENCIA DEL CONDUCTOR);Carretera Presidente Fernando Belaúnde Terry;3/12/2021;-76.843872
A-2021-12-125;20:00.0;DESPISTE;1;3;1;PIURA;PIURA;CASTILLA;RURAL;CARRETERA;NACIONAL;PE-1NJ;-5.157905;DESPEJADO;RURAL;TRAMO RECTO;INCLINADA;ASFALTADA;NULL;NULL;NULL;NULL;EN PROCESO DE INVESTIGACIÓN;NO CUENTA CON CAUSA ESPECIFICA;Carretera Interoceánica Norte;3/12/2021;-80.498647
A-2021-12-277;30:00.0;VOLCADURA;1;1;NULL;APURIMAC;ABANCAY;LAMBRAMA;RURAL;CARRETERA;PROVINCIAL;AP-833;-13.731927;NULL;NULL;NULL;NULL;NULL;NULL;NULL;NULL;NULL;EN PROCESO DE INVESTIGACIÓN;NO CUENTA CON CAUSA ESPECIFICA;AP-833;3/12/2021;-72.879423
A-2021-12-6;30:00.0;DESPISTE;2;1;1;APURIMAC;ANDAHUAYLAS;HUANCARAMA;RURAL;CARRETERA;NACIONAL;PE-3S;-13.641459;LLUVIOSO;RURAL;CURVA;PLANA ;AFIRMADO;NO;NULL;NULL;SI;IMPRUDENCIA DEL CONDUCTOR;EXCESO DE VELOCIDAD;Carretera Longitudinal de la Sierra Sur;3/12/2021;-73.097459
A-2021-12-4;41:00.0;ATROPELLO;1;0;NULL;ANCASH;HUARI;MASIN;RURAL;CARRETERA;PROVINCIAL;AN-665;-9.364949;SOLEADO;RURAL;CURVA;INCLINADA;AFIRMADO;NULL;NULL;NULL;NULL;IMPRUDENCIA DEL PEATÓN;CRUCE INDEBIDO POR LA CALZADA;Jirón Los Pinos;3/12/2021;-77.095653
A-2021-12-88;00:00.0;DESPISTE;1;2;NULL;APURIMAC;ANDAHUAYLAS;HUANCARAY;RURAL;CARRETERA;SIN CLASIFICAR;SIN CLASIFICAR;-13.730434;NULL;NULL;NULL;NULL;NULL;NULL;NULL;NULL;NULL;EN PROCESO DE INVESTIGACIÓN;NO CUENTA CON CAUSA ESPECIFICA;Pampamarca;3/12/2021;-73.533048
A-2021-12-287;00:00.0;DESPISTE;1;0;1;AREQUIPA;CASTILLA;URACA;RURAL;CARRETERA;DEPARTAMENTAL;AR-105;-16.321251;DESPEJADO;RURAL;SINUOSA;INCLINADA;ASFALTADA;NULL;NULL;NULL;NULL;EN PROCESO DE INVESTIGACIÓN;NO CUENTA CON CAUSA ESPECIFICA;AR-105;4/12/2021;-72.446852
A-2021-12-116;40:00.0;DESPISTE;1;0;2;LIMA;LIMA;LOS OLIVOS;URBANA;AVENIDA;URBANO;NO CORRESPONDE;-11.976829;DESPEJADO;RESIDENCIAL;INTERSECCIÓN;PLANA ;ASFALTADA;NULL;NULL;NULL;NULL;IMPRUDENCIA DEL CONDUCTOR;CONDUCIR EN ESTADO DE EBRIEDAD Y/O DROGADICCIÓN;Avenida Huaylas;4/12/2021;-77.081429
A-2021-12-117;00:00.0;ATROPELLO;1;0;0;LIMA;LIMA;ATE;URBANA;CARRETERA;NACIONAL;PE-22;-12.012511;DESPEJADO;RESIDENCIAL;TRAMO RECTO;PLANA ;EMPEDRADO;NULL;NULL;NULL;NULL;EN PROCESO DE INVESTIGACIÓN;NO CUENTA CON CAUSA ESPECIFICA;Carretera Central;5/12/2021;-76.878788
A-2021-12-143;30:00.0;CHOQUE;1;0;NULL;CUSCO;ANTA;ANTA;RURAL;CARRETERA;NACIONAL;PE-3S;-13.495621;NULL;NULL;NULL;NULL;NULL;NULL;NULL;NULL;NULL;EN PROCESO DE INVESTIGACIÓN;NO CUENTA CON CAUSA ESPECIFICA;Carretera Longitudinal de la Sierra Sur;5/12/2021;-72.180196
A-2021-12-102;50:00.0;CHOQUE;1;3;2;LIMA;HUARAL;AUCALLAMA;RURAL;CARRETERA;NACIONAL;PE-20C;-11.569692;DESPEJADO;RURAL;TRAMO RECTO;PLANA ;ASFALTADA;NULL;NULL;NULL;NULL;IMPRUDENCIA DEL CONDUCTOR;INVASIÓN DE CARRIL;Carretera Lima - Huaral;5/12/2021;-77.202781
A-2021-12-5;00:00.0;DESPISTE;1;0;1;PUNO;EL COLLAO;SANTA ROSA;RURAL;CARRETERA;NACIONAL;PE-38A;-16.643848;DESPEJADO;RURAL;TRAMO RECTO;PLANA ;ASFALTADA;NULL;NULL;NULL;NULL;INFRAESTRUCTURA Y ENTORNO VIAL;OTRO (INFRAESTRUCTURA Y ENTORNO VIAL);Carretera Mazocruz - Ilave;5/12/2021;-69.71485
A-2021-12-21;00:00.0;CHOQUE;1;1;2;ICA;PALPA;SANTA CRUZ;RURAL;CARRETERA;NACIONAL;PE-1S;-14.50349;DESPEJADO;RURAL;TRAMO RECTO;PLANA ;ASFALTADA;NULL;NULL;NULL;NULL;EN PROCESO DE INVESTIGACIÓN;NO CUENTA CON CAUSA ESPECIFICA;Carretera Panamericana Sur;5/12/2021;-75.256953
A-2021-12-118;00:00.0;ATROPELLO;1;0;0;LIMA;LIMA;ATE;URBANA;CARRETERA;NACIONAL;PE-1S;-12.072798;SOLEADO;RESIDENCIAL;TRAMO RECTO;PLANA ;ASFALTADA;SI;REGULADORA (R);NULL;NO;EN PROCESO DE INVESTIGACIÓN;NO CUENTA CON CAUSA ESPECIFICA;Vía de Evitamiento;5/12/2021;-76.973889