CÓDIGO SINIESTRO;HORA SINIESTRO;CLASE SINIESTRO;CANTIDAD DE FALLECIDOS;CANTIDAD DE LESIONADOS;CANTIDAD DE VEHICULOS DAÑADOS;DEPARTAMENTO;PROVINCIA;DISTRITO;ZONA;TIPO DE VÍA;RED VIAL;COD CARRETERA;COORDENADAS LATITUD;CONDICIÓN CLIMÁTICA;ZONIFICACIÓN;CARACTERÍSTICAS DE VÍA;PERFIL LONGITUDINAL VÍA;SUPERFICIE DE CALZADA;¿EXISTE SEÑAL VERTICAL?;CLASIFICACIÓN DE LA SEÑAL VERTICAL Nº 1;CLASIFICACIÓN DE LA SEÑAL VERTICAL Nº 2;¿EXISTE SEÑAL HORIZONTAL?;CAUSA FACTOR PRINCIPAL;CAUSA ESPECÍFICA;UBICACION;FECHA SINIESTRO;COORDENADAS LONGITUD
A-2021-12-288;00:00.0;DESPISTE;1;2;1;AREQUIPA;CAYLLOMA;MAJES;RURAL;CARRETERA;NACIONAL;PE-1S;-16.538482;DESPEJADO;RURAL;CURVA;INCLINADA;ASFALTADA;NULL;NULL;NULL;NULL;EN PROCESO DE INVESTIGACIÓN;NO CUENTA CON CAUSA ESPECIFICA;Carretera Panamericana Sur;5/12/2021;-72.51727
A-2021-12-25;30:00.0;DESPISTE;1;3;1;HUANCAVELICA;HUAYTARA;HUAYTARA;RURAL;CARRETERA;NACIONAL;PE-28A;-13.603845;DESPEJADO;RESIDENCIAL;SINUOSA;PLANA ;ASFALTADA;NULL;NULL;NULL;NULL;EN PROCESO DE INVESTIGACIÓN;NO CUENTA CON CAUSA ESPECIFICA;Vía de los Libertadores;5/12/2021;-75.317536
A-2021-12-128;00:00.0;ATROPELLO FUGA;1;0;1;PIURA;SECHURA;SECHURA;URBANA;CARRETERA;NACIONAL;PE-1NK;-5.564173;DESPEJADO;INDUSTRIAL;TRAMO RECTO;PLANA ;ASFALTADA;NULL;NULL;NULL;NULL;EN PROCESO DE INVESTIGACIÓN;NO CUENTA CON CAUSA ESPECIFICA;Antigua Carretera Panamericana Norte;5/12/2021;-80.821802
A-2021-12-203;00:00.0;ATROPELLO;1;0;2;LIMA;BARRANCA;SUPE;RURAL;CARRETERA;NACIONAL;PE-1N;-10.829079;DESPEJADO;RURAL;TRAMO RECTO;PLANA ;ASFALTADA;NULL;NULL;NULL;NULL;EN PROCESO DE INVESTIGACIÓN;NO CUENTA CON CAUSA ESPECIFICA;Carretera Panamericana Norte;5/12/2021;-77.700096
A-2021-12-239;00:00.0;CHOQUE;1;0;2;SAN MARTIN;LAMAS;LAMAS;RURAL;CARRETERA;DEPARTAMENTAL;SM-104;-6.44466;DESPEJADO;RURAL;TRAMO RECTO;PLANA ;ASFALTADA;NO;NULL;NULL;SI;IMPRUDENCIA DEL CONDUCTOR;EXCESO DE VELOCIDAD;Carretera a Lamas;6/12/2021;-76.49034
A-2021-12-141;00:00.0;ATROPELLO FUGA;1;0;NULL;CUSCO;ANTA;ANCAHUASI;RURAL;CARRETERA;NACIONAL;PE-3S;-13.459906;DESPEJADO;RURAL;TRAMO RECTO;PLANA ;ASFALTADA;NULL;NULL;NULL;NULL;IMPRUDENCIA DEL PEATÓN;ESTADO DE EBRIEDAD Y/O DROGADICCIÓN;Avenida Los Libertadores;6/12/2021;-72.292299
A-2021-12-137;15:00.0;DESPISTE;1;2;1;HUANCAVELICA;CHURCAMPA;SAN MIGUEL DE MAYOCC;RURAL;CARRETERA;SIN CLASIFICAR;SIN CLASIFICAR;-12.782351;DESPEJADO;RURAL;CURVA;INCLINADA;CONCRETO;NULL;NULL;NULL;NULL;EN PROCESO DE INVESTIGACIÓN;NO CUENTA CON CAUSA ESPECIFICA;PE-3SD;6/12/2021;-74.382744
A-2021-12-22;30:00.0;CHOQUE;1;0;2;ICA;ICA;LOS AQUIJES;RURAL;CARRETERA;PROVINCIAL;IC-665;-14.081206;SOLEADO;RURAL;CURVA;PLANA ;ASFALTADA;NULL;NULL;NULL;NULL;EN PROCESO DE INVESTIGACIÓN;NO CUENTA CON CAUSA ESPECIFICA;El Arenal;6/12/2021;-75.71071
A-2021-12-220;44:00.0;CHOQUE;1;0;2;LIMA;LIMA;LOS OLIVOS;URBANA;AVENIDA;URBANO;NO CORRESPONDE;-11.977829;SOLEADO;RESIDENCIAL;INTERSECCIÓN;PLANA ;ASFALTADA;NULL;NULL;NULL;NULL;EN PROCESO DE INVESTIGACIÓN;NO CUENTA CON CAUSA ESPECIFICA;Avenida Naranjal;6/12/2021;-77.077696
A-2021-12-90;45:00.0;DESPISTE;1;2;1;LIMA;HUAURA;SAYAN;URBANA;CARRETERA;PROVINCIAL;LM-659;-11.218221;DESPEJADO;RESIDENCIAL;TRAMO RECTO;PLANA ;ASFALTADA;NULL;NULL;NULL;NULL;EN PROCESO DE INVESTIGACIÓN;NO CUENTA CON CAUSA ESPECIFICA;LM-659;6/12/2021;-77.40903
A-2021-12-126;00:00.0;DESPISTE;1;0;1;PIURA;PIURA;VEINTISEIS DE OCTUBRE;URBANA;AVENIDA;URBANO;NO CORRESPONDE;-5.190408;DESPEJADO;COMERCIAL;TRAMO RECTO;PLANA ;CONCRETO;NULL;NULL;NULL;NULL;EN PROCESO DE INVESTIGACIÓN;NO CUENTA CON CAUSA ESPECIFICA;Ciclovía Raúl Mata de la Cruz;6/12/2021;-80.666674
A-2021-12-31;10:00.0;ATROPELLO;1;0;1;PUNO;AZANGARO;SAN ANTON;RURAL;CARRETERA;NACIONAL;PE-34B;-14.430196;DESPEJADO;RURAL;TRAMO RECTO;PLANA ;ASFALTADA;NULL;NULL;NULL;NULL;IMPRUDENCIA DEL PEATÓN;CRUCE INDEBIDO POR LA CALZADA;Carretera Interoceánica Puno - Madre de Dios;6/12/2021;-70.258926
A-2021-12-10;50:00.0;ATROPELLO;1;0;NULL;ANCASH;HUARAZ;HUARAZ;RURAL;CARRETERA;NACIONAL;PE-3N;-9.563181;LLUVIOSO;RURAL;TRAMO RECTO;PLANA ;ASFALTADA;SI;PREVENTIVA (P);NULL;NO;IMPRUDENCIA DEL PEATÓN;CRUCE INDEBIDO POR LA CALZADA;Carretera Longitudinal de la Sierra Norte;6/12/2021;-77.539099
A-2021-12-119;35:00.0;CHOQUE;1;0;2;LIMA;LIMA;CHACLACAYO;URBANA;CARRETERA;NACIONAL;PE-22;-11.98572;SOLEADO;RESIDENCIAL;TRAMO RECTO;PLANA ;ASFALTADA;NULL;NULL;NULL;NULL;EN PROCESO DE INVESTIGACIÓN;NO CUENTA CON CAUSA ESPECIFICA;Carretera Central;7/12/2021;-76.809785
A-2021-12-8;00:00.0;CHOQUE;1;0;1;CALLAO;CALLAO;CALLAO;URBANA;CARRETERA;NACIONAL;PE-20;-11.972425;DESPEJADO;INDUSTRIAL;TRAMO RECTO;PLANA ;ASFALTADA;NULL;NULL;NULL;NULL;EN PROCESO DE INVESTIGACIÓN;NO CUENTA CON CAUSA ESPECIFICA;Calle California;7/12/2021;-77.124817
A-2021-12-7;00:00.0;CHOQUE;1;0;1;CALLAO;CALLAO;CALLAO;URBANA;CARRETERA;NACIONAL;PE-20;-12.03826;DESPEJADO;RESIDENCIAL;TRAMO RECTO;PLANA ;CONCRETO;NULL;NULL;NULL;NULL;NEGLIGENCIA DEL CONDUCTOR;OTRO (NEGLIGENCIA DEL CONDUCTOR);Avenida Coronel Nestor Gambetta;7/12/2021;-77.12718
A-2021-12-69;00:00.0;ATROPELLO FUGA;1;0;NULL;PASCO;PASCO;VICCO;URBANA;CARRETERA;NACIONAL;PE-20A;-10.810985;DESPEJADO;RURAL;OTRO;PLANA ;ASFALTADA;SI;REGULADORA (R);NULL;NO;IMPRUDENCIA DEL CONDUCTOR;EXCESO DE VELOCIDAD;Carretera Vencedores de Sángrar;8/12/2021;-76.238648
A-2021-12-170;30:00.0;CHOQUE;1;0;2;LAMBAYEQUE;CHICLAYO;PIMENTEL;URBANA;CARRETERA;NACIONAL;PE-1N;-6.751879;DESPEJADO;COMERCIAL;TRAMO RECTO;PLANA ;ASFALTADA;NULL;NULL;NULL;NULL;EN PROCESO DE INVESTIGACIÓN;NO CUENTA CON CAUSA ESPECIFICA;Panamericana Norte;8/12/2021;-79.867644
A-2021-12-99;30:00.0;CHOQUE;1;0;2;UCAYALI;CORONEL PORTILLO;YARINACOCHA;RURAL;CARRETERA;NACIONAL;PE-18C;-8.40977;DESPEJADO;RURAL;TRAMO RECTO;PLANA ;ASFALTADA;SI;REGULADORA (R);NULL;NO;IMPRUDENCIA DEL CONDUCTOR;CONDUCIR EN SENTIDO CONTRARIO;Centenario;8/12/2021;-74.650205
A-2021-12-238;20:00.0;VOLCADURA;1;0;2;SAN MARTIN;SAN MARTIN;LA BANDA DE SHILCAYO;RURAL;CARRETERA;NACIONAL;PE-5NB;-6.421227;DESPEJADO;RURAL;CURVA;INCLINADA;ASFALTADA;SI;PREVENTIVA (P);NULL;SI;IMPRUDENCIA DEL CONDUCTOR;EXCESO DE VELOCIDAD;PE-5NB;8/12/2021;-76.291237
A-2021-12-216;00:00.0;CAÍDA DE PASAJERO;1;0;0;LIMA;LIMA;VILLA MARIA DEL TRIUNFO;URBANA;JIRÓN;URBANO;NO CORRESPONDE;-12.183116;SOLEADO;RESIDENCIAL;TRAMO RECTO;PLANA ;ASFALTADA;NULL;NULL;NULL;NULL;EN PROCESO DE INVESTIGACIÓN;NO CUENTA CON CAUSA ESPECIFICA;Jirón Tres Marías;8/12/2021;-76.924735
A-2021-12-26;30:00.0;DESPISTE;2;2;1;ICA;ICA;YAUCA DEL ROSARIO;RURAL;CARRETERA;DEPARTAMENTAL;IC-107;-14.174579;SOLEADO;RURAL;TRAMO RECTO;PLANA ;TROCHA;NULL;NULL;NULL;NULL;EN PROCESO DE INVESTIGACIÓN;NO CUENTA CON CAUSA ESPECIFICA;IC-107;8/12/2021;-75.585952
A-2021-12-66;50:00.0;ATROPELLO;1;1;NULL;LORETO;MAYNAS;IQUITOS;URBANA;AVENIDA;URBANO;NO CORRESPONDE;-3.731932;NULL;NULL;NULL;NULL;NULL;NULL;NULL;NULL;NULL;EN PROCESO DE INVESTIGACIÓN;NO CUENTA CON CAUSA ESPECIFICA;Avenida Navarro Cauper;8/12/2021;-73.258768
A-2021-12-9;22:00.0;ATROPELLO FUGA;1;0;0;PUNO;PUNO;PAUCARCOLLA;RURAL;CARRETERA;NACIONAL;PE-3S;-15.752786;DESPEJADO;RURAL;TRAMO RECTO;PLANA ;ASFALTADA;SI;REGULADORA (R);NULL;SI;EN PROCESO DE INVESTIGACIÓN;NO CUENTA CON CAUSA ESPECIFICA;Carretera Longitudinal de la Sierra Sur;9/12/2021;-70.052331
A-2021-12-70;00:00.0;CHOQUE;1;1;NULL;LORETO;MAYNAS;SAN JUAN BAUTISTA;URBANA;CARRETERA;DEPARTAMENTAL;LO-103;-3.766726;NULL;NULL;NULL;NULL;NULL;NULL;NULL;NULL;NULL;EN PROCESO DE INVESTIGACIÓN;NO CUENTA CON CAUSA ESPECIFICA;Avenida José Abelardo Quiñones;9/12/2021;-73.273122
A-2021-12-23;30:00.0;DESPISTE;1;2;1;APURIMAC;ANDAHUAYLAS;SANTA MARIA DE CHICMO;RURAL;CARRETERA;NACIONAL;PE-3S;-13.611073;NUBLADO;RURAL;TRAMO RECTO;PLANA ;ASFALTADA;NULL;NULL;NULL;NULL;IMPRUDENCIA DEL CONDUCTOR;EXCESO DE VELOCIDAD;Carretera Longitudinal de la Sierra Sur;9/12/2021;-73.575278
A-2021-12-154;00:00.0;DESPISTE;1;2;1;LIMA;LIMA;BARRANCO;URBANA;OTRO;URBANO;NO CORRESPONDE;-12.153688;DESPEJADO;RESIDENCIAL;TRAMO RECTO;INCLINADA;ASFALTADA;NULL;NULL;NULL;NULL;EN PROCESO DE INVESTIGACIÓN;NO CUENTA CON CAUSA ESPECIFICA;Ciclovía Costa Verde;10/12/2021;-77.024744
A-2021-12-11;30:00.0;ATROPELLO;1;0;1;PUNO;EL COLLAO;ILAVE;RURAL;CARRETERA;NACIONAL;PE-3S;-16.080536;DESPEJADO;RURAL;TRAMO RECTO;PLANA ;ASFALTADA;NULL;NULL;NULL;NULL;IMPRUDENCIA DEL PEATÓN;CRUCE INDEBIDO POR LA CALZADA;Carretera Longitudinal de la Sierra Sur;10/12/2021;-69.652194
A-2023-09-106;20:00.0;DESPISTE;1;1;NULL;JUNIN;JAUJA;JULCAN;RURAL;CARRETERA;SIN CLASIFICAR;SIN CLASIFICAR;-11.74488;SOLEADO;RURAL;TRAMO RECTO;INCLINADA;TROCHA;NULL;NULL;NULL;NULL;IMPRUDENCIA DEL CONDUCTOR;OTRO (IMPRUDENCIA DEL CONDUCTOR);Julcán;7/9/2023;-75.41777
A-2023-09-113;30:00.0;ESPECIAL;1;0;NULL;JUNIN;HUANCAYO;INGENIO;RURAL;CARRETERA;SIN CLASIFICAR;SIN CLASIFICAR;-11.923284;DESPEJADO;RURAL;OTRO;INCLINADA;TROCHA;NULL;NULL;NULL;NULL;IMPRUDENCIA DEL CONDUCTOR;CONDUCIR EN ESTADO DE EBRIEDAD Y/O DROGADICCIÓN;Ingenio;8/9/2023;-75.273948
A-2023-09-120;00:00.0;CHOQUE;1;0;NULL;LIMA;LIMA;SAN MARTIN DE PORRES;URBANA;AVENIDA;URBANO;NO CORRESPONDE;-12.031116;DESPEJADO;RESIDENCIAL;TRAMO RECTO;PLANA ;ASFALTADA;NULL;NULL;NULL;NULL;EN PROCESO DE INVESTIGACIÓN;NO CUENTA CON CAUSA ESPECIFICA;Avenida Perú;8/9/2023;-77.084069
A-2023-09-105;40:00.0;CHOQUE;6;14;NULL;JUNIN;TARMA;SAN PEDRO DE CAJAS;RURAL;CARRETERA;NACIONAL;PE-3N;-11.295471;DESPEJADO;RURAL;CURVA;INCLINADA;ASFALTADA;NULL;NULL;NULL;NULL;IMPRUDENCIA DEL CONDUCTOR;ADELANTAR INDEBIDAMENTE;Carretera Longitudinal de la Sierra Norte;8/9/2023;-75.911075
A-2023-09-5;20:00.0;ATROPELLO;1;0;1;ICA;NASCA;NASCA;URBANA;CARRETERA;NACIONAL;PE-1S;-14.83116;DESPEJADO;COMERCIAL;TRAMO RECTO;PLANA ;ASFALTADA;NULL;NULL;NULL;NULL;EN PROCESO DE INVESTIGACIÓN;NO CUENTA CON CAUSA ESPECIFICA;Carretera Panamericana Sur;8/9/2023;-74.943432
A-2023-09-49;00:00.0;CHOQUE;1;0;2;CUSCO;URUBAMBA;URUBAMBA;URBANA;CARRETERA;NACIONAL;PE-28B;-13.31145;DESPEJADO;RURAL;TRAMO RECTO;PLANA ;ASFALTADA;SI;PREVENTIVA (P);NULL;SI;IMPRUDENCIA DEL CONDUCTOR;FATIGA Y/O CANSANCIO;PE-28B;8/9/2023;-72.10592
A-2023-09-121;00:00.0;CHOQUE;1;0;NULL;LIMA;LIMA;VILLA EL SALVADOR;URBANA;AVENIDA;URBANO;NO CORRESPONDE;-12.215459;DESPEJADO;RESIDENCIAL;INTERSECCIÓN;PLANA ;ASFALTADA;NULL;NULL;NULL;NULL;IMPRUDENCIA DEL CONDUCTOR;OTRO (IMPRUDENCIA DEL CONDUCTOR);Avenida Separadora Industrial;8/9/2023;-76.928899
A-2023-09-122;50:00.0;ATROPELLO;1;0;NULL;LIMA;LIMA;MIRAFLORES;URBANA;AVENIDA;URBANO;NO CORRESPONDE;-12.126279;DESPEJADO;COMERCIAL;INTERSECCIÓN;PLANA ;ASFALTADA;NO;NULL;NULL;NO;IMPRUDENCIA DEL PEATÓN;OTRO (IMPRUDENCIA DEL PEATÓN);Avenida República de Panamá;8/9/2023;-77.0181
A-2023-09-31;30:00.0;ESPECIAL;1;1;1;CUSCO;URUBAMBA;OLLANTAYTAMBO;RURAL;CARRETERA;PROVINCIAL;CU-917;-13.218509;DESPEJADO;RURAL;CURVA;INCLINADA;TROCHA;NULL;NULL;NULL;NULL;INFRAESTRUCTURA Y ENTORNO VIAL;OTRO (INFRAESTRUCTURA Y ENTORNO VIAL);Tanccac;9/9/2023;-72.354399
A-2023-09-22;10:00.0;DESPISTE;3;2;NULL;AREQUIPA;CAYLLOMA;SAN ANTONIO DE CHUCA;RURAL;CARRETERA;NACIONAL;PE-34J;-15.734174;DESPEJADO;RURAL;TRAMO RECTO;PLANA ;ASFALTADA;NULL;NULL;NULL;NULL;EN PROCESO DE INVESTIGACIÓN;NO CUENTA CON CAUSA ESPECIFICA;Carretera Imata - Morocaque;9/9/2023;-71.031393
A-2023-09-124;30:00.0;CHOQUE;1;0;NULL;LIMA;LIMA;SAN JUAN DE MIRAFLORES;URBANA;CARRETERA;NACIONAL;PE-1S;-12.188189;DESPEJADO;RESIDENCIAL;TRAMO RECTO;PLANA ;ASFALTADA;NULL;NULL;NULL;NULL;IMPRUDENCIA DEL CONDUCTOR;OTRO (IMPRUDENCIA DEL CONDUCTOR);Avenida Panamericana Sur;9/9/2023;-76.973693
A-2023-09-155;30:00.0;ATROPELLO;1;0;1;CAJAMARCA;CAJABAMBA;SITACOCHA;URBANA;CARRETERA;SIN CLASIFICAR;SIN CLASIFICAR;-7.516598;DESPEJADO;COMERCIAL;TRAMO RECTO;INCLINADA;CASCAJO/RIPIO;NULL;NULL;NULL;NULL;IMPRUDENCIA DEL CONDUCTOR;EXCESO DE VELOCIDAD;Llucchubamba;9/9/2023;-77.969934
A-2023-09-179;40:00.0;CHOQUE;1;0;NULL;ICA;NAZCA;VISTA ALEGRE;URBANA;CARRETERA;NACIONAL;PE-3N;-9.159622;DESPEJADO;RURAL;TRAMO RECTO;PLANA ;AFIRMADO;NULL;NULL;NULL;NULL;IMPERICIA DEL CONDUCTOR;NULL;Carretera Longitudinal de la Sierra Norte;9/9/2023;-77.73346
A-2023-09-69;40:00.0;ATROPELLO FUGA;1;0;NULL;PUNO;AZANGARO;SAMAN;RURAL;AVENIDA;URBANO;NO CORRESPONDE;-15.296259;DESPEJADO;RURAL;TRAMO RECTO;PLANA ;ASFALTADA;NULL;NULL;NULL;NULL;EN PROCESO DE INVESTIGACIÓN;NO CUENTA CON CAUSA ESPECIFICA;PU-804;9/9/2023;-70.020645
A-2023-09-107;30:00.0;CHOQUE;1;2;NULL;JUNIN;JUNIN;JUNIN;RURAL;CARRETERA;NACIONAL;PE-3N;-11.087482;DESPEJADO;RURAL;TRAMO RECTO;PLANA ;ASFALTADA;NO;NULL;NULL;SI;IMPRUDENCIA DEL CONDUCTOR;OTRO (IMPRUDENCIA DEL CONDUCTOR);Carretera Longitudinal de la Sierra Norte;9/9/2023;-75.997053
A-2023-09-93;30:00.0;CHOQUE;1;1;NULL;PIURA;PIURA;CATACAOS;RURAL;CARRETERA;PROVINCIAL;PI-1023;-5.317156;DESPEJADO;RURAL;TRAMO RECTO;PLANA ;ASFALTADA;NULL;NULL;NULL;NULL;EN PROCESO DE INVESTIGACIÓN;NO CUENTA CON CAUSA ESPECIFICA;Calle Túpac Amaru;10/9/2023;-80.664956
A-2023-09-7;45:00.0;DESPISTE;1;4;1;AMAZONAS;LUYA;SANTA CATALINA;URBANA;CARRETERA;SIN CLASIFICAR;SIN CLASIFICAR;-6.078438;DESPEJADO;RURAL;CURVA;INCLINADA;TROCHA;NULL;NULL;NULL;NULL;EN PROCESO DE INVESTIGACIÓN;NO CUENTA CON CAUSA ESPECIFICA;Santa Catalina;10/9/2023;-78.126134
A-2023-09-65;40:00.0;ATROPELLO FUGA;1;0;NULL;LA LIBERTAD;VIRU;VIRU;RURAL;CARRETERA;NACIONAL;PE-1N;-8.40655;DESPEJADO;RURAL;TRAMO RECTO;PLANA ;ASFALTADA;NULL;NULL;NULL;NULL;EN PROCESO DE INVESTIGACIÓN;NO CUENTA CON CAUSA ESPECIFICA;Carretera Panamericana Norte;10/9/2023;-78.822965
A-2023-09-67;00:00.0;DESPISTE;1;0;1;LA LIBERTAD;CHEPEN;PACANGA;RURAL;CARRETERA;PROVINCIAL;LI-524;-7.153818;DESPEJADO;COMERCIAL;TRAMO RECTO;PLANA ;ASFALTADA;NULL;NULL;NULL;NULL;IMPRUDENCIA DEL CONDUCTOR;CONDUCIR EN ESTADO DE EBRIEDAD Y/O DROGADICCIÓN;La Viña;10/9/2023;-79.384199
A-2023-09-125;20:00.0;ATROPELLO;1;0;NULL;LIMA;LIMA;BREÑA;URBANA;JIRÓN;URBANO;NO CORRESPONDE;-12.059287;DESPEJADO;COMERCIAL;TRAMO RECTO;PLANA ;ASFALTADA;NULL;NULL;NULL;NULL;IMPRUDENCIA DEL CONDUCTOR;OTRO (IMPRUDENCIA DEL CONDUCTOR);Jirón General Varela;10/9/2023;-77.046118
A-2023-09-123;40:00.0;ATROPELLO;2;0;NULL;LIMA;LIMA;PUENTE PIEDRA;URBANA;CARRETERA;NACIONAL;PE-1N;-11.85077;DESPEJADO;COMERCIAL;TRAMO RECTO;PLANA ;ASFALTADA;NULL;NULL;NULL;NULL;IMPRUDENCIA DEL CONDUCTOR;OTRO (IMPRUDENCIA DEL CONDUCTOR);Carretera Panamericana Norte;11/9/2023;-77.091966
A-2023-09-53;30:00.0;CHOQUE;1;1;2;CUSCO;QUISPICANCHI;OCONGATE;RURAL;CARRETERA;NACIONAL;PE-30C;-13.66012;DESPEJADO;RURAL;CURVA;INCLINADA;ASFALTADA;SI;PREVENTIVA (P);REGULADORA (R);SI;IMPRUDENCIA DEL CONDUCTOR;INVASIÓN DE CARRIL;Interoceánica Sur;11/9/2023;-71.42599
A-2023-09-11;50:00.0;ATROPELLO;1;1;1;AMAZONAS;RODRIGUEZ DE MENDOZA;SAN NICOLAS;URBANA;AVENIDA;URBANO;NO CORRESPONDE;-6.391068;DESPEJADO;INDUSTRIAL;TRAMO RECTO;INCLINADA;CONCRETO;SI;PREVENTIVA (P);NULL;SI;EN PROCESO DE INVESTIGACIÓN;NO CUENTA CON CAUSA ESPECIFICA;Avenida Juan Pardo de Miguel;12/9/2023;-77.497284
A-2023-09-115;00:00.0;DESPISTE;2;35;1;AYACUCHO;HUAMANGA;VINCHOS;RURAL;CARRETERA;NACIONAL;PE-28A;-13.281071;DESPEJADO;RURAL;CURVA;INCLINADA;ASFALTADA;SI;PREVENTIVA (P);PREVENTIVA (P);NO;IMPRUDENCIA DEL CONDUCTOR;EXCESO DE VELOCIDAD;Vía de los Libertadores;12/9/2023;-74.307477
A-2023-09-42;10:00.0;CHOQUE;10;7;NULL;AREQUIPA;AREQUIPA;VITOR;RURAL;CARRETERA;NACIONAL;PE-1S;-16.466055;DESPEJADO;RESIDENCIAL;CURVA;INCLINADA;ASFALTADA;NULL;NULL;NULL;NULL;EN PROCESO DE INVESTIGACIÓN;NO CUENTA CON CAUSA ESPECIFICA;Carretera Panamericana Sur;12/9/2023;-71.954075
A-2023-09-126;30:00.0;ATROPELLO;1;0;NULL;LIMA;LIMA;RIMAC;URBANA;CARRETERA;NACIONAL;PE-1N;-12.043066;DESPEJADO;COMERCIAL;TRAMO RECTO;PLANA ;ASFALTADA;NULL;NULL;NULL;NULL;EN PROCESO DE INVESTIGACIÓN;NO CUENTA CON CAUSA ESPECIFICA;Vía de Evitamiento;13/9/2023;-77.022819
A-2023-09-18;30:00.0;DESPISTE;1;0;NULL;AREQUIPA;AREQUIPA;UCHUMAYO;RURAL;CARRETERA;NACIONAL;PE-34A;-16.420045;DESPEJADO;RURAL;CURVA;INCLINADA;ASFALTADA;SI;PREVENTIVA (P);NULL;SI;EN PROCESO DE INVESTIGACIÓN;NO CUENTA CON CAUSA ESPECIFICA;Carretera Interoceánica Sur;13/9/2023;-71.646365
A-2023-09-4;30:00.0;CHOQUE;1;7;2;LIMA;HUAURA;HUACHO;RURAL;CARRETERA;PROVINCIAL;LM-659;-11.191868;LLUVIOSO;RURAL;CURVA;INCLINADA;ASFALTADA;NULL;NULL;NULL;NULL;IMPRUDENCIA DEL CONDUCTOR;INVASIÓN DE CARRIL;LM-659;13/9/2023;-77.480834
A-2023-09-29;00:00.0;VOLCADURA;1;0;1;CUSCO;CHUMBIVILCAS;SANTO TOMAS;URBANA;CALLE;URBANO;NO CORRESPONDE;-14.450285;DESPEJADO;RESIDENCIAL;INTERSECCIÓN;PLANA ;ASFALTADA;SI;PREVENTIVA (P);NULL;SI;IMPRUDENCIA DEL CONDUCTOR;CONDUCIR EN ESTADO DE EBRIEDAD Y/O DROGADICCIÓN;Calle Bolognesi;13/9/2023;-72.083568
A-2023-09-71;30:00.0;CHOQUE;2;0;2;LA LIBERTAD;ASCOPE;CASA GRANDE;RURAL;CARRETERA;DEPARTAMENTAL;LI-101;-7.761322;DESPEJADO;RURAL;TRAMO RECTO;PLANA ;CONCRETO;NULL;NULL;NULL;NULL;EN PROCESO DE INVESTIGACIÓN;NO CUENTA CON CAUSA ESPECIFICA;Carretera Casa Grande - Roma;13/9/2023;-79.157668
A-2023-09-127;00:00.0;CHOQUE;1;23;NULL;LIMA;LIMA;PUNTA NEGRA;RURAL;CARRETERA;NACIONAL;PE-1S;-12.355944;DESPEJADO;RURAL;TRAMO RECTO;PLANA ;ASFALTADA;NULL;NULL;NULL;NULL;IMPRUDENCIA DEL CONDUCTOR;OTRO (IMPRUDENCIA DEL CONDUCTOR);Carretera Panamericana Sur;14/9/2023;-76.800663
A-2023-09-19;14:00.0;CHOQUE;1;0;2;SAN MARTIN;LAMAS;ALONSO DE ALVARADO;RURAL;CARRETERA;NACIONAL;PE-5N;-6.27617;DESPEJADO;RURAL;TRAMO RECTO;PLANA ;ASFALTADA;NULL;NULL;NULL;NULL;IMPRUDENCIA DEL CONDUCTOR;OTRO (IMPRUDENCIA DEL CONDUCTOR);Carretera Presidente Fernando Belaúnde Terry;14/9/2023;-76.767232
A-2023-09-70;15:00.0;CHOQUE;1;0;NULL;PUNO;LAMPA;PUCARA;RURAL;CARRETERA;NACIONAL;PE-3S;-14.983415;DESPEJADO;RURAL;TRAMO RECTO;PLANA ;ASFALTADA;NULL;NULL;NULL;NULL;IMPRUDENCIA DEL CONDUCTOR;INVASIÓN DE CARRIL;Carretera Longitudinal de la Sierra Sur;14/9/2023;-70.412436
A-2023-09-9;25:00.0;CHOQUE CON OBJETO FIJO;1;0;1;LIMA;OYON;PACHANGARA;URBANA;AVENIDA;URBANO;NO CORRESPONDE;-10.80949;DESPEJADO;RESIDENCIAL;TRAMO RECTO;INCLINADA;AFIRMADO;NULL;NULL;NULL;NULL;EN PROCESO DE INVESTIGACIÓN;NO CUENTA CON CAUSA ESPECIFICA;San Juan de Churín;14/9/2023;-76.87457
A-2023-09-128;00:00.0;CHOQUE;1;2;NULL;LIMA;LIMA;LURIGANCHO;URBANA;AVENIDA;URBANO;NO CORRESPONDE;-11.949391;DESPEJADO;RESIDENCIAL;INTERSECCIÓN;PLANA ;ASFALTADA;NULL;NULL;NULL;NULL;EN PROCESO DE INVESTIGACIÓN;NO CUENTA CON CAUSA ESPECIFICA;Calle Los Geranios;14/9/2023;-76.721626
A-2023-09-25;30:00.0;DESPISTE;1;0;1;ICA;ICA;ICA;URBANA;CARRETERA;DEPARTAMENTAL;IC-105;-14.07878;DESPEJADO;COMERCIAL;TRAMO RECTO;PLANA ;ASFALTADA;NULL;NULL;NULL;NULL;EN PROCESO DE INVESTIGACIÓN;NO CUENTA CON CAUSA ESPECIFICA;Avenida Principal Comatrana;14/9/2023;-75.775111