CÓDIGO SINIESTRO;HORA SINIESTRO;CLASE SINIESTRO;CANTIDAD DE FALLECIDOS;CANTIDAD DE LESIONADOS;CANTIDAD DE VEHICULOS DAÑADOS;DEPARTAMENTO;PROVINCIA;DISTRITO;ZONA;TIPO DE VÍA;RED VIAL;COD CARRETERA;COORDENADAS LATITUD;CONDICIÓN CLIMÁTICA;ZONIFICACIÓN;CARACTERÍSTICAS DE VÍA;PERFIL LONGITUDINAL VÍA;SUPERFICIE DE CALZADA;¿EXISTE SEÑAL VERTICAL?;CLASIFICACIÓN DE LA SEÑAL VERTICAL Nº 1;CLASIFICACIÓN DE LA SEÑAL VERTICAL Nº 2;¿EXISTE SEÑAL HORIZONTAL?;CAUSA FACTOR PRINCIPAL;CAUSA ESPECÍFICA;UBICACION;FECHA SINIESTRO;COORDENADAS LONGITUD
A-2023-09-20;00:00.0;ATROPELLO;1;0;NULL;ICA;ICA;LA TINGUIÑA;URBANA;AVENIDA;URBANO;NO CORRESPONDE;-14.040949;DESPEJADO;RESIDENCIAL;INTERSECCIÓN;PLANA ;ASFALTADA;NULL;NULL;NULL;NULL;EN PROCESO DE INVESTIGACIÓN;NO CUENTA CON CAUSA ESPECIFICA;Avenida Buenos Aires;14/9/2023;-75.701914
A-2023-09-94;10:00.0;DESPISTE;1;0;NULL;PIURA;PIURA;VEINTISEIS DE OCTUBRE;RURAL;CARRETERA;NACIONAL;PE-1N;-5.148692;DESPEJADO;RURAL;TRAMO RECTO;PLANA ;ASFALTADA;NULL;NULL;NULL;NULL;EN PROCESO DE INVESTIGACIÓN;NO CUENTA CON CAUSA ESPECIFICA;Carretera Panamericana Norte;14/9/2023;-80.696743
A-2023-09-23;50:00.0;DESPISTE;1;0;1;PUNO;PUNO;HUATA;RURAL;CARRETERA;PROVINCIAL;PU-936;-15.657703;DESPEJADO;RURAL;TRAMO RECTO;PLANA ;ASFALTADA;NULL;NULL;NULL;NULL;IMPRUDENCIA DEL CONDUCTOR;EXCESO DE VELOCIDAD;Huata;14/9/2023;-69.952775
A-2023-09-95;30:00.0;CHOQUE;1;12;2;PIURA;PIURA;CASTILLA;RURAL;CARRETERA;NACIONAL;PE-1NJ;-5.17575;DESPEJADO;RURAL;TRAMO RECTO;PLANA ;ASFALTADA;NULL;NULL;NULL;NULL;EN PROCESO DE INVESTIGACIÓN;NO CUENTA CON CAUSA ESPECIFICA;Carretera Interoceánica Norte;15/9/2023;-80.556944
A-2023-09-96;30:00.0;CHOQUE;1;0;NULL;PIURA;PIURA;PIURA;URBANA;AVENIDA;URBANO;NO CORRESPONDE;-5.179405;DESPEJADO;RURAL;TRAMO RECTO;PLANA ;ASFALTADA;NULL;NULL;NULL;NULL;EN PROCESO DE INVESTIGACIÓN;NO CUENTA CON CAUSA ESPECIFICA;Avenida Sullana Norte;15/9/2023;-80.63822
A-2023-09-108;25:00.0;CHOQUE;1;4;NULL;PASCO;PASCO;NINACACA;RURAL;CARRETERA;NACIONAL;PE-3N;-10.892565;DESPEJADO;RURAL;TRAMO RECTO;PLANA ;ASFALTADA;NO;NULL;NULL;SI;IMPRUDENCIA DEL CONDUCTOR;OTRO (IMPRUDENCIA DEL CONDUCTOR);Carretera Longitudinal de la Sierra Norte;15/9/2023;-76.081715
A-2023-09-32;30:00.0;ATROPELLO;1;0;1;CUSCO;CUSCO;CUSCO;URBANA;AVENIDA;URBANO;NO CORRESPONDE;-13.517041;DESPEJADO;RESIDENCIAL;TRAMO RECTO;INCLINADA;ASFALTADA;SI;REGULADORA (R);PREVENTIVA (P);SI;IMPRUDENCIA DEL PEATÓN;OTRO (IMPRUDENCIA DEL PEATÓN);Avenida Tullumayo;15/9/2023;-71.974792
A-2023-09-68;30:00.0;CHOQUE;1;0;NULL;PUNO;AZANGARO;ASILLO;RURAL;CARRETERA;NACIONAL;PE-34B;-14.769694;DESPEJADO;RURAL;TRAMO RECTO;PLANA ;ASFALTADA;NULL;NULL;NULL;NULL;IMPRUDENCIA DEL CONDUCTOR;EXCESO DE VELOCIDAD;Carretera Interoceánica Puno - Madre de Dios;15/9/2023;-70.338408
A-2023-09-129;40:00.0;CHOQUE FUGA;3;0;NULL;LIMA;LIMA;SAN LUIS;URBANA;AVENIDA;URBANO;NO CORRESPONDE;-12.06851;DESPEJADO;INDUSTRIAL;INTERSECCIÓN;PLANA ;ASFALTADA;NULL;NULL;NULL;NULL;EN PROCESO DE INVESTIGACIÓN;NO CUENTA CON CAUSA ESPECIFICA;Avenida Mariscal Agustin Gamarra;15/9/2023;-76.991952
A-2023-09-130;40:00.0;CHOQUE;1;0;NULL;LIMA;LIMA;SAN BORJA;URBANA;CARRETERA;NACIONAL;PE-1S;-12.102801;DESPEJADO;RESIDENCIAL;TRAMO RECTO;PLANA ;ASFALTADA;NULL;NULL;NULL;NULL;IMPRUDENCIA DEL CONDUCTOR;OTRO (IMPRUDENCIA DEL CONDUCTOR);Pentagonito;16/9/2023;-76.979275
A-2023-09-13;50:00.0;CHOQUE;2;0;2;TUMBES;ZARUMILLA;AGUAS VERDES;URBANA;CARRETERA;NACIONAL;PE-1NO;-3.488624;DESPEJADO;RURAL;INTERSECCIÓN;PLANA ;ASFALTADA;NULL;NULL;NULL;NULL;IMPRUDENCIA DEL CONDUCTOR;OTRO (IMPRUDENCIA DEL CONDUCTOR);Carretera Panamericana Norte;16/9/2023;-80.264381
A-2023-09-54;30:00.0;DESPISTE;1;2;1;CUSCO;CHUMBIVILCAS;QUIÑOTA;RURAL;CARRETERA;NACIONAL;PE-3SG;-14.317834;DESPEJADO;RURAL;CURVA;PLANA ;ASFALTADA;SI;PREVENTIVA (P);NULL;SI;IMPRUDENCIA DEL CONDUCTOR;EXCESO DE VELOCIDAD;PE-3SG;16/9/2023;-72.138286
A-2023-09-56;20:00.0;ATROPELLO;1;0;1;CUSCO;ESPINAR;ESPINAR;URBANA;AVENIDA;URBANO;NO CORRESPONDE;-14.796816;DESPEJADO;RURAL;TRAMO RECTO;INCLINADA;ASFALTADA;NULL;NULL;NULL;NULL;IMPRUDENCIA DEL CONDUCTOR;CONDUCIR EN ESTADO DE EBRIEDAD Y/O DROGADICCIÓN;Calle Aeropuerto;16/9/2023;-71.413482
A-2023-09-131;30:00.0;ATROPELLO;1;0;NULL;LIMA;LIMA;ATE;URBANA;CARRETERA;NACIONAL;PE-22;-12.017053;DESPEJADO;INDUSTRIAL;TRAMO RECTO;PLANA ;ASFALTADA;NULL;NULL;NULL;NULL;IMPRUDENCIA DEL PEATÓN;OTRO (IMPRUDENCIA DEL PEATÓN);Carretera Central;16/9/2023;-76.892538
A-2023-09-132;50:00.0;CHOQUE;1;0;NULL;LIMA;LIMA;SAN BORJA;URBANA;CARRETERA;NACIONAL;PE-1S;-12.10124;DESPEJADO;COMERCIAL;TRAMO RECTO;PLANA ;ASFALTADA;NULL;NULL;NULL;NULL;EN PROCESO DE INVESTIGACIÓN;NO CUENTA CON CAUSA ESPECIFICA;Carretera Panamericana Sur;16/9/2023;-76.979505
A-2023-09-101;00:00.0;DESPISTE;2;10;1;HUANCAVELICA;TAYACAJA;ACOSTAMBO;RURAL;CARRETERA;NACIONAL;PE-3S;-12.388827;DESPEJADO;RURAL;TRAMO RECTO;INCLINADA;ASFALTADA;NULL;NULL;NULL;NULL;NEGLIGENCIA DEL CONDUCTOR;CONDUCIR CON FALLAS DE FRENOS;Carretera Longitudinal de la Sierra Sur;17/9/2023;-75.057011
A-2023-09-40;00:00.0;ATROPELLO FUGA;1;0;NULL;APURIMAC;CHINCHEROS;HUACCANA;RURAL;CARRETERA;NACIONAL;PE-3S;-13.472773;DESPEJADO;RURAL;TRAMO RECTO;PLANA ;ASFALTADA;NO;NULL;NULL;SI;EN PROCESO DE INVESTIGACIÓN;NO CUENTA CON CAUSA ESPECIFICA;Carretera Longitudinal de la Sierra Sur;17/9/2023;-73.826945
A-2023-09-72;20:00.0;CHOQUE FUGA;2;0;1;LA LIBERTAD;VIRU;VIRU;RURAL;CARRETERA;NACIONAL;PE-1N;-8.434086;DESPEJADO;RURAL;TRAMO RECTO;PLANA ;ASFALTADA;NULL;NULL;NULL;NULL;EN PROCESO DE INVESTIGACIÓN;NO CUENTA CON CAUSA ESPECIFICA;Puente Virú;17/9/2023;-78.768788
A-2023-09-26;45:00.0;CHOQUE FUGA;1;1;1;SAN MARTIN;RIOJA;YURACYACU;RURAL;CARRETERA;DEPARTAMENTAL;SM-113;-5.944139;DESPEJADO;RURAL;TRAMO RECTO;PLANA ;ASFALTADA;NULL;NULL;NULL;NULL;IMPRUDENCIA DEL CONDUCTOR;OTRO (IMPRUDENCIA DEL CONDUCTOR);SM-113;17/9/2023;-77.250069
A-2023-09-73;15:00.0;DESPISTE;1;0;1;LA LIBERTAD;PACASMAYO;GUADALUPE;RURAL;CARRETERA;NACIONAL;PE-08;-7.304837;DESPEJADO;RURAL;TRAMO RECTO;PLANA ;ASFALTADA;NULL;NULL;NULL;NULL;EN PROCESO DE INVESTIGACIÓN;NO CUENTA CON CAUSA ESPECIFICA;Carretera Ciudad de Dios - Cajamarca;17/9/2023;-79.434573
A-2023-09-103;30:00.0;DESPISTE;1;0;1;UCAYALI;CORONEL PORTILLO;YARINACOCHA;URBANA;AVENIDA;URBANO;NO CORRESPONDE;-8.369689;DESPEJADO;COMERCIAL;CURVA;PLANA ;CONCRETO;NULL;NULL;NULL;NULL;IMPRUDENCIA DEL CONDUCTOR;CONDUCIR EN ESTADO DE EBRIEDAD Y/O DROGADICCIÓN;Alameda Norte;17/9/2023;-74.567
A-2023-09-77;30:00.0;DESPISTE;1;0;1;LA LIBERTAD;PATAZ;HUANCASPATA;RURAL;CARRETERA;NACIONAL;PE-10C;-8.515026;DESPEJADO;RURAL;TRAMO RECTO;PLANA ;TROCHA;NULL;NULL;NULL;NULL;EN PROCESO DE INVESTIGACIÓN;NO CUENTA CON CAUSA ESPECIFICA;PE-10C;17/9/2023;-77.292021
A-2023-09-24;35:00.0;ATROPELLO;1;0;1;PUNO;PUNO;PLATERIA;RURAL;CARRETERA;NACIONAL;PE-3S;-15.94125;DESPEJADO;RURAL;TRAMO RECTO;PLANA ;ASFALTADA;NULL;NULL;NULL;NULL;IMPRUDENCIA DEL PEATÓN;ESTADO DE EBRIEDAD Y/O DROGADICCIÓN;Carretera Longitudinal de la Sierra Sur;17/9/2023;-69.862361
A-2023-09-102;30:00.0;DESPISTE;24;21;1;HUANCAVELICA;CHURCAMPA;COSME;RURAL;CARRETERA;NACIONAL;PE-3S;-12.588878;DESPEJADO;RURAL;CURVA;INCLINADA;TROCHA;NULL;NULL;NULL;NULL;EN PROCESO DE INVESTIGACIÓN;NO CUENTA CON CAUSA ESPECIFICA;Carretera Longitudinal de la Sierra Sur;18/9/2023;-74.685191
A-2023-09-33;40:00.0;VOLCADURA;1;0;1;CUSCO;CANCHIS;SICUANI;URBANA;CARRETERA;NACIONAL;PE-3S;-14.248125;DESPEJADO;RESIDENCIAL;TRAMO RECTO;PLANA ;ASFALTADA;NO;NULL;NULL;SI;IMPRUDENCIA DEL CONDUCTOR;EXCESO DE VELOCIDAD;Carretera Longitudinal de la Sierra Sur;18/9/2023;-71.239099
A-2023-09-52;45:00.0;DESPISTE;1;0;1;CUSCO;CUSCO;CUSCO;RURAL;CARRETERA;PROVINCIAL;CU-1259;-13.54554;DESPEJADO;RURAL;TRAMO RECTO;INCLINADA;ASFALTADA;NULL;NULL;NULL;NULL;IMPRUDENCIA DEL CONDUCTOR;FATIGA Y/O CANSANCIO;CU-698;18/9/2023;-72.014757
A-2023-09-74;00:00.0;ATROPELLO;1;0;1;LA LIBERTAD;TRUJILLO;LA ESPERANZA;URBANA;AVENIDA;URBANO;NO CORRESPONDE;-8.087224;DESPEJADO;RURAL;TRAMO RECTO;PLANA ;ASFALTADA;NULL;NULL;NULL;NULL;EN PROCESO DE INVESTIGACIÓN;NO CUENTA CON CAUSA ESPECIFICA;Avenida los Laureles;18/9/2023;-79.033051
A-2023-09-117;10:00.0;ESPECIAL;1;0;1;AYACUCHO;HUAMANGA;VINCHOS;RURAL;CARRETERA;NACIONAL;PE-28A;-13.340325;DESPEJADO;RURAL;TRAMO RECTO;PLANA ;ASFALTADA;SI;PREVENTIVA (P);NULL;NO;IMPRUDENCIA DEL CONDUCTOR;OTRO (IMPRUDENCIA DEL CONDUCTOR);Vía de los Libertadores;18/9/2023;-74.43667
A-2023-09-116;30:00.0;ATROPELLO;1;0;NULL;PUNO;SAN ROMAN;JULIACA;URBANA;CARRETERA;NACIONAL;PE-3S;-15.485922;DESPEJADO;COMERCIAL;TRAMO RECTO;PLANA ;ASFALTADA;NULL;NULL;NULL;NULL;NEGLIGENCIA DEL CONDUCTOR;OTRO (NEGLIGENCIA DEL CONDUCTOR);Avenida Circunvalación Este;18/9/2023;-70.124254
A-2023-09-133;00:00.0;CHOQUE;1;0;NULL;LIMA;LIMA;LIMA;URBANA;JIRÓN;URBANO;NO CORRESPONDE;-12.051125;DESPEJADO;COMERCIAL;INTERSECCIÓN;PLANA ;ASFALTADA;NULL;NULL;NULL;NULL;IMPRUDENCIA DEL CONDUCTOR;OTRO (IMPRUDENCIA DEL CONDUCTOR);Jirón Puno;19/9/2023;-77.032111
A-2023-09-134;00:00.0;CAÍDA DE PASAJERO;1;0;NULL;LIMA;LIMA;SAN JUAN DE MIRAFLORES;URBANA;CARRETERA;NACIONAL;PE-1S;-12.144557;DESPEJADO;COMERCIAL;TRAMO RECTO;PLANA ;ASFALTADA;NULL;NULL;NULL;NULL;EN PROCESO DE INVESTIGACIÓN;NO CUENTA CON CAUSA ESPECIFICA;Avenida Panamericana Sur;19/9/2023;-76.981742
A-2023-09-76;00:00.0;ATROPELLO;1;0;1;LA LIBERTAD;SANTIAGO DE CHUCO;SANTIAGO DE CHUCO;RURAL;CARRETERA;DEPARTAMENTAL;LI-122;-8.336585;DESPEJADO;RURAL;TRAMO RECTO;PLANA ;TROCHA;NULL;NULL;NULL;NULL;IMPRUDENCIA DEL CONDUCTOR;OTRO (IMPRUDENCIA DEL CONDUCTOR);LI-122;19/9/2023;-78.207819
A-2023-09-75;10:00.0;ATROPELLO FUGA;1;0;1;LA LIBERTAD;TRUJILLO;LAREDO;RURAL;CARRETERA;NACIONAL;PE-10A;-8.045565;DESPEJADO;RURAL;TRAMO RECTO;PLANA ;ASFALTADA;NULL;NULL;NULL;NULL;EN PROCESO DE INVESTIGACIÓN;NO CUENTA CON CAUSA ESPECIFICA;Carretera Industrial;19/9/2023;-78.847856
A-2023-09-27;30:00.0;ATROPELLO;1;0;1;ICA;NASCA;MARCONA;RURAL;CARRETERA;NACIONAL;PE-1S;-15.14306;DESPEJADO;COMERCIAL;TRAMO RECTO;PLANA ;ASFALTADA;SI;INFORMATIVA (I);PREVENTIVA (P);NO;EN PROCESO DE INVESTIGACIÓN;NO CUENTA CON CAUSA ESPECIFICA;Carretera Panamericana Sur;19/9/2023;-74.980013
A-2023-09-36;45:00.0;ATROPELLO FUGA;1;0;NULL;PUNO;CHUCUITO;ZEPITA;RURAL;CARRETERA;NACIONAL;PE-3S;-16.40989;DESPEJADO;RURAL;TRAMO RECTO;PLANA ;ASFALTADA;NULL;NULL;NULL;NULL;IMPRUDENCIA DEL CONDUCTOR;OTRO (IMPRUDENCIA DEL CONDUCTOR);Carretera Longitudinal de la Sierra Sur;20/9/2023;-69.18978
A-2023-09-78;30:00.0;DESPISTE;1;0;1;LA LIBERTAD;OTUZCO;OTUZCO;RURAL;CARRETERA;NACIONAL;PE-10A;-7.957323;DESPEJADO;RURAL;TRAMO RECTO;PLANA ;ASFALTADA;NULL;NULL;NULL;NULL;NEGLIGENCIA DEL CONDUCTOR;OTRO (NEGLIGENCIA DEL CONDUCTOR);Carretera Trujillo - Huamachuco;20/9/2023;-78.623727
A-2023-09-37;50:00.0;DESPISTE;1;1;1;PUNO;CHUCUITO;ZEPITA;RURAL;CARRETERA;NACIONAL;PE-3S;-16.48876;DESPEJADO;RURAL;TRAMO RECTO;PLANA ;ASFALTADA;NULL;NULL;NULL;NULL;IMPRUDENCIA DEL CONDUCTOR;FATIGA Y/O CANSANCIO;Carretera Longitudinal de la Sierra Sur;21/9/2023;-69.109906
A-2023-09-43;00:00.0;ATROPELLO;1;0;NULL;AREQUIPA;AREQUIPA;CERRO COLORADO;URBANA;CARRETERA;DEPARTAMENTAL;AR-123;-16.35174;SOLEADO;RESIDENCIAL;TRAMO RECTO;PLANA ;ASFALTADA;NULL;NULL;NULL;NULL;EN PROCESO DE INVESTIGACIÓN;NO CUENTA CON CAUSA ESPECIFICA;Autopista La Joya - Arequipa;21/9/2023;-71.610933
A-2023-09-135;20:00.0;ATROPELLO;1;0;NULL;LIMA;LIMA;SAN JUAN DE LURIGANCHO;URBANA;CARRETERA;NACIONAL;PE-22;-12.023776;DESPEJADO;RESIDENCIAL;TRAMO RECTO;PLANA ;ASFALTADA;NULL;NULL;NULL;NULL;IMPRUDENCIA DEL PEATÓN;OTRO (IMPRUDENCIA DEL PEATÓN);Autopista Ramiro Prialé;21/9/2023;-76.961846
A-2023-09-157;30:00.0;VOLCADURA;1;0;1;CAJAMARCA;CHOTA;ANGUIA;RURAL;CARRETERA;SIN CLASIFICAR;SIN CLASIFICAR;-6.298809;DESPEJADO;RURAL;TRAMO RECTO;INCLINADA;AFIRMADO;NULL;NULL;NULL;NULL;IMPRUDENCIA DEL CONDUCTOR;EXCESO DE VELOCIDAD;Anguía;21/9/2023;-78.521754
A-2023-09-44;30:00.0;ATROPELLO;1;0;NULL;AREQUIPA;AREQUIPA;QUEQUEÑA;URBANA;CARRETERA;PROVINCIAL;AR-787;-16.537847;DESPEJADO;RESIDENCIAL;CURVA;PLANA ;ASFALTADA;NULL;NULL;NULL;NULL;EN PROCESO DE INVESTIGACIÓN;NO CUENTA CON CAUSA ESPECIFICA;AR-787;21/9/2023;-71.477564
A-2023-09-100;20:00.0;CHOQUE;1;1;NULL;PIURA;PIURA;VEINTISEIS DE OCTUBRE;RURAL;CARRETERA;NACIONAL;PE-1N;-5.152539;DESPEJADO;RURAL;TRAMO RECTO;PLANA ;ASFALTADA;NULL;NULL;NULL;NULL;EN PROCESO DE INVESTIGACIÓN;NO CUENTA CON CAUSA ESPECIFICA;Carretera Panamericana Norte;22/9/2023;-80.696009
A-2023-09-137;45:00.0;CHOQUE;1;1;NULL;LIMA;LIMA;LIMA;URBANA;CARRETERA;NACIONAL;PE-1N;-12.03497;DESPEJADO;COMERCIAL;TRAMO RECTO;PLANA ;ASFALTADA;NULL;NULL;NULL;NULL;IMPRUDENCIA DEL CONDUCTOR;OTRO (IMPRUDENCIA DEL CONDUCTOR);Puente Caja de Agua;22/9/2023;-77.01011
A-2023-09-119;15:00.0;ATROPELLO;1;0;NULL;PUNO;HUANCANE;TARACO;RURAL;CARRETERA;NACIONAL;PE-34H;-15.276826;DESPEJADO;RURAL;TRAMO RECTO;PLANA ;ASFALTADA;NULL;NULL;NULL;NULL;IMPRUDENCIA DEL PEATÓN;CRUCE INDEBIDO POR LA CALZADA;PE-34H;22/9/2023;-69.911929
A-2023-09-97;00:00.0;CHOQUE FUGA;1;0;NULL;PIURA;PAITA;LA HUACA;RURAL;CARRETERA;NACIONAL;PE-02;-5.112458;DESPEJADO;RURAL;TRAMO RECTO;PLANA ;ASFALTADA;NULL;NULL;NULL;NULL;EN PROCESO DE INVESTIGACIÓN;NO CUENTA CON CAUSA ESPECIFICA;Carretera Paita - Piura;23/9/2023;-80.854823
A-2023-09-28;20:00.0;CHOQUE;1;0;2;LIMA;HUAURA;VEGUETA;URBANA;CARRETERA;NACIONAL;PE-1N;-10.98612;DESPEJADO;RESIDENCIAL;TRAMO RECTO;PLANA ;ASFALTADA;SI;PREVENTIVA (P);NULL;NO;IMPRUDENCIA DEL CONDUCTOR;CONDUCIR EN ESTADO DE EBRIEDAD Y/O DROGADICCIÓN;Carretera Panamericana Norte;23/9/2023;-77.64243
A-2023-09-79;30:00.0;CHOQUE;2;0;2;LA LIBERTAD;PACASMAYO;PACASMAYO;RURAL;CARRETERA;NACIONAL;PE-1N;-7.404729;DESPEJADO;RURAL;TRAMO RECTO;PLANA ;ASFALTADA;NULL;NULL;NULL;NULL;EN PROCESO DE INVESTIGACIÓN;NO CUENTA CON CAUSA ESPECIFICA;Carretera Panamericana Norte;23/9/2023;-79.557508
A-2023-09-35;30:00.0;DESPISTE;1;0;1;MADRE DE DIOS;MANU;MANU;RURAL;CARRETERA;DEPARTAMENTAL;MD-103;-12.860916;DESPEJADO;RURAL;TRAMO RECTO;PLANA ;AFIRMADO;NULL;NULL;NULL;NULL;IMPRUDENCIA DEL CONDUCTOR;EXCESO DE VELOCIDAD;Carretera Manu;23/9/2023;-71.360603
A-2023-09-38;45:00.0;CHOQUE;2;0;2;PUNO;EL COLLAO;SANTA ROSA;RURAL;CARRETERA;NACIONAL;PE-36A;-16.742808;DESPEJADO;RURAL;CURVA;INCLINADA;ASFALTADA;NULL;NULL;NULL;NULL;IMPRUDENCIA DEL CONDUCTOR;EXCESO DE VELOCIDAD;Avenida Binacional;23/9/2023;-69.717801
A-2023-09-87;40:00.0;CHOQUE;1;0;NULL;AREQUIPA;ISLAY;MOLLENDO;RURAL;CARRETERA;NACIONAL;PE-34;-16.736232;DESPEJADO;RURAL;TRAMO RECTO;PLANA ;ASFALTADA;NULL;NULL;NULL;NULL;EN PROCESO DE INVESTIGACIÓN;NO CUENTA CON CAUSA ESPECIFICA;Carretera Interoceánica Sur;23/9/2023;-71.951757
A-2023-09-86;00:00.0;CHOQUE;1;0;2;LA LIBERTAD;ASCOPE;CHICAMA;RURAL;CARRETERA;NACIONAL;PE-1NF;-7.773028;DESPEJADO;RURAL;TRAMO RECTO;PLANA ;ASFALTADA;NULL;NULL;NULL;NULL;EN PROCESO DE INVESTIGACIÓN;NO CUENTA CON CAUSA ESPECIFICA;Carretera Chicama - Cascas;23/9/2023;-79.125176
A-2023-09-136;00:00.0;ATROPELLO FUGA;1;0;NULL;LIMA;LIMA;SANTA ANITA;URBANA;AVENIDA;URBANO;NO CORRESPONDE;-12.040663;DESPEJADO;RESIDENCIAL;TRAMO RECTO;PLANA ;ASFALTADA;NULL;NULL;NULL;NULL;EN PROCESO DE INVESTIGACIÓN;NO CUENTA CON CAUSA ESPECIFICA;Avenida César Vallejo;24/9/2023;-76.981613
A-2023-09-110;00:00.0;CHOQUE;1;1;NULL;JUNIN;HUANCAYO;EL TAMBO;URBANA;AVENIDA;URBANO;NO CORRESPONDE;-12.05062;DESPEJADO;COMERCIAL;INTERSECCIÓN;PLANA ;ASFALTADA;NO;NULL;NULL;SI;IMPRUDENCIA DEL CONDUCTOR;GIRAR IMPRUDENTEMENTE;Mariscal Castilla;24/9/2023;-75.221539
A-2023-09-104;20:00.0;ATROPELLO;1;0;1;UCAYALI;CORONEL PORTILLO;CAMPOVERDE;RURAL;CARRETERA;NACIONAL;PE-18C;-8.420946;DESPEJADO;RURAL;TRAMO RECTO;PLANA ;ASFALTADA;NULL;NULL;NULL;NULL;IMPRUDENCIA DEL PEATÓN;OTRO (IMPRUDENCIA DEL PEATÓN);Carretera Federico Basadre;24/9/2023;-74.694917
A-2023-09-30;40:00.0;ATROPELLO FUGA;1;0;NULL;LIMA;HUAURA;SANTA MARIA;URBANA;CARRETERA;NACIONAL;PE-1N;-11.10219;DESPEJADO;RESIDENCIAL;TRAMO RECTO;INCLINADA;ASFALTADA;NULL;NULL;NULL;NULL;EN PROCESO DE INVESTIGACIÓN;NO CUENTA CON CAUSA ESPECIFICA;Carretera Panamericana Norte;24/9/2023;-77.58955
A-2023-09-148;20:00.0;ATROPELLO;1;0;0;TACNA;TACNA;CIUDAD NUEVA;URBANA;CARRETERA;PROVINCIAL;TA-619;-17.97841;DESPEJADO;RESIDENCIAL;TRAMO RECTO;PLANA ;ASFALTADA;NULL;NULL;NULL;NULL;IMPRUDENCIA DEL PEATÓN;ESTADO DE EBRIEDAD Y/O DROGADICCIÓN;Avenida Mariano Necochea;25/9/2023;-70.2373
A-2023-09-41;40:00.0;CHOQUE FUGA;1;0;2;SAN MARTIN;RIOJA;YORONGOS;URBANA;CARRETERA;PROVINCIAL;SM-609;-6.112581;DESPEJADO;COMERCIAL;TRAMO RECTO;PLANA ;AFIRMADO;NULL;NULL;NULL;NULL;EN PROCESO DE INVESTIGACIÓN;NO CUENTA CON CAUSA ESPECIFICA;Yorongos;25/9/2023;-77.144594
A-2023-09-114;15:00.0;CHOQUE;1;1;2;UCAYALI;CORONEL PORTILLO;CAMPOVERDE;RURAL;CARRETERA;NACIONAL;PE-18C;-8.448887;DESPEJADO;RURAL;TRAMO RECTO;PLANA ;ASFALTADA;NULL;NULL;NULL;NULL;IMPRUDENCIA DEL CONDUCTOR;EXCESO DE VELOCIDAD;Carretera Federico Basadre;25/9/2023;-74.768604
A-2023-09-39;30:00.0;ESPECIAL;1;0;NULL;PUNO;CHUCUITO;POMATA;RURAL;CARRETERA;NACIONAL;PE-3S;-16.264751;DESPEJADO;RURAL;OTRO;INCLINADA;CASCAJO/RIPIO;NULL;NULL;NULL;NULL;IMPRUDENCIA DEL CONDUCTOR;OTRO (IMPRUDENCIA DEL CONDUCTOR);Carretera Longitudinal de la Sierra Sur;25/9/2023;-69.295884
A-2023-09-99;00:00.0;CHOQUE;1;1;NULL;PIURA;PIURA;CURA MORI;RURAL;CARRETERA;NACIONAL;PE-1N;-5.345303;DESPEJADO;RURAL;TRAMO RECTO;PLANA ;ASFALTADA;NULL;NULL;NULL;NULL;EN PROCESO DE INVESTIGACIÓN;NO CUENTA CON CAUSA ESPECIFICA;Nuevo San Pedro;25/9/2023;-80.61835
A-2023-09-80;00:00.0;DESPISTE;3;0;1;LA LIBERTAD;OTUZCO;SINSICAP;RURAL;CARRETERA;DEPARTAMENTAL;LI-105;-7.872818;DESPEJADO;RURAL;CURVA;PLANA ;AFIRMADO;NULL;NULL;NULL;NULL;EN PROCESO DE INVESTIGACIÓN;NO CUENTA CON CAUSA ESPECIFICA;LI-105;25/9/2023;-78.76951
A-2023-09-46;30:00.0;ATROPELLO FUGA;1;1;NULL;AREQUIPA;AREQUIPA;LA JOYA;URBANA;CARRETERA;NACIONAL;PE-1S;-16.512392;DESPEJADO;COMERCIAL;TRAMO RECTO;PLANA ;ASFALTADA;NULL;NULL;NULL;NULL;EN PROCESO DE INVESTIGACIÓN;NO CUENTA CON CAUSA ESPECIFICA;Gloria;25/9/2023;-71.80916
A-2023-09-55;30:00.0;DESPISTE;1;0;1;CUSCO;CANAS;YANAOCA;RURAL;CARRETERA;DEPARTAMENTAL;CU-136;-14.200679;DESPEJADO;RURAL;TRAMO RECTO;INCLINADA;ASFALTADA;NULL;NULL;NULL;NULL;IMPRUDENCIA DEL CONDUCTOR;EXCESO DE VELOCIDAD;Jilayhua;25/9/2023;-71.439241
A-2023-09-138;30:00.0;VOLCADURA;1;0;NULL;LIMA;LIMA;RIMAC;URBANA;CARRETERA;NACIONAL;PE-1N;-12.042437;DESPEJADO;COMERCIAL;TRAMO RECTO;PLANA ;ASFALTADA;NULL;NULL;NULL;NULL;IMPRUDENCIA DEL CONDUCTOR;OTRO (IMPRUDENCIA DEL CONDUCTOR);Jirón Ayacucho;26/9/2023;-77.030604
A-2023-09-45;55:00.0;CHOQUE;1;0;NULL;AREQUIPA;AREQUIPA;AREQUIPA;URBANA;AVENIDA;URBANO;NO CORRESPONDE;-16.409531;DESPEJADO;RESIDENCIAL;TRAMO RECTO;PLANA ;ASFALTADA;NULL;NULL;NULL;NULL;EN PROCESO DE INVESTIGACIÓN;NO CUENTA CON CAUSA ESPECIFICA;Tabada;26/9/2023;-71.533565