CÓDIGO SINIESTRO;HORA SINIESTRO;CLASE SINIESTRO;CANTIDAD DE FALLECIDOS;CANTIDAD DE LESIONADOS;CANTIDAD DE VEHICULOS DAÑADOS;DEPARTAMENTO;PROVINCIA;DISTRITO;ZONA;TIPO DE VÍA;RED VIAL;COD CARRETERA;COORDENADAS LATITUD;CONDICIÓN CLIMÁTICA;ZONIFICACIÓN;CARACTERÍSTICAS DE VÍA;PERFIL LONGITUDINAL VÍA;SUPERFICIE DE CALZADA;¿EXISTE SEÑAL VERTICAL?;CLASIFICACIÓN DE LA SEÑAL VERTICAL Nº 1;CLASIFICACIÓN DE LA SEÑAL VERTICAL Nº 2;¿EXISTE SEÑAL HORIZONTAL?;CAUSA FACTOR PRINCIPAL;CAUSA ESPECÍFICA;UBICACION;FECHA SINIESTRO;COORDENADAS LONGITUD
A-2023-09-139;25:00.0;ATROPELLO;1;1;NULL;LIMA;LIMA;ANCON;URBANA;CARRETERA;NACIONAL;PE-1N;-11.769943;DESPEJADO;RURAL;TRAMO RECTO;PLANA ;ASFALTADA;NULL;NULL;NULL;NULL;EN PROCESO DE INVESTIGACIÓN;NO CUENTA CON CAUSA ESPECIFICA;Carretera Panamericana Norte;26/9/2023;-77.158992
A-2023-09-141;30:00.0;CHOQUE;1;1;NULL;LIMA;LIMA;COMAS;URBANA;CALLE;URBANO;NO CORRESPONDE;-11.95252;DESPEJADO;COMERCIAL;INTERSECCIÓN;PLANA ;ASFALTADA;NULL;NULL;NULL;NULL;EN PROCESO DE INVESTIGACIÓN;NO CUENTA CON CAUSA ESPECIFICA;Jirón Asunción;27/9/2023;-77.053178
A-2023-09-143;50:00.0;DESPISTE;1;0;NULL;LIMA;HUAROCHIRI;SAN MATEO;RURAL;CARRETERA;NACIONAL;PE-22;-11.747355;DESPEJADO;RURAL;TRAMO RECTO;PLANA ;ASFALTADA;NULL;NULL;NULL;NULL;EN PROCESO DE INVESTIGACIÓN;NO CUENTA CON CAUSA ESPECIFICA;Carretera Central;27/9/2023;-76.291037
A-2023-09-182;50:00.0;DESPISTE;1;0;NULL;LIMA;HUAROCHIRI;SAN MATEO;RURAL;CARRETERA;NACIONAL;PE-22;-11.747348;DESPEJADO;RURAL;SINUOSA;PLANA ;ASFALTADA;NULL;NULL;NULL;NULL;EN PROCESO DE INVESTIGACIÓN;NO CUENTA CON CAUSA ESPECIFICA;Carretera Central;27/9/2023;-76.291009
A-2023-09-81;00:00.0;CHOQUE FUGA;1;0;1;LA LIBERTAD;TRUJILLO;FLORENCIA DE MORA;URBANA;CALLE;URBANO;NO CORRESPONDE;-8.08368;DESPEJADO;RURAL;INTERSECCIÓN;PLANA ;ASFALTADA;NULL;NULL;NULL;NULL;EN PROCESO DE INVESTIGACIÓN;NO CUENTA CON CAUSA ESPECIFICA;Calle 20 de Junio;27/9/2023;-79.025705
A-2023-09-140;30:00.0;CHOQUE;1;0;NULL;LIMA;LIMA;SANTA ANITA;URBANA;AVENIDA;URBANO;NO CORRESPONDE;-12.036634;DESPEJADO;COMERCIAL;TRAMO RECTO;PLANA ;ASFALTADA;NULL;NULL;NULL;NULL;EN PROCESO DE INVESTIGACIÓN;NO CUENTA CON CAUSA ESPECIFICA;Calle San Pablo;27/9/2023;-76.951394
A-2023-09-89;15:00.0;CHOQUE;1;2;2;SAN MARTIN;RIOJA;PARDO MIGUEL;URBANA;CARRETERA;NACIONAL;PE-5N;-5.745433;DESPEJADO;RURAL;TRAMO RECTO;PLANA ;ASFALTADA;SI;PREVENTIVA (P);REGULADORA (R);NO;IMPRUDENCIA DEL CONDUCTOR;OTRO (IMPRUDENCIA DEL CONDUCTOR);Carretera Presidente Fernando Belaúnde Terry;27/9/2023;-77.484213
A-2023-09-47;30:00.0;CHOQUE;1;1;NULL;AREQUIPA;CAYLLOMA;SAN ANTONIO DE CHUCA;RURAL;CARRETERA;NACIONAL;PE-34A;-15.896758;DESPEJADO;RURAL;TRAMO RECTO;PLANA ;ASFALTADA;NO;NULL;NULL;SI;EN PROCESO DE INVESTIGACIÓN;NO CUENTA CON CAUSA ESPECIFICA;Vía Interoceánica Sur - Tramo 5;27/9/2023;-71.179783
A-2023-09-48;30:00.0;DESPISTE;1;2;NULL;AREQUIPA;ISLAY;ISLAY;RURAL;CARRETERA;NACIONAL;PE-34;-16.921003;DESPEJADO;RURAL;CURVA;INCLINADA;ASFALTADA;SI;REGULADORA (R);NULL;SI;EN PROCESO DE INVESTIGACIÓN;NO CUENTA CON CAUSA ESPECIFICA;Carretera Interoceánica Sur;28/9/2023;-72.052476
A-2023-09-184;00:00.0;CHOQUE CON OBJETO FIJO;1;0;NULL;LIMA;LIMA;CIENEGUILLA;URBANA;AVENIDA;URBANO;NO CORRESPONDE;-12.081339;DESPEJADO;RESIDENCIAL;TRAMO RECTO;INCLINADA;TROCHA;NULL;NULL;NULL;NULL;EN PROCESO DE INVESTIGACIÓN;NO CUENTA CON CAUSA ESPECIFICA;Río Seco;28/9/2023;-76.745271
A-2023-09-51;40:00.0;CHOQUE;3;0;2;CUSCO;QUISPICANCHI;LUCRE;RURAL;CARRETERA;NACIONAL;PE-3S;-13.607288;LLUVIOSO;COMERCIAL;TRAMO RECTO;PLANA ;ASFALTADA;NO;NULL;NULL;SI;IMPRUDENCIA DEL CONDUCTOR;INVASIÓN DE CARRIL;Carretera Longitudinal de la Sierra Sur;28/9/2023;-71.750066
A-2023-09-82;30:00.0;CHOQUE;1;0;2;LA LIBERTAD;CHEPEN;PACANGA;RURAL;CARRETERA;NACIONAL;PE-1N;-7.091828;DESPEJADO;RURAL;TRAMO RECTO;PLANA ;ASFALTADA;NULL;NULL;NULL;NULL;IMPRUDENCIA DEL CONDUCTOR;CONDUCIR EN ESTADO DE EBRIEDAD Y/O DROGADICCIÓN;Carretera Panamericana Norte;28/9/2023;-79.526483
A-2023-09-88;00:00.0;ESPECIAL;1;0;NULL;AREQUIPA;CAYLLOMA;TAPAY;URBANA;CARRETERA;SIN CLASIFICAR;SIN CLASIFICAR;-15.470647;DESPEJADO;RESIDENCIAL;TÚNEL;PLANA ;CONCRETO;NULL;NULL;NULL;NULL;EN PROCESO DE INVESTIGACIÓN;NO CUENTA CON CAUSA ESPECIFICA;Tapay;28/9/2023;-71.958601
A-2023-09-142;30:00.0;ATROPELLO FUGA;1;0;NULL;LIMA;LIMA;CHACLACAYO;URBANA;CARRETERA;NACIONAL;PE-22;-11.992203;DESPEJADO;RESIDENCIAL;INTERSECCIÓN;PLANA ;ASFALTADA;NULL;NULL;NULL;NULL;EN PROCESO DE INVESTIGACIÓN;NO CUENTA CON CAUSA ESPECIFICA;Calle Los Ficus;28/9/2023;-76.825113
A-2023-09-111;50:00.0;ATROPELLO;1;0;NULL;JUNIN;HUANCAYO;SAPALLANGA;RURAL;CARRETERA;PROVINCIAL;JU-1044;-12.123968;DESPEJADO;RURAL;TRAMO RECTO;PLANA ;ASFALTADA;NULL;NULL;NULL;NULL;IMPRUDENCIA DEL PEATÓN;ESTADO DE EBRIEDAD Y/O DROGADICCIÓN;Avenida 2 de Mayo;28/9/2023;-75.173129
A-2023-09-145;00:00.0;CHOQUE CON OBJETO FIJO;1;0;NULL;LIMA;LIMA;CIENEGUILLA;RURAL;AVENIDA;URBANO;NO CORRESPONDE;-12.090602;DESPEJADO;RURAL;INTERSECCIÓN;PLANA ;TROCHA;NULL;NULL;NULL;NULL;EN PROCESO DE INVESTIGACIÓN;NO CUENTA CON CAUSA ESPECIFICA;Cieneguilla;28/9/2023;-76.774986
A-2023-09-144;30:00.0;ATROPELLO FUGA;1;0;NULL;LIMA;LIMA;ANCON;RURAL;CARRETERA;NACIONAL;PE-1N;-11.792218;DESPEJADO;RURAL;TRAMO RECTO;PLANA ;ASFALTADA;NULL;NULL;NULL;NULL;EN PROCESO DE INVESTIGACIÓN;NO CUENTA CON CAUSA ESPECIFICA;Carretera Panamericana Norte;29/9/2023;-77.147074
A-2023-09-183;30:00.0;ATROPELLO FUGA;1;0;NULL;LIMA;LIMA;ANCON;RURAL;CARRETERA;NACIONAL;PE-1N;-11.793869;DESPEJADO;RURAL;INTERSECCIÓN;PLANA ;ASFALTADA;NULL;NULL;NULL;NULL;IMPRUDENCIA DEL CONDUCTOR;EXCESO DE VELOCIDAD;Carretera Panamericana Norte;29/9/2023;-77.145334
A-2023-09-50;30:00.0;CHOQUE;1;0;2;CUSCO;URUBAMBA;YUCAY;URBANA;CARRETERA;NACIONAL;PE-28B;-13.315694;DESPEJADO;COMERCIAL;TRAMO RECTO;PLANA ;ASFALTADA;SI;PREVENTIVA (P);NULL;SI;IMPRUDENCIA DEL CONDUCTOR;CONDUCIR EN ESTADO DE EBRIEDAD Y/O DROGADICCIÓN;PE-28B;29/9/2023;-72.092662
A-2023-09-83;30:00.0;CHOQUE;1;1;2;LA LIBERTAD;TRUJILLO;MOCHE;URBANA;CARRETERA;NACIONAL;PE-1N;-8.157584;DESPEJADO;COMERCIAL;TRAMO RECTO;PLANA ;ASFALTADA;NULL;NULL;NULL;NULL;IMPRUDENCIA DEL CONDUCTOR;ADELANTAR INDEBIDAMENTE;Panamericana Norte;29/9/2023;-79.012138
A-2023-09-146;40:00.0;CHOQUE;1;0;NULL;LIMA;LIMA;LURIGANCHO;URBANA;AVENIDA;URBANO;NO CORRESPONDE;-11.998501;DESPEJADO;RURAL;INTERSECCIÓN;PLANA ;AFIRMADO;NULL;NULL;NULL;NULL;EN PROCESO DE INVESTIGACIÓN;NO CUENTA CON CAUSA ESPECIFICA;Avenida Las Torres;29/9/2023;-76.926843
A-2023-09-98;15:00.0;ATROPELLO;1;0;NULL;PIURA;PIURA;CASTILLA;RURAL;CARRETERA;NACIONAL;PE-1NJ;-5.159041;DESPEJADO;RURAL;TRAMO RECTO;PLANA ;ASFALTADA;NULL;NULL;NULL;NULL;EN PROCESO DE INVESTIGACIÓN;NO CUENTA CON CAUSA ESPECIFICA;Carretera Interoceánica Norte;30/9/2023;-80.502282
A-2023-09-156;30:00.0;VOLCADURA;1;0;NULL;CAJAMARCA;CHOTA;HUAMBOS;RURAL;CARRETERA;PROVINCIAL;CA-827;-6.430171;DESPEJADO;RURAL;CURVA;INCLINADA;AFIRMADO;SI;REGULADORA (R);NULL;NO;IMPRUDENCIA DEL CONDUCTOR;OTRO (IMPRUDENCIA DEL CONDUCTOR);CA-827;30/9/2023;-79.007861
A-2023-09-112;30:00.0;DESPISTE;1;2;NULL;JUNIN;JUNIN;CARHUAMAYO;RURAL;CARRETERA;DEPARTAMENTAL;JU-107;-10.899831;LLUVIOSO;RURAL;CURVA;PLANA ;ASFALTADA;SI;PREVENTIVA (P);NULL;SI;EN PROCESO DE INVESTIGACIÓN;NO CUENTA CON CAUSA ESPECIFICA;JU-107;30/9/2023;-75.976811
A-2023-09-109;00:00.0;ATROPELLO;1;1;1;TACNA;TACNA;CALANA;URBANA;CARRETERA;PROVINCIAL;TA-617;-17.962042;DESPEJADO;RESIDENCIAL;TRAMO RECTO;PLANA ;ASFALTADA;NULL;NULL;NULL;NULL;IMPRUDENCIA DEL CONDUCTOR;OTRO (IMPRUDENCIA DEL CONDUCTOR);Avenida Celestino Vargas;30/9/2023;-70.187507
A-2023-09-147;45:00.0;CHOQUE;1;1;NULL;LIMA;LIMA;SAN MIGUEL;URBANA;AVENIDA;URBANO;NO CORRESPONDE;-12.075371;DESPEJADO;COMERCIAL;TRAMO RECTO;PLANA ;ASFALTADA;NULL;NULL;NULL;NULL;EN PROCESO DE INVESTIGACIÓN;NO CUENTA CON CAUSA ESPECIFICA;Avenida de La Marina;30/9/2023;-77.097669
A-2023-09-149;10:00.0;CHOQUE;1;0;NULL;PIURA;PIURA;VEINTISEIS DE OCTUBRE;URBANA;CALLE;URBANO;NO CORRESPONDE;-5.190595;DESPEJADO;RURAL;TRAMO RECTO;PLANA ;ASFALTADA;NULL;NULL;NULL;NULL;EN PROCESO DE INVESTIGACIÓN;NO CUENTA CON CAUSA ESPECIFICA;26 de Octubre;30/9/2023;-80.684413
A-2023-10-1;50:00.0;ATROPELLO;1;0;NULL;ICA;ICA;SALAS;URBANA;CALLE;URBANO;NO CORRESPONDE;-13.929576;DESPEJADO;COMERCIAL;TRAMO RECTO;PLANA ;TROCHA;NULL;NULL;NULL;NULL;EN PROCESO DE INVESTIGACIÓN;NO CUENTA CON CAUSA ESPECIFICA;Santa Cruz de Villacurí;1/10/2023;-75.922216
A-2023-10-25;30:00.0;ATROPELLO FUGA;1;0;NULL;CUSCO;CUSCO;SANTIAGO;RURAL;CARRETERA;DEPARTAMENTAL;CU-117;-13.5615;DESPEJADO;RURAL;TRAMO RECTO;PLANA ;ASFALTADA;NULL;NULL;NULL;NULL;IMPRUDENCIA DEL PEATÓN;ESTADO DE EBRIEDAD Y/O DROGADICCIÓN;CU-117;1/10/2023;-71.993886
A-2023-10-147;20:00.0;ATROPELLO FUGA;1;0;0;PUNO;LAMPA;CALAPUJA;RURAL;CARRETERA;NACIONAL;PE-3S;-15.345292;DESPEJADO;RURAL;TRAMO RECTO;PLANA ;ASFALTADA;NULL;NULL;NULL;NULL;EN PROCESO DE INVESTIGACIÓN;NO CUENTA CON CAUSA ESPECIFICA;Carretera Longitudinal de la Sierra Sur;1/10/2023;-70.180955
A-2023-10-2;20:00.0;ATROPELLO FUGA;1;0;NULL;ICA;PISCO;SAN CLEMENTE;RURAL;CARRETERA;NACIONAL;PE-28A;-13.679633;DESPEJADO;RURAL;TRAMO RECTO;PLANA ;ASFALTADA;NULL;NULL;NULL;NULL;EN PROCESO DE INVESTIGACIÓN;NO CUENTA CON CAUSA ESPECIFICA;Avenida Los Libertadores;1/10/2023;-76.143351
A-2023-10-5;50:00.0;CHOQUE;1;0;2;TUMBES;TUMBES;TUMBES;URBANA;CARRETERA;NACIONAL;PE-1N;-3.554905;DESPEJADO;COMERCIAL;TRAMO RECTO;PLANA ;ASFALTADA;SI;PREVENTIVA (P);NULL;NO;IMPRUDENCIA DEL CONDUCTOR;OTRO (IMPRUDENCIA DEL CONDUCTOR);Avenida Tumbes Norte;2/10/2023;-80.436171
A-2023-10-95;35:00.0;ATROPELLO;1;0;NULL;LIMA;LIMA;LURIGANCHO;URBANA;AVENIDA;URBANO;NO CORRESPONDE;-12.002625;DESPEJADO;COMERCIAL;TRAMO RECTO;PLANA ;ASFALTADA;NULL;NULL;NULL;NULL;IMPRUDENCIA DEL CONDUCTOR;OTRO (IMPRUDENCIA DEL CONDUCTOR);Calle El Portillo;2/10/2023;-76.867139
A-2023-10-3;30:00.0;DESPISTE;3;2;1;HUANCAVELICA;HUAYTARA;HUAYTARA;RURAL;CARRETERA;NACIONAL;PE-28A;-13.591039;DESPEJADO;RURAL;CURVA;PLANA ;ASFALTADA;SI;PREVENTIVA (P);REGULADORA (R);SI;EN PROCESO DE INVESTIGACIÓN;NO CUENTA CON CAUSA ESPECIFICA;Vía de los Libertadores;2/10/2023;-75.29508
A-2023-10-61;30:00.0;CHOQUE;1;14;2;CUSCO;URUBAMBA;OLLANTAYTAMBO;RURAL;CARRETERA;NACIONAL;PE-28B;-13.260442;DESPEJADO;RURAL;TRAMO RECTO;PLANA ;ASFALTADA;NO;NULL;NULL;SI;IMPRUDENCIA DEL CONDUCTOR;INVASIÓN DE CARRIL;PE-28B;2/10/2023;-72.246289
A-2023-10-34;15:00.0;CHOQUE;1;0;2;LA LIBERTAD;TRUJILLO;TRUJILLO;URBANA;CARRETERA;NACIONAL;PE-10A;-8.118218;DESPEJADO;COMERCIAL;TRAMO RECTO;PLANA ;ASFALTADA;NULL;NULL;NULL;NULL;IMPRUDENCIA DEL CONDUCTOR;OTRO (IMPRUDENCIA DEL CONDUCTOR);Carretera Industrial;2/10/2023;-79.003657
A-2023-10-96;00:00.0;DESPISTE;1;0;NULL;LIMA;LIMA;INDEPENDENCIA;URBANA;AVENIDA;URBANO;NO CORRESPONDE;-11.993224;DESPEJADO;COMERCIAL;TRAMO RECTO;PLANA ;ASFALTADA;NULL;NULL;NULL;NULL;EN PROCESO DE INVESTIGACIÓN;NO CUENTA CON CAUSA ESPECIFICA;Avenida Túpac Amaru;2/10/2023;-77.056841
A-2023-10-66;00:00.0;CHOQUE;1;0;NULL;PIURA;PIURA;CATACAOS;RURAL;CARRETERA;PROVINCIAL;PI-1020;-5.247609;DESPEJADO;RURAL;TRAMO RECTO;PLANA ;AFIRMADO;NULL;NULL;NULL;NULL;EN PROCESO DE INVESTIGACIÓN;NO CUENTA CON CAUSA ESPECIFICA;PI-1020;2/10/2023;-80.678845
A-2023-10-70;20:00.0;VOLCADURA;1;0;1;AMAZONAS;RODRIGUEZ DE MENDOZA;LONGAR;RURAL;CARRETERA;PROVINCIAL;AM-682;-6.388276;SOLEADO;RURAL;TRAMO RECTO;PLANA ;ASFALTADA;NO;NULL;NULL;SI;EN PROCESO DE INVESTIGACIÓN;NO CUENTA CON CAUSA ESPECIFICA;Longar;3/10/2023;-77.529105
A-2023-10-12;00:00.0;DESPISTE;1;2;1;SAN MARTIN;RIOJA;SAN FERNANDO;RURAL;CARRETERA;PROVINCIAL;SM-532;-5.876039;DESPEJADO;RURAL;CURVA;INCLINADA;AFIRMADO;NULL;NULL;NULL;NULL;IMPRUDENCIA DEL CONDUCTOR;OTRO (IMPRUDENCIA DEL CONDUCTOR);Nuevo Oriente;3/10/2023;-77.277891
A-2023-10-180;48:00.0;ATROPELLO FUGA;1;0;NULL;LIMA;LIMA;ATE;URBANA;AVENIDA;URBANO;NO CORRESPONDE;-12.026901;DESPEJADO;RESIDENCIAL;TRAMO RECTO;PLANA ;ASFALTADA;NULL;NULL;NULL;NULL;IMPRUDENCIA DEL CONDUCTOR;OTRO (IMPRUDENCIA DEL CONDUCTOR);Calle Las Calandrias;4/10/2023;-76.950119
A-2023-10-97;48:00.0;ATROPELLO FUGA;1;0;NULL;LIMA;LIMA;ATE;URBANA;AVENIDA;URBANO;NO CORRESPONDE;-12.026819;DESPEJADO;RESIDENCIAL;TRAMO RECTO;PLANA ;ASFALTADA;NULL;NULL;NULL;NULL;EN PROCESO DE INVESTIGACIÓN;NO CUENTA CON CAUSA ESPECIFICA;Calle Las Calandrias;4/10/2023;-76.949776
A-2023-10-36;40:00.0;CHOQUE;1;0;2;LA LIBERTAD;TRUJILLO;LAREDO;RURAL;CARRETERA;NACIONAL;PE-10A;-8.043993;DESPEJADO;RURAL;TRAMO RECTO;PLANA ;ASFALTADA;NULL;NULL;NULL;NULL;IMPRUDENCIA DEL CONDUCTOR;OTRO (IMPRUDENCIA DEL CONDUCTOR);Carretera Industrial;5/10/2023;-78.846576
A-2023-10-179;30:00.0;ATROPELLO;1;0;NULL;LIMA;LIMA;CARABAYLLO;URBANA;AVENIDA;URBANO;NO CORRESPONDE;-11.831418;DESPEJADO;COMERCIAL;TRAMO RECTO;PLANA ;ASFALTADA;NULL;NULL;NULL;NULL;EN PROCESO DE INVESTIGACIÓN;NO CUENTA CON CAUSA ESPECIFICA;Avenida Huarangal;5/10/2023;-77.068651
A-2023-10-92;00:00.0;DESPISTE;1;0;1;AYACUCHO;SUCRE;QUEROBAMBA;RURAL;CARRETERA;NACIONAL;PE-32A;-14.06539;DESPEJADO;RURAL;SINUOSA;INCLINADA;AFIRMADO;NULL;NULL;NULL;NULL;IMPRUDENCIA DEL CONDUCTOR;OTRO (IMPRUDENCIA DEL CONDUCTOR);PE-32A;5/10/2023;-73.833349
A-2023-10-49;50:00.0;CHOQUE;1;0;1;PUNO;AZANGARO;SAN JOSE;RURAL;CARRETERA;SIN CLASIFICAR;SIN CLASIFICAR;-14.757732;DESPEJADO;RURAL;CURVA;PLANA ;TROCHA;NULL;NULL;NULL;NULL;IMPRUDENCIA DEL CONDUCTOR;EXCESO DE VELOCIDAD;PU-617;5/10/2023;-70.145919
A-2023-10-98;20:00.0;ATROPELLO;1;0;NULL;LIMA;LIMA;COMAS;URBANA;AVENIDA;URBANO;NO CORRESPONDE;-11.922112;DESPEJADO;RESIDENCIAL;TRAMO RECTO;PLANA ;ASFALTADA;NULL;NULL;NULL;NULL;EN PROCESO DE INVESTIGACIÓN;NO CUENTA CON CAUSA ESPECIFICA;Avenida Túpac Amaru;6/10/2023;-77.042188
A-2023-10-162;40:00.0;CHOQUE;1;4;2;CAJAMARCA;CUTERVO;SANTO DOMINGO DE LA CAPILLA;RURAL;CARRETERA;NACIONAL;PE-3N;-6.284175;DESPEJADO;RURAL;CURVA;INCLINADA;ASFALTADA;SI;PREVENTIVA (P);NULL;SI;NEGLIGENCIA DEL CONDUCTOR;CONDUCIR CON FALLAS DE FRENOS;Carretera Longitudinal de la Sierra Norte;6/10/2023;-78.836139
A-2023-10-67;50:00.0;CHOQUE;1;1;NULL;PIURA;PIURA;PIURA;RURAL;CARRETERA;NACIONAL;PE-1N;-5.102839;DESPEJADO;RURAL;TRAMO RECTO;PLANA ;ASFALTADA;NULL;NULL;NULL;NULL;EN PROCESO DE INVESTIGACIÓN;NO CUENTA CON CAUSA ESPECIFICA;Carretera Panamericana Norte;6/10/2023;-80.704
A-2023-10-171;20:00.0;CHOQUE;1;1;2;CAJAMARCA;JAEN;BELLAVISTA;RURAL;CARRETERA;NACIONAL;PE-5N;-5.598953;DESPEJADO;RESIDENCIAL;TRAMO RECTO;PLANA ;ASFALTADA;SI;INFORMATIVA (I);NULL;SI;IMPRUDENCIA DEL CONDUCTOR;OTRO (IMPRUDENCIA DEL CONDUCTOR);PE-5N;6/10/2023;-78.781142
A-2023-10-4;00:00.0;ATROPELLO;1;0;NULL;AREQUIPA;CAYLLOMA;MAJES;URBANA;CARRETERA;DEPARTAMENTAL;AR-108;-16.363837;DESPEJADO;RESIDENCIAL;OTRO;PLANA ;TROCHA;NULL;NULL;NULL;NULL;EN PROCESO DE INVESTIGACIÓN;NO CUENTA CON CAUSA ESPECIFICA;Avenida Los Colonizadores;6/10/2023;-72.160551
A-2023-10-156;50:00.0;CAÍDA DE PASAJERO;1;0;1;CAJAMARCA;CAJAMARCA;CAJAMARCA;URBANA;AVENIDA;URBANO;NO CORRESPONDE;-7.167376;DESPEJADO;COMERCIAL;TRAMO RECTO;PLANA ;CONCRETO;NULL;NULL;NULL;NULL;IMPRUDENCIA DEL CONDUCTOR;OTRO (IMPRUDENCIA DEL CONDUCTOR);Jirón Alfonso Ugarte;7/10/2023;-78.510961
A-2023-10-37;40:00.0;ATROPELLO;1;0;1;LA LIBERTAD;VIRU;CHAO;RURAL;CARRETERA;NACIONAL;PE-1N;-8.548686;DESPEJADO;RURAL;TRAMO RECTO;PLANA ;ASFALTADA;NULL;NULL;NULL;NULL;IMPRUDENCIA DEL PEATÓN;CRUCE INDEBIDO POR LA CALZADA;Panamericana Norte;7/10/2023;-78.67475
A-2023-10-140;00:00.0;CHOQUE;1;0;NULL;CALLAO;CALLAO;BELLAVISTA;URBANA;AVENIDA;URBANO;NO CORRESPONDE;-12.065724;DESPEJADO;COMERCIAL;TRAMO RECTO;PLANA ;CONCRETO;NO;NULL;NULL;SI;IMPRUDENCIA DEL CONDUCTOR;CONDUCIR EN ESTADO DE EBRIEDAD Y/O DROGADICCIÓN;Jirón Colina;7/10/2023;-77.121431
A-2023-10-9;00:00.0;ATROPELLO;1;0;1;CALLAO;CALLAO;VENTANILLA;URBANA;AVENIDA;URBANO;NO CORRESPONDE;-11.877218;DESPEJADO;COMERCIAL;TRAMO RECTO;INCLINADA;ASFALTADA;NULL;NULL;NULL;NULL;IMPRUDENCIA DEL CONDUCTOR;OTRO (IMPRUDENCIA DEL CONDUCTOR);Calle Villanueva;7/10/2023;-77.1166
A-2023-10-76;50:00.0;CHOQUE;1;1;2;AMAZONAS;UTCUBAMBA;BAGUA GRANDE;RURAL;CARRETERA;NACIONAL;PE-5N;-5.758099;DESPEJADO;RURAL;TRAMO RECTO;PLANA ;ASFALTADA;NO;NULL;NULL;SI;EN PROCESO DE INVESTIGACIÓN;NO CUENTA CON CAUSA ESPECIFICA;Avenida Chachapoyas;7/10/2023;-78.43166
A-2023-10-13;00:00.0;ATROPELLO;1;0;1;SAN MARTIN;LAMAS;ALONSO DE ALVARADO;URBANA;CARRETERA;NACIONAL;PE-5N;-6.30653;DESPEJADO;RURAL;TRAMO RECTO;INCLINADA;ASFALTADA;NULL;NULL;NULL;NULL;IMPRUDENCIA DEL CONDUCTOR;OTRO (IMPRUDENCIA DEL CONDUCTOR);Carretera Presidente Fernando Belaúnde Terry;7/10/2023;-76.725493
A-2023-10-163;00:00.0;CHOQUE CON OBJETO FIJO;1;0;1;CAJAMARCA;JAEN;POMAHUACA;RURAL;CARRETERA;NACIONAL;PE-3N;-5.94432;DESPEJADO;RURAL;TRAMO RECTO;PLANA ;ASFALTADA;SI;PREVENTIVA (P);NULL;SI;IMPRUDENCIA DEL CONDUCTOR;OTRO (IMPRUDENCIA DEL CONDUCTOR);Carretera Presidente Fernando Belaúnde Terry;8/10/2023;-79.256122
A-2023-10-17;32:00.0;CHOQUE;1;3;2;PUNO;PUNO;PUNO;URBANA;CARRETERA;PROVINCIAL;PU-943;-15.826657;DESPEJADO;COMERCIAL;TRAMO RECTO;PLANA ;ASFALTADA;SI;INFORMATIVA (I);NULL;NO;IMPRUDENCIA DEL CONDUCTOR;INVASIÓN DE CARRIL;Avenida Floral;8/10/2023;-70.013769
A-2023-10-136;30:00.0;ATROPELLO;1;1;1;TACNA;TACNA;LA YARADA LOS PALOS;RURAL;CARRETERA;PROVINCIAL;TA-642;-18.16467;DESPEJADO;RURAL;INTERSECCIÓN;PLANA ;ASFALTADA;NULL;NULL;NULL;NULL;IMPRUDENCIA DEL PEATÓN;CRUCE INDEBIDO POR LA CALZADA;La Yarada-Los Palos;8/10/2023;-70.437437
A-2023-10-51;00:00.0;DESPISTE;1;0;1;CUSCO;URUBAMBA;OLLANTAYTAMBO;RURAL;CARRETERA;NACIONAL;PE-28B;-13.201512;DESPEJADO;RURAL;CURVA;INCLINADA;ASFALTADA;SI;PREVENTIVA (P);NULL;SI;IMPRUDENCIA DEL CONDUCTOR;CONDUCIR EN ESTADO DE EBRIEDAD Y/O DROGADICCIÓN;PE-28B;8/10/2023;-72.297085
A-2023-10-151;00:00.0;ATROPELLO FUGA;1;0;NULL;PUNO;SAN ROMAN;JULIACA;RURAL;CARRETERA;NACIONAL;PE-34A;-15.520011;DESPEJADO;RURAL;TRAMO RECTO;PLANA ;ASFALTADA;NULL;NULL;NULL;NULL;EN PROCESO DE INVESTIGACIÓN;NO CUENTA CON CAUSA ESPECIFICA;Héroes de La Guerra del Pacífico;8/10/2023;-70.178132
A-2023-10-19;50:00.0;CHOQUE;1;7;2;ICA;PISCO;PISCO;URBANA;AVENIDA;URBANO;NO CORRESPONDE;-13.717245;DESPEJADO;COMERCIAL;INTERSECCIÓN;PLANA ;ASFALTADA;SI;REGULADORA (R);NULL;SI;EN PROCESO DE INVESTIGACIÓN;NO CUENTA CON CAUSA ESPECIFICA;Avenida Las Américas;8/10/2023;-76.204005
A-2023-10-26;05:00.0;ATROPELLO FUGA;1;0;NULL;CUSCO;CANCHIS;COMBAPATA;RURAL;CARRETERA;NACIONAL;PE-3S;-14.106998;DESPEJADO;RURAL;TRAMO RECTO;PLANA ;ASFALTADA;SI;PREVENTIVA (P);NULL;NO;IMPRUDENCIA DEL PEATÓN;ESTADO DE EBRIEDAD Y/O DROGADICCIÓN;Carretera Longitudinal de la Sierra Sur;8/10/2023;-71.42111