CÓDIGO SINIESTRO;HORA SINIESTRO;CLASE SINIESTRO;CANTIDAD DE FALLECIDOS;CANTIDAD DE LESIONADOS;CANTIDAD DE VEHICULOS DAÑADOS;DEPARTAMENTO;PROVINCIA;DISTRITO;ZONA;TIPO DE VÍA;RED VIAL;COD CARRETERA;COORDENADAS LATITUD;CONDICIÓN CLIMÁTICA;ZONIFICACIÓN;CARACTERÍSTICAS DE VÍA;PERFIL LONGITUDINAL VÍA;SUPERFICIE DE CALZADA;¿EXISTE SEÑAL VERTICAL?;CLASIFICACIÓN DE LA SEÑAL VERTICAL Nº 1;CLASIFICACIÓN DE LA SEÑAL VERTICAL Nº 2;¿EXISTE SEÑAL HORIZONTAL?;CAUSA FACTOR PRINCIPAL;CAUSA ESPECÍFICA;UBICACION;FECHA SINIESTRO;COORDENADAS LONGITUD
A-2023-10-59;30:00.0;ATROPELLO;1;0;1;CUSCO;CANCHIS;COMBAPATA;RURAL;CARRETERA;NACIONAL;PE-3S;-14.107019;DESPEJADO;RURAL;TRAMO RECTO;PLANA ;ASFALTADA;SI;PREVENTIVA (P);NULL;SI;IMPRUDENCIA DEL PEATÓN;OTRO (IMPRUDENCIA DEL PEATÓN);Carretera Longitudinal de la Sierra Sur;9/10/2023;-71.421132
A-2023-10-6;30:00.0;DESPISTE;1;0;1;TUMBES;CONTRALMIRANTE VILLAR;CASITAS;RURAL;CARRETERA;PROVINCIAL;TU-548;-3.971666;DESPEJADO;RURAL;TRAMO RECTO;PLANA ;TROCHA;NULL;NULL;NULL;NULL;IMPRUDENCIA DEL CONDUCTOR;OTRO (IMPRUDENCIA DEL CONDUCTOR);TU-548;9/10/2023;-80.653934
A-2023-10-87;30:00.0;DESPISTE;3;0;NULL;JUNIN;YAULI;LA OROYA;RURAL;CARRETERA;NACIONAL;PE-3S;-11.54494;LLUVIOSO;RURAL;CURVA;PLANA ;ASFALTADA;SI;PREVENTIVA (P);NULL;SI;IMPRUDENCIA DEL CONDUCTOR;OTRO (IMPRUDENCIA DEL CONDUCTOR);Carretera Longitudinal de la Sierra Sur;9/10/2023;-75.881442
A-2023-10-153;40:00.0;CHOQUE;1;4;2;CAJAMARCA;JAEN;JAEN;URBANA;CARRETERA;NACIONAL;PE-5N;-5.67153;DESPEJADO;INDUSTRIAL;TRAMO RECTO;INCLINADA;ASFALTADA;SI;REGULADORA (R);NULL;SI;IMPRUDENCIA DEL CONDUCTOR;OTRO (IMPRUDENCIA DEL CONDUCTOR);PE-5N;9/10/2023;-78.773026
A-2023-10-77;00:00.0;DESPISTE;1;0;1;AMAZONAS;UTCUBAMBA;BAGUA GRANDE;URBANA;CARRETERA;NACIONAL;PE-5N;-5.714103;DESPEJADO;RURAL;CURVA;INCLINADA;ASFALTADA;NO;NULL;NULL;SI;EN PROCESO DE INVESTIGACIÓN;NO CUENTA CON CAUSA ESPECIFICA;Carretera Presidente Fernando Belaúnde Terry;9/10/2023;-78.553582
A-2023-10-100;10:00.0;ATROPELLO;1;0;NULL;LIMA;LIMA;LA VICTORIA;URBANA;AVENIDA;URBANO;NO CORRESPONDE;-12.062443;DESPEJADO;COMERCIAL;INTERSECCIÓN;PLANA ;ASFALTADA;NULL;NULL;NULL;NULL;EN PROCESO DE INVESTIGACIÓN;NO CUENTA CON CAUSA ESPECIFICA;Avenida Jaime Bausate y Meza;9/10/2023;-77.012803
A-2023-10-7;00:00.0;CHOQUE;1;1;2;TUMBES;ZARUMILLA;PAPAYAL;RURAL;CARRETERA;DEPARTAMENTAL;TU-101;-3.545637;SOLEADO;RURAL;TRAMO RECTO;PLANA ;ASFALTADA;NULL;NULL;NULL;NULL;IMPRUDENCIA DEL CONDUCTOR;INVASIÓN DE CARRIL;TU-101;9/10/2023;-80.227345
A-2023-10-99;35:00.0;ATROPELLO;1;0;NULL;LIMA;LIMA;SANTA ROSA;RURAL;AVENIDA;URBANO;NO CORRESPONDE;-11.796321;DESPEJADO;RURAL;TRAMO RECTO;PLANA ;ASFALTADA;NULL;NULL;NULL;NULL;EN PROCESO DE INVESTIGACIÓN;NO CUENTA CON CAUSA ESPECIFICA;Ubarnización Sana Rosa Norte;9/10/2023;-77.164889
A-2023-10-101;30:00.0;ATROPELLO;1;0;NULL;LIMA;LIMA;SAN JUAN DE LURIGANCHO;URBANA;CARRETERA;NACIONAL;PE-22;-12.020497;DESPEJADO;INDUSTRIAL;TRAMO RECTO;PLANA ;ASFALTADA;NULL;NULL;NULL;NULL;IMPRUDENCIA DEL PEATÓN;OTRO (IMPRUDENCIA DEL PEATÓN);Autopista Ramiro Prialé;9/10/2023;-76.952664
A-2023-10-38;45:00.0;DESPISTE;2;2;1;LA LIBERTAD;TRUJILLO;HUANCHACO;URBANA;AVENIDA;URBANO;NO CORRESPONDE;-8.098851;DESPEJADO;COMERCIAL;CURVA;PLANA ;ASFALTADA;NULL;NULL;NULL;NULL;EN PROCESO DE INVESTIGACIÓN;NO CUENTA CON CAUSA ESPECIFICA;Avenida Chan Chan;10/10/2023;-79.067713
A-2023-10-91;30:00.0;CHOQUE;1;1;2;AYACUCHO;HUAMANGA;SAN JUAN BAUTISTA;RURAL;CARRETERA;NACIONAL;PE-3S;-13.197496;DESPEJADO;RURAL;CURVA;INCLINADA;ASFALTADA;SI;REGULADORA (R);NULL;NO;IMPRUDENCIA DEL CONDUCTOR;GIRAR IMPRUDENTEMENTE;Carretera Longitudinal de la Sierra Sur;10/10/2023;-74.203549
A-2023-10-102;45:00.0;ATROPELLO;1;0;NULL;LIMA;LIMA;MAGDALENA DEL MAR;URBANA;AVENIDA;URBANO;NO CORRESPONDE;-12.091434;DESPEJADO;COMERCIAL;TRAMO RECTO;PLANA ;ASFALTADA;NULL;NULL;NULL;NULL;IMPRUDENCIA DEL PEATÓN;OTRO (IMPRUDENCIA DEL PEATÓN);Avenida Brasil;10/10/2023;-77.067241
A-2023-10-53;30:00.0;ATROPELLO;1;0;NULL;CUSCO;CANCHIS;SAN PEDRO;RURAL;CARRETERA;NACIONAL;PE-3S;-14.182708;DESPEJADO;RURAL;TRAMO RECTO;PLANA ;ASFALTADA;SI;PREVENTIVA (P);NULL;SI;IMPRUDENCIA DEL PEATÓN;ESTADO DE EBRIEDAD Y/O DROGADICCIÓN;Calle 4 de Julio;10/10/2023;-71.367209
A-2023-10-32;30:00.0;DESPISTE;1;0;1;CUSCO;QUISPICANCHI;CAMANTI;RURAL;CARRETERA;NACIONAL;PE-30C;-13.350407;DESPEJADO;RURAL;CURVA;INCLINADA;ASFALTADA;SI;PREVENTIVA (P);NULL;SI;EN PROCESO DE INVESTIGACIÓN;NO CUENTA CON CAUSA ESPECIFICA;Interoceánica Sur;11/10/2023;-70.878125
A-2023-10-39;40:00.0;CHOQUE;1;0;2;LA LIBERTAD;SANCHEZ CARRION;HUAMACHUCO;RURAL;CARRETERA;NACIONAL;PE-3N;-7.846758;DESPEJADO;RURAL;CURVA;PLANA ;ASFALTADA;NULL;NULL;NULL;NULL;IMPRUDENCIA DEL CONDUCTOR;CONDUCIR EN ESTADO DE EBRIEDAD Y/O DROGADICCIÓN;Carretera Longitudinal de la Sierra Norte;11/10/2023;-78.097102
A-2023-10-154;00:00.0;DESPISTE;1;1;1;CAJAMARCA;CHOTA;LLAMA;RURAL;CARRETERA;NACIONAL;PE-06A;-6.538145;DESPEJADO;RURAL;CURVA;INCLINADA;ASFALTADA;SI;PREVENTIVA (P);NULL;SI;IMPRUDENCIA DEL CONDUCTOR;EXCESO DE VELOCIDAD;PE-06A;11/10/2023;-79.20083
A-2023-10-90;10:00.0;ATROPELLO FUGA;1;0;NULL;JUNIN;CONCEPCION;CONCEPCION;RURAL;CARRETERA;NACIONAL;PE-3S;-11.927006;DESPEJADO;RURAL;TRAMO RECTO;INCLINADA;ASFALTADA;NO;NULL;NULL;SI;IMPRUDENCIA DEL CONDUCTOR;OTRO (IMPRUDENCIA DEL CONDUCTOR);Carretera Longitudinal de la Sierra Sur;11/10/2023;-75.315396
A-2023-10-103;00:00.0;ATROPELLO;1;0;NULL;LIMA;LIMA;SANTA ANITA;URBANA;AVENIDA;URBANO;NO CORRESPONDE;-12.035806;DESPEJADO;COMERCIAL;INTERSECCIÓN;PLANA ;ASFALTADA;NULL;NULL;NULL;NULL;EN PROCESO DE INVESTIGACIÓN;NO CUENTA CON CAUSA ESPECIFICA;Ciclovía Metropolitana;11/10/2023;-76.949062
A-2023-10-104;45:00.0;CHOQUE;1;0;NULL;LIMA;LIMA;LURIGANCHO;RURAL;AUTOPISTA;URBANO;NO CORRESPONDE;-12.011469;DESPEJADO;RURAL;TRAMO RECTO;PLANA ;ASFALTADA;NULL;NULL;NULL;NULL;EN PROCESO DE INVESTIGACIÓN;NO CUENTA CON CAUSA ESPECIFICA;Lurigancho;12/10/2023;-76.891962
A-2023-10-164;45:00.0;CHOQUE;1;0;2;CAJAMARCA;CAJAMARCA;LOS BAÑOS DEL INCA;URBANA;CARRETERA;PROVINCIAL;CA-1494;-7.167186;DESPEJADO;COMERCIAL;TRAMO RECTO;INCLINADA;CONCRETO;SI;REGULADORA (R);NULL;NO;EN PROCESO DE INVESTIGACIÓN;NO CUENTA CON CAUSA ESPECIFICA;Jirón Yahuarhuaca;12/10/2023;-78.459529
A-2023-10-105;00:00.0;ATROPELLO;1;0;NULL;LIMA;LIMA;SAN MARTIN DE PORRES;URBANA;AVENIDA;URBANO;NO CORRESPONDE;-11.991134;DESPEJADO;COMERCIAL;TRAMO RECTO;PLANA ;ASFALTADA;NULL;NULL;NULL;NULL;EN PROCESO DE INVESTIGACIÓN;NO CUENTA CON CAUSA ESPECIFICA;Avenida Canta Callao;12/10/2023;-77.107395
A-2023-10-106;15:00.0;ATROPELLO FUGA;1;0;NULL;LIMA;LIMA;LURIN;URBANA;CARRETERA;PROVINCIAL;LM-797;-12.264034;DESPEJADO;COMERCIAL;TRAMO RECTO;PLANA ;ASFALTADA;NULL;NULL;NULL;NULL;EN PROCESO DE INVESTIGACIÓN;NO CUENTA CON CAUSA ESPECIFICA;Antigua Panamericana Sur;12/10/2023;-76.881188
A-2023-10-107;55:00.0;ATROPELLO;1;1;NULL;LIMA;LIMA;VILLA MARIA DEL TRIUNFO;URBANA;AVENIDA;URBANO;NO CORRESPONDE;-12.16713;DESPEJADO;COMERCIAL;TRAMO RECTO;PLANA ;ASFALTADA;NULL;NULL;NULL;NULL;EN PROCESO DE INVESTIGACIÓN;NO CUENTA CON CAUSA ESPECIFICA;Avenida Pachacútec;13/10/2023;-76.951653
A-2023-10-155;30:00.0;CHOQUE FUGA;1;1;1;CAJAMARCA;CHOTA;TACABAMBA;URBANA;AVENIDA;URBANO;NO CORRESPONDE;-6.396261;DESPEJADO;COMERCIAL;TRAMO RECTO;PLANA ;CONCRETO;SI;REGULADORA (R);NULL;NO;IMPRUDENCIA DEL CONDUCTOR;CONDUCIR EN ESTADO DE EBRIEDAD Y/O DROGADICCIÓN;Avenida Aviación;13/10/2023;-78.612985
A-2023-10-172;30:00.0;ATROPELLO;1;1;1;CAJAMARCA;JAEN;JAEN;URBANA;CARRETERA;NACIONAL;PE-5N;-5.722853;DESPEJADO;COMERCIAL;TRAMO RECTO;INCLINADA;ASFALTADA;NULL;NULL;NULL;NULL;IMPRUDENCIA DEL PEATÓN;CRUCE INDEBIDO POR LA CALZADA;Mesones Muro;13/10/2023;-78.799423
A-2023-10-15;15:00.0;CHOQUE;1;2;2;SAN MARTIN;MOYOBAMBA;MOYOBAMBA;RURAL;CARRETERA;NACIONAL;PE-5N;-6.045746;DESPEJADO;RURAL;TRAMO RECTO;INCLINADA;ASFALTADA;SI;PREVENTIVA (P);PREVENTIVA (P);SI;IMPRUDENCIA DEL CONDUCTOR;OTRO (IMPRUDENCIA DEL CONDUCTOR);Moyobamba;13/10/2023;-77.002821
A-2023-10-145;30:00.0;ATROPELLO;1;0;1;PUNO;SAN ROMAN;SAN MIGUEL;RURAL;CARRETERA;NACIONAL;PE-3S;-15.403204;DESPEJADO;RURAL;TRAMO RECTO;PLANA ;ASFALTADA;NULL;NULL;NULL;NULL;IMPRUDENCIA DEL PEATÓN;CRUCE INDEBIDO POR LA CALZADA;Carretera Longitudinal de la Sierra Sur;13/10/2023;-70.15234
A-2023-10-55;00:00.0;CHOQUE;2;1;2;CUSCO;ESPINAR;CONDOROMA;RURAL;CARRETERA;NACIONAL;PE-34J;-15.405496;DESPEJADO;RURAL;CURVA;PLANA ;ASFALTADA;NO;NULL;NULL;SI;IMPRUDENCIA DEL CONDUCTOR;INVASIÓN DE CARRIL;Carretera Oscollo - Condoroma;14/10/2023;-71.07848
A-2023-10-11;20:00.0;ATROPELLO;1;0;NULL;CALLAO;CALLAO;CALLAO;URBANA;CARRETERA;NACIONAL;PE-20;-11.950778;DESPEJADO;COMERCIAL;TRAMO RECTO;PLANA ;ASFALTADA;NO;NULL;NULL;SI;IMPRUDENCIA DEL PEATÓN;CRUCE INDEBIDO POR LA CALZADA;Avenida Coronel Néstor Gambetta;14/10/2023;-77.131543
A-2023-10-150;30:00.0;ATROPELLO FUGA;1;0;0;PUNO;AZANGARO;AZANGARO;RURAL;CARRETERA;NACIONAL;PE-34B;-14.901984;DESPEJADO;RURAL;TRAMO RECTO;PLANA ;CONCRETO;NULL;NULL;NULL;NULL;EN PROCESO DE INVESTIGACIÓN;NO CUENTA CON CAUSA ESPECIFICA;Carretera Interoceánica Puno - Madre de Dios;14/10/2023;-70.200915
A-2023-10-74;00:00.0;ATROPELLO;1;0;NULL;PIURA;PIURA;CASTILLA;RURAL;CARRETERA;DEPARTAMENTAL;PI-126;-5.142478;DESPEJADO;RURAL;TRAMO RECTO;PLANA ;ASFALTADA;NULL;NULL;NULL;NULL;EN PROCESO DE INVESTIGACIÓN;NO CUENTA CON CAUSA ESPECIFICA;Carretera Tambo Grande - Piura;14/10/2023;-80.608012
A-2023-10-21;00:00.0;ATROPELLO;1;0;NULL;ICA;NASCA;EL INGENIO;URBANA;CARRETERA;DEPARTAMENTAL;IC-113;-14.660909;DESPEJADO;RURAL;TRAMO RECTO;PLANA ;ASFALTADA;SI;REGULADORA (R);PREVENTIVA (P);SI;EN PROCESO DE INVESTIGACIÓN;NO CUENTA CON CAUSA ESPECIFICA;Carretera El Ingenio;14/10/2023;-75.115472
A-2023-10-14;40:00.0;DESPISTE;1;0;NULL;AREQUIPA;AREQUIPA;YURA;RURAL;CARRETERA;PROVINCIAL;AR-706;-16.231648;DESPEJADO;RURAL;CURVA;PLANA ;TROCHA;NULL;NULL;NULL;NULL;EN PROCESO DE INVESTIGACIÓN;NO CUENTA CON CAUSA ESPECIFICA;AR-539;14/10/2023;-71.819151
A-2023-10-22;00:00.0;DESPISTE;1;0;1;ICA;ICA;LOS AQUIJES;RURAL;CARRETERA;PROVINCIAL;IC-653;-14.093817;DESPEJADO;RURAL;TRAMO RECTO;PLANA ;ASFALTADA;NULL;NULL;NULL;NULL;EN PROCESO DE INVESTIGACIÓN;NO CUENTA CON CAUSA ESPECIFICA;El Arenal;14/10/2023;-75.685182
A-2023-10-18;05:00.0;ATROPELLO;1;0;NULL;PUNO;PUNO;PUNO;RURAL;CARRETERA;DEPARTAMENTAL;PU-122;-15.81854;DESPEJADO;RURAL;TRAMO RECTO;PLANA ;ASFALTADA;NULL;NULL;NULL;NULL;IMPRUDENCIA DEL PEATÓN;CRUCE INDEBIDO POR LA CALZADA;Avenida Tiquillaca;14/10/2023;-70.038923
A-2023-10-27;30:00.0;ATROPELLO;1;0;1;CUSCO;QUISPICANCHI;OCONGATE;RURAL;CARRETERA;NACIONAL;PE-30C;-13.647913;DESPEJADO;RURAL;CURVA;PLANA ;ASFALTADA;SI;PREVENTIVA (P);NULL;SI;EN PROCESO DE INVESTIGACIÓN;NO CUENTA CON CAUSA ESPECIFICA;Interoceánica Sur;14/10/2023;-71.291826
A-2023-10-29;50:00.0;CHOQUE;1;0;NULL;AREQUIPA;CAYLLOMA;SAN ANTONIO DE CHUCA;RURAL;CARRETERA;NACIONAL;PE-34A;-15.927939;DESPEJADO;RURAL;TRAMO RECTO;PLANA ;ASFALTADA;SI;REGULADORA (R);NULL;NO;EN PROCESO DE INVESTIGACIÓN;NO CUENTA CON CAUSA ESPECIFICA;Vía Interoceánica Sur - Tramo 5;14/10/2023;-71.191227
A-2023-10-40;00:00.0;CHOQUE;1;0;2;LA LIBERTAD;VIRU;VIRU;RURAL;CARRETERA;NACIONAL;PE-1N;-8.409816;DESPEJADO;RURAL;TRAMO RECTO;PLANA ;ASFALTADA;NULL;NULL;NULL;NULL;EN PROCESO DE INVESTIGACIÓN;NO CUENTA CON CAUSA ESPECIFICA;Carretera Panamericana Norte;15/10/2023;-78.809919
A-2023-10-165;00:00.0;VOLCADURA;1;1;1;CAJAMARCA;CAJAMARCA;CAJAMARCA;URBANA;CARRETERA;NACIONAL;PE-3N;-7.145209;DESPEJADO;INDUSTRIAL;CURVA;PLANA ;CONCRETO;NULL;NULL;NULL;NULL;IMPRUDENCIA DEL CONDUCTOR;CONDUCIR EN ESTADO DE EBRIEDAD Y/O DROGADICCIÓN;Avenida Vía de Evitamiento Norte;15/10/2023;-78.509326
A-2023-10-108;50:00.0;ATROPELLO;1;1;NULL;LIMA;LIMA;VILLA MARIA DEL TRIUNFO;URBANA;AVENIDA;URBANO;NO CORRESPONDE;-12.227607;DESPEJADO;INDUSTRIAL;TRAMO RECTO;PLANA ;ASFALTADA;NULL;NULL;NULL;NULL;IMPRUDENCIA DEL CONDUCTOR;OTRO (IMPRUDENCIA DEL CONDUCTOR);Avenida Lima;15/10/2023;-76.909093
A-2023-10-109;00:00.0;ATROPELLO;1;0;NULL;LIMA;LIMA;LINCE;URBANA;AVENIDA;URBANO;NO CORRESPONDE;-12.087763;DESPEJADO;RESIDENCIAL;INTERSECCIÓN;PLANA ;ASFALTADA;NULL;NULL;NULL;NULL;IMPRUDENCIA DEL CONDUCTOR;OTRO (IMPRUDENCIA DEL CONDUCTOR);Avenida Ignacio Merino;15/10/2023;-77.031986
A-2023-10-146;38:00.0;DESPISTE;1;0;1;PUNO;AZANGARO;SAN ANTON;RURAL;CARRETERA;NACIONAL;PE-34B;-14.415117;DESPEJADO;RURAL;TRAMO RECTO;PLANA ;ASFALTADA;NULL;NULL;NULL;NULL;IMPRUDENCIA DEL CONDUCTOR;EXCESO DE VELOCIDAD;Carretera Interoceánica Puno - Madre de Dios;15/10/2023;-70.268221
A-2023-10-138;30:00.0;ATROPELLO;1;0;0;TACNA;TACNA;CORONEL GREGORIO ALBARRACIN LANCHIPA;URBANA;CARRETERA;PROVINCIAL;TA-632;-18.034512;DESPEJADO;RESIDENCIAL;INTERSECCIÓN;PLANA ;ASFALTADA;NULL;NULL;NULL;NULL;IMPRUDENCIA DEL PEATÓN;OTRO (IMPRUDENCIA DEL PEATÓN);Avenida Alexander von Humboldt;15/10/2023;-70.244819
A-2023-10-35;00:00.0;DESPISTE;1;31;1;CUSCO;QUISPICANCHI;CUSIPATA;RURAL;CARRETERA;PROVINCIAL;CU-1467;-13.877322;SOLEADO;RURAL;TRAMO RECTO;INCLINADA;TROCHA;NULL;NULL;NULL;NULL;IMPRUDENCIA DEL CONDUCTOR;OTRO (IMPRUDENCIA DEL CONDUCTOR);CU-1467;15/10/2023;-71.452612
A-2023-10-166;30:00.0;ATROPELLO;1;0;1;CAJAMARCA;CAJAMARCA;LLACANORA;RURAL;CARRETERA;PROVINCIAL;CA-1459;-7.217339;DESPEJADO;RURAL;TRAMO RECTO;PLANA ;ASFALTADA;NO;NULL;NULL;SI;IMPRUDENCIA DEL CONDUCTOR;FATIGA Y/O CANSANCIO;Carretera Jesús;15/10/2023;-78.432768
A-2023-10-152;30:00.0;ATROPELLO;1;0;1;PUNO;SAN ANTONIO DE PUTINA;ANANEA;URBANA;CALLE;URBANO;NO CORRESPONDE;-14.631376;LLUVIOSO;COMERCIAL;INTERSECCIÓN;PLANA ;TROCHA;NULL;NULL;NULL;NULL;IMPRUDENCIA DEL CONDUCTOR;VEHÍCULO MAL ESTACIONADO;La Rinconada;15/10/2023;-69.445774
A-2023-10-71;45:00.0;CHOQUE;1;1;2;LIMA;HUAURA;SAYAN;RURAL;CARRETERA;NACIONAL;PE-18;-11.134274;DESPEJADO;RURAL;TRAMO RECTO;PLANA ;ASFALTADA;SI;PREVENTIVA (P);NULL;NO;IMPRUDENCIA DEL CONDUCTOR;OTRO (IMPRUDENCIA DEL CONDUCTOR);Carretera Huaura - Ambo;15/10/2023;-77.198307
A-2023-10-8;50:00.0;CHOQUE;1;0;NULL;AREQUIPA;ISLAY;MOLLENDO;RURAL;CARRETERA;NACIONAL;PE-34;-16.730864;SOLEADO;RURAL;TRAMO RECTO;PLANA ;ASFALTADA;NO;NULL;NULL;NO;EN PROCESO DE INVESTIGACIÓN;NO CUENTA CON CAUSA ESPECIFICA;Carretera Interoceánica Sur;15/10/2023;-71.947974
A-2023-10-112;05:00.0;CHOQUE;1;0;NULL;LIMA;LIMA;SANTIAGO DE SURCO;URBANA;AVENIDA;URBANO;NO CORRESPONDE;-12.098597;DESPEJADO;RESIDENCIAL;TRAMO RECTO;PLANA ;ASFALTADA;NULL;NULL;NULL;NULL;IMPRUDENCIA DEL CONDUCTOR;OTRO (IMPRUDENCIA DEL CONDUCTOR);Intercambio Vial El Derby;15/10/2023;-76.977765
A-2023-10-111;45:00.0;DESPISTE;1;0;NULL;LIMA;LIMA;CHACLACAYO;URBANA;AVENIDA;URBANO;NO CORRESPONDE;-11.979874;DESPEJADO;RESIDENCIAL;TRAMO RECTO;PLANA ;ASFALTADA;NULL;NULL;NULL;NULL;EN PROCESO DE INVESTIGACIÓN;NO CUENTA CON CAUSA ESPECIFICA;Calle Los Cedros;15/10/2023;-76.774688
A-2023-10-69;00:00.0;ATROPELLO;1;0;NULL;PIURA;HUANCABAMBA;HUANCABAMBA;RURAL;CARRETERA;NACIONAL;PE-02A;-5.279396;DESPEJADO;RURAL;CURVA;INCLINADA;TROCHA;NULL;NULL;NULL;NULL;EN PROCESO DE INVESTIGACIÓN;NO CUENTA CON CAUSA ESPECIFICA;Carretera a Huancabamba;16/10/2023;-79.47701
A-2023-10-113;20:00.0;ATROPELLO;1;0;NULL;LIMA;LIMA;ANCON;RURAL;CARRETERA;NACIONAL;PE-1N;-11.771752;DESPEJADO;RURAL;TRAMO RECTO;PLANA ;ASFALTADA;NULL;NULL;NULL;NULL;EN PROCESO DE INVESTIGACIÓN;NO CUENTA CON CAUSA ESPECIFICA;Carretera Panamericana Norte;16/10/2023;-77.159192
A-2023-10-114;00:00.0;ATROPELLO;1;0;NULL;LIMA;LIMA;VILLA EL SALVADOR;URBANA;CALLE;URBANO;NO CORRESPONDE;-12.194571;DESPEJADO;RESIDENCIAL;TRAMO RECTO;PLANA ;AFIRMADO;NULL;NULL;NULL;NULL;IMPRUDENCIA DEL CONDUCTOR;OTRO (IMPRUDENCIA DEL CONDUCTOR);Calle 10;16/10/2023;-76.961047
A-2023-10-20;30:00.0;CHOQUE FUGA;1;0;NULL;PUNO;EL COLLAO;ILAVE;RURAL;CARRETERA;NACIONAL;PE-38A;-16.127999;DESPEJADO;RURAL;TRAMO RECTO;PLANA ;ASFALTADA;NULL;NULL;NULL;NULL;IMPRUDENCIA DEL CONDUCTOR;EXCESO DE VELOCIDAD;Carretera Mazocruz - Ilave;16/10/2023;-69.641889
A-2023-10-157;30:00.0;DESPISTE;1;0;1;CAJAMARCA;CHOTA;TACABAMBA;RURAL;CARRETERA;PROVINCIAL;CA-915;-6.422162;DESPEJADO;COMERCIAL;CURVA;INCLINADA;ASFALTADA;SI;PREVENTIVA (P);NULL;SI;IMPRUDENCIA DEL CONDUCTOR;EXCESO DE VELOCIDAD;CA-915;17/10/2023;-78.632533
A-2023-10-80;30:00.0;DESPISTE;1;5;1;LIMA;HUAURA;HUACHO;RURAL;CARRETERA;NACIONAL;PE-1N;-11.33571;DESPEJADO;RURAL;TRAMO RECTO;PLANA ;ASFALTADA;NULL;NULL;NULL;NULL;IMPRUDENCIA DEL CONDUCTOR;FATIGA Y/O CANSANCIO;Carretera Panamericana Norte;17/10/2023;-77.46727
A-2023-10-159;30:00.0;DESPISTE;1;0;1;CAJAMARCA;CHOTA;CHOROPAMPA;RURAL;CARRETERA;SIN CLASIFICAR;SIN CLASIFICAR;-6.381552;DESPEJADO;RURAL;CURVA;INCLINADA;AFIRMADO;NULL;NULL;NULL;NULL;IMPRUDENCIA DEL CONDUCTOR;OTRO (IMPRUDENCIA DEL CONDUCTOR);CA-107;17/10/2023;-78.404302
A-2023-10-79;40:00.0;DESPISTE;1;3;1;LIMA;OYON;OYON;RURAL;CARRETERA;PROVINCIAL;LM-599;-10.508071;NIEBLA;RURAL;CURVA;INCLINADA;AFIRMADO;NULL;NULL;NULL;NULL;IMPRUDENCIA DEL CONDUCTOR;OTRO (IMPRUDENCIA DEL CONDUCTOR);LM-599;17/10/2023;-76.745886
A-2023-10-41;50:00.0;ATROPELLO;1;0;1;LA LIBERTAD;ASCOPE;CASA GRANDE;RURAL;CARRETERA;PROVINCIAL;LI-621;-7.658556;DESPEJADO;RURAL;TRAMO RECTO;PLANA ;TROCHA;NULL;NULL;NULL;NULL;IMPRUDENCIA DEL CONDUCTOR;OTRO (IMPRUDENCIA DEL CONDUCTOR);LI-621;17/10/2023;-79.243271
A-2023-10-88;15:00.0;ATROPELLO;1;0;NULL;JUNIN;HUANCAYO;SAN AGUSTIN;URBANA;CARRETERA;NACIONAL;PE-3S;-12.017494;DESPEJADO;COMERCIAL;TRAMO RECTO;PLANA ;ASFALTADA;NO;NULL;NULL;SI;IMPRUDENCIA DEL PEATÓN;CRUCE INDEBIDO POR LA CALZADA;Carretera Longitudinal de la Sierra Sur;17/10/2023;-75.242797
A-2023-10-170;30:00.0;ATROPELLO;1;0;1;CAJAMARCA;SAN MIGUEL;UNION AGUA BLANCA;RURAL;CARRETERA;PROVINCIAL;CA-1219;-7.043479;LLUVIOSO;RESIDENCIAL;TRAMO RECTO;PLANA ;AFIRMADO;NULL;NULL;NULL;NULL;IMPRUDENCIA DEL CONDUCTOR;NO DAR PASO PREFERENTE AL PEATÓN;CA-1219;17/10/2023;-79.058026
A-2023-10-81;20:00.0;DESPISTE;2;7;1;LIMA;HUAURA;HUAURA;RURAL;CARRETERA;NACIONAL;PE-1NE;-11.101414;DESPEJADO;RURAL;TRAMO RECTO;PLANA ;ASFALTADA;NULL;NULL;NULL;NULL;IMPRUDENCIA DEL CONDUCTOR;FATIGA Y/O CANSANCIO;Carretera Huaura - Ambo;17/10/2023;-77.401149
A-2023-10-16;10:00.0;CHOQUE;1;1;2;ICA;CHINCHA;GROCIO PRADO;RURAL;CARRETERA;NACIONAL;PE-1S;-13.33906;DESPEJADO;RURAL;TRAMO RECTO;PLANA ;ASFALTADA;NULL;NULL;NULL;NULL;EN PROCESO DE INVESTIGACIÓN;NO CUENTA CON CAUSA ESPECIFICA;Carretera Panamericana Sur;18/10/2023;-76.231729
A-2023-10-23;40:00.0;ESPECIAL;1;0;1;ICA;ICA;SUBTANJALLA;RURAL;CALLE;URBANO;NO CORRESPONDE;-14.019324;DESPEJADO;RURAL;TRAMO RECTO;INCLINADA;TROCHA;NULL;NULL;NULL;NULL;IMPRUDENCIA DEL PEATÓN;OTRO (IMPRUDENCIA DEL PEATÓN);Subtanjalla;18/10/2023;-75.750356
A-2023-10-115;40:00.0;DESPISTE;1;8;NULL;LIMA;LIMA;SAN JUAN DE LURIGANCHO;URBANA;AVENIDA;URBANO;NO CORRESPONDE;-11.972142;DESPEJADO;COMERCIAL;INTERSECCIÓN;PLANA ;ASFALTADA;NULL;NULL;NULL;NULL;IMPRUDENCIA DEL CONDUCTOR;OTRO (IMPRUDENCIA DEL CONDUCTOR);Avenida San Martín de Porres;18/10/2023;-76.996599