CÓDIGO SINIESTRO;HORA SINIESTRO;CLASE SINIESTRO;CANTIDAD DE FALLECIDOS;CANTIDAD DE LESIONADOS;CANTIDAD DE VEHICULOS DAÑADOS;DEPARTAMENTO;PROVINCIA;DISTRITO;ZONA;TIPO DE VÍA;RED VIAL;COD CARRETERA;COORDENADAS LATITUD;CONDICIÓN CLIMÁTICA;ZONIFICACIÓN;CARACTERÍSTICAS DE VÍA;PERFIL LONGITUDINAL VÍA;SUPERFICIE DE CALZADA;¿EXISTE SEÑAL VERTICAL?;CLASIFICACIÓN DE LA SEÑAL VERTICAL Nº 1;CLASIFICACIÓN DE LA SEÑAL VERTICAL Nº 2;¿EXISTE SEÑAL HORIZONTAL?;CAUSA FACTOR PRINCIPAL;CAUSA ESPECÍFICA;UBICACION;FECHA SINIESTRO;COORDENADAS LONGITUD
A-2023-10-148;50:00.0;DESPISTE;1;0;1;PUNO;MELGAR;ANTAUTA;RURAL;CARRETERA;SIN CLASIFICAR;SIN CLASIFICAR;-14.260264;NUBLADO;RURAL;TRAMO RECTO;PLANA ;ASFALTADA;NULL;NULL;NULL;NULL;IMPRUDENCIA DEL CONDUCTOR;EXCESO DE VELOCIDAD;Antauta;18/10/2023;-70.418061
A-2023-10-42;00:00.0;CHOQUE;1;0;2;LA LIBERTAD;PACASMAYO;GUADALUPE;RURAL;CARRETERA;NACIONAL;PE-1N;-7.323775;DESPEJADO;RURAL;TRAMO RECTO;PLANA ;ASFALTADA;NULL;NULL;NULL;NULL;EN PROCESO DE INVESTIGACIÓN;NO CUENTA CON CAUSA ESPECIFICA;Carretera Panamericana Norte;18/10/2023;-79.481039
A-2023-10-43;15:00.0;DESPISTE;1;2;1;LA LIBERTAD;SANTIAGO DE CHUCO;QUIRUVILCA;RURAL;CARRETERA;PROVINCIAL;LI-810;-7.99728;DESPEJADO;RURAL;TRAMO RECTO;PLANA ;TROCHA;NULL;NULL;NULL;NULL;EN PROCESO DE INVESTIGACIÓN;NO CUENTA CON CAUSA ESPECIFICA;LI-810;18/10/2023;-78.317644
A-2023-10-116;40:00.0;ATROPELLO FUGA;1;0;NULL;LIMA;LIMA;LA MOLINA;URBANA;CARRETERA;NACIONAL;PE-1S;-12.074148;DESPEJADO;RESIDENCIAL;TRAMO RECTO;PLANA ;ASFALTADA;NULL;NULL;NULL;NULL;EN PROCESO DE INVESTIGACIÓN;NO CUENTA CON CAUSA ESPECIFICA;Vía de Evitamiento;18/10/2023;-76.974351
A-2023-10-139;15:00.0;CHOQUE;1;0;NULL;CALLAO;CALLAO;CALLAO;URBANA;AVENIDA;URBANO;NO CORRESPONDE;-11.982337;DESPEJADO;INDUSTRIAL;TRAMO RECTO;PLANA ;TROCHA;NULL;NULL;NULL;NULL;IMPRUDENCIA DEL CONDUCTOR;OTRO (IMPRUDENCIA DEL CONDUCTOR);Alameda Central;18/10/2023;-77.117745
A-2023-10-133;50:00.0;DESPISTE;2;12;1;AYACUCHO;VILCAS HUAMAN;VISCHONGO;RURAL;CARRETERA;SIN CLASIFICAR;SIN CLASIFICAR;-13.569775;DESPEJADO;RURAL;SINUOSA;INCLINADA;AFIRMADO;NULL;NULL;NULL;NULL;INFRAESTRUCTURA Y ENTORNO VIAL;SUPERFICIE DETERIORADA;Vischongo;19/10/2023;-74.007645
A-2023-10-117;00:00.0;DESPISTE;1;0;NULL;LIMA;LIMA;INDEPENDENCIA;URBANA;CARRETERA;NACIONAL;PE-1N;-11.993519;DESPEJADO;COMERCIAL;TRAMO RECTO;PLANA ;ASFALTADA;NULL;NULL;NULL;NULL;EN PROCESO DE INVESTIGACIÓN;NO CUENTA CON CAUSA ESPECIFICA;Carretera Panamericana Norte;19/10/2023;-77.063545
A-2023-10-158;50:00.0;DESPISTE;1;2;1;CAJAMARCA;CAJAMARCA;CAJAMARCA;URBANA;CARRETERA;NACIONAL;PE-3N;-7.103537;DESPEJADO;INDUSTRIAL;CURVA;INCLINADA;ASFALTADA;SI;PREVENTIVA (P);NULL;SI;IMPRUDENCIA DEL CONDUCTOR;EXCESO DE VELOCIDAD;Carretera Longitudinal de la Sierra Norte;19/10/2023;-78.549797
A-2023-10-68;00:00.0;CHOQUE;1;1;NULL;PIURA;MORROPON;LA MATANZA;RURAL;CARRETERA;NACIONAL;PE-1NJ;-5.41045;DESPEJADO;RURAL;TRAMO RECTO;PLANA ;ASFALTADA;NULL;NULL;NULL;NULL;EN PROCESO DE INVESTIGACIÓN;NO CUENTA CON CAUSA ESPECIFICA;Carretera Interoceánica Norte;19/10/2023;-80.03939
A-2023-10-44;30:00.0;ATROPELLO;1;0;1;LA LIBERTAD;ASCOPE;CHICAMA;RURAL;CARRETERA;NACIONAL;PE-1N;-7.92058;DESPEJADO;RURAL;TRAMO RECTO;PLANA ;ASFALTADA;NULL;NULL;NULL;NULL;EN PROCESO DE INVESTIGACIÓN;NO CUENTA CON CAUSA ESPECIFICA;Carretera Panamericana Norte;20/10/2023;-79.11048
A-2023-10-45;00:00.0;CHOQUE;1;0;2;LA LIBERTAD;PACASMAYO;SAN PEDRO DE LLOC;RURAL;CARRETERA;NACIONAL;PE-1N;-7.574162;DESPEJADO;RURAL;TRAMO RECTO;PLANA ;ASFALTADA;NULL;NULL;NULL;NULL;IMPRUDENCIA DEL CONDUCTOR;OTRO (IMPRUDENCIA DEL CONDUCTOR);Carretera Panamericana Norte;20/10/2023;-79.370599
A-2023-10-82;30:00.0;DESPISTE;1;5;1;LIMA;HUAURA;HUACHO;RURAL;CARRETERA;NACIONAL;PE-1N;-11.3287;DESPEJADO;RURAL;TRAMO RECTO;PLANA ;ASFALTADA;NULL;NULL;NULL;NULL;IMPRUDENCIA DEL CONDUCTOR;FATIGA Y/O CANSANCIO;Carretera Panamericana Norte;20/10/2023;-77.4721
A-2023-10-28;32:00.0;CHOQUE;1;0;NULL;AREQUIPA;AREQUIPA;LA JOYA;RURAL;CARRETERA;PROVINCIAL;AR-798;-16.687849;DESPEJADO;RURAL;TRAMO RECTO;PLANA ;ASFALTADA;NULL;NULL;NULL;NULL;EN PROCESO DE INVESTIGACIÓN;NO CUENTA CON CAUSA ESPECIFICA;AR-798;20/10/2023;-71.89144
A-2023-10-168;50:00.0;DESPISTE;1;0;1;CAJAMARCA;SAN MARCOS;ICHOCAN;RURAL;CARRETERA;NACIONAL;PE-3N;-7.37952;DESPEJADO;RURAL;TRAMO RECTO;INCLINADA;ASFALTADA;SI;PREVENTIVA (P);NULL;SI;IMPRUDENCIA DEL CONDUCTOR;CONDUCIR EN ESTADO DE EBRIEDAD Y/O DROGADICCIÓN;Carretera Longitudinal de la Sierra Norte;20/10/2023;-78.125574
A-2023-10-47;00:00.0;ATROPELLO;1;0;1;LA LIBERTAD;PATAZ;CHILLIA;URBANA;JIRÓN;URBANO;NO CORRESPONDE;-8.124813;DESPEJADO;COMERCIAL;TRAMO RECTO;PLANA ;ASFALTADA;NULL;NULL;NULL;NULL;IMPRUDENCIA DEL PEATÓN;OTRO (IMPRUDENCIA DEL PEATÓN);Jirón Comercio;21/10/2023;-77.51463
A-2023-10-50;00:00.0;DESPISTE;1;0;1;CUSCO;QUISPICANCHI;LUCRE;RURAL;CARRETERA;NACIONAL;PE-3S;-13.613521;DESPEJADO;RURAL;CURVA;INCLINADA;ASFALTADA;SI;PREVENTIVA (P);NULL;SI;IMPRUDENCIA DEL CONDUCTOR;FATIGA Y/O CANSANCIO;Carretera Longitudinal de la Sierra Sur;21/10/2023;-71.724059
A-2023-10-118;35:00.0;VOLCADURA;1;0;NULL;LIMA;LIMA;COMAS;URBANA;AVENIDA;URBANO;NO CORRESPONDE;-11.942349;DESPEJADO;COMERCIAL;INTERSECCIÓN;PLANA ;ASFALTADA;NULL;NULL;NULL;NULL;EN PROCESO DE INVESTIGACIÓN;NO CUENTA CON CAUSA ESPECIFICA;Avenida Guillermo de la Fuente;21/10/2023;-77.060345
A-2023-10-24;40:00.0;CHOQUE;1;4;2;ICA;NASCA;NASCA;URBANA;CARRETERA;NACIONAL;PE-1S;-14.968164;DESPEJADO;RESIDENCIAL;TRAMO RECTO;PLANA ;ASFALTADA;NULL;NULL;NULL;NULL;EN PROCESO DE INVESTIGACIÓN;NO CUENTA CON CAUSA ESPECIFICA;Carretera Panamericana Sur;21/10/2023;-74.985823
A-2023-10-141;05:00.0;ATROPELLO FUGA;1;0;0;PUNO;SAN ROMAN;CARACOTO;RURAL;CARRETERA;NACIONAL;PE-3S;-15.552111;DESPEJADO;RURAL;TRAMO RECTO;PLANA ;ASFALTADA;NULL;NULL;NULL;NULL;IMPRUDENCIA DEL CONDUCTOR;OTRO (IMPRUDENCIA DEL CONDUCTOR);Carretera Longitudinal de la Sierra Sur;21/10/2023;-70.107711
A-2023-10-46;00:00.0;CHOQUE;1;0;2;LA LIBERTAD;TRUJILLO;TRUJILLO;URBANA;AVENIDA;URBANO;NO CORRESPONDE;-8.092607;DESPEJADO;COMERCIAL;INTERSECCIÓN;PLANA ;ASFALTADA;NULL;NULL;NULL;NULL;IMPRUDENCIA DEL CONDUCTOR;CONDUCIR EN ESTADO DE EBRIEDAD Y/O DROGADICCIÓN;Avenida Miraflores;21/10/2023;-79.018043
A-2021-12-12;00:00.0;ATROPELLO FUGA;1;0;1;AREQUIPA;AREQUIPA;LA JOYA;URBANA;CARRETERA;NACIONAL;PE-1S;-16.569711;DESPEJADO;RESIDENCIAL;TRAMO RECTO;PLANA ;ASFALTADA;NULL;NULL;NULL;NULL;EN PROCESO DE INVESTIGACIÓN;NO CUENTA CON CAUSA ESPECIFICA;Carretera Panamericana Sur;10/12/2021;-71.830379
A-2021-12-51;30:00.0;ATROPELLO FUGA;1;2;1;LA LIBERTAD;TRUJILLO;HUANCHACO;RURAL;CARRETERA;NACIONAL;PE-1N;-8.002536;DESPEJADO;RURAL;TRAMO RECTO;PLANA ;ASFALTADA;NULL;NULL;NULL;NULL;IMPRUDENCIA DEL CONDUCTOR;FATIGA Y/O CANSANCIO;Carretera Panamericana Norte;10/12/2021;-79.071728
A-2021-12-155;40:00.0;CAÍDA DE PASAJERO;1;0;0;LIMA;LIMA;VILLA MARIA DEL TRIUNFO;URBANA;AVENIDA;URBANO;NO CORRESPONDE;-12.166162;SOLEADO;ESCOLAR;TRAMO RECTO;PLANA ;ASFALTADA;NULL;NULL;NULL;NULL;EN PROCESO DE INVESTIGACIÓN;NO CUENTA CON CAUSA ESPECIFICA;Avenida Pachacútec;10/12/2021;-76.952253
A-2021-12-204;20:00.0;ATROPELLO FUGA;1;0;NULL;LIMA;BARRANCA;SUPE;RURAL;CARRETERA;NACIONAL;PE-1N;-10.858268;DESPEJADO;RURAL;TRAMO RECTO;PLANA ;ASFALTADA;NULL;NULL;NULL;NULL;EN PROCESO DE INVESTIGACIÓN;NO CUENTA CON CAUSA ESPECIFICA;Carretera Panamericana Norte;10/12/2021;-77.690318
A-2021-12-29;00:00.0;DESPISTE;1;1;1;PIURA;AYABACA;AYABACA;RURAL;CARRETERA;NACIONAL;PE-1NT;-4.654004;LLUVIOSO;RURAL;CURVA;INCLINADA;AFIRMADO;NULL;NULL;NULL;NULL;EN PROCESO DE INVESTIGACIÓN;NO CUENTA CON CAUSA ESPECIFICA;PE-1NT;10/12/2021;-79.737305
A-2021-12-53;00:00.0;CHOQUE;1;0;2;LA LIBERTAD;SANCHEZ CARRION;SARIN;RURAL;CARRETERA;PROVINCIAL;LI-907;-7.911865;DESPEJADO;RURAL;TRAMO RECTO;PLANA ;AFIRMADO;NULL;NULL;NULL;NULL;IMPRUDENCIA DEL CONDUCTOR;INVASIÓN DE CARRIL;LI-907;11/12/2021;-77.903236
A-2021-12-156;50:00.0;ATROPELLO;1;0;0;LIMA;LIMA;LOS OLIVOS;URBANA;AVENIDA;URBANO;NO CORRESPONDE;-12.006545;SOLEADO;RESIDENCIAL;INTERSECCIÓN;PLANA ;ASFALTADA;NULL;NULL;NULL;NULL;EN PROCESO DE INVESTIGACIÓN;NO CUENTA CON CAUSA ESPECIFICA;Avenida Universitaria;11/12/2021;-77.082327
A-2021-12-24;30:00.0;CHOQUE;1;2;1;PIURA;SULLANA;QUERECOTILLO;RURAL;CARRETERA;NACIONAL;PE-1NN;-4.836913;DESPEJADO;RURAL;TRAMO RECTO;PLANA ;ASFALTADA;NULL;NULL;NULL;NULL;EN PROCESO DE INVESTIGACIÓN;NO CUENTA CON CAUSA ESPECIFICA;Carretera Sullana - El Alamor;11/12/2021;-80.650147
A-2021-12-157;30:00.0;CHOQUE;1;7;2;LIMA;LIMA;VILLA EL SALVADOR;URBANA;CARRETERA;NACIONAL;PE-1S;-12.195149;DESPEJADO;RESIDENCIAL;TRAMO RECTO;PLANA ;ASFALTADA;NULL;NULL;NULL;NULL;EN PROCESO DE INVESTIGACIÓN;NO CUENTA CON CAUSA ESPECIFICA;Carretera Panamericana Sur;11/12/2021;-76.9728
A-2021-12-147;10:00.0;CAÍDA DE PASAJERO;1;0;0;PUNO;SAN ROMAN;JULIACA;URBANA;CARRETERA;NACIONAL;PE-3S;-15.466688;DESPEJADO;COMERCIAL;INTERSECCIÓN;PLANA ;ASFALTADA;NULL;NULL;NULL;NULL;IMPRUDENCIA DEL CONDUCTOR;EXCESO DE VELOCIDAD;Avenida Independencia;12/12/2021;-70.138269
A-2021-12-30;00:00.0;DESPISTE;1;0;1;AREQUIPA;AREQUIPA;AREQUIPA;URBANA;CALLE;URBANO;NO CORRESPONDE;-16.396781;DESPEJADO;RESIDENCIAL;TRAMO RECTO;INCLINADA;ADOQUINADO;NULL;NULL;NULL;NULL;EN PROCESO DE INVESTIGACIÓN;NO CUENTA CON CAUSA ESPECIFICA;Calle Beaterio;12/12/2021;-71.542637
A-2021-12-289;00:00.0;DESPISTE;1;0;1;AREQUIPA;CONDESUYOS;CHUQUIBAMBA;RURAL;CARRETERA;DEPARTAMENTAL;AR-105;-15.836533;DESPEJADO;RURAL;SINUOSA;INCLINADA;ASFALTADA;NULL;NULL;NULL;NULL;EN PROCESO DE INVESTIGACIÓN;NO CUENTA CON CAUSA ESPECIFICA;AR-105;12/12/2021;-72.658141
A-2021-12-50;25:00.0;DESPISTE;1;0;1;HUANCAVELICA;ACOBAMBA;ROSARIO;RURAL;CARRETERA;SIN CLASIFICAR;SIN CLASIFICAR;-12.762491;DESPEJADO;RURAL;CURVA;PLANA ;AFIRMADO;SI;PREVENTIVA (P);NULL;NO;EN PROCESO DE INVESTIGACIÓN;NO CUENTA CON CAUSA ESPECIFICA;Villa Mantaro;12/12/2021;-74.565688
A-2021-12-14;40:00.0;DESPISTE;1;0;NULL;CALLAO;CALLAO;CALLAO;URBANA;CARRETERA;NACIONAL;PE-20B;-12.041565;DESPEJADO;RURAL;TRAMO RECTO;PLANA ;ASFALTADA;NULL;NULL;NULL;NULL;EN PROCESO DE INVESTIGACIÓN;NO CUENTA CON CAUSA ESPECIFICA;Avenida Morales Duarez;12/12/2021;-77.104408
A-2021-12-91;00:00.0;ATROPELLO;1;0;1;LIMA;HUAURA;HUACHO;RURAL;CARRETERA;NACIONAL;PE-1N;-11.306502;SOLEADO;RURAL;TRAMO RECTO;PLANA ;ASFALTADA;NULL;NULL;NULL;NULL;IMPRUDENCIA DEL PEATÓN;CRUCE INDEBIDO POR LA CALZADA;Carretera Panamericana Norte;12/12/2021;-77.488171
A-2021-12-295;25:00.0;DESPISTE;1;0;NULL;LIMA;LIMA;LOS OLIVOS;URBANA;AVENIDA;URBANO;NO CORRESPONDE;-11.970591;NULL;NULL;NULL;NULL;NULL;NULL;NULL;NULL;NULL;EN PROCESO DE INVESTIGACIÓN;NO CUENTA CON CAUSA ESPECIFICA;Avenida Las Palmeras;12/12/2021;-77.072484
A-2021-12-57;50:00.0;DESPISTE;1;0;1;LA LIBERTAD;TRUJILLO;SALAVERRY;URBANA;AVENIDA;URBANO;NO CORRESPONDE;-8.218302;DESPEJADO;INDUSTRIAL;INTERSECCIÓN;PLANA ;ASFALTADA;NULL;NULL;NULL;NULL;EN PROCESO DE INVESTIGACIÓN;NO CUENTA CON CAUSA ESPECIFICA;Calle La Marina;12/12/2021;-78.978789
A-2021-12-286;00:00.0;DESPISTE;4;0;1;AREQUIPA;CONDESUYOS;YANAQUIHUA;RURAL;CARRETERA;PROVINCIAL;AR-535;-15.780591;DESPEJADO;RURAL;CURVA;INCLINADA;TROCHA;NULL;NULL;NULL;NULL;EN PROCESO DE INVESTIGACIÓN;NO CUENTA CON CAUSA ESPECIFICA;AR-535;12/12/2021;-72.883595
A-2021-12-58;00:00.0;DESPISTE;2;0;1;LA LIBERTAD;OTUZCO;SALPO;RURAL;CARRETERA;NACIONAL;PE-10A;-8.018895;DESPEJADO;RURAL;CURVA;INCLINADA;ASFALTADA;NULL;NULL;NULL;NULL;EN PROCESO DE INVESTIGACIÓN;NO CUENTA CON CAUSA ESPECIFICA;Carretera Trujillo - Huamachuco;12/12/2021;-78.715078
A-2021-12-127;00:00.0;DESPISTE;1;0;1;PIURA;PIURA;PIURA;RURAL;CARRETERA;NACIONAL;PE-1N;-5.118731;DESPEJADO;COMERCIAL;TRAMO RECTO;PLANA ;ASFALTADA;NULL;NULL;NULL;NULL;EN PROCESO DE INVESTIGACIÓN;NO CUENTA CON CAUSA ESPECIFICA;Carretera Panamericana Norte;12/12/2021;-80.701881
A-2021-12-81;00:00.0;CHOQUE;4;16;3;PUNO;HUANCANE;PUSI;RURAL;CARRETERA;NACIONAL;PE-34H;-15.40756;DESPEJADO;RURAL;TRAMO RECTO;PLANA ;ASFALTADA;NULL;NULL;NULL;NULL;IMPRUDENCIA DEL CONDUCTOR;OTRO (IMPRUDENCIA DEL CONDUCTOR);PE-34H;12/12/2021;-70.065912
A-2021-12-139;00:00.0;DESPISTE;2;0;1;AYACUCHO;CANGALLO;PARAS;RURAL;CARRETERA;NACIONAL;PE-28A;-13.333705;LLUVIOSO;RURAL;CURVA;INCLINADA;ASFALTADA;SI;PREVENTIVA (P);PREVENTIVA (P);NO;INFRAESTRUCTURA Y ENTORNO VIAL;FACTOR AMBIENTAL;Vía de los Libertadores;13/12/2021;-74.597611
A-2021-12-68;55:00.0;CHOQUE;1;0;2;LA LIBERTAD;VIRU;VIRU;RURAL;CARRETERA;NACIONAL;PE-1N;-8.423767;DESPEJADO;RURAL;TRAMO RECTO;PLANA ;ASFALTADA;NULL;NULL;NULL;NULL;IMPRUDENCIA DEL CONDUCTOR;ADELANTAR INDEBIDAMENTE;Carretera Panamericana Norte;13/12/2021;-78.782237
A-2021-12-148;30:00.0;CHOQUE;1;1;2;PUNO;AZANGARO;SAMAN;RURAL;CARRETERA;SIN CLASIFICAR;SIN CLASIFICAR;-15.354543;DESPEJADO;RURAL;TRAMO RECTO;PLANA ;ASFALTADA;NULL;NULL;NULL;NULL;IMPRUDENCIA DEL CONDUCTOR;OTRO (IMPRUDENCIA DEL CONDUCTOR);Samán;13/12/2021;-70.024978
A-2021-12-205;50:00.0;ATROPELLO;1;0;1;LIMA;BARRANCA;SUPE;RURAL;CARRETERA;NACIONAL;PE-1N;-10.78701;DESPEJADO;RURAL;TRAMO RECTO;PLANA ;ASFALTADA;NULL;NULL;NULL;NULL;EN PROCESO DE INVESTIGACIÓN;NO CUENTA CON CAUSA ESPECIFICA;Panamericana Norte;13/12/2021;-77.712874
A-2021-12-158;30:00.0;CHOQUE;1;0;2;LIMA;LIMA;CIENEGUILLA;URBANA;CALLE;URBANO;NO CORRESPONDE;-12.073099;DESPEJADO;RURAL;TRAMO RECTO;INCLINADA;TROCHA;NULL;NULL;NULL;NULL;EN PROCESO DE INVESTIGACIÓN;NO CUENTA CON CAUSA ESPECIFICA;Cieneguilla;13/12/2021;-76.874782
A-2021-12-159;50:00.0;CHOQUE;1;0;2;LIMA;LIMA;LOS OLIVOS;URBANA;CARRETERA;NACIONAL;PE-20F;-11.954954;DESPEJADO;RESIDENCIAL;INTERSECCIÓN;PLANA ;ASFALTADA;NULL;NULL;NULL;NULL;EN PROCESO DE INVESTIGACIÓN;NO CUENTA CON CAUSA ESPECIFICA;Avenida Canta Callao;14/12/2021;-77.084784
A-2021-12-35;30:00.0;DESPISTE;1;1;1;TUMBES;TUMBES;SAN JACINTO;URBANA;CALLE;URBANO;NO CORRESPONDE;-3.657076;DESPEJADO;RURAL;TRAMO RECTO;PLANA ;ASFALTADA;NULL;NULL;NULL;NULL;IMPRUDENCIA DEL CONDUCTOR;EXCESO DE VELOCIDAD;TU-105;14/12/2021;-80.447715
A-2021-12-138;00:00.0;DESPISTE;1;0;1;AYACUCHO;HUAMANGA;OCROS;RURAL;CARRETERA;PROVINCIAL;AY-942;-13.427003;DESPEJADO;RURAL;CURVA;INCLINADA;AFIRMADO;NULL;NULL;NULL;NULL;IMPRUDENCIA DEL CONDUCTOR;FATIGA Y/O CANSANCIO;Carretera Longitudinal de la Sierra Sur;14/12/2021;-73.899203
A-2021-12-282;00:00.0;ATROPELLO;1;0;1;AREQUIPA;CASTILLA;APLAO;RURAL;CARRETERA;DEPARTAMENTAL;AR-105;-16.055995;DESPEJADO;RURAL;CURVA;INCLINADA;ASFALTADA;NULL;NULL;NULL;NULL;EN PROCESO DE INVESTIGACIÓN;NO CUENTA CON CAUSA ESPECIFICA;AR-105;14/12/2021;-72.487219
A-2021-12-162;30:00.0;DESPISTE;1;0;1;PUNO;SANDIA;CUYOCUYO;RURAL;CARRETERA;NACIONAL;PE-34H;-14.441577;SOLEADO;RURAL;TRAMO RECTO;PLANA ;ASFALTADA;NULL;NULL;NULL;NULL;IMPRUDENCIA DEL CONDUCTOR;OTRO (IMPRUDENCIA DEL CONDUCTOR);PE-34H;15/12/2021;-69.530085
A-2021-12-37;14:00.0;CHOQUE FUGA;1;3;2;AREQUIPA;ISLAY;ISLAY;RURAL;CARRETERA;NACIONAL;PE-34;-16.921667;NUBLADO;RURAL;CURVA;INCLINADA;ASFALTADA;SI;PREVENTIVA (P);PREVENTIVA (P);NO;EN PROCESO DE INVESTIGACIÓN;NO CUENTA CON CAUSA ESPECIFICA;Carretera Interoceánica Sur;15/12/2021;-72.053889
A-2021-12-27;00:00.0;CHOQUE;1;0;1;CALLAO;CALLAO;CALLAO;URBANA;AVENIDA;URBANO;NO CORRESPONDE;-12.017058;DESPEJADO;RESIDENCIAL;TRAMO RECTO;PLANA ;ASFALTADA;SI;REGULADORA (R);REGULADORA (R);SI;IMPRUDENCIA DEL CONDUCTOR;OTRO (IMPRUDENCIA DEL CONDUCTOR);Avenida Los Dominicos;15/12/2021;-77.092894
A-2021-12-206;40:00.0;VOLCADURA;1;0;1;LIMA;LIMA;CIENEGUILLA;URBANA;AVENIDA;URBANO;NO CORRESPONDE;-12.10018;DESPEJADO;RESIDENCIAL;TRAMO RECTO;PLANA ;ASFALTADA;NULL;NULL;NULL;NULL;EN PROCESO DE INVESTIGACIÓN;NO CUENTA CON CAUSA ESPECIFICA;Avenida Nueva Toledo;15/12/2021;-76.79166
A-2021-12-33;50:00.0;ATROPELLO FUGA;1;0;1;ICA;NASCA;NASCA;RURAL;CARRETERA;NACIONAL;PE-1S;-14.819407;DESPEJADO;RURAL;TRAMO RECTO;PLANA ;ASFALTADA;NULL;NULL;NULL;NULL;EN PROCESO DE INVESTIGACIÓN;NO CUENTA CON CAUSA ESPECIFICA;Carretera Panamericana Sur;15/12/2021;-74.972138
A-2021-12-55;40:00.0;CHOQUE;1;0;2;AREQUIPA;AREQUIPA;CERRO COLORADO;URBANA;CARRETERA;NACIONAL;PE-34A;-16.362821;DESPEJADO;COMERCIAL;TRAMO RECTO;PLANA ;ASFALTADA;NO;NULL;NULL;SI;EN PROCESO DE INVESTIGACIÓN;NO CUENTA CON CAUSA ESPECIFICA;Vía de Evitamiento;16/12/2021;-71.578105
A-2021-12-276;21:00.0;VOLCADURA;1;0;NULL;APURIMAC;AYMARAES;LUCRE;RURAL;CARRETERA;DEPARTAMENTAL;AP-107;-13.924061;NULL;NULL;NULL;NULL;NULL;NULL;NULL;NULL;NULL;EN PROCESO DE INVESTIGACIÓN;NO CUENTA CON CAUSA ESPECIFICA;AP-107;16/12/2021;-73.233873
A-2021-12-281;40:00.0;DESPISTE;1;0;1;AREQUIPA;CARAVELI;HUANUHUANU;RURAL;CARRETERA;PROVINCIAL;AR-510;-15.659245;DESPEJADO;RURAL;CURVA;INCLINADA;ASFALTADA;NULL;NULL;NULL;NULL;EN PROCESO DE INVESTIGACIÓN;NO CUENTA CON CAUSA ESPECIFICA;AR-510;16/12/2021;-74.095197
A-2021-12-124;30:00.0;CHOQUE;1;0;1;PUNO;AZANGARO;SAMAN;RURAL;CARRETERA;SIN CLASIFICAR;SIN CLASIFICAR;-15.360109;DESPEJADO;RURAL;TRAMO RECTO;PLANA ;TROCHA;NULL;NULL;NULL;NULL;IMPRUDENCIA DEL CONDUCTOR;OTRO (IMPRUDENCIA DEL CONDUCTOR);Samán;16/12/2021;-70.042664
A-2021-12-72;00:00.0;ATROPELLO;1;0;1;LA LIBERTAD;TRUJILLO;LAREDO;RURAL;CARRETERA;NACIONAL;PE-10A;-8.021698;DESPEJADO;RURAL;TRAMO RECTO;PLANA ;ASFALTADA;NULL;NULL;NULL;NULL;IMPRUDENCIA DEL CONDUCTOR;GIRAR IMPRUDENTEMENTE;Carretera Industrial;16/12/2021;-78.838331
A-2021-12-207;00:00.0;ATROPELLO;1;0;NULL;LIMA;LIMA;PACHACAMAC;URBANA;AVENIDA;URBANO;NO CORRESPONDE;-12.108048;DESPEJADO;RESIDENCIAL;TRAMO RECTO;PLANA ;ASFALTADA;NULL;NULL;NULL;NULL;IMPRUDENCIA DEL CONDUCTOR;OTRO (IMPRUDENCIA DEL CONDUCTOR);Avenida Victor Malásquez;16/12/2021;-76.875272
A-2021-12-62;00:00.0;DESPISTE;1;0;1;HUANCAVELICA;HUAYTARA;PILPICHACA;RURAL;CARRETERA;NACIONAL;PE-28A;-13.368032;DESPEJADO;RURAL;CURVA;INCLINADA;ASFALTADA;SI;PREVENTIVA (P);NULL;SI;EN PROCESO DE INVESTIGACIÓN;NO CUENTA CON CAUSA ESPECIFICA;Vía de los Libertadores;17/12/2021;-74.954436
A-2021-12-73;40:00.0;CHOQUE;2;0;2;LA LIBERTAD;SANCHEZ CARRION;HUAMACHUCO;RURAL;CARRETERA;NACIONAL;PE-3N;-7.874474;DESPEJADO;RURAL;TRAMO RECTO;PLANA ;AFIRMADO;NULL;NULL;NULL;NULL;IMPRUDENCIA DEL CONDUCTOR;CONDUCIR EN ESTADO DE EBRIEDAD Y/O DROGADICCIÓN;Carretera Longitudinal de la Sierra Norte;17/12/2021;-78.115444
A-2021-12-129;00:00.0;DESPISTE;1;2;2;PIURA;SECHURA;RINCONADA LLICUAR;URBANA;CARRETERA;PROVINCIAL;PI-1044;-5.470396;DESPEJADO;COMERCIAL;TRAMO RECTO;PLANA ;ASFALTADA;NULL;NULL;NULL;NULL;EN PROCESO DE INVESTIGACIÓN;NO CUENTA CON CAUSA ESPECIFICA;Carretera Rinconada - Llicuar;17/12/2021;-80.767671
A-2021-12-132;00:00.0;ATROPELLO;1;0;1;CUSCO;CUSCO;WANCHAQ;URBANA;AVENIDA;URBANO;NO CORRESPONDE;-13.522538;DESPEJADO;COMERCIAL;TRAMO RECTO;PLANA ;CONCRETO;SI;REGULADORA (R);PREVENTIVA (P);NO;IMPRUDENCIA DEL PEATÓN;ESTADO DE EBRIEDAD Y/O DROGADICCIÓN;Avenida Garcilaso;18/12/2021;-71.971894