CÓDIGO SINIESTRO;HORA SINIESTRO;CLASE SINIESTRO;CANTIDAD DE FALLECIDOS;CANTIDAD DE LESIONADOS;CANTIDAD DE VEHICULOS DAÑADOS;DEPARTAMENTO;PROVINCIA;DISTRITO;ZONA;TIPO DE VÍA;RED VIAL;COD CARRETERA;COORDENADAS LATITUD;CONDICIÓN CLIMÁTICA;ZONIFICACIÓN;CARACTERÍSTICAS DE VÍA;PERFIL LONGITUDINAL VÍA;SUPERFICIE DE CALZADA;¿EXISTE SEÑAL VERTICAL?;CLASIFICACIÓN DE LA SEÑAL VERTICAL Nº 1;CLASIFICACIÓN DE LA SEÑAL VERTICAL Nº 2;¿EXISTE SEÑAL HORIZONTAL?;CAUSA FACTOR PRINCIPAL;CAUSA ESPECÍFICA;UBICACION;FECHA SINIESTRO;COORDENADAS LONGITUD
A-2021-12-208;40:00.0;CHOQUE;1;0;2;LIMA;LIMA;SAN MARTIN DE PORRES;URBANA;AVENIDA;URBANO;NO CORRESPONDE;-11.990701;SOLEADO;RESIDENCIAL;INTERSECCIÓN;PLANA ;ASFALTADA;NULL;NULL;NULL;NULL;EN PROCESO DE INVESTIGACIÓN;NO CUENTA CON CAUSA ESPECIFICA;Avenida Los Dominicos;18/12/2021;-77.106933
A-2021-12-237;45:00.0;CHOQUE;1;0;2;SAN MARTIN;LAMAS;TABALOSOS;RURAL;CARRETERA;NACIONAL;PE-5N;-6.38832;DESPEJADO;RURAL;TRAMO RECTO;PLANA ;ASFALTADA;NO;NULL;NULL;SI;IMPRUDENCIA DEL CONDUCTOR;EXCESO DE VELOCIDAD;Carretera Presidente Fernando Belaúnde Terry;18/12/2021;-76.62916
A-2021-12-56;00:00.0;ATROPELLO;1;0;1;AREQUIPA;AREQUIPA;JACOBO HUNTER;URBANA;CARRETERA;SIN CLASIFICAR;SIN CLASIFICAR;-16.433946;DESPEJADO;INDUSTRIAL;PUENTE;INCLINADA;ASFALTADA;SI;REGULADORA (R);REGULADORA (R);SI;EN PROCESO DE INVESTIGACIÓN;NO CUENTA CON CAUSA ESPECIFICA;Jacobo Hunter;18/12/2021;-71.553471
A-2021-12-209;20:00.0;CHOQUE;1;0;1;LIMA;LIMA;MIRAFLORES;URBANA;AVENIDA;URBANO;NO CORRESPONDE;-12.122384;DESPEJADO;RESIDENCIAL;TRAMO RECTO;PLANA ;ASFALTADA;NULL;NULL;NULL;NULL;EN PROCESO DE INVESTIGACIÓN;NO CUENTA CON CAUSA ESPECIFICA;Avenida Tomás Marsano;18/12/2021;-77.005647
A-2021-12-63;00:00.0;DESPISTE;1;0;1;HUANCAVELICA;ACOBAMBA;ANTA;RURAL;CARRETERA;SIN CLASIFICAR;SIN CLASIFICAR;-12.843717;DESPEJADO;RURAL;CURVA;INCLINADA;CASCAJO/RIPIO;NULL;NULL;NULL;NULL;EN PROCESO DE INVESTIGACIÓN;NO CUENTA CON CAUSA ESPECIFICA;Anta;18/12/2021;-74.617839
A-2021-12-92;00:00.0;CHOQUE;1;1;2;LIMA;HUAURA;HUAURA;RURAL;CARRETERA;NACIONAL;PE-1NE;-11.074677;DESPEJADO;RURAL;TRAMO RECTO;PLANA ;ASFALTADA;SI;REGULADORA (R);REGULADORA (R);NO;IMPRUDENCIA DEL CONDUCTOR;EXCESO DE VELOCIDAD;Carretera Huaura - Ambo;19/12/2021;-77.507719
A-2021-12-210;45:00.0;CHOQUE;1;0;1;LIMA;LIMA;COMAS;URBANA;CARRETERA;NACIONAL;PE-1N;-11.93071;DESPEJADO;RESIDENCIAL;INTERSECCIÓN;PLANA ;ASFALTADA;NULL;NULL;NULL;NULL;EN PROCESO DE INVESTIGACIÓN;NO CUENTA CON CAUSA ESPECIFICA;Avenida Chillón Trapiche;19/12/2021;-77.07231
A-2021-12-225;15:00.0;DESPISTE;1;0;NULL;LORETO;MAYNAS;BELEN;URBANA;AVENIDA;URBANO;NO CORRESPONDE;-3.771061;NULL;NULL;NULL;NULL;NULL;NULL;NULL;NULL;NULL;EN PROCESO DE INVESTIGACIÓN;NO CUENTA CON CAUSA ESPECIFICA;San Juan Bautista;19/12/2021;-73.263796
A-2021-12-212;30:00.0;ATROPELLO;1;0;0;LIMA;LIMA;VILLA EL SALVADOR;URBANA;AVENIDA;URBANO;NO CORRESPONDE;-12.21592;DESPEJADO;RESIDENCIAL;INTERSECCIÓN;PLANA ;ASFALTADA;NULL;NULL;NULL;NULL;EN PROCESO DE INVESTIGACIÓN;NO CUENTA CON CAUSA ESPECIFICA;Avenida Bolívar;19/12/2021;-76.935139
A-2021-12-278;45:00.0;CHOQUE;1;0;2;AREQUIPA;CARAVELI;CHAPARRA;RURAL;CARRETERA;NACIONAL;PE-1S;-15.924556;DESPEJADO;RURAL;TRAMO RECTO;PLANA ;AFIRMADO;NULL;NULL;NULL;NULL;EN PROCESO DE INVESTIGACIÓN;NO CUENTA CON CAUSA ESPECIFICA;Carretera Panamericana Sur;19/12/2021;-74.112938
A-2021-12-121;00:00.0;DESPISTE;1;0;1;CUSCO;URUBAMBA;HUAYLLABAMBA;RURAL;CARRETERA;SIN CLASIFICAR;SIN CLASIFICAR;-13.337706;NUBLADO;RURAL;TRAMO RECTO;PLANA ;AFIRMADO;NULL;NULL;NULL;NULL;IMPRUDENCIA DEL CONDUCTOR;EXCESO DE VELOCIDAD;Huayllabamba;19/12/2021;-72.05723
A-2021-12-52;00:00.0;CHOQUE;1;0;2;ANCASH;YUNGAY;MANCOS;RURAL;CARRETERA;NACIONAL;PE-3N;-9.204923;SOLEADO;RURAL;CURVA;INCLINADA;ASFALTADA;SI;PREVENTIVA (P);PREVENTIVA (P);SI;IMPRUDENCIA DEL CONDUCTOR;INVASIÓN DE CARRIL;Carretera Longitudinal de la Sierra Norte;19/12/2021;-77.695518
A-2021-12-67;00:00.0;DESPISTE;1;0;NULL;LORETO;MAYNAS;IQUITOS;URBANA;CALLE;URBANO;NO CORRESPONDE;-3.735642;NULL;NULL;NULL;NULL;NULL;NULL;NULL;NULL;NULL;EN PROCESO DE INVESTIGACIÓN;NO CUENTA CON CAUSA ESPECIFICA;Calle Ganzo Azul;19/12/2021;-73.242604
A-2021-12-280;00:00.0;CHOQUE;2;0;2;AREQUIPA;CAMANA;QUILCA;RURAL;CARRETERA;NACIONAL;PE-1SD;-16.695169;DESPEJADO;RURAL;TRAMO RECTO;PLANA ;ASFALTADA;NULL;NULL;NULL;NULL;EN PROCESO DE INVESTIGACIÓN;NO CUENTA CON CAUSA ESPECIFICA;Carretera Costanera Sur;19/12/2021;-72.457804
A-2021-12-236;30:00.0;CHOQUE;4;0;2;SAN MARTIN;SAN MARTIN;JUAN GUERRA;RURAL;CARRETERA;NACIONAL;PE-5N;-6.57864;DESPEJADO;RURAL;TRAMO RECTO;PLANA ;ASFALTADA;SI;REGULADORA (R);NULL;SI;IMPRUDENCIA DEL CONDUCTOR;CONDUCIR EN ESTADO DE EBRIEDAD Y/O DROGADICCIÓN;Carretera Presidente Fernando Belaúnde Terry;19/12/2021;-76.32731
A-2021-12-149;30:00.0;CHOQUE FUGA;1;0;2;PUNO;SAN ROMAN;SAN MIGUEL;URBANA;CARRETERA;NACIONAL;PE-34H;-15.468342;NUBLADO;COMERCIAL;INTERSECCIÓN;PLANA ;ASFALTADA;NULL;NULL;NULL;NULL;IMPRUDENCIA DEL CONDUCTOR;GIRAR IMPRUDENTEMENTE;Circunvalación 2;19/12/2021;-70.109546
A-2021-12-105;20:00.0;CHOQUE;1;0;2;LA LIBERTAD;SANCHEZ CARRION;HUAMACHUCO;RURAL;CARRETERA;NACIONAL;PE-3N;-7.823078;DESPEJADO;RURAL;TRAMO RECTO;PLANA ;ASFALTADA;NULL;NULL;NULL;NULL;IMPRUDENCIA DEL CONDUCTOR;CONDUCIR EN ESTADO DE EBRIEDAD Y/O DROGADICCIÓN;Avenida Mariscal de Orbegoso;19/12/2021;-78.055919
A-2021-12-74;35:00.0;DESPISTE;1;0;1;AREQUIPA;AREQUIPA;SOCABAYA;URBANA;AVENIDA;URBANO;NO CORRESPONDE;-16.46019;DESPEJADO;COMERCIAL;TRAMO RECTO;INCLINADA;ASFALTADA;NO;NULL;NULL;SI;EN PROCESO DE INVESTIGACIÓN;NO CUENTA CON CAUSA ESPECIFICA;Avenida Paisajista;19/12/2021;-71.547048
A-2021-12-136;00:00.0;DESPISTE;1;39;1;PIURA;PIURA;TAMBO GRANDE;RURAL;CARRETERA;NACIONAL;PE-1NJ;-5.143218;DESPEJADO;RURAL;TRAMO RECTO;PLANA ;ASFALTADA;NULL;NULL;NULL;NULL;EN PROCESO DE INVESTIGACIÓN;NO CUENTA CON CAUSA ESPECIFICA;Carretera Interoceánica Norte;20/12/2021;-80.370913
A-2021-12-211;35:00.0;ATROPELLO;1;0;0;LIMA;LIMA;PACHACAMAC;URBANA;AVENIDA;URBANO;NO CORRESPONDE;-12.083449;DESPEJADO;RESIDENCIAL;TRAMO RECTO;PLANA ;AFIRMADO;NULL;NULL;NULL;NULL;EN PROCESO DE INVESTIGACIÓN;NO CUENTA CON CAUSA ESPECIFICA;Avenida Las Lomas;20/12/2021;-76.878092
A-2021-12-34;30:00.0;ATROPELLO;1;0;1;CALLAO;CALLAO;MI PERU;URBANA;AVENIDA;URBANO;NO CORRESPONDE;-11.857653;DESPEJADO;RESIDENCIAL;TRAMO RECTO;INCLINADA;ASFALTADA;NULL;NULL;NULL;NULL;NEGLIGENCIA DEL CONDUCTOR;OTRO (NEGLIGENCIA DEL CONDUCTOR);Avenida Víctor Raúl Haya de la Torre;20/12/2021;-77.128358
A-2021-12-213;30:00.0;CHOQUE;1;1;2;LIMA;LIMA;SAN JUAN DE LURIGANCHO;URBANA;AVENIDA;URBANO;NO CORRESPONDE;-12.029521;SOLEADO;RESIDENCIAL;INTERSECCIÓN;PLANA ;ASFALTADA;NULL;NULL;NULL;NULL;EN PROCESO DE INVESTIGACIÓN;NO CUENTA CON CAUSA ESPECIFICA;Avenida Malecon Miguel Checa Eguiguren;20/12/2021;-77.007004
A-2021-12-106;30:00.0;CHOQUE;1;0;2;LA LIBERTAD;VIRU;VIRU;RURAL;CARRETERA;NACIONAL;PE-1N;-8.426802;DESPEJADO;RURAL;TRAMO RECTO;PLANA ;ASFALTADA;NULL;NULL;NULL;NULL;EN PROCESO DE INVESTIGACIÓN;NO CUENTA CON CAUSA ESPECIFICA;Carretera Panamericana Norte;20/12/2021;-78.779754
A-2021-12-71;30:00.0;CHOQUE;1;1;2;CAJAMARCA;CAJABAMBA;CONDEBAMBA;RURAL;CARRETERA;NACIONAL;PE-3N;-7.527567;DESPEJADO;RURAL;TRAMO RECTO;PLANA ;ASFALTADA;SI;PREVENTIVA (P);PREVENTIVA (P);SI;EN PROCESO DE INVESTIGACIÓN;NO CUENTA CON CAUSA ESPECIFICA;Carretera Longitudinal de la Sierra Norte;20/12/2021;-78.148252
A-2021-12-179;40:00.0;DESPISTE;1;1;1;LAMBAYEQUE;CHICLAYO;CHICLAYO;URBANA;AVENIDA;URBANO;NO CORRESPONDE;-6.775979;DESPEJADO;RESIDENCIAL;TRAMO RECTO;PLANA ;ASFALTADA;NULL;NULL;NULL;NULL;EN PROCESO DE INVESTIGACIÓN;NO CUENTA CON CAUSA ESPECIFICA;Pasaje Chino;20/12/2021;-79.836445
A-2021-12-134;30:00.0;DESPISTE;3;0;1;CUSCO;URUBAMBA;OLLANTAYTAMBO;RURAL;CARRETERA;SIN CLASIFICAR;SIN CLASIFICAR;-13.2635;DESPEJADO;RURAL;TRAMO RECTO;PLANA ;ASFALTADA;NULL;NULL;NULL;NULL;IMPRUDENCIA DEL CONDUCTOR;EXCESO DE VELOCIDAD;Compone;21/12/2021;-72.269977
A-2021-12-93;00:00.0;ATROPELLO FUGA;1;0;NULL;LIMA;HUAURA;HUACHO;RURAL;CARRETERA;NACIONAL;PE-1N;-11.412563;DESPEJADO;RURAL;TRAMO RECTO;INCLINADA;ASFALTADA;SI;INFORMATIVA (I);INFORMATIVA (I);NO;EN PROCESO DE INVESTIGACIÓN;NO CUENTA CON CAUSA ESPECIFICA;Carretera Panamericana Norte;21/12/2021;-77.374989
A-2021-12-222;05:00.0;DESPISTE;1;0;1;LAMBAYEQUE;CHICLAYO;PIMENTEL;URBANA;CARRETERA;NACIONAL;PE-1N;-6.738122;DESPEJADO;COMERCIAL;TRAMO RECTO;PLANA ;ASFALTADA;NULL;NULL;NULL;NULL;EN PROCESO DE INVESTIGACIÓN;NO CUENTA CON CAUSA ESPECIFICA;Panamericana Norte;21/12/2021;-79.880227
A-2021-12-94;40:00.0;ATROPELLO;1;1;1;LIMA;HUARAL;CHANCAY;URBANA;CARRETERA;NACIONAL;PE-1N;-11.59451;SOLEADO;RESIDENCIAL;TRAMO RECTO;INCLINADA;ASFALTADA;NULL;NULL;NULL;NULL;IMPRUDENCIA DEL CONDUCTOR;EXCESO DE VELOCIDAD;Carretera Panamericana Norte;21/12/2021;-77.256014
A-2021-12-163;30:00.0;CHOQUE;1;0;2;PUNO;SAN ROMAN;SAN MIGUEL;RURAL;CARRETERA;NACIONAL;PE-3S;-15.369686;DESPEJADO;RURAL;TRAMO RECTO;PLANA ;ASFALTADA;NULL;NULL;NULL;NULL;IMPRUDENCIA DEL CONDUCTOR;CONDUCIR EN SENTIDO CONTRARIO;Carretera Longitudinal de la Sierra Sur;21/12/2021;-70.168259
A-2021-12-235;00:00.0;CHOQUE;1;3;2;SAN MARTIN;SAN MARTIN;LA BANDA DE SHILCAYO;RURAL;CARRETERA;NACIONAL;PE-5NB;-6.50662;DESPEJADO;RURAL;TRAMO RECTO;PLANA ;ASFALTADA;NO;NULL;NULL;SI;IMPRUDENCIA DEL CONDUCTOR;EXCESO DE VELOCIDAD;PE-5NB;21/12/2021;-76.345507
A-2021-12-182;30:00.0;CHOQUE;1;0;2;LAMBAYEQUE;LAMBAYEQUE;LAMBAYEQUE;URBANA;CARRETERA;NACIONAL;PE-1N;-6.705867;DESPEJADO;RESIDENCIAL;INTERSECCIÓN;PLANA ;ASFALTADA;NULL;NULL;NULL;NULL;EN PROCESO DE INVESTIGACIÓN;NO CUENTA CON CAUSA ESPECIFICA;Antonio Monsalve Saca;21/12/2021;-79.902938
A-2021-12-133;30:00.0;ATROPELLO;1;0;1;CUSCO;CANCHIS;SAN PEDRO;RURAL;CARRETERA;NACIONAL;PE-3S;-14.18247;DESPEJADO;RURAL;TRAMO RECTO;PLANA ;ASFALTADA;NULL;NULL;NULL;NULL;IMPRUDENCIA DEL PEATÓN;CRUCE INDEBIDO POR LA CALZADA;Calle 4 de Julio;21/12/2021;-71.367381
A-2021-12-130;41:00.0;DESPISTE;1;1;1;PIURA;PIURA;CASTILLA;RURAL;CARRETERA;NACIONAL;PE-1NJ;-5.161759;DESPEJADO;RURAL;TRAMO RECTO;PLANA ;ASFALTADA;NULL;NULL;NULL;NULL;EN PROCESO DE INVESTIGACIÓN;NO CUENTA CON CAUSA ESPECIFICA;Carretera Interoceánica Norte;21/12/2021;-80.511191
A-2021-12-107;40:00.0;CHOQUE;2;0;2;LA LIBERTAD;TRUJILLO;HUANCHACO;RURAL;CARRETERA;NACIONAL;PE-1N;-8.095328;DESPEJADO;RESIDENCIAL;TRAMO RECTO;PLANA ;ASFALTADA;NULL;NULL;NULL;NULL;IMPRUDENCIA DEL CONDUCTOR;FATIGA Y/O CANSANCIO;Carretera Panamericana Norte;21/12/2021;-79.098546
A-2021-12-223;30:00.0;DESPISTE;1;0;1;LIMA;LIMA;SAN MARTIN DE PORRES;URBANA;CARRETERA;NACIONAL;PE-1N;-12.013349;DESPEJADO;RESIDENCIAL;TRAMO RECTO;PLANA ;ASFALTADA;NULL;NULL;NULL;NULL;EN PROCESO DE INVESTIGACIÓN;NO CUENTA CON CAUSA ESPECIFICA;Carretera Panamericana Norte;22/12/2021;-77.060384
A-2021-12-54;30:00.0;CHOQUE;1;1;2;ANCASH;POMABAMBA;POMABAMBA;RURAL;CARRETERA;NACIONAL;PE-14C;-8.830359;DESPEJADO;RURAL;TRAMO RECTO;PLANA ;TROCHA;NULL;NULL;NULL;NULL;IMPRUDENCIA DEL CONDUCTOR;EXCESO DE VELOCIDAD;Carretera Longitudinal de Conchucos;22/12/2021;-77.441441
A-2021-12-111;00:00.0;DESPISTE;1;0;1;LA LIBERTAD;OTUZCO;USQUIL;RURAL;CARRETERA;DEPARTAMENTAL;LI-111;-7.842541;DESPEJADO;RURAL;TRAMO RECTO;PLANA ;AFIRMADO;NULL;NULL;NULL;NULL;EN PROCESO DE INVESTIGACIÓN;NO CUENTA CON CAUSA ESPECIFICA;LI-114;22/12/2021;-78.347061
A-2021-12-108;15:00.0;CHOQUE;1;0;2;LA LIBERTAD;PACASMAYO;SAN JOSE;RURAL;CARRETERA;NACIONAL;PE-1N;-7.337082;DESPEJADO;RURAL;TRAMO RECTO;PLANA ;ASFALTADA;NULL;NULL;NULL;NULL;IMPRUDENCIA DEL CONDUCTOR;OTRO (IMPRUDENCIA DEL CONDUCTOR);Carretera Panamericana Norte;22/12/2021;-79.495932
A-2021-12-131;20:00.0;CHOQUE;1;0;1;CUSCO;CHUMBIVILCAS;SANTO TOMAS;RURAL;CARRETERA;NACIONAL;PE-3SG;-14.437471;DESPEJADO;RURAL;CURVA;PLANA ;ASFALTADA;SI;PREVENTIVA (P);PREVENTIVA (P);NO;IMPRUDENCIA DEL CONDUCTOR;EXCESO DE VELOCIDAD;PE-3SG;22/12/2021;-72.08432
A-2021-12-109;00:00.0;ATROPELLO;1;0;1;LA LIBERTAD;VIRU;VIRU;RURAL;CARRETERA;PROVINCIAL;LI-1122;-8.422111;DESPEJADO;RURAL;TRAMO RECTO;PLANA ;AFIRMADO;NULL;NULL;NULL;NULL;IMPRUDENCIA DEL CONDUCTOR;OTRO (IMPRUDENCIA DEL CONDUCTOR);Santa Elena;22/12/2021;-78.83214
A-2021-12-123;20:00.0;CHOQUE;1;0;2;PUNO;AZANGARO;ASILLO;RURAL;CARRETERA;NACIONAL;PE-34B;-14.745464;DESPEJADO;RURAL;TRAMO RECTO;PLANA ;ASFALTADA;NULL;NULL;NULL;NULL;IMPRUDENCIA DEL CONDUCTOR;CONDUCIR EN SENTIDO CONTRARIO;Carretera Interoceánica Puno - Madre de Dios;22/12/2021;-70.35438
A-2021-12-110;15:00.0;CHOQUE;1;0;2;LA LIBERTAD;VIRU;VIRU;RURAL;CARRETERA;NACIONAL;PE-1N;-8.430496;DESPEJADO;RURAL;TRAMO RECTO;PLANA ;ASFALTADA;NULL;NULL;NULL;NULL;EN PROCESO DE INVESTIGACIÓN;NO CUENTA CON CAUSA ESPECIFICA;Carretera Panamericana Norte;22/12/2021;-78.776379
A-2021-12-64;20:00.0;CHOQUE;1;4;2;ICA;ICA;SALAS;RURAL;CARRETERA;NACIONAL;PE-1S;-13.905015;DESPEJADO;RURAL;TRAMO RECTO;PLANA ;ASFALTADA;NULL;NULL;NULL;NULL;EN PROCESO DE INVESTIGACIÓN;NO CUENTA CON CAUSA ESPECIFICA;Carretera Panamericana Sur;23/12/2021;-76.050952
A-2021-12-183;30:00.0;ATROPELLO FUGA;1;0;NULL;LAMBAYEQUE;CHICLAYO;JOSE LEONARDO ORTIZ;RURAL;CARRETERA;DEPARTAMENTAL;LA-111;-6.744698;DESPEJADO;RURAL;TRAMO RECTO;PLANA ;ASFALTADA;NULL;NULL;NULL;NULL;EN PROCESO DE INVESTIGACIÓN;NO CUENTA CON CAUSA ESPECIFICA;Carretera Chiclayo - Picsi;23/12/2021;-79.800315
A-2021-12-150;30:00.0;DESPISTE;1;0;1;PUNO;SANDIA;SANDIA;RURAL;CARRETERA;NACIONAL;PE-34H;-14.285874;NUBLADO;RURAL;TRAMO RECTO;PLANA ;ASFALTADA;NULL;NULL;NULL;NULL;IMPRUDENCIA DEL CONDUCTOR;OTRO (IMPRUDENCIA DEL CONDUCTOR);PE-34H;23/12/2021;-69.434125
A-2021-12-224;00:00.0;ATROPELLO;1;0;0;LIMA;LIMA;LURIN;URBANA;AVENIDA;URBANO;NO CORRESPONDE;-12.276894;DESPEJADO;COMERCIAL;TRAMO RECTO;PLANA ;ASFALTADA;NULL;NULL;NULL;NULL;EN PROCESO DE INVESTIGACIÓN;NO CUENTA CON CAUSA ESPECIFICA;Antigua Panamericana Sur;23/12/2021;-76.870023
A-2021-12-221;30:00.0;CHOQUE;1;0;2;LAMBAYEQUE;LAMBAYEQUE;OLMOS;RURAL;CARRETERA;NACIONAL;PE-1NJ;-5.991169;DESPEJADO;RURAL;TRAMO RECTO;PLANA ;ASFALTADA;NULL;NULL;NULL;NULL;EN PROCESO DE INVESTIGACIÓN;NO CUENTA CON CAUSA ESPECIFICA;Carretera Lambayegue - Olmos;23/12/2021;-79.721475
A-2021-12-112;00:00.0;DESPISTE;1;0;1;LA LIBERTAD;TRUJILLO;TRUJILLO;URBANA;AVENIDA;URBANO;NO CORRESPONDE;-8.104461;DESPEJADO;COMERCIAL;TRAMO RECTO;PLANA ;ASFALTADA;NULL;NULL;NULL;NULL;EN PROCESO DE INVESTIGACIÓN;NO CUENTA CON CAUSA ESPECIFICA;Avenida Mansiche;24/12/2021;-79.03628
A-2021-12-241;20:00.0;CHOQUE;1;0;2;LIMA;LIMA;CIENEGUILLA;URBANA;CARRETERA;DEPARTAMENTAL;LM-119;-12.090918;SOLEADO;RURAL;CURVA;INCLINADA;ASFALTADA;NULL;NULL;NULL;NULL;EN PROCESO DE INVESTIGACIÓN;NO CUENTA CON CAUSA ESPECIFICA;Avenida Cieneguilla;24/12/2021;-76.844108
A-2021-12-240;00:00.0;ATROPELLO;1;0;0;LIMA;LIMA;LOS OLIVOS;URBANA;AVENIDA;URBANO;NO CORRESPONDE;-12.006548;SOLEADO;COMERCIAL;INTERSECCIÓN;PLANA ;ASFALTADA;NULL;NULL;NULL;NULL;EN PROCESO DE INVESTIGACIÓN;NO CUENTA CON CAUSA ESPECIFICA;Avenida Angélica Gamarra;24/12/2021;-77.082336
A-2021-12-234;50:00.0;CHOQUE;1;0;2;SAN MARTIN;SAN MARTIN;LA BANDA DE SHILCAYO;RURAL;CARRETERA;NACIONAL;PE-5N;-6.55107;DESPEJADO;RURAL;TRAMO RECTO;PLANA ;ASFALTADA;NO;NULL;NULL;SI;IMPRUDENCIA DEL CONDUCTOR;CONDUCIR EN ESTADO DE EBRIEDAD Y/O DROGADICCIÓN;Carretera Presidente Fernando Belaúnde Terry;24/12/2021;-76.34146
A-2021-12-253;00:00.0;CHOQUE FUGA;1;0;2;CAJAMARCA;JAEN;JAEN;RURAL;CARRETERA;NACIONAL;PE-5N;-5.806592;DESPEJADO;RURAL;TRAMO RECTO;PLANA ;ASFALTADA;NULL;NULL;NULL;NULL;EN PROCESO DE INVESTIGACIÓN;NO CUENTA CON CAUSA ESPECIFICA;Mesones Muro;24/12/2021;-78.772734
A-2021-12-95;00:00.0;CHOQUE CON OBJETO FIJO;1;1;2;LIMA;HUAURA;HUAURA;URBANA;CARRETERA;NACIONAL;PE-1NE;-11.060704;DESPEJADO;RURAL;TRAMO RECTO;PLANA ;ASFALTADA;SI;REGULADORA (R);INFORMATIVA (I);NO;EN PROCESO DE INVESTIGACIÓN;NO CUENTA CON CAUSA ESPECIFICA;Carretera Huaura - Ambo;24/12/2021;-77.562431
A-2021-12-96;50:00.0;DESPISTE;1;3;1;APURIMAC;ANDAHUAYLAS;KAQUIABAMBA;RURAL;CARRETERA;PROVINCIAL;AP-576;-13.564357;DESPEJADO;RURAL;CURVA;INCLINADA;TROCHA;NULL;NULL;NULL;NULL;IMPRUDENCIA DEL CONDUCTOR;FATIGA Y/O CANSANCIO;Olivos;24/12/2021;-73.275075
A-2021-12-113;05:00.0;CHOQUE FUGA;1;0;1;LA LIBERTAD;CHEPEN;CHEPEN;URBANA;AVENIDA;URBANO;NO CORRESPONDE;-7.222747;DESPEJADO;COMERCIAL;TRAMO RECTO;PLANA ;ASFALTADA;NULL;NULL;NULL;NULL;IMPRUDENCIA DEL CONDUCTOR;CONDUCIR EN ESTADO DE EBRIEDAD Y/O DROGADICCIÓN;Avenida Ezequiel Gonzáles Cáceda;25/12/2021;-79.431821
A-2021-12-185;30:00.0;DESPISTE;1;0;1;LAMBAYEQUE;LAMBAYEQUE;JAYANCA;RURAL;CARRETERA;NACIONAL;PE-1NJ;-6.32843;DESPEJADO;RURAL;TRAMO RECTO;PLANA ;ASFALTADA;SI;REGULADORA (R);INFORMATIVA (I);NO;EN PROCESO DE INVESTIGACIÓN;NO CUENTA CON CAUSA ESPECIFICA;Carretera Lambayegue - Olmos;25/12/2021;-79.763516
A-2021-12-76;00:00.0;CHOQUE;1;1;2;AREQUIPA;CAYLLOMA;SAN ANTONIO DE CHUCA;RURAL;CARRETERA;NACIONAL;PE-34A;-15.759281;NUBLADO;RURAL;CURVA;INCLINADA;ASFALTADA;NO;NULL;NULL;SI;EN PROCESO DE INVESTIGACIÓN;NO CUENTA CON CAUSA ESPECIFICA;Vía Interoceánica Sur - Tramo 5;25/12/2021;-70.932057
A-2021-12-82;45:00.0;CHOQUE;1;0;2;ICA;NASCA;VISTA ALEGRE;RURAL;CARRETERA;NACIONAL;PE-1S;-14.90848;DESPEJADO;RURAL;CURVA;PLANA ;ASFALTADA;NULL;NULL;NULL;NULL;EN PROCESO DE INVESTIGACIÓN;NO CUENTA CON CAUSA ESPECIFICA;Carretera Panamericana Sur;25/12/2021;-74.984804
A-2021-12-144;21:00.0;DESPISTE;1;4;1;CUSCO;CHUMBIVILCAS;VELILLE;RURAL;CARRETERA;NACIONAL;PE-3SW;-14.571152;DESPEJADO;RURAL;TRAMO RECTO;PLANA ;ASFALTADA;NULL;NULL;NULL;NULL;IMPRUDENCIA DEL CONDUCTOR;EXCESO DE VELOCIDAD;PE-3SW;25/12/2021;-71.812061
A-2021-12-293;45:00.0;ATROPELLO;1;0;1;CALLAO;CALLAO;VENTANILLA;URBANA;AVENIDA;URBANO;NO CORRESPONDE;-11.888572;DESPEJADO;INDUSTRIAL;TRAMO RECTO;INCLINADA;ASFALTADA;NO;NULL;NULL;SI;IMPRUDENCIA DEL PEATÓN;OTRO (IMPRUDENCIA DEL PEATÓN);Pasaje B9;25/12/2021;-77.130552
A-2021-12-75;45:00.0;CHOQUE;1;5;2;AREQUIPA;CAYLLOMA;CHIVAY;RURAL;CARRETERA;DEPARTAMENTAL;AR-109;-15.700749;DESPEJADO;RURAL;CURVA;INCLINADA;ASFALTADA;NO;NULL;NULL;SI;EN PROCESO DE INVESTIGACIÓN;NO CUENTA CON CAUSA ESPECIFICA;Carretera al Colca;25/12/2021;-71.590196
A-2021-12-242;30:00.0;ATROPELLO;1;0;0;LIMA;LIMA;CARABAYLLO;URBANA;AVENIDA;URBANO;NO CORRESPONDE;-11.871631;DESPEJADO;RESIDENCIAL;TRAMO RECTO;PLANA ;ASFALTADA;NULL;NULL;NULL;NULL;EN PROCESO DE INVESTIGACIÓN;NO CUENTA CON CAUSA ESPECIFICA;Avenida Túpac Amaru;25/12/2021;-77.014417
A-2021-12-200;20:00.0;CHOQUE FUGA;1;1;3;PIURA;PIURA;VEINTISEIS DE OCTUBRE;URBANA;CARRETERA;NACIONAL;PE-1N;-5.176398;DESPEJADO;COMERCIAL;TRAMO RECTO;PLANA ;ASFALTADA;NULL;NULL;NULL;NULL;EN PROCESO DE INVESTIGACIÓN;NO CUENTA CON CAUSA ESPECIFICA;Avenida Sánchez Cerro;25/12/2021;-80.67267