CÓDIGO SINIESTRO;HORA SINIESTRO;CLASE SINIESTRO;CANTIDAD DE FALLECIDOS;CANTIDAD DE LESIONADOS;CANTIDAD DE VEHICULOS DAÑADOS;DEPARTAMENTO;PROVINCIA;DISTRITO;ZONA;TIPO DE VÍA;RED VIAL;COD CARRETERA;COORDENADAS LATITUD;CONDICIÓN CLIMÁTICA;ZONIFICACIÓN;CARACTERÍSTICAS DE VÍA;PERFIL LONGITUDINAL VÍA;SUPERFICIE DE CALZADA;¿EXISTE SEÑAL VERTICAL?;CLASIFICACIÓN DE LA SEÑAL VERTICAL Nº 1;CLASIFICACIÓN DE LA SEÑAL VERTICAL Nº 2;¿EXISTE SEÑAL HORIZONTAL?;CAUSA FACTOR PRINCIPAL;CAUSA ESPECÍFICA;UBICACION;FECHA SINIESTRO;COORDENADAS LONGITUD
A-2021-12-103;00:00.0;ATROPELLO FUGA;1;0;1;HUANUCO;HUANUCO;PILLCO MARCA;URBANA;CARRETERA;NACIONAL;PE-3N;-10.033127;DESPEJADO;COMERCIAL;TRAMO RECTO;PLANA ;ASFALTADA;NULL;NULL;NULL;NULL;EN PROCESO DE INVESTIGACIÓN;NO CUENTA CON CAUSA ESPECIFICA;Carretera Longitudinal de la Sierra Norte;25/12/2021;-76.234572
A-2021-12-98;40:00.0;ATROPELLO FUGA;1;0;1;AREQUIPA;CAYLLOMA;MAJES;RURAL;CARRETERA;PROVINCIAL;AR-736;-16.314977;DESPEJADO;RURAL;TRAMO RECTO;PLANA ;ASFALTADA;NULL;NULL;NULL;NULL;EN PROCESO DE INVESTIGACIÓN;NO CUENTA CON CAUSA ESPECIFICA;AR-736;25/12/2021;-72.284058
A-2021-12-243;00:00.0;DESPISTE;1;0;1;LIMA;LIMA;CHACLACAYO;URBANA;CARRETERA;NACIONAL;PE-22;-11.990416;DESPEJADO;RESIDENCIAL;TRAMO RECTO;PLANA ;ASFALTADA;NULL;NULL;NULL;NULL;EN PROCESO DE INVESTIGACIÓN;NO CUENTA CON CAUSA ESPECIFICA;Carretera Central;26/12/2021;-76.820875
A-2021-12-186;40:00.0;ATROPELLO FUGA;1;0;0;LAMBAYEQUE;LAMBAYEQUE;OLMOS;RURAL;CARRETERA;NACIONAL;PE-1NJ;-5.74704;DESPEJADO;RURAL;TRAMO RECTO;PLANA ;ASFALTADA;SI;REGULADORA (R);INFORMATIVA (I);NO;EN PROCESO DE INVESTIGACIÓN;NO CUENTA CON CAUSA ESPECIFICA;Carretera Interoceánica Norte;26/12/2021;-79.870428
A-2021-12-122;00:00.0;DESPISTE;1;1;1;HUANCAVELICA;ANGARAES;CHINCHO;RURAL;CARRETERA;PROVINCIAL;HV-667;-13.03333;DESPEJADO;RURAL;CURVA;INCLINADA;AFIRMADO;NULL;NULL;NULL;NULL;EN PROCESO DE INVESTIGACIÓN;NO CUENTA CON CAUSA ESPECIFICA;Llamocctachi;26/12/2021;-74.28189
A-2021-12-245;00:00.0;VOLCADURA;1;0;1;LIMA;LIMA;LA VICTORIA;URBANA;AVENIDA;URBANO;NO CORRESPONDE;-12.067019;SOLEADO;COMERCIAL;INTERSECCIÓN;PLANA ;ASFALTADA;NULL;NULL;NULL;NULL;EN PROCESO DE INVESTIGACIÓN;NO CUENTA CON CAUSA ESPECIFICA;Avenida Circunvalación;26/12/2021;-76.997399
A-2021-12-244;15:00.0;ATROPELLO;2;1;1;LIMA;LIMA;CHORRILLOS;URBANA;AVENIDA;URBANO;NO CORRESPONDE;-12.181323;DESPEJADO;RESIDENCIAL;INTERSECCIÓN;PLANA ;ASFALTADA;NULL;NULL;NULL;NULL;EN PROCESO DE INVESTIGACIÓN;NO CUENTA CON CAUSA ESPECIFICA;Avenida Defensores del Morro;26/12/2021;-77.012318
A-2021-12-279;30:00.0;DESPISTE;1;0;1;AREQUIPA;CARAVELI;HUANUHUANU;RURAL;CARRETERA;SIN CLASIFICAR;SIN CLASIFICAR;-15.538041;DESPEJADO;RURAL;CURVA;INCLINADA;TROCHA;NULL;NULL;NULL;NULL;EN PROCESO DE INVESTIGACIÓN;NO CUENTA CON CAUSA ESPECIFICA;Huanuhuanu;26/12/2021;-74.125237
A-2021-12-83;30:00.0;DESPISTE;1;0;1;ICA;PISCO;SAN ANDRES;URBANA;AVENIDA;URBANO;NO CORRESPONDE;-13.711413;DESPEJADO;COMERCIAL;TRAMO RECTO;PLANA ;ASFALTADA;NULL;NULL;NULL;NULL;EN PROCESO DE INVESTIGACIÓN;NO CUENTA CON CAUSA ESPECIFICA;Avenida Fermín Tangüis;26/12/2021;-76.18716
A-2021-12-187;37:00.0;DESPISTE;1;0;1;LAMBAYEQUE;CHICLAYO;CHICLAYO;URBANA;AVENIDA;URBANO;NO CORRESPONDE;-6.77094;DESPEJADO;RESIDENCIAL;TRAMO RECTO;PLANA ;ASFALTADA;NULL;NULL;NULL;NULL;EN PROCESO DE INVESTIGACIÓN;NO CUENTA CON CAUSA ESPECIFICA;Avenida Felipe Santiago Salaverry;27/12/2021;-79.847576
A-2021-12-140;30:00.0;DESPISTE;2;2;1;AYACUCHO;PAUCAR DEL SARA SARA;MARCABAMBA;RURAL;CARRETERA;DEPARTAMENTAL;AY-116;-15.094783;DESPEJADO;RURAL;CURVA;INCLINADA;AFIRMADO;NULL;NULL;NULL;NULL;IMPRUDENCIA DEL CONDUCTOR;FATIGA Y/O CANSANCIO;AY-116;27/12/2021;-73.331047
A-2021-12-246;00:00.0;CHOQUE;1;0;2;LIMA;LIMA;LURIGANCHO;URBANA;CARRETERA;NACIONAL;PE-22;-11.931703;DESPEJADO;RESIDENCIAL;TRAMO RECTO;PLANA ;ASFALTADA;NULL;NULL;NULL;NULL;EN PROCESO DE INVESTIGACIÓN;NO CUENTA CON CAUSA ESPECIFICA;Avenida Lima Norte;27/12/2021;-76.692086
A-2021-12-80;30:00.0;CHOQUE;1;0;NULL;CALLAO;CALLAO;CALLAO;URBANA;CARRETERA;NACIONAL;PE-20;-11.985128;DESPEJADO;INDUSTRIAL;TRAMO RECTO;PLANA ;ASFALTADA;NULL;NULL;NULL;NULL;IMPRUDENCIA DEL CONDUCTOR;NO DAR PASO PREFERENTE AL PEATÓN;Avenida Coronel Nestor Gambetta;27/12/2021;-77.125214
A-2021-12-77;10:00.0;CHOQUE;1;0;2;PUNO;PUNO;PUNO;RURAL;CARRETERA;NACIONAL;PE-3S;-15.853722;DESPEJADO;RURAL;TRAMO RECTO;PLANA ;ASFALTADA;SI;REGULADORA (R);REGULADORA (R);SI;IMPRUDENCIA DEL CONDUCTOR;INVASIÓN DE CARRIL;Carretera Longitudinal de la Sierra Sur;27/12/2021;-69.963299
A-2021-12-151;30:00.0;CHOQUE;1;0;2;PUNO;LAMPA;LAMPA;RURAL;CARRETERA;NACIONAL;PE-3S;-15.212994;DESPEJADO;RURAL;TRAMO RECTO;PLANA ;ASFALTADA;NULL;NULL;NULL;NULL;NEGLIGENCIA DEL CONDUCTOR;OTRO (NEGLIGENCIA DEL CONDUCTOR);Carretera Longitudinal de la Sierra Sur;27/12/2021;-70.351311
A-2021-12-152;20:00.0;CHOQUE;1;0;1;PUNO;CARABAYA;CRUCERO;RURAL;CARRETERA;NACIONAL;PE-34K;-14.352925;DESPEJADO;RURAL;TRAMO RECTO;PLANA ;ASFALTADA;NULL;NULL;NULL;NULL;IMPRUDENCIA DEL CONDUCTOR;EXCESO DE VELOCIDAD;PE-34K;28/12/2021;-70.081084
A-2021-12-142;00:00.0;DESPISTE;1;0;1;CUSCO;ESPINAR;PALLPATA;RURAL;CARRETERA;NACIONAL;PE-3SG;-14.88137;DESPEJADO;RURAL;TRAMO RECTO;PLANA ;ASFALTADA;NULL;NULL;NULL;NULL;IMPRUDENCIA DEL CONDUCTOR;EXCESO DE VELOCIDAD;PE-3SG;29/12/2021;-71.214655
A-2021-12-201;50:00.0;ATROPELLO;1;0;1;AREQUIPA;CAYLLOMA;MAJES;URBANA;CALLE;URBANO;NO CORRESPONDE;-16.332504;SOLEADO;RURAL;TRAMO RECTO;PLANA ;TROCHA;NULL;NULL;NULL;NULL;EN PROCESO DE INVESTIGACIÓN;NO CUENTA CON CAUSA ESPECIFICA;El Pionero;29/12/2021;-72.193772
A-2021-12-218;55:00.0;ATROPELLO;1;1;1;LIMA;LIMA;SAN JUAN DE LURIGANCHO;URBANA;AVENIDA;URBANO;NO CORRESPONDE;-12.025253;SOLEADO;RESIDENCIAL;INTERSECCIÓN;PLANA ;ASFALTADA;NULL;NULL;NULL;NULL;EN PROCESO DE INVESTIGACIÓN;NO CUENTA CON CAUSA ESPECIFICA;Avenida Lima;29/12/2021;-77.010592
A-2021-12-255;20:00.0;ATROPELLO FUGA;1;0;0;LAMBAYEQUE;CHICLAYO;LA VICTORIA;URBANA;CARRETERA;NACIONAL;PE-1N;-6.801761;DESPEJADO;RESIDENCIAL;INTERSECCIÓN;PLANA ;ASFALTADA;NULL;NULL;NULL;NULL;EN PROCESO DE INVESTIGACIÓN;NO CUENTA CON CAUSA ESPECIFICA;Cahuide;29/12/2021;-79.846895
A-2021-12-114;45:00.0;ATROPELLO;1;0;1;LA LIBERTAD;PACASMAYO;SAN JOSE;RURAL;CARRETERA;NACIONAL;PE-1N;-7.339899;DESPEJADO;RURAL;TRAMO RECTO;PLANA ;ASFALTADA;NULL;NULL;NULL;NULL;EN PROCESO DE INVESTIGACIÓN;NO CUENTA CON CAUSA ESPECIFICA;Carretera Panamericana Norte;29/12/2021;-79.503357
A-2021-12-135;30:00.0;DESPISTE;1;0;1;CAJAMARCA;CAJABAMBA;CACHACHI;RURAL;CARRETERA;SIN CLASIFICAR;SIN CLASIFICAR;-7.6183;DESPEJADO;RURAL;CURVA;PLANA ;AFIRMADO;NULL;NULL;NULL;NULL;EN PROCESO DE INVESTIGACIÓN;NO CUENTA CON CAUSA ESPECIFICA;Cachachi;30/12/2021;-78.32917
A-2021-12-97;30:00.0;CHOQUE;1;0;2;PUNO;CHUCUITO;DESAGUADERO;RURAL;CARRETERA;NACIONAL;PE-36A;-16.585721;DESPEJADO;RURAL;TRAMO RECTO;INCLINADA;ASFALTADA;NO;NULL;NULL;SI;IMPRUDENCIA DEL CONDUCTOR;OTRO (IMPRUDENCIA DEL CONDUCTOR);Carretera Binacional;30/12/2021;-69.065675
A-2021-12-217;30:00.0;DESPISTE;1;4;1;LIMA;LIMA;LURIN;URBANA;CARRETERA;NACIONAL;PE-1S;-12.301834;SOLEADO;RESIDENCIAL;TRAMO RECTO;PLANA ;ASFALTADA;NULL;NULL;NULL;NULL;EN PROCESO DE INVESTIGACIÓN;NO CUENTA CON CAUSA ESPECIFICA;Carretera Panamericana Sur;30/12/2021;-76.845125
A-2021-12-104;30:00.0;CHOQUE;2;0;2;ANCASH;RECUAY;CATAC;RURAL;CARRETERA;NACIONAL;PE-3N;-9.969806;NUBLADO;RURAL;TRAMO RECTO;INCLINADA;ASFALTADA;SI;PREVENTIVA (P);NULL;SI;IMPRUDENCIA DEL CONDUCTOR;INVASIÓN DE CARRIL;Carretera Longitudinal de la Sierra Norte;31/12/2021;-77.358905
A-2021-12-219;10:00.0;ATROPELLO;1;0;0;LIMA;LIMA;LURIGANCHO;URBANA;CARRETERA;NACIONAL;PE-22;-11.933058;DESPEJADO;RESIDENCIAL;INTERSECCIÓN;PLANA ;ASFALTADA;NULL;NULL;NULL;NULL;EN PROCESO DE INVESTIGACIÓN;NO CUENTA CON CAUSA ESPECIFICA;Avenida Lima Sur;31/12/2021;-76.693175
A-2021-12-161;30:00.0;CHOQUE;1;0;1;CALLAO;CALLAO;CALLAO;URBANA;CARRETERA;NACIONAL;PE-20;-12.024209;DESPEJADO;INDUSTRIAL;TRAMO RECTO;PLANA ;ASFALTADA;NO;NULL;NULL;SI;NEGLIGENCIA DEL CONDUCTOR;CONDUCIR CON FALLAS DE FRENOS;Avenida Coronel Nestor Gambetta;31/12/2021;-77.128734
A-2021-12-247;54:00.0;DESPISTE;1;0;1;LIMA;LIMA;INDEPENDENCIA;URBANA;AVENIDA;URBANO;NO CORRESPONDE;-11.997731;SOLEADO;RESIDENCIAL;TRAMO RECTO;INCLINADA;ASFALTADA;NULL;NULL;NULL;NULL;EN PROCESO DE INVESTIGACIÓN;NO CUENTA CON CAUSA ESPECIFICA;Avenida Los Pinos;31/12/2021;-77.051705
A-2021-12-248;05:00.0;ATROPELLO;1;0;1;LIMA;LIMA;VILLA MARIA DEL TRIUNFO;URBANA;AVENIDA;URBANO;NO CORRESPONDE;-12.171185;DESPEJADO;RESIDENCIAL;TRAMO RECTO;PLANA ;ASFALTADA;NULL;NULL;NULL;NULL;EN PROCESO DE INVESTIGACIÓN;NO CUENTA CON CAUSA ESPECIFICA;Avenida 26 de Noviembre;31/12/2021;-76.930697
A-2022-12-112;30:00.0;CHOQUE;1;1;2;LIMA;HUAURA;SAYAN;RURAL;CARRETERA;NACIONAL;PE-18;-11.039808;DESPEJADO;RURAL;CURVA;PLANA ;ASFALTADA;SI;PREVENTIVA (P);REGULADORA (R);NO;IMPRUDENCIA DEL CONDUCTOR;INVASIÓN DE CARRIL;Carretera Huaura - Ambo;31/12/2021;-77.11205
A-2021-12-115;00:00.0;DESPISTE;4;4;1;AREQUIPA;AREQUIPA;YURA;RURAL;CARRETERA;NACIONAL;PE-34A;-16.224843;DESPEJADO;RURAL;TRAMO RECTO;INCLINADA;ASFALTADA;NO;NULL;NULL;SI;EN PROCESO DE INVESTIGACIÓN;NO CUENTA CON CAUSA ESPECIFICA;Vía Interoceánica Sur - Tramo 5;31/12/2021;-71.663479
A-2021-12-202;00:00.0;ATROPELLO;1;0;1;PIURA;MORROPON;MORROPON;URBANA;CARRETERA;PROVINCIAL;PI-809;-5.186126;DESPEJADO;COMERCIAL;TRAMO RECTO;PLANA ;CONCRETO;NULL;NULL;NULL;NULL;EN PROCESO DE INVESTIGACIÓN;NO CUENTA CON CAUSA ESPECIFICA;Palacios;31/12/2021;-79.969722
A-2021-12-291;10:00.0;ATROPELLO;1;1;1;HUANUCO;LEONCIO PRADO;JOSE CRESPO Y CASTILLO;RURAL;CARRETERA;NACIONAL;PE-5N;-8.952813;DESPEJADO;RURAL;TRAMO RECTO;PLANA ;ASFALTADA;NULL;NULL;NULL;NULL;IMPRUDENCIA DEL PEATÓN;ESTADO DE EBRIEDAD Y/O DROGADICCIÓN;Carretera Presidente Fernando Belaúnde Terry;31/12/2021;-76.101672
A-2022-01-221;30:00.0;CHOQUE;1;1;2;CUSCO;ESPINAR;ALTO PICHIGUA;URBANA;CARRETERA;NACIONAL;PE-34F;-14.737231;NUBLADO;RURAL;CURVA;PLANA ;ASFALTADA;NULL;NULL;NULL;NULL;IMPRUDENCIA DEL CONDUCTOR;FATIGA Y/O CANSANCIO;Carretera Espinar - Sicuani;1/1/2022;-71.326314
A-2022-01-69;04:00.0;DESPISTE;1;0;0;LIMA;LIMA;LA MOLINA;URBANA;AVENIDA;URBANO;NO CORRESPONDE;-12.063661;DESPEJADO;COMERCIAL;TRAMO RECTO;PLANA ;ASFALTADA;NULL;NULL;NULL;NULL;EN PROCESO DE INVESTIGACIÓN;NO CUENTA CON CAUSA ESPECIFICA;Avenida Los Constructores;1/1/2022;-76.952232
A-2022-01-53;30:00.0;DESPISTE;1;1;1;CAJAMARCA;CHOTA;CHIMBAN;RURAL;CARRETERA;SIN CLASIFICAR;SIN CLASIFICAR;-6.282066;DESPEJADO;RURAL;CURVA;INCLINADA;AFIRMADO;NULL;NULL;NULL;NULL;EN PROCESO DE INVESTIGACIÓN;NO CUENTA CON CAUSA ESPECIFICA;San Jose;1/1/2022;-78.481812
A-2022-01-154;00:00.0;DESPISTE;1;0;1;LA LIBERTAD;TRUJILLO;HUANCHACO;URBANA;OTRO;URBANO;NO CORRESPONDE;-8.081603;DESPEJADO;RESIDENCIAL;PUENTE;PLANA ;CONCRETO;NULL;NULL;NULL;NULL;EN PROCESO DE INVESTIGACIÓN;NO CUENTA CON CAUSA ESPECIFICA;Jirón Libertad;1/1/2022;-79.116004
A-2022-01-1;30:00.0;DESPISTE;3;3;NULL;ANCASH;CORONGO;CORONGO;RURAL;CARRETERA;PROVINCIAL;AN-514;-8.575619;NULL;NULL;NULL;NULL;NULL;NULL;NULL;NULL;NULL;EN PROCESO DE INVESTIGACIÓN;NO CUENTA CON CAUSA ESPECIFICA;AN-514;1/1/2022;-77.915829
A-2022-01-296;57:00.0;ATROPELLO;1;2;1;JUNIN;HUANCAYO;HUANCAN;RURAL;CARRETERA;NACIONAL;PE-3S;-12.110581;DESPEJADO;RURAL;INTERSECCIÓN;PLANA ;ASFALTADA;SI;PREVENTIVA (P);NULL;NO;IMPRUDENCIA DEL CONDUCTOR;EXCESO DE VELOCIDAD;Carretera Longitudinal de la Sierra Sur;1/1/2022;-75.216347
A-2022-01-70;00:00.0;ATROPELLO;1;0;0;LIMA;LIMA;PACHACAMAC;URBANA;CARRETERA;PROVINCIAL;LM-796;-12.104026;DESPEJADO;RURAL;TRAMO RECTO;PLANA ;ASFALTADA;NULL;NULL;NULL;NULL;EN PROCESO DE INVESTIGACIÓN;NO CUENTA CON CAUSA ESPECIFICA;Avenida Victor Malásquez;1/1/2022;-76.876418
A-2022-01-294;05:00.0;CHOQUE;1;0;1;JUNIN;HUANCAYO;HUAYUCACHI;RURAL;CARRETERA;SIN CLASIFICAR;SIN CLASIFICAR;-12.147337;DESPEJADO;RURAL;TRAMO RECTO;PLANA ;TROCHA;NULL;NULL;NULL;NULL;IMPRUDENCIA DEL CONDUCTOR;OTRO (IMPRUDENCIA DEL CONDUCTOR);Huayucachi;1/1/2022;-75.235731
A-2022-01-2;00:00.0;ATROPELLO FUGA;1;0;1;ICA;ICA;SALAS;RURAL;CARRETERA;NACIONAL;PE-1S;-13.971056;NIEBLA;RURAL;INTERSECCIÓN;PLANA ;ASFALTADA;NULL;NULL;NULL;NULL;EN PROCESO DE INVESTIGACIÓN;NO CUENTA CON CAUSA ESPECIFICA;Carretera Panamericana Sur;2/1/2022;-75.779005
A-2022-01-290;15:00.0;DESPISTE;1;1;1;AREQUIPA;CAMANA;OCOÑA;RURAL;CARRETERA;PROVINCIAL;AR-535;-16.246854;DESPEJADO;RURAL;CURVA;INCLINADA;TROCHA;NULL;NULL;NULL;NULL;EN PROCESO DE INVESTIGACIÓN;NO CUENTA CON CAUSA ESPECIFICA;AR-535;2/1/2022;-73.152645
A-2022-01-167;05:00.0;ATROPELLO;1;0;0;PUNO;SAN ROMAN;JULIACA;URBANA;OTRO;URBANO;NO CORRESPONDE;-15.484679;DESPEJADO;ESCOLAR;TRAMO RECTO;PLANA ;TROCHA;NULL;NULL;NULL;NULL;IMPRUDENCIA DEL PEATÓN;OTRO (IMPRUDENCIA DEL PEATÓN);Jirón Piérola;2/1/2022;-70.107891
A-2022-01-278;30:00.0;DESPISTE;1;2;1;AYACUCHO;HUAMANGA;ACOS VINCHOS;RURAL;CARRETERA;PROVINCIAL;AY-713;-13.115315;DESPEJADO;RURAL;CURVA;INCLINADA;AFIRMADO;NULL;NULL;NULL;NULL;IMPRUDENCIA DEL CONDUCTOR;EXCESO DE VELOCIDAD;AY-713;2/1/2022;-74.093383
A-2022-01-155;00:00.0;DESPISTE;1;7;1;LA LIBERTAD;SANTIAGO DE CHUCO;QUIRUVILCA;RURAL;CARRETERA;NACIONAL;PE-3N;-8.105542;DESPEJADO;RURAL;TRAMO RECTO;INCLINADA;AFIRMADO;NULL;NULL;NULL;NULL;NEGLIGENCIA DEL CONDUCTOR;CONDUCIR CON FALLAS DE FRENOS;Carretera Longitudinal de la Sierra Norte;2/1/2022;-78.296194
A-2022-01-228;45:00.0;ATROPELLO;1;0;1;CUSCO;CANCHIS;TINTA;RURAL;CARRETERA;NACIONAL;PE-3S;-14.121408;DESPEJADO;RURAL;CURVA;PLANA ;ASFALTADA;NULL;NULL;NULL;NULL;IMPRUDENCIA DEL PEATÓN;ESTADO DE EBRIEDAD Y/O DROGADICCIÓN;Carretera Longitudinal de la Sierra Sur;2/1/2022;-71.41428
A-2022-01-300;30:00.0;ATROPELLO FUGA;1;0;1;LA LIBERTAD;TRUJILLO;HUANCHACO;URBANA;AVENIDA;URBANO;NO CORRESPONDE;-8.032351;DESPEJADO;COMERCIAL;TRAMO RECTO;PLANA ;ASFALTADA;NULL;NULL;NULL;NULL;EN PROCESO DE INVESTIGACIÓN;NO CUENTA CON CAUSA ESPECIFICA;Avenida Miguel Grau;2/1/2022;-79.061989
A-2022-01-343;15:00.0;CHOQUE;1;0;2;TACNA;TACNA;CORONEL GREGORIO ALBARRACIN LANCHIPA;RURAL;OTRO;URBANO;NO CORRESPONDE;-18.111548;DESPEJADO;RURAL;TRAMO RECTO;PLANA ;AFIRMADO;NULL;NULL;NULL;NULL;IMPRUDENCIA DEL CONDUCTOR;CONDUCIR EN ESTADO DE EBRIEDAD Y/O DROGADICCIÓN;Chastudal;2/1/2022;-70.257524
A-2022-01-142;10:00.0;ATROPELLO;1;0;1;PUNO;SAN ROMAN;SAN MIGUEL;URBANA;AVENIDA;URBANO;NO CORRESPONDE;-15.471991;DESPEJADO;COMERCIAL;INTERSECCIÓN;PLANA ;ASFALTADA;NULL;NULL;NULL;NULL;IMPRUDENCIA DEL CONDUCTOR;CONDUCIR EN ESTADO DE EBRIEDAD Y/O DROGADICCIÓN;Jirón Manuel Asencio Segura;3/1/2022;-70.12312
A-2022-01-64;30:00.0;DESPISTE;1;1;1;APURIMAC;CHINCHEROS;CHINCHEROS;RURAL;CARRETERA;PROVINCIAL;AP-541;-13.578622;NUBLADO;RURAL;TRAMO RECTO;PLANA ;AFIRMADO;NULL;NULL;NULL;NULL;IMPRUDENCIA DEL CONDUCTOR;EXCESO DE VELOCIDAD;San Lorenzo;3/1/2022;-73.710652
A-2022-01-73;00:00.0;CHOQUE;1;0;0;LIMA;LIMA;CHORRILLOS;URBANA;CARRETERA;NACIONAL;PE-1S;-12.221115;DESPEJADO;ESCOLAR;INTERSECCIÓN;PLANA ;ASFALTADA;NULL;NULL;NULL;NULL;EN PROCESO DE INVESTIGACIÓN;NO CUENTA CON CAUSA ESPECIFICA;Carretera Panamericana Sur;3/1/2022;-76.976148
A-2022-01-7;45:00.0;CHOQUE;1;0;2;SAN MARTIN;MOYOBAMBA;MOYOBAMBA;RURAL;CARRETERA;NACIONAL;PE-5N;-6.082243;DESPEJADO;RURAL;CURVA;INCLINADA;ASFALTADA;NULL;NULL;NULL;NULL;EN PROCESO DE INVESTIGACIÓN;NO CUENTA CON CAUSA ESPECIFICA;Carretera Presidente Fernando Belaúnde Terry;3/1/2022;-76.884668
A-2022-01-54;10:00.0;DESPISTE;1;1;1;CAJAMARCA;CONTUMAZA;YONAN;RURAL;CARRETERA;NACIONAL;PE-08;-7.240266;DESPEJADO;RURAL;CURVA;INCLINADA;ASFALTADA;NULL;NULL;NULL;NULL;EN PROCESO DE INVESTIGACIÓN;NO CUENTA CON CAUSA ESPECIFICA;Carretera Ciudad de Dios - Cajamarca;3/1/2022;-79.057652
A-2022-01-229;40:00.0;ATROPELLO;1;0;1;CUSCO;CUSCO;SAYLLA;RURAL;CARRETERA;NACIONAL;PE-3S;-13.555889;DESPEJADO;ESCOLAR;TRAMO RECTO;PLANA ;ASFALTADA;NULL;NULL;NULL;NULL;IMPRUDENCIA DEL PEATÓN;ESTADO DE EBRIEDAD Y/O DROGADICCIÓN;Carretera Longitudinal de la Sierra Sur;3/1/2022;-71.855949
A-2022-01-89;00:00.0;CHOQUE;1;0;0;LIMA;LIMA;PUENTE PIEDRA;URBANA;CARRETERA;NACIONAL;PE-1N;-11.890385;DESPEJADO;COMERCIAL;TRAMO RECTO;PLANA ;ASFALTADA;NULL;NULL;NULL;NULL;EN PROCESO DE INVESTIGACIÓN;NO CUENTA CON CAUSA ESPECIFICA;Avenida Panamericana Norte;3/1/2022;-77.068378
A-2022-01-330;00:00.0;VOLCADURA;1;1;1;HUANUCO;PACHITEA;PANAO;RURAL;CARRETERA;NACIONAL;PE-18B;-9.902059;DESPEJADO;RURAL;TRAMO RECTO;INCLINADA;TROCHA;NULL;NULL;NULL;NULL;IMPRUDENCIA DEL CONDUCTOR;EXCESO DE VELOCIDAD;PE-18B;4/1/2022;-75.999937
A-2022-01-90;45:00.0;ATROPELLO;1;0;0;LIMA;LIMA;SAN MARTIN DE PORRES;URBANA;CARRETERA;NACIONAL;PE-1N;-12.02323;DESPEJADO;COMERCIAL;TRAMO RECTO;PLANA ;ASFALTADA;NULL;NULL;NULL;NULL;EN PROCESO DE INVESTIGACIÓN;NO CUENTA CON CAUSA ESPECIFICA;Carretera Panamericana Norte;4/1/2022;-77.058815
A-2022-01-323;50:00.0;CHOQUE;1;4;2;HUANUCO;HUANUCO;CHINCHAO;RURAL;CARRETERA;NACIONAL;PE-18A;-9.577413;DESPEJADO;RURAL;CURVA;INCLINADA;ASFALTADA;NULL;NULL;NULL;NULL;IMPRUDENCIA DEL CONDUCTOR;EXCESO DE VELOCIDAD;Carretera Central;4/1/2022;-76.024176
A-2022-01-169;05:00.0;CHOQUE;2;1;2;LA LIBERTAD;VIRU;CHAO;RURAL;CARRETERA;PROVINCIAL;LI-1208;-8.559906;DESPEJADO;RURAL;TRAMO RECTO;PLANA ;ASFALTADA;NULL;NULL;NULL;NULL;IMPRUDENCIA DEL CONDUCTOR;INVASIÓN DE CARRIL;Chao;4/1/2022;-78.68751
A-2022-01-91;30:00.0;DESPISTE;1;0;0;LIMA;LIMA;SAN MARTIN DE PORRES;URBANA;AVENIDA;URBANO;NO CORRESPONDE;-11.987278;DESPEJADO;COMERCIAL;INTERSECCIÓN;PLANA ;ASFALTADA;NULL;NULL;NULL;NULL;EN PROCESO DE INVESTIGACIÓN;NO CUENTA CON CAUSA ESPECIFICA;Avenida Canta Callao;4/1/2022;-77.103042
A-2022-01-110;50:00.0;CHOQUE;1;0;0;LIMA;LIMA;SAN JUAN DE MIRAFLORES;URBANA;CARRETERA;NACIONAL;PE-1S;-12.172018;DESPEJADO;RESIDENCIAL;TRAMO RECTO;PLANA ;ASFALTADA;NULL;NULL;NULL;NULL;EN PROCESO DE INVESTIGACIÓN;NO CUENTA CON CAUSA ESPECIFICA;Avenida Panamericana Sur;5/1/2022;-76.978732
A-2022-01-144;00:00.0;DESPISTE;1;0;1;PUNO;SAN ROMAN;CARACOTO;RURAL;CARRETERA;NACIONAL;PE-3S;-15.599523;DESPEJADO;RURAL;TRAMO RECTO;PLANA ;ASFALTADA;NULL;NULL;NULL;NULL;IMPRUDENCIA DEL CONDUCTOR;CONDUCIR EN ESTADO DE EBRIEDAD Y/O DROGADICCIÓN;Avenida Circunvalación;5/1/2022;-70.095271
A-2022-01-150;10:00.0;CHOQUE;1;0;2;PUNO;AZANGARO;AZANGARO;RURAL;CARRETERA;SIN CLASIFICAR;SIN CLASIFICAR;-14.916701;DESPEJADO;RURAL;CURVA;PLANA ;TROCHA;NULL;NULL;NULL;NULL;IMPRUDENCIA DEL CONDUCTOR;EXCESO DE VELOCIDAD;Primer Choquechambi;5/1/2022;-70.158337
A-2022-01-8;00:00.0;VOLCADURA;1;1;1;AREQUIPA;ISLAY;ISLAY;RURAL;CARRETERA;NACIONAL;PE-34;-16.920378;DESPEJADO;RURAL;CURVA;INCLINADA;ASFALTADA;NO;NULL;NULL;SI;EN PROCESO DE INVESTIGACIÓN;NO CUENTA CON CAUSA ESPECIFICA;Carretera Interoceánica Sur;5/1/2022;-72.050103