CÓDIGO SINIESTRO;HORA SINIESTRO;CLASE SINIESTRO;CANTIDAD DE FALLECIDOS;CANTIDAD DE LESIONADOS;CANTIDAD DE VEHICULOS DAÑADOS;DEPARTAMENTO;PROVINCIA;DISTRITO;ZONA;TIPO DE VÍA;RED VIAL;COD CARRETERA;COORDENADAS LATITUD;CONDICIÓN CLIMÁTICA;ZONIFICACIÓN;CARACTERÍSTICAS DE VÍA;PERFIL LONGITUDINAL VÍA;SUPERFICIE DE CALZADA;¿EXISTE SEÑAL VERTICAL?;CLASIFICACIÓN DE LA SEÑAL VERTICAL Nº 1;CLASIFICACIÓN DE LA SEÑAL VERTICAL Nº 2;¿EXISTE SEÑAL HORIZONTAL?;CAUSA FACTOR PRINCIPAL;CAUSA ESPECÍFICA;UBICACION;FECHA SINIESTRO;COORDENADAS LONGITUD
A-2022-01-318;20:00.0;ATROPELLO;1;0;NULL;ANCASH;SANTA;CHIMBOTE;URBANA;JIRÓN;URBANO;NO CORRESPONDE;-9.06232;DESPEJADO;RESIDENCIAL;INTERSECCIÓN;PLANA ;ASFALTADA;NULL;NULL;NULL;NULL;EN PROCESO DE INVESTIGACIÓN;NO CUENTA CON CAUSA ESPECIFICA;Jirón Salamanca;5/1/2022;-78.58501
A-2022-01-170;30:00.0;CHOQUE;1;0;2;LA LIBERTAD;TRUJILLO;SALAVERRY;RURAL;CARRETERA;NACIONAL;PE-1N;-8.204563;DESPEJADO;RURAL;TRAMO RECTO;PLANA ;ASFALTADA;NULL;NULL;NULL;NULL;EN PROCESO DE INVESTIGACIÓN;NO CUENTA CON CAUSA ESPECIFICA;Panamericana Norte;5/1/2022;-78.958988
A-2022-01-76;40:00.0;DESPISTE;1;1;1;PIURA;PIURA;VEINTISEIS DE OCTUBRE;URBANA;AVENIDA;URBANO;NO CORRESPONDE;-5.175998;DESPEJADO;ESCOLAR;TRAMO RECTO;PLANA ;ASFALTADA;SI;PREVENTIVA (P);NULL;NO;EN PROCESO DE INVESTIGACIÓN;NO CUENTA CON CAUSA ESPECIFICA;Avenida Raúl Mata de la Cruz;6/1/2022;-80.661607
A-2022-01-336;00:00.0;ATROPELLO;1;0;1;MADRE DE DIOS;TAMBOPATA;TAMBOPATA;URBANA;AVENIDA;URBANO;NO CORRESPONDE;-12.587281;DESPEJADO;COMERCIAL;INTERSECCIÓN;PLANA ;CONCRETO;NULL;NULL;NULL;NULL;IMPRUDENCIA DEL PEATÓN;ESTADO DE EBRIEDAD Y/O DROGADICCIÓN;Puerto Maldonado;6/1/2022;-69.196777
A-2022-01-175;30:00.0;DESPISTE;2;4;1;LA LIBERTAD;SANCHEZ CARRION;CHUGAY;RURAL;CARRETERA;SIN CLASIFICAR;SIN CLASIFICAR;-7.655823;DESPEJADO;RURAL;CURVA;INCLINADA;AFIRMADO;NULL;NULL;NULL;NULL;IMPRUDENCIA DEL CONDUCTOR;OTRO (IMPRUDENCIA DEL CONDUCTOR);Marcabal Grande;6/1/2022;-77.824143
A-2022-01-33;00:00.0;CHOQUE;1;0;2;AREQUIPA;AREQUIPA;SABANDIA;URBANA;AVENIDA;URBANO;NO CORRESPONDE;-16.463462;LLUVIOSO;RESIDENCIAL;INTERSECCIÓN;PLANA ;ASFALTADA;NULL;NULL;NULL;NULL;EN PROCESO DE INVESTIGACIÓN;NO CUENTA CON CAUSA ESPECIFICA;C.1;6/1/2022;-71.504213
A-2022-01-231;00:00.0;CHOQUE;1;3;2;CUSCO;ESPINAR;ESPINAR;URBANA;CARRETERA;DEPARTAMENTAL;CU-130;-14.782489;DESPEJADO;RESIDENCIAL;TRAMO RECTO;PLANA ;ASFALTADA;NULL;NULL;NULL;NULL;IMPERICIA DEL CONDUCTOR;NULL;CU-130;6/1/2022;-71.411279
A-2022-01-55;00:00.0;ATROPELLO;1;1;1;CAJAMARCA;SAN MARCOS;GREGORIO PITA;RURAL;CARRETERA;PROVINCIAL;CA-1562;-7.261031;DESPEJADO;RURAL;TRAMO RECTO;PLANA ;AFIRMADO;NULL;NULL;NULL;NULL;EN PROCESO DE INVESTIGACIÓN;NO CUENTA CON CAUSA ESPECIFICA;CA-1563;6/1/2022;-78.136954
A-2022-01-209;00:00.0;ATROPELLO;1;1;1;LAMBAYEQUE;CHICLAYO;CHICLAYO;URBANA;AVENIDA;URBANO;NO CORRESPONDE;-6.780335;DESPEJADO;RESIDENCIAL;TRAMO RECTO;PLANA ;ASFALTADA;SI;PREVENTIVA (P);INFORMATIVA (I);SI;EN PROCESO DE INVESTIGACIÓN;NO CUENTA CON CAUSA ESPECIFICA;Prolongación Avenida Francisco Bolognesi;6/1/2022;-79.854679
A-2022-01-11;20:00.0;ATROPELLO;1;0;1;ICA;PISCO;SAN CLEMENTE;RURAL;CARRETERA;NACIONAL;PE-1SE;-13.627379;DESPEJADO;RURAL;TRAMO RECTO;PLANA ;ASFALTADA;NULL;NULL;NULL;NULL;EN PROCESO DE INVESTIGACIÓN;NO CUENTA CON CAUSA ESPECIFICA;Carretera Panamericana Sur;6/1/2022;-76.172521
A-2022-01-248;30:00.0;CHOQUE;1;0;2;CUSCO;QUISPICANCHI;OCONGATE;RURAL;CARRETERA;NACIONAL;PE-30C;-13.606141;LLUVIOSO;RURAL;CURVA;PLANA ;ASFALTADA;NULL;NULL;NULL;NULL;IMPRUDENCIA DEL CONDUCTOR;EXCESO DE VELOCIDAD;Interoceánica Sur;7/1/2022;-71.20272
A-2022-01-32;40:00.0;CHOQUE;1;2;2;SAN MARTIN;MOYOBAMBA;MOYOBAMBA;RURAL;CARRETERA;NACIONAL;PE-5N;-6.057292;DESPEJADO;RURAL;TRAMO RECTO;INCLINADA;ASFALTADA;NULL;NULL;NULL;NULL;NEGLIGENCIA DEL CONDUCTOR;OTRO (NEGLIGENCIA DEL CONDUCTOR);Carretera Presidente Fernando Belaúnde Terry;7/1/2022;-76.932873
A-2022-01-145;20:00.0;CHOQUE;1;1;2;PUNO;SAN ROMAN;JULIACA;URBANA;CARRETERA;NACIONAL;PE-3S;-15.48137;DESPEJADO;COMERCIAL;INTERSECCIÓN;PLANA ;ASFALTADA;NULL;NULL;NULL;NULL;IMPRUDENCIA DEL CONDUCTOR;EXCESO DE VELOCIDAD;Jirón Tumbes;7/1/2022;-70.134645
A-2022-01-250;45:00.0;DESPISTE;1;0;1;CUSCO;CALCA;PISAC;RURAL;CARRETERA;NACIONAL;PE-28G;-13.426844;DESPEJADO;RURAL;TRAMO RECTO;PLANA ;ASFALTADA;NO;NULL;NULL;NO;IMPRUDENCIA DEL CONDUCTOR;EXCESO DE VELOCIDAD;Carretera Cusco- Pisac;7/1/2022;-71.854458
A-2022-01-56;50:00.0;ATROPELLO;1;0;1;CAJAMARCA;CHOTA;CHOTA;URBANA;JIRÓN;URBANO;NO CORRESPONDE;-6.56537;DESPEJADO;RESIDENCIAL;TRAMO RECTO;INCLINADA;CONCRETO;NULL;NULL;NULL;NULL;EN PROCESO DE INVESTIGACIÓN;NO CUENTA CON CAUSA ESPECIFICA;Jirón Carlos Largomarcino;7/1/2022;-78.65141
A-2022-01-177;00:00.0;DESPISTE;2;0;1;LA LIBERTAD;BOLIVAR;BAMBAMARCA;RURAL;CARRETERA;DEPARTAMENTAL;LI-125;-7.545864;DESPEJADO;RURAL;CURVA;INCLINADA;TROCHA;NULL;NULL;NULL;NULL;EN PROCESO DE INVESTIGACIÓN;NO CUENTA CON CAUSA ESPECIFICA;Bambamarca;7/1/2022;-77.706634
A-2022-01-227;30:00.0;CHOQUE;1;1;2;UCAYALI;CORONEL PORTILLO;CALLERIA;URBANA;AVENIDA;URBANO;NO CORRESPONDE;-8.383484;DESPEJADO;COMERCIAL;INTERSECCIÓN;PLANA ;CONCRETO;SI;REGULADORA (R);NULL;NO;IMPRUDENCIA DEL CONDUCTOR;CONDUCIR EN SENTIDO CONTRARIO;Avenida Amazonas;7/1/2022;-74.555648
A-2022-01-195;30:00.0;DESPISTE;3;1;NULL;LIMA;HUAURA;HUACHO;RURAL;CARRETERA;NACIONAL;PE-1N;-11.214711;DESPEJADO;RURAL;TRAMO RECTO;PLANA ;ASFALTADA;SI;REGULADORA (R);INFORMATIVA (I);NO;IMPRUDENCIA DEL CONDUCTOR;EXCESO DE VELOCIDAD;Carretera Panamericana Norte;8/1/2022;-77.554491
A-2022-01-35;30:00.0;CHOQUE;1;0;2;SAN MARTIN;MOYOBAMBA;MOYOBAMBA;URBANA;CARRETERA;NACIONAL;PE-5N;-6.05455;DESPEJADO;RURAL;TRAMO RECTO;PLANA ;ASFALTADA;NULL;NULL;NULL;NULL;IMPRUDENCIA DEL CONDUCTOR;CONDUCIR EN ESTADO DE EBRIEDAD Y/O DROGADICCIÓN;Carretera Presidente Fernando Belaúnde Terry;8/1/2022;-76.936736
A-2022-01-17;40:00.0;DESPISTE;1;0;1;ICA;PISCO;PARACAS;RURAL;CARRETERA;PROVINCIAL;IC-602;-13.884703;DESPEJADO;RURAL;TRAMO RECTO;PLANA ;TROCHA;NULL;NULL;NULL;NULL;EN PROCESO DE INVESTIGACIÓN;NO CUENTA CON CAUSA ESPECIFICA;IC-602;8/1/2022;-76.3207
A-2022-01-16;34:00.0;ATROPELLO;1;0;1;PUNO;EL COLLAO;ILAVE;RURAL;CARRETERA;NACIONAL;PE-38A;-16.135414;DESPEJADO;RURAL;TRAMO RECTO;PLANA ;ASFALTADA;NO;NULL;NULL;SI;IMPRUDENCIA DEL CONDUCTOR;OTRO (IMPRUDENCIA DEL CONDUCTOR);Carretera Mazocruz - Ilave;9/1/2022;-69.643697
A-2022-01-178;10:00.0;DESPISTE;1;0;1;LA LIBERTAD;PACASMAYO;GUADALUPE;RURAL;CARRETERA;NACIONAL;PE-08;-7.299342;DESPEJADO;RURAL;TRAMO RECTO;PLANA ;ASFALTADA;NULL;NULL;NULL;NULL;EN PROCESO DE INVESTIGACIÓN;NO CUENTA CON CAUSA ESPECIFICA;Carretera Ciudad de Dios - Cajamarca;9/1/2022;-79.415822
A-2022-01-289;20:00.0;CHOQUE;3;2;2;AREQUIPA;CARAVELI;LOMAS;RURAL;CARRETERA;NACIONAL;PE-1S;-15.481438;DESPEJADO;RURAL;TRAMO RECTO;INCLINADA;ASFALTADA;NULL;NULL;NULL;NULL;EN PROCESO DE INVESTIGACIÓN;NO CUENTA CON CAUSA ESPECIFICA;Carretera Panamericana Sur;9/1/2022;-74.859667
A-2022-01-57;40:00.0;DESPISTE;2;1;1;CAJAMARCA;CUTERVO;SOCOTA;RURAL;CARRETERA;PROVINCIAL;CA-788;-6.30739;DESPEJADO;RURAL;TRAMO RECTO;PLANA ;AFIRMADO;NULL;NULL;NULL;NULL;EN PROCESO DE INVESTIGACIÓN;NO CUENTA CON CAUSA ESPECIFICA;CA-788;9/1/2022;-78.663099
A-2022-01-111;10:00.0;ATROPELLO;1;0;0;LIMA;LIMA;SAN BARTOLO;URBANA;CARRETERA;NACIONAL;PE-1S;-12.385165;DESPEJADO;INDUSTRIAL;PUENTE;PLANA ;ASFALTADA;NULL;NULL;NULL;NULL;IMPRUDENCIA DEL PEATÓN;CRUCE INDEBIDO POR LA CALZADA;Carretera Panamericana Sur;9/1/2022;-76.770449
A-2022-01-63;30:00.0;CHOQUE;1;0;1;SAN MARTIN;RIOJA;AWAJUN;RURAL;CARRETERA;NACIONAL;PE-5N;-5.790776;DESPEJADO;RURAL;TRAMO RECTO;PLANA ;ASFALTADA;NULL;NULL;NULL;NULL;IMPRUDENCIA DEL CONDUCTOR;OTRO (IMPRUDENCIA DEL CONDUCTOR);Carretera Presidente Fernando Belaúnde Terry;9/1/2022;-77.41728
A-2022-01-311;05:00.0;CHOQUE;1;0;2;JUNIN;SATIPO;PANGOA;RURAL;CARRETERA;NACIONAL;PE-28C;-11.474393;DESPEJADO;RURAL;TRAMO RECTO;INCLINADA;ASFALTADA;SI;PREVENTIVA (P);NULL;NO;IMPRUDENCIA DEL CONDUCTOR;EXCESO DE VELOCIDAD;PE-28C;9/1/2022;-74.47939
A-2022-01-180;14:00.0;ATROPELLO;1;0;1;LA LIBERTAD;VIRU;CHAO;RURAL;AVENIDA;URBANO;NO CORRESPONDE;-8.504148;DESPEJADO;RURAL;TRAMO RECTO;PLANA ;AFIRMADO;NULL;NULL;NULL;NULL;IMPRUDENCIA DEL CONDUCTOR;OTRO (IMPRUDENCIA DEL CONDUCTOR);Nuevo Chao;9/1/2022;-78.686039
A-2022-01-282;50:00.0;DESPISTE;1;2;1;PIURA;HUANCABAMBA;HUANCABAMBA;RURAL;CARRETERA;PROVINCIAL;PI-848;-5.236725;DESPEJADO;RURAL;CURVA;INCLINADA;TROCHA;NULL;NULL;NULL;NULL;EN PROCESO DE INVESTIGACIÓN;NO CUENTA CON CAUSA ESPECIFICA;PI-848;9/1/2022;-79.416748
A-2022-01-77;50:00.0;DESPISTE;1;0;1;PIURA;SECHURA;CRISTO NOS VALGA;RURAL;AVENIDA;URBANO;NO CORRESPONDE;-5.497837;DESPEJADO;RURAL;TRAMO RECTO;INCLINADA;TROCHA;NULL;NULL;NULL;NULL;EN PROCESO DE INVESTIGACIÓN;NO CUENTA CON CAUSA ESPECIFICA;San Cristo;9/1/2022;-80.73846
A-2022-01-333;50:00.0;DESPISTE;1;0;1;LIMA;HUAURA;SANTA MARIA;URBANA;CARRETERA;NACIONAL;PE-1N;-11.09203;DESPEJADO;RURAL;TRAMO RECTO;PLANA ;ASFALTADA;NULL;NULL;NULL;NULL;IMPRUDENCIA DEL CONDUCTOR;FATIGA Y/O CANSANCIO;Carretera Panamericana Norte;10/1/2022;-77.58439
A-2022-01-312;30:00.0;ATROPELLO;1;0;1;JUNIN;TARMA;TARMA;RURAL;CARRETERA;NACIONAL;PE-22B;-11.398206;DESPEJADO;RURAL;TRAMO RECTO;PLANA ;ASFALTADA;SI;REGULADORA (R);INFORMATIVA (I);NO;IMPRUDENCIA DEL PEATÓN;ESTADO DE EBRIEDAD Y/O DROGADICCIÓN;Avenida Manuel Odría;10/1/2022;-75.686853
A-2022-01-59;45:00.0;DESPISTE;1;0;1;AREQUIPA;AREQUIPA;CAYMA;RURAL;CARRETERA;PROVINCIAL;AR-753;-16.28191;NUBLADO;RURAL;TRAMO RECTO;INCLINADA;ASFALTADA;NO;NULL;NULL;SI;EN PROCESO DE INVESTIGACIÓN;NO CUENTA CON CAUSA ESPECIFICA;AR-753;10/1/2022;-71.475033
A-2022-01-120;25:00.0;DESPISTE;1;0;0;LIMA;LIMA;SANTIAGO DE SURCO;URBANA;CARRETERA;NACIONAL;PE-1S;-12.124372;DESPEJADO;RESIDENCIAL;INTERSECCIÓN;PLANA ;ASFALTADA;NULL;NULL;NULL;NULL;EN PROCESO DE INVESTIGACIÓN;NO CUENTA CON CAUSA ESPECIFICA;Túnel Benavides;10/1/2022;-76.977199
A-2022-01-319;30:00.0;CHOQUE;1;0;NULL;ANCASH;SANTA;NUEVO CHIMBOTE;URBANA;CARRETERA;NACIONAL;PE-1N;-9.152771;DESPEJADO;RESIDENCIAL;TRAMO RECTO;PLANA ;ASFALTADA;NULL;NULL;NULL;NULL;EN PROCESO DE INVESTIGACIÓN;NO CUENTA CON CAUSA ESPECIFICA;Panamericana Norte;10/1/2022;-78.50487
A-2022-01-20;15:00.0;DESPISTE;1;0;1;PUNO;EL COLLAO;ILAVE;RURAL;CARRETERA;PROVINCIAL;PU-1152;-16.035397;DESPEJADO;RURAL;SINUOSA;INCLINADA;ASFALTADA;NULL;NULL;NULL;NULL;IMPRUDENCIA DEL CONDUCTOR;OTRO (IMPRUDENCIA DEL CONDUCTOR);Camicachi;10/1/2022;-69.57523
A-2022-01-193;00:00.0;ATROPELLO;1;0;1;LIMA;HUAURA;SAYAN;RURAL;CARRETERA;NACIONAL;PE-18;-11.187993;DESPEJADO;RURAL;TRAMO RECTO;PLANA ;ASFALTADA;NULL;NULL;NULL;NULL;IMPRUDENCIA DEL PEATÓN;ESTADO DE EBRIEDAD Y/O DROGADICCIÓN;Carretera Huaral - Sayán;10/1/2022;-77.303195
A-2022-01-232;00:00.0;CHOQUE;2;1;2;CUSCO;ESPINAR;CONDOROMA;RURAL;CARRETERA;NACIONAL;PE-34J;-15.24649;DESPEJADO;RURAL;CURVA;PLANA ;ASFALTADA;SI;PREVENTIVA (P);INFORMATIVA (I);NO;IMPRUDENCIA DEL CONDUCTOR;EXCESO DE VELOCIDAD;Carretera Condoroma - Negro Mayo;10/1/2022;-71.151257
A-2022-01-211;55:00.0;ATROPELLO;1;0;1;LAMBAYEQUE;CHICLAYO;MONSEFU;RURAL;CARRETERA;DEPARTAMENTAL;LA-115;-6.882099;DESPEJADO;RURAL;TRAMO RECTO;PLANA ;ASFALTADA;NULL;NULL;NULL;NULL;EN PROCESO DE INVESTIGACIÓN;NO CUENTA CON CAUSA ESPECIFICA;Carretera Santa Rosa - Monsefú;11/1/2022;-79.901293
A-2022-01-320;30:00.0;CHOQUE;1;1;NULL;ANCASH;CASMA;CASMA;URBANA;CARRETERA;NACIONAL;PE-1N;-9.47325;DESPEJADO;COMERCIAL;INTERSECCIÓN;PLANA ;ASFALTADA;NULL;NULL;NULL;NULL;EN PROCESO DE INVESTIGACIÓN;NO CUENTA CON CAUSA ESPECIFICA;Avenida Magdalena;11/1/2022;-78.30741
A-2022-01-344;50:00.0;CHOQUE;1;0;2;TACNA;TACNA;TACNA;RURAL;CARRETERA;NACIONAL;PE-1S;-18.164303;DESPEJADO;RURAL;TRAMO RECTO;PLANA ;ASFALTADA;NULL;NULL;NULL;NULL;IMPRUDENCIA DEL CONDUCTOR;EXCESO DE VELOCIDAD;Carretera Panamericana Sur;11/1/2022;-70.335535
A-2022-01-31;00:00.0;ATROPELLO FUGA;1;0;0;PUNO;EL COLLAO;ILAVE;RURAL;CARRETERA;PROVINCIAL;PU-1166;-16.084887;DESPEJADO;RURAL;TRAMO RECTO;PLANA ;AFIRMADO;NULL;NULL;NULL;NULL;EN PROCESO DE INVESTIGACIÓN;NO CUENTA CON CAUSA ESPECIFICA;San Cristobal de Balsabe;11/1/2022;-69.617357
A-2022-01-121;00:00.0;CHOQUE CON OBJETO FIJO;1;0;1;LIMA;LIMA;EL AGUSTINO;URBANA;AUTOPISTA;URBANO;NO CORRESPONDE;-12.030628;DESPEJADO;INDUSTRIAL;INTERSECCIÓN;PLANA ;ASFALTADA;NULL;NULL;NULL;NULL;IMPRUDENCIA DEL CONDUCTOR;VEHÍCULO MAL ESTACIONADO;El Agustino;12/1/2022;-76.994509
A-2022-01-37;10:00.0;VOLCADURA;1;1;1;TUMBES;TUMBES;TUMBES;URBANA;AVENIDA;URBANO;NO CORRESPONDE;-3.581578;DESPEJADO;RURAL;CURVA;PLANA ;ASFALTADA;NULL;NULL;NULL;NULL;IMPRUDENCIA DEL CONDUCTOR;EXCESO DE VELOCIDAD;Avenida Presidente Fernando Belaúnde Terry;12/1/2022;-80.41128
A-2022-01-83;50:00.0;DESPISTE;1;1;1;HUANCAVELICA;TAYACAJA;QUICHUAS;RURAL;CARRETERA;NACIONAL;PE-3S;-12.496579;DESPEJADO;RURAL;CURVA;INCLINADA;ASFALTADA;SI;PREVENTIVA (P);NULL;NO;EN PROCESO DE INVESTIGACIÓN;NO CUENTA CON CAUSA ESPECIFICA;Carretera Longitudinal de la Sierra Sur;12/1/2022;-74.720855
A-2022-01-212;10:00.0;DESPISTE;1;2;1;LAMBAYEQUE;CHICLAYO;MONSEFU;RURAL;CARRETERA;DEPARTAMENTAL;LA-115;-6.882256;SOLEADO;RURAL;TRAMO RECTO;PLANA ;ASFALTADA;NULL;NULL;NULL;NULL;EN PROCESO DE INVESTIGACIÓN;NO CUENTA CON CAUSA ESPECIFICA;Carretera Santa Rosa - Monsefú;12/1/2022;-79.902413
A-2022-01-213;22:00.0;ATROPELLO;1;0;1;LAMBAYEQUE;CHICLAYO;LAGUNAS;RURAL;CARRETERA;NACIONAL;PE-1N;-6.929355;DESPEJADO;RURAL;TRAMO RECTO;PLANA ;ASFALTADA;NULL;NULL;NULL;NULL;EN PROCESO DE INVESTIGACIÓN;NO CUENTA CON CAUSA ESPECIFICA;Carretera Panamericana Norte;12/1/2022;-79.738635
A-2022-01-335;20:00.0;CHOQUE;1;0;2;ICA;CHINCHA;ALTO LARAN;URBANA;CARRETERA;NACIONAL;PE-1S;-13.444163;DESPEJADO;COMERCIAL;TRAMO RECTO;PLANA ;ASFALTADA;NULL;NULL;NULL;NULL;NEGLIGENCIA DEL CONDUCTOR;OTRO (NEGLIGENCIA DEL CONDUCTOR);Antigua Carretera Panamericana Sur;13/1/2022;-76.135511
A-2022-01-249;30:00.0;ATROPELLO FUGA;1;0;NULL;CUSCO;ANTA;ANTA;URBANA;CARRETERA;NACIONAL;PE-3S;-13.465645;DESPEJADO;COMERCIAL;CURVA;PLANA ;ASFALTADA;NULL;NULL;NULL;NULL;IMPRUDENCIA DEL CONDUCTOR;EXCESO DE VELOCIDAD;Avenida Jaquijahuana;13/1/2022;-72.140407
A-2022-01-114;12:00.0;CHOQUE;2;2;2;PIURA;HUANCABAMBA;HUARMACA;RURAL;CARRETERA;NACIONAL;PE-04B;-5.883344;DESPEJADO;RURAL;TRAMO RECTO;INCLINADA;ASFALTADA;NULL;NULL;NULL;NULL;EN PROCESO DE INVESTIGACIÓN;NO CUENTA CON CAUSA ESPECIFICA;Carretera Interoceánica Norte;13/1/2022;-79.537538
A-2022-01-34;20:00.0;CHOQUE;1;0;2;PUNO;EL COLLAO;ILAVE;RURAL;CARRETERA;NACIONAL;PE-3S;-16.093484;DESPEJADO;RURAL;INTERSECCIÓN;PLANA ;ASFALTADA;SI;INFORMATIVA (I);NULL;SI;IMPRUDENCIA DEL CONDUCTOR;GIRAR IMPRUDENTEMENTE;Carretera Longitudinal de la Sierra Sur;13/1/2022;-69.626166
A-2022-01-216;45:00.0;ATROPELLO FUGA;1;0;0;LAMBAYEQUE;CHICLAYO;CHICLAYO;URBANA;CALLE;URBANO;NO CORRESPONDE;-6.766787;DESPEJADO;COMERCIAL;TRAMO RECTO;PLANA ;ASFALTADA;NULL;NULL;NULL;NULL;EN PROCESO DE INVESTIGACIÓN;NO CUENTA CON CAUSA ESPECIFICA;Calle 7 de Enero;13/1/2022;-79.836848
A-2022-01-123;00:00.0;CHOQUE;1;0;0;LIMA;LIMA;LIMA;URBANA;AVENIDA;URBANO;NO CORRESPONDE;-12.0438;DESPEJADO;INDUSTRIAL;PUENTE;PLANA ;ASFALTADA;NULL;NULL;NULL;NULL;EN PROCESO DE INVESTIGACIÓN;NO CUENTA CON CAUSA ESPECIFICA;Vía de Evitamiento;13/1/2022;-77.024573
A-2022-01-189;00:00.0;DESPISTE;1;0;1;CAJAMARCA;CAJAMARCA;ASUNCION;RURAL;CARRETERA;DEPARTAMENTAL;CA-106;-7.331981;DESPEJADO;RURAL;CURVA;INCLINADA;AFIRMADO;NULL;NULL;NULL;NULL;EN PROCESO DE INVESTIGACIÓN;NO CUENTA CON CAUSA ESPECIFICA;CA-106;13/1/2022;-78.52511
A-2022-01-188;00:00.0;DESPISTE;2;1;1;PUNO;CARABAYA;SAN GABAN;RURAL;CARRETERA;NACIONAL;PE-34B;-13.403764;DESPEJADO;RURAL;TRAMO RECTO;PLANA ;ASFALTADA;NULL;NULL;NULL;NULL;IMPRUDENCIA DEL CONDUCTOR;FATIGA Y/O CANSANCIO;Carretera Interoceánica Puno - Madre de Dios;14/1/2022;-70.30895
A-2022-01-302;30:00.0;CHOQUE;1;2;2;LA LIBERTAD;VIRU;CHAO;RURAL;CARRETERA;SIN CLASIFICAR;SIN CLASIFICAR;-8.548748;DESPEJADO;RURAL;TRAMO RECTO;PLANA ;TROCHA;NULL;NULL;NULL;NULL;IMPRUDENCIA DEL CONDUCTOR;OTRO (IMPRUDENCIA DEL CONDUCTOR);Marverde;14/1/2022;-78.654733
A-2022-01-124;30:00.0;ATROPELLO;1;0;0;LIMA;LIMA;SAN JUAN DE LURIGANCHO;RURAL;CALLE;URBANO;NO CORRESPONDE;-11.881755;DESPEJADO;RURAL;TRAMO RECTO;PLANA ;AFIRMADO;NULL;NULL;NULL;NULL;EN PROCESO DE INVESTIGACIÓN;NO CUENTA CON CAUSA ESPECIFICA;San Juan de Lurigancho;14/1/2022;-76.947732
A-2022-01-130;30:00.0;VOLCADURA;1;0;1;SAN MARTIN;SAN MARTIN;LA BANDA DE SHILCAYO;RURAL;CARRETERA;NACIONAL;PE-5NB;-6.462043;DESPEJADO;RURAL;CURVA;INCLINADA;ASFALTADA;NO;NULL;NULL;SI;IMPRUDENCIA DEL CONDUCTOR;EXCESO DE VELOCIDAD;PE-5NB;14/1/2022;-76.307526
A-2022-01-125;50:00.0;ATROPELLO;1;0;0;LIMA;LIMA;PUENTE PIEDRA;URBANA;CARRETERA;NACIONAL;PE-1N;-11.913491;DESPEJADO;COMERCIAL;TRAMO RECTO;PLANA ;ASFALTADA;NULL;NULL;NULL;NULL;IMPRUDENCIA DEL CONDUCTOR;EXCESO DE VELOCIDAD;Avenida Panamericana Norte;14/1/2022;-77.073818
A-2022-01-172;30:00.0;VOLCADURA;1;1;1;PIURA;MORROPON;CHULUCANAS;RURAL;CARRETERA;NACIONAL;PE-1NJ;-5.169457;DESPEJADO;COMERCIAL;TRAMO RECTO;PLANA ;ASFALTADA;NULL;NULL;NULL;NULL;EN PROCESO DE INVESTIGACIÓN;NO CUENTA CON CAUSA ESPECIFICA;Carretera Interoceánica Norte;15/1/2022;-80.18693
A-2022-01-313;00:00.0;CHOQUE;1;0;2;JUNIN;SATIPO;SATIPO;RURAL;CARRETERA;NACIONAL;PE-24A;-11.247686;DESPEJADO;RURAL;INTERSECCIÓN;PLANA ;ASFALTADA;NULL;NULL;NULL;NULL;EN PROCESO DE INVESTIGACIÓN;NO CUENTA CON CAUSA ESPECIFICA;Avenida Antonio Raymondi Norte;15/1/2022;-74.637192
A-2022-01-43;10:00.0;ATROPELLO;1;0;NULL;TUMBES;ZARUMILLA;PAPAYAL;RURAL;CARRETERA;SIN CLASIFICAR;SIN CLASIFICAR;-3.61342;DESPEJADO;RURAL;CURVA;INCLINADA;TROCHA;NULL;NULL;NULL;NULL;IMPRUDENCIA DEL CONDUCTOR;EXCESO DE VELOCIDAD;Carcabón;15/1/2022;-80.19236
A-2022-01-288;30:00.0;CHOQUE;1;0;2;AREQUIPA;CARAVELI;ATICO;RURAL;CARRETERA;NACIONAL;PE-1S;-16.242134;DESPEJADO;RURAL;TRAMO RECTO;INCLINADA;ASFALTADA;NULL;NULL;NULL;NULL;EN PROCESO DE INVESTIGACIÓN;NO CUENTA CON CAUSA ESPECIFICA;Carretera Panamericana Sur;15/1/2022;-73.57263
A-2022-01-297;35:00.0;ATROPELLO FUGA;1;0;NULL;JUNIN;HUANCAYO;HUANCAYO;URBANA;AVENIDA;URBANO;NO CORRESPONDE;-12.069688;DESPEJADO;COMERCIAL;TRAMO RECTO;PLANA ;ASFALTADA;NULL;NULL;NULL;NULL;IMPRUDENCIA DEL CONDUCTOR;OTRO (IMPRUDENCIA DEL CONDUCTOR);Jirón Los Comuneros;15/1/2022;-75.199547
A-2022-01-165;00:00.0;DESPISTE;1;0;1;PUNO;CARABAYA;MACUSANI;RURAL;CARRETERA;NACIONAL;PE-34B;-14.095138;DESPEJADO;RURAL;CURVA;PLANA ;ASFALTADA;NULL;NULL;NULL;NULL;IMPRUDENCIA DEL CONDUCTOR;EXCESO DE VELOCIDAD;Carretera Interoceánica Puno - Madre de Dios;15/1/2022;-70.38342