CÓDIGO SINIESTRO;HORA SINIESTRO;CLASE SINIESTRO;CANTIDAD DE FALLECIDOS;CANTIDAD DE LESIONADOS;CANTIDAD DE VEHICULOS DAÑADOS;DEPARTAMENTO;PROVINCIA;DISTRITO;ZONA;TIPO DE VÍA;RED VIAL;COD CARRETERA;COORDENADAS LATITUD;CONDICIÓN CLIMÁTICA;ZONIFICACIÓN;CARACTERÍSTICAS DE VÍA;PERFIL LONGITUDINAL VÍA;SUPERFICIE DE CALZADA;¿EXISTE SEÑAL VERTICAL?;CLASIFICACIÓN DE LA SEÑAL VERTICAL Nº 1;CLASIFICACIÓN DE LA SEÑAL VERTICAL Nº 2;¿EXISTE SEÑAL HORIZONTAL?;CAUSA FACTOR PRINCIPAL;CAUSA ESPECÍFICA;UBICACION;FECHA SINIESTRO;COORDENADAS LONGITUD
A-2022-01-251;50:00.0;ATROPELLO;1;0;1;CUSCO;CANCHIS;MARANGANI;RURAL;CARRETERA;NACIONAL;PE-3S;-14.386878;DESPEJADO;RURAL;TRAMO RECTO;PLANA ;ASFALTADA;NULL;NULL;NULL;NULL;IMPRUDENCIA DEL CONDUCTOR;EXCESO DE VELOCIDAD;Carretera Longitudinal de la Sierra Sur;15/1/2022;-71.13784
A-2022-01-217;00:00.0;CHOQUE;1;2;2;LAMBAYEQUE;LAMBAYEQUE;MORROPE;RURAL;CARRETERA;NACIONAL;PE-1N;-6.576851;LLUVIOSO;RURAL;TRAMO RECTO;PLANA ;ASFALTADA;NULL;NULL;NULL;NULL;EN PROCESO DE INVESTIGACIÓN;NO CUENTA CON CAUSA ESPECIFICA;Carretera Panamericana Norte;15/1/2022;-79.988526
A-2022-01-314;00:00.0;DESPISTE;1;1;NULL;JUNIN;CHANCHAMAYO;PERENE;RURAL;CARRETERA;NACIONAL;PE-5S;-10.942997;NULL;NULL;NULL;NULL;NULL;NULL;NULL;NULL;NULL;EN PROCESO DE INVESTIGACIÓN;NO CUENTA CON CAUSA ESPECIFICA;Carretera Longitudinal de la Selva Sur;15/1/2022;-75.217836
A-2022-01-93;00:00.0;CHOQUE;1;2;2;SAN MARTIN;RIOJA;NUEVA CAJAMARCA;URBANA;CARRETERA;NACIONAL;PE-5N;-5.933622;DESPEJADO;COMERCIAL;TRAMO RECTO;PLANA ;CONCRETO;NULL;NULL;NULL;NULL;EN PROCESO DE INVESTIGACIÓN;NO CUENTA CON CAUSA ESPECIFICA;Carretera Presidente Fernando Belaúnde Terry;15/1/2022;-77.311038
A-2022-01-50;30:00.0;ATROPELLO FUGA;1;0;1;PUNO;EL COLLAO;ILAVE;URBANA;AVENIDA;URBANO;NO CORRESPONDE;-16.083695;DESPEJADO;RURAL;TRAMO RECTO;PLANA ;ASFALTADA;NULL;NULL;NULL;NULL;IMPRUDENCIA DEL CONDUCTOR;OTRO (IMPRUDENCIA DEL CONDUCTOR);Avenida Puno;16/1/2022;-69.644957
A-2022-01-252;40:00.0;DESPISTE;1;0;1;CUSCO;PAUCARTAMBO;PAUCARTAMBO;RURAL;CARRETERA;DEPARTAMENTAL;CU-113;-13.347778;LLUVIOSO;RURAL;CURVA;PLANA ;ASFALTADA;NULL;NULL;NULL;NULL;NEGLIGENCIA DEL CONDUCTOR;OTRO (NEGLIGENCIA DEL CONDUCTOR);CU-113;16/1/2022;-71.572162
A-2022-01-51;05:00.0;DESPISTE;2;1;1;PUNO;CHUCUITO;POMATA;RURAL;CARRETERA;NACIONAL;PE-3S;-16.369813;DESPEJADO;RURAL;TRAMO RECTO;PLANA ;ASFALTADA;NO;NULL;NULL;SI;IMPRUDENCIA DEL CONDUCTOR;GIRAR IMPRUDENTEMENTE;Carretera Longitudinal de la Sierra Sur;16/1/2022;-69.224985
A-2022-01-80;01:00.0;CHOQUE;2;3;2;AREQUIPA;AREQUIPA;LA JOYA;URBANA;CARRETERA;NACIONAL;PE-1S;-16.513352;DESPEJADO;RESIDENCIAL;TRAMO RECTO;PLANA ;ASFALTADA;NO;NULL;NULL;SI;EN PROCESO DE INVESTIGACIÓN;NO CUENTA CON CAUSA ESPECIFICA;Carretera Panamericana Sur;16/1/2022;-71.808412
A-2022-01-81;06:00.0;DESPISTE;1;3;1;AREQUIPA;AREQUIPA;MARIANO MELGAR;URBANA;CALLE;URBANO;NO CORRESPONDE;-16.395862;NUBLADO;RESIDENCIAL;INTERSECCIÓN;PLANA ;ASFALTADA;NULL;NULL;NULL;NULL;EN PROCESO DE INVESTIGACIÓN;NO CUENTA CON CAUSA ESPECIFICA;Calle Capitán Novoa;16/1/2022;-71.506317
A-2022-01-113;20:00.0;ATROPELLO;1;0;1;TUMBES;TUMBES;TUMBES;RURAL;CARRETERA;NACIONAL;PE-1N;-3.534944;DESPEJADO;RURAL;TRAMO RECTO;PLANA ;ASFALTADA;NULL;NULL;NULL;NULL;IMPRUDENCIA DEL CONDUCTOR;EXCESO DE VELOCIDAD;Carretera Panamericana Norte;16/1/2022;-80.377158
A-2022-01-61;00:00.0;CHOQUE;1;0;2;TACNA;TACNA;CORONEL GREGORIO ALBARRACIN LANCHIPA;URBANA;CARRETERA;PROVINCIAL;TA-634;-18.055143;DESPEJADO;COMERCIAL;INTERSECCIÓN;PLANA ;ASFALTADA;SI;PREVENTIVA (P);PREVENTIVA (P);NO;IMPRUDENCIA DEL CONDUCTOR;CONDUCIR EN ESTADO DE EBRIEDAD Y/O DROGADICCIÓN;Prolongación Avenida Municipal;17/1/2022;-70.243578
A-2023-10-119;10:00.0;DESPISTE;1;0;NULL;LIMA;LIMA;SAN MARTIN DE PORRES;URBANA;AVENIDA;URBANO;NO CORRESPONDE;-11.994584;DESPEJADO;RESIDENCIAL;INTERSECCIÓN;PLANA ;ASFALTADA;NULL;NULL;NULL;NULL;EN PROCESO DE INVESTIGACIÓN;NO CUENTA CON CAUSA ESPECIFICA;Avenida Pacasmayo;22/10/2023;-77.109694
A-2023-10-167;00:00.0;DESPISTE;1;1;1;CAJAMARCA;CAJAMARCA;ENCAÑADA;RURAL;CARRETERA;NACIONAL;PE-08B;-7.115858;DESPEJADO;RURAL;CURVA;INCLINADA;ASFALTADA;NO;NULL;NULL;SI;IMPRUDENCIA DEL CONDUCTOR;CONDUCIR EN ESTADO DE EBRIEDAD Y/O DROGADICCIÓN;Carretera Baños del Inca - Encañada;22/10/2023;-78.330569
A-2023-10-120;50:00.0;DESPISTE;1;0;NULL;LIMA;LIMA;PUNTA NEGRA;RURAL;CARRETERA;NACIONAL;PE-1S;-12.349599;DESPEJADO;RURAL;TRAMO RECTO;PLANA ;ASFALTADA;NULL;NULL;NULL;NULL;EN PROCESO DE INVESTIGACIÓN;NO CUENTA CON CAUSA ESPECIFICA;Carretera Panamericana Sur;22/10/2023;-76.807167
A-2023-10-169;26:00.0;DESPISTE;1;0;1;CAJAMARCA;SAN MARCOS;PEDRO GALVEZ;URBANA;CARRETERA;NACIONAL;PE-3N;-7.324751;DESPEJADO;RESIDENCIAL;TRAMO RECTO;INCLINADA;ASFALTADA;NO;NULL;NULL;SI;IMPRUDENCIA DEL CONDUCTOR;EXCESO DE VELOCIDAD;Carretera Longitudinal de la Sierra Norte;22/10/2023;-78.170838
A-2023-10-161;30:00.0;DESPISTE;5;0;1;CAJAMARCA;CONTUMAZA;CHILETE;RURAL;CARRETERA;NACIONAL;PE-1NF;-7.29805;DESPEJADO;RURAL;CURVA;INCLINADA;ASFALTADA;SI;PREVENTIVA (P);NULL;SI;IMPRUDENCIA DEL CONDUCTOR;OTRO (IMPRUDENCIA DEL CONDUCTOR);PE-1NF;22/10/2023;-78.806463
A-2023-10-89;00:00.0;CHOQUE CON OBJETO FIJO;1;0;NULL;JUNIN;JAUJA;RICRAN;RURAL;CARRETERA;DEPARTAMENTAL;JU-103;-11.555448;DESPEJADO;RURAL;TRAMO RECTO;PLANA ;TROCHA;NULL;NULL;NULL;NULL;EN PROCESO DE INVESTIGACIÓN;NO CUENTA CON CAUSA ESPECIFICA;Carretera Jauja - Palca;22/10/2023;-75.516474
A-2023-10-121;40:00.0;CHOQUE;2;0;NULL;LIMA;LIMA;CHORRILLOS;URBANA;CARRETERA;NACIONAL;PE-1S;-12.209975;DESPEJADO;INDUSTRIAL;TRAMO RECTO;PLANA ;ASFALTADA;NULL;NULL;NULL;NULL;EN PROCESO DE INVESTIGACIÓN;NO CUENTA CON CAUSA ESPECIFICA;Carretera Panamericana Sur;22/10/2023;-76.975538
A-2023-10-30;40:00.0;DESPISTE;1;11;NULL;AREQUIPA;AREQUIPA;CAYMA;URBANA;CALLE;URBANO;NO CORRESPONDE;-16.295228;DESPEJADO;COMERCIAL;TRAMO RECTO;INCLINADA;TROCHA;NULL;NULL;NULL;NULL;EN PROCESO DE INVESTIGACIÓN;NO CUENTA CON CAUSA ESPECIFICA;Cayma;22/10/2023;-71.544866
A-2023-10-134;00:00.0;ATROPELLO;1;0;1;AYACUCHO;HUANTA;HUANTA;URBANA;CARRETERA;PROVINCIAL;AY-619;-12.938411;DESPEJADO;RESIDENCIAL;TRAMO RECTO;INCLINADA;ASFALTADA;SI;PREVENTIVA (P);NULL;NO;IMPRUDENCIA DEL PEATÓN;CRUCE INDEBIDO POR LA CALZADA;Jirón Recaredo Alvarado;22/10/2023;-74.250212
A-2023-10-135;00:00.0;ATROPELLO FUGA;1;0;2;TACNA;TACNA;LA YARADA LOS PALOS;RURAL;CARRETERA;NACIONAL;PE-1SD;-18.150442;DESPEJADO;RURAL;TRAMO RECTO;PLANA ;ASFALTADA;NULL;NULL;NULL;NULL;IMPRUDENCIA DEL PEATÓN;CRUCE INDEBIDO POR LA CALZADA;Carretera Costanera Sur;22/10/2023;-70.444978
A-2023-10-78;00:00.0;CHOQUE;1;9;2;ICA;CHINCHA;CHINCHA BAJA;RURAL;CARRETERA;NACIONAL;PE-1S;-13.490222;DESPEJADO;RURAL;TRAMO RECTO;PLANA ;ASFALTADA;NULL;NULL;NULL;NULL;EN PROCESO DE INVESTIGACIÓN;NO CUENTA CON CAUSA ESPECIFICA;Antigua Carretera Panamericana Sur;22/10/2023;-76.139538
A-2023-10-52;50:00.0;CHOQUE CON OBJETO FIJO;1;0;1;PUNO;YUNGUYO;YUNGUYO;URBANA;CARRETERA;PROVINCIAL;PU-1309;-16.241691;DESPEJADO;COMERCIAL;TRAMO RECTO;PLANA ;ASFALTADA;NULL;NULL;NULL;NULL;INFRAESTRUCTURA Y ENTORNO VIAL;OBRAS TEMPORALES;Avenida 28 de Julio;23/10/2023;-69.092277
A-2023-10-137;10:00.0;CHOQUE CON OBJETO FIJO;1;0;1;TACNA;TACNA;TACNA;URBANA;AVENIDA;URBANO;NO CORRESPONDE;-18.010286;DESPEJADO;COMERCIAL;TRAMO RECTO;PLANA ;ASFALTADA;NULL;NULL;NULL;NULL;IMPRUDENCIA DEL CONDUCTOR;CONDUCIR EN ESTADO DE EBRIEDAD Y/O DROGADICCIÓN;Avenida San Martín;23/10/2023;-70.246081
A-2023-10-124;00:00.0;CHOQUE;1;0;NULL;LIMA;LIMA;LURIN;RURAL;CARRETERA;NACIONAL;PE-1S;-12.276582;DESPEJADO;RURAL;TRAMO RECTO;PLANA ;ASFALTADA;NULL;NULL;NULL;NULL;EN PROCESO DE INVESTIGACIÓN;NO CUENTA CON CAUSA ESPECIFICA;Carretera Panamericana Sur;23/10/2023;-76.889057
A-2023-10-173;30:00.0;DESPISTE;1;0;1;CAJAMARCA;CAJAMARCA;COSPAN;RURAL;CARRETERA;PROVINCIAL;CA-1421;-7.477163;DESPEJADO;RESIDENCIAL;CURVA;INCLINADA;ASFALTADA;NULL;NULL;NULL;NULL;IMPRUDENCIA DEL CONDUCTOR;OTRO (IMPRUDENCIA DEL CONDUCTOR);Sunchubamba;23/10/2023;-78.426502
A-2023-10-160;20:00.0;DESPISTE;2;7;8;CAJAMARCA;CUTERVO;SOCOTA;RURAL;CARRETERA;PROVINCIAL;CA-789;-6.294487;DESPEJADO;RURAL;TRAMO RECTO;INCLINADA;AFIRMADO;NULL;NULL;NULL;NULL;IMPRUDENCIA DEL CONDUCTOR;NO DAR PASO PREFERENTE AL PEATÓN;Socota;23/10/2023;-78.662876
A-2023-10-72;50:00.0;DESPISTE;1;0;NULL;PIURA;MORROPON;LA MATANZA;RURAL;CARRETERA;NACIONAL;PE-02A;-5.239378;DESPEJADO;RURAL;TRAMO RECTO;PLANA ;ASFALTADA;NULL;NULL;NULL;NULL;EN PROCESO DE INVESTIGACIÓN;NO CUENTA CON CAUSA ESPECIFICA;PE-02A;24/10/2023;-80.080188
A-2023-10-125;00:00.0;CHOQUE;2;0;NULL;LIMA;LIMA;LURIN;RURAL;CARRETERA;NACIONAL;PE-1S;-12.262158;DESPEJADO;RURAL;TRAMO RECTO;PLANA ;ASFALTADA;NULL;NULL;NULL;NULL;EN PROCESO DE INVESTIGACIÓN;NO CUENTA CON CAUSA ESPECIFICA;Carretera Panamericana Sur;24/10/2023;-76.912015
A-2023-10-128;23:00.0;ATROPELLO;1;0;NULL;LIMA;LIMA;SURQUILLO;URBANA;AVENIDA;URBANO;NO CORRESPONDE;-12.112737;DESPEJADO;RESIDENCIAL;TRAMO RECTO;PLANA ;ASFALTADA;NULL;NULL;NULL;NULL;EN PROCESO DE INVESTIGACIÓN;NO CUENTA CON CAUSA ESPECIFICA;San Fernando;25/10/2023;-77.013696
A-2023-10-62;00:00.0;CHOQUE;5;47;2;CUSCO;ESPINAR;OCORURO;RURAL;CARRETERA;NACIONAL;PE-34J;-15.142256;DESPEJADO;RURAL;CURVA;PLANA ;ASFALTADA;SI;PREVENTIVA (P);REGULADORA (R);SI;IMPRUDENCIA DEL CONDUCTOR;INVASIÓN DE CARRIL;Carretera Alto Marquiri - Occoruro;25/10/2023;-71.122031
A-2023-10-122;40:00.0;ATROPELLO FUGA;1;0;NULL;LIMA;LIMA;LOS OLIVOS;URBANA;CARRETERA;NACIONAL;PE-1N;-11.943828;DESPEJADO;COMERCIAL;TRAMO RECTO;PLANA ;ASFALTADA;NULL;NULL;NULL;NULL;EN PROCESO DE INVESTIGACIÓN;NO CUENTA CON CAUSA ESPECIFICA;Avenida Panamericana Norte;25/10/2023;-77.071162
A-2023-10-56;10:00.0;DESPISTE;1;0;1;LA LIBERTAD;PACASMAYO;JEQUETEPEQUE;RURAL;CARRETERA;PROVINCIAL;LI-561;-7.345671;DESPEJADO;RURAL;TRAMO RECTO;PLANA ;AFIRMADO;NULL;NULL;NULL;NULL;IMPRUDENCIA DEL CONDUCTOR;OTRO (IMPRUDENCIA DEL CONDUCTOR);LI-561;25/10/2023;-79.52181
A-2023-10-127;45:00.0;ATROPELLO;1;0;NULL;LIMA;LIMA;SAN LUIS;URBANA;AVENIDA;URBANO;NO CORRESPONDE;-12.070043;DESPEJADO;COMERCIAL;TRAMO RECTO;PLANA ;ASFALTADA;NULL;NULL;NULL;NULL;EN PROCESO DE INVESTIGACIÓN;NO CUENTA CON CAUSA ESPECIFICA;Avenida Circunvalación;26/10/2023;-76.994928
A-2023-10-54;00:00.0;CHOQUE;1;1;2;PUNO;PUNO;COATA;RURAL;CARRETERA;DEPARTAMENTAL;PU-118;-15.565862;DESPEJADO;RURAL;TRAMO RECTO;PLANA ;ASFALTADA;NULL;NULL;NULL;NULL;IMPRUDENCIA DEL CONDUCTOR;GIRAR IMPRUDENTEMENTE;Carretera Coata - Capachica;26/10/2023;-69.956513
A-2023-10-123;30:00.0;ATROPELLO FUGA;1;0;NULL;LIMA;LIMA;LOS OLIVOS;URBANA;CARRETERA;NACIONAL;PE-1N;-11.937121;DESPEJADO;COMERCIAL;TRAMO RECTO;PLANA ;ASFALTADA;NULL;NULL;NULL;NULL;EN PROCESO DE INVESTIGACIÓN;NO CUENTA CON CAUSA ESPECIFICA;Avenida Panamericana Norte;27/10/2023;-77.071794
A-2023-10-126;30:00.0;ATROPELLO;1;0;NULL;LIMA;LIMA;SAN MARTIN DE PORRES;URBANA;AVENIDA;URBANO;NO CORRESPONDE;-11.993802;DESPEJADO;COMERCIAL;TRAMO RECTO;PLANA ;ASFALTADA;NULL;NULL;NULL;NULL;EN PROCESO DE INVESTIGACIÓN;NO CUENTA CON CAUSA ESPECIFICA;Calle 5;27/10/2023;-77.083867
A-2023-10-33;00:00.0;ATROPELLO;1;0;NULL;AREQUIPA;AREQUIPA;AREQUIPA;URBANA;CALLE;URBANO;NO CORRESPONDE;-16.39808;DESPEJADO;COMERCIAL;TRAMO RECTO;INCLINADA;ADOQUINADO;NULL;NULL;NULL;NULL;EN PROCESO DE INVESTIGACIÓN;NO CUENTA CON CAUSA ESPECIFICA;Francisco Bolognesi;27/10/2023;-71.54057
A-2023-10-143;00:00.0;ATROPELLO;1;0;1;PUNO;SAN ROMAN;JULIACA;URBANA;JIRÓN;URBANO;NO CORRESPONDE;-15.476914;DESPEJADO;COMERCIAL;INTERSECCIÓN;PLANA ;ASFALTADA;NULL;NULL;NULL;NULL;IMPRUDENCIA DEL CONDUCTOR;NO DAR PASO PREFERENTE AL PEATÓN;Avenida Daniel Alomias Robles;27/10/2023;-70.114829
A-2023-10-142;30:00.0;ATROPELLO;1;0;1;PUNO;SAN ROMAN;JULIACA;RURAL;CARRETERA;DEPARTAMENTAL;PU-124;-15.436153;DESPEJADO;RURAL;TRAMO RECTO;PLANA ;ASFALTADA;NULL;NULL;NULL;NULL;IMPRUDENCIA DEL PEATÓN;CRUCE INDEBIDO POR LA CALZADA;Carretera Unocolla;27/10/2023;-70.243903
A-2023-10-57;40:00.0;DESPISTE;1;1;1;LA LIBERTAD;CHEPEN;PACANGA;RURAL;CARRETERA;NACIONAL;PE-1N;-7.131068;DESPEJADO;RURAL;TRAMO RECTO;PLANA ;ASFALTADA;NULL;NULL;NULL;NULL;EN PROCESO DE INVESTIGACIÓN;NO CUENTA CON CAUSA ESPECIFICA;Carretera Panamericana Norte;27/10/2023;-79.473718
A-2023-10-31;45:00.0;ATROPELLO;2;0;NULL;ICA;ICA;SANTIAGO;URBANA;CARRETERA;NACIONAL;PE-1S;-14.2639;DESPEJADO;RESIDENCIAL;TRAMO RECTO;PLANA ;ASFALTADA;SI;PREVENTIVA (P);NULL;SI;EN PROCESO DE INVESTIGACIÓN;NO CUENTA CON CAUSA ESPECIFICA;Carretera Panamericana Sur;27/10/2023;-75.68571
A-2023-10-129;00:00.0;ATROPELLO;1;2;NULL;LIMA;LIMA;LURIGANCHO;URBANA;CARRETERA;NACIONAL;PE-22;-12.021163;DESPEJADO;INDUSTRIAL;TRAMO RECTO;PLANA ;ASFALTADA;NULL;NULL;NULL;NULL;EN PROCESO DE INVESTIGACIÓN;NO CUENTA CON CAUSA ESPECIFICA;Autopista Ramiro Prialé;28/10/2023;-76.929768
A-2023-10-130;30:00.0;ATROPELLO FUGA;1;0;NULL;LIMA;LIMA;EL AGUSTINO;URBANA;AVENIDA;URBANO;NO CORRESPONDE;-12.043439;DESPEJADO;RESIDENCIAL;TRAMO RECTO;PLANA ;ASFALTADA;NULL;NULL;NULL;NULL;EN PROCESO DE INVESTIGACIÓN;NO CUENTA CON CAUSA ESPECIFICA;Avenida 1 de Mayo;28/10/2023;-76.986029
A-2023-10-73;10:00.0;CHOQUE FUGA;1;0;NULL;PIURA;PIURA;CASTILLA;RURAL;CARRETERA;NACIONAL;PE-1NJ;-5.191842;DESPEJADO;RURAL;TRAMO RECTO;PLANA ;ASFALTADA;NULL;NULL;NULL;NULL;EN PROCESO DE INVESTIGACIÓN;NO CUENTA CON CAUSA ESPECIFICA;Avenida Guardia Civil;28/10/2023;-80.608285
A-2023-10-174;50:00.0;ATROPELLO;1;0;1;CAJAMARCA;JAEN;JAEN;URBANA;JIRÓN;URBANO;NO CORRESPONDE;-5.719662;DESPEJADO;RESIDENCIAL;TRAMO RECTO;INCLINADA;CONCRETO;NULL;NULL;NULL;NULL;IMPRUDENCIA DEL CONDUCTOR;EXCESO DE VELOCIDAD;Jorge Chávez;28/10/2023;-78.802067
A-2023-10-131;40:00.0;ATROPELLO;1;0;NULL;LIMA;LIMA;ATE;URBANA;CARRETERA;NACIONAL;PE-22;-12.00698;DESPEJADO;COMERCIAL;TRAMO RECTO;PLANA ;ASFALTADA;NULL;NULL;NULL;NULL;EN PROCESO DE INVESTIGACIÓN;NO CUENTA CON CAUSA ESPECIFICA;Carretera Central;29/10/2023;-76.853398
A-2023-10-48;40:00.0;CHOQUE;1;4;3;ICA;NASCA;NASCA;RURAL;CARRETERA;NACIONAL;PE-1S;-14.803779;DESPEJADO;RURAL;TRAMO RECTO;PLANA ;ASFALTADA;NULL;NULL;NULL;NULL;EN PROCESO DE INVESTIGACIÓN;NO CUENTA CON CAUSA ESPECIFICA;Carretera Panamericana Sur;29/10/2023;-75.000062
A-2023-10-84;20:00.0;DESPISTE;1;0;1;PUNO;HUANCANE;TARACO;RURAL;CARRETERA;SIN CLASIFICAR;SIN CLASIFICAR;-15.293861;DESPEJADO;RURAL;TRAMO RECTO;PLANA ;TROCHA;NULL;NULL;NULL;NULL;IMPRUDENCIA DEL CONDUCTOR;EXCESO DE VELOCIDAD;Taraco;29/10/2023;-69.977401
A-2023-10-132;10:00.0;CHOQUE;1;0;NULL;LIMA;LIMA;RIMAC;URBANA;CARRETERA;NACIONAL;PE-1N;-12.03665;DESPEJADO;COMERCIAL;TRAMO RECTO;PLANA ;ASFALTADA;NULL;NULL;NULL;NULL;EN PROCESO DE INVESTIGACIÓN;NO CUENTA CON CAUSA ESPECIFICA;Vía de Evitamiento;29/10/2023;-77.043149
A-2023-10-149;30:00.0;CHOQUE;1;0;2;PUNO;SAN ROMAN;SAN MIGUEL;URBANA;CARRETERA;NACIONAL;PE-3S;-15.480436;DESPEJADO;COMERCIAL;INTERSECCIÓN;PLANA ;ASFALTADA;NULL;NULL;NULL;NULL;IMPRUDENCIA DEL CONDUCTOR;INVASIÓN DE CARRIL;Avenida Manco Capac;29/10/2023;-70.130458
A-2023-10-93;10:00.0;ATROPELLO;1;0;NULL;LIMA;LIMA;CARABAYLLO;URBANA;AVENIDA;URBANO;NO CORRESPONDE;-11.892299;DESPEJADO;COMERCIAL;TRAMO RECTO;INCLINADA;ASFALTADA;NULL;NULL;NULL;NULL;EN PROCESO DE INVESTIGACIÓN;NO CUENTA CON CAUSA ESPECIFICA;Avenida Túpac Amaru;29/10/2023;-77.028136
A-2023-10-60;30:00.0;CHOQUE FUGA;1;0;NULL;PUNO;EL COLLAO;PILCUYO;RURAL;CARRETERA;DEPARTAMENTAL;PU-127;-16.106972;DESPEJADO;RURAL;TRAMO RECTO;PLANA ;ASFALTADA;NULL;NULL;NULL;NULL;IMPRUDENCIA DEL CONDUCTOR;EXCESO DE VELOCIDAD;PU-127;29/10/2023;-69.559169
A-2023-10-83;30:00.0;DESPISTE;1;0;NULL;PIURA;PIURA;LA ARENA;RURAL;CARRETERA;SIN CLASIFICAR;SIN CLASIFICAR;-5.352347;DESPEJADO;RURAL;CURVA;PLANA ;TROCHA;NULL;NULL;NULL;NULL;EN PROCESO DE INVESTIGACIÓN;NO CUENTA CON CAUSA ESPECIFICA;Laguna de los Prado;29/10/2023;-80.724214
A-2023-10-75;00:00.0;CHOQUE;1;0;NULL;PIURA;PIURA;VEINTISEIS DE OCTUBRE;URBANA;CARRETERA;NACIONAL;PE-1N;-5.1339;DESPEJADO;RURAL;TRAMO RECTO;PLANA ;ASFALTADA;NULL;NULL;NULL;NULL;EN PROCESO DE INVESTIGACIÓN;NO CUENTA CON CAUSA ESPECIFICA;Carretera Panamericana Norte;29/10/2023;-80.699741
A-2023-10-94;40:00.0;DESPISTE;1;8;1;AYACUCHO;HUAMANGA;CHIARA;URBANA;CARRETERA;NACIONAL;PE-3S;-13.278108;DESPEJADO;RURAL;CURVA;INCLINADA;ASFALTADA;NULL;NULL;NULL;NULL;IMPRUDENCIA DEL CONDUCTOR;EXCESO DE VELOCIDAD;Carretera Longitudinal de la Sierra Sur;30/10/2023;-74.230386
A-2023-10-58;20:00.0;CHOQUE;1;2;2;LA LIBERTAD;CHEPEN;PACANGA;RURAL;CARRETERA;NACIONAL;PE-1N;-7.122333;DESPEJADO;RURAL;TRAMO RECTO;PLANA ;ASFALTADA;NULL;NULL;NULL;NULL;IMPRUDENCIA DEL CONDUCTOR;ADELANTAR INDEBIDAMENTE;Carretera Panamericana Norte;30/10/2023;-79.484024
A-2023-10-64;10:00.0;ATROPELLO;1;3;1;TUMBES;ZARUMILLA;PAPAYAL;RURAL;CARRETERA;DEPARTAMENTAL;TU-101;-3.549202;DESPEJADO;RURAL;TRAMO RECTO;PLANA ;ASFALTADA;NULL;NULL;NULL;NULL;IMPRUDENCIA DEL CONDUCTOR;CONDUCIR EN ESTADO DE EBRIEDAD Y/O DROGADICCIÓN;TU-101;30/10/2023;-80.226605
A-2023-10-85;50:00.0;DESPISTE;1;0;1;PUNO;AZANGARO;SAN ANTON;RURAL;CARRETERA;NACIONAL;PE-34B;-14.539008;DESPEJADO;RURAL;TRAMO RECTO;PLANA ;ASFALTADA;NULL;NULL;NULL;NULL;INFRAESTRUCTURA Y ENTORNO VIAL;OTRO (INFRAESTRUCTURA Y ENTORNO VIAL);Carretera Interoceánica Puno - Madre de Dios;30/10/2023;-70.289183
A-2023-10-144;30:00.0;CHOQUE;1;0;2;PUNO;SAN ROMAN;CARACOTO;RURAL;CARRETERA;NACIONAL;PE-3S;-15.545217;DESPEJADO;INDUSTRIAL;TRAMO RECTO;PLANA ;ASFALTADA;NULL;NULL;NULL;NULL;IMPRUDENCIA DEL CONDUCTOR;EXCESO DE VELOCIDAD;Carretera Longitudinal de la Sierra Sur;31/10/2023;-70.110825
A-2023-10-65;00:00.0;DESPISTE;1;0;1;PUNO;EL COLLAO;SANTA ROSA;RURAL;CARRETERA;NACIONAL;PE-36A;-16.801885;DESPEJADO;RURAL;CURVA;INCLINADA;ASFALTADA;NULL;NULL;NULL;NULL;IMPRUDENCIA DEL CONDUCTOR;OTRO (IMPRUDENCIA DEL CONDUCTOR);Carretera Binacional;31/10/2023;-70.037091
A-2023-10-86;30:00.0;DESPISTE;1;1;1;PUNO;SAN ANTONIO DE PUTINA;PUTINA;RURAL;CARRETERA;NACIONAL;PE-34H;-14.937619;DESPEJADO;RURAL;TRAMO RECTO;PLANA ;ASFALTADA;NULL;NULL;NULL;NULL;IMPRUDENCIA DEL CONDUCTOR;EXCESO DE VELOCIDAD;PE-34H;31/10/2023;-69.867581
A-2023-10-63;30:00.0;CHOQUE;2;1;2;LA LIBERTAD;PACASMAYO;SAN JOSE;RURAL;CARRETERA;NACIONAL;PE-1N;-7.338926;DESPEJADO;RURAL;TRAMO RECTO;PLANA ;ASFALTADA;NULL;NULL;NULL;NULL;EN PROCESO DE INVESTIGACIÓN;NO CUENTA CON CAUSA ESPECIFICA;Carretera Panamericana Norte;31/10/2023;-79.50074
A-2023-11-105;20:00.0;ATROPELLO;1;0;NULL;LIMA;LIMA;LOS OLIVOS;URBANA;AVENIDA;URBANO;NO CORRESPONDE;-11.962977;DESPEJADO;RESIDENCIAL;TRAMO RECTO;PLANA ;ASFALTADA;NULL;NULL;NULL;NULL;EN PROCESO DE INVESTIGACIÓN;NO CUENTA CON CAUSA ESPECIFICA;Avenida Gerardo Unger;1/11/2023;-77.063205