CÓDIGO SINIESTRO;HORA SINIESTRO;CLASE SINIESTRO;CANTIDAD DE FALLECIDOS;CANTIDAD DE LESIONADOS;CANTIDAD DE VEHICULOS DAÑADOS;DEPARTAMENTO;PROVINCIA;DISTRITO;ZONA;TIPO DE VÍA;RED VIAL;COD CARRETERA;COORDENADAS LATITUD;CONDICIÓN CLIMÁTICA;ZONIFICACIÓN;CARACTERÍSTICAS DE VÍA;PERFIL LONGITUDINAL VÍA;SUPERFICIE DE CALZADA;¿EXISTE SEÑAL VERTICAL?;CLASIFICACIÓN DE LA SEÑAL VERTICAL Nº 1;CLASIFICACIÓN DE LA SEÑAL VERTICAL Nº 2;¿EXISTE SEÑAL HORIZONTAL?;CAUSA FACTOR PRINCIPAL;CAUSA ESPECÍFICA;UBICACION;FECHA SINIESTRO;COORDENADAS LONGITUD
A-2023-11-57;45:00.0;CHOQUE;1;0;2;AMAZONAS;UTCUBAMBA;BAGUA GRANDE;RURAL;CARRETERA;NACIONAL;PE-5N;-5.723041;DESPEJADO;RURAL;TRAMO RECTO;PLANA ;ASFALTADA;NO;NULL;NULL;SI;EN PROCESO DE INVESTIGACIÓN;NO CUENTA CON CAUSA ESPECIFICA;Carretera Presidente Fernando Belaúnde Terry;1/11/2023;-78.477425
A-2023-11-78;30:00.0;DESPISTE;1;0;NULL;JUNIN;CONCEPCION;SAN JOSE DE QUERO;RURAL;CARRETERA;NACIONAL;PE-24;-12.094406;DESPEJADO;RURAL;SINUOSA;PLANA ;ASFALTADA;SI;PREVENTIVA (P);NULL;SI;IMPRUDENCIA DEL CONDUCTOR;OTRO (IMPRUDENCIA DEL CONDUCTOR);PE-24;1/11/2023;-75.546458
A-2023-11-64;50:00.0;DESPISTE;1;0;1;PUNO;MELGAR;UMACHIRI;RURAL;CARRETERA;NACIONAL;PE-3SG;-14.869369;DESPEJADO;RURAL;TRAMO RECTO;PLANA ;ASFALTADA;NULL;NULL;NULL;NULL;IMPRUDENCIA DEL CONDUCTOR;OTRO (IMPRUDENCIA DEL CONDUCTOR);PE-3SG;1/11/2023;-70.672798
A-2023-11-2;00:00.0;ATROPELLO;1;0;NULL;PUNO;CHUCUITO;ZEPITA;RURAL;CARRETERA;SIN CLASIFICAR;SIN CLASIFICAR;-16.414853;DESPEJADO;RURAL;TRAMO RECTO;PLANA ;ASFALTADA;NULL;NULL;NULL;NULL;IMPRUDENCIA DEL CONDUCTOR;NO ENCENDER LAS LUCES;PU-1348;1/11/2023;-69.088975
A-2023-11-1;44:00.0;CHOQUE;3;3;2;PUNO;PUNO;PAUCARCOLLA;RURAL;CARRETERA;SIN CLASIFICAR;SIN CLASIFICAR;-15.78706;DESPEJADO;RURAL;CURVA;PLANA ;ASFALTADA;NULL;NULL;NULL;NULL;IMPRUDENCIA DEL CONDUCTOR;CONDUCIR EN ESTADO DE EBRIEDAD Y/O DROGADICCIÓN;Patallani;1/11/2023;-70.038507
A-2023-11-106;00:00.0;ESPECIAL;1;0;NULL;LIMA;LIMA;CHORRILLOS;URBANA;VIA EXPRESA;URBANO;NO CORRESPONDE;-12.16949;DESPEJADO;RURAL;CURVA;INCLINADA;ASFALTADA;SI;PREVENTIVA (P);NULL;SI;EN PROCESO DE INVESTIGACIÓN;NO CUENTA CON CAUSA ESPECIFICA;Paseo Bilinghurst;1/11/2023;-77.036358
A-2023-11-107;40:00.0;ATROPELLO;1;0;NULL;LIMA;LIMA;SAN MARTIN DE PORRES;URBANA;AVENIDA;URBANO;NO CORRESPONDE;-12.032259;DESPEJADO;COMERCIAL;TRAMO RECTO;PLANA ;ASFALTADA;NULL;NULL;NULL;NULL;EN PROCESO DE INVESTIGACIÓN;NO CUENTA CON CAUSA ESPECIFICA;Avenida Perú;2/11/2023;-77.064231
A-2023-11-108;00:00.0;ATROPELLO;1;0;NULL;LIMA;LIMA;SAN JUAN DE LURIGANCHO;URBANA;AVENIDA;URBANO;NO CORRESPONDE;-12.025764;DESPEJADO;COMERCIAL;CURVA;PLANA ;ASFALTADA;NULL;NULL;NULL;NULL;EN PROCESO DE INVESTIGACIÓN;NO CUENTA CON CAUSA ESPECIFICA;Avenida Lima;2/11/2023;-77.010106
A-2023-11-109;45:00.0;ATROPELLO FUGA;1;0;NULL;LIMA;LIMA;SAN BARTOLO;URBANA;CARRETERA;NACIONAL;PE-1S;-12.381164;DESPEJADO;RURAL;TRAMO RECTO;PLANA ;ASFALTADA;NULL;NULL;NULL;NULL;EN PROCESO DE INVESTIGACIÓN;NO CUENTA CON CAUSA ESPECIFICA;Carretera Panamericana Sur;2/11/2023;-76.774431
A-2023-11-65;50:00.0;DESPISTE;1;0;1;PUNO;AZANGARO;SANTIAGO DE PUPUJA;RURAL;CARRETERA;NACIONAL;PE-34B;-15.000728;DESPEJADO;RURAL;TRAMO RECTO;PLANA ;ASFALTADA;NULL;NULL;NULL;NULL;IMPRUDENCIA DEL CONDUCTOR;EXCESO DE VELOCIDAD;Carretera Interoceánica Puno - Madre de Dios;2/11/2023;-70.182381
A-2023-11-4;04:00.0;ATROPELLO;1;0;NULL;APURIMAC;ANDAHUAYLAS;SAN JERONIMO;URBANA;JIRÓN;URBANO;NO CORRESPONDE;-13.649608;SOLEADO;RESIDENCIAL;OTRO;PLANA ;ASFALTADA;NULL;NULL;NULL;NULL;IMPRUDENCIA DEL PEATÓN;CRUCE INDEBIDO POR LA CALZADA;Jirón Bolognesi;2/11/2023;-73.363528
A-2023-11-19;30:00.0;DESPISTE;1;2;1;APURIMAC;ANDAHUAYLAS;PACUCHA;RURAL;CARRETERA;PROVINCIAL;AP-576;-13.569;DESPEJADO;RURAL;CURVA;INCLINADA;AFIRMADO;NULL;NULL;NULL;NULL;EN PROCESO DE INVESTIGACIÓN;NO CUENTA CON CAUSA ESPECIFICA;Cotahuacho Alto;2/11/2023;-73.289505
A-2023-11-157;30:00.0;DESPISTE;1;3;1;CAJAMARCA;HUALGAYOC;BAMBAMARCA;RURAL;CARRETERA;SIN CLASIFICAR;SIN CLASIFICAR;-6.686448;LLUVIOSO;RURAL;TRAMO RECTO;INCLINADA;AFIRMADO;NULL;NULL;NULL;NULL;IMPRUDENCIA DEL CONDUCTOR;OTRO (IMPRUDENCIA DEL CONDUCTOR);Bambamarca;2/11/2023;-78.454184
A-2023-11-155;00:00.0;DESPISTE;1;0;1;CAJAMARCA;SAN IGNACIO;CHIRINOS;RURAL;CARRETERA;PROVINCIAL;CA-549;-5.221688;LLUVIOSO;RURAL;CURVA;PLANA ;AFIRMADO;NULL;NULL;NULL;NULL;IMPRUDENCIA DEL CONDUCTOR;OTRO (IMPRUDENCIA DEL CONDUCTOR);La Tranca;2/11/2023;-78.933737
A-2023-11-111;40:00.0;CHOQUE;1;0;NULL;LIMA;LIMA;SAN JUAN DE LURIGANCHO;URBANA;AVENIDA;URBANO;NO CORRESPONDE;-12.017964;DESPEJADO;COMERCIAL;TRAMO RECTO;PLANA ;ASFALTADA;NULL;NULL;NULL;NULL;EN PROCESO DE INVESTIGACIÓN;NO CUENTA CON CAUSA ESPECIFICA;Avenida Lurigancho;2/11/2023;-77.001801
A-2023-11-79;15:00.0;ATROPELLO FUGA;1;0;NULL;JUNIN;CONCEPCION;CHAMBARA;RURAL;CARRETERA;NACIONAL;PE-24;-12.026391;DESPEJADO;RURAL;TRAMO RECTO;PLANA ;ASFALTADA;SI;PREVENTIVA (P);NULL;SI;IMPRUDENCIA DEL CONDUCTOR;OTRO (IMPRUDENCIA DEL CONDUCTOR);PE-24;2/11/2023;-75.411418
A-2023-11-110;45:00.0;ATROPELLO;1;0;NULL;LIMA;LIMA;ATE;URBANA;CARRETERA;NACIONAL;PE-22;-12.009693;DESPEJADO;INDUSTRIAL;TRAMO RECTO;PLANA ;ASFALTADA;SI;PREVENTIVA (P);PREVENTIVA (P);SI;EN PROCESO DE INVESTIGACIÓN;NO CUENTA CON CAUSA ESPECIFICA;Carretera Central;2/11/2023;-76.868245
A-2023-11-13;10:00.0;CHOQUE;1;1;NULL;PIURA;PIURA;CASTILLA;RURAL;CARRETERA;DEPARTAMENTAL;PI-126;-4.982013;DESPEJADO;RURAL;TRAMO RECTO;PLANA ;ASFALTADA;NULL;NULL;NULL;NULL;EN PROCESO DE INVESTIGACIÓN;NO CUENTA CON CAUSA ESPECIFICA;Carretera Tambo Grande - Piura;2/11/2023;-80.56318
A-2023-11-24;20:00.0;CHOQUE CON OBJETO FIJO;1;1;1;CUSCO;LA CONVENCION;SANTA ANA;RURAL;CARRETERA;NACIONAL;PE-28B;-12.943439;NUBLADO;RURAL;SINUOSA;PLANA ;ASFALTADA;SI;PREVENTIVA (P);NULL;SI;IMPRUDENCIA DEL CONDUCTOR;CONDUCIR EN ESTADO DE EBRIEDAD Y/O DROGADICCIÓN;PE-28B;3/11/2023;-72.67007
A-2023-11-112;06:00.0;ATROPELLO;1;0;NULL;LIMA;LIMA;RIMAC;URBANA;CARRETERA;NACIONAL;PE-1N;-12.041256;DESPEJADO;COMERCIAL;TRAMO RECTO;PLANA ;ASFALTADA;SI;INFORMATIVA (I);NULL;SI;EN PROCESO DE INVESTIGACIÓN;NO CUENTA CON CAUSA ESPECIFICA;Vía de Evitamiento;3/11/2023;-77.033037
A-2023-11-9;15:00.0;CHOQUE;1;4;2;JUNIN;HUANCAYO;SAN AGUSTIN;RURAL;CARRETERA;NACIONAL;PE-3S;-12.00325;DESPEJADO;RURAL;TRAMO RECTO;PLANA ;ASFALTADA;NO;NULL;NULL;SI;IMPRUDENCIA DEL CONDUCTOR;OTRO (IMPRUDENCIA DEL CONDUCTOR);Carretera Longitudinal de la Sierra Sur;3/11/2023;-75.250725
A-2023-11-3;10:00.0;CHOQUE;1;1;2;ICA;ICA;ICA;URBANA;CARRETERA;NACIONAL;PE-1S;-14.090215;DESPEJADO;COMERCIAL;TRAMO RECTO;PLANA ;ASFALTADA;SI;PREVENTIVA (P);INFORMATIVA (I);NO;EN PROCESO DE INVESTIGACIÓN;NO CUENTA CON CAUSA ESPECIFICA;Avenida Los Maestros;4/11/2023;-75.71941
A-2023-11-80;30:00.0;DESPISTE;1;5;NULL;JUNIN;YAULI;LA OROYA;RURAL;CARRETERA;NACIONAL;PE-3S;-11.586712;LLUVIOSO;RURAL;TRAMO RECTO;PLANA ;ASFALTADA;SI;PREVENTIVA (P);NULL;SI;IMPRUDENCIA DEL CONDUCTOR;OTRO (IMPRUDENCIA DEL CONDUCTOR);Carretera Longitudinal de la Sierra Sur;4/11/2023;-75.845849
A-2023-11-45;30:00.0;DESPISTE;1;4;1;LA LIBERTAD;PATAZ;PATAZ;RURAL;CARRETERA;PROVINCIAL;LI-860;-7.758597;DESPEJADO;RURAL;TRAMO RECTO;PLANA ;TROCHA;NULL;NULL;NULL;NULL;EN PROCESO DE INVESTIGACIÓN;NO CUENTA CON CAUSA ESPECIFICA;LI-860;4/11/2023;-77.568168
A-2023-11-152;00:00.0;CHOQUE;1;1;2;CAJAMARCA;CELENDIN;CELENDIN;RURAL;CARRETERA;NACIONAL;PE-08B;-6.891779;DESPEJADO;RESIDENCIAL;CURVA;INCLINADA;ASFALTADA;NULL;NULL;NULL;NULL;IMPRUDENCIA DEL CONDUCTOR;EXCESO DE VELOCIDAD;PE-08B;4/11/2023;-78.116797
A-2023-11-10;00:00.0;CHOQUE;1;0;NULL;PIURA;PIURA;CASTILLA;URBANA;AVENIDA;URBANO;NO CORRESPONDE;-5.183442;DESPEJADO;RURAL;TRAMO RECTO;PLANA ;ASFALTADA;NULL;NULL;NULL;NULL;EN PROCESO DE INVESTIGACIÓN;NO CUENTA CON CAUSA ESPECIFICA;Jirón Los Jasmines del Norte;4/11/2023;-80.61185
A-2023-11-25;30:00.0;DESPISTE;1;0;1;CUSCO;CHUMBIVILCAS;COLQUEMARCA;RURAL;CARRETERA;PROVINCIAL;CU-1536;-14.174067;DESPEJADO;RURAL;CURVA;INCLINADA;TROCHA;NULL;NULL;NULL;NULL;IMPRUDENCIA DEL CONDUCTOR;EXCESO DE VELOCIDAD;CU-119;4/11/2023;-72.005272
A-2023-11-22;30:00.0;ATROPELLO;1;0;1;CUSCO;QUISPICANCHI;ANDAHUAYLILLAS;RURAL;CARRETERA;PROVINCIAL;CU-1321;-13.696585;DESPEJADO;RURAL;TRAMO RECTO;INCLINADA;AFIRMADO;NULL;NULL;NULL;NULL;IMPRUDENCIA DEL CONDUCTOR;CONDUCIR EN ESTADO DE EBRIEDAD Y/O DROGADICCIÓN;Tiomayo;5/11/2023;-71.720025
A-2023-11-113;30:00.0;CHOQUE;1;0;NULL;LIMA;LIMA;COMAS;URBANA;AVENIDA;URBANO;NO CORRESPONDE;-11.925777;DESPEJADO;COMERCIAL;INTERSECCIÓN;PLANA ;ASFALTADA;SI;REGULADORA (R);NULL;NO;EN PROCESO DE INVESTIGACIÓN;NO CUENTA CON CAUSA ESPECIFICA;Avenida Jamaica;5/11/2023;-77.052068
A-2023-11-141;00:00.0;CHOQUE;1;0;2;AYACUCHO;HUAMANGA;ANDRES AVELINO CACERES DORREGARAY;URBANA;AVENIDA;URBANO;NO CORRESPONDE;-13.16385;NUBLADO;RESIDENCIAL;TRAMO RECTO;PLANA ;ASFALTADA;NULL;NULL;NULL;NULL;IMPRUDENCIA DEL CONDUCTOR;CONDUCIR EN ESTADO DE EBRIEDAD Y/O DROGADICCIÓN;Avenida Andrés Avelino Cáceres;5/11/2023;-74.207623
A-2023-11-81;30:00.0;CHOQUE CON OBJETO FIJO;1;0;NULL;JUNIN;JAUJA;CANCHAYLLO;URBANA;AVENIDA;URBANO;NO CORRESPONDE;-11.80235;DESPEJADO;RURAL;TRAMO RECTO;PLANA ;CONCRETO;NULL;NULL;NULL;NULL;IMPRUDENCIA DEL CONDUCTOR;CONDUCIR EN ESTADO DE EBRIEDAD Y/O DROGADICCIÓN;Pachacayo;5/11/2023;-75.71653
A-2023-11-62;00:00.0;DESPISTE;1;4;1;HUANCAVELICA;TAYACAJA;PAMPAS;RURAL;CARRETERA;NACIONAL;PE-3S;-12.498231;DESPEJADO;RURAL;TRAMO RECTO;PLANA ;ASFALTADA;NULL;NULL;NULL;NULL;EN PROCESO DE INVESTIGACIÓN;NO CUENTA CON CAUSA ESPECIFICA;Carretera Longitudinal de la Sierra Sur;6/11/2023;-74.824335
A-2023-11-114;40:00.0;ATROPELLO;1;0;NULL;LIMA;LIMA;SAN MARTIN DE PORRES;URBANA;AVENIDA;URBANO;NO CORRESPONDE;-12.026837;DESPEJADO;COMERCIAL;TRAMO RECTO;PLANA ;ASFALTADA;NULL;NULL;NULL;NULL;EN PROCESO DE INVESTIGACIÓN;NO CUENTA CON CAUSA ESPECIFICA;Avenida Eduardo de Habich;6/11/2023;-77.055216
A-2023-11-82;30:00.0;ATROPELLO;1;0;NULL;JUNIN;HUANCAYO;VIQUES;RURAL;CARRETERA;NACIONAL;PE-3S;-12.151213;SOLEADO;RURAL;TRAMO RECTO;PLANA ;ASFALTADA;NO;NULL;NULL;SI;IMPRUDENCIA DEL CONDUCTOR;OTRO (IMPRUDENCIA DEL CONDUCTOR);Carretera Longitudinal de la Sierra Sur;6/11/2023;-75.218905
A-2023-11-66;00:00.0;CHOQUE;1;0;2;PUNO;SAN ROMAN;CARACOTO;RURAL;CARRETERA;NACIONAL;PE-3S;-15.552096;DESPEJADO;RURAL;TRAMO RECTO;PLANA ;ASFALTADA;NULL;NULL;NULL;NULL;IMPRUDENCIA DEL CONDUCTOR;CONDUCIR EN ESTADO DE EBRIEDAD Y/O DROGADICCIÓN;Carretera Longitudinal de la Sierra Sur;6/11/2023;-70.107664
A-2023-11-42;30:00.0;DESPISTE;1;0;1;TUMBES;ZARUMILLA;AGUAS VERDES;URBANA;AVENIDA;URBANO;NO CORRESPONDE;-3.485154;DESPEJADO;RURAL;TRAMO RECTO;PLANA ;ASFALTADA;NULL;NULL;NULL;NULL;IMPRUDENCIA DEL CONDUCTOR;OTRO (IMPRUDENCIA DEL CONDUCTOR);Calle Montevideo;6/11/2023;-80.266345
A-2023-11-67;40:00.0;ATROPELLO;1;0;1;PUNO;SAN ROMAN;CARACOTO;RURAL;CARRETERA;NACIONAL;PE-3S;-15.550033;DESPEJADO;RURAL;TRAMO RECTO;PLANA ;ASFALTADA;NULL;NULL;NULL;NULL;IMPRUDENCIA DEL PEATÓN;CRUCE INDEBIDO POR LA CALZADA;Carretera Longitudinal de la Sierra Sur;6/11/2023;-70.108568
A-2023-11-32;00:00.0;CHOQUE;1;0;2;CUSCO;URUBAMBA;HUAYLLABAMBA;RURAL;CARRETERA;NACIONAL;PE-28B;-13.329566;DESPEJADO;RURAL;TRAMO RECTO;PLANA ;ASFALTADA;NO;NULL;NULL;SI;IMPRUDENCIA DEL CONDUCTOR;EXCESO DE VELOCIDAD;PE-28B;7/11/2023;-72.05532
A-2023-11-140;30:00.0;DESPISTE;3;0;1;AYACUCHO;VILCAS HUAMAN;CONCEPCION;RURAL;CARRETERA;PROVINCIAL;AY-953;-13.599089;DESPEJADO;RURAL;CURVA;PLANA ;TROCHA;NULL;NULL;NULL;NULL;IMPRUDENCIA DEL CONDUCTOR;EXCESO DE VELOCIDAD;Carretera Santa Rosa - Antapite;7/11/2023;-73.85935
A-2023-11-46;15:00.0;ATROPELLO;1;0;1;LA LIBERTAD;PACASMAYO;GUADALUPE;URBANA;AVENIDA;URBANO;NO CORRESPONDE;-7.309388;DESPEJADO;COMERCIAL;TRAMO RECTO;PLANA ;ASFALTADA;NULL;NULL;NULL;NULL;EN PROCESO DE INVESTIGACIÓN;NO CUENTA CON CAUSA ESPECIFICA;Calle Las Palmeras;7/11/2023;-79.484483
A-2023-11-115;00:00.0;ATROPELLO;1;0;NULL;LIMA;LIMA;LA VICTORIA;URBANA;JIRÓN;URBANO;NO CORRESPONDE;-12.060993;DESPEJADO;COMERCIAL;INTERSECCIÓN;PLANA ;ASFALTADA;SI;PREVENTIVA (P);NULL;SI;EN PROCESO DE INVESTIGACIÓN;NO CUENTA CON CAUSA ESPECIFICA;Avenida García Naranjo;8/11/2023;-77.023028
A-2023-11-116;40:00.0;CHOQUE FUGA;1;0;NULL;LIMA;LIMA;CARABAYLLO;URBANA;CARRETERA;NACIONAL;PE-20A;-11.834638;DESPEJADO;COMERCIAL;CURVA;INCLINADA;ASFALTADA;SI;PREVENTIVA (P);NULL;SI;EN PROCESO DE INVESTIGACIÓN;NO CUENTA CON CAUSA ESPECIFICA;Carabayllo;9/11/2023;-76.999715
A-2023-11-139;00:00.0;DESPISTE;1;12;1;AYACUCHO;VILCAS HUAMAN;CONCEPCION;RURAL;CARRETERA;NACIONAL;PE-32A;-13.58086;DESPEJADO;RURAL;CURVA;INCLINADA;CASCAJO/RIPIO;NULL;NULL;NULL;NULL;IMPRUDENCIA DEL CONDUCTOR;EXCESO DE VELOCIDAD;Santa Rosa de Qochamarca;9/11/2023;-73.828439
A-2023-11-68;30:00.0;DESPISTE;3;0;1;PUNO;LAMPA;SANTA LUCIA;RURAL;CARRETERA;NACIONAL;PE-34A;-15.661929;DESPEJADO;RURAL;TRAMO RECTO;PLANA ;ASFALTADA;NULL;NULL;NULL;NULL;IMPRUDENCIA DEL CONDUCTOR;EXCESO DE VELOCIDAD;Vía Interoceánica Sur - Tramo 5;10/11/2023;-70.661453
A-2023-11-5;40:00.0;DESPISTE;2;1;1;PUNO;CHUCUITO;DESAGUADERO;RURAL;CARRETERA;NACIONAL;PE-3S;-16.545718;DESPEJADO;RURAL;TRAMO RECTO;PLANA ;ASFALTADA;NULL;NULL;NULL;NULL;IMPRUDENCIA DEL CONDUCTOR;OTRO (IMPRUDENCIA DEL CONDUCTOR);Carretera Longitudinal de la Sierra Sur;10/11/2023;-69.052722
A-2023-11-6;00:00.0;CHOQUE;1;1;2;PUNO;EL COLLAO;SANTA ROSA;RURAL;CARRETERA;NACIONAL;PE-36A;-16.842473;DESPEJADO;RURAL;TRAMO RECTO;PLANA ;ASFALTADA;NULL;NULL;NULL;NULL;IMPRUDENCIA DEL CONDUCTOR;ADELANTAR INDEBIDAMENTE;Carretera Binacional;10/11/2023;-70.089726
A-2023-11-69;30:00.0;ATROPELLO FUGA;1;0;0;PUNO;SAN ROMAN;JULIACA;URBANA;AVENIDA;URBANO;NO CORRESPONDE;-15.525459;DESPEJADO;INDUSTRIAL;TRAMO RECTO;PLANA ;ASFALTADA;NULL;NULL;NULL;NULL;EN PROCESO DE INVESTIGACIÓN;NO CUENTA CON CAUSA ESPECIFICA;Autopista Mártires del 4 de Noviembre;10/11/2023;-70.118926
A-2023-11-23;40:00.0;ATROPELLO;1;0;1;CUSCO;CANCHIS;SICUANI;URBANA;CARRETERA;NACIONAL;PE-3S;-14.288132;NUBLADO;RESIDENCIAL;INTERSECCIÓN;PLANA ;ASFALTADA;SI;REGULADORA (R);NULL;NO;IMPRUDENCIA DEL CONDUCTOR;OTRO (IMPRUDENCIA DEL CONDUCTOR);Avenida Los Olivos;11/11/2023;-71.22301
A-2023-11-28;15:00.0;CHOQUE;1;0;2;ICA;CHINCHA;PUEBLO NUEVO;URBANA;CARRETERA;PROVINCIAL;IC-505;-13.396273;DESPEJADO;RESIDENCIAL;INTERSECCIÓN;PLANA ;ASFALTADA;NULL;NULL;NULL;NULL;EN PROCESO DE INVESTIGACIÓN;NO CUENTA CON CAUSA ESPECIFICA;Jirón Lima;11/11/2023;-76.139316
A-2023-11-70;20:00.0;DESPISTE;1;0;1;PUNO;MELGAR;AYAVIRI;RURAL;CARRETERA;NACIONAL;PE-3SG;-14.893966;DESPEJADO;RURAL;TRAMO RECTO;PLANA ;ASFALTADA;NULL;NULL;NULL;NULL;IMPRUDENCIA DEL CONDUCTOR;EXCESO DE VELOCIDAD;PE-3SG;11/11/2023;-70.614402
A-2023-11-87;49:00.0;CAÍDA DE PASAJERO;1;0;NULL;AREQUIPA;AREQUIPA;AREQUIPA;URBANA;AVENIDA;URBANO;NO CORRESPONDE;-16.415154;DESPEJADO;COMERCIAL;TRAMO RECTO;PLANA ;ASFALTADA;NO;NULL;NULL;SI;EN PROCESO DE INVESTIGACIÓN;NO CUENTA CON CAUSA ESPECIFICA;Avenida Daniel Alcides Carrión;11/11/2023;-71.534074
A-2023-11-7;00:00.0;ATROPELLO;1;0;NULL;PUNO;PUNO;PLATERIA;RURAL;CARRETERA;NACIONAL;PE-3S;-15.941882;DESPEJADO;RURAL;TRAMO RECTO;PLANA ;ASFALTADA;NULL;NULL;NULL;NULL;IMPRUDENCIA DEL PEATÓN;CRUCE INDEBIDO POR LA CALZADA;Carretera Longitudinal de la Sierra Sur;11/11/2023;-69.857224
A-2023-11-117;10:00.0;CHOQUE;1;0;NULL;LIMA;LIMA;CARABAYLLO;RURAL;CARRETERA;NACIONAL;PE-20A;-11.793955;DESPEJADO;RURAL;CURVA;INCLINADA;ASFALTADA;SI;PREVENTIVA (P);NULL;SI;EN PROCESO DE INVESTIGACIÓN;NO CUENTA CON CAUSA ESPECIFICA;Avenida Túpac Amaru;11/11/2023;-76.982986
A-2023-11-88;40:00.0;CHOQUE FUGA;1;0;1;UCAYALI;CORONEL PORTILLO;CALLERIA;URBANA;CARRETERA;NACIONAL;PE-18C;-8.397929;DESPEJADO;RURAL;TRAMO RECTO;PLANA ;ASFALTADA;NULL;NULL;NULL;NULL;EN PROCESO DE INVESTIGACIÓN;NO CUENTA CON CAUSA ESPECIFICA;Centenario;12/11/2023;-74.603119
A-2023-11-118;20:00.0;ATROPELLO;1;0;NULL;LIMA;LIMA;SANTIAGO DE SURCO;URBANA;AVENIDA;URBANO;NO CORRESPONDE;-12.149217;DESPEJADO;COMERCIAL;TRAMO RECTO;INCLINADA;ASFALTADA;NULL;NULL;NULL;NULL;EN PROCESO DE INVESTIGACIÓN;NO CUENTA CON CAUSA ESPECIFICA;Avenida Santiago de Surco;12/11/2023;-76.983871
A-2023-11-76;30:00.0;ATROPELLO FUGA;1;0;0;PUNO;AZANGARO;ARAPA;RURAL;CARRETERA;DEPARTAMENTAL;PU-114;-15.163978;LLUVIOSO;RURAL;TRAMO RECTO;PLANA ;ASFALTADA;NULL;NULL;NULL;NULL;IMPRUDENCIA DEL CONDUCTOR;OTRO (IMPRUDENCIA DEL CONDUCTOR);PU-114;12/11/2023;-69.999352
A-2023-11-119;20:00.0;ATROPELLO FUGA;1;0;NULL;LIMA;LIMA;LURIN;RURAL;CARRETERA;NACIONAL;PE-1S;-12.30567;DESPEJADO;INDUSTRIAL;CURVA;PLANA ;ASFALTADA;NULL;NULL;NULL;NULL;EN PROCESO DE INVESTIGACIÓN;NO CUENTA CON CAUSA ESPECIFICA;Carretera Panamericana Sur;12/11/2023;-76.838985
A-2023-11-71;10:00.0;ATROPELLO FUGA;1;0;1;PUNO;SAN ROMAN;JULIACA;RURAL;CARRETERA;NACIONAL;PE-34A;-15.524742;DESPEJADO;RURAL;TRAMO RECTO;PLANA ;ASFALTADA;NULL;NULL;NULL;NULL;EN PROCESO DE INVESTIGACIÓN;NO CUENTA CON CAUSA ESPECIFICA;Héroes de La Guerra del Pacífico;12/11/2023;-70.182324
A-2023-11-47;25:00.0;DESPISTE;1;0;1;LA LIBERTAD;PACASMAYO;SAN PEDRO DE LLOC;RURAL;CARRETERA;PROVINCIAL;LI-602;-7.450371;DESPEJADO;RURAL;TRAMO RECTO;PLANA ;AFIRMADO;NULL;NULL;NULL;NULL;IMPRUDENCIA DEL CONDUCTOR;CONDUCIR EN ESTADO DE EBRIEDAD Y/O DROGADICCIÓN;Carretera a Puémape;12/11/2023;-79.503876
A-2023-11-99;00:00.0;ATROPELLO;1;0;1;AREQUIPA;AREQUIPA;UCHUMAYO;URBANA;CARRETERA;NACIONAL;PE-34A;-16.408196;DESPEJADO;RESIDENCIAL;TRAMO RECTO;INCLINADA;ASFALTADA;NULL;NULL;NULL;NULL;EN PROCESO DE INVESTIGACIÓN;NO CUENTA CON CAUSA ESPECIFICA;Carretera Interoceánica Sur;13/11/2023;-71.610199
A-2023-11-154;10:00.0;DESPISTE;2;0;1;CAJAMARCA;SAN IGNACIO;CHIRINOS;URBANA;CARRETERA;PROVINCIAL;CA-549;-5.221654;DESPEJADO;RESIDENCIAL;TRAMO RECTO;INCLINADA;CASCAJO/RIPIO;NULL;NULL;NULL;NULL;NEGLIGENCIA DEL CONDUCTOR;OTRO (NEGLIGENCIA DEL CONDUCTOR);La Tranca;13/11/2023;-78.933761
A-2023-11-48;30:00.0;ATROPELLO FUGA;1;0;NULL;LA LIBERTAD;TRUJILLO;SIMBAL;RURAL;CARRETERA;NACIONAL;PE-10A;-8.011188;DESPEJADO;RURAL;TRAMO RECTO;PLANA ;ASFALTADA;NULL;NULL;NULL;NULL;EN PROCESO DE INVESTIGACIÓN;NO CUENTA CON CAUSA ESPECIFICA;Carretera Trujillo - Huamachuco;13/11/2023;-78.795686
A-2023-11-160;00:00.0;ESPECIAL;1;0;0;CAJAMARCA;CUTERVO;SOCOTA;RURAL;CARRETERA;PROVINCIAL;CA-787;-6.263568;DESPEJADO;RURAL;TRAMO RECTO;INCLINADA;AFIRMADO;NULL;NULL;NULL;NULL;EN PROCESO DE INVESTIGACIÓN;NO CUENTA CON CAUSA ESPECIFICA;CA-787;13/11/2023;-78.660124
A-2023-11-98;45:00.0;DESPISTE;1;0;1;AREQUIPA;AREQUIPA;CERRO COLORADO;URBANA;JIRÓN;URBANO;NO CORRESPONDE;-16.401474;DESPEJADO;RESIDENCIAL;INTERSECCIÓN;INCLINADA;ASFALTADA;NULL;NULL;NULL;NULL;EN PROCESO DE INVESTIGACIÓN;NO CUENTA CON CAUSA ESPECIFICA;Jirón Lima;13/11/2023;-71.577233