CÓDIGO SINIESTRO;HORA SINIESTRO;CLASE SINIESTRO;CANTIDAD DE FALLECIDOS;CANTIDAD DE LESIONADOS;CANTIDAD DE VEHICULOS DAÑADOS;DEPARTAMENTO;PROVINCIA;DISTRITO;ZONA;TIPO DE VÍA;RED VIAL;COD CARRETERA;COORDENADAS LATITUD;CONDICIÓN CLIMÁTICA;ZONIFICACIÓN;CARACTERÍSTICAS DE VÍA;PERFIL LONGITUDINAL VÍA;SUPERFICIE DE CALZADA;¿EXISTE SEÑAL VERTICAL?;CLASIFICACIÓN DE LA SEÑAL VERTICAL Nº 1;CLASIFICACIÓN DE LA SEÑAL VERTICAL Nº 2;¿EXISTE SEÑAL HORIZONTAL?;CAUSA FACTOR PRINCIPAL;CAUSA ESPECÍFICA;UBICACION;FECHA SINIESTRO;COORDENADAS LONGITUD
A-2023-11-142;30:00.0;DESPISTE;1;0;1;TACNA;TARATA;TARUCACHI;RURAL;CARRETERA;NACIONAL;PE-38;-17.525326;DESPEJADO;RURAL;CURVA;INCLINADA;ASFALTADA;NULL;NULL;NULL;NULL;IMPRUDENCIA DEL CONDUCTOR;CONDUCIR EN ESTADO DE EBRIEDAD Y/O DROGADICCIÓN;Carretera Tacna - Tarata;13/11/2023;-70.038491
A-2023-11-59;30:00.0;DESPISTE;1;1;1;LIMA;HUAURA;SAYAN;RURAL;CARRETERA;NACIONAL;PE-18;-11.30426;DESPEJADO;RURAL;TRAMO RECTO;PLANA ;ASFALTADA;NULL;NULL;NULL;NULL;IMPRUDENCIA DEL CONDUCTOR;EXCESO DE VELOCIDAD;Carretera Huaral - Sayán;13/11/2023;-77.32223
A-2023-11-20;40:00.0;DESPISTE;1;0;1;CUSCO;QUISPICANCHI;OCONGATE;RURAL;CARRETERA;SIN CLASIFICAR;SIN CLASIFICAR;-13.631193;LLUVIOSO;RURAL;SINUOSA;INCLINADA;TROCHA;NULL;NULL;NULL;NULL;EN PROCESO DE INVESTIGACIÓN;NO CUENTA CON CAUSA ESPECIFICA;Ccarhuayo;14/11/2023;-71.317345
A-2023-11-29;10:00.0;DESPISTE;1;0;1;CUSCO;URUBAMBA;CHINCHERO;RURAL;CARRETERA;PROVINCIAL;CU-1155;-13.424269;DESPEJADO;RURAL;CURVA;INCLINADA;AFIRMADO;NULL;NULL;NULL;NULL;EN PROCESO DE INVESTIGACIÓN;NO CUENTA CON CAUSA ESPECIFICA;Pongobamba;14/11/2023;-72.024326
A-2023-11-61;05:00.0;DESPISTE;1;4;1;LIMA;HUAURA;HUAURA;RURAL;CARRETERA;NACIONAL;PE-1NE;-11.088769;DESPEJADO;RURAL;TRAMO RECTO;PLANA ;ASFALTADA;NULL;NULL;NULL;NULL;IMPRUDENCIA DEL CONDUCTOR;EXCESO DE VELOCIDAD;Carretera Huaura - Ambo;14/11/2023;-77.469098
A-2023-11-177;45:00.0;CHOQUE;1;0;NULL;LIMA;LIMA;SAN MARTIN DE PORRES;URBANA;CARRETERA;NACIONAL;PE-1N;-12.035383;DESPEJADO;RESIDENCIAL;TRAMO RECTO;PLANA ;ASFALTADA;NULL;NULL;NULL;NULL;EN PROCESO DE INVESTIGACIÓN;NO CUENTA CON CAUSA ESPECIFICA;Avenida Zarumilla;14/11/2023;-77.047746
A-2023-11-120;15:00.0;ATROPELLO;1;0;NULL;LIMA;LIMA;LOS OLIVOS;URBANA;AVENIDA;URBANO;NO CORRESPONDE;-11.970781;DESPEJADO;COMERCIAL;CURVA;PLANA ;ASFALTADA;NULL;NULL;NULL;NULL;EN PROCESO DE INVESTIGACIÓN;NO CUENTA CON CAUSA ESPECIFICA;Avenida Las Palmeras;15/11/2023;-77.072545
A-2023-11-97;02:00.0;ATROPELLO;1;0;0;AREQUIPA;AREQUIPA;CERRO COLORADO;URBANA;CARRETERA;DEPARTAMENTAL;AR-123;-16.360668;DESPEJADO;RESIDENCIAL;TRAMO RECTO;PLANA ;ASFALTADA;NULL;NULL;NULL;NULL;EN PROCESO DE INVESTIGACIÓN;NO CUENTA CON CAUSA ESPECIFICA;Autopista La Joya - Arequipa;15/11/2023;-71.61918
A-2023-11-122;20:00.0;ATROPELLO;1;0;NULL;LIMA;LIMA;CARABAYLLO;URBANA;AVENIDA;URBANO;NO CORRESPONDE;-11.873748;DESPEJADO;COMERCIAL;TRAMO RECTO;PLANA ;ASFALTADA;NULL;NULL;NULL;NULL;EN PROCESO DE INVESTIGACIÓN;NO CUENTA CON CAUSA ESPECIFICA;Avenida Universitaria;15/11/2023;-77.023482
A-2023-11-121;40:00.0;ESPECIAL;1;0;NULL;LIMA;LIMA;SAN JUAN DE LURIGANCHO;URBANA;CALLE;URBANO;NO CORRESPONDE;-11.970466;DESPEJADO;RESIDENCIAL;TRAMO RECTO;PLANA ;ASFALTADA;NULL;NULL;NULL;NULL;EN PROCESO DE INVESTIGACIÓN;NO CUENTA CON CAUSA ESPECIFICA;Calle El Collar;15/11/2023;-76.994393
A-2023-11-123;10:00.0;DESPISTE;1;0;NULL;LIMA;LIMA;SAN JUAN DE LURIGANCHO;URBANA;CARRETERA;NACIONAL;PE-22;-12.020908;DESPEJADO;RURAL;TRAMO RECTO;INCLINADA;ASFALTADA;SI;PREVENTIVA (P);NULL;SI;EN PROCESO DE INVESTIGACIÓN;NO CUENTA CON CAUSA ESPECIFICA;Autopista Ramiro Prialé;15/11/2023;-76.954216
A-2023-11-8;30:00.0;DESPISTE;1;0;1;PUNO;EL COLLAO;SANTA ROSA;RURAL;CARRETERA;NACIONAL;PE-36A;-16.784123;DESPEJADO;RURAL;TRAMO RECTO;PLANA ;ASFALTADA;NULL;NULL;NULL;NULL;IMPRUDENCIA DEL CONDUCTOR;FATIGA Y/O CANSANCIO;Carretera Binacional;15/11/2023;-70.003715
A-2023-11-37;40:00.0;CHOQUE;1;3;2;ICA;CHINCHA;TAMBO DE MORA;RURAL;CARRETERA;NACIONAL;PE-1SE;-13.481297;DESPEJADO;RURAL;TRAMO RECTO;PLANA ;ASFALTADA;NULL;NULL;NULL;NULL;EN PROCESO DE INVESTIGACIÓN;NO CUENTA CON CAUSA ESPECIFICA;Carretera Panamericana Sur;15/11/2023;-76.184637
A-2023-11-153;30:00.0;CHOQUE;1;1;2;CAJAMARCA;SAN IGNACIO;SAN IGNACIO;RURAL;CARRETERA;PROVINCIAL;CA-538;-5.139634;DESPEJADO;RESIDENCIAL;TRAMO RECTO;INCLINADA;ASFALTADA;NULL;NULL;NULL;NULL;IMPRUDENCIA DEL CONDUCTOR;CONDUCIR EN ESTADO DE EBRIEDAD Y/O DROGADICCIÓN;Mariano Melgar;15/11/2023;-78.990668
A-2023-11-159;10:00.0;DESPISTE;1;1;1;CAJAMARCA;JAEN;SAN FELIPE;RURAL;CARRETERA;SIN CLASIFICAR;SIN CLASIFICAR;-5.774709;DESPEJADO;RURAL;TRAMO RECTO;PLANA ;AFIRMADO;NULL;NULL;NULL;NULL;IMPRUDENCIA DEL CONDUCTOR;OTRO (IMPRUDENCIA DEL CONDUCTOR);San Felipe;16/11/2023;-79.32
A-2023-11-149;10:00.0;ATROPELLO;1;1;NULL;CALLAO;CALLAO;CALLAO;URBANA;AVENIDA;URBANO;NO CORRESPONDE;-12.019166;DESPEJADO;COMERCIAL;TRAMO RECTO;PLANA ;ASFALTADA;NO;NULL;NULL;SI;IMPRUDENCIA DEL PEATÓN;CRUCE INDEBIDO POR LA CALZADA;Avenida Tomás Valle;16/11/2023;-77.100873
A-2023-11-156;00:00.0;DESPISTE;1;1;1;CAJAMARCA;CAJAMARCA;COSPAN;RURAL;CARRETERA;PROVINCIAL;CA-1421;-7.477095;DESPEJADO;RURAL;TRAMO RECTO;INCLINADA;AFIRMADO;NULL;NULL;NULL;NULL;NEGLIGENCIA DEL CONDUCTOR;OTRO (NEGLIGENCIA DEL CONDUCTOR);Sunchubamba;16/11/2023;-78.426412
A-2023-11-84;00:00.0;ATROPELLO;1;0;NULL;JUNIN;JAUJA;APATA;RURAL;CARRETERA;PROVINCIAL;JU-1146;-11.836813;DESPEJADO;RURAL;TRAMO RECTO;PLANA ;ASFALTADA;SI;PREVENTIVA (P);NULL;NO;IMPRUDENCIA DEL CONDUCTOR;OTRO (IMPRUDENCIA DEL CONDUCTOR);Nueva Esperanza;17/11/2023;-75.332099
A-2023-11-72;00:00.0;CHOQUE;1;2;2;PUNO;SAN ROMAN;JULIACA;RURAL;AVENIDA;URBANO;NO CORRESPONDE;-15.508991;DESPEJADO;RURAL;CURVA;INCLINADA;ASFALTADA;NULL;NULL;NULL;NULL;IMPRUDENCIA DEL CONDUCTOR;CONDUCIR EN ESTADO DE EBRIEDAD Y/O DROGADICCIÓN;Avenida Circunvalación;17/11/2023;-70.131816
A-2023-11-49;50:00.0;ATROPELLO;1;0;1;LA LIBERTAD;VIRU;VIRU;RURAL;CARRETERA;NACIONAL;PE-1N;-8.43277;DESPEJADO;RURAL;TRAMO RECTO;PLANA ;ASFALTADA;NULL;NULL;NULL;NULL;IMPRUDENCIA DEL CONDUCTOR;OTRO (IMPRUDENCIA DEL CONDUCTOR);Carretera Panamericana Norte;17/11/2023;-78.771847
A-2023-11-73;30:00.0;ATROPELLO;1;0;1;PUNO;SAN ROMAN;CABANA;RURAL;CARRETERA;NACIONAL;PE-34A;-15.562716;DESPEJADO;RURAL;TRAMO RECTO;PLANA ;ASFALTADA;NULL;NULL;NULL;NULL;IMPRUDENCIA DEL CONDUCTOR;EXCESO DE VELOCIDAD;Héroes de La Guerra del Pacífico;17/11/2023;-70.241051
A-2023-11-96;30:00.0;DESPISTE;2;5;1;AREQUIPA;CAYLLOMA;HUANCA;RURAL;CARRETERA;PROVINCIAL;AR-706;-16.059055;DESPEJADO;RURAL;CURVA;INCLINADA;TROCHA;NULL;NULL;NULL;NULL;EN PROCESO DE INVESTIGACIÓN;NO CUENTA CON CAUSA ESPECIFICA;AR-539;17/11/2023;-71.871447
A-2023-11-33;50:00.0;DESPISTE;3;0;1;APURIMAC;ANDAHUAYLAS;TALAVERA;RURAL;CARRETERA;DEPARTAMENTAL;AP-102;-13.624194;DESPEJADO;RURAL;TRAMO RECTO;INCLINADA;CASCAJO/RIPIO;NULL;NULL;NULL;NULL;IMPRUDENCIA DEL CONDUCTOR;CONDUCIR EN ESTADO DE EBRIEDAD Y/O DROGADICCIÓN;AP-102;17/11/2023;-73.455308
A-2023-11-95;40:00.0;DESPISTE;1;1;1;AREQUIPA;LA UNION;HUAYNACOTAS;RURAL;CARRETERA;DEPARTAMENTAL;AR-105;-14.754777;DESPEJADO;RURAL;TRAMO RECTO;PLANA ;AFIRMADO;NULL;NULL;NULL;NULL;EN PROCESO DE INVESTIGACIÓN;NO CUENTA CON CAUSA ESPECIFICA;AR-105;17/11/2023;-72.735481
A-2023-11-35;45:00.0;ATROPELLO;1;0;2;PUNO;PUNO;PUNO;URBANA;AVENIDA;URBANO;NO CORRESPONDE;-15.826731;DESPEJADO;ESCOLAR;TRAMO RECTO;PLANA ;ASFALTADA;NULL;NULL;NULL;NULL;IMPRUDENCIA DEL PEATÓN;ESTADO DE EBRIEDAD Y/O DROGADICCIÓN;Jirón Juan Sotomayor Pérez;17/11/2023;-70.029974
A-2023-11-124;20:00.0;DESPISTE;1;0;NULL;LIMA;LIMA;INDEPENDENCIA;URBANA;CARRETERA;NACIONAL;PE-1N;-11.99914;DESPEJADO;COMERCIAL;TRAMO RECTO;INCLINADA;ASFALTADA;NULL;NULL;NULL;NULL;EN PROCESO DE INVESTIGACIÓN;NO CUENTA CON CAUSA ESPECIFICA;Carretera Panamericana Norte;18/11/2023;-77.06266
A-2024-01-14-A;30:00.0;ATROPELLO FUGA;1;0;NULL;AREQUIPA;CAYLLOMA;CALLALLI;RURAL;CARRETERA;DEPARTAMENTAL;AR-111;-15.497639;DESPEJADO;RURAL;TRAMO RECTO;PLANA ;ASFALTADA;NULL;NULL;NULL;NULL;EN PROCESO DE INVESTIGACIÓN;NO CUENTA CON CAUSA ESPECIFICA;AR-111;18/11/2023;-71.45739
A-2023-11-27;00:00.0;DESPISTE;1;1;1;APURIMAC;ANDAHUAYLAS;TURPO;RURAL;CARRETERA;SIN CLASIFICAR;SIN CLASIFICAR;-13.776478;DESPEJADO;RURAL;CURVA;INCLINADA;TROCHA;NULL;NULL;NULL;NULL;IMPRUDENCIA DEL CONDUCTOR;OTRO (IMPRUDENCIA DEL CONDUCTOR);AP-511;18/11/2023;-73.498398
A-2023-11-94;40:00.0;DESPISTE;1;0;1;AREQUIPA;AREQUIPA;YURA;URBANA;CARRETERA;NACIONAL;PE-34A;-16.104564;DESPEJADO;RURAL;CURVA;INCLINADA;ASFALTADA;SI;REGULADORA (R);PREVENTIVA (P);SI;EN PROCESO DE INVESTIGACIÓN;NO CUENTA CON CAUSA ESPECIFICA;Vía Interoceánica Sur - Tramo 5;18/11/2023;-71.618309
A-2023-11-50;30:00.0;DESPISTE;1;2;1;LA LIBERTAD;PACASMAYO;SAN PEDRO DE LLOC;RURAL;CARRETERA;PROVINCIAL;LI-585;-7.397253;DESPEJADO;RURAL;TRAMO RECTO;PLANA ;ASFALTADA;NULL;NULL;NULL;NULL;IMPRUDENCIA DEL CONDUCTOR;OTRO (IMPRUDENCIA DEL CONDUCTOR);Carretera San Pedro de Lloc - San José;18/11/2023;-79.499101
A-2023-11-125;10:00.0;DESPISTE;1;1;NULL;LIMA;LIMA;SAN JUAN DE LURIGANCHO;URBANA;CALLE;URBANO;NO CORRESPONDE;-11.968445;DESPEJADO;ESCOLAR;CURVA;INCLINADA;ASFALTADA;NULL;NULL;NULL;NULL;EN PROCESO DE INVESTIGACIÓN;NO CUENTA CON CAUSA ESPECIFICA;San Juan de Lurigancho;18/11/2023;-76.969751
A-2023-11-14;00:00.0;CHOQUE;2;0;NULL;PIURA;MORROPON;LA MATANZA;RURAL;CARRETERA;NACIONAL;PE-1NJ;-5.212804;DESPEJADO;RURAL;TRAMO RECTO;PLANA ;ASFALTADA;NULL;NULL;NULL;NULL;EN PROCESO DE INVESTIGACIÓN;NO CUENTA CON CAUSA ESPECIFICA;Carretera Interoceánica Norte;18/11/2023;-80.122035
A-2023-11-12;28:00.0;ATROPELLO;1;0;NULL;PUNO;PUNO;PUNO;URBANA;JIRÓN;URBANO;NO CORRESPONDE;-15.862453;DESPEJADO;COMERCIAL;OTRO;INCLINADA;ASFALTADA;NULL;NULL;NULL;NULL;NEGLIGENCIA DEL CONDUCTOR;CONDUCIR CON FALLAS DE FRENOS;Jirón Precursores;18/11/2023;-70.020058
A-2023-11-51;25:00.0;CHOQUE;1;0;2;LA LIBERTAD;PACASMAYO;GUADALUPE;URBANA;CARRETERA;PROVINCIAL;LI-508;-7.23887;DESPEJADO;COMERCIAL;TRAMO RECTO;PLANA ;ASFALTADA;NULL;NULL;NULL;NULL;EN PROCESO DE INVESTIGACIÓN;NO CUENTA CON CAUSA ESPECIFICA;Avenida Manuel Seoane;18/11/2023;-79.467492
A-2023-11-102;00:00.0;CHOQUE;2;2;NULL;PIURA;PIURA;CATACAOS;RURAL;CARRETERA;PROVINCIAL;PI-1023;-5.316261;DESPEJADO;RURAL;TRAMO RECTO;PLANA ;ASFALTADA;NULL;NULL;NULL;NULL;EN PROCESO DE INVESTIGACIÓN;NO CUENTA CON CAUSA ESPECIFICA;Nuevo Pedregal;18/11/2023;-80.67095
A-2023-11-101;00:00.0;DESPISTE;2;0;1;AREQUIPA;AREQUIPA;LA JOYA;RURAL;CARRETERA;SIN CLASIFICAR;SIN CLASIFICAR;-16.489694;DESPEJADO;RURAL;TRAMO RECTO;PLANA ;TROCHA;NULL;NULL;NULL;NULL;EN PROCESO DE INVESTIGACIÓN;NO CUENTA CON CAUSA ESPECIFICA;El Triunfo;19/11/2023;-71.854093
A-2023-11-126;30:00.0;ATROPELLO FUGA;1;0;NULL;LIMA;LIMA;SAN JUAN DE MIRAFLORES;URBANA;CARRETERA;NACIONAL;PE-1S;-12.179902;DESPEJADO;COMERCIAL;TRAMO RECTO;PLANA ;ASFALTADA;NO;NULL;NULL;SI;EN PROCESO DE INVESTIGACIÓN;NO CUENTA CON CAUSA ESPECIFICA;Avenida Panamericana Sur;19/11/2023;-76.976303
A-2023-11-34;30:00.0;CHOQUE CON OBJETO FIJO;1;0;1;CUSCO;URUBAMBA;URUBAMBA;RURAL;CARRETERA;SIN CLASIFICAR;SIN CLASIFICAR;-13.269785;DESPEJADO;RURAL;SINUOSA;INCLINADA;TROCHA;NULL;NULL;NULL;NULL;IMPRUDENCIA DEL CONDUCTOR;EXCESO DE VELOCIDAD;Urubamba;19/11/2023;-72.103578
A-2023-11-36;20:00.0;CHOQUE;1;0;2;PUNO;EL COLLAO;SANTA ROSA;RURAL;CARRETERA;NACIONAL;PE-38;-16.805547;DESPEJADO;RURAL;TRAMO RECTO;PLANA ;ASFALTADA;NULL;NULL;NULL;NULL;IMPRUDENCIA DEL CONDUCTOR;INVASIÓN DE CARRIL;Carretera Mazocruz - Tarata;19/11/2023;-69.728818
A-2023-11-127;15:00.0;ATROPELLO;1;0;NULL;LIMA;LIMA;ANCON;URBANA;CARRETERA;NACIONAL;PE-1N;-11.734519;DESPEJADO;RESIDENCIAL;CURVA;INCLINADA;ASFALTADA;NULL;NULL;NULL;NULL;EN PROCESO DE INVESTIGACIÓN;NO CUENTA CON CAUSA ESPECIFICA;Carretera Panamericana Norte;19/11/2023;-77.136116
A-2023-11-143;18:00.0;ATROPELLO;1;0;1;TACNA;TACNA;CIUDAD NUEVA;URBANA;CARRETERA;PROVINCIAL;TA-621;-17.981544;DESPEJADO;RESIDENCIAL;TRAMO RECTO;PLANA ;ASFALTADA;NULL;NULL;NULL;NULL;IMPRUDENCIA DEL CONDUCTOR;NO DAR PASO PREFERENTE AL PEATÓN;Avenida Internacional;20/11/2023;-70.234855
A-2023-11-128;20:00.0;CHOQUE;2;0;NULL;LIMA;LIMA;LURIN;URBANA;CARRETERA;NACIONAL;PE-1S;-12.300015;DESPEJADO;COMERCIAL;TRAMO RECTO;PLANA ;ASFALTADA;NULL;NULL;NULL;NULL;EN PROCESO DE INVESTIGACIÓN;NO CUENTA CON CAUSA ESPECIFICA;Carretera Panamericana Sur;20/11/2023;-76.849084
A-2023-11-85;43:00.0;ATROPELLO FUGA;1;0;NULL;JUNIN;YAULI;SANTA ROSA DE SACCO;URBANA;CARRETERA;NACIONAL;PE-22;-11.549432;DESPEJADO;RESIDENCIAL;INTERSECCIÓN;PLANA ;ASFALTADA;SI;PREVENTIVA (P);NULL;SI;EN PROCESO DE INVESTIGACIÓN;NO CUENTA CON CAUSA ESPECIFICA;Avenida Miguel Grau;21/11/2023;-75.94024
A-2023-11-129;10:00.0;ATROPELLO;1;0;NULL;LIMA;LIMA;SAN MARTIN DE PORRES;URBANA;CARRETERA;NACIONAL;PE-1N;-12.024616;DESPEJADO;COMERCIAL;TRAMO RECTO;INCLINADA;ASFALTADA;NULL;NULL;NULL;NULL;EN PROCESO DE INVESTIGACIÓN;NO CUENTA CON CAUSA ESPECIFICA;Carretera Panamericana Norte;21/11/2023;-77.05868
A-2023-11-158;22:00.0;DESPISTE;2;4;1;CAJAMARCA;SANTA CRUZ;CATACHE;RURAL;CARRETERA;NACIONAL;PE-06B;-6.608457;DESPEJADO;RURAL;CURVA;INCLINADA;ASFALTADA;NULL;NULL;NULL;NULL;IMPRUDENCIA DEL CONDUCTOR;FATIGA Y/O CANSANCIO;PE-06B;21/11/2023;-78.980725
A-2023-11-103;30:00.0;CHOQUE;1;0;NULL;PIURA;MORROPON;SALITRAL;RURAL;CARRETERA;NACIONAL;PE-02A;-5.434296;DESPEJADO;RURAL;TRAMO RECTO;PLANA ;ASFALTADA;NULL;NULL;NULL;NULL;EN PROCESO DE INVESTIGACIÓN;NO CUENTA CON CAUSA ESPECIFICA;PE-02A;21/11/2023;-79.77158
A-2023-11-74;00:00.0;ATROPELLO;1;0;1;PUNO;HUANCANE;ROSASPATA;RURAL;CARRETERA;SIN CLASIFICAR;SIN CLASIFICAR;-15.220533;DESPEJADO;RURAL;TRAMO RECTO;PLANA ;ASFALTADA;NULL;NULL;NULL;NULL;IMPRUDENCIA DEL CONDUCTOR;EXCESO DE VELOCIDAD;Rosaspata;21/11/2023;-69.550224
A-2023-11-58;50:00.0;CHOQUE;2;4;2;LIMA;HUAURA;HUAURA;URBANA;CARRETERA;NACIONAL;PE-1NE;-11.06209;DESPEJADO;RESIDENCIAL;TRAMO RECTO;PLANA ;ASFALTADA;SI;REGULADORA (R);PREVENTIVA (P);NO;IMPRUDENCIA DEL CONDUCTOR;CONDUCIR EN ESTADO DE EBRIEDAD Y/O DROGADICCIÓN;Carretera Huaura - Ambo;22/11/2023;-77.55274
A-2023-11-93;15:00.0;ATROPELLO;1;0;1;AREQUIPA;CAYLLOMA;ACHOMA;RURAL;CARRETERA;SIN CLASIFICAR;SIN CLASIFICAR;-15.685819;SOLEADO;RURAL;OTRO;INCLINADA;TROCHA;NULL;NULL;NULL;NULL;EN PROCESO DE INVESTIGACIÓN;NO CUENTA CON CAUSA ESPECIFICA;Achoma;22/11/2023;-71.681166
A-2023-11-41;30:00.0;CHOQUE FUGA;1;1;NULL;PUNO;CHUCUITO;POMATA;RURAL;CARRETERA;DEPARTAMENTAL;PU-130;-16.288084;NULL;NULL;NULL;NULL;NULL;NULL;NULL;NULL;NULL;IMPRUDENCIA DEL CONDUCTOR;INVASIÓN DE CARRIL;PU-130;22/11/2023;-69.22591
A-2023-11-130;30:00.0;CHOQUE;1;0;NULL;LIMA;LIMA;PUENTE PIEDRA;URBANA;CARRETERA;NACIONAL;PE-1N;-11.886005;DESPEJADO;ESCOLAR;TRAMO RECTO;PLANA ;ASFALTADA;NO;NULL;NULL;SI;EN PROCESO DE INVESTIGACIÓN;NO CUENTA CON CAUSA ESPECIFICA;Avenida Panamericana Norte;22/11/2023;-77.068534
A-2023-11-43;30:00.0;CHOQUE;1;1;2;PUNO;EL COLLAO;ILAVE;RURAL;CARRETERA;NACIONAL;PE-3S;-16.076368;DESPEJADO;RURAL;TRAMO RECTO;PLANA ;ASFALTADA;NULL;NULL;NULL;NULL;IMPRUDENCIA DEL CONDUCTOR;OTRO (IMPRUDENCIA DEL CONDUCTOR);Carretera Longitudinal de la Sierra Sur;23/11/2023;-69.661904
A-2023-11-44;40:00.0;CHOQUE FUGA;1;0;NULL;PUNO;PUNO;ACORA;RURAL;CARRETERA;NACIONAL;PE-3S;-16.06202;DESPEJADO;RURAL;TRAMO RECTO;PLANA ;ASFALTADA;NULL;NULL;NULL;NULL;EN PROCESO DE INVESTIGACIÓN;NO CUENTA CON CAUSA ESPECIFICA;Carretera Longitudinal de la Sierra Sur;24/11/2023;-69.691973
A-2023-11-26;00:00.0;VOLCADURA;2;1;1;CUSCO;URUBAMBA;OLLANTAYTAMBO;RURAL;CARRETERA;NACIONAL;PE-28B;-13.209254;DESPEJADO;RURAL;CURVA;INCLINADA;ASFALTADA;SI;PREVENTIVA (P);NULL;SI;IMPRUDENCIA DEL CONDUCTOR;EXCESO DE VELOCIDAD;PE-28B;24/11/2023;-72.299232
A-2023-11-131;45:00.0;ATROPELLO FUGA;1;0;NULL;LIMA;LIMA;PUENTE PIEDRA;URBANA;AVENIDA;URBANO;NO CORRESPONDE;-11.828855;DESPEJADO;RESIDENCIAL;TRAMO RECTO;INCLINADA;ASFALTADA;NULL;NULL;NULL;NULL;EN PROCESO DE INVESTIGACIÓN;NO CUENTA CON CAUSA ESPECIFICA;Calle Las Palmeras;24/11/2023;-77.110221
A-2023-11-132;30:00.0;ATROPELLO FUGA;1;0;NULL;LIMA;LIMA;PUNTA NEGRA;RURAL;CARRETERA;NACIONAL;PE-1S;-12.363711;DESPEJADO;INDUSTRIAL;TRAMO RECTO;PLANA ;ASFALTADA;NULL;NULL;NULL;NULL;EN PROCESO DE INVESTIGACIÓN;NO CUENTA CON CAUSA ESPECIFICA;Carretera Panamericana Sur;25/11/2023;-76.792523
A-2023-11-39;45:00.0;ATROPELLO;1;0;0;ICA;CHINCHA;EL CARMEN;RURAL;CARRETERA;NACIONAL;PE-1SE;-13.560465;DESPEJADO;RURAL;TRAMO RECTO;PLANA ;ASFALTADA;NULL;NULL;NULL;NULL;EN PROCESO DE INVESTIGACIÓN;NO CUENTA CON CAUSA ESPECIFICA;Carretera Panamericana Sur;25/11/2023;-76.180318
A-2023-11-189;40:00.0;ATROPELLO;1;0;NULL;LIMA;LIMA;VILLA MARIA DEL TRIUNFO;URBANA;AVENIDA;URBANO;NO CORRESPONDE;-12.148134;DESPEJADO;RESIDENCIAL;TRAMO RECTO;PLANA ;ASFALTADA;NULL;NULL;NULL;NULL;EN PROCESO DE INVESTIGACIÓN;NO CUENTA CON CAUSA ESPECIFICA;Avenida Jerusalen;25/11/2023;-76.934364
A-2023-11-63;50:00.0;DESPISTE;1;3;1;HUANCAVELICA;TAYACAJA;ACOSTAMBO;RURAL;CARRETERA;NACIONAL;PE-3S;-12.41175;DESPEJADO;RURAL;CURVA;INCLINADA;ASFALTADA;NULL;NULL;NULL;NULL;EN PROCESO DE INVESTIGACIÓN;NO CUENTA CON CAUSA ESPECIFICA;Carretera Longitudinal de la Sierra Sur;25/11/2023;-75.039459
A-2023-11-92;00:00.0;CHOQUE;1;4;2;AREQUIPA;AREQUIPA;SAN JUAN DE TARUCANI;RURAL;CARRETERA;NACIONAL;PE-34A;-16.019116;DESPEJADO;RURAL;CURVA;INCLINADA;ASFALTADA;NULL;NULL;NULL;NULL;EN PROCESO DE INVESTIGACIÓN;NO CUENTA CON CAUSA ESPECIFICA;Vía Interoceánica Sur - Tramo 5;25/11/2023;-71.283545
A-2023-11-21;30:00.0;ATROPELLO;1;0;0;CUSCO;QUISPICANCHI;OCONGATE;RURAL;CARRETERA;NACIONAL;PE-30C;-13.649487;NUBLADO;RURAL;TRAMO RECTO;PLANA ;ASFALTADA;SI;INFORMATIVA (I);NULL;SI;IMPRUDENCIA DEL PEATÓN;OTRO (IMPRUDENCIA DEL PEATÓN);Interoceánica Sur;25/11/2023;-71.298013
A-2023-11-91;00:00.0;ATROPELLO;1;0;1;AREQUIPA;AREQUIPA;LA JOYA;RURAL;CARRETERA;NACIONAL;PE-1S;-16.512043;DESPEJADO;RURAL;TRAMO RECTO;PLANA ;ASFALTADA;NULL;NULL;NULL;NULL;EN PROCESO DE INVESTIGACIÓN;NO CUENTA CON CAUSA ESPECIFICA;Carretera Panamericana Sur;25/11/2023;-71.809521
A-2023-11-31;30:00.0;CHOQUE;1;0;2;SAN MARTIN;RIOJA;PARDO MIGUEL;URBANA;CARRETERA;NACIONAL;PE-5N;-5.730906;DESPEJADO;COMERCIAL;TRAMO RECTO;INCLINADA;ASFALTADA;NULL;NULL;NULL;NULL;EN PROCESO DE INVESTIGACIÓN;NO CUENTA CON CAUSA ESPECIFICA;Carretera Presidente Fernando Belaúnde Terry;25/11/2023;-77.513107
A-2023-11-133;30:00.0;ATROPELLO FUGA;1;0;NULL;LIMA;LIMA;LURIN;URBANA;CARRETERA;NACIONAL;PE-1S;-12.297378;DESPEJADO;RURAL;TRAMO RECTO;PLANA ;ASFALTADA;NULL;NULL;NULL;NULL;EN PROCESO DE INVESTIGACIÓN;NO CUENTA CON CAUSA ESPECIFICA;Carretera Panamericana Sur;26/11/2023;-76.8552
A-2023-11-148;30:00.0;DESPISTE;1;0;NULL;PIURA;AYABACA;PACAIPAMPA;RURAL;CARRETERA;NACIONAL;PE-3N;-4.946504;DESPEJADO;RURAL;TRAMO RECTO;PLANA ;ASFALTADA;NULL;NULL;NULL;NULL;EN PROCESO DE INVESTIGACIÓN;NO CUENTA CON CAUSA ESPECIFICA;Carretera Longitudinal de la Sierra Norte;26/11/2023;-79.57293