CÓDIGO SINIESTRO;HORA SINIESTRO;CLASE SINIESTRO;CANTIDAD DE FALLECIDOS;CANTIDAD DE LESIONADOS;CANTIDAD DE VEHICULOS DAÑADOS;DEPARTAMENTO;PROVINCIA;DISTRITO;ZONA;TIPO DE VÍA;RED VIAL;COD CARRETERA;COORDENADAS LATITUD;CONDICIÓN CLIMÁTICA;ZONIFICACIÓN;CARACTERÍSTICAS DE VÍA;PERFIL LONGITUDINAL VÍA;SUPERFICIE DE CALZADA;¿EXISTE SEÑAL VERTICAL?;CLASIFICACIÓN DE LA SEÑAL VERTICAL Nº 1;CLASIFICACIÓN DE LA SEÑAL VERTICAL Nº 2;¿EXISTE SEÑAL HORIZONTAL?;CAUSA FACTOR PRINCIPAL;CAUSA ESPECÍFICA;UBICACION;FECHA SINIESTRO;COORDENADAS LONGITUD
A-2023-11-30;30:00.0;DESPISTE;1;0;1;CUSCO;ACOMAYO;ACOPIA;RURAL;CARRETERA;PROVINCIAL;CU-1627;-14.045196;LLUVIOSO;RURAL;CURVA;PLANA ;ASFALTADA;NULL;NULL;NULL;NULL;EN PROCESO DE INVESTIGACIÓN;NO CUENTA CON CAUSA ESPECIFICA;CU-1627;27/11/2023;-71.498479
A-2023-11-135;45:00.0;ATROPELLO;1;0;NULL;LIMA;LIMA;LOS OLIVOS;URBANA;AVENIDA;URBANO;NO CORRESPONDE;-11.978307;DESPEJADO;ESCOLAR;TRAMO RECTO;PLANA ;ASFALTADA;SI;PREVENTIVA (P);NULL;SI;EN PROCESO DE INVESTIGACIÓN;NO CUENTA CON CAUSA ESPECIFICA;Avenida Naranjal;27/11/2023;-77.075836
A-2023-11-40;55:00.0;ATROPELLO;1;0;1;SAN MARTIN;MOYOBAMBA;JEPELACIO;URBANA;CARRETERA;NACIONAL;PE-5N;-6.170109;NUBLADO;COMERCIAL;TRAMO RECTO;INCLINADA;ASFALTADA;NULL;NULL;NULL;NULL;EN PROCESO DE INVESTIGACIÓN;NO CUENTA CON CAUSA ESPECIFICA;Carretera Presidente Fernando Belaúnde Terry;27/11/2023;-76.833266
A-2023-11-137;20:00.0;CHOQUE;1;0;NULL;LIMA;LIMA;CHORRILLOS;URBANA;CARRETERA;NACIONAL;PE-1S;-12.222561;DESPEJADO;INDUSTRIAL;TRAMO RECTO;PLANA ;ASFALTADA;NULL;NULL;NULL;NULL;EN PROCESO DE INVESTIGACIÓN;NO CUENTA CON CAUSA ESPECIFICA;Carretera Panamericana Sur;27/11/2023;-76.974531
A-2023-11-136;30:00.0;DESPISTE;1;6;NULL;LIMA;LIMA;COMAS;URBANA;AVENIDA;URBANO;NO CORRESPONDE;-11.928319;DESPEJADO;COMERCIAL;TRAMO RECTO;PLANA ;ASFALTADA;NULL;NULL;NULL;NULL;EN PROCESO DE INVESTIGACIÓN;NO CUENTA CON CAUSA ESPECIFICA;Avenida El Retablo;27/11/2023;-77.055793
A-2023-11-134;10:00.0;ATROPELLO FUGA;1;0;NULL;LIMA;LIMA;PUNTA NEGRA;RURAL;CARRETERA;NACIONAL;PE-1S;-12.368539;DESPEJADO;RURAL;TRAMO RECTO;PLANA ;ASFALTADA;SI;INFORMATIVA (I);NULL;SI;EN PROCESO DE INVESTIGACIÓN;NO CUENTA CON CAUSA ESPECIFICA;Carretera Panamericana Sur;27/11/2023;-76.787526
A-2023-11-138;40:00.0;ATROPELLO FUGA;1;0;NULL;LIMA;LIMA;RIMAC;URBANA;CARRETERA;NACIONAL;PE-1N;-12.041966;DESPEJADO;COMERCIAL;TRAMO RECTO;INCLINADA;ASFALTADA;NULL;NULL;NULL;NULL;EN PROCESO DE INVESTIGACIÓN;NO CUENTA CON CAUSA ESPECIFICA;Vía de Evitamiento;28/11/2023;-77.019987
A-2023-11-60;15:00.0;ATROPELLO;1;0;1;LIMA;HUAURA;SANTA MARIA;URBANA;CALLE;URBANO;NO CORRESPONDE;-11.109568;DESPEJADO;RESIDENCIAL;INTERSECCIÓN;PLANA ;ASFALTADA;NULL;NULL;NULL;NULL;IMPRUDENCIA DEL PEATÓN;CRUCE INDEBIDO POR LA CALZADA;Los Jazmines;28/11/2023;-77.588456
A-2023-11-104;45:00.0;CHOQUE;1;0;NULL;PIURA;PIURA;VEINTISEIS DE OCTUBRE;URBANA;AVENIDA;URBANO;NO CORRESPONDE;-5.17957;DESPEJADO;RURAL;INTERSECCIÓN;PLANA ;ASFALTADA;NULL;NULL;NULL;NULL;IMPRUDENCIA DEL CONDUCTOR;OTRO (IMPRUDENCIA DEL CONDUCTOR);Avenida Francisco Vegas;28/11/2023;-80.677876
A-2023-11-52;20:00.0;CHOQUE;1;0;2;LA LIBERTAD;VIRU;VIRU;RURAL;CARRETERA;PROVINCIAL;LI-1154;-8.444481;DESPEJADO;RURAL;TRAMO RECTO;PLANA ;AFIRMADO;NULL;NULL;NULL;NULL;IMPRUDENCIA DEL CONDUCTOR;GIRAR IMPRUDENTEMENTE;LI-1154;28/11/2023;-78.814209
A-2023-11-144;50:00.0;ATROPELLO;1;0;1;TACNA;CANDARAVE;CAMILACA;RURAL;CARRETERA;PROVINCIAL;TA-515;-17.320923;DESPEJADO;RURAL;TRAMO RECTO;PLANA ;ASFALTADA;NULL;NULL;NULL;NULL;IMPRUDENCIA DEL PEATÓN;CRUCE INDEBIDO POR LA CALZADA;TA-515;28/11/2023;-70.433619
A-2023-11-77;00:00.0;CHOQUE;1;1;2;LA LIBERTAD;SANTIAGO DE CHUCO;QUIRUVILCA;RURAL;CARRETERA;NACIONAL;PE-3N;-7.993094;LLUVIOSO;RURAL;TRAMO RECTO;PLANA ;ASFALTADA;NULL;NULL;NULL;NULL;EN PROCESO DE INVESTIGACIÓN;NO CUENTA CON CAUSA ESPECIFICA;LI-931;28/11/2023;-78.293283
A-2023-11-90;30:00.0;CHOQUE;1;2;2;AREQUIPA;CAYLLOMA;MAJES;RURAL;CARRETERA;DEPARTAMENTAL;AR-109;-16.332863;DESPEJADO;RURAL;TRAMO RECTO;PLANA ;ASFALTADA;NO;NULL;NULL;SI;EN PROCESO DE INVESTIGACIÓN;NO CUENTA CON CAUSA ESPECIFICA;Carretera Majes - Colca;29/11/2023;-72.166079
A-2023-11-146;47:00.0;ATROPELLO;1;0;1;TACNA;TACNA;SAMA;RURAL;CARRETERA;NACIONAL;PE-1S;-17.833542;DESPEJADO;RURAL;TRAMO RECTO;PLANA ;ASFALTADA;NULL;NULL;NULL;NULL;IMPRUDENCIA DEL PEATÓN;ESTADO DE EBRIEDAD Y/O DROGADICCIÓN;Carretera Panamericana Sur;29/11/2023;-70.536717
A-2023-11-150;30:00.0;CHOQUE;1;0;NULL;CALLAO;CALLAO;VENTANILLA;URBANA;CARRETERA;NACIONAL;PE-1N;-11.825042;DESPEJADO;INDUSTRIAL;TRAMO RECTO;PLANA ;ASFALTADA;NULL;NULL;NULL;NULL;IMPERICIA DEL CONDUCTOR;NULL;Carretera Panamericana Norte;29/11/2023;-77.122957
A-2023-11-151;30:00.0;CHOQUE;1;2;2;PUNO;HUANCANE;PUSI;RURAL;CARRETERA;NACIONAL;PE-34H;-15.361039;DESPEJADO;RURAL;TRAMO RECTO;PLANA ;ASFALTADA;NULL;NULL;NULL;NULL;IMPRUDENCIA DEL CONDUCTOR;CONDUCIR EN SENTIDO CONTRARIO;PE-34H;29/11/2023;-70.052119
A-2023-11-145;30:00.0;ATROPELLO FUGA;1;0;NULL;JUNIN;HUANCAYO;SAN JERONIMO DE TUNAN;URBANA;CARRETERA;NACIONAL;PE-3S;-11.957444;DESPEJADO;RURAL;TRAMO RECTO;PLANA ;ASFALTADA;NO;NULL;NULL;SI;EN PROCESO DE INVESTIGACIÓN;NO CUENTA CON CAUSA ESPECIFICA;Carretera Longitudinal de la Sierra Sur;29/11/2023;-75.276379
A-2023-11-89;40:00.0;DESPISTE;1;0;1;AREQUIPA;AREQUIPA;LA JOYA;URBANA;CARRETERA;NACIONAL;PE-1S;-16.505011;DESPEJADO;RESIDENCIAL;TRAMO RECTO;PLANA ;ASFALTADA;NO;NULL;NULL;SI;EN PROCESO DE INVESTIGACIÓN;NO CUENTA CON CAUSA ESPECIFICA;Carretera Panamericana Sur;29/11/2023;-71.822408
A-2023-11-54;50:00.0;CHOQUE;1;0;2;LA LIBERTAD;VIRU;GUADALUPITO;RURAL;CARRETERA;NACIONAL;PE-1N;-8.71773;DESPEJADO;RURAL;TRAMO RECTO;PLANA ;ASFALTADA;NULL;NULL;NULL;NULL;IMPRUDENCIA DEL CONDUCTOR;FATIGA Y/O CANSANCIO;Panamericana Norte;30/11/2023;-78.636349
A-2023-11-86;00:00.0;ATROPELLO;1;0;NULL;JUNIN;HUANCAYO;HUAYUCACHI;URBANA;CARRETERA;NACIONAL;PE-3S;-12.122053;DESPEJADO;RESIDENCIAL;TRAMO RECTO;PLANA ;ASFALTADA;NO;NULL;NULL;SI;IMPRUDENCIA DEL CONDUCTOR;OTRO (IMPRUDENCIA DEL CONDUCTOR);Carretera Longitudinal de la Sierra Sur;30/11/2023;-75.2187
A-2023-11-53;40:00.0;CHOQUE;1;0;2;LA LIBERTAD;TRUJILLO;VICTOR LARCO HERRERA;URBANA;CARRETERA;NACIONAL;PE-1N;-8.142941;DESPEJADO;INDUSTRIAL;CURVA;PLANA ;ASFALTADA;NULL;NULL;NULL;NULL;IMPRUDENCIA DEL CONDUCTOR;CONDUCIR EN ESTADO DE EBRIEDAD Y/O DROGADICCIÓN;Carretera Industrial;30/11/2023;-79.027475
A-2023-11-55;30:00.0;CHOQUE;1;1;2;LA LIBERTAD;CHEPEN;CHEPEN;RURAL;CARRETERA;NACIONAL;PE-08;-7.284049;DESPEJADO;RURAL;TRAMO RECTO;PLANA ;ASFALTADA;NULL;NULL;NULL;NULL;IMPRUDENCIA DEL CONDUCTOR;DESACATO DE SEÑAL DE TRÁNSITO;Carretera Ciudad de Dios - Cajamarca;30/11/2023;-79.313841
A-2023-11-56;35:00.0;ATROPELLO FUGA;1;0;NULL;PUNO;CHUCUITO;POMATA;RURAL;CARRETERA;DEPARTAMENTAL;PU-130;-16.293168;DESPEJADO;RURAL;TRAMO RECTO;PLANA ;ASFALTADA;NULL;NULL;NULL;NULL;EN PROCESO DE INVESTIGACIÓN;NO CUENTA CON CAUSA ESPECIFICA;PU-130;30/11/2023;-69.231531
A-2023-12-56;55:00.0;CHOQUE;1;0;NULL;PASCO;PASCO;NINACACA;NULL;CARRETERA;NACIONAL;PE-3N;-10.8936;NULL;NULL;NULL;NULL;NULL;NULL;NULL;NULL;NULL;EN PROCESO DE INVESTIGACIÓN;NO CUENTA CON CAUSA ESPECIFICA;Carretera Longitudinal de la Sierra Norte;1/12/2023;-76.08042
A-2023-12-163;30:00.0;CHOQUE CON OBJETO FIJO;1;1;1;PUNO;SANDIA;SANDIA;URBANA;JIRÓN;URBANO;NO CORRESPONDE;-14.321107;DESPEJADO;RESIDENCIAL;TRAMO RECTO;PLANA ;ASFALTADA;NULL;NULL;NULL;NULL;IMPRUDENCIA DEL CONDUCTOR;CONDUCIR EN ESTADO DE EBRIEDAD Y/O DROGADICCIÓN;Jirón Pedro de Candia;1/12/2023;-69.465885
A-2023-12-28;00:00.0;DESPISTE;1;0;NULL;CUSCO;PAUCARTAMBO;PAUCARTAMBO;RURAL;CARRETERA;PROVINCIAL;CU-981;-13.269451;NUBLADO;RURAL;CURVA;PLANA ;AFIRMADO;NULL;NULL;NULL;NULL;IMPRUDENCIA DEL CONDUCTOR;OTRO (IMPRUDENCIA DEL CONDUCTOR);Sunchubamba;1/12/2023;-71.619832
A-2023-12-12;50:00.0;CHOQUE FUGA;2;0;1;CUSCO;CALCA;LAMAY;RURAL;CARRETERA;NACIONAL;PE-28B;-13.377747;LLUVIOSO;RURAL;TRAMO RECTO;PLANA ;CONCRETO;NO;NULL;NULL;SI;IMPRUDENCIA DEL CONDUCTOR;CONDUCIR EN ESTADO DE EBRIEDAD Y/O DROGADICCIÓN;PE-28B;1/12/2023;-71.916198
A-2023-12-36;13:00.0;DESPISTE;1;0;1;LA LIBERTAD;PACASMAYO;GUADALUPE;RURAL;CARRETERA;NACIONAL;PE-1N;-7.259385;DESPEJADO;RURAL;TRAMO RECTO;PLANA ;ASFALTADA;NULL;NULL;NULL;NULL;EN PROCESO DE INVESTIGACIÓN;NO CUENTA CON CAUSA ESPECIFICA;Carretera Panamericana Norte;1/12/2023;-79.489973
A-2023-12-166;30:00.0;DESPISTE;1;2;1;CAJAMARCA;CHOTA;CHOTA;RURAL;CARRETERA;NACIONAL;PE-3N;-6.60763;DESPEJADO;RURAL;TRAMO RECTO;INCLINADA;ASFALTADA;NO;NULL;NULL;SI;IMPRUDENCIA DEL CONDUCTOR;OTRO (IMPRUDENCIA DEL CONDUCTOR);Carretera Longitudinal de la Sierra Norte;2/12/2023;-78.622104
A-2023-12-57;28:00.0;ATROPELLO;1;0;NULL;JUNIN;HUANCAYO;HUANCAYO;URBANA;CALLE;URBANO;NO CORRESPONDE;-12.071005;DESPEJADO;COMERCIAL;INTERSECCIÓN;PLANA ;ASFALTADA;NULL;NULL;NULL;NULL;IMPRUDENCIA DEL PEATÓN;OTRO (IMPRUDENCIA DEL PEATÓN);Prolongación Huanuco;2/12/2023;-75.20299
A-2023-12-88;30:00.0;DESPISTE;1;0;NULL;LIMA;LIMA;PUENTE PIEDRA;URBANA;AVENIDA;URBANO;NO CORRESPONDE;-11.821835;DESPEJADO;RESIDENCIAL;TRAMO RECTO;INCLINADA;TROCHA;NULL;NULL;NULL;NULL;EN PROCESO DE INVESTIGACIÓN;NO CUENTA CON CAUSA ESPECIFICA;Calle Las Rosas;2/12/2023;-77.10314
A-2023-12-37;00:00.0;ATROPELLO;1;0;1;LA LIBERTAD;TRUJILLO;LA ESPERANZA;URBANA;AVENIDA;URBANO;NO CORRESPONDE;-8.066036;DESPEJADO;ESCOLAR;TRAMO RECTO;PLANA ;ASFALTADA;NULL;NULL;NULL;NULL;EN PROCESO DE INVESTIGACIÓN;NO CUENTA CON CAUSA ESPECIFICA;Avenida José Gabriel Condorcanqui;2/12/2023;-79.051343
A-2023-12-89;20:00.0;ATROPELLO;1;0;NULL;LIMA;LIMA;CARABAYLLO;URBANA;CARRETERA;NACIONAL;PE-20A;-11.890262;DESPEJADO;COMERCIAL;INTERSECCIÓN;PLANA ;ASFALTADA;NULL;NULL;NULL;NULL;EN PROCESO DE INVESTIGACIÓN;NO CUENTA CON CAUSA ESPECIFICA;Avenida Chillón Trapiche;2/12/2023;-77.044164
A-2023-12-162;20:00.0;CHOQUE;1;0;2;PUNO;AZANGARO;ASILLO;RURAL;CARRETERA;NACIONAL;PE-34B;-14.66751;DESPEJADO;RURAL;TRAMO RECTO;PLANA ;ASFALTADA;NULL;NULL;NULL;NULL;IMPRUDENCIA DEL CONDUCTOR;CONDUCIR EN ESTADO DE EBRIEDAD Y/O DROGADICCIÓN;Carretera Interoceánica Puno - Madre de Dios;3/12/2023;-70.368807
A-2023-12-165;00:00.0;CHOQUE FUGA;1;3;1;LIMA;HUARAL;AUCALLAMA;RURAL;CARRETERA;NACIONAL;PE-1N;-11.628727;DESPEJADO;RURAL;OTRO;INCLINADA;ASFALTADA;SI;PREVENTIVA (P);REGULADORA (R);NO;EN PROCESO DE INVESTIGACIÓN;NO CUENTA CON CAUSA ESPECIFICA;Carretera Panamericana Norte;3/12/2023;-77.207424
A-2023-12-38;00:00.0;DESPISTE;1;3;1;LA LIBERTAD;SANCHEZ CARRION;CHUGAY;RURAL;CARRETERA;NACIONAL;PE-10C;-7.792645;DESPEJADO;RURAL;TRAMO RECTO;PLANA ;ASFALTADA;NULL;NULL;NULL;NULL;EN PROCESO DE INVESTIGACIÓN;NO CUENTA CON CAUSA ESPECIFICA;PE-10C;3/12/2023;-77.775557
A-2023-12-8;20:00.0;VOLCADURA;1;0;0;ICA;CHINCHA;EL CARMEN;RURAL;CARRETERA;SIN CLASIFICAR;SIN CLASIFICAR;-13.506284;DESPEJADO;RURAL;TRAMO RECTO;PLANA ;TROCHA;NULL;NULL;NULL;NULL;EN PROCESO DE INVESTIGACIÓN;NO CUENTA CON CAUSA ESPECIFICA;San Regis;3/12/2023;-76.0856
A-2023-12-132;20:00.0;ATROPELLO;1;0;1;TACNA;TACNA;CIUDAD NUEVA;URBANA;AVENIDA;URBANO;NO CORRESPONDE;-17.973839;DESPEJADO;RESIDENCIAL;TRAMO RECTO;PLANA ;ASFALTADA;NULL;NULL;NULL;NULL;IMPRUDENCIA DEL CONDUCTOR;OTRO (IMPRUDENCIA DEL CONDUCTOR);Avenida Expedición Libertadora;3/12/2023;-70.233556
A-2023-12-3;00:00.0;ATROPELLO FUGA;1;0;NULL;SAN MARTIN;RIOJA;NUEVA CAJAMARCA;URBANA;CARRETERA;NACIONAL;PE-5N;-5.804835;DESPEJADO;COMERCIAL;TRAMO RECTO;PLANA ;ASFALTADA;NULL;NULL;NULL;NULL;EN PROCESO DE INVESTIGACIÓN;NO CUENTA CON CAUSA ESPECIFICA;Carretera Presidente Fernando Belaúnde Terry;3/12/2023;-77.399629
A-2023-12-7;00:00.0;DESPISTE;1;1;1;AMAZONAS;BAGUA;BAGUA;RURAL;CARRETERA;DEPARTAMENTAL;AM-101;-5.636136;DESPEJADO;RURAL;TRAMO RECTO;PLANA ;ASFALTADA;NULL;NULL;NULL;NULL;EN PROCESO DE INVESTIGACIÓN;NO CUENTA CON CAUSA ESPECIFICA;Avenida Agropecuaria;3/12/2023;-78.51941
A-2023-12-84;30:00.0;CHOQUE;1;0;NULL;PIURA;HUANCABAMBA;HUANCABAMBA;RURAL;CARRETERA;NACIONAL;PE-02A;-5.246907;DESPEJADO;RURAL;TRAMO RECTO;PLANA ;ASFALTADA;NULL;NULL;NULL;NULL;EN PROCESO DE INVESTIGACIÓN;NO CUENTA CON CAUSA ESPECIFICA;Carretera a Huancabamba;3/12/2023;-79.454381
A-2023-12-39;10:00.0;DESPISTE;1;0;1;LA LIBERTAD;TRUJILLO;HUANCHACO;RURAL;CARRETERA;NACIONAL;PE-1N;-8.047964;DESPEJADO;RURAL;TRAMO RECTO;PLANA ;ASFALTADA;NULL;NULL;NULL;NULL;IMPRUDENCIA DEL CONDUCTOR;CONDUCIR EN ESTADO DE EBRIEDAD Y/O DROGADICCIÓN;Carretera Panamericana Norte;4/12/2023;-79.085965
A-2023-12-90;23:00.0;DESPISTE;1;0;NULL;LIMA;LIMA;COMAS;URBANA;AVENIDA;URBANO;NO CORRESPONDE;-11.907972;DESPEJADO;ESCOLAR;TRAMO RECTO;PLANA ;ASFALTADA;SI;REGULADORA (R);NULL;SI;EN PROCESO DE INVESTIGACIÓN;NO CUENTA CON CAUSA ESPECIFICA;Avenida Universitaria;4/12/2023;-77.043855
A-2023-12-91;30:00.0;ATROPELLO;1;0;NULL;LIMA;LIMA;LOS OLIVOS;URBANA;CARRETERA;NACIONAL;PE-1N;-11.96652;DESPEJADO;COMERCIAL;TRAMO RECTO;PLANA ;ASFALTADA;NO;NULL;NULL;SI;EN PROCESO DE INVESTIGACIÓN;NO CUENTA CON CAUSA ESPECIFICA;Avenida Panamericana Norte;4/12/2023;-77.067755
A-2023-12-123;30:00.0;DESPISTE;1;0;1;AYACUCHO;HUANTA;HUAMANGUILLA;RURAL;CARRETERA;PROVINCIAL;AY-646;-13.00728;DESPEJADO;RURAL;CURVA;INCLINADA;ASFALTADA;SI;PREVENTIVA (P);NULL;NO;IMPRUDENCIA DEL CONDUCTOR;CONDUCIR EN ESTADO DE EBRIEDAD Y/O DROGADICCIÓN;Huamanguilla;4/12/2023;-74.15014
A-2023-12-1;30:00.0;CHOQUE;1;0;2;PUNO;EL COLLAO;ILAVE;RURAL;CARRETERA;NACIONAL;PE-3S;-16.134258;DESPEJADO;RURAL;CURVA;PLANA ;ASFALTADA;NULL;NULL;NULL;NULL;NEGLIGENCIA DEL CONDUCTOR;CONDUCIR CON FALLAS DE NEUMÁTICOS;Carretera Longitudinal de la Sierra Sur;4/12/2023;-69.579571
A-2023-12-58;10:00.0;ATROPELLO FUGA;1;0;NULL;JUNIN;CHUPACA;CHUPACA;RURAL;CARRETERA;PROVINCIAL;JU-931;-12.064318;DESPEJADO;RURAL;TRAMO RECTO;PLANA ;ASFALTADA;NULL;NULL;NULL;NULL;EN PROCESO DE INVESTIGACIÓN;NO CUENTA CON CAUSA ESPECIFICA;Ahuac;4/12/2023;-75.300338
A-2023-12-92;30:00.0;ATROPELLO;1;0;NULL;LIMA;LIMA;ATE;URBANA;CARRETERA;NACIONAL;PE-22;-12.006244;DESPEJADO;COMERCIAL;CURVA;PLANA ;ASFALTADA;NULL;NULL;NULL;NULL;EN PROCESO DE INVESTIGACIÓN;NO CUENTA CON CAUSA ESPECIFICA;Carretera Central;4/12/2023;-76.848847
A-2023-12-169;00:00.0;DESPISTE;1;6;1;CAJAMARCA;SAN IGNACIO;LA COIPA;RURAL;CARRETERA;NACIONAL;PE-02B;-5.469562;DESPEJADO;RURAL;CURVA;INCLINADA;AFIRMADO;NULL;NULL;NULL;NULL;IMPRUDENCIA DEL CONDUCTOR;OTRO (IMPRUDENCIA DEL CONDUCTOR);PE-02B;4/12/2023;-78.97762
A-2023-12-59;58:00.0;ATROPELLO FUGA;1;0;NULL;JUNIN;YAULI;LA OROYA;URBANA;CARRETERA;NACIONAL;PE-22;-11.524779;DESPEJADO;RESIDENCIAL;TRAMO RECTO;PLANA ;ASFALTADA;SI;PREVENTIVA (P);NULL;SI;EN PROCESO DE INVESTIGACIÓN;NO CUENTA CON CAUSA ESPECIFICA;Carretera Central;4/12/2023;-75.912427
A-2023-12-77;15:00.0;ATROPELLO;1;2;2;AREQUIPA;AREQUIPA;CERRO COLORADO;URBANA;CARRETERA;NACIONAL;PE-34A;-16.382663;DESPEJADO;INDUSTRIAL;TRAMO RECTO;INCLINADA;ASFALTADA;NULL;NULL;NULL;NULL;EN PROCESO DE INVESTIGACIÓN;NO CUENTA CON CAUSA ESPECIFICA;Pachacutec;5/12/2023;-71.577492
A-2023-12-160;45:00.0;CHOQUE;1;0;2;PUNO;HUANCANE;TARACO;RURAL;CARRETERA;NACIONAL;PE-34H;-15.289029;DESPEJADO;RURAL;TRAMO RECTO;PLANA ;ASFALTADA;NULL;NULL;NULL;NULL;IMPRUDENCIA DEL CONDUCTOR;INVASIÓN DE CARRIL;PE-34H;5/12/2023;-69.947184
A-2023-12-82;40:00.0;CHOQUE;1;0;NULL;PIURA;PIURA;VEINTISEIS DE OCTUBRE;URBANA;CARRETERA;NACIONAL;PE-1N;-5.214342;DESPEJADO;RURAL;TRAMO RECTO;PLANA ;ASFALTADA;NULL;NULL;NULL;NULL;EN PROCESO DE INVESTIGACIÓN;NO CUENTA CON CAUSA ESPECIFICA;Avenida Guillermo Gullman;5/12/2023;-80.653035
A-2023-12-153;15:00.0;ATROPELLO;1;0;1;PUNO;AZANGARO;AZANGARO;RURAL;CARRETERA;SIN CLASIFICAR;SIN CLASIFICAR;-14.922138;DESPEJADO;RURAL;TRAMO RECTO;PLANA ;ASFALTADA;NULL;NULL;NULL;NULL;IMPRUDENCIA DEL CONDUCTOR;EXCESO DE VELOCIDAD;Primer Choquechambi;5/12/2023;-70.143537
A-2023-12-22;31:00.0;ATROPELLO;1;0;NULL;CUSCO;CANCHIS;SAN PEDRO;URBANA;CARRETERA;PROVINCIAL;CU-1443;-14.188015;DESPEJADO;RESIDENCIAL;TRAMO RECTO;PLANA ;CONCRETO;NULL;NULL;NULL;NULL;IMPRUDENCIA DEL CONDUCTOR;CONDUCIR EN ESTADO DE EBRIEDAD Y/O DROGADICCIÓN;Calle Inca Wiracocha;5/12/2023;-71.340495
A-2023-12-60;30:00.0;DESPISTE;1;0;NULL;JUNIN;YAULI;LA OROYA;RURAL;CARRETERA;NACIONAL;PE-22;-11.617519;NULL;NULL;NULL;NULL;NULL;NULL;NULL;NULL;NULL;EN PROCESO DE INVESTIGACIÓN;NO CUENTA CON CAUSA ESPECIFICA;Carretera Central;5/12/2023;-75.983458
A-2023-12-146;30:00.0;ATROPELLO;1;0;NULL;CALLAO;CALLAO;BELLAVISTA;URBANA;AVENIDA;URBANO;NO CORRESPONDE;-12.054971;DESPEJADO;COMERCIAL;TRAMO RECTO;INCLINADA;ASFALTADA;NO;NULL;NULL;SI;IMPRUDENCIA DEL CONDUCTOR;OTRO (IMPRUDENCIA DEL CONDUCTOR);Avenida Óscar Raimundo Benavides;6/12/2023;-77.104626
A-2023-12-95;00:00.0;ATROPELLO FUGA;1;0;NULL;LIMA;LIMA;ATE;URBANA;OTRO;URBANO;NO CORRESPONDE;-12.014912;DESPEJADO;INDUSTRIAL;INTERSECCIÓN;PLANA ;CASCAJO/RIPIO;SI;INFORMATIVA (I);NULL;NO;EN PROCESO DE INVESTIGACIÓN;NO CUENTA CON CAUSA ESPECIFICA;Carretera Central;6/12/2023;-76.886645
A-2023-12-171;00:00.0;VOLCADURA;2;0;1;CAJAMARCA;CONTUMAZA;CUPISNIQUE;RURAL;CARRETERA;PROVINCIAL;CA-1373;-7.348748;DESPEJADO;RURAL;CURVA;PLANA ;AFIRMADO;NULL;NULL;NULL;NULL;IMPRUDENCIA DEL CONDUCTOR;OTRO (IMPRUDENCIA DEL CONDUCTOR);La Trinidad;6/12/2023;-79.029944
A-2023-12-2;00:00.0;CHOQUE FUGA;1;0;NULL;PUNO;PUNO;MAÑAZO;RURAL;CARRETERA;DEPARTAMENTAL;PU-122;-15.790874;DESPEJADO;RURAL;TRAMO RECTO;PLANA ;ASFALTADA;NULL;NULL;NULL;NULL;IMPRUDENCIA DEL CONDUCTOR;CONDUCIR EN ESTADO DE EBRIEDAD Y/O DROGADICCIÓN;PU-122;7/12/2023;-70.320616
A-2023-12-23;10:00.0;DESPISTE;1;0;1;CUSCO;CANCHIS;PITUMARCA;RURAL;CARRETERA;DEPARTAMENTAL;CU-124;-13.965871;NUBLADO;RURAL;TRAMO RECTO;PLANA ;TROCHA;NULL;NULL;NULL;NULL;IMPRUDENCIA DEL CONDUCTOR;FATIGA Y/O CANSANCIO;CU-124;7/12/2023;-71.408326
A-2023-12-40;00:00.0;DESPISTE;1;0;1;LA LIBERTAD;ASCOPE;CHOCOPE;RURAL;CARRETERA;NACIONAL;PE-1N;-7.786496;DESPEJADO;RURAL;TRAMO RECTO;PLANA ;ASFALTADA;NULL;NULL;NULL;NULL;NEGLIGENCIA DEL CONDUCTOR;OTRO (NEGLIGENCIA DEL CONDUCTOR);Panamericana Norte;7/12/2023;-79.239554
A-2023-12-76;10:00.0;CHOQUE;1;0;2;AREQUIPA;ISLAY;MOLLENDO;RURAL;CARRETERA;NACIONAL;PE-1SD;-17.030132;DESPEJADO;RURAL;TRAMO RECTO;INCLINADA;ASFALTADA;SI;REGULADORA (R);NULL;SI;EN PROCESO DE INVESTIGACIÓN;NO CUENTA CON CAUSA ESPECIFICA;Autopista Costanera;7/12/2023;-71.992784
A-2023-12-161;30:00.0;DESPISTE;1;2;1;PUNO;LAMPA;CALAPUJA;RURAL;CARRETERA;NACIONAL;PE-34B;-15.294564;DESPEJADO;RURAL;TRAMO RECTO;PLANA ;ASFALTADA;NULL;NULL;NULL;NULL;IMPRUDENCIA DEL CONDUCTOR;EXCESO DE VELOCIDAD;Calapuja;7/12/2023;-70.22315