CÓDIGO SINIESTRO;HORA SINIESTRO;CLASE SINIESTRO;CANTIDAD DE FALLECIDOS;CANTIDAD DE LESIONADOS;CANTIDAD DE VEHICULOS DAÑADOS;DEPARTAMENTO;PROVINCIA;DISTRITO;ZONA;TIPO DE VÍA;RED VIAL;COD CARRETERA;COORDENADAS LATITUD;CONDICIÓN CLIMÁTICA;ZONIFICACIÓN;CARACTERÍSTICAS DE VÍA;PERFIL LONGITUDINAL VÍA;SUPERFICIE DE CALZADA;¿EXISTE SEÑAL VERTICAL?;CLASIFICACIÓN DE LA SEÑAL VERTICAL Nº 1;CLASIFICACIÓN DE LA SEÑAL VERTICAL Nº 2;¿EXISTE SEÑAL HORIZONTAL?;CAUSA FACTOR PRINCIPAL;CAUSA ESPECÍFICA;UBICACION;FECHA SINIESTRO;COORDENADAS LONGITUD
A-2023-12-167;30:00.0;VOLCADURA;1;1;1;CAJAMARCA;SAN PABLO;SAN BERNARDINO;RURAL;CARRETERA;NACIONAL;PE-08A;-7.161975;DESPEJADO;RURAL;TRAMO RECTO;PLANA ;ASFALTADA;NO;NULL;NULL;SI;IMPRUDENCIA DEL CONDUCTOR;OTRO (IMPRUDENCIA DEL CONDUCTOR);San Pablo - Chilete;7/12/2023;-78.838138
A-2023-12-17;50:00.0;DESPISTE;2;0;1;PASCO;PASCO;NINACACA;RURAL;CARRETERA;DEPARTAMENTAL;PA-106;-10.635513;DESPEJADO;RURAL;TRAMO RECTO;PLANA ;TROCHA;NULL;NULL;NULL;NULL;IMPRUDENCIA DEL CONDUCTOR;FATIGA Y/O CANSANCIO;PA-106;7/12/2023;-75.909636
A-2023-12-158;00:00.0;DESPISTE;1;0;1;PUNO;HUANCANE;VILQUE CHICO;RURAL;CARRETERA;SIN CLASIFICAR;SIN CLASIFICAR;-15.110003;DESPEJADO;RURAL;TRAMO RECTO;INCLINADA;TROCHA;NULL;NULL;NULL;NULL;IMPRUDENCIA DEL CONDUCTOR;EXCESO DE VELOCIDAD;Vilque Chico;7/12/2023;-69.682049
A-2023-12-32;10:00.0;DESPISTE;1;1;1;CUSCO;CALCA;YANATILE;RURAL;CARRETERA;PROVINCIAL;CU-750;-12.687034;DESPEJADO;RURAL;CURVA;INCLINADA;AFIRMADO;NULL;NULL;NULL;NULL;INFRAESTRUCTURA Y ENTORNO VIAL;OTRO (INFRAESTRUCTURA Y ENTORNO VIAL);CU-594;7/12/2023;-72.294879
A-2022-01-190;40:00.0;VOLCADURA;1;0;NULL;APURIMAC;AYMARAES;TINTAY;RURAL;CARRETERA;DEPARTAMENTAL;AP-107;-13.963531;NULL;NULL;NULL;NULL;NULL;NULL;NULL;NULL;NULL;EN PROCESO DE INVESTIGACIÓN;NO CUENTA CON CAUSA ESPECIFICA;AP-107;17/1/2022;-73.181906
A-2022-01-126;45:00.0;ATROPELLO;1;0;0;LIMA;LIMA;ATE;URBANA;AVENIDA;URBANO;NO CORRESPONDE;-12.06192;DESPEJADO;RESIDENCIAL;INTERSECCIÓN;PLANA ;ASFALTADA;NULL;NULL;NULL;NULL;EN PROCESO DE INVESTIGACIÓN;NO CUENTA CON CAUSA ESPECIFICA;Jirón Los Lirios;17/1/2022;-76.996147
A-2022-01-186;40:00.0;ATROPELLO;1;0;1;PUNO;HUANCANE;HUANCANE;URBANA;JIRÓN;URBANO;NO CORRESPONDE;-15.200819;DESPEJADO;COMERCIAL;INTERSECCIÓN;PLANA ;ASFALTADA;NULL;NULL;NULL;NULL;IMPRUDENCIA DEL CONDUCTOR;OTRO (IMPRUDENCIA DEL CONDUCTOR);Jirón Manuel E. Cordero;17/1/2022;-69.759914
A-2022-01-149;30:00.0;DESPISTE;1;0;1;PUNO;LAMPA;SANTA LUCIA;RURAL;CARRETERA;NACIONAL;PE-34A;-15.690793;DESPEJADO;RURAL;TRAMO RECTO;PLANA ;ASFALTADA;NULL;NULL;NULL;NULL;IMPRUDENCIA DEL CONDUCTOR;FATIGA Y/O CANSANCIO;Vía Interoceánica Sur - Tramo 5;18/1/2022;-70.594268
A-2022-01-327;00:00.0;CHOQUE;1;4;2;HUANUCO;AMBO;AMBO;URBANA;CARRETERA;NACIONAL;PE-3N;-10.143005;DESPEJADO;RURAL;TRAMO RECTO;PLANA ;ASFALTADA;NULL;NULL;NULL;NULL;IMPRUDENCIA DEL CONDUCTOR;EXCESO DE VELOCIDAD;Carretera Longitudinal de la Sierra Norte;18/1/2022;-76.195522
A-2022-01-287;20:00.0;CHOQUE;1;0;2;AREQUIPA;CARAVELI;YAUCA;RURAL;CARRETERA;NACIONAL;PE-1S;-15.66082;DESPEJADO;RURAL;TRAMO RECTO;PLANA ;ASFALTADA;NULL;NULL;NULL;NULL;EN PROCESO DE INVESTIGACIÓN;NO CUENTA CON CAUSA ESPECIFICA;Carretera Panamericana Sur;18/1/2022;-74.565465
A-2022-01-260;00:00.0;DESPISTE;1;1;NULL;LIMA;LIMA;CIENEGUILLA;RURAL;CARRETERA;DEPARTAMENTAL;LM-119;-12.130891;DESPEJADO;RURAL;TRAMO RECTO;INCLINADA;ASFALTADA;NULL;NULL;NULL;NULL;EN PROCESO DE INVESTIGACIÓN;NO CUENTA CON CAUSA ESPECIFICA;Calle Sol de Paijan;18/1/2022;-76.810908
A-2022-01-100;30:00.0;CHOQUE CON OBJETO FIJO;1;1;1;AREQUIPA;AREQUIPA;AREQUIPA;URBANA;CARRETERA;NACIONAL;PE-34C;-16.415782;DESPEJADO;RESIDENCIAL;TRAMO RECTO;PLANA ;ASFALTADA;NULL;NULL;NULL;NULL;EN PROCESO DE INVESTIGACIÓN;NO CUENTA CON CAUSA ESPECIFICA;Variante Uchumayo;18/1/2022;-71.551365
A-2022-01-298;15:00.0;DESPISTE;1;2;1;JUNIN;YAULI;LA OROYA;RURAL;CARRETERA;NACIONAL;PE-22;-11.610237;DESPEJADO;RURAL;TRAMO RECTO;PLANA ;ASFALTADA;NULL;NULL;NULL;NULL;IMPRUDENCIA DEL CONDUCTOR;FATIGA Y/O CANSANCIO;Carretera Central;19/1/2022;-75.976422
A-2022-01-331;20:00.0;DESPISTE;1;0;1;MADRE DE DIOS;TAMBOPATA;TAMBOPATA;URBANA;JIRÓN;URBANO;NO CORRESPONDE;-12.594108;DESPEJADO;ESCOLAR;INTERSECCIÓN;PLANA ;CONCRETO;NULL;NULL;NULL;NULL;EN PROCESO DE INVESTIGACIÓN;NO CUENTA CON CAUSA ESPECIFICA;Avenida 15 de Agosto;19/1/2022;-69.192335
A-2022-01-140;40:00.0;CHOQUE FUGA;1;1;3;AREQUIPA;AREQUIPA;CERRO COLORADO;URBANA;CARRETERA;NACIONAL;PE-34A;-16.363203;DESPEJADO;COMERCIAL;TRAMO RECTO;PLANA ;ASFALTADA;NO;NULL;NULL;SI;EN PROCESO DE INVESTIGACIÓN;NO CUENTA CON CAUSA ESPECIFICA;Vía de Evitamiento;19/1/2022;-71.578079
A-2022-01-261;50:00.0;CAÍDA DE PASAJERO;1;0;0;LIMA;LIMA;COMAS;URBANA;AVENIDA;URBANO;NO CORRESPONDE;-11.940693;DESPEJADO;COMERCIAL;INTERSECCIÓN;PLANA ;ASFALTADA;NULL;NULL;NULL;NULL;EN PROCESO DE INVESTIGACIÓN;NO CUENTA CON CAUSA ESPECIFICA;Avenida Francisco Bolognesi;19/1/2022;-77.067244
A-2022-01-295;31:00.0;DESPISTE;1;1;1;AREQUIPA;CAMANA;SAMUEL PASTOR;RURAL;CARRETERA;PROVINCIAL;AR-545;-16.62879;DESPEJADO;RURAL;TRAMO RECTO;PLANA ;ASFALTADA;NULL;NULL;NULL;NULL;EN PROCESO DE INVESTIGACIÓN;NO CUENTA CON CAUSA ESPECIFICA;Avenida Telégrafos;19/1/2022;-72.694781
A-2022-01-233;50:00.0;ATROPELLO FUGA;1;0;0;CUSCO;CUSCO;SAYLLA;RURAL;CARRETERA;NACIONAL;PE-3S;-13.563571;NUBLADO;RURAL;CURVA;PLANA ;ASFALTADA;NULL;NULL;NULL;NULL;IMPERICIA DEL CONDUCTOR;NULL;Carretera Longitudinal de la Sierra Sur;19/1/2022;-71.840492
A-2022-01-160;25:00.0;DESPISTE;3;12;1;AREQUIPA;CAYLLOMA;SAN ANTONIO DE CHUCA;RURAL;CARRETERA;NACIONAL;PE-34J;-15.671403;LLUVIOSO;RURAL;CURVA;PLANA ;ASFALTADA;NO;NULL;NULL;SI;EN PROCESO DE INVESTIGACIÓN;NO CUENTA CON CAUSA ESPECIFICA;Carretera Imata - Morocaque;20/1/2022;-71.052133
A-2022-01-315;45:00.0;DESPISTE;1;0;NULL;JUNIN;TARMA;ACOBAMBA;RURAL;CARRETERA;NACIONAL;PE-22B;-11.353625;NULL;NULL;NULL;NULL;NULL;NULL;NULL;NULL;NULL;EN PROCESO DE INVESTIGACIÓN;NO CUENTA CON CAUSA ESPECIFICA;Calle Lima;20/1/2022;-75.662391
A-2022-01-115;35:00.0;DESPISTE;1;0;1;TUMBES;ZARUMILLA;AGUAS VERDES;RURAL;CARRETERA;NACIONAL;PE-1NO;-3.483976;DESPEJADO;RURAL;TRAMO RECTO;PLANA ;ASFALTADA;NULL;NULL;NULL;NULL;IMPRUDENCIA DEL CONDUCTOR;CONDUCIR EN ESTADO DE EBRIEDAD Y/O DROGADICCIÓN;Carretera Panamericana Norte;20/1/2022;-80.258383
A-2022-01-286;40:00.0;CHOQUE;1;1;2;AREQUIPA;CARAVELI;ATICO;RURAL;CARRETERA;NACIONAL;PE-1S;-16.231123;DESPEJADO;RURAL;CURVA;PLANA ;ASFALTADA;NULL;NULL;NULL;NULL;EN PROCESO DE INVESTIGACIÓN;NO CUENTA CON CAUSA ESPECIFICA;Carretera Panamericana Sur;20/1/2022;-73.599525
A-2022-01-94;40:00.0;ATROPELLO;1;0;1;CALLAO;CALLAO;VENTANILLA;URBANA;AVENIDA;URBANO;NO CORRESPONDE;-11.828861;DESPEJADO;RESIDENCIAL;TRAMO RECTO;INCLINADA;ASFALTADA;NULL;NULL;NULL;NULL;IMPRUDENCIA DEL PEATÓN;CRUCE INDEBIDO POR LA CALZADA;Calle 44;21/1/2022;-77.159304
A-2022-01-162;00:00.0;CHOQUE;1;0;2;AREQUIPA;AREQUIPA;MIRAFLORES;URBANA;AVENIDA;URBANO;NO CORRESPONDE;-16.39663;DESPEJADO;COMERCIAL;INTERSECCIÓN;PLANA ;ASFALTADA;NO;NULL;NULL;SI;EN PROCESO DE INVESTIGACIÓN;NO CUENTA CON CAUSA ESPECIFICA;Calle Puno;21/1/2022;-71.52217
A-2022-01-183;05:00.0;CHOQUE FUGA;1;0;2;LA LIBERTAD;VIRU;GUADALUPITO;RURAL;CARRETERA;NACIONAL;PE-1N;-8.741275;DESPEJADO;RURAL;TRAMO RECTO;PLANA ;ASFALTADA;NULL;NULL;NULL;NULL;EN PROCESO DE INVESTIGACIÓN;NO CUENTA CON CAUSA ESPECIFICA;Panamericana Norte;21/1/2022;-78.634681
A-2022-01-147;45:00.0;DESPISTE;2;9;1;PUNO;SAN ANTONIO DE PUTINA;ANANEA;RURAL;CARRETERA;DEPARTAMENTAL;PU-111;-14.521176;DESPEJADO;RURAL;CURVA;PLANA ;ASFALTADA;NULL;NULL;NULL;NULL;INFRAESTRUCTURA Y ENTORNO VIAL;FACTOR AMBIENTAL;PU-111;21/1/2022;-69.693572
A-2022-01-224;20:00.0;CHOQUE;1;0;2;LAMBAYEQUE;LAMBAYEQUE;LAMBAYEQUE;URBANA;CARRETERA;NACIONAL;PE-1N;-6.708674;DESPEJADO;RESIDENCIAL;TRAMO RECTO;PLANA ;ASFALTADA;NULL;NULL;NULL;NULL;EN PROCESO DE INVESTIGACIÓN;NO CUENTA CON CAUSA ESPECIFICA;Avenida Huamachuco;21/1/2022;-79.903613
A-2022-01-168;15:00.0;ATROPELLO;1;0;0;PUNO;MELGAR;AYAVIRI;URBANA;JIRÓN;URBANO;NO CORRESPONDE;-14.876015;DESPEJADO;ESCOLAR;TRAMO RECTO;PLANA ;TROCHA;NULL;NULL;NULL;NULL;IMPRUDENCIA DEL PEATÓN;CRUCE INDEBIDO POR LA CALZADA;Jirón Arequipa;21/1/2022;-70.587319
A-2022-01-127;00:00.0;DESPISTE;1;4;NULL;ANCASH;RECUAY;CATAC;RURAL;CARRETERA;NACIONAL;PE-3N;-9.946351;NULL;NULL;NULL;NULL;NULL;NULL;NULL;NULL;NULL;EN PROCESO DE INVESTIGACIÓN;NO CUENTA CON CAUSA ESPECIFICA;Carretera Longitudinal de la Sierra Norte;21/1/2022;-77.381709
A-2022-01-262;00:00.0;CHOQUE;1;0;0;LIMA;LIMA;LURIN;URBANA;CARRETERA;NACIONAL;PE-1S;-12.289421;DESPEJADO;INDUSTRIAL;TRAMO RECTO;PLANA ;ASFALTADA;NULL;NULL;NULL;NULL;EN PROCESO DE INVESTIGACIÓN;NO CUENTA CON CAUSA ESPECIFICA;Carretera Panamericana Sur;21/1/2022;-76.868668
A-2022-01-176;10:00.0;DESPISTE;1;0;NULL;ANCASH;POMABAMBA;POMABAMBA;RURAL;CARRETERA;PROVINCIAL;AN-594;-8.845631;NULL;NULL;NULL;NULL;NULL;NULL;NULL;NULL;NULL;EN PROCESO DE INVESTIGACIÓN;NO CUENTA CON CAUSA ESPECIFICA;AN-594;21/1/2022;-77.444357
A-2022-01-179;30:00.0;CHOQUE;1;0;2;PUNO;HUANCANE;PUSI;RURAL;CARRETERA;NACIONAL;PE-34H;-15.378332;DESPEJADO;RURAL;TRAMO RECTO;PLANA ;ASFALTADA;NULL;NULL;NULL;NULL;IMPRUDENCIA DEL CONDUCTOR;CONDUCIR EN SENTIDO CONTRARIO;PE-34H;21/1/2022;-70.057162
A-2022-01-116;00:00.0;DESPISTE;1;1;1;TUMBES;TUMBES;TUMBES;RURAL;CARRETERA;NACIONAL;PE-1N;-3.535661;DESPEJADO;RURAL;TRAMO RECTO;PLANA ;ASFALTADA;SI;PREVENTIVA (P);NULL;NO;IMPRUDENCIA DEL CONDUCTOR;CONDUCIR EN ESTADO DE EBRIEDAD Y/O DROGADICCIÓN;Carretera Panamericana Norte;21/1/2022;-80.378962
A-2022-01-207;30:00.0;DESPISTE;2;0;1;CAJAMARCA;CONTUMAZA;CONTUMAZA;RURAL;CARRETERA;NACIONAL;PE-1NF;-7.3369;DESPEJADO;RURAL;CURVA;INCLINADA;ASFALTADA;NULL;NULL;NULL;NULL;EN PROCESO DE INVESTIGACIÓN;NO CUENTA CON CAUSA ESPECIFICA;PE-1NF;22/1/2022;-78.793789
A-2022-01-104;00:00.0;ATROPELLO;1;0;NULL;CALLAO;CALLAO;CALLAO;URBANA;CARRETERA;NACIONAL;PE-20;-12.046638;DESPEJADO;RESIDENCIAL;TRAMO RECTO;PLANA ;ASFALTADA;SI;REGULADORA (R);INFORMATIVA (I);NO;IMPRUDENCIA DEL PEATÓN;ESTADO DE EBRIEDAD Y/O DROGADICCIÓN;Avenida Atalaya;22/1/2022;-77.132099
A-2022-01-173;00:00.0;ATROPELLO FUGA;1;0;1;PIURA;PIURA;PIURA;URBANA;JIRÓN;URBANO;NO CORRESPONDE;-5.187519;DESPEJADO;COMERCIAL;TRAMO RECTO;PLANA ;ASFALTADA;NULL;NULL;NULL;NULL;EN PROCESO DE INVESTIGACIÓN;NO CUENTA CON CAUSA ESPECIFICA;Piura;22/1/2022;-80.638189
A-2022-01-163;30:00.0;CHOQUE;1;0;1;AREQUIPA;AREQUIPA;YARABAMBA;URBANA;AVENIDA;URBANO;NO CORRESPONDE;-16.551395;SOLEADO;RESIDENCIAL;TRAMO RECTO;PLANA ;ASFALTADA;NO;NULL;NULL;SI;EN PROCESO DE INVESTIGACIÓN;NO CUENTA CON CAUSA ESPECIFICA;AR-788;22/1/2022;-71.469449
A-2022-01-337;10:00.0;DESPISTE;1;0;1;ICA;CHINCHA;CHINCHA BAJA;RURAL;CARRETERA;NACIONAL;PE-1SE;-13.529696;DESPEJADO;RURAL;TRAMO RECTO;PLANA ;ASFALTADA;NULL;NULL;NULL;NULL;IMPRUDENCIA DEL CONDUCTOR;EXCESO DE VELOCIDAD;Carretera Panamericana Sur;22/1/2022;-76.183139
A-2022-01-276;00:00.0;DESPISTE;1;4;NULL;AYACUCHO;CANGALLO;PARAS;RURAL;CARRETERA;NACIONAL;PE-28A;-13.35178;DESPEJADO;RURAL;CURVA;PLANA ;ASFALTADA;NULL;NULL;NULL;NULL;INFRAESTRUCTURA Y ENTORNO VIAL;FACTOR AMBIENTAL;Vía de los Libertadores;22/1/2022;-74.783696
A-2022-01-174;00:00.0;CHOQUE;1;1;2;PIURA;MORROPON;MORROPON;RURAL;CARRETERA;PROVINCIAL;PI-796;-5.137449;DESPEJADO;RURAL;TRAMO RECTO;PLANA ;ASFALTADA;NULL;NULL;NULL;NULL;EN PROCESO DE INVESTIGACIÓN;NO CUENTA CON CAUSA ESPECIFICA;Solumbre;22/1/2022;-80.043576
A-2022-01-285;00:00.0;ATROPELLO;1;0;1;AREQUIPA;CAMANA;OCOÑA;RURAL;CARRETERA;PROVINCIAL;AR-535;-16.379317;DESPEJADO;RURAL;TRAMO RECTO;PLANA ;TROCHA;NULL;NULL;NULL;NULL;EN PROCESO DE INVESTIGACIÓN;NO CUENTA CON CAUSA ESPECIFICA;AR-535;22/1/2022;-73.125318
A-2022-01-303;30:00.0;DESPISTE;1;4;1;JUNIN;YAULI;LA OROYA;RURAL;CARRETERA;NACIONAL;PE-22;-11.605365;DESPEJADO;RURAL;CURVA;PLANA ;ASFALTADA;NULL;NULL;NULL;NULL;IMPRUDENCIA DEL CONDUCTOR;ADELANTAR INDEBIDAMENTE;Carretera Central;22/1/2022;-75.971077
A-2022-01-284;40:00.0;CHOQUE;4;3;2;AREQUIPA;CAMANA;OCOÑA;RURAL;CARRETERA;NACIONAL;PE-1S;-16.48808;DESPEJADO;RURAL;CURVA;INCLINADA;ASFALTADA;NULL;NULL;NULL;NULL;EN PROCESO DE INVESTIGACIÓN;NO CUENTA CON CAUSA ESPECIFICA;Carretera Panamericana Sur;22/1/2022;-73.021189
A-2022-01-164;00:00.0;CHOQUE;3;5;2;AREQUIPA;AREQUIPA;SAN JUAN DE TARUCANI;RURAL;CARRETERA;NACIONAL;PE-34A;-16.058517;DESPEJADO;RURAL;TRAMO RECTO;INCLINADA;ASFALTADA;NO;NULL;NULL;SI;EN PROCESO DE INVESTIGACIÓN;NO CUENTA CON CAUSA ESPECIFICA;Vía Interoceánica Sur - Tramo 5;22/1/2022;-71.355349
A-2022-01-299;00:00.0;CHOQUE;1;0;2;JUNIN;CONCEPCION;ORCOTUNA;RURAL;CARRETERA;NACIONAL;PE-3SB;-11.974406;DESPEJADO;RURAL;TRAMO RECTO;PLANA ;ASFALTADA;NULL;NULL;NULL;NULL;IMPRUDENCIA DEL CONDUCTOR;CONDUCIR EN ESTADO DE EBRIEDAD Y/O DROGADICCIÓN;Carretera Central Margen Derecha;22/1/2022;-75.300796
A-2022-01-266;50:00.0;ATROPELLO;1;0;0;LIMA;LIMA;SANTIAGO DE SURCO;URBANA;CARRETERA;NACIONAL;PE-1S;-12.153347;DESPEJADO;RESIDENCIAL;TRAMO RECTO;PLANA ;ASFALTADA;NULL;NULL;NULL;NULL;EN PROCESO DE INVESTIGACIÓN;NO CUENTA CON CAUSA ESPECIFICA;Avenida Panamericana Sur;22/1/2022;-76.983953
A-2022-01-304;00:00.0;CHOQUE;1;2;2;LIMA;HUARAL;HUARAL;RURAL;CARRETERA;SIN CLASIFICAR;SIN CLASIFICAR;-11.46979;DESPEJADO;RURAL;TRAMO RECTO;PLANA ;TROCHA;NULL;NULL;NULL;NULL;EN PROCESO DE INVESTIGACIÓN;NO CUENTA CON CAUSA ESPECIFICA;Quincha Alta;22/1/2022;-77.23711
A-2022-01-272;10:00.0;CHOQUE;1;0;2;PUNO;LAMPA;CALAPUJA;RURAL;CARRETERA;NACIONAL;PE-3S;-15.306515;DESPEJADO;RURAL;TRAMO RECTO;PLANA ;ASFALTADA;NULL;NULL;NULL;NULL;IMPERICIA DEL CONDUCTOR;NULL;Carretera Longitudinal de la Sierra Sur;23/1/2022;-70.233065
A-2022-01-220;30:00.0;DESPISTE;1;0;1;LAMBAYEQUE;LAMBAYEQUE;TUCUME;RURAL;CARRETERA;SIN CLASIFICAR;SIN CLASIFICAR;-6.509704;DESPEJADO;RURAL;TRAMO RECTO;PLANA ;ASFALTADA;NULL;NULL;NULL;NULL;EN PROCESO DE INVESTIGACIÓN;NO CUENTA CON CAUSA ESPECIFICA;Tucume Viejo;23/1/2022;-79.841312
A-2022-01-97;30:00.0;DESPISTE;2;0;1;ICA;PISCO;INDEPENDENCIA;URBANA;CARRETERA;NACIONAL;PE-28A;-13.716453;DESPEJADO;RURAL;TRAMO RECTO;PLANA ;ASFALTADA;NULL;NULL;NULL;NULL;EN PROCESO DE INVESTIGACIÓN;NO CUENTA CON CAUSA ESPECIFICA;Vía de los Libertadores;23/1/2022;-75.970584
A-2022-01-265;30:00.0;CHOQUE;1;1;2;PIURA;SECHURA;SECHURA;RURAL;CARRETERA;NACIONAL;PE-1N;-6.026737;DESPEJADO;RURAL;TRAMO RECTO;PLANA ;ASFALTADA;NULL;NULL;NULL;NULL;EN PROCESO DE INVESTIGACIÓN;NO CUENTA CON CAUSA ESPECIFICA;Carretera Panamericana Norte;23/1/2022;-80.522233
A-2022-01-191;00:00.0;CHOQUE;1;0;2;SAN MARTIN;MOYOBAMBA;MOYOBAMBA;URBANA;CARRETERA;NACIONAL;PE-5N;-6.047933;DESPEJADO;INDUSTRIAL;TRAMO RECTO;PLANA ;ASFALTADA;SI;PREVENTIVA (P);PREVENTIVA (P);NO;IMPRUDENCIA DEL CONDUCTOR;EXCESO DE VELOCIDAD;Carretera Presidente Fernando Belaúnde Terry;23/1/2022;-76.979441
A-2022-01-253;31:00.0;DESPISTE;1;0;1;CUSCO;PAUCARTAMBO;COLQUEPATA;RURAL;CARRETERA;SIN CLASIFICAR;SIN CLASIFICAR;-13.367108;NUBLADO;RURAL;CURVA;PLANA ;TROCHA;NULL;NULL;NULL;NULL;IMPRUDENCIA DEL CONDUCTOR;EXCESO DE VELOCIDAD;Colquepata;23/1/2022;-71.670378
A-2022-01-225;30:00.0;ATROPELLO FUGA;1;0;0;LAMBAYEQUE;CHICLAYO;POMALCA;RURAL;CARRETERA;DEPARTAMENTAL;LA-116;-6.772784;DESPEJADO;RURAL;TRAMO RECTO;PLANA ;ASFALTADA;NULL;NULL;NULL;NULL;EN PROCESO DE INVESTIGACIÓN;NO CUENTA CON CAUSA ESPECIFICA;LA-116;23/1/2022;-79.770062
A-2022-01-338;30:00.0;CHOQUE;2;0;1;ICA;CHINCHA;TAMBO DE MORA;RURAL;CARRETERA;NACIONAL;PE-1SE;-13.476075;DESPEJADO;RURAL;TRAMO RECTO;PLANA ;ASFALTADA;NO;NULL;NULL;NO;IMPRUDENCIA DEL CONDUCTOR;OTRO (IMPRUDENCIA DEL CONDUCTOR);Carretera Panamericana Sur;23/1/2022;-76.183968
A-2022-01-181;30:00.0;ATROPELLO;1;0;1;PUNO;HUANCANE;HUATASANI;RURAL;CARRETERA;NACIONAL;PE-34H;-15.049522;DESPEJADO;RURAL;TRAMO RECTO;PLANA ;ASFALTADA;NULL;NULL;NULL;NULL;IMPRUDENCIA DEL CONDUCTOR;EXCESO DE VELOCIDAD;PE-34H;23/1/2022;-69.80174
A-2022-01-334;50:00.0;DESPISTE;1;40;NULL;LIMA;BARRANCA;PARAMONGA;RURAL;CARRETERA;NACIONAL;PE-1N;-10.639179;DESPEJADO;RURAL;CURVA;PLANA ;ASFALTADA;SI;PREVENTIVA (P);NULL;NO;EN PROCESO DE INVESTIGACIÓN;NO CUENTA CON CAUSA ESPECIFICA;Panamericana Norte;23/1/2022;-77.85469
A-2022-01-256;20:00.0;ATROPELLO;1;0;1;LAMBAYEQUE;CHICLAYO;LA VICTORIA;RURAL;CARRETERA;NACIONAL;PE-1N;-6.801423;DESPEJADO;COMERCIAL;TRAMO RECTO;PLANA ;ASFALTADA;NULL;NULL;NULL;NULL;EN PROCESO DE INVESTIGACIÓN;NO CUENTA CON CAUSA ESPECIFICA;Avenida Gran Chimú;23/1/2022;-79.850091
A-2022-01-263;00:00.0;CHOQUE;4;4;NULL;PIURA;PIURA;CASTILLA;RURAL;CARRETERA;NACIONAL;PE-1NJ;-5.166927;DESPEJADO;RURAL;TRAMO RECTO;PLANA ;ASFALTADA;NULL;NULL;NULL;NULL;EN PROCESO DE INVESTIGACIÓN;NO CUENTA CON CAUSA ESPECIFICA;Carretera Interoceánica Norte;23/1/2022;-80.528331
A-2022-01-264;30:00.0;CHOQUE FUGA;1;0;NULL;PIURA;MORROPON;CHULUCANAS;RURAL;CARRETERA;NACIONAL;PE-1NR;-5.004866;DESPEJADO;RURAL;TRAMO RECTO;PLANA ;ASFALTADA;NULL;NULL;NULL;NULL;EN PROCESO DE INVESTIGACIÓN;NO CUENTA CON CAUSA ESPECIFICA;PE-1NR;23/1/2022;-80.222915
A-2022-01-324;00:00.0;ATROPELLO FUGA;1;1;2;HUANUCO;HUANUCO;PILLCO MARCA;URBANA;CARRETERA;NACIONAL;PE-3N;-10.013429;DESPEJADO;INDUSTRIAL;TRAMO RECTO;PLANA ;ASFALTADA;NULL;NULL;NULL;NULL;IMPRUDENCIA DEL PEATÓN;ESTADO DE EBRIEDAD Y/O DROGADICCIÓN;Carretera Longitudinal de la Sierra Norte;23/1/2022;-76.235884
A-2022-01-291;30:00.0;CHOQUE;1;1;2;LAMBAYEQUE;CHICLAYO;NUEVA ARICA;RURAL;CARRETERA;NACIONAL;PE-1NI;-6.871809;DESPEJADO;RURAL;TRAMO RECTO;PLANA ;ASFALTADA;NULL;NULL;NULL;NULL;EN PROCESO DE INVESTIGACIÓN;NO CUENTA CON CAUSA ESPECIFICA;PE-1NI;23/1/2022;-79.329818
A-2022-01-321;50:00.0;DESPISTE;1;0;NULL;ANCASH;HUARMEY;HUARMEY;RURAL;CARRETERA;NACIONAL;PE-1N;-10.139021;DESPEJADO;RURAL;TRAMO RECTO;PLANA ;ASFALTADA;NULL;NULL;NULL;NULL;EN PROCESO DE INVESTIGACIÓN;NO CUENTA CON CAUSA ESPECIFICA;Panamericana Norte;24/1/2022;-78.117088
A-2022-01-268;00:00.0;CHOQUE;2;1;0;LIMA;LIMA;ATE;URBANA;CARRETERA;NACIONAL;PE-1S;-12.0613;DESPEJADO;INDUSTRIAL;TRAMO RECTO;PLANA ;ASFALTADA;NULL;NULL;NULL;NULL;EN PROCESO DE INVESTIGACIÓN;NO CUENTA CON CAUSA ESPECIFICA;Vía de Evitamiento;24/1/2022;-76.972222
A-2022-01-103;30:00.0;ATROPELLO;1;0;1;ICA;PISCO;INDEPENDENCIA;RURAL;CARRETERA;NACIONAL;PE-28A;-13.732021;DESPEJADO;RURAL;TRAMO RECTO;INCLINADA;ASFALTADA;NULL;NULL;NULL;NULL;IMPRUDENCIA DEL PEATÓN;OTRO (IMPRUDENCIA DEL PEATÓN);Vía de los Libertadores;24/1/2022;-75.933284
A-2022-01-166;00:00.0;ATROPELLO;2;0;2;AREQUIPA;ISLAY;PUNTA DE BOMBON;RURAL;CARRETERA;NACIONAL;PE-1SD;-17.174419;DESPEJADO;RURAL;TRAMO RECTO;PLANA ;ASFALTADA;NULL;NULL;NULL;NULL;EN PROCESO DE INVESTIGACIÓN;NO CUENTA CON CAUSA ESPECIFICA;Carretera Costanera Sur;24/1/2022;-71.770636
A-2022-01-223;40:00.0;CHOQUE;1;0;2;LAMBAYEQUE;CHICLAYO;TUMAN;RURAL;CARRETERA;DEPARTAMENTAL;LA-116;-6.806213;DESPEJADO;RURAL;TRAMO RECTO;PLANA ;ASFALTADA;NULL;NULL;NULL;NULL;EN PROCESO DE INVESTIGACIÓN;NO CUENTA CON CAUSA ESPECIFICA;LA-116;24/1/2022;-79.695536