CÓDIGO SINIESTRO;HORA SINIESTRO;CLASE SINIESTRO;CANTIDAD DE FALLECIDOS;CANTIDAD DE LESIONADOS;CANTIDAD DE VEHICULOS DAÑADOS;DEPARTAMENTO;PROVINCIA;DISTRITO;ZONA;TIPO DE VÍA;RED VIAL;COD CARRETERA;COORDENADAS LATITUD;CONDICIÓN CLIMÁTICA;ZONIFICACIÓN;CARACTERÍSTICAS DE VÍA;PERFIL LONGITUDINAL VÍA;SUPERFICIE DE CALZADA;¿EXISTE SEÑAL VERTICAL?;CLASIFICACIÓN DE LA SEÑAL VERTICAL Nº 1;CLASIFICACIÓN DE LA SEÑAL VERTICAL Nº 2;¿EXISTE SEÑAL HORIZONTAL?;CAUSA FACTOR PRINCIPAL;CAUSA ESPECÍFICA;UBICACION;FECHA SINIESTRO;COORDENADAS LONGITUD
A-2022-01-305;20:00.0;DESPISTE;1;2;1;JUNIN;YAULI;LA OROYA;RURAL;CARRETERA;SIN CLASIFICAR;SIN CLASIFICAR;-11.5238;DESPEJADO;RURAL;CURVA;PLANA ;ASFALTADA;SI;PREVENTIVA (P);NULL;SI;IMPRUDENCIA DEL CONDUCTOR;EXCESO DE VELOCIDAD;Carretera Longitudinal de la Sierra Sur;24/1/2022;-75.897971
A-2022-01-306;55:00.0;CHOQUE;1;0;2;JUNIN;YAULI;LA OROYA;URBANA;CARRETERA;NACIONAL;PE-22;-11.524626;DESPEJADO;INDUSTRIAL;TRAMO RECTO;PLANA ;ASFALTADA;SI;PREVENTIVA (P);NULL;NO;IMPRUDENCIA DEL CONDUCTOR;CONDUCIR EN ESTADO DE EBRIEDAD Y/O DROGADICCIÓN;Carretera Central;25/1/2022;-75.912185
A-2022-01-267;25:00.0;ATROPELLO;1;0;0;LIMA;LIMA;SAN JUAN DE MIRAFLORES;URBANA;CARRETERA;NACIONAL;PE-1S;-12.180592;DESPEJADO;COMERCIAL;PUENTE;PLANA ;ASFALTADA;NULL;NULL;NULL;NULL;EN PROCESO DE INVESTIGACIÓN;NO CUENTA CON CAUSA ESPECIFICA;Avenida Panamericana Sur;25/1/2022;-76.976067
A-2022-01-275;20:00.0;CHOQUE;1;1;NULL;AYACUCHO;HUAMANGA;CARMEN ALTO;URBANA;AVENIDA;URBANO;NO CORRESPONDE;-13.175674;DESPEJADO;COMERCIAL;INTERSECCIÓN;PLANA ;CONCRETO;NULL;NULL;NULL;NULL;IMPRUDENCIA DEL CONDUCTOR;EXCESO DE VELOCIDAD;Avenida Humanga;25/1/2022;-74.218741
A-2022-01-197;30:00.0;CHOQUE;1;2;2;LIMA;HUARAL;HUARAL;URBANA;CARRETERA;PROVINCIAL;LM-678;-11.480485;DESPEJADO;RESIDENCIAL;TRAMO RECTO;PLANA ;ASFALTADA;NULL;NULL;NULL;NULL;IMPRUDENCIA DEL CONDUCTOR;GIRAR IMPRUDENTEMENTE;LM-678;25/1/2022;-77.20776
A-2022-01-198;45:00.0;CHOQUE;1;0;1;AREQUIPA;ISLAY;MEJIA;RURAL;CARRETERA;NACIONAL;PE-1SD;-17.110405;DESPEJADO;RURAL;TRAMO RECTO;INCLINADA;ASFALTADA;NULL;NULL;NULL;NULL;EN PROCESO DE INVESTIGACIÓN;NO CUENTA CON CAUSA ESPECIFICA;Carretera Costanera Sur;25/1/2022;-71.899165
A-2022-01-196;00:00.0;CHOQUE;1;0;2;AREQUIPA;CAYLLOMA;SAN ANTONIO DE CHUCA;RURAL;CARRETERA;NACIONAL;PE-34A;-15.843563;DESPEJADO;RURAL;TRAMO RECTO;PLANA ;ASFALTADA;SI;PREVENTIVA (P);NULL;SI;EN PROCESO DE INVESTIGACIÓN;NO CUENTA CON CAUSA ESPECIFICA;Vía Interoceánica Sur - Tramo 5;25/1/2022;-71.106597
A-2022-01-112;40:00.0;CHOQUE;1;2;2;PUNO;CHUCUITO;ZEPITA;RURAL;CARRETERA;NACIONAL;PE-36A;-16.569921;DESPEJADO;RURAL;TRAMO RECTO;PLANA ;ASFALTADA;NO;NULL;NULL;SI;IMPRUDENCIA DEL CONDUCTOR;GIRAR IMPRUDENTEMENTE;Carretera Binacional;25/1/2022;-69.256917
A-2022-01-273;15:00.0;ATROPELLO FUGA;1;0;0;PUNO;HUANCANE;PUSI;RURAL;CARRETERA;NACIONAL;PE-34H;-15.417873;DESPEJADO;RURAL;TRAMO RECTO;PLANA ;ASFALTADA;NULL;NULL;NULL;NULL;EN PROCESO DE INVESTIGACIÓN;NO CUENTA CON CAUSA ESPECIFICA;PE-34H;25/1/2022;-70.068995
A-2022-01-255;00:00.0;DESPISTE;3;0;1;CUSCO;LA CONVENCION;ECHARATE;RURAL;CARRETERA;DEPARTAMENTAL;CU-101;-12.760987;LLUVIOSO;RURAL;CURVA;PLANA ;ASFALTADA;NO;NULL;NULL;SI;IMPRUDENCIA DEL CONDUCTOR;EXCESO DE VELOCIDAD;CU-101;26/1/2022;-72.569594
A-2022-01-254;30:00.0;VOLCADURA;1;0;1;CUSCO;QUISPICANCHI;OCONGATE;RURAL;CARRETERA;NACIONAL;PE-30C;-13.659662;DESPEJADO;RURAL;CURVA;PLANA ;ASFALTADA;NULL;NULL;NULL;NULL;IMPRUDENCIA DEL CONDUCTOR;NO DAR PASO PREFERENTE AL PEATÓN;Interoceánica Sur;26/1/2022;-71.362961
A-2022-01-341;45:00.0;CHOQUE;1;1;2;JUNIN;CHUPACA;CHUPACA;URBANA;CARRETERA;PROVINCIAL;JU-894;-12.065529;DESPEJADO;ESCOLAR;INTERSECCIÓN;PLANA ;ASFALTADA;NO;NULL;NULL;SI;IMPRUDENCIA DEL CONDUCTOR;GIRAR IMPRUDENTEMENTE;Avenida Los Héroes;26/1/2022;-75.278513
A-2022-01-283;00:00.0;CHOQUE;1;0;2;CAJAMARCA;JAEN;BELLAVISTA;RURAL;CARRETERA;PROVINCIAL;CA-744;-5.660831;DESPEJADO;RURAL;TRAMO RECTO;PLANA ;ASFALTADA;NULL;NULL;NULL;NULL;EN PROCESO DE INVESTIGACIÓN;NO CUENTA CON CAUSA ESPECIFICA;Santa Cruz;26/1/2022;-78.685608
A-2022-01-308;30:00.0;DESPISTE;1;0;1;JUNIN;HUANCAYO;HUANCAYO;URBANA;JIRÓN;URBANO;NO CORRESPONDE;-12.06116;DESPEJADO;RESIDENCIAL;INTERSECCIÓN;PLANA ;ASFALTADA;SI;PREVENTIVA (P);NULL;NO;IMPRUDENCIA DEL CONDUCTOR;CONDUCIR EN ESTADO DE EBRIEDAD Y/O DROGADICCIÓN;Pasaje San Antonio;27/1/2022;-75.203173
A-2022-01-184;00:00.0;DESPISTE;1;0;1;LA LIBERTAD;OTUZCO;CHARAT;RURAL;CARRETERA;DEPARTAMENTAL;LI-113;-7.838403;LLUVIOSO;RURAL;TRAMO RECTO;PLANA ;AFIRMADO;NULL;NULL;NULL;NULL;EN PROCESO DE INVESTIGACIÓN;NO CUENTA CON CAUSA ESPECIFICA;LI-113;27/1/2022;-78.467516
A-2022-01-301;50:00.0;CHOQUE;1;1;2;LA LIBERTAD;TRUJILLO;TRUJILLO;URBANA;AVENIDA;URBANO;NO CORRESPONDE;-8.106805;DESPEJADO;COMERCIAL;INTERSECCIÓN;PLANA ;ASFALTADA;NULL;NULL;NULL;NULL;IMPRUDENCIA DEL CONDUCTOR;CONDUCIR EN ESTADO DE EBRIEDAD Y/O DROGADICCIÓN;Avenida Jesús de Nazareth;27/1/2022;-79.046712
A-2022-01-310;50:00.0;DESPISTE;1;0;1;HUANUCO;LEONCIO PRADO;LUYANDO;RURAL;CARRETERA;NACIONAL;PE-18A;-9.238196;DESPEJADO;COMERCIAL;TRAMO RECTO;PLANA ;ASFALTADA;NULL;NULL;NULL;NULL;IMPRUDENCIA DEL CONDUCTOR;EXCESO DE VELOCIDAD;Carretera Interoceánica Centro;27/1/2022;-75.990316
A-2022-01-325;00:00.0;CHOQUE;1;5;4;HUANUCO;HUANUCO;PILLCO MARCA;URBANA;CARRETERA;NACIONAL;PE-3N;-9.949219;DESPEJADO;ESCOLAR;TRAMO RECTO;PLANA ;ASFALTADA;NULL;NULL;NULL;NULL;IMPRUDENCIA DEL CONDUCTOR;GIRAR IMPRUDENTEMENTE;Avenida Universitaria;27/1/2022;-76.250995
A-2022-01-230;40:00.0;ATROPELLO;1;0;1;SAN MARTIN;SAN MARTIN;MORALES;URBANA;CARRETERA;NACIONAL;PE-5N;-6.486156;DESPEJADO;COMERCIAL;TRAMO RECTO;PLANA ;ASFALTADA;NULL;NULL;NULL;NULL;IMPRUDENCIA DEL CONDUCTOR;CONDUCIR EN ESTADO DE EBRIEDAD Y/O DROGADICCIÓN;Carretera a Oasis;28/1/2022;-76.39055
A-2022-01-199;30:00.0;CHOQUE FUGA;1;0;1;AREQUIPA;CAYLLOMA;MAJES;URBANA;CARRETERA;DEPARTAMENTAL;AR-108;-16.332534;DESPEJADO;RESIDENCIAL;TRAMO RECTO;PLANA ;ASFALTADA;NULL;NULL;NULL;NULL;EN PROCESO DE INVESTIGACIÓN;NO CUENTA CON CAUSA ESPECIFICA;Avenida Los Colonizadores;28/1/2022;-72.203831
A-2022-01-139;30:00.0;CHOQUE;1;1;2;PUNO;EL COLLAO;ILAVE;RURAL;CARRETERA;NACIONAL;PE-38A;-16.240952;DESPEJADO;RURAL;INTERSECCIÓN;PLANA ;AFIRMADO;SI;PREVENTIVA (P);NULL;NO;IMPRUDENCIA DEL CONDUCTOR;OTRO (IMPRUDENCIA DEL CONDUCTOR);Carretera Mazocruz - Ilave;28/1/2022;-69.680824
A-2022-01-332;35:00.0;CHOQUE;1;0;2;JUNIN;JAUJA;JAUJA;URBANA;AVENIDA;URBANO;NO CORRESPONDE;-11.77893;DESPEJADO;RURAL;INTERSECCIÓN;PLANA ;ASFALTADA;NULL;NULL;NULL;NULL;IMPRUDENCIA DEL CONDUCTOR;NO ESTABLECER EL DERECHO DE PASO;Avenida Ricardo Palma;28/1/2022;-75.4977
A-2022-01-274;00:00.0;DESPISTE;1;0;1;PUNO;MELGAR;AYAVIRI;RURAL;CARRETERA;NACIONAL;PE-3S;-14.954512;DESPEJADO;RURAL;TRAMO RECTO;PLANA ;ASFALTADA;NULL;NULL;NULL;NULL;IMPRUDENCIA DEL CONDUCTOR;CONDUCIR EN SENTIDO CONTRARIO;Carretera Longitudinal de la Sierra Sur;28/1/2022;-70.514625
A-2022-01-339;30:00.0;ATROPELLO FUGA;1;3;2;ICA;CHINCHA;TAMBO DE MORA;RURAL;CARRETERA;NACIONAL;PE-1SE;-13.480649;DESPEJADO;RURAL;TRAMO RECTO;PLANA ;ASFALTADA;NULL;NULL;NULL;NULL;IMPRUDENCIA DEL PEATÓN;CRUCE INDEBIDO POR LA CALZADA;Carretera Panamericana Sur;28/1/2022;-76.184411
A-2022-01-269;40:00.0;ATROPELLO FUGA;1;0;0;LIMA;LIMA;RIMAC;URBANA;CARRETERA;NACIONAL;PE-1N;-12.042153;DESPEJADO;INDUSTRIAL;INTERSECCIÓN;INCLINADA;ASFALTADA;NULL;NULL;NULL;NULL;EN PROCESO DE INVESTIGACIÓN;NO CUENTA CON CAUSA ESPECIFICA;Vía de Evitamiento;28/1/2022;-77.020614
A-2022-01-322;00:00.0;DESPISTE;1;0;NULL;ANCASH;YUNGAY;QUILLO;RURAL;CARRETERA;SIN CLASIFICAR;SIN CLASIFICAR;-9.326318;DESPEJADO;RURAL;SINUOSA;INCLINADA;TROCHA;NULL;NULL;NULL;NULL;EN PROCESO DE INVESTIGACIÓN;NO CUENTA CON CAUSA ESPECIFICA;Quillo;29/1/2022;-78.01238
A-2022-01-309;00:00.0;ATROPELLO;1;0;1;JUNIN;HUANCAYO;EL TAMBO;URBANA;CARRETERA;NACIONAL;PE-3S;-12.029801;DESPEJADO;COMERCIAL;TRAMO RECTO;PLANA ;ASFALTADA;NULL;NULL;NULL;NULL;IMPRUDENCIA DEL PEATÓN;CRUCE INDEBIDO POR LA CALZADA;Avenida Mariscal Castilla;29/1/2022;-75.234779
A-2022-01-258;00:00.0;CHOQUE;1;0;2;CUSCO;ESPINAR;OCORURO;RURAL;CARRETERA;NACIONAL;PE-34J;-15.048069;NUBLADO;RURAL;TRAMO RECTO;PLANA ;ASFALTADA;NULL;NULL;NULL;NULL;IMPERICIA DEL CONDUCTOR;NULL;PE-34J;29/1/2022;-71.131189
A-2022-01-328;13:00.0;CHOQUE;2;0;2;HUANUCO;HUANUCO;SANTA MARIA DEL VALLE;URBANA;CARRETERA;NACIONAL;PE-18A;-9.842552;DESPEJADO;RURAL;CURVA;PLANA ;ASFALTADA;NULL;NULL;NULL;NULL;IMPRUDENCIA DEL CONDUCTOR;OTRO (IMPRUDENCIA DEL CONDUCTOR);Carretera Central;29/1/2022;-76.136056
A-2022-01-259;30:00.0;CHOQUE;1;0;2;LA LIBERTAD;TRUJILLO;EL PORVENIR;URBANA;AVENIDA;URBANO;NO CORRESPONDE;-8.08562;DESPEJADO;COMERCIAL;INTERSECCIÓN;PLANA ;ASFALTADA;NULL;NULL;NULL;NULL;IMPRUDENCIA DEL CONDUCTOR;NO ESTABLECER EL DERECHO DE PASO;Avenida José Faustino Sánchez Carrión;29/1/2022;-79.001736
A-2022-01-214;30:00.0;CHOQUE FUGA;1;0;2;SAN MARTIN;RIOJA;NUEVA CAJAMARCA;URBANA;CARRETERA;NACIONAL;PE-5N;-5.927639;DESPEJADO;COMERCIAL;TRAMO RECTO;PLANA ;ASFALTADA;NULL;NULL;NULL;NULL;NEGLIGENCIA DEL CONDUCTOR;OTRO (NEGLIGENCIA DEL CONDUCTOR);Carretera Presidente Fernando Belaúnde Terry;29/1/2022;-77.314049
A-2022-01-326;00:00.0;DESPISTE;2;3;1;HUANUCO;HUANUCO;CHURUBAMBA;RURAL;CARRETERA;PROVINCIAL;HU-788;-9.805828;DESPEJADO;RURAL;TRAMO RECTO;INCLINADA;TROCHA;NULL;NULL;NULL;NULL;IMPRUDENCIA DEL CONDUCTOR;OTRO (IMPRUDENCIA DEL CONDUCTOR);Churubamba;29/1/2022;-76.132483
A-2022-01-270;20:00.0;VOLCADURA;1;0;0;LIMA;LIMA;SANTIAGO DE SURCO;URBANA;CARRETERA;NACIONAL;PE-1S;-12.141153;DESPEJADO;INDUSTRIAL;PUENTE;PLANA ;ASFALTADA;NULL;NULL;NULL;NULL;EN PROCESO DE INVESTIGACIÓN;NO CUENTA CON CAUSA ESPECIFICA;Avenida Panamericana Sur;30/1/2022;-76.981288
A-2022-01-187;30:00.0;DESPISTE;1;0;1;LORETO;MAYNAS;IQUITOS;URBANA;CARRETERA;PROVINCIAL;LO-502;-3.761243;DESPEJADO;RESIDENCIAL;TRAMO RECTO;PLANA ;ASFALTADA;NULL;NULL;NULL;NULL;IMPRUDENCIA DEL CONDUCTOR;CONDUCIR EN ESTADO DE EBRIEDAD Y/O DROGADICCIÓN;Avenida Guardia Civil;30/1/2022;-73.265914
A-2022-01-182;30:00.0;CHOQUE;1;2;2;TACNA;TACNA;LA YARADA LOS PALOS;RURAL;CARRETERA;PROVINCIAL;TA-644;-18.243249;DESPEJADO;RURAL;TRAMO RECTO;PLANA ;ASFALTADA;NULL;NULL;NULL;NULL;EN PROCESO DE INVESTIGACIÓN;NO CUENTA CON CAUSA ESPECIFICA;Carretera Los Palos - Hospicio;30/1/2022;-70.375058
A-2022-01-185;30:00.0;ATROPELLO FUGA;1;0;1;LA LIBERTAD;VIRU;CHAO;RURAL;CARRETERA;NACIONAL;PE-1N;-8.529504;DESPEJADO;RURAL;TRAMO RECTO;PLANA ;ASFALTADA;NULL;NULL;NULL;NULL;EN PROCESO DE INVESTIGACIÓN;NO CUENTA CON CAUSA ESPECIFICA;Carretera Panamericana Norte;30/1/2022;-78.682131
A-2022-01-277;00:00.0;CHOQUE;1;0;1;LIMA;LIMA;SAN MARTIN DE PORRES;URBANA;CARRETERA;NACIONAL;PE-1N;-12.022886;DESPEJADO;INDUSTRIAL;INTERSECCIÓN;PLANA ;ASFALTADA;NULL;NULL;NULL;NULL;EN PROCESO DE INVESTIGACIÓN;NO CUENTA CON CAUSA ESPECIFICA;Jirón Alfredo Mendiola;30/1/2022;-77.059221
A-2022-01-257;03:00.0;CHOQUE;1;1;2;LAMBAYEQUE;CHICLAYO;SAÑA;RURAL;CARRETERA;DEPARTAMENTAL;LA-116;-6.810859;NIEBLA;RURAL;TRAMO RECTO;PLANA ;ASFALTADA;NULL;NULL;NULL;NULL;EN PROCESO DE INVESTIGACIÓN;NO CUENTA CON CAUSA ESPECIFICA;LA-116;30/1/2022;-79.662292
A-2022-01-271;10:00.0;CHOQUE;1;0;0;LIMA;LIMA;VILLA MARIA DEL TRIUNFO;URBANA;AVENIDA;URBANO;NO CORRESPONDE;-12.204977;DESPEJADO;COMERCIAL;TRAMO RECTO;PLANA ;ASFALTADA;NULL;NULL;NULL;NULL;EN PROCESO DE INVESTIGACIÓN;NO CUENTA CON CAUSA ESPECIFICA;Avenida Pachacútec;30/1/2022;-76.928748
A-2022-01-208;00:00.0;DESPISTE;4;1;1;CAJAMARCA;HUALGAYOC;BAMBAMARCA;RURAL;CARRETERA;PROVINCIAL;CA-966;-6.635528;DESPEJADO;RURAL;TRAMO RECTO;INCLINADA;AFIRMADO;NULL;NULL;NULL;NULL;EN PROCESO DE INVESTIGACIÓN;NO CUENTA CON CAUSA ESPECIFICA;CA-966;30/1/2022;-78.4833
A-2022-01-204;30:00.0;DESPISTE;1;0;1;HUANCAVELICA;ANGARAES;LIRCAY;RURAL;CARRETERA;NACIONAL;PE-26B;-13.03259;DESPEJADO;RURAL;SINUOSA;INCLINADA;ASFALTADA;NULL;NULL;NULL;NULL;EN PROCESO DE INVESTIGACIÓN;NO CUENTA CON CAUSA ESPECIFICA;PE-26B;30/1/2022;-74.71472
A-2022-01-280;50:00.0;DESPISTE;1;0;NULL;CUSCO;PAUCARTAMBO;KOSÑIPATA;RURAL;CARRETERA;DEPARTAMENTAL;CU-113;-13.162065;DESPEJADO;RURAL;CURVA;INCLINADA;AFIRMADO;SI;PREVENTIVA (P);INFORMATIVA (I);NO;IMPERICIA DEL CONDUCTOR;NULL;CU-113;30/1/2022;-71.593975
A-2022-01-226;50:00.0;CHOQUE;1;0;2;LAMBAYEQUE;LAMBAYEQUE;MORROPE;RURAL;CARRETERA;DEPARTAMENTAL;LA-105;-6.4948;DESPEJADO;RURAL;TRAMO RECTO;PLANA ;ASFALTADA;NULL;NULL;NULL;NULL;EN PROCESO DE INVESTIGACIÓN;NO CUENTA CON CAUSA ESPECIFICA;Carretera Morrope - Tucume;31/1/2022;-79.93756
A-2022-01-279;00:00.0;DESPISTE;1;1;0;LIMA;LIMA;SANTA ANITA;URBANA;AVENIDA;URBANO;NO CORRESPONDE;-12.028669;DESPEJADO;COMERCIAL;INTERSECCIÓN;PLANA ;ASFALTADA;NULL;NULL;NULL;NULL;EN PROCESO DE INVESTIGACIÓN;NO CUENTA CON CAUSA ESPECIFICA;Avenida de La Cultura;31/1/2022;-76.951075
A-2022-01-194;00:00.0;CHOQUE;1;9;2;PUNO;EL COLLAO;ILAVE;RURAL;CARRETERA;NACIONAL;PE-38A;-16.256913;DESPEJADO;RURAL;CURVA;INCLINADA;ASFALTADA;NULL;NULL;NULL;NULL;IMPRUDENCIA DEL CONDUCTOR;INVASIÓN DE CARRIL;Carretera Mazocruz - Ilave;31/1/2022;-69.682982
A-2022-02-10;00:00.0;DESPISTE;1;1;1;TUMBES;CONTRALMIRANTE VILLAR;CANOAS DE PUNTA SAL;URBANA;CALLE;URBANO;NO CORRESPONDE;-3.949371;DESPEJADO;RESIDENCIAL;CURVA;INCLINADA;CONCRETO;NULL;NULL;NULL;NULL;IMPERICIA DEL CONDUCTOR;NULL;Cancas;1/2/2022;-80.943108
A-2022-02-25;00:00.0;DESPISTE;1;0;1;CAJAMARCA;CUTERVO;QUEROCOTILLO;RURAL;CARRETERA;PROVINCIAL;CA-824;-6.141913;DESPEJADO;RESIDENCIAL;CURVA;INCLINADA;AFIRMADO;NULL;NULL;NULL;NULL;EN PROCESO DE INVESTIGACIÓN;NO CUENTA CON CAUSA ESPECIFICA;CA-824;1/2/2022;-79.013091
A-2022-02-276;30:00.0;ATROPELLO;1;0;NULL;JUNIN;TARMA;PALCA;RURAL;CARRETERA;NACIONAL;PE-22B;-11.351937;NULL;NULL;NULL;NULL;NULL;NULL;NULL;NULL;NULL;EN PROCESO DE INVESTIGACIÓN;NO CUENTA CON CAUSA ESPECIFICA;Carretera Central;1/2/2022;-75.597723
A-2022-02-89;30:00.0;CHOQUE;3;0;2;LAMBAYEQUE;LAMBAYEQUE;OLMOS;RURAL;CARRETERA;NACIONAL;PE-1NJ;-5.978232;DESPEJADO;RURAL;TRAMO RECTO;PLANA ;ASFALTADA;NULL;NULL;NULL;NULL;EN PROCESO DE INVESTIGACIÓN;NO CUENTA CON CAUSA ESPECIFICA;Carretera Interoceánica Norte;1/2/2022;-79.747283
A-2022-02-136;30:00.0;ATROPELLO;1;0;0;PUNO;SAN ROMAN;JULIACA;RURAL;CARRETERA;NACIONAL;PE-34A;-15.518797;DESPEJADO;RURAL;TRAMO RECTO;PLANA ;ASFALTADA;NULL;NULL;NULL;NULL;IMPRUDENCIA DEL PEATÓN;CRUCE INDEBIDO POR LA CALZADA;Héroes de La Guerra del Pacífico;2/2/2022;-70.177021
A-2022-02-149;00:00.0;ATROPELLO;1;0;0;LIMA;LIMA;SAN MARTIN DE PORRES;URBANA;CARRETERA;NACIONAL;PE-1N;-12.020893;DESPEJADO;RESIDENCIAL;INTERSECCIÓN;PLANA ;ASFALTADA;NULL;NULL;NULL;NULL;EN PROCESO DE INVESTIGACIÓN;NO CUENTA CON CAUSA ESPECIFICA;Puente Grifo Palao;2/2/2022;-77.059355
A-2022-02-23;15:00.0;CHOQUE;1;0;2;CAJAMARCA;HUALGAYOC;HUALGAYOC;RURAL;CARRETERA;NACIONAL;PE-3N;-6.726036;DESPEJADO;RURAL;CURVA;INCLINADA;ASFALTADA;NULL;NULL;NULL;NULL;EN PROCESO DE INVESTIGACIÓN;NO CUENTA CON CAUSA ESPECIFICA;Carretera Longitudinal de la Sierra Norte;2/2/2022;-78.57479
A-2022-02-33;00:00.0;CHOQUE;1;1;2;SAN MARTIN;LAMAS;RUMISAPA;RURAL;CARRETERA;DEPARTAMENTAL;SM-104;-6.44749;SOLEADO;RURAL;CURVA;INCLINADA;ASFALTADA;SI;PREVENTIVA (P);PREVENTIVA (P);NO;IMPRUDENCIA DEL CONDUCTOR;CONDUCIR EN ESTADO DE EBRIEDAD Y/O DROGADICCIÓN;Carretera a Lamas;2/2/2022;-76.485143
A-2022-02-158;30:00.0;CHOQUE;1;0;2;LIMA;HUARAL;AUCALLAMA;RURAL;CARRETERA;PROVINCIAL;LM-679;-11.545251;DESPEJADO;RURAL;CURVA;INCLINADA;ASFALTADA;SI;REGULADORA (R);REGULADORA (R);NO;IMPRUDENCIA DEL CONDUCTOR;CONDUCIR EN ESTADO DE EBRIEDAD Y/O DROGADICCIÓN;Carretera Palpa Aucallama;2/2/2022;-77.18249
A-2022-02-265;55:00.0;ATROPELLO;1;2;1;JUNIN;JAUJA;LEONOR ORDOÑEZ;RURAL;CARRETERA;NACIONAL;PE-3SB;-11.862694;DESPEJADO;RURAL;TRAMO RECTO;PLANA ;ASFALTADA;NULL;NULL;NULL;NULL;IMPRUDENCIA DEL PEATÓN;ESTADO DE EBRIEDAD Y/O DROGADICCIÓN;Carretera Central Margen Derecha;2/2/2022;-75.413345
A-2022-02-11;00:00.0;DESPISTE;2;0;1;ANCASH;AIJA;HUACLLAN;RURAL;CARRETERA;SIN CLASIFICAR;SIN CLASIFICAR;-9.755959;NUBLADO;RURAL;CURVA;INCLINADA;TROCHA;NULL;NULL;NULL;NULL;IMPRUDENCIA DEL CONDUCTOR;EXCESO DE VELOCIDAD;Huacllán;2/2/2022;-77.666752
A-2022-02-150;00:00.0;ATROPELLO FUGA;1;0;0;LIMA;LIMA;ATE;URBANA;CARRETERA;NACIONAL;PE-22;-12.012294;DESPEJADO;INDUSTRIAL;INTERSECCIÓN;PLANA ;ASFALTADA;NULL;NULL;NULL;NULL;EN PROCESO DE INVESTIGACIÓN;NO CUENTA CON CAUSA ESPECIFICA;Carretera Central;2/2/2022;-76.878204
A-2022-02-151;10:00.0;ATROPELLO;1;0;0;LIMA;LIMA;SAN JUAN DE LURIGANCHO;URBANA;AVENIDA;URBANO;NO CORRESPONDE;-12.024065;DESPEJADO;INDUSTRIAL;TRAMO RECTO;PLANA ;ASFALTADA;NULL;NULL;NULL;NULL;EN PROCESO DE INVESTIGACIÓN;NO CUENTA CON CAUSA ESPECIFICA;Avenida Malecón Miguel Checa Eguiguren;3/2/2022;-76.97799
A-2022-02-90;10:00.0;CHOQUE;1;0;2;LAMBAYEQUE;LAMBAYEQUE;SAN JOSE;RURAL;CARRETERA;DEPARTAMENTAL;LA-109;-6.772299;DESPEJADO;RURAL;CURVA;PLANA ;ASFALTADA;NULL;NULL;NULL;NULL;EN PROCESO DE INVESTIGACIÓN;NO CUENTA CON CAUSA ESPECIFICA;Avenida San Jose;3/2/2022;-79.914366
A-2022-02-153;25:00.0;ATROPELLO;1;1;0;LIMA;LIMA;VILLA EL SALVADOR;URBANA;AVENIDA;URBANO;NO CORRESPONDE;-12.195677;DESPEJADO;COMERCIAL;TRAMO RECTO;PLANA ;ASFALTADA;NULL;NULL;NULL;NULL;EN PROCESO DE INVESTIGACIÓN;NO CUENTA CON CAUSA ESPECIFICA;Avenida Mariano Pastor Sevilla;3/2/2022;-76.959079
A-2022-02-196;35:00.0;DESPISTE;1;0;1;CUSCO;CHUMBIVILCAS;SANTO TOMAS;RURAL;CARRETERA;NACIONAL;PE-3SG;-14.549508;DESPEJADO;RURAL;TRAMO RECTO;PLANA ;ASFALTADA;NULL;NULL;NULL;NULL;IMPRUDENCIA DEL CONDUCTOR;CONDUCIR EN ESTADO DE EBRIEDAD Y/O DROGADICCIÓN;PE-3SG;3/2/2022;-72.047488
A-2022-02-31;40:00.0;CHOQUE;1;1;2;SAN MARTIN;RIOJA;RIOJA;RURAL;CARRETERA;NACIONAL;PE-5N;-6.024967;DESPEJADO;RURAL;TRAMO RECTO;PLANA ;ASFALTADA;NULL;NULL;NULL;NULL;IMPRUDENCIA DEL CONDUCTOR;OTRO (IMPRUDENCIA DEL CONDUCTOR);Carretera Presidente Fernando Belaúnde Terry;3/2/2022;-77.218665
A-2022-02-92;10:00.0;DESPISTE;1;0;1;LAMBAYEQUE;CHICLAYO;PIMENTEL;URBANA;AVENIDA;URBANO;NO CORRESPONDE;-6.787288;DESPEJADO;RESIDENCIAL;INTERSECCIÓN;PLANA ;ASFALTADA;NULL;NULL;NULL;NULL;EN PROCESO DE INVESTIGACIÓN;NO CUENTA CON CAUSA ESPECIFICA;Pimentel;3/2/2022;-79.872331
A-2022-02-16;45:00.0;CHOQUE;2;2;2;AREQUIPA;ISLAY;MOLLENDO;URBANA;CARRETERA;NACIONAL;PE-1SD;-17.063167;DESPEJADO;RURAL;TRAMO RECTO;PLANA ;ASFALTADA;NO;NULL;NULL;SI;EN PROCESO DE INVESTIGACIÓN;NO CUENTA CON CAUSA ESPECIFICA;Carretera Costanera Sur;3/2/2022;-71.949771
A-2022-02-257;39:00.0;DESPISTE;1;0;1;PUNO;MELGAR;UMACHIRI;RURAL;CARRETERA;NACIONAL;PE-3S;-14.800754;DESPEJADO;RURAL;TRAMO RECTO;PLANA ;ASFALTADA;NULL;NULL;NULL;NULL;IMPRUDENCIA DEL CONDUCTOR;EXCESO DE VELOCIDAD;Carretera Longitudinal de la Sierra Sur;4/2/2022;-70.712449