CÓDIGO SINIESTRO;HORA SINIESTRO;CLASE SINIESTRO;CANTIDAD DE FALLECIDOS;CANTIDAD DE LESIONADOS;CANTIDAD DE VEHICULOS DAÑADOS;DEPARTAMENTO;PROVINCIA;DISTRITO;ZONA;TIPO DE VÍA;RED VIAL;COD CARRETERA;COORDENADAS LATITUD;CONDICIÓN CLIMÁTICA;ZONIFICACIÓN;CARACTERÍSTICAS DE VÍA;PERFIL LONGITUDINAL VÍA;SUPERFICIE DE CALZADA;¿EXISTE SEÑAL VERTICAL?;CLASIFICACIÓN DE LA SEÑAL VERTICAL Nº 1;CLASIFICACIÓN DE LA SEÑAL VERTICAL Nº 2;¿EXISTE SEÑAL HORIZONTAL?;CAUSA FACTOR PRINCIPAL;CAUSA ESPECÍFICA;UBICACION;FECHA SINIESTRO;COORDENADAS LONGITUD
A-2022-02-15;05:00.0;CHOQUE FUGA;1;1;2;PUNO;EL COLLAO;ILAVE;RURAL;CARRETERA;NACIONAL;PE-3S;-16.096902;DESPEJADO;RURAL;OTRO;PLANA ;ASFALTADA;SI;REGULADORA (R);NULL;SI;IMPRUDENCIA DEL CONDUCTOR;GIRAR IMPRUDENTEMENTE;Carretera Longitudinal de la Sierra Sur;4/2/2022;-69.618304
A-2022-02-17;10:00.0;CHOQUE;1;0;2;AREQUIPA;CAYLLOMA;CHIVAY;URBANA;CARRETERA;PROVINCIAL;AR-681;-15.633662;DESPEJADO;RESIDENCIAL;TRAMO RECTO;INCLINADA;EMPEDRADO;NULL;NULL;NULL;NULL;EN PROCESO DE INVESTIGACIÓN;NO CUENTA CON CAUSA ESPECIFICA;AR-681;4/2/2022;-71.603697
A-2022-02-28;00:00.0;ATROPELLO FUGA;1;0;NULL;LA LIBERTAD;TRUJILLO;TRUJILLO;URBANA;CARRETERA;NACIONAL;PE-1N;-8.136703;DESPEJADO;RURAL;TRAMO RECTO;PLANA ;ASFALTADA;NULL;NULL;NULL;NULL;IMPRUDENCIA DEL CONDUCTOR;OTRO (IMPRUDENCIA DEL CONDUCTOR);Carretera Industrial;4/2/2022;-79.027147
A-2022-02-29;00:00.0;ATROPELLO FUGA;1;0;0;LA LIBERTAD;TRUJILLO;HUANCHACO;URBANA;AVENIDA;URBANO;NO CORRESPONDE;-8.097257;DESPEJADO;COMERCIAL;TRAMO RECTO;PLANA ;ASFALTADA;NULL;NULL;NULL;NULL;EN PROCESO DE INVESTIGACIÓN;NO CUENTA CON CAUSA ESPECIFICA;Avenida Chan Chan;4/2/2022;-79.069489
A-2022-02-201;30:00.0;ATROPELLO;1;0;1;CUSCO;CANAS;PAMPAMARCA;RURAL;CARRETERA;NACIONAL;PE-34F;-14.153503;DESPEJADO;RURAL;TRAMO RECTO;PLANA ;ASFALTADA;NO;NULL;NULL;SI;IMPRUDENCIA DEL CONDUCTOR;CONDUCIR EN ESTADO DE EBRIEDAD Y/O DROGADICCIÓN;PE-34F;4/2/2022;-71.456701
A-2022-02-96;30:00.0;CHOQUE;2;3;2;PIURA;PIURA;CASTILLA;RURAL;CARRETERA;NACIONAL;PE-1NJ;-5.144435;DESPEJADO;RURAL;TRAMO RECTO;PLANA ;ASFALTADA;NULL;NULL;NULL;NULL;EN PROCESO DE INVESTIGACIÓN;NO CUENTA CON CAUSA ESPECIFICA;Carretera Interoceánica Norte;4/2/2022;-80.450707
A-2022-02-72;00:00.0;DESPISTE;2;6;1;LA LIBERTAD;SANCHEZ CARRION;MARCABAL;RURAL;CARRETERA;SIN CLASIFICAR;SIN CLASIFICAR;-7.732969;DESPEJADO;RURAL;CURVA;INCLINADA;AFIRMADO;NULL;NULL;NULL;NULL;EN PROCESO DE INVESTIGACIÓN;NO CUENTA CON CAUSA ESPECIFICA;Agocas;5/2/2022;-77.956041
A-2022-02-154;00:00.0;CHOQUE;1;0;0;LIMA;LIMA;CHORRILLOS;URBANA;AVENIDA;URBANO;NO CORRESPONDE;-12.187632;DESPEJADO;INDUSTRIAL;INTERSECCIÓN;PLANA ;ASFALTADA;NULL;NULL;NULL;NULL;EN PROCESO DE INVESTIGACIÓN;NO CUENTA CON CAUSA ESPECIFICA;Avenida Vista Alegre;5/2/2022;-76.99171
A-2022-02-277;22:00.0;ATROPELLO;1;0;NULL;JUNIN;CHANCHAMAYO;PERENE;URBANA;CARRETERA;SIN CLASIFICAR;SIN CLASIFICAR;-10.924257;NULL;NULL;NULL;NULL;NULL;NULL;NULL;NULL;NULL;EN PROCESO DE INVESTIGACIÓN;NO CUENTA CON CAUSA ESPECIFICA;Perené;5/2/2022;-74.879926
A-2022-02-22;10:00.0;CHOQUE FUGA;1;0;NULL;CALLAO;CALLAO;BELLAVISTA;URBANA;AVENIDA;URBANO;NO CORRESPONDE;-12.061248;DESPEJADO;COMERCIAL;TRAMO RECTO;PLANA ;ASFALTADA;NULL;NULL;NULL;NULL;IMPRUDENCIA DEL CONDUCTOR;NO DAR PASO PREFERENTE AL PEATÓN;Jirón Vigil;5/2/2022;-77.133978
A-2022-02-114;15:00.0;ATROPELLO;1;0;1;CAJAMARCA;CONTUMAZA;TANTARICA;URBANA;CARRETERA;NACIONAL;PE-08;-7.216378;DESPEJADO;RURAL;CURVA;PLANA ;ASFALTADA;NO;NULL;NULL;SI;EN PROCESO DE INVESTIGACIÓN;NO CUENTA CON CAUSA ESPECIFICA;Carretera Ciudad de Dios - Cajamarca;5/2/2022;-78.91612
A-2022-02-19;40:00.0;CHOQUE;1;1;2;TUMBES;ZARUMILLA;PAPAYAL;RURAL;CARRETERA;DEPARTAMENTAL;TU-101;-3.564513;DESPEJADO;RURAL;TRAMO RECTO;PLANA ;ASFALTADA;NULL;NULL;NULL;NULL;IMPRUDENCIA DEL CONDUCTOR;EXCESO DE VELOCIDAD;TU-101;5/2/2022;-80.223196
A-2022-02-155;15:00.0;CHOQUE;1;0;0;LIMA;LIMA;INDEPENDENCIA;URBANA;CARRETERA;NACIONAL;PE-1N;-11.990122;DESPEJADO;INDUSTRIAL;INTERSECCIÓN;PLANA ;ASFALTADA;NULL;NULL;NULL;NULL;EN PROCESO DE INVESTIGACIÓN;NO CUENTA CON CAUSA ESPECIFICA;Carretera Panamericana Norte;6/2/2022;-77.064095
A-2022-02-85;50:00.0;ATROPELLO FUGA;1;0;NULL;ANCASH;HUAYLAS;CARAZ;RURAL;CARRETERA;NACIONAL;PE-3N;-9.015418;NULL;NULL;NULL;NULL;NULL;NULL;NULL;NULL;NULL;EN PROCESO DE INVESTIGACIÓN;NO CUENTA CON CAUSA ESPECIFICA;Carretera Longitudinal de la Sierra Norte;6/2/2022;-77.819614
A-2022-02-21;30:00.0;CHOQUE;5;13;2;AREQUIPA;CAYLLOMA;SAN ANTONIO DE CHUCA;RURAL;CARRETERA;NACIONAL;PE-34A;-15.946451;DESPEJADO;RURAL;TRAMO RECTO;INCLINADA;ASFALTADA;NO;NULL;NULL;SI;EN PROCESO DE INVESTIGACIÓN;NO CUENTA CON CAUSA ESPECIFICA;Vía Interoceánica Sur - Tramo 5;6/2/2022;-71.192625
A-2022-02-24;00:00.0;DESPISTE;1;2;1;CAJAMARCA;CAJAMARCA;ASUNCION;RURAL;CARRETERA;PROVINCIAL;CA-1419;-7.338618;DESPEJADO;RURAL;CURVA;PLANA ;AFIRMADO;NULL;NULL;NULL;NULL;EN PROCESO DE INVESTIGACIÓN;NO CUENTA CON CAUSA ESPECIFICA;CA-1415;6/2/2022;-78.596964
A-2022-02-18;45:00.0;DESPISTE;1;0;1;ICA;ICA;SALAS;RURAL;CARRETERA;NACIONAL;PE-1S;-13.929557;DESPEJADO;RURAL;TRAMO RECTO;PLANA ;ASFALTADA;NULL;NULL;NULL;NULL;IMPRUDENCIA DEL CONDUCTOR;OTRO (IMPRUDENCIA DEL CONDUCTOR);Carretera Panamericana Sur;6/2/2022;-75.968139
A-2022-02-26;30:00.0;CHOQUE;3;2;2;ANCASH;RECUAY;CATAC;RURAL;CARRETERA;NACIONAL;PE-16;-10.123321;NUBLADO;RURAL;CURVA;INCLINADA;ASFALTADA;SI;PREVENTIVA (P);PREVENTIVA (P);SI;IMPRUDENCIA DEL CONDUCTOR;INVASIÓN DE CARRIL;Carretera a Huaraz;6/2/2022;-77.292949
A-2022-02-162;00:00.0;DESPISTE;1;0;0;LIMA;LIMA;SAN JUAN DE MIRAFLORES;URBANA;AVENIDA;URBANO;NO CORRESPONDE;-12.15064;DESPEJADO;COMERCIAL;TRAMO RECTO;PLANA ;ASFALTADA;NULL;NULL;NULL;NULL;EN PROCESO DE INVESTIGACIÓN;NO CUENTA CON CAUSA ESPECIFICA;Avenida Los Héroes;6/2/2022;-76.980468
A-2022-02-108;15:00.0;ATROPELLO;1;1;1;PIURA;PIURA;CATACAOS;RURAL;CARRETERA;NACIONAL;PE-1NK;-5.268453;DESPEJADO;COMERCIAL;TRAMO RECTO;PLANA ;ASFALTADA;NO;NULL;NULL;NO;EN PROCESO DE INVESTIGACIÓN;NO CUENTA CON CAUSA ESPECIFICA;Catacaos;6/2/2022;-80.672301
A-2022-02-20;30:00.0;CHOQUE;1;2;3;PUNO;PUNO;PICHACANI;RURAL;CARRETERA;NACIONAL;PE-36B;-16.049958;DESPEJADO;RURAL;TRAMO RECTO;PLANA ;ASFALTADA;NO;NULL;NULL;SI;IMPRUDENCIA DEL CONDUCTOR;OTRO (IMPRUDENCIA DEL CONDUCTOR);PE-36B;6/2/2022;-70.008696
A-2022-02-202;00:00.0;DESPISTE;2;13;1;CUSCO;CALCA;YANATILE;RURAL;CARRETERA;PROVINCIAL;CU-755;-12.692789;DESPEJADO;RURAL;CURVA;PLANA ;AFIRMADO;NULL;NULL;NULL;NULL;IMPRUDENCIA DEL CONDUCTOR;EXCESO DE VELOCIDAD;Quebrada Honda;6/2/2022;-72.274115
A-2022-02-83;30:00.0;CHOQUE;1;1;2;ANCASH;CARHUAZ;CARHUAZ;RURAL;CARRETERA;NACIONAL;PE-3N;-9.288137;SOLEADO;RURAL;CURVA;PLANA ;ASFALTADA;SI;REGULADORA (R);PREVENTIVA (P);SI;IMPRUDENCIA DEL CONDUCTOR;INVASIÓN DE CARRIL;Carretera Longitudinal de la Sierra Norte;7/2/2022;-77.639376
A-2022-02-189;00:00.0;CHOQUE;1;3;2;AREQUIPA;CARAVELI;ATICO;RURAL;CARRETERA;NACIONAL;PE-1S;-16.253111;DESPEJADO;RURAL;TRAMO RECTO;PLANA ;ASFALTADA;NULL;NULL;NULL;NULL;EN PROCESO DE INVESTIGACIÓN;NO CUENTA CON CAUSA ESPECIFICA;Carretera Panamericana Sur;7/2/2022;-73.536322
A-2022-02-183;30:00.0;CHOQUE;2;19;2;LAMBAYEQUE;LAMBAYEQUE;MORROPE;RURAL;CARRETERA;NACIONAL;PE-1N;-6.455592;DESPEJADO;RURAL;TRAMO RECTO;PLANA ;ASFALTADA;NULL;NULL;NULL;NULL;EN PROCESO DE INVESTIGACIÓN;NO CUENTA CON CAUSA ESPECIFICA;Carretera Panamericana Norte;7/2/2022;-80.132743
A-2022-02-41;20:00.0;DESPISTE;1;1;1;TACNA;CANDARAVE;CANDARAVE;RURAL;CARRETERA;DEPARTAMENTAL;TA-103;-17.24016;DESPEJADO;RURAL;CURVA;PLANA ;AFIRMADO;NULL;NULL;NULL;NULL;IMPRUDENCIA DEL CONDUCTOR;OTRO (IMPRUDENCIA DEL CONDUCTOR);TA-103;7/2/2022;-70.258493
A-2022-02-289;15:00.0;DESPISTE;1;15;NULL;ANCASH;HUARMEY;HUARMEY;RURAL;CARRETERA;NACIONAL;PE-1N;-10.035295;LLUVIOSO;RURAL;TRAMO RECTO;PLANA ;ASFALTADA;NULL;NULL;NULL;NULL;EN PROCESO DE INVESTIGACIÓN;NO CUENTA CON CAUSA ESPECIFICA;Panamericana Norte;7/2/2022;-78.164317
A-2022-02-87;40:00.0;ATROPELLO;1;0;1;LA LIBERTAD;SANTIAGO DE CHUCO;QUIRUVILCA;RURAL;CARRETERA;NACIONAL;PE-10A;-7.991032;LLUVIOSO;RURAL;CURVA;INCLINADA;ASFALTADA;NULL;NULL;NULL;NULL;EN PROCESO DE INVESTIGACIÓN;NO CUENTA CON CAUSA ESPECIFICA;Carretera Trujillo - Huamachuco;7/2/2022;-78.389008
A-2022-02-57;00:00.0;DESPISTE;1;2;1;SAN MARTIN;MOYOBAMBA;JEPELACIO;RURAL;CARRETERA;SIN CLASIFICAR;SIN CLASIFICAR;-6.121716;LLUVIOSO;RURAL;CURVA;INCLINADA;AFIRMADO;NULL;NULL;NULL;NULL;INFRAESTRUCTURA Y ENTORNO VIAL;SUPERFICIE DETERIORADA;Jepelacio;7/2/2022;-76.912665
A-2022-02-315;30:00.0;CHOQUE;1;0;NULL;SAN MARTIN;LAMAS;TABALOSOS;RURAL;CARRETERA;NACIONAL;PE-5N;-6.36143;NULL;NULL;NULL;NULL;NULL;NULL;NULL;NULL;NULL;EN PROCESO DE INVESTIGACIÓN;NO CUENTA CON CAUSA ESPECIFICA;Carretera Presidente Fernando Belaúnde Terry;7/2/2022;-76.66204
A-2022-02-166;00:00.0;ESPECIAL;1;0;0;LIMA;LIMA;LURIGANCHO;URBANA;AVENIDA;URBANO;NO CORRESPONDE;-12.003851;DESPEJADO;RESIDENCIAL;INTERSECCIÓN;PLANA ;ASFALTADA;NULL;NULL;NULL;NULL;EN PROCESO DE INVESTIGACIÓN;NO CUENTA CON CAUSA ESPECIFICA;Jirón Santo Tomas;7/2/2022;-76.928158
A-2022-02-109;45:00.0;DESPISTE;1;0;NULL;PIURA;PIURA;PIURA;URBANA;AVENIDA;URBANO;NO CORRESPONDE;-5.164371;NULL;NULL;NULL;NULL;NULL;NULL;NULL;NULL;NULL;EN PROCESO DE INVESTIGACIÓN;NO CUENTA CON CAUSA ESPECIFICA;Avenida Raúl Mata de la Cruz;8/2/2022;-80.64665
A-2022-02-278;15:00.0;ATROPELLO;1;0;NULL;JUNIN;SATIPO;SATIPO;RURAL;CARRETERA;NACIONAL;PE-5S;-11.234712;NULL;NULL;NULL;NULL;NULL;NULL;NULL;NULL;NULL;EN PROCESO DE INVESTIGACIÓN;NO CUENTA CON CAUSA ESPECIFICA;Carretera Longitudinal de la Selva Sur;8/2/2022;-74.593997
A-2022-02-93;50:00.0;CHOQUE;1;1;3;LAMBAYEQUE;CHICLAYO;REQUE;RURAL;CARRETERA;NACIONAL;PE-1N;-6.902121;DESPEJADO;RURAL;TRAMO RECTO;PLANA ;ASFALTADA;NULL;NULL;NULL;NULL;EN PROCESO DE INVESTIGACIÓN;NO CUENTA CON CAUSA ESPECIFICA;Carretera Panamericana Norte;8/2/2022;-79.782253
A-2022-02-37;30:00.0;CHOQUE;1;0;2;AREQUIPA;CAYLLOMA;MAJES;RURAL;CARRETERA;NACIONAL;PE-1S;-16.390132;DESPEJADO;RURAL;TRAMO RECTO;PLANA ;ASFALTADA;NULL;NULL;NULL;NULL;EN PROCESO DE INVESTIGACIÓN;NO CUENTA CON CAUSA ESPECIFICA;Carretera Panamericana Sur;8/2/2022;-72.200493
A-2022-02-27;20:00.0;ATROPELLO FUGA;1;0;NULL;AREQUIPA;AREQUIPA;MIRAFLORES;URBANA;AVENIDA;URBANO;NO CORRESPONDE;-16.400653;DESPEJADO;COMERCIAL;TRAMO RECTO;INCLINADA;ASFALTADA;NO;NULL;NULL;SI;EN PROCESO DE INVESTIGACIÓN;NO CUENTA CON CAUSA ESPECIFICA;Avenida Venezuela;8/2/2022;-71.516359
A-2022-02-54;30:00.0;DESPISTE;2;1;1;HUANCAVELICA;HUANCAVELICA;HUACHOCOLPA;RURAL;CARRETERA;DEPARTAMENTAL;HV-115;-13.032857;DESPEJADO;RURAL;CURVA;INCLINADA;CASCAJO/RIPIO;NULL;NULL;NULL;NULL;EN PROCESO DE INVESTIGACIÓN;NO CUENTA CON CAUSA ESPECIFICA;HV-115;8/2/2022;-74.952973
A-2022-02-137;00:00.0;ATROPELLO;1;0;0;PUNO;CARABAYA;SAN GABAN;RURAL;CARRETERA;NACIONAL;PE-34B;-13.506092;SOLEADO;RURAL;TRAMO RECTO;PLANA ;ASFALTADA;NULL;NULL;NULL;NULL;NEGLIGENCIA DEL CONDUCTOR;OTRO (NEGLIGENCIA DEL CONDUCTOR);Carretera Interoceánica Puno - Madre de Dios;8/2/2022;-70.422063
A-2022-02-167;00:00.0;CAÍDA DE PASAJERO;1;0;0;LIMA;LIMA;LOS OLIVOS;URBANA;AVENIDA;URBANO;NO CORRESPONDE;-11.963629;DESPEJADO;COMERCIAL;INTERSECCIÓN;PLANA ;ASFALTADA;NULL;NULL;NULL;NULL;EN PROCESO DE INVESTIGACIÓN;NO CUENTA CON CAUSA ESPECIFICA;Avenida Los Próceres de Huandoy;8/2/2022;-77.077475
A-2022-02-157;25:00.0;CHOQUE;2;7;2;CUSCO;QUISPICANCHI;ANDAHUAYLILLAS;RURAL;CARRETERA;NACIONAL;PE-3S;-13.674688;DESPEJADO;RURAL;CURVA;PLANA ;ASFALTADA;SI;PREVENTIVA (P);NULL;NO;IMPRUDENCIA DEL CONDUCTOR;INVASIÓN DE CARRIL;Carretera Longitudinal de la Sierra Sur;8/2/2022;-71.669188
A-2022-02-168;40:00.0;ATROPELLO;1;0;0;LIMA;LIMA;SAN BORJA;URBANA;AVENIDA;URBANO;NO CORRESPONDE;-12.105682;DESPEJADO;COMERCIAL;TRAMO RECTO;PLANA ;ASFALTADA;NULL;NULL;NULL;NULL;EN PROCESO DE INVESTIGACIÓN;NO CUENTA CON CAUSA ESPECIFICA;Avenida Aviación;8/2/2022;-77.001138
A-2022-02-56;00:00.0;DESPISTE;1;0;NULL;LORETO;MAYNAS;IQUITOS;URBANA;AVENIDA;URBANO;NO CORRESPONDE;-3.756961;LLUVIOSO;COMERCIAL;ÓVALO;PLANA ;ASFALTADA;NULL;NULL;NULL;NULL;IMPRUDENCIA DEL CONDUCTOR;CONDUCIR EN ESTADO DE EBRIEDAD Y/O DROGADICCIÓN;Avenida Grau;9/2/2022;-73.251322
A-2022-02-259;30:00.0;ATROPELLO FUGA;1;0;NULL;LIMA;HUARAL;HUARAL;URBANA;CARRETERA;NACIONAL;PE-20C;-11.509562;DESPEJADO;RURAL;TRAMO RECTO;PLANA ;ASFALTADA;NULL;NULL;NULL;NULL;EN PROCESO DE INVESTIGACIÓN;NO CUENTA CON CAUSA ESPECIFICA;Avenida La Estación;9/2/2022;-77.205765
A-2022-02-82;45:00.0;DESPISTE;17;7;1;LA LIBERTAD;PATAZ;TAYABAMBA;RURAL;CARRETERA;NACIONAL;PE-10C;-8.384521;LLUVIOSO;RURAL;CURVA;INCLINADA;TROCHA;NULL;NULL;NULL;NULL;EN PROCESO DE INVESTIGACIÓN;NO CUENTA CON CAUSA ESPECIFICA;PE-10C;9/2/2022;-77.284063
A-2022-02-95;20:00.0;CHOQUE;1;1;2;LA LIBERTAD;ASCOPE;PAIJAN;RURAL;CARRETERA;PROVINCIAL;LI-610;-7.728847;DESPEJADO;RURAL;TRAMO RECTO;PLANA ;ASFALTADA;NULL;NULL;NULL;NULL;EN PROCESO DE INVESTIGACIÓN;NO CUENTA CON CAUSA ESPECIFICA;Carretera Paiján - Puerto Chicama;9/2/2022;-79.324337
A-2022-02-216;00:00.0;ATROPELLO;1;0;0;LIMA;LIMA;PACHACAMAC;URBANA;AVENIDA;URBANO;NO CORRESPONDE;-12.101285;DESPEJADO;INDUSTRIAL;TRAMO RECTO;PLANA ;ASFALTADA;NULL;NULL;NULL;NULL;EN PROCESO DE INVESTIGACIÓN;NO CUENTA CON CAUSA ESPECIFICA;Avenida Los Naranjos;9/2/2022;-76.874275
A-2022-02-169;40:00.0;ATROPELLO FUGA;1;0;0;LAMBAYEQUE;LAMBAYEQUE;JAYANCA;RURAL;CARRETERA;NACIONAL;PE-1NJ;-6.330419;NUBLADO;RURAL;TRAMO RECTO;PLANA ;ASFALTADA;NULL;NULL;NULL;NULL;EN PROCESO DE INVESTIGACIÓN;NO CUENTA CON CAUSA ESPECIFICA;Carretera Lambayegue - Olmos;9/2/2022;-79.76396
A-2022-02-38;40:00.0;ATROPELLO;1;0;0;AREQUIPA;AREQUIPA;CERRO COLORADO;URBANA;CARRETERA;PROVINCIAL;AR-747;-16.355786;DESPEJADO;COMERCIAL;TRAMO RECTO;PLANA ;TROCHA;NULL;NULL;NULL;NULL;EN PROCESO DE INVESTIGACIÓN;NO CUENTA CON CAUSA ESPECIFICA;Avenida Tumbes;10/2/2022;-71.566352
A-2022-02-218;30:00.0;ATROPELLO;1;0;0;LIMA;LIMA;CARABAYLLO;URBANA;CALLE;URBANO;NO CORRESPONDE;-11.86253;DESPEJADO;RESIDENCIAL;INTERSECCIÓN;PLANA ;ASFALTADA;NULL;NULL;NULL;NULL;EN PROCESO DE INVESTIGACIÓN;NO CUENTA CON CAUSA ESPECIFICA;Carabayllo;10/2/2022;-77.03923
A-2022-02-267;20:00.0;ATROPELLO;1;0;1;JUNIN;HUANCAYO;HUANCAYO;URBANA;AVENIDA;URBANO;NO CORRESPONDE;-12.06993;DESPEJADO;COMERCIAL;INTERSECCIÓN;PLANA ;ASFALTADA;NULL;NULL;NULL;NULL;IMPRUDENCIA DEL CONDUCTOR;OTRO (IMPRUDENCIA DEL CONDUCTOR);Avenida Ferrocarril;10/2/2022;-75.204747
A-2022-02-290;00:00.0;DESPISTE;1;0;NULL;ANCASH;CASMA;CASMA;URBANA;CARRETERA;NACIONAL;PE-1N;-9.484032;DESPEJADO;RURAL;TRAMO RECTO;PLANA ;ASFALTADA;NULL;NULL;NULL;NULL;EN PROCESO DE INVESTIGACIÓN;NO CUENTA CON CAUSA ESPECIFICA;Panamericana Norte;10/2/2022;-78.281749
A-2022-02-86;40:00.0;DESPISTE;1;0;1;PUNO;PUNO;COATA;RURAL;CARRETERA;SIN CLASIFICAR;SIN CLASIFICAR;-15.567;DESPEJADO;RURAL;TRAMO RECTO;PLANA ;TROCHA;NULL;NULL;NULL;NULL;IMPRUDENCIA DEL CONDUCTOR;CONDUCIR EN ESTADO DE EBRIEDAD Y/O DROGADICCIÓN;Almozanche;10/2/2022;-69.949
A-2022-02-91;00:00.0;CHOQUE;1;0;2;LA LIBERTAD;VIRU;CHAO;RURAL;CARRETERA;NACIONAL;PE-1N;-8.59008;DESPEJADO;RURAL;TRAMO RECTO;PLANA ;ASFALTADA;NULL;NULL;NULL;NULL;EN PROCESO DE INVESTIGACIÓN;NO CUENTA CON CAUSA ESPECIFICA;Panamericana Norte;10/2/2022;-78.668198
A-2022-02-222;40:00.0;CHOQUE;1;0;0;LIMA;LIMA;CARABAYLLO;URBANA;AVENIDA;URBANO;NO CORRESPONDE;-11.874033;DESPEJADO;RESIDENCIAL;TRAMO RECTO;PLANA ;ASFALTADA;NULL;NULL;NULL;NULL;EN PROCESO DE INVESTIGACIÓN;NO CUENTA CON CAUSA ESPECIFICA;Avenida Camino Real;11/2/2022;-77.027818
A-2022-02-221;30:00.0;ATROPELLO;1;0;0;LIMA;LIMA;ATE;URBANA;AVENIDA;URBANO;NO CORRESPONDE;-12.029235;DESPEJADO;COMERCIAL;INTERSECCIÓN;PLANA ;ASFALTADA;NULL;NULL;NULL;NULL;EN PROCESO DE INVESTIGACIÓN;NO CUENTA CON CAUSA ESPECIFICA;Marcos Puente Llanos;11/2/2022;-76.923477
A-2022-02-75;10:00.0;ATROPELLO;1;1;1;ICA;PISCO;PISCO;URBANA;CARRETERA;NACIONAL;PE-1SG;-13.716464;DESPEJADO;RESIDENCIAL;TRAMO RECTO;PLANA ;ASFALTADA;NULL;NULL;NULL;NULL;EN PROCESO DE INVESTIGACIÓN;NO CUENTA CON CAUSA ESPECIFICA;Avenida Las Américas;11/2/2022;-76.216519
A-2022-02-223;30:00.0;ATROPELLO FUGA;1;0;NULL;LIMA;LIMA;RIMAC;URBANA;CARRETERA;NACIONAL;PE-1N;-12.040107;DESPEJADO;INDUSTRIAL;TRAMO RECTO;PLANA ;ASFALTADA;NULL;NULL;NULL;NULL;EN PROCESO DE INVESTIGACIÓN;NO CUENTA CON CAUSA ESPECIFICA;Vía de Evitamiento;12/2/2022;-77.016547
A-2022-02-215;00:00.0;DESPISTE;1;0;1;AREQUIPA;CAMANA;SAMUEL PASTOR;RURAL;CARRETERA;NACIONAL;PE-1S;-16.648059;DESPEJADO;RURAL;TRAMO RECTO;PLANA ;ASFALTADA;NULL;NULL;NULL;NULL;EN PROCESO DE INVESTIGACIÓN;NO CUENTA CON CAUSA ESPECIFICA;Panamericana Sur;12/2/2022;-72.687852
A-2022-02-245;00:00.0;ATROPELLO FUGA;1;0;NULL;PASCO;PASCO;VICCO;URBANA;CARRETERA;NACIONAL;PE-3N;-10.836319;DESPEJADO;COMERCIAL;TRAMO RECTO;PLANA ;ASFALTADA;NULL;NULL;NULL;NULL;EN PROCESO DE INVESTIGACIÓN;NO CUENTA CON CAUSA ESPECIFICA;Carretera Longitudinal de la Sierra Norte;12/2/2022;-76.186135
A-2022-02-50;18:00.0;CHOQUE;1;0;2;PUNO;PUNO;PICHACANI;RURAL;CARRETERA;NACIONAL;PE-36B;-16.11127;DESPEJADO;RURAL;TRAMO RECTO;PLANA ;ASFALTADA;SI;INFORMATIVA (I);NULL;SI;NEGLIGENCIA DEL CONDUCTOR;CONDUCIR CON FALLAS DE FRENOS;PE-36B;12/2/2022;-70.029739
A-2022-02-214;20:00.0;ATROPELLO;1;0;1;AREQUIPA;LA UNION;PAMPAMARCA;RURAL;CARRETERA;PROVINCIAL;AR-600;-15.22305;DESPEJADO;RURAL;TRAMO RECTO;PLANA ;ASFALTADA;NULL;NULL;NULL;NULL;EN PROCESO DE INVESTIGACIÓN;NO CUENTA CON CAUSA ESPECIFICA;AR-600;12/2/2022;-72.946045
A-2022-02-306;00:00.0;DESPISTE;1;1;1;JUNIN;JUNIN;CARHUAMAYO;RURAL;CARRETERA;DEPARTAMENTAL;JU-107;-10.902534;DESPEJADO;RURAL;CURVA;INCLINADA;ASFALTADA;NO;NULL;NULL;SI;IMPRUDENCIA DEL CONDUCTOR;EXCESO DE VELOCIDAD;JU-107;12/2/2022;-75.993686
A-2022-02-138;30:00.0;CHOQUE;1;4;3;PUNO;SAN ROMAN;SAN MIGUEL;URBANA;AVENIDA;URBANO;NO CORRESPONDE;-15.475756;DESPEJADO;RESIDENCIAL;INTERSECCIÓN;PLANA ;ASFALTADA;NULL;NULL;NULL;NULL;IMPRUDENCIA DEL CONDUCTOR;EXCESO DE VELOCIDAD;Avenida Independencia;12/2/2022;-70.136397
A-2022-02-291;00:00.0;ATROPELLO FUGA;1;0;NULL;ANCASH;HUARMEY;HUARMEY;URBANA;CARRETERA;NACIONAL;PE-1N;-10.075498;DESPEJADO;COMERCIAL;TRAMO RECTO;PLANA ;ASFALTADA;NULL;NULL;NULL;NULL;EN PROCESO DE INVESTIGACIÓN;NO CUENTA CON CAUSA ESPECIFICA;Panamericana Norte;12/2/2022;-78.15332
A-2022-02-61;40:00.0;DESPISTE;1;1;1;ANCASH;HUAYLAS;CARAZ;RURAL;CARRETERA;PROVINCIAL;AN-836;-9.036068;LLUVIOSO;RURAL;SINUOSA;INCLINADA;TROCHA;SI;REGULADORA (R);REGULADORA (R);NO;IMPRUDENCIA DEL CONDUCTOR;CONDUCIR EN ESTADO DE EBRIEDAD Y/O DROGADICCIÓN;Carretera a Laguna de Parón;12/2/2022;-77.809068