CÓDIGO SINIESTRO;HORA SINIESTRO;CLASE SINIESTRO;CANTIDAD DE FALLECIDOS;CANTIDAD DE LESIONADOS;CANTIDAD DE VEHICULOS DAÑADOS;DEPARTAMENTO;PROVINCIA;DISTRITO;ZONA;TIPO DE VÍA;RED VIAL;COD CARRETERA;COORDENADAS LATITUD;CONDICIÓN CLIMÁTICA;ZONIFICACIÓN;CARACTERÍSTICAS DE VÍA;PERFIL LONGITUDINAL VÍA;SUPERFICIE DE CALZADA;¿EXISTE SEÑAL VERTICAL?;CLASIFICACIÓN DE LA SEÑAL VERTICAL Nº 1;CLASIFICACIÓN DE LA SEÑAL VERTICAL Nº 2;¿EXISTE SEÑAL HORIZONTAL?;CAUSA FACTOR PRINCIPAL;CAUSA ESPECÍFICA;UBICACION;FECHA SINIESTRO;COORDENADAS LONGITUD
A-2022-02-307;00:00.0;CHOQUE;1;0;2;ICA;CHINCHA;CHINCHA BAJA;RURAL;CARRETERA;DEPARTAMENTAL;IC-102;-13.450314;DESPEJADO;RURAL;TRAMO RECTO;PLANA ;ASFALTADA;NULL;NULL;NULL;NULL;IMPRUDENCIA DEL CONDUCTOR;EXCESO DE VELOCIDAD;Calle Simón Bolívar;12/2/2022;-76.155403
A-2022-02-94;30:00.0;CHOQUE;2;2;2;LA LIBERTAD;VIRU;CHAO;RURAL;CARRETERA;NACIONAL;PE-1N;-8.629983;DESPEJADO;RURAL;TRAMO RECTO;PLANA ;ASFALTADA;SI;REGULADORA (R);NULL;NO;IMPRUDENCIA DEL CONDUCTOR;EXCESO DE VELOCIDAD;Panamericana Norte;12/2/2022;-78.6379
A-2022-02-62;05:00.0;ATROPELLO FUGA;1;0;0;ANCASH;HUAYLAS;CARAZ;URBANA;CARRETERA;NACIONAL;PE-3N;-9.059867;LLUVIOSO;RURAL;TRAMO RECTO;PLANA ;ASFALTADA;NULL;NULL;NULL;NULL;IMPRUDENCIA DEL PEATÓN;ESTADO DE EBRIEDAD Y/O DROGADICCIÓN;Carretera Longitudinal de la Sierra Norte;13/2/2022;-77.793392
A-2022-02-268;40:00.0;CHOQUE CON OBJETO FIJO;1;0;1;JUNIN;JAUJA;SAUSA;URBANA;CARRETERA;PROVINCIAL;JU-699;-11.788923;DESPEJADO;COMERCIAL;ÓVALO;PLANA ;ASFALTADA;SI;PREVENTIVA (P);NULL;NO;IMPRUDENCIA DEL CONDUCTOR;CONDUCIR EN ESTADO DE EBRIEDAD Y/O DROGADICCIÓN;Avenida Hatun Xauxa;13/2/2022;-75.489431
A-2022-02-164;00:00.0;ATROPELLO FUGA;1;0;1;PIURA;PIURA;CASTILLA;URBANA;AVENIDA;URBANO;NO CORRESPONDE;-5.193507;DESPEJADO;COMERCIAL;TRAMO RECTO;PLANA ;ASFALTADA;NULL;NULL;NULL;NULL;EN PROCESO DE INVESTIGACIÓN;NO CUENTA CON CAUSA ESPECIFICA;Avenida Luis Montero;13/2/2022;-80.618101
A-2022-02-47;30:00.0;ATROPELLO;1;1;1;ICA;PISCO;TUPAC AMARU INCA;URBANA;CARRETERA;NACIONAL;PE-1S;-13.707555;DESPEJADO;RURAL;TRAMO RECTO;PLANA ;ASFALTADA;NO;NULL;NULL;NO;IMPRUDENCIA DEL CONDUCTOR;EXCESO DE VELOCIDAD;Antigua Carretera Panamericana Sur;13/2/2022;-76.151895
A-2022-02-279;15:00.0;CHOQUE;1;3;NULL;JUNIN;CHANCHAMAYO;CHANCHAMAYO;RURAL;CARRETERA;NACIONAL;PE-22B;-11.021432;NULL;NULL;NULL;NULL;NULL;NULL;NULL;NULL;NULL;EN PROCESO DE INVESTIGACIÓN;NO CUENTA CON CAUSA ESPECIFICA;PE-22B;13/2/2022;-75.316071
A-2022-02-69;10:00.0;CHOQUE;3;0;2;SAN MARTIN;MOYOBAMBA;MOYOBAMBA;URBANA;CARRETERA;NACIONAL;PE-5N;-6.047752;DESPEJADO;INDUSTRIAL;CURVA;INCLINADA;CONCRETO;NULL;NULL;NULL;NULL;IMPRUDENCIA DEL CONDUCTOR;CONDUCIR EN ESTADO DE EBRIEDAD Y/O DROGADICCIÓN;Carretera Presidente Fernando Belaúnde Terry;13/2/2022;-76.96917
A-2022-02-228;30:00.0;CHOQUE;1;1;1;LIMA;LIMA;LIMA;URBANA;AVENIDA;URBANO;NO CORRESPONDE;-12.075418;DESPEJADO;RESIDENCIAL;INTERSECCIÓN;PLANA ;ASFALTADA;NULL;NULL;NULL;NULL;EN PROCESO DE INVESTIGACIÓN;NO CUENTA CON CAUSA ESPECIFICA;Calle Mariano Carranza;13/2/2022;-77.034684
A-2022-02-283;30:00.0;CHOQUE;1;7;NULL;JUNIN;CHANCHAMAYO;SAN RAMON;RURAL;CARRETERA;NACIONAL;PE-22B;-11.183464;NULL;NULL;NULL;NULL;NULL;NULL;NULL;NULL;NULL;EN PROCESO DE INVESTIGACIÓN;NO CUENTA CON CAUSA ESPECIFICA;Carretera Central;13/2/2022;-75.458014
A-2022-02-200;00:00.0;CHOQUE CON OBJETO FIJO;1;0;1;CUSCO;CUSCO;SAN JERONIMO;URBANA;CARRETERA;SIN CLASIFICAR;SIN CLASIFICAR;-13.554814;LLUVIOSO;RESIDENCIAL;TRAMO RECTO;INCLINADA;ASFALTADA;SI;REGULADORA (R);REGULADORA (R);NO;IMPRUDENCIA DEL CONDUCTOR;EXCESO DE VELOCIDAD;Vía de Evitamiento;13/2/2022;-71.875663
A-2022-02-100;45:00.0;CHOQUE;1;1;2;LAMBAYEQUE;LAMBAYEQUE;LAMBAYEQUE;RURAL;CARRETERA;NACIONAL;PE-1N;-6.728604;DESPEJADO;RURAL;CURVA;PLANA ;ASFALTADA;NULL;NULL;NULL;NULL;EN PROCESO DE INVESTIGACIÓN;NO CUENTA CON CAUSA ESPECIFICA;Panamericana Norte;13/2/2022;-79.889231
A-2022-02-285;30:00.0;DESPISTE;1;0;NULL;JUNIN;CHANCHAMAYO;CHANCHAMAYO;RURAL;CARRETERA;NACIONAL;PE-5N;-10.912437;NULL;NULL;NULL;NULL;NULL;NULL;NULL;NULL;NULL;EN PROCESO DE INVESTIGACIÓN;NO CUENTA CON CAUSA ESPECIFICA;Carretera Longitudinal de la Selva Norte;13/2/2022;-75.285519
A-2022-02-229;30:00.0;DESPISTE;1;0;1;LIMA;LIMA;MAGDALENA DEL MAR;URBANA;OTRO;URBANO;NO CORRESPONDE;-12.096321;DESPEJADO;INDUSTRIAL;TRAMO RECTO;PLANA ;ASFALTADA;NULL;NULL;NULL;NULL;EN PROCESO DE INVESTIGACIÓN;NO CUENTA CON CAUSA ESPECIFICA;Ciclovía Costa Verde Magdalena - San Miguel;14/2/2022;-77.076241
A-2022-02-125;40:00.0;CHOQUE;1;0;1;TUMBES;CONTRALMIRANTE VILLAR;ZORRITOS;RURAL;CARRETERA;NACIONAL;PE-1N;-3.706017;DESPEJADO;RURAL;TRAMO RECTO;PLANA ;ASFALTADA;NULL;NULL;NULL;NULL;IMPRUDENCIA DEL CONDUCTOR;CONDUCIR EN ESTADO DE EBRIEDAD Y/O DROGADICCIÓN;Carretera Panamericana Norte;14/2/2022;-80.71842
A-2022-02-217;00:00.0;DESPISTE;1;0;1;PIURA;SECHURA;SECHURA;RURAL;CARRETERA;NACIONAL;PE-04;-5.826642;DESPEJADO;RURAL;TRAMO RECTO;PLANA ;ASFALTADA;NULL;NULL;NULL;NULL;EN PROCESO DE INVESTIGACIÓN;NO CUENTA CON CAUSA ESPECIFICA;Carretera a Bayovar;14/2/2022;-81.033544
A-2022-02-84;02:00.0;CHOQUE;1;2;2;ANCASH;CARHUAZ;ANTA;RURAL;CARRETERA;NACIONAL;PE-3N;-9.342591;SOLEADO;RURAL;CURVA;PLANA ;ASFALTADA;SI;REGULADORA (R);PREVENTIVA (P);NO;IMPRUDENCIA DEL CONDUCTOR;ADELANTAR INDEBIDAMENTE;Carretera Longitudinal de la Sierra Norte;14/2/2022;-77.601776
A-2022-02-308;40:00.0;CHOQUE;1;1;2;ICA;CHINCHA;SUNAMPE;RURAL;CARRETERA;NACIONAL;PE-1S;-13.410299;DESPEJADO;RURAL;TRAMO RECTO;PLANA ;ASFALTADA;NULL;NULL;NULL;NULL;IMPRUDENCIA DEL CONDUCTOR;INVASIÓN DE CARRIL;Antigua Carretera Panamericana Sur;14/2/2022;-76.171796
A-2022-02-55;00:00.0;CHOQUE;1;1;2;ICA;NASCA;NASCA;URBANA;CARRETERA;NACIONAL;PE-1S;-14.950102;SOLEADO;RURAL;TRAMO RECTO;PLANA ;ASFALTADA;NULL;NULL;NULL;NULL;EN PROCESO DE INVESTIGACIÓN;NO CUENTA CON CAUSA ESPECIFICA;Carretera Panamericana Sur;14/2/2022;-74.987234
A-2022-02-230;20:00.0;CHOQUE;1;0;0;LIMA;LIMA;SAN MARTIN DE PORRES;URBANA;AVENIDA;URBANO;NO CORRESPONDE;-12.001624;DESPEJADO;RESIDENCIAL;INTERSECCIÓN;PLANA ;ASFALTADA;NULL;NULL;NULL;NULL;EN PROCESO DE INVESTIGACIÓN;NO CUENTA CON CAUSA ESPECIFICA;Avenida Los Dominicos;14/2/2022;-77.101342
A-2022-02-165;15:00.0;CHOQUE;1;0;2;PIURA;PIURA;CATACAOS;URBANA;CARRETERA;NACIONAL;PE-1NK;-5.30591;DESPEJADO;COMERCIAL;TRAMO RECTO;PLANA ;ASFALTADA;NULL;NULL;NULL;NULL;EN PROCESO DE INVESTIGACIÓN;NO CUENTA CON CAUSA ESPECIFICA;Carretera Piura - Sechura;14/2/2022;-80.701094
A-2022-02-98;50:00.0;CHOQUE;1;2;2;LA LIBERTAD;PACASMAYO;GUADALUPE;RURAL;CARRETERA;NACIONAL;PE-08;-7.309379;DESPEJADO;RURAL;TRAMO RECTO;PLANA ;ASFALTADA;NULL;NULL;NULL;NULL;EN PROCESO DE INVESTIGACIÓN;NO CUENTA CON CAUSA ESPECIFICA;Carretera Ciudad de Dios - Cajamarca;14/2/2022;-79.391084
A-2022-02-231;30:00.0;ATROPELLO FUGA;1;0;0;LIMA;LIMA;LURIGANCHO;URBANA;AVENIDA;URBANO;NO CORRESPONDE;-12.019697;DESPEJADO;INDUSTRIAL;TRAMO RECTO;PLANA ;ASFALTADA;NULL;NULL;NULL;NULL;EN PROCESO DE INVESTIGACIÓN;NO CUENTA CON CAUSA ESPECIFICA;Avenida La Paz;15/2/2022;-76.919999
A-2022-02-287;00:00.0;CHOQUE;1;0;NULL;JUNIN;CHANCHAMAYO;PICHANAQUI;RURAL;CARRETERA;PROVINCIAL;JU-1487;-10.938626;NULL;NULL;NULL;NULL;NULL;NULL;NULL;NULL;NULL;EN PROCESO DE INVESTIGACIÓN;NO CUENTA CON CAUSA ESPECIFICA;Bajo Kimiriki;15/2/2022;-74.838384
A-2022-02-234;00:00.0;ATROPELLO;1;0;0;LIMA;LIMA;COMAS;URBANA;AVENIDA;URBANO;NO CORRESPONDE;-11.941692;DESPEJADO;RESIDENCIAL;INTERSECCIÓN;PLANA ;ASFALTADA;NULL;NULL;NULL;NULL;EN PROCESO DE INVESTIGACIÓN;NO CUENTA CON CAUSA ESPECIFICA;Jirón Mariano Angulo;15/2/2022;-77.064414
A-2022-02-301;40:00.0;CHOQUE;1;6;NULL;ANCASH;HUARMEY;HUARMEY;RURAL;CARRETERA;NACIONAL;PE-1N;-10.566376;DESPEJADO;RURAL;TRAMO RECTO;PLANA ;ASFALTADA;NULL;NULL;NULL;NULL;EN PROCESO DE INVESTIGACIÓN;NO CUENTA CON CAUSA ESPECIFICA;Panamericana Norte;15/2/2022;-77.873761
A-2022-02-243;00:00.0;VOLCADURA;1;0;1;PIURA;SECHURA;SECHURA;RURAL;CARRETERA;SIN CLASIFICAR;SIN CLASIFICAR;-5.97402;DESPEJADO;RURAL;PASE A DESNIVEL;INCLINADA;CONCRETO;NULL;NULL;NULL;NULL;EN PROCESO DE INVESTIGACIÓN;NO CUENTA CON CAUSA ESPECIFICA;Sechura;15/2/2022;-81.09711
A-2022-02-97;00:00.0;DESPISTE;2;5;1;LA LIBERTAD;OTUZCO;USQUIL;RURAL;CARRETERA;PROVINCIAL;LI-777;-7.762087;LLUVIOSO;RURAL;CURVA;INCLINADA;AFIRMADO;NULL;NULL;NULL;NULL;IMPRUDENCIA DEL CONDUCTOR;GIRAR IMPRUDENTEMENTE;LI-777;15/2/2022;-78.338587
A-2022-02-60;10:00.0;VOLCADURA;6;0;2;AREQUIPA;AREQUIPA;SAN JUAN DE TARUCANI;RURAL;CARRETERA;NACIONAL;PE-34A;-16.054185;DESPEJADO;RURAL;CURVA;INCLINADA;ASFALTADA;NO;NULL;NULL;SI;EN PROCESO DE INVESTIGACIÓN;NO CUENTA CON CAUSA ESPECIFICA;Vía Interoceánica Sur - Tramo 5;16/2/2022;-71.340628
A-2022-02-235;30:00.0;ATROPELLO;1;0;0;LIMA;LIMA;RIMAC;URBANA;AVENIDA;URBANO;NO CORRESPONDE;-12.024928;DESPEJADO;COMERCIAL;TRAMO RECTO;PLANA ;ASFALTADA;NULL;NULL;NULL;NULL;EN PROCESO DE INVESTIGACIÓN;NO CUENTA CON CAUSA ESPECIFICA;Avenida Samuel Alcázar;16/2/2022;-77.035575
A-2022-03-45;50:00.0;CHOQUE;1;1;2;PIURA;PIURA;VEINTISEIS DE OCTUBRE;RURAL;CARRETERA;NACIONAL;PE-1N;-5.153855;DESPEJADO;RURAL;TRAMO RECTO;PLANA ;ASFALTADA;NULL;NULL;NULL;NULL;IMPRUDENCIA DEL CONDUCTOR;EXCESO DE VELOCIDAD;Carretera Panamericana Norte;16/2/2022;-80.695247
A-2022-02-263;00:00.0;ATROPELLO;1;0;1;JUNIN;JAUJA;MUQUIYAUYO;RURAL;CARRETERA;NACIONAL;PE-3SB;-11.826432;DESPEJADO;RURAL;TRAMO RECTO;PLANA ;ASFALTADA;NULL;NULL;NULL;NULL;IMPRUDENCIA DEL PEATÓN;CRUCE INDEBIDO POR LA CALZADA;Carretera Central Margen Derecha;16/2/2022;-75.446335
A-2022-02-310;40:00.0;CHOQUE;6;0;2;PIURA;PIURA;CASTILLA;RURAL;CARRETERA;NACIONAL;PE-1NJ;-5.152282;DESPEJADO;RURAL;TRAMO RECTO;PLANA ;ASFALTADA;NULL;NULL;NULL;NULL;IMPRUDENCIA DEL CONDUCTOR;INVASIÓN DE CARRIL;Carretera Interoceánica Norte;16/2/2022;-80.480036
A-2022-02-219;00:00.0;DESPISTE;1;2;1;PIURA;HUANCABAMBA;HUARMACA;RURAL;CARRETERA;NACIONAL;PE-3N;-5.53634;NIEBLA;RURAL;CURVA;INCLINADA;ASFALTADA;NULL;NULL;NULL;NULL;EN PROCESO DE INVESTIGACIÓN;NO CUENTA CON CAUSA ESPECIFICA;Carretera Longitudinal de la Sierra Norte;17/2/2022;-79.51849
A-2022-02-262;20:00.0;CHOQUE;1;0;2;LA LIBERTAD;TRUJILLO;HUANCHACO;RURAL;CARRETERA;NACIONAL;PE-1N;-8.11178;DESPEJADO;RURAL;TRAMO RECTO;PLANA ;ASFALTADA;NULL;NULL;NULL;NULL;IMPRUDENCIA DEL CONDUCTOR;INVASIÓN DE CARRIL;Carretera Panamericana Norte;17/2/2022;-79.094655
A-2022-02-64;30:00.0;DESPISTE;1;4;1;PUNO;CHUCUITO;HUACULLANI;RURAL;CARRETERA;NACIONAL;PE-36A;-16.648757;DESPEJADO;RURAL;TRAMO RECTO;PLANA ;ASFALTADA;SI;REGULADORA (R);NULL;SI;IMPRUDENCIA DEL CONDUCTOR;OTRO (IMPRUDENCIA DEL CONDUCTOR);Carretera Binacional;17/2/2022;-69.451141
A-2022-02-160;51:00.0;ATROPELLO;1;0;1;LIMA;HUARAL;CHANCAY;RURAL;CARRETERA;NACIONAL;PE-1N;-11.537541;DESPEJADO;RURAL;TRAMO RECTO;PLANA ;ASFALTADA;NULL;NULL;NULL;NULL;IMPRUDENCIA DEL PEATÓN;CRUCE INDEBIDO POR LA CALZADA;Carretera Panamericana Norte;17/2/2022;-77.283105
A-2022-02-68;00:00.0;DESPISTE;3;0;NULL;ANCASH;HUARAZ;OLLEROS;RURAL;CARRETERA;NACIONAL;PE-3N;-9.642707;LLUVIOSO;RURAL;CURVA;INCLINADA;ASFALTADA;NULL;NULL;NULL;NULL;IMPRUDENCIA DEL CONDUCTOR;EXCESO DE VELOCIDAD;Carretera Longitudinal de la Sierra Norte;17/2/2022;-77.488624
A-2022-02-147;00:00.0;DESPISTE;2;0;NULL;APURIMAC;ANDAHUAYLAS;CHIARA;RURAL;CARRETERA;SIN CLASIFICAR;SIN CLASIFICAR;-13.907017;NULL;NULL;NULL;NULL;NULL;NULL;NULL;NULL;NULL;EN PROCESO DE INVESTIGACIÓN;NO CUENTA CON CAUSA ESPECIFICA;Chillmay;17/2/2022;-73.666096
A-2022-02-101;40:00.0;CHOQUE;1;0;1;LAMBAYEQUE;LAMBAYEQUE;LAMBAYEQUE;RURAL;CARRETERA;NACIONAL;PE-1N;-6.689126;DESPEJADO;RURAL;TRAMO RECTO;PLANA ;ASFALTADA;NULL;NULL;NULL;NULL;EN PROCESO DE INVESTIGACIÓN;NO CUENTA CON CAUSA ESPECIFICA;Ruta Panamericana Norte;17/2/2022;-79.9037
A-2022-02-81;00:00.0;ATROPELLO;1;0;NULL;CALLAO;CALLAO;CALLAO;URBANA;CARRETERA;NACIONAL;PE-20;-11.979787;DESPEJADO;INDUSTRIAL;INTERSECCIÓN;PLANA ;CONCRETO;SI;INFORMATIVA (I);NULL;NO;IMPRUDENCIA DEL PEATÓN;ESTADO DE EBRIEDAD Y/O DROGADICCIÓN;Avenida Coronel Néstor Gambetta;17/2/2022;-77.124876
A-2022-02-133;20:00.0;CHOQUE FUGA;1;0;NULL;ICA;ICA;SALAS;RURAL;CARRETERA;NACIONAL;PE-1S;-13.943723;DESPEJADO;RURAL;TRAMO RECTO;PLANA ;ASFALTADA;SI;REGULADORA (R);NULL;NO;EN PROCESO DE INVESTIGACIÓN;NO CUENTA CON CAUSA ESPECIFICA;Carretera Panamericana Sur;18/2/2022;-75.808696
A-2022-02-236;00:00.0;ATROPELLO;1;0;0;LIMA;LIMA;MIRAFLORES;URBANA;OTRO;URBANO;NO CORRESPONDE;-12.118356;DESPEJADO;INDUSTRIAL;CURVA;PLANA ;ASFALTADA;NULL;NULL;NULL;NULL;EN PROCESO DE INVESTIGACIÓN;NO CUENTA CON CAUSA ESPECIFICA;Ciclovía Malecón de la Marina;18/2/2022;-77.045397
A-2022-02-74;10:00.0;CHOQUE;1;0;2;ICA;PISCO;HUMAY;URBANA;CARRETERA;NACIONAL;PE-28A;-13.723774;DESPEJADO;COMERCIAL;CURVA;INCLINADA;ASFALTADA;NULL;NULL;NULL;NULL;EN PROCESO DE INVESTIGACIÓN;NO CUENTA CON CAUSA ESPECIFICA;Vía de los Libertadores;19/2/2022;-75.895687
A-2022-02-239;30:00.0;ATROPELLO FUGA;1;0;0;LIMA;LIMA;LURIN;URBANA;CARRETERA;NACIONAL;PE-1S;-12.293074;DESPEJADO;INDUSTRIAL;TRAMO RECTO;PLANA ;ASFALTADA;NULL;NULL;NULL;NULL;EN PROCESO DE INVESTIGACIÓN;NO CUENTA CON CAUSA ESPECIFICA;Carretera Panamericana Sur;19/2/2022;-76.862978
A-2022-02-269;30:00.0;ATROPELLO;1;0;1;JUNIN;HUANCAYO;SICAYA;RURAL;CARRETERA;NACIONAL;PE-3SB;-12.026477;DESPEJADO;RURAL;TRAMO RECTO;PLANA ;ASFALTADA;NULL;NULL;NULL;NULL;IMPRUDENCIA DEL PEATÓN;CRUCE INDEBIDO POR LA CALZADA;Carretera Central Margen Derecha;19/2/2022;-75.269575
A-2022-02-148;35:00.0;DESPISTE;1;5;1;AYACUCHO;HUAMANGA;ACOCRO;RURAL;CARRETERA;SIN CLASIFICAR;SIN CLASIFICAR;-13.213543;DESPEJADO;RURAL;CURVA;INCLINADA;AFIRMADO;NULL;NULL;NULL;NULL;IMPERICIA DEL CONDUCTOR;NULL;San Cristobal;19/2/2022;-74.043324
A-2022-02-126;00:00.0;ATROPELLO;1;0;1;TUMBES;TUMBES;CORRALES;URBANA;CARRETERA;SIN CLASIFICAR;SIN CLASIFICAR;-3.610398;SOLEADO;RURAL;TRAMO RECTO;PLANA ;CONCRETO;NULL;NULL;NULL;NULL;IMPERICIA DEL CONDUCTOR;NULL;Calle Atahualpa;19/2/2022;-80.48495
A-2022-02-293;45:00.0;CHOQUE;1;1;NULL;APURIMAC;COTABAMBAS;CHALLHUAHUACHO;RURAL;CARRETERA;PROVINCIAL;AP-956;-14.177927;NULL;NULL;NULL;NULL;NULL;NULL;NULL;NULL;NULL;EN PROCESO DE INVESTIGACIÓN;NO CUENTA CON CAUSA ESPECIFICA;AP-956;19/2/2022;-72.328244
A-2022-02-237;45:00.0;CHOQUE;1;0;0;LIMA;LIMA;LA MOLINA;URBANA;CARRETERA;DEPARTAMENTAL;LM-117;-12.082043;DESPEJADO;RESIDENCIAL;INTERSECCIÓN;PLANA ;ASFALTADA;NULL;NULL;NULL;NULL;EN PROCESO DE INVESTIGACIÓN;NO CUENTA CON CAUSA ESPECIFICA;Avenida La Molina;19/2/2022;-76.92834
A-2022-02-298;40:00.0;CHOQUE;2;0;4;MADRE DE DIOS;TAMBOPATA;TAMBOPATA;URBANA;CARRETERA;NACIONAL;PE-30C;-12.580883;DESPEJADO;RESIDENCIAL;TRAMO RECTO;PLANA ;ASFALTADA;SI;REGULADORA (R);NULL;NO;IMPRUDENCIA DEL CONDUCTOR;CONDUCIR EN ESTADO DE EBRIEDAD Y/O DROGADICCIÓN;Avenida Andrés Avelino Cáceres;19/2/2022;-69.203417
A-2022-02-240;30:00.0;ATROPELLO;1;0;0;LIMA;LIMA;ANCON;URBANA;CARRETERA;NACIONAL;PE-1N;-11.808526;DESPEJADO;INDUSTRIAL;TRAMO RECTO;PLANA ;ASFALTADA;NULL;NULL;NULL;NULL;EN PROCESO DE INVESTIGACIÓN;NO CUENTA CON CAUSA ESPECIFICA;Carretera Panamericana Norte;20/2/2022;-77.132543
A-2022-02-78;30:00.0;ATROPELLO FUGA;1;0;NULL;AREQUIPA;AREQUIPA;CERRO COLORADO;URBANA;CARRETERA;DEPARTAMENTAL;AR-123;-16.356788;DESPEJADO;RESIDENCIAL;TRAMO RECTO;PLANA ;ASFALTADA;NULL;NULL;NULL;NULL;EN PROCESO DE INVESTIGACIÓN;NO CUENTA CON CAUSA ESPECIFICA;Autopista La Joya - Arequipa;20/2/2022;-71.613419
A-2022-02-159;30:00.0;ATROPELLO FUGA;1;0;0;TACNA;TACNA;TACNA;RURAL;CARRETERA;NACIONAL;PE-1S;-18.0624;DESPEJADO;RURAL;TRAMO RECTO;PLANA ;ASFALTADA;NULL;NULL;NULL;NULL;IMPRUDENCIA DEL PEATÓN;ESTADO DE EBRIEDAD Y/O DROGADICCIÓN;Carretera Panamericana Sur;20/2/2022;-70.287386
A-2022-03-250-A;00:00.0;ATROPELLO;1;1;NULL;LORETO;MAYNAS;SAN JUAN BAUTISTA;URBANA;CARRETERA;DEPARTAMENTAL;LO-103;-3.801148;DESPEJADO;COMERCIAL;TRAMO RECTO;INCLINADA;ASFALTADA;NULL;NULL;NULL;NULL;IMPRUDENCIA DEL CONDUCTOR;EXCESO DE VELOCIDAD;25 de Enero;20/2/2022;-73.308816
A-2022-02-77;11:00.0;CHOQUE;1;1;2;PUNO;PUNO;ACORA;RURAL;CARRETERA;NACIONAL;PE-3S;-16.05827;DESPEJADO;RURAL;TRAMO RECTO;PLANA ;ASFALTADA;NO;NULL;NULL;SI;IMPRUDENCIA DEL CONDUCTOR;OTRO (IMPRUDENCIA DEL CONDUCTOR);Carretera Longitudinal de la Sierra Sur;20/2/2022;-69.69661
A-2022-02-244;00:00.0;ATROPELLO;1;0;1;PIURA;MORROPON;SAN JUAN DE BIGOTE;RURAL;CARRETERA;PROVINCIAL;PI-815;-5.31917;DESPEJADO;RURAL;TRAMO RECTO;PLANA ;ASFALTADA;NULL;NULL;NULL;NULL;EN PROCESO DE INVESTIGACIÓN;NO CUENTA CON CAUSA ESPECIFICA;Calle Manuel Seoane;20/2/2022;-79.7878
A-2023-12-168;00:00.0;DESPISTE;1;2;1;CAJAMARCA;CAJAMARCA;NAMORA;RURAL;CARRETERA;NACIONAL;PE-3N;-7.187174;DESPEJADO;RURAL;TRAMO RECTO;INCLINADA;ASFALTADA;NULL;NULL;NULL;NULL;IMPRUDENCIA DEL CONDUCTOR;EXCESO DE VELOCIDAD;Carretera Longitudinal de la Sierra Norte;7/12/2023;-78.356803
A-2023-12-93;50:00.0;ATROPELLO;1;1;NULL;LIMA;LIMA;VILLA EL SALVADOR;RURAL;CARRETERA;NACIONAL;PE-1S;-12.229058;DESPEJADO;INDUSTRIAL;TRAMO RECTO;PLANA ;ASFALTADA;NO;NULL;NULL;SI;EN PROCESO DE INVESTIGACIÓN;NO CUENTA CON CAUSA ESPECIFICA;Carretera Panamericana Sur;7/12/2023;-76.968159
A-2023-12-10;30:00.0;CHOQUE;1;1;3;ICA;ICA;LOS AQUIJES;RURAL;CARRETERA;PROVINCIAL;IC-653;-14.097978;DESPEJADO;RURAL;TRAMO RECTO;PLANA ;ASFALTADA;NULL;NULL;NULL;NULL;EN PROCESO DE INVESTIGACIÓN;NO CUENTA CON CAUSA ESPECIFICA;El Rosario;8/12/2023;-75.683758
A-2023-12-54;04:00.0;ATROPELLO;1;0;1;TACNA;TACNA;CORONEL GREGORIO ALBARRACIN LANCHIPA;URBANA;AVENIDA;URBANO;NO CORRESPONDE;-18.05367;DESPEJADO;RESIDENCIAL;TRAMO RECTO;PLANA ;ASFALTADA;NULL;NULL;NULL;NULL;IMPRUDENCIA DEL CONDUCTOR;CONDUCIR EN ESTADO DE EBRIEDAD Y/O DROGADICCIÓN;Avenida Raúl Porras Barrenechea;8/12/2023;-70.242646
A-2023-12-94;15:00.0;CHOQUE;1;0;NULL;LIMA;LIMA;LOS OLIVOS;URBANA;CARRETERA;NACIONAL;PE-1N;-11.97016;DESPEJADO;INDUSTRIAL;TRAMO RECTO;PLANA ;ASFALTADA;NULL;NULL;NULL;NULL;EN PROCESO DE INVESTIGACIÓN;NO CUENTA CON CAUSA ESPECIFICA;Avenida Panamericana Norte;8/12/2023;-77.067188
A-2023-12-75;00:00.0;DESPISTE;5;1;1;AREQUIPA;CAYLLOMA;YANQUE;RURAL;CARRETERA;DEPARTAMENTAL;AR-109;-15.650821;DESPEJADO;RURAL;TRAMO RECTO;INCLINADA;ASFALTADA;NO;NULL;NULL;SI;EN PROCESO DE INVESTIGACIÓN;NO CUENTA CON CAUSA ESPECIFICA;Carretera al Colca;8/12/2023;-71.641526
A-2023-12-96;20:00.0;ATROPELLO FUGA;1;0;NULL;LIMA;LIMA;CARABAYLLO;URBANA;AVENIDA;URBANO;NO CORRESPONDE;-11.875339;DESPEJADO;COMERCIAL;TRAMO RECTO;PLANA ;ASFALTADA;NULL;NULL;NULL;NULL;EN PROCESO DE INVESTIGACIÓN;NO CUENTA CON CAUSA ESPECIFICA;Avenida Universitaria;9/12/2023;-77.024592
A-2023-12-159;30:00.0;CHOQUE;1;0;2;PUNO;LAMPA;PUCARA;RURAL;CARRETERA;NACIONAL;PE-3S;-15.096223;DESPEJADO;RURAL;TRAMO RECTO;PLANA ;ASFALTADA;NULL;NULL;NULL;NULL;IMPRUDENCIA DEL CONDUCTOR;CONDUCIR EN ESTADO DE EBRIEDAD Y/O DROGADICCIÓN;Carretera Longitudinal de la Sierra Sur;9/12/2023;-70.355882