CÓDIGO SINIESTRO;HORA SINIESTRO;CLASE SINIESTRO;CANTIDAD DE FALLECIDOS;CANTIDAD DE LESIONADOS;CANTIDAD DE VEHICULOS DAÑADOS;DEPARTAMENTO;PROVINCIA;DISTRITO;ZONA;TIPO DE VÍA;RED VIAL;COD CARRETERA;COORDENADAS LATITUD;CONDICIÓN CLIMÁTICA;ZONIFICACIÓN;CARACTERÍSTICAS DE VÍA;PERFIL LONGITUDINAL VÍA;SUPERFICIE DE CALZADA;¿EXISTE SEÑAL VERTICAL?;CLASIFICACIÓN DE LA SEÑAL VERTICAL Nº 1;CLASIFICACIÓN DE LA SEÑAL VERTICAL Nº 2;¿EXISTE SEÑAL HORIZONTAL?;CAUSA FACTOR PRINCIPAL;CAUSA ESPECÍFICA;UBICACION;FECHA SINIESTRO;COORDENADAS LONGITUD
A-2023-12-14;05:00.0;CHOQUE;1;0;2;AMAZONAS;RODRIGUEZ DE MENDOZA;SAN NICOLAS;RURAL;CARRETERA;NACIONAL;PE-08B;-6.395578;DESPEJADO;RURAL;INTERSECCIÓN;INCLINADA;CONCRETO;NO;NULL;NULL;SI;EN PROCESO DE INVESTIGACIÓN;NO CUENTA CON CAUSA ESPECIFICA;Jirón Alonso de Alvarado;9/12/2023;-77.479176
A-2023-12-85;35:00.0;CHOQUE;1;1;NULL;PIURA;HUANCABAMBA;CANCHAQUE;RURAL;CARRETERA;NACIONAL;PE-02A;-5.389598;DESPEJADO;RURAL;TRAMO RECTO;PLANA ;ASFALTADA;NULL;NULL;NULL;NULL;EN PROCESO DE INVESTIGACIÓN;NO CUENTA CON CAUSA ESPECIFICA;PE-02A;9/12/2023;-79.609396
A-2023-12-133;20:00.0;CHOQUE;2;17;2;TACNA;TACNA;SAMA;RURAL;CARRETERA;NACIONAL;PE-1S;-17.788869;DESPEJADO;RURAL;TRAMO RECTO;PLANA ;ASFALTADA;NULL;NULL;NULL;NULL;IMPRUDENCIA DEL CONDUCTOR;CONDUCIR EN ESTADO DE EBRIEDAD Y/O DROGADICCIÓN;Carretera Panamericana Sur;9/12/2023;-70.666925
A-2023-12-154;40:00.0;CHOQUE;1;0;2;PUNO;AZANGARO;AZANGARO;RURAL;CARRETERA;DEPARTAMENTAL;PU-113;-14.92251;DESPEJADO;RURAL;TRAMO RECTO;PLANA ;ASFALTADA;NULL;NULL;NULL;NULL;IMPRUDENCIA DEL CONDUCTOR;EXCESO DE VELOCIDAD;PU-113;9/12/2023;-70.183183
A-2023-12-97;55:00.0;ATROPELLO;1;0;NULL;LIMA;LIMA;LOS OLIVOS;URBANA;AVENIDA;URBANO;NO CORRESPONDE;-11.990637;DESPEJADO;COMERCIAL;TRAMO RECTO;PLANA ;ASFALTADA;NULL;NULL;NULL;NULL;EN PROCESO DE INVESTIGACIÓN;NO CUENTA CON CAUSA ESPECIFICA;Avenida Las Palmeras;9/12/2023;-77.071753
A-2023-12-83;20:00.0;CHOQUE;1;1;NULL;PIURA;HUANCABAMBA;CANCHAQUE;RURAL;CARRETERA;NACIONAL;PE-02A;-5.389854;DESPEJADO;RURAL;TRAMO RECTO;PLANA ;ASFALTADA;NULL;NULL;NULL;NULL;IMPRUDENCIA DEL CONDUCTOR;INVASIÓN DE CARRIL;PE-02A;10/12/2023;-79.59949
A-2023-12-61;00:00.0;CHOQUE;1;0;NULL;JUNIN;YAULI;MOROCOCHA;RURAL;CARRETERA;NACIONAL;PE-22;-11.594118;LLUVIOSO;RURAL;CURVA;PLANA ;ASFALTADA;NO;NULL;NULL;SI;EN PROCESO DE INVESTIGACIÓN;NO CUENTA CON CAUSA ESPECIFICA;Carretera Central;10/12/2023;-76.092812
A-2023-12-41;00:00.0;CHOQUE;1;1;2;LA LIBERTAD;VIRU;GUADALUPITO;RURAL;CARRETERA;NACIONAL;PE-1N;-8.69736;DESPEJADO;RURAL;TRAMO RECTO;PLANA ;ASFALTADA;NULL;NULL;NULL;NULL;IMPRUDENCIA DEL CONDUCTOR;OTRO (IMPRUDENCIA DEL CONDUCTOR);Panamericana Norte;10/12/2023;-78.638
A-2023-12-19;30:00.0;CHOQUE;1;1;2;CUSCO;CHUMBIVILCAS;QUIÑOTA;RURAL;CARRETERA;NACIONAL;PE-3SG;-14.298914;LLUVIOSO;RURAL;CURVA;INCLINADA;ASFALTADA;SI;PREVENTIVA (P);NULL;SI;NEGLIGENCIA DEL CONDUCTOR;OTRO (NEGLIGENCIA DEL CONDUCTOR);PE-3SG;10/12/2023;-72.139453
A-2023-12-131;00:00.0;DESPISTE;1;2;1;TACNA;TACNA;CORONEL GREGORIO ALBARRACIN LANCHIPA;RURAL;CARRETERA;SIN CLASIFICAR;SIN CLASIFICAR;-18.103728;DESPEJADO;RURAL;CURVA;INCLINADA;TROCHA;NULL;NULL;NULL;NULL;IMPRUDENCIA DEL CONDUCTOR;CONDUCIR EN ESTADO DE EBRIEDAD Y/O DROGADICCIÓN;Chastudal;10/12/2023;-70.257703
A-2023-12-98;40:00.0;ATROPELLO;1;0;NULL;LIMA;LIMA;LIMA;URBANA;AVENIDA;URBANO;NO CORRESPONDE;-12.036368;DESPEJADO;COMERCIAL;INTERSECCIÓN;PLANA ;ASFALTADA;NO;NULL;NULL;SI;EN PROCESO DE INVESTIGACIÓN;NO CUENTA CON CAUSA ESPECIFICA;Los Libertadores;10/12/2023;-77.059542
A-2023-12-20;20:00.0;CAÍDA DE PASAJERO;1;0;NULL;CUSCO;ANTA;ANTA;URBANA;CARRETERA;NACIONAL;PE-3S;-13.462805;DESPEJADO;COMERCIAL;TRAMO RECTO;PLANA ;ASFALTADA;SI;REGULADORA (R);NULL;SI;IMPRUDENCIA DEL CONDUCTOR;CONDUCIR EN ESTADO DE EBRIEDAD Y/O DROGADICCIÓN;Avenida Jaquijahuana;10/12/2023;-72.148157
A-2023-12-170;30:00.0;CHOQUE CON OBJETO FIJO;1;1;1;CAJAMARCA;JAEN;JAEN;RURAL;CARRETERA;NACIONAL;PE-04C;-5.887664;DESPEJADO;RURAL;CURVA;PLANA ;ASFALTADA;NULL;NULL;NULL;NULL;IMPRUDENCIA DEL CONDUCTOR;EXCESO DE VELOCIDAD;Carretera Presidente Fernando Belaúnde Terry;11/12/2023;-78.82835
A-2023-12-99;30:00.0;ATROPELLO;1;0;NULL;LIMA;LIMA;LOS OLIVOS;URBANA;AVENIDA;URBANO;NO CORRESPONDE;-11.961251;DESPEJADO;COMERCIAL;CURVA;PLANA ;ASFALTADA;NULL;NULL;NULL;NULL;EN PROCESO DE INVESTIGACIÓN;NO CUENTA CON CAUSA ESPECIFICA;Avenida Los Próceres de Huandoy;11/12/2023;-77.076348
A-2023-12-141;30:00.0;DESPISTE;1;0;1;PUNO;SAN ANTONIO DE PUTINA;SINA;RURAL;CARRETERA;PROVINCIAL;PU-597;-14.5983;DESPEJADO;RURAL;TRAMO RECTO;PLANA ;TROCHA;NULL;NULL;NULL;NULL;IMPRUDENCIA DEL CONDUCTOR;OTRO (IMPRUDENCIA DEL CONDUCTOR);PU-597;11/12/2023;-69.275308
A-2023-12-74;00:00.0;DESPISTE;1;1;1;AREQUIPA;AREQUIPA;YURA;RURAL;CARRETERA;PROVINCIAL;AR-706;-16.24224;DESPEJADO;RURAL;TRAMO RECTO;INCLINADA;TROCHA;NULL;NULL;NULL;NULL;EN PROCESO DE INVESTIGACIÓN;NO CUENTA CON CAUSA ESPECIFICA;AR-539;11/12/2023;-71.738126
A-2023-12-100;20:00.0;ATROPELLO;1;0;NULL;LIMA;LIMA;COMAS;URBANA;AVENIDA;URBANO;NO CORRESPONDE;-11.940116;DESPEJADO;COMERCIAL;INTERSECCIÓN;PLANA ;ASFALTADA;SI;PREVENTIVA (P);INFORMATIVA (I);NO;EN PROCESO DE INVESTIGACIÓN;NO CUENTA CON CAUSA ESPECIFICA;Avenida Universitaria;11/12/2023;-77.059543
A-2023-12-155;00:00.0;VOLCADURA;1;1;1;PUNO;CARABAYA;MACUSANI;RURAL;CARRETERA;NACIONAL;PE-34B;-14.055368;DESPEJADO;RURAL;TRAMO RECTO;PLANA ;ASFALTADA;NULL;NULL;NULL;NULL;IMPRUDENCIA DEL CONDUCTOR;EXCESO DE VELOCIDAD;Carretera Interoceánica Puno - Madre de Dios;12/12/2023;-70.439433
A-2023-12-24;30:00.0;FERROVIARIO;1;0;NULL;CUSCO;CUSCO;CUSCO;URBANA;OTRO;URBANO;NO CORRESPONDE;-13.503478;LLUVIOSO;RESIDENCIAL;TRAMO RECTO;PLANA ;CASCAJO/RIPIO;NULL;NULL;NULL;NULL;IMPRUDENCIA DEL PEATÓN;CRUCE INDEBIDO POR LA CALZADA;Carretera Longitudinal de la Sierra Sur;12/12/2023;-72.023305
A-2023-12-78;00:00.0;DESPISTE;1;1;1;LIMA;HUAURA;SAYAN;RURAL;CARRETERA;NACIONAL;PE-18;-11.16081;SOLEADO;RURAL;TRAMO RECTO;PLANA ;ASFALTADA;NULL;NULL;NULL;NULL;EN PROCESO DE INVESTIGACIÓN;NO CUENTA CON CAUSA ESPECIFICA;Carretera Huaral - Sayán;12/12/2023;-77.30128
A-2023-12-101;00:00.0;ATROPELLO;1;0;NULL;LIMA;LIMA;VILLA MARIA DEL TRIUNFO;URBANA;AVENIDA;URBANO;NO CORRESPONDE;-12.142896;DESPEJADO;RESIDENCIAL;TRAMO RECTO;INCLINADA;ASFALTADA;NULL;NULL;NULL;NULL;EN PROCESO DE INVESTIGACIÓN;NO CUENTA CON CAUSA ESPECIFICA;Avenida Simón Bolívar;12/12/2023;-76.953884
A-2023-12-42;00:00.0;CHOQUE;1;1;2;LA LIBERTAD;VIRU;CHAO;RURAL;CARRETERA;NACIONAL;PE-1N;-8.540948;DESPEJADO;RURAL;TRAMO RECTO;PLANA ;ASFALTADA;NULL;NULL;NULL;NULL;IMPRUDENCIA DEL CONDUCTOR;OTRO (IMPRUDENCIA DEL CONDUCTOR);Carretera Panamericana Norte;12/12/2023;-78.675924
A-2023-12-134;10:00.0;ATROPELLO FUGA;1;0;0;TACNA;TACNA;SAMA;RURAL;CARRETERA;NACIONAL;PE-1S;-17.878578;DESPEJADO;RURAL;TRAMO RECTO;PLANA ;ASFALTADA;NULL;NULL;NULL;NULL;EN PROCESO DE INVESTIGACIÓN;NO CUENTA CON CAUSA ESPECIFICA;Carretera Panamericana Sur;12/12/2023;-70.447866
A-2023-12-152;10:00.0;DESPISTE;1;1;1;PUNO;CARABAYA;CRUCERO;RURAL;CARRETERA;NACIONAL;PE-34K;-14.352796;DESPEJADO;RURAL;TRAMO RECTO;PLANA ;ASFALTADA;NULL;NULL;NULL;NULL;IMPRUDENCIA DEL CONDUCTOR;EXCESO DE VELOCIDAD;PE-34K;13/12/2023;-70.081775
A-2023-12-129;30:00.0;CHOQUE;3;0;2;TACNA;JORGE BASADRE;ITE;RURAL;CARRETERA;NACIONAL;PE-1SD;-17.877327;DESPEJADO;RURAL;TRAMO RECTO;PLANA ;ASFALTADA;NULL;NULL;NULL;NULL;IMPRUDENCIA DEL CONDUCTOR;OTRO (IMPRUDENCIA DEL CONDUCTOR);Carretera Costanera Sur;13/12/2023;-71.020774
A-2023-12-62;00:00.0;CHOQUE;1;2;NULL;JUNIN;JUNIN;JUNIN;RURAL;CARRETERA;NACIONAL;PE-3N;-11.214821;NULL;NULL;NULL;NULL;NULL;NULL;NULL;NULL;NULL;EN PROCESO DE INVESTIGACIÓN;NO CUENTA CON CAUSA ESPECIFICA;Carretera Longitudinal de la Sierra Norte;14/12/2023;-75.94862
A-2023-12-103;45:00.0;CHOQUE;2;1;NULL;LIMA;LIMA;SAN BARTOLO;RURAL;CARRETERA;NACIONAL;PE-1S;-12.393781;DESPEJADO;RURAL;TRAMO RECTO;INCLINADA;ASFALTADA;NULL;NULL;NULL;NULL;EN PROCESO DE INVESTIGACIÓN;NO CUENTA CON CAUSA ESPECIFICA;Carretera Panamericana Sur;14/12/2023;-76.761351
A-2023-12-102;30:00.0;DESPISTE;3;8;NULL;LIMA;LIMA;LURIN;RURAL;CARRETERA;NACIONAL;PE-1S;-12.251733;DESPEJADO;INDUSTRIAL;TRAMO RECTO;PLANA ;ASFALTADA;NULL;NULL;NULL;NULL;EN PROCESO DE INVESTIGACIÓN;NO CUENTA CON CAUSA ESPECIFICA;Carretera Panamericana Sur;14/12/2023;-76.92881
A-2023-12-124;43:00.0;CHOQUE;1;0;2;AYACUCHO;HUAMANGA;SAN JUAN BAUTISTA;URBANA;AVENIDA;URBANO;NO CORRESPONDE;-13.174876;DESPEJADO;RESIDENCIAL;TRAMO RECTO;INCLINADA;ASFALTADA;NULL;NULL;NULL;NULL;IMPRUDENCIA DEL CONDUCTOR;CONDUCIR EN ESTADO DE EBRIEDAD Y/O DROGADICCIÓN;Avenida Javier Heraud;14/12/2023;-74.196616
A-2023-12-73;30:00.0;CHOQUE;6;0;2;AREQUIPA;CAYLLOMA;SAN ANTONIO DE CHUCA;RURAL;CARRETERA;NACIONAL;PE-34A;-15.811953;DESPEJADO;RURAL;TRAMO RECTO;PLANA ;ASFALTADA;NO;NULL;NULL;SI;EN PROCESO DE INVESTIGACIÓN;NO CUENTA CON CAUSA ESPECIFICA;Vía Interoceánica Sur - Tramo 5;14/12/2023;-71.063505
A-2023-12-63;30:00.0;DESPISTE;1;0;NULL;JUNIN;CHUPACA;TRES DE DICIEMBRE;URBANA;AVENIDA;URBANO;NO CORRESPONDE;-12.113453;LLUVIOSO;RESIDENCIAL;TRAMO RECTO;PLANA ;ASFALTADA;NULL;NULL;NULL;NULL;EN PROCESO DE INVESTIGACIÓN;NO CUENTA CON CAUSA ESPECIFICA;Avenida Progreso;14/12/2023;-75.245291
A-2023-12-125;30:00.0;VOLCADURA;1;0;1;AYACUCHO;HUAMANGA;AYACUCHO;RURAL;CARRETERA;PROVINCIAL;AY-780;-13.110492;DESPEJADO;RURAL;SINUOSA;INCLINADA;AFIRMADO;NULL;NULL;NULL;NULL;IMPRUDENCIA DEL CONDUCTOR;OTRO (IMPRUDENCIA DEL CONDUCTOR);AY-780;15/12/2023;-74.226514
A-2023-12-27;00:00.0;DESPISTE;1;0;NULL;APURIMAC;COTABAMBAS;COTABAMBAS;RURAL;CARRETERA;NACIONAL;PE-3SF;-13.690022;DESPEJADO;RURAL;SINUOSA;INCLINADA;AFIRMADO;NULL;NULL;NULL;NULL;IMPRUDENCIA DEL CONDUCTOR;CONDUCIR EN ESTADO DE EBRIEDAD Y/O DROGADICCIÓN;PE-3SF;15/12/2023;-72.335686
A-2023-12-5;30:00.0;CHOQUE FUGA;1;1;1;SAN MARTIN;RIOJA;AWAJUN;URBANA;CARRETERA;NACIONAL;PE-5N;-5.815621;LLUVIOSO;COMERCIAL;TRAMO RECTO;PLANA ;ASFALTADA;NULL;NULL;NULL;NULL;EN PROCESO DE INVESTIGACIÓN;NO CUENTA CON CAUSA ESPECIFICA;Carretera Presidente Fernando Belaúnde Terry;16/12/2023;-77.386
A-2023-12-64;20:00.0;ATROPELLO;1;0;NULL;JUNIN;JUNIN;JUNIN;RURAL;CARRETERA;NACIONAL;PE-3N;-11.182071;DESPEJADO;RURAL;TRAMO RECTO;PLANA ;ASFALTADA;NO;NULL;NULL;SI;EN PROCESO DE INVESTIGACIÓN;NO CUENTA CON CAUSA ESPECIFICA;Carretera Longitudinal de la Sierra Norte;16/12/2023;-75.975263
A-2023-12-72;00:00.0;VOLCADURA;1;0;1;AREQUIPA;CAYLLOMA;MAJES;RURAL;CALLE;URBANO;NO CORRESPONDE;-16.356588;DESPEJADO;RESIDENCIAL;CURVA;PLANA ;ASFALTADA;NULL;NULL;NULL;NULL;EN PROCESO DE INVESTIGACIÓN;NO CUENTA CON CAUSA ESPECIFICA;Calle Sabandía;17/12/2023;-72.197789
A-2023-12-4;00:00.0;DESPISTE;1;0;1;TUMBES;ZARUMILLA;AGUAS VERDES;URBANA;CARRETERA;NACIONAL;PE-1NO;-3.487612;DESPEJADO;RURAL;TRAMO RECTO;PLANA ;CONCRETO;NULL;NULL;NULL;NULL;IMPRUDENCIA DEL CONDUCTOR;CONDUCIR EN ESTADO DE EBRIEDAD Y/O DROGADICCIÓN;Carretera Panamericana Norte;17/12/2023;-80.262036
A-2023-12-104;00:00.0;DESPISTE;1;0;NULL;LIMA;LIMA;SAN JUAN DE LURIGANCHO;URBANA;AUTOPISTA;URBANO;NO CORRESPONDE;-12.020571;DESPEJADO;COMERCIAL;INTERSECCIÓN;INCLINADA;ASFALTADA;NULL;NULL;NULL;NULL;EN PROCESO DE INVESTIGACIÓN;NO CUENTA CON CAUSA ESPECIFICA;Calle Los Alamos;17/12/2023;-76.957906
A-2023-12-79;30:00.0;ATROPELLO FUGA;1;0;1;LIMA;HUAURA;HUACHO;RURAL;CARRETERA;NACIONAL;PE-1N;-11.390197;DESPEJADO;RURAL;TRAMO RECTO;PLANA ;ASFALTADA;NULL;NULL;NULL;NULL;EN PROCESO DE INVESTIGACIÓN;NO CUENTA CON CAUSA ESPECIFICA;Carretera Panamericana Norte;17/12/2023;-77.427537
A-2023-12-43;10:00.0;DESPISTE;1;0;1;LA LIBERTAD;TRUJILLO;EL PORVENIR;URBANA;CARRETERA;PROVINCIAL;LI-733;-8.087072;DESPEJADO;RURAL;TRAMO RECTO;PLANA ;ASFALTADA;NULL;NULL;NULL;NULL;EN PROCESO DE INVESTIGACIÓN;NO CUENTA CON CAUSA ESPECIFICA;Avenida Pumacahua;17/12/2023;-78.991273
A-2023-12-126;20:00.0;ATROPELLO;1;0;0;AYACUCHO;HUANTA;HUANTA;URBANA;OTRO;URBANO;NO CORRESPONDE;-12.935726;DESPEJADO;RESIDENCIAL;OTRO;PLANA ;EMPEDRADO;NULL;NULL;NULL;NULL;IMPRUDENCIA DEL CONDUCTOR;OTRO (IMPRUDENCIA DEL CONDUCTOR);Piscotuna;17/12/2023;-74.260759
A-2023-12-9;30:00.0;CHOQUE;1;0;2;ICA;CHINCHA;CHINCHA BAJA;URBANA;CARRETERA;DEPARTAMENTAL;IC-102;-13.45991;DESPEJADO;RESIDENCIAL;TRAMO RECTO;PLANA ;ASFALTADA;NULL;NULL;NULL;NULL;EN PROCESO DE INVESTIGACIÓN;NO CUENTA CON CAUSA ESPECIFICA;IC-102;17/12/2023;-76.170285
A-2023-12-26;40:00.0;DESPISTE;1;0;NULL;CUSCO;CALCA;LARES;RURAL;CARRETERA;DEPARTAMENTAL;CU-105;-13.02482;DESPEJADO;RURAL;CURVA;PLANA ;AFIRMADO;NULL;NULL;NULL;NULL;IMPRUDENCIA DEL CONDUCTOR;FATIGA Y/O CANSANCIO;CU-105;17/12/2023;-71.98756
A-2023-12-173;00:00.0;DESPISTE;1;0;1;CAJAMARCA;CELENDIN;SUCRE;RURAL;CARRETERA;PROVINCIAL;CA-1537;-7.024679;DESPEJADO;RESIDENCIAL;CURVA;INCLINADA;AFIRMADO;NULL;NULL;NULL;NULL;IMPRUDENCIA DEL CONDUCTOR;OTRO (IMPRUDENCIA DEL CONDUCTOR);CA-1537;18/12/2023;-78.187867
A-2023-12-105;30:00.0;CHOQUE;2;0;NULL;LIMA;LIMA;LIMA;URBANA;JIRÓN;URBANO;NO CORRESPONDE;-12.079372;DESPEJADO;RESIDENCIAL;INTERSECCIÓN;PLANA ;ASFALTADA;NO;NULL;NULL;SI;EN PROCESO DE INVESTIGACIÓN;NO CUENTA CON CAUSA ESPECIFICA;Jirón Montero Rosas;18/12/2023;-77.033244
A-2023-12-157;00:00.0;ATROPELLO;1;0;1;PUNO;AZANGARO;ASILLO;RURAL;CARRETERA;NACIONAL;PE-34B;-14.647565;DESPEJADO;RURAL;TRAMO RECTO;PLANA ;ASFALTADA;NULL;NULL;NULL;NULL;IMPRUDENCIA DEL CONDUCTOR;EXCESO DE VELOCIDAD;Carretera Interoceánica Puno - Madre de Dios;18/12/2023;-70.368851
A-2023-12-107;00:00.0;CHOQUE;1;0;NULL;LIMA;LIMA;PUEBLO LIBRE;URBANA;AVENIDA;URBANO;NO CORRESPONDE;-12.083087;DESPEJADO;COMERCIAL;INTERSECCIÓN;PLANA ;ASFALTADA;SI;REGULADORA (R);INFORMATIVA (I);SI;EN PROCESO DE INVESTIGACIÓN;NO CUENTA CON CAUSA ESPECIFICA;Avenida Antonio José de Sucre;18/12/2023;-77.067185
A-2023-12-6;30:00.0;CAÍDA DE PASAJERO;1;0;NULL;APURIMAC;ANDAHUAYLAS;SANTA MARIA DE CHICMO;RURAL;CARRETERA;NACIONAL;PE-3S;-13.60984;NUBLADO;RURAL;TRAMO RECTO;PLANA ;TROCHA;NULL;NULL;NULL;NULL;IMPRUDENCIA DEL PASAJERO/OCUPANTE;PASAJEROS FUERA DE LA CARROCERÍA;Carretera Longitudinal de la Sierra Sur;18/12/2023;-73.574356
A-2023-12-106;15:00.0;ATROPELLO;1;0;NULL;LIMA;LIMA;SAN MARTIN DE PORRES;URBANA;AVENIDA;URBANO;NO CORRESPONDE;-12.003908;DESPEJADO;COMERCIAL;TRAMO RECTO;PLANA ;ASFALTADA;SI;PREVENTIVA (P);NULL;NO;EN PROCESO DE INVESTIGACIÓN;NO CUENTA CON CAUSA ESPECIFICA;Avenida Universitaria;18/12/2023;-77.083178
A-2023-12-80;45:00.0;CHOQUE;1;0;2;LIMA;HUAURA;VEGUETA;URBANA;CARRETERA;PROVINCIAL;LM-551;-11.010622;DESPEJADO;RESIDENCIAL;INTERSECCIÓN;PLANA ;AFIRMADO;NULL;NULL;NULL;NULL;IMPRUDENCIA DEL CONDUCTOR;NO ESTABLECER EL DERECHO DE PASO;La Muralla;19/12/2023;-77.579843
A-2023-12-108;00:00.0;ATROPELLO;1;0;NULL;LIMA;LIMA;SAN JUAN DE MIRAFLORES;URBANA;AVENIDA;URBANO;NO CORRESPONDE;-12.164657;DESPEJADO;COMERCIAL;INTERSECCIÓN;PLANA ;ASFALTADA;NULL;NULL;NULL;NULL;EN PROCESO DE INVESTIGACIÓN;NO CUENTA CON CAUSA ESPECIFICA;Avenida Ramón Vargas Machuca;19/12/2023;-76.969219
A-2023-12-15;50:00.0;DESPISTE;1;1;1;HUANCAVELICA;HUANCAVELICA;HUANCAVELICA;RURAL;CARRETERA;NACIONAL;PE-26;-12.831734;LLUVIOSO;RURAL;TRAMO RECTO;PLANA ;ASFALTADA;NULL;NULL;NULL;NULL;EN PROCESO DE INVESTIGACIÓN;NO CUENTA CON CAUSA ESPECIFICA;Carretera Chincha - Huancavelica;21/12/2023;-75.083908
A-2023-12-31;47:00.0;ATROPELLO;1;1;1;CUSCO;CUSCO;SANTIAGO;URBANA;CARRETERA;DEPARTAMENTAL;CU-117;-13.550387;SOLEADO;RURAL;TRAMO RECTO;INCLINADA;AFIRMADO;NULL;NULL;NULL;NULL;EN PROCESO DE INVESTIGACIÓN;NO CUENTA CON CAUSA ESPECIFICA;CU-117;21/12/2023;-71.986629
A-2023-12-151;35:00.0;CHOQUE;3;1;2;PUNO;LAMPA;SANTA LUCIA;RURAL;CARRETERA;NACIONAL;PE-34A;-15.693221;DESPEJADO;RURAL;TRAMO RECTO;INCLINADA;ASFALTADA;NULL;NULL;NULL;NULL;IMPRUDENCIA DEL CONDUCTOR;INVASIÓN DE CARRIL;Vía Interoceánica Sur - Tramo 5;22/12/2023;-70.813807
A-2023-12-189;20:00.0;ATROPELLO;1;0;NULL;MOQUEGUA;ILO;ILO;URBANA;CARRETERA;NACIONAL;PE-1SD;-17.642136;NULL;NULL;NULL;NULL;NULL;NULL;NULL;NULL;NULL;EN PROCESO DE INVESTIGACIÓN;NO CUENTA CON CAUSA ESPECIFICA;Avenida Andrés Avelino Cáceres;22/12/2023;-71.338513
A-2023-12-109;45:00.0;ATROPELLO;1;0;NULL;LIMA;LIMA;LIMA;URBANA;AVENIDA;URBANO;NO CORRESPONDE;-12.055527;DESPEJADO;RESIDENCIAL;TRAMO RECTO;PLANA ;ASFALTADA;SI;REGULADORA (R);NULL;NO;EN PROCESO DE INVESTIGACIÓN;NO CUENTA CON CAUSA ESPECIFICA;Avenida Carlos Germán Amezaga;22/12/2023;-77.081579
A-2023-12-172;15:00.0;ATROPELLO FUGA;1;0;1;CAJAMARCA;CHOTA;CHOTA;RURAL;CARRETERA;NACIONAL;PE-3N;-6.546779;DESPEJADO;RURAL;TRAMO RECTO;PLANA ;ASFALTADA;NULL;NULL;NULL;NULL;IMPRUDENCIA DEL CONDUCTOR;OTRO (IMPRUDENCIA DEL CONDUCTOR);Carretera Longitudinal de la Sierra Norte;22/12/2023;-78.678928
A-2023-12-190;00:00.0;DESPISTE;1;1;NULL;MOQUEGUA;MARISCAL NIETO;MOQUEGUA;RURAL;CARRETERA;DEPARTAMENTAL;MO-107;-17.48481;NULL;NULL;NULL;NULL;NULL;NULL;NULL;NULL;NULL;EN PROCESO DE INVESTIGACIÓN;NO CUENTA CON CAUSA ESPECIFICA;Carretera Camiara - Toquepala;22/12/2023;-70.841693
A-2023-12-156;30:00.0;ATROPELLO FUGA;1;0;NULL;PUNO;HUANCANE;HUANCANE;RURAL;CARRETERA;NACIONAL;PE-34H;-15.201596;DESPEJADO;RURAL;TRAMO RECTO;PLANA ;ASFALTADA;NULL;NULL;NULL;NULL;EN PROCESO DE INVESTIGACIÓN;NO CUENTA CON CAUSA ESPECIFICA;PE-34H;22/12/2023;-69.828841
A-2023-12-110;30:00.0;ATROPELLO FUGA;1;0;NULL;LIMA;LIMA;INDEPENDENCIA;URBANA;CARRETERA;NACIONAL;PE-1N;-11.998718;DESPEJADO;COMERCIAL;TRAMO RECTO;PLANA ;ASFALTADA;SI;INFORMATIVA (I);NULL;SI;EN PROCESO DE INVESTIGACIÓN;NO CUENTA CON CAUSA ESPECIFICA;Carretera Panamericana Norte;23/12/2023;-77.062731
A-2023-12-174;21:00.0;DESPISTE;1;0;1;CAJAMARCA;CAJAMARCA;ENCAÑADA;RURAL;CARRETERA;NACIONAL;PE-08B;-7.109593;DESPEJADO;RURAL;TRAMO RECTO;PLANA ;ASFALTADA;NO;NULL;NULL;SI;IMPRUDENCIA DEL CONDUCTOR;CONDUCIR EN ESTADO DE EBRIEDAD Y/O DROGADICCIÓN;Carretera Baños del Inca - Encañada;23/12/2023;-78.327777
A-2023-12-65;45:00.0;ATROPELLO;1;0;NULL;JUNIN;HUANCAYO;EL TAMBO;URBANA;AVENIDA;URBANO;NO CORRESPONDE;-12.062483;DESPEJADO;RESIDENCIAL;INTERSECCIÓN;PLANA ;ASFALTADA;SI;PREVENTIVA (P);NULL;SI;EN PROCESO DE INVESTIGACIÓN;NO CUENTA CON CAUSA ESPECIFICA;Avenida Las Colinas;23/12/2023;-75.226161
A-2023-12-111;30:00.0;ATROPELLO;1;0;NULL;LIMA;LIMA;SANTA ANITA;URBANA;AVENIDA;URBANO;NO CORRESPONDE;-12.04497;DESPEJADO;COMERCIAL;INTERSECCIÓN;PLANA ;ASFALTADA;NO;NULL;NULL;SI;EN PROCESO DE INVESTIGACIÓN;NO CUENTA CON CAUSA ESPECIFICA;Avenida Los Eucaliptos;23/12/2023;-76.974182
A-2023-12-71;50:00.0;CHOQUE;1;1;2;AREQUIPA;AREQUIPA;CERRO COLORADO;URBANA;CALLE;URBANO;NO CORRESPONDE;-16.320154;DESPEJADO;RESIDENCIAL;INTERSECCIÓN;INCLINADA;ASFALTADA;NULL;NULL;NULL;NULL;EN PROCESO DE INVESTIGACIÓN;NO CUENTA CON CAUSA ESPECIFICA;Avenida Municipal;23/12/2023;-71.591555