CÓDIGO SINIESTRO;HORA SINIESTRO;CLASE SINIESTRO;CANTIDAD DE FALLECIDOS;CANTIDAD DE LESIONADOS;CANTIDAD DE VEHICULOS DAÑADOS;DEPARTAMENTO;PROVINCIA;DISTRITO;ZONA;TIPO DE VÍA;RED VIAL;COD CARRETERA;COORDENADAS LATITUD;CONDICIÓN CLIMÁTICA;ZONIFICACIÓN;CARACTERÍSTICAS DE VÍA;PERFIL LONGITUDINAL VÍA;SUPERFICIE DE CALZADA;¿EXISTE SEÑAL VERTICAL?;CLASIFICACIÓN DE LA SEÑAL VERTICAL Nº 1;CLASIFICACIÓN DE LA SEÑAL VERTICAL Nº 2;¿EXISTE SEÑAL HORIZONTAL?;CAUSA FACTOR PRINCIPAL;CAUSA ESPECÍFICA;UBICACION;FECHA SINIESTRO;COORDENADAS LONGITUD
A-2023-12-21;00:00.0;DESPISTE;1;0;1;CUSCO;CANCHIS;PITUMARCA;RURAL;CARRETERA;SIN CLASIFICAR;SIN CLASIFICAR;-13.978511;DESPEJADO;RURAL;CURVA;PLANA ;AFIRMADO;NULL;NULL;NULL;NULL;IMPRUDENCIA DEL CONDUCTOR;CONDUCIR EN ESTADO DE EBRIEDAD Y/O DROGADICCIÓN;Uchullucllo;23/12/2023;-71.305015
A-2023-12-112;00:00.0;CHOQUE;1;0;NULL;LIMA;LIMA;LURIN;RURAL;CARRETERA;NACIONAL;PE-1S;-12.266209;DESPEJADO;INDUSTRIAL;TRAMO RECTO;PLANA ;ASFALTADA;NULL;NULL;NULL;NULL;EN PROCESO DE INVESTIGACIÓN;NO CUENTA CON CAUSA ESPECIFICA;Carretera Panamericana Sur;23/12/2023;-76.905593
A-2023-12-147;30:00.0;DESPISTE;1;1;NULL;CALLAO;CALLAO;LA PERLA;URBANA;CARRETERA;DEPARTAMENTAL;CL-100;-12.074029;DESPEJADO;COMERCIAL;TRAMO RECTO;PLANA ;ASFALTADA;SI;REGULADORA (R);NULL;SI;IMPRUDENCIA DEL CONDUCTOR;CONDUCIR EN ESTADO DE EBRIEDAD Y/O DROGADICCIÓN;Avenida Costanera;24/12/2023;-77.122524
A-2023-12-55;50:00.0;CHOQUE FUGA;1;1;2;TACNA;TACNA;TACNA;RURAL;CARRETERA;NACIONAL;PE-1SD;-18.101873;DESPEJADO;RURAL;TRAMO RECTO;PLANA ;ASFALTADA;NULL;NULL;NULL;NULL;IMPRUDENCIA DEL CONDUCTOR;CONDUCIR EN ESTADO DE EBRIEDAD Y/O DROGADICCIÓN;Carretera Costanera Sur;24/12/2023;-70.339161
A-2023-12-177;38:00.0;ATROPELLO;1;0;1;CAJAMARCA;JAEN;JAEN;URBANA;CARRETERA;NACIONAL;PE-5N;-5.697833;DESPEJADO;COMERCIAL;TRAMO RECTO;PLANA ;CONCRETO;NULL;NULL;NULL;NULL;IMPRUDENCIA DEL CONDUCTOR;EXCESO DE VELOCIDAD;Avenida Pakamuros;24/12/2023;-78.806743
A-2023-12-70;00:00.0;DESPISTE;1;1;1;AREQUIPA;ISLAY;MEJIA;RURAL;CARRETERA;PROVINCIAL;AR-815;-17.090562;DESPEJADO;RURAL;CURVA;PLANA ;ASFALTADA;SI;PREVENTIVA (P);REGULADORA (R);SI;EN PROCESO DE INVESTIGACIÓN;NO CUENTA CON CAUSA ESPECIFICA;Carretera Costanera Sur;24/12/2023;-71.899891
A-2023-12-44;30:00.0;CHOQUE;1;0;2;LA LIBERTAD;VIRU;VIRU;RURAL;CARRETERA;PROVINCIAL;LI-1122;-8.409478;DESPEJADO;RURAL;TRAMO RECTO;PLANA ;CONCRETO;NULL;NULL;NULL;NULL;EN PROCESO DE INVESTIGACIÓN;NO CUENTA CON CAUSA ESPECIFICA;Victor Raúl;24/12/2023;-78.824517
A-2023-12-66;30:00.0;ATROPELLO FUGA;1;0;NULL;JUNIN;CHUPACA;HUACHAC;RURAL;CARRETERA;PROVINCIAL;JU-877;-12.043075;NUBLADO;RURAL;TRAMO RECTO;PLANA ;ASFALTADA;NO;NULL;NULL;SI;EN PROCESO DE INVESTIGACIÓN;NO CUENTA CON CAUSA ESPECIFICA;Sicaya;25/12/2023;-75.313962
A-2023-12-113;45:00.0;DESPISTE;1;0;NULL;LIMA;LIMA;SANTIAGO DE SURCO;URBANA;JIRÓN;URBANO;NO CORRESPONDE;-12.111643;DESPEJADO;RESIDENCIAL;CURVA;PLANA ;ASFALTADA;NULL;NULL;NULL;NULL;EN PROCESO DE INVESTIGACIÓN;NO CUENTA CON CAUSA ESPECIFICA;Jirón Morro Solar;25/12/2023;-76.978317
A-2023-12-16;00:00.0;DESPISTE;2;0;1;HUANCAVELICA;TAYACAJA;PAZOS;RURAL;CARRETERA;NACIONAL;PE-3SC;-12.251714;NUBLADO;RURAL;TRAMO RECTO;PLANA ;ASFALTADA;NULL;NULL;NULL;NULL;EN PROCESO DE INVESTIGACIÓN;NO CUENTA CON CAUSA ESPECIFICA;PE-3SC;25/12/2023;-75.080438
A-2023-12-45;30:00.0;DESPISTE;1;0;1;LA LIBERTAD;TRUJILLO;TRUJILLO;URBANA;CARRETERA;NACIONAL;PE-1N;-8.138102;DESPEJADO;INDUSTRIAL;TRAMO RECTO;PLANA ;ASFALTADA;NULL;NULL;NULL;NULL;IMPRUDENCIA DEL CONDUCTOR;CONDUCIR EN ESTADO DE EBRIEDAD Y/O DROGADICCIÓN;Panamericana Norte;25/12/2023;-79.015672
A-2023-12-149;50:00.0;DESPISTE;1;0;1;PUNO;SANDIA;SAN PEDRO DE PUTINA PUNCO;RURAL;CARRETERA;NACIONAL;PE-34H;-14.12179;DESPEJADO;RURAL;TRAMO RECTO;PLANA ;ASFALTADA;NULL;NULL;NULL;NULL;IMPRUDENCIA DEL CONDUCTOR;EXCESO DE VELOCIDAD;San Juan del Oro - San Pedro de Putinapunku;25/12/2023;-69.063776
A-2023-12-164;00:00.0;DESPISTE;1;1;1;LIMA;LIMA;ANCON;RURAL;CARRETERA;NACIONAL;PE-1N;-11.691091;DESPEJADO;RURAL;OTRO;PLANA ;ASFALTADA;NULL;NULL;NULL;NULL;EN PROCESO DE INVESTIGACIÓN;NO CUENTA CON CAUSA ESPECIFICA;Carretera Panamericana Norte;25/12/2023;-77.181353
A-2023-12-46;15:00.0;CHOQUE;1;0;2;LA LIBERTAD;ASCOPE;CHICAMA;RURAL;CARRETERA;NACIONAL;PE-1N;-7.860531;DESPEJADO;RURAL;ÓVALO;INCLINADA;ASFALTADA;NULL;NULL;NULL;NULL;IMPRUDENCIA DEL CONDUCTOR;CONDUCIR EN ESTADO DE EBRIEDAD Y/O DROGADICCIÓN;Panamericana Norte;25/12/2023;-79.140639
A-2023-12-34;40:00.0;CHOQUE;1;2;3;TUMBES;CONTRALMIRANTE VILLAR;CANOAS DE PUNTA SAL;URBANA;CARRETERA;NACIONAL;PE-1N;-3.94783;DESPEJADO;COMERCIAL;TRAMO RECTO;PLANA ;ASFALTADA;NULL;NULL;NULL;NULL;IMPRUDENCIA DEL CONDUCTOR;OTRO (IMPRUDENCIA DEL CONDUCTOR);Carretera Panamericana Norte;25/12/2023;-80.944304
A-2023-12-25;30:00.0;ATROPELLO FUGA;1;0;NULL;CUSCO;CANCHIS;MARANGANI;RURAL;CARRETERA;NACIONAL;PE-3S;-14.372932;DESPEJADO;RURAL;TRAMO RECTO;PLANA ;ASFALTADA;NULL;NULL;NULL;NULL;EN PROCESO DE INVESTIGACIÓN;NO CUENTA CON CAUSA ESPECIFICA;Carretera Longitudinal de la Sierra Sur;25/12/2023;-71.149141
A-2023-12-150;35:00.0;CHOQUE;1;0;2;PUNO;LAMPA;LAMPA;RURAL;CARRETERA;DEPARTAMENTAL;PU-123;-15.373374;DESPEJADO;RURAL;TRAMO RECTO;PLANA ;ASFALTADA;NULL;NULL;NULL;NULL;IMPRUDENCIA DEL CONDUCTOR;INVASIÓN DE CARRIL;Jirón San Román;25/12/2023;-70.367365
A-2023-12-114;00:00.0;DESPISTE;1;1;NULL;LIMA;LIMA;CHORRILLOS;URBANA;VIA EXPRESA;URBANO;NO CORRESPONDE;-12.162058;DESPEJADO;COMERCIAL;TRAMO RECTO;PLANA ;ASFALTADA;SI;PREVENTIVA (P);NULL;NO;EN PROCESO DE INVESTIGACIÓN;NO CUENTA CON CAUSA ESPECIFICA;Circuito de Playas;26/12/2023;-77.025894
A-2023-12-87;10:00.0;DESPISTE;1;0;NULL;PIURA;PIURA;PIURA;URBANA;AVENIDA;URBANO;NO CORRESPONDE;-5.192199;DESPEJADO;ESCOLAR;CURVA;PLANA ;ASFALTADA;NULL;NULL;NULL;NULL;EN PROCESO DE INVESTIGACIÓN;NO CUENTA CON CAUSA ESPECIFICA;Avenida Los Cocos;26/12/2023;-80.631063
A-2023-12-35;15:00.0;CHOQUE;1;1;2;PUNO;PUNO;PUNO;RURAL;CARRETERA;NACIONAL;PE-3S;-15.863727;DESPEJADO;RURAL;CURVA;INCLINADA;ASFALTADA;NULL;NULL;NULL;NULL;IMPRUDENCIA DEL CONDUCTOR;INVASIÓN DE CARRIL;Carretera Longitudinal de la Sierra Sur;26/12/2023;-69.987758
A-2023-12-30;00:00.0;CHOQUE;1;1;3;CUSCO;ACOMAYO;SANGARARA;RURAL;CARRETERA;DEPARTAMENTAL;CU-117;-13.956021;NUBLADO;RURAL;TRAMO RECTO;PLANA ;ASFALTADA;NULL;NULL;NULL;NULL;IMPRUDENCIA DEL CONDUCTOR;EXCESO DE VELOCIDAD;CU-117;26/12/2023;-71.588207
A-2023-12-11;30:00.0;ATROPELLO FUGA;1;0;NULL;PUNO;CHUCUITO;ZEPITA;RURAL;CARRETERA;NACIONAL;PE-36A;-16.610623;DESPEJADO;RURAL;TRAMO RECTO;PLANA ;ASFALTADA;NULL;NULL;NULL;NULL;IMPRUDENCIA DEL PEATÓN;CRUCE INDEBIDO POR LA CALZADA;Carretera Binacional;26/12/2023;-69.171708
A-2023-12-148;40:00.0;CAÍDA DE PASAJERO;1;0;0;PUNO;AZANGARO;AZANGARO;RURAL;CARRETERA;SIN CLASIFICAR;SIN CLASIFICAR;-14.857485;DESPEJADO;RURAL;TRAMO RECTO;PLANA ;TROCHA;NULL;NULL;NULL;NULL;IMPRUDENCIA DEL PASAJERO/OCUPANTE;OTRO (IMPRUDENCIA DEL PASAJERO/OCUPANTE);Azángaro;26/12/2023;-70.294904
A-2023-12-53;00:00.0;DESPISTE;1;23;1;LA LIBERTAD;PATAZ;PARCOY;RURAL;CARRETERA;SIN CLASIFICAR;SIN CLASIFICAR;-7.977536;DESPEJADO;RURAL;CURVA;PLANA ;TROCHA;NULL;NULL;NULL;NULL;IMPRUDENCIA DEL CONDUCTOR;OTRO (IMPRUDENCIA DEL CONDUCTOR);Parcoy;26/12/2023;-77.528726
A-2023-12-47;30:00.0;DESPISTE;1;0;1;LA LIBERTAD;VIRU;CHAO;RURAL;CARRETERA;PROVINCIAL;LI-1208;-8.601776;DESPEJADO;RURAL;TRAMO RECTO;PLANA ;ASFALTADA;NULL;NULL;NULL;NULL;EN PROCESO DE INVESTIGACIÓN;NO CUENTA CON CAUSA ESPECIFICA;Chao;26/12/2023;-78.721912
A-2023-12-69;58:00.0;ATROPELLO;1;0;1;AREQUIPA;AREQUIPA;CERRO COLORADO;URBANA;CALLE;URBANO;NO CORRESPONDE;-16.333175;DESPEJADO;RESIDENCIAL;INTERSECCIÓN;PLANA ;ASFALTADA;NO;NULL;NULL;SI;EN PROCESO DE INVESTIGACIÓN;NO CUENTA CON CAUSA ESPECIFICA;Cono Norte;27/12/2023;-71.586086
A-2023-12-127;42:00.0;FERROVIARIO;1;0;NULL;JUNIN;HUANCAYO;CHILCA;URBANA;AVENIDA;URBANO;NO CORRESPONDE;-12.090553;LLUVIOSO;RURAL;TRAMO RECTO;PLANA ;ASFALTADA;SI;PREVENTIVA (P);NULL;NO;IMPRUDENCIA DEL PEATÓN;ESTADO DE EBRIEDAD Y/O DROGADICCIÓN;Avenida 9 de Diciembre;27/12/2023;-75.21517
A-2023-12-48;00:00.0;CHOQUE;1;0;4;LA LIBERTAD;OTUZCO;OTUZCO;RURAL;CARRETERA;NACIONAL;PE-10A;-7.956949;LLUVIOSO;RURAL;CURVA;PLANA ;ASFALTADA;NULL;NULL;NULL;NULL;IMPRUDENCIA DEL CONDUCTOR;OTRO (IMPRUDENCIA DEL CONDUCTOR);Carretera Trujillo - Huamachuco;27/12/2023;-78.624998
A-2023-12-115;40:00.0;CHOQUE;1;1;NULL;LIMA;LIMA;LOS OLIVOS;URBANA;AVENIDA;URBANO;NO CORRESPONDE;-11.977052;DESPEJADO;COMERCIAL;TRAMO RECTO;PLANA ;ASFALTADA;NULL;NULL;NULL;NULL;EN PROCESO DE INVESTIGACIÓN;NO CUENTA CON CAUSA ESPECIFICA;Avenida Naranjal;27/12/2023;-77.06362
A-2023-12-33;00:00.0;ATROPELLO;1;0;NULL;CUSCO;CHUMBIVILCAS;COLQUEMARCA;URBANA;CARRETERA;PROVINCIAL;CU-1538;-14.243554;DESPEJADO;RURAL;TRAMO RECTO;INCLINADA;AFIRMADO;NULL;NULL;NULL;NULL;IMPRUDENCIA DEL PEATÓN;CRUCE INDEBIDO POR LA CALZADA;CU-1538;27/12/2023;-72.037129
A-2023-12-116;30:00.0;DESPISTE;1;0;NULL;LIMA;LIMA;PUNTA HERMOSA;RURAL;CARRETERA;NACIONAL;PE-1S;-12.316706;DESPEJADO;INDUSTRIAL;TRAMO RECTO;PLANA ;ASFALTADA;NULL;NULL;NULL;NULL;EN PROCESO DE INVESTIGACIÓN;NO CUENTA CON CAUSA ESPECIFICA;Carretera Panamericana Sur;27/12/2023;-76.831093
A-2023-12-13;30:00.0;DESPISTE;1;0;1;PASCO;PASCO;SIMON BOLIVAR;RURAL;CARRETERA;DEPARTAMENTAL;PA-102;-10.602639;DESPEJADO;RURAL;TRAMO RECTO;PLANA ;ASFALTADA;NULL;NULL;NULL;NULL;IMPRUDENCIA DEL CONDUCTOR;EXCESO DE VELOCIDAD;PA-102;28/12/2023;-76.332224
A-2023-12-49;00:00.0;CHOQUE;1;1;2;LA LIBERTAD;SANTIAGO DE CHUCO;QUIRUVILCA;RURAL;CARRETERA;PROVINCIAL;LI-931;-8.002955;DESPEJADO;RURAL;TRAMO RECTO;PLANA ;ASFALTADA;NULL;NULL;NULL;NULL;IMPRUDENCIA DEL CONDUCTOR;INVASIÓN DE CARRIL;LI-931;28/12/2023;-78.289395
A-2023-12-29;50:00.0;DESPISTE;1;5;15;CUSCO;CUSCO;SANTIAGO;RURAL;CARRETERA;DEPARTAMENTAL;CU-117;-13.588124;LLUVIOSO;RURAL;CURVA;INCLINADA;ASFALTADA;SI;PREVENTIVA (P);NULL;SI;IMPRUDENCIA DEL CONDUCTOR;EXCESO DE VELOCIDAD;CU-117;28/12/2023;-71.977648
A-2023-12-117;10:00.0;ATROPELLO;1;0;NULL;LIMA;LIMA;SAN BARTOLO;RURAL;CARRETERA;NACIONAL;PE-1S;-12.387481;DESPEJADO;RURAL;TRAMO RECTO;PLANA ;ASFALTADA;NULL;NULL;NULL;NULL;EN PROCESO DE INVESTIGACIÓN;NO CUENTA CON CAUSA ESPECIFICA;Carretera Panamericana Sur;28/12/2023;-76.767881
A-2023-12-130;30:00.0;ATROPELLO;1;0;1;TACNA;TACNA;PALCA;RURAL;CARRETERA;SIN CLASIFICAR;SIN CLASIFICAR;-17.548349;DESPEJADO;RURAL;OTRO;PLANA ;TROCHA;NULL;NULL;NULL;NULL;IMPRUDENCIA DEL CONDUCTOR;OTRO (IMPRUDENCIA DEL CONDUCTOR);Palca;28/12/2023;-69.535402
A-2023-12-50;30:00.0;CHOQUE;1;0;1;LA LIBERTAD;PACASMAYO;PACASMAYO;RURAL;CALLE;URBANO;NO CORRESPONDE;-7.421774;DESPEJADO;RURAL;TRAMO RECTO;PLANA ;CONCRETO;NULL;NULL;NULL;NULL;EN PROCESO DE INVESTIGACIÓN;NO CUENTA CON CAUSA ESPECIFICA;Pacasmayo;29/12/2023;-79.555917
A-2023-12-118;10:00.0;ATROPELLO;1;0;NULL;LIMA;LIMA;SURQUILLO;URBANA;CALLE;URBANO;NO CORRESPONDE;-12.111373;DESPEJADO;RESIDENCIAL;TRAMO RECTO;PLANA ;ASFALTADA;NO;NULL;NULL;SI;EN PROCESO DE INVESTIGACIÓN;NO CUENTA CON CAUSA ESPECIFICA;Calle José Manuel Iturregui;29/12/2023;-77.019302
A-2023-12-136;00:00.0;ATROPELLO FUGA;1;0;0;TACNA;TACNA;CORONEL GREGORIO ALBARRACIN LANCHIPA;URBANA;CALLE;URBANO;NO CORRESPONDE;-18.04527;DESPEJADO;COMERCIAL;TRAMO RECTO;PLANA ;ASFALTADA;NULL;NULL;NULL;NULL;IMPRUDENCIA DEL CONDUCTOR;OTRO (IMPRUDENCIA DEL CONDUCTOR);Calle Carlos Wiesse;30/12/2023;-70.25699
A-2023-12-120;30:00.0;ATROPELLO;1;0;NULL;LIMA;LIMA;LA VICTORIA;URBANA;AVENIDA;URBANO;NO CORRESPONDE;-12.061075;DESPEJADO;RESIDENCIAL;INTERSECCIÓN;PLANA ;ASFALTADA;NULL;NULL;NULL;NULL;EN PROCESO DE INVESTIGACIÓN;NO CUENTA CON CAUSA ESPECIFICA;Jirón Mendoza Merino;30/12/2023;-77.023734
A-2023-12-119;52:00.0;CHOQUE;1;0;NULL;LIMA;LIMA;SAN MIGUEL;URBANA;AVENIDA;URBANO;NO CORRESPONDE;-12.074717;DESPEJADO;COMERCIAL;INTERSECCIÓN;PLANA ;ASFALTADA;SI;INFORMATIVA (I);NULL;SI;EN PROCESO DE INVESTIGACIÓN;NO CUENTA CON CAUSA ESPECIFICA;Avenida de La Marina;30/12/2023;-77.098978
A-2023-12-68;15:00.0;CHOQUE;1;3;2;AREQUIPA;AREQUIPA;LA JOYA;RURAL;CARRETERA;NACIONAL;PE-1S;-16.600953;DESPEJADO;RURAL;TRAMO RECTO;PLANA ;ASFALTADA;NO;NULL;NULL;SI;EN PROCESO DE INVESTIGACIÓN;NO CUENTA CON CAUSA ESPECIFICA;Carretera Panamericana Sur;30/12/2023;-71.855038
A-2023-12-144;50:00.0;CHOQUE;1;0;2;PUNO;LAMPA;SANTA LUCIA;RURAL;CARRETERA;NACIONAL;PE-34A;-15.693191;DESPEJADO;RURAL;TRAMO RECTO;PLANA ;ASFALTADA;NULL;NULL;NULL;NULL;IMPRUDENCIA DEL CONDUCTOR;INVASIÓN DE CARRIL;Vía Interoceánica Sur - Tramo 5;30/12/2023;-70.598285
A-2023-12-51;40:00.0;CHOQUE FUGA;1;2;1;LA LIBERTAD;VIRU;CHAO;RURAL;CARRETERA;NACIONAL;PE-1N;-8.524511;DESPEJADO;RURAL;TRAMO RECTO;PLANA ;ASFALTADA;NULL;NULL;NULL;NULL;EN PROCESO DE INVESTIGACIÓN;NO CUENTA CON CAUSA ESPECIFICA;Panamericana Norte;30/12/2023;-78.683066
A-2023-12-122;30:00.0;CHOQUE;1;0;1;SAN MARTIN;RIOJA;NUEVA CAJAMARCA;URBANA;CARRETERA;NACIONAL;PE-5N;-5.908166;DESPEJADO;ESCOLAR;TRAMO RECTO;PLANA ;ASFALTADA;SI;PREVENTIVA (P);REGULADORA (R);NO;IMPRUDENCIA DEL CONDUCTOR;OTRO (IMPRUDENCIA DEL CONDUCTOR);Carretera Presidente Fernando Belaúnde Terry;30/12/2023;-77.323887
A-2023-12-176;00:00.0;CHOQUE;1;1;1;CAJAMARCA;HUALGAYOC;BAMBAMARCA;RURAL;CARRETERA;NACIONAL;PE-3N;-6.710869;LLUVIOSO;RURAL;TRAMO RECTO;INCLINADA;ASFALTADA;SI;PREVENTIVA (P);NULL;SI;IMPRUDENCIA DEL CONDUCTOR;OTRO (IMPRUDENCIA DEL CONDUCTOR);Carretera Longitudinal de la Sierra Norte;31/12/2023;-78.546986
A-2023-12-128;57:00.0;ATROPELLO;1;0;NULL;JUNIN;HUANCAYO;SAN JERONIMO DE TUNAN;URBANA;CARRETERA;NACIONAL;PE-3S;-11.938189;DESPEJADO;RURAL;TRAMO RECTO;PLANA ;ASFALTADA;NO;NULL;NULL;SI;IMPRUDENCIA DEL PEATÓN;OTRO (IMPRUDENCIA DEL PEATÓN);Carretera Longitudinal de la Sierra Sur;31/12/2023;-75.309347
A-2023-12-52;00:00.0;ATROPELLO;1;0;1;LA LIBERTAD;VIRU;CHAO;RURAL;CARRETERA;NACIONAL;PE-1N;-8.53974;DESPEJADO;RURAL;TRAMO RECTO;PLANA ;ASFALTADA;NULL;NULL;NULL;NULL;EN PROCESO DE INVESTIGACIÓN;NO CUENTA CON CAUSA ESPECIFICA;Carretera Panamericana Norte;31/12/2023;-78.676508
A-2023-12-142;50:00.0;ATROPELLO;1;0;0;PUNO;SAN ROMAN;JULIACA;URBANA;JIRÓN;URBANO;NO CORRESPONDE;-15.492683;DESPEJADO;COMERCIAL;INTERSECCIÓN;PLANA ;ASFALTADA;NULL;NULL;NULL;NULL;IMPRUDENCIA DEL PEATÓN;CRUCE INDEBIDO POR LA CALZADA;Jirón Tumbes;31/12/2023;-70.130365
A-2023-12-143;15:00.0;DESPISTE;1;3;0;PUNO;MELGAR;AYAVIRI;RURAL;CARRETERA;NACIONAL;PE-3S;-14.826137;DESPEJADO;RURAL;TRAMO RECTO;PLANA ;ASFALTADA;NULL;NULL;NULL;NULL;IMPRUDENCIA DEL CONDUCTOR;EXCESO DE VELOCIDAD;Carretera Longitudinal de la Sierra Sur;31/12/2023;-70.67439
A-2023-12-135;25:00.0;ATROPELLO;1;0;0;TACNA;TACNA;TACNA;URBANA;CARRETERA;SIN CLASIFICAR;SIN CLASIFICAR;-18.033175;DESPEJADO;RESIDENCIAL;TRAMO RECTO;PLANA ;ASFALTADA;NULL;NULL;NULL;NULL;IMPRUDENCIA DEL PEATÓN;CRUCE INDEBIDO POR LA CALZADA;Avenida Litoral;31/12/2023;-70.277754
A-2024-01-64;29:00.0;ATROPELLO;1;1;1;ICA;ICA;ICA;URBANA;AVENIDA;URBANO;NO CORRESPONDE;-14.059551;DESPEJADO;ESCOLAR;TRAMO RECTO;PLANA ;ASFALTADA;NULL;NULL;NULL;NULL;IMPRUDENCIA DEL PEATÓN;CRUCE INDEBIDO POR LA CALZADA;Avenida Arenales;1/1/2024;-75.737263
A-2024-01-1;30:00.0;ATROPELLO FUGA;1;0;0;APURIMAC;ANDAHUAYLAS;KISHUARA;URBANA;CARRETERA;NACIONAL;PE-3S;-13.693044;DESPEJADO;RURAL;CURVA;PLANA ;ASFALTADA;SI;PREVENTIVA (P);NULL;SI;IMPRUDENCIA DEL PEATÓN;ESTADO DE EBRIEDAD Y/O DROGADICCIÓN;Carretera Longitudinal de la Sierra Sur;1/1/2024;-73.113426
A-2024-01-139;00:00.0;CHOQUE;1;2;NULL;LIMA;LIMA;PUNTA NEGRA;URBANA;CARRETERA;NACIONAL;PE-1S;-12.370873;DESPEJADO;INDUSTRIAL;TRAMO RECTO;PLANA ;ASFALTADA;NULL;NULL;NULL;NULL;EN PROCESO DE INVESTIGACIÓN;NO CUENTA CON CAUSA ESPECIFICA;Carretera Panamericana Sur;1/1/2024;-76.785224
A-2024-01-141;58:00.0;DESPISTE;1;0;NULL;LIMA;LIMA;SAN MIGUEL;URBANA;VIA EXPRESA;URBANO;NO CORRESPONDE;-12.081206;DESPEJADO;COMERCIAL;TRAMO RECTO;PLANA ;ASFALTADA;NULL;NULL;NULL;NULL;IMPRUDENCIA DEL CONDUCTOR;CONDUCIR EN ESTADO DE EBRIEDAD Y/O DROGADICCIÓN;Circuito de Playas;1/1/2024;-77.108035
A-2024-01-39;30:00.0;DESPISTE;1;0;1;CUSCO;CALCA;CALCA;URBANA;CARRETERA;NACIONAL;PE-28B;-13.338803;DESPEJADO;RESIDENCIAL;CURVA;PLANA ;ASFALTADA;SI;PREVENTIVA (P);NULL;SI;IMPRUDENCIA DEL CONDUCTOR;CONDUCIR EN ESTADO DE EBRIEDAD Y/O DROGADICCIÓN;Calca;1/1/2024;-71.951487
A-2024-01-2;30:00.0;DESPISTE;1;0;1;APURIMAC;ANDAHUAYLAS;KAQUIABAMBA;RURAL;CARRETERA;PROVINCIAL;AP-576;-13.557894;NUBLADO;RURAL;CURVA;INCLINADA;AFIRMADO;NULL;NULL;NULL;NULL;IMPRUDENCIA DEL CONDUCTOR;CONDUCIR EN ESTADO DE EBRIEDAD Y/O DROGADICCIÓN;Olivos;1/1/2024;-73.276306
A-2024-01-111;00:00.0;DESPISTE;1;3;1;CAJAMARCA;CELENDIN;UTCO;RURAL;CARRETERA;SIN CLASIFICAR;SIN CLASIFICAR;-6.894347;DESPEJADO;RURAL;CURVA;INCLINADA;ASFALTADA;SI;PREVENTIVA (P);NULL;NO;IMPRUDENCIA DEL CONDUCTOR;OTRO (IMPRUDENCIA DEL CONDUCTOR);CA-1552;1/1/2024;-78.090887
A-2024-01-107;58:00.0;VOLCADURA;1;1;2;LIMA;HUARAL;AUCALLAMA;RURAL;CARRETERA;NACIONAL;PE-1N;-11.608864;DESPEJADO;RURAL;OTRO;INCLINADA;ASFALTADA;SI;REGULADORA (R);NULL;NO;EN PROCESO DE INVESTIGACIÓN;NO CUENTA CON CAUSA ESPECIFICA;Carretera Panamericana Norte;1/1/2024;-77.198506
A-2024-01-66;00:00.0;DESPISTE;1;5;1;ICA;ICA;SALAS;RURAL;CARRETERA;NACIONAL;PE-1S;-13.93429;DESPEJADO;RURAL;TRAMO RECTO;PLANA ;ASFALTADA;NULL;NULL;NULL;NULL;IMPRUDENCIA DEL CONDUCTOR;FATIGA Y/O CANSANCIO;Carretera Panamericana Sur;2/1/2024;-75.874841
A-2024-01-122;20:00.0;ATROPELLO FUGA;1;0;NULL;LIMA;LIMA;ATE;URBANA;CARRETERA;NACIONAL;PE-22;-12.002245;DESPEJADO;COMERCIAL;TRAMO RECTO;PLANA ;ASFALTADA;NULL;NULL;NULL;NULL;IMPRUDENCIA DEL PEATÓN;ESTADO DE EBRIEDAD Y/O DROGADICCIÓN;Carretera Central;2/1/2024;-76.841545
A-2024-01-140;45:00.0;DESPISTE;1;0;NULL;LIMA;LIMA;SAN MARTIN DE PORRES;URBANA;AVENIDA;URBANO;NO CORRESPONDE;-12.013291;DESPEJADO;RESIDENCIAL;TRAMO RECTO;PLANA ;ASFALTADA;NULL;NULL;NULL;NULL;IMPRUDENCIA DEL CONDUCTOR;CONDUCIR EN ESTADO DE EBRIEDAD Y/O DROGADICCIÓN;Avenida Túpac Amaru;2/1/2024;-77.052624
A-2024-01-3;30:00.0;ATROPELLO;1;0;NULL;AREQUIPA;AREQUIPA;JACOBO HUNTER;URBANA;PASAJE;URBANO;NO CORRESPONDE;-16.448458;DESPEJADO;RESIDENCIAL;TRAMO RECTO;PLANA ;CONCRETO;NULL;NULL;NULL;NULL;EN PROCESO DE INVESTIGACIÓN;NO CUENTA CON CAUSA ESPECIFICA;Tingo Grande;2/1/2024;-71.565911
A-2024-01-4;00:00.0;DESPISTE;1;0;1;AREQUIPA;AREQUIPA;LA JOYA;RURAL;CARRETERA;PROVINCIAL;AR-720;-16.41918;DESPEJADO;RURAL;TRAMO RECTO;PLANA ;ASFALTADA;NO;NULL;NULL;SI;EN PROCESO DE INVESTIGACIÓN;NO CUENTA CON CAUSA ESPECIFICA;Carretera La Joya;3/1/2024;-71.82605