CÓDIGO SINIESTRO;HORA SINIESTRO;CLASE SINIESTRO;CANTIDAD DE FALLECIDOS;CANTIDAD DE LESIONADOS;CANTIDAD DE VEHICULOS DAÑADOS;DEPARTAMENTO;PROVINCIA;DISTRITO;ZONA;TIPO DE VÍA;RED VIAL;COD CARRETERA;COORDENADAS LATITUD;CONDICIÓN CLIMÁTICA;ZONIFICACIÓN;CARACTERÍSTICAS DE VÍA;PERFIL LONGITUDINAL VÍA;SUPERFICIE DE CALZADA;¿EXISTE SEÑAL VERTICAL?;CLASIFICACIÓN DE LA SEÑAL VERTICAL Nº 1;CLASIFICACIÓN DE LA SEÑAL VERTICAL Nº 2;¿EXISTE SEÑAL HORIZONTAL?;CAUSA FACTOR PRINCIPAL;CAUSA ESPECÍFICA;UBICACION;FECHA SINIESTRO;COORDENADAS LONGITUD
A-2024-01-160;20:00.0;DESPISTE;1;1;NULL;MOQUEGUA;MARISCAL NIETO;CARUMAS;RURAL;CARRETERA;NACIONAL;PE-36A;-16.873261;NULL;NULL;NULL;NULL;NULL;NULL;NULL;NULL;NULL;EN PROCESO DE INVESTIGACIÓN;NO CUENTA CON CAUSA ESPECIFICA;Carretera Binacional;3/1/2024;-70.606139
A-2024-01-18;00:00.0;CHOQUE FUGA;1;0;1;LA LIBERTAD;TRUJILLO;HUANCHACO;URBANA;CARRETERA;NACIONAL;PE-1N;-8.04706;DESPEJADO;INDUSTRIAL;TRAMO RECTO;PLANA ;ASFALTADA;NULL;NULL;NULL;NULL;IMPRUDENCIA DEL CONDUCTOR;CONDUCIR EN ESTADO DE EBRIEDAD Y/O DROGADICCIÓN;Carretera Panamericana Norte;3/1/2024;-79.085756
A-2024-01-20;00:00.0;CHOQUE CON OBJETO FIJO;1;1;1;AMAZONAS;BAGUA;BAGUA;URBANA;CARRETERA;DEPARTAMENTAL;AM-101;-5.683117;DESPEJADO;RURAL;INTERSECCIÓN;PLANA ;ASFALTADA;NULL;NULL;NULL;NULL;EN PROCESO DE INVESTIGACIÓN;NO CUENTA CON CAUSA ESPECIFICA;AM-101;3/1/2024;-78.483259
A-2024-01-30;00:00.0;CHOQUE;1;5;2;CUSCO;CANCHIS;SICUANI;RURAL;CARRETERA;NACIONAL;PE-3S;-14.293866;DESPEJADO;RURAL;TRAMO RECTO;PLANA ;ASFALTADA;SI;PREVENTIVA (P);NULL;SI;IMPRUDENCIA DEL CONDUCTOR;INVASIÓN DE CARRIL;Carretera Longitudinal de la Sierra Sur;4/1/2024;-71.217661
A-2024-01-42;00:00.0;CHOQUE;1;1;2;TUMBES;CONTRALMIRANTE VILLAR;ZORRITOS;RURAL;CARRETERA;NACIONAL;PE-1N;-3.711745;SOLEADO;RURAL;TRAMO RECTO;PLANA ;ASFALTADA;NULL;NULL;NULL;NULL;IMPRUDENCIA DEL CONDUCTOR;OTRO (IMPRUDENCIA DEL CONDUCTOR);Carretera Panamericana Norte;4/1/2024;-80.725265
A-2024-01-65;45:00.0;CHOQUE;5;3;2;ICA;PISCO;INDEPENDENCIA;RURAL;CARRETERA;NACIONAL;PE-28A;-13.692824;DESPEJADO;RURAL;TRAMO RECTO;PLANA ;ASFALTADA;NULL;NULL;NULL;NULL;EN PROCESO DE INVESTIGACIÓN;NO CUENTA CON CAUSA ESPECIFICA;Vía de los Libertadores;4/1/2024;-76.022252
A-2024-01-96;50:00.0;VOLCADURA;1;0;1;AYACUCHO;HUAMANGA;QUINUA;RURAL;CARRETERA;NACIONAL;PE-28B;-13.011557;LLUVIOSO;RURAL;CURVA;INCLINADA;ASFALTADA;SI;PREVENTIVA (P);NULL;NO;IMPRUDENCIA DEL CONDUCTOR;OTRO (IMPRUDENCIA DEL CONDUCTOR);PE-28B;4/1/2024;-74.122364
A-2024-01-82;00:00.0;CHOQUE;1;0;1;PUNO;SAN ROMAN;SAN MIGUEL;RURAL;CARRETERA;NACIONAL;PE-3S;-15.423975;DESPEJADO;RURAL;TRAMO RECTO;PLANA ;ASFALTADA;NULL;NULL;NULL;NULL;IMPRUDENCIA DEL CONDUCTOR;CONDUCIR EN ESTADO DE EBRIEDAD Y/O DROGADICCIÓN;Carretera Longitudinal de la Sierra Sur;4/1/2024;-70.144847
A-2024-01-62;15:00.0;CHOQUE;1;8;NULL;JUNIN;HUANCAYO;PILCOMAYO;URBANA;CARRETERA;NACIONAL;PE-3SB;-12.035144;DESPEJADO;RURAL;TRAMO RECTO;PLANA ;ASFALTADA;NO;NULL;NULL;SI;IMPRUDENCIA DEL CONDUCTOR;INVASIÓN DE CARRIL;Carretera Central Margen Derecha;5/1/2024;-75.261397
A-2024-01-5;50:00.0;CHOQUE;1;0;2;AREQUIPA;AREQUIPA;UCHUMAYO;RURAL;CARRETERA;NACIONAL;PE-34A;-16.470623;DESPEJADO;RURAL;OTRO;PLANA ;ASFALTADA;NO;NULL;NULL;SI;EN PROCESO DE INVESTIGACIÓN;NO CUENTA CON CAUSA ESPECIFICA;Carretera Interoceánica Sur;5/1/2024;-71.694365
A-2024-01-60;40:00.0;DESPISTE;2;3;1;TACNA;TARATA;TARATA;RURAL;CARRETERA;NACIONAL;PE-38;-17.437391;NUBLADO;RURAL;CURVA;PLANA ;ASFALTADA;NULL;NULL;NULL;NULL;IMPRUDENCIA DEL CONDUCTOR;EXCESO DE VELOCIDAD;Carretera Mazocruz - Tarata;5/1/2024;-69.973839
A-2024-01-27;30:00.0;ESPECIAL;1;1;1;CUSCO;CHUMBIVILCAS;SANTO TOMAS;RURAL;CARRETERA;NACIONAL;PE-3SG;-14.515837;NUBLADO;RURAL;CURVA;INCLINADA;ASFALTADA;SI;PREVENTIVA (P);NULL;NO;IMPRUDENCIA DEL CONDUCTOR;EXCESO DE VELOCIDAD;PE-3SG;5/1/2024;-72.036882
A-2024-01-37;00:00.0;DESPISTE;1;0;1;CUSCO;ANTA;CHINCHAYPUJIO;RURAL;CARRETERA;NACIONAL;PE-3SF;-13.63374;DESPEJADO;RURAL;CURVA;INCLINADA;CONCRETO;SI;PREVENTIVA (P);NULL;NO;IMPRUDENCIA DEL CONDUCTOR;FATIGA Y/O CANSANCIO;PE-3SF;5/1/2024;-72.236755
A-2024-01-36;52:00.0;ATROPELLO FUGA;1;0;NULL;CUSCO;CANCHIS;SICUANI;RURAL;CARRETERA;DEPARTAMENTAL;CU-125;-14.224506;DESPEJADO;RURAL;TRAMO RECTO;PLANA ;ASFALTADA;SI;PREVENTIVA (P);NULL;SI;EN PROCESO DE INVESTIGACIÓN;NO CUENTA CON CAUSA ESPECIFICA;CU-125;6/1/2024;-71.259668
A-2024-01-108;40:00.0;ATROPELLO;1;0;1;LIMA;HUARAL;HUARAL;URBANA;CALLE;URBANO;NO CORRESPONDE;-11.488839;DESPEJADO;INDUSTRIAL;OTRO;PLANA ;TROCHA;NULL;NULL;NULL;NULL;EN PROCESO DE INVESTIGACIÓN;NO CUENTA CON CAUSA ESPECIFICA;Prolongación Circunvalación Norte;6/1/2024;-77.202965
A-2024-01-41;00:00.0;CHOQUE;1;1;2;CUSCO;ESPINAR;COPORAQUE;RURAL;CARRETERA;NACIONAL;PE-3SG;-14.608693;DESPEJADO;RURAL;TRAMO RECTO;PLANA ;ASFALTADA;NO;NULL;NULL;SI;IMPRUDENCIA DEL CONDUCTOR;INVASIÓN DE CARRIL;PE-3SG;6/1/2024;-71.671846
A-2024-01-113;00:00.0;ATROPELLO;1;0;1;CAJAMARCA;CUTERVO;CUTERVO;RURAL;CARRETERA;DEPARTAMENTAL;CA-105;-6.405112;DESPEJADO;INDUSTRIAL;TRAMO RECTO;INCLINADA;ASFALTADA;NO;NULL;NULL;SI;IMPRUDENCIA DEL CONDUCTOR;EXCESO DE VELOCIDAD;Antigua carretera Nacional de Cutervo;6/1/2024;-78.7398
A-2024-01-102-B;50:00.0;CHOQUE;1;0;NULL;PASCO;PASCO;YANACANCHA;RURAL;CARRETERA;NACIONAL;PE-3N;-10.563087;NULL;NULL;NULL;NULL;NULL;NULL;NULL;NULL;NULL;EN PROCESO DE INVESTIGACIÓN;NO CUENTA CON CAUSA ESPECIFICA;Carretera Longitudinal de la Sierra Norte;6/1/2024;-76.192866
A-2024-01-83;40:00.0;ATROPELLO;1;0;0;PUNO;SAN ROMAN;JULIACA;URBANA;AVENIDA;URBANO;NO CORRESPONDE;-15.492295;DESPEJADO;RESIDENCIAL;TRAMO RECTO;PLANA ;ASFALTADA;NULL;NULL;NULL;NULL;IMPRUDENCIA DEL CONDUCTOR;EXCESO DE VELOCIDAD;Avenida Andres Avelino Cáceres;7/1/2024;-70.147604
A-2024-01-123;40:00.0;ATROPELLO;1;0;NULL;LIMA;LIMA;LURIGANCHO;URBANA;AVENIDA;URBANO;NO CORRESPONDE;-11.932459;DESPEJADO;RESIDENCIAL;INTERSECCIÓN;PLANA ;ASFALTADA;NULL;NULL;NULL;NULL;IMPRUDENCIA DEL CONDUCTOR;ADELANTAR INDEBIDAMENTE;Calle Salaverry;7/1/2024;-76.692789
A-2024-01-7;50:00.0;DESPISTE;1;0;1;AREQUIPA;AREQUIPA;UCHUMAYO;URBANA;CARRETERA;NACIONAL;PE-34A;-16.425136;SOLEADO;RURAL;TRAMO RECTO;INCLINADA;ASFALTADA;NO;NULL;NULL;SI;EN PROCESO DE INVESTIGACIÓN;NO CUENTA CON CAUSA ESPECIFICA;Carretera Interoceánica Sur;7/1/2024;-71.662889
A-2024-01-93;50:00.0;DESPISTE;1;3;2;AYACUCHO;CANGALLO;MARIA PARADO DE BELLIDO;RURAL;CARRETERA;NACIONAL;PE-30D;-13.61998;DESPEJADO;RURAL;CURVA;INCLINADA;ASFALTADA;SI;PREVENTIVA (P);NULL;NO;IMPRUDENCIA DEL CONDUCTOR;EXCESO DE VELOCIDAD;PE-30D;7/1/2024;-74.261692
A-2024-01-88;20:00.0;DESPISTE;1;0;1;PUNO;CARABAYA;MACUSANI;URBANA;AVENIDA;URBANO;NO CORRESPONDE;-14.073513;LLUVIOSO;ESCOLAR;TRAMO RECTO;PLANA ;TROCHA;NULL;NULL;NULL;NULL;IMPRUDENCIA DEL CONDUCTOR;CONDUCIR EN ESTADO DE EBRIEDAD Y/O DROGADICCIÓN;Avenida Circunvalación;7/1/2024;-70.428986
A-2024-01-142;45:00.0;CHOQUE FUGA;1;0;NULL;LIMA;LIMA;VILLA EL SALVADOR;URBANA;CARRETERA;NACIONAL;PE-1S;-12.232089;DESPEJADO;INDUSTRIAL;TRAMO RECTO;PLANA ;ASFALTADA;NULL;NULL;NULL;NULL;EN PROCESO DE INVESTIGACIÓN;NO CUENTA CON CAUSA ESPECIFICA;Carretera Panamericana Sur;8/1/2024;-76.963748
A-2024-01-19;20:00.0;DESPISTE;7;8;1;LA LIBERTAD;ASCOPE;CHICAMA;RURAL;CARRETERA;NACIONAL;PE-1N;-7.957124;DESPEJADO;RURAL;TRAMO RECTO;PLANA ;ASFALTADA;NULL;NULL;NULL;NULL;IMPRUDENCIA DEL CONDUCTOR;OTRO (IMPRUDENCIA DEL CONDUCTOR);Carretera Panamericana Norte;8/1/2024;-79.088982
A-2024-01-21;55:00.0;CHOQUE;1;0;2;LA LIBERTAD;VIRU;GUADALUPITO;RURAL;CARRETERA;NACIONAL;PE-1N;-8.716819;DESPEJADO;RURAL;TRAMO RECTO;PLANA ;ASFALTADA;NULL;NULL;NULL;NULL;IMPRUDENCIA DEL CONDUCTOR;OTRO (IMPRUDENCIA DEL CONDUCTOR);Panamericana Norte;9/1/2024;-78.636446
A-2024-01-143;30:00.0;CHOQUE;1;0;NULL;LIMA;LIMA;LURIGANCHO;URBANA;AVENIDA;URBANO;NO CORRESPONDE;-11.938855;DESPEJADO;RESIDENCIAL;INTERSECCIÓN;PLANA ;ASFALTADA;NULL;NULL;NULL;NULL;IMPRUDENCIA DEL CONDUCTOR;OTRO (IMPRUDENCIA DEL CONDUCTOR);Avenida Sauce Grande Alto;9/1/2024;-76.692979
A-2024-01-144;50:00.0;CHOQUE;1;0;NULL;LIMA;LIMA;SAN MIGUEL;URBANA;AVENIDA;URBANO;NO CORRESPONDE;-12.06958;DESPEJADO;COMERCIAL;TRAMO RECTO;PLANA ;ASFALTADA;NULL;NULL;NULL;NULL;IMPRUDENCIA DEL CONDUCTOR;NO ESTABLECER EL DERECHO DE PASO;Avenida José de la Riva Agüero;10/1/2024;-77.082037
A-2024-01-145;00:00.0;CHOQUE;1;0;NULL;LIMA;LIMA;COMAS;URBANA;AVENIDA;URBANO;NO CORRESPONDE;-11.974824;DESPEJADO;RESIDENCIAL;TRAMO RECTO;PLANA ;ASFALTADA;NULL;NULL;NULL;NULL;IMPRUDENCIA DEL CONDUCTOR;NO ENCENDER LAS LUCES;Avenida Túpac Amaru;10/1/2024;-77.058419
A-2024-01-67;30:00.0;CHOQUE;2;2;2;ICA;ICA;SANTIAGO;RURAL;CARRETERA;NACIONAL;PE-1S;-14.335069;SOLEADO;RURAL;TRAMO RECTO;PLANA ;ASFALTADA;NULL;NULL;NULL;NULL;EN PROCESO DE INVESTIGACIÓN;NO CUENTA CON CAUSA ESPECIFICA;Carretera Panamericana Sur;10/1/2024;-75.661531
A-2024-01-103;46:00.0;DESPISTE;1;2;1;PASCO;PASCO;YANACANCHA;RURAL;CARRETERA;PROVINCIAL;PA-559;-10.654742;DESPEJADO;RURAL;TRAMO RECTO;PLANA ;TROCHA;NULL;NULL;NULL;NULL;IMPRUDENCIA DEL CONDUCTOR;FATIGA Y/O CANSANCIO;PA-559;11/1/2024;-76.239841
A-2024-01-59;50:00.0;DESPISTE;1;3;1;TACNA;CANDARAVE;CAIRANI;RURAL;CARRETERA;PROVINCIAL;TA-524;-17.247328;DESPEJADO;RURAL;TRAMO RECTO;PLANA ;TROCHA;NULL;NULL;NULL;NULL;INFRAESTRUCTURA Y ENTORNO VIAL;FACTOR AMBIENTAL;TA-524;11/1/2024;-70.337243
A-2024-01-29;00:00.0;DESPISTE;1;1;1;CUSCO;ANTA;ANTA;RURAL;CARRETERA;PROVINCIAL;CU-1247;-13.555065;DESPEJADO;RURAL;SINUOSA;INCLINADA;TROCHA;NULL;NULL;NULL;NULL;EN PROCESO DE INVESTIGACIÓN;NO CUENTA CON CAUSA ESPECIFICA;CU-709;11/1/2024;-72.172441
A-2024-01-99;30:00.0;ATROPELLO;1;0;NULL;CALLAO;CALLAO;VENTANILLA;URBANA;CARRETERA;NACIONAL;PE-20;-11.869354;DESPEJADO;INDUSTRIAL;TRAMO RECTO;INCLINADA;ASFALTADA;NO;NULL;NULL;SI;NEGLIGENCIA DEL CONDUCTOR;OTRO (NEGLIGENCIA DEL CONDUCTOR);Avenida Coronel Nestor Gambetta;11/1/2024;-77.127774
A-2024-01-146;30:00.0;DESPISTE;2;0;NULL;LIMA;LIMA;SAN JUAN DE LURIGANCHO;URBANA;JIRÓN;URBANO;NO CORRESPONDE;-11.955671;DESPEJADO;RESIDENCIAL;INTERSECCIÓN;PLANA ;ASFALTADA;NULL;NULL;NULL;NULL;IMPRUDENCIA DEL CONDUCTOR;EXCESO DE VELOCIDAD;Pasaje La Salud;11/1/2024;-76.989832
A-2024-01-74;00:00.0;CHOQUE;2;0;NULL;PIURA;PIURA;LA UNION;RURAL;CARRETERA;NACIONAL;PE-1NK;-5.3674;DESPEJADO;RURAL;TRAMO RECTO;PLANA ;ASFALTADA;NULL;NULL;NULL;NULL;EN PROCESO DE INVESTIGACIÓN;NO CUENTA CON CAUSA ESPECIFICA;Carretera Piura - Sechura;12/1/2024;-80.73084
A-2024-01-124;45:00.0;ATROPELLO;1;0;NULL;LIMA;LIMA;BARRANCO;URBANA;AVENIDA;URBANO;NO CORRESPONDE;-12.142746;DESPEJADO;COMERCIAL;TRAMO RECTO;PLANA ;ASFALTADA;NULL;NULL;NULL;NULL;IMPRUDENCIA DEL PEATÓN;ESTADO DE EBRIEDAD Y/O DROGADICCIÓN;Avenida Almirante Miguel Grau;12/1/2024;-77.022035
A-2024-01-63;03:00.0;DESPISTE;1;0;NULL;JUNIN;JAUJA;CURICACA;URBANA;CARRETERA;NACIONAL;PE-3S;-11.81468;DESPEJADO;RURAL;CURVA;PLANA ;ASFALTADA;NO;NULL;NULL;SI;IMPRUDENCIA DEL CONDUCTOR;OTRO (IMPRUDENCIA DEL CONDUCTOR);Carretera Longitudinal de la Sierra Sur;13/1/2024;-75.620389
A-2024-01-8;10:00.0;VOLCADURA;1;0;1;AREQUIPA;AREQUIPA;AREQUIPA;URBANA;AVENIDA;URBANO;NO CORRESPONDE;-16.397392;DESPEJADO;COMERCIAL;TRAMO RECTO;PLANA ;ASFALTADA;NULL;NULL;NULL;NULL;EN PROCESO DE INVESTIGACIÓN;NO CUENTA CON CAUSA ESPECIFICA;Avenida de la Marina;13/1/2024;-71.541465
A-2024-01-109;40:00.0;CHOQUE FUGA;1;0;1;LIMA;HUARAL;CHANCAY;RURAL;CARRETERA;NACIONAL;PE-1N;-11.573817;DESPEJADO;RURAL;TRAMO RECTO;PLANA ;ASFALTADA;SI;PREVENTIVA (P);NULL;NO;EN PROCESO DE INVESTIGACIÓN;NO CUENTA CON CAUSA ESPECIFICA;Carretera Panamericana Norte;13/1/2024;-77.263132
A-2024-01-104;00:00.0;CHOQUE;2;1;2;PASCO;PASCO;SIMON BOLIVAR;RURAL;CARRETERA;DEPARTAMENTAL;PA-103;-10.590797;DESPEJADO;RURAL;TRAMO RECTO;PLANA ;ASFALTADA;NULL;NULL;NULL;NULL;IMPRUDENCIA DEL CONDUCTOR;EXCESO DE VELOCIDAD;PA-103;13/1/2024;-76.335608
A-2024-01-9;30:00.0;DESPISTE;2;2;1;AREQUIPA;AREQUIPA;LA JOYA;RURAL;CARRETERA;DEPARTAMENTAL;AR-115;-16.542312;DESPEJADO;RURAL;TRAMO RECTO;INCLINADA;ASFALTADA;NO;NULL;NULL;SI;EN PROCESO DE INVESTIGACIÓN;NO CUENTA CON CAUSA ESPECIFICA;Carretera Cerro Verde;13/1/2024;-71.707481
A-2024-01-10;30:00.0;ATROPELLO;1;0;1;AREQUIPA;AREQUIPA;CERRO COLORADO;URBANA;CARRETERA;NACIONAL;PE-34A;-16.407098;DESPEJADO;COMERCIAL;TRAMO RECTO;INCLINADA;ASFALTADA;NO;NULL;NULL;SI;EN PROCESO DE INVESTIGACIÓN;NO CUENTA CON CAUSA ESPECIFICA;Carretera Interoceánica Sur;13/1/2024;-71.603607
A-2024-01-125;00:00.0;ATROPELLO;1;0;NULL;LIMA;LIMA;SAN MARTIN DE PORRES;URBANA;AVENIDA;URBANO;NO CORRESPONDE;-11.987164;DESPEJADO;COMERCIAL;TRAMO RECTO;PLANA ;ASFALTADA;NULL;NULL;NULL;NULL;EN PROCESO DE INVESTIGACIÓN;NO CUENTA CON CAUSA ESPECIFICA;Avenida Canta Callao;14/1/2024;-77.10339
A-2024-01-112;10:00.0;CHOQUE;1;3;3;CAJAMARCA;JAEN;JAEN;RURAL;CARRETERA;NACIONAL;PE-5N;-5.655685;DESPEJADO;RURAL;TRAMO RECTO;PLANA ;ASFALTADA;NO;NULL;NULL;SI;IMPRUDENCIA DEL CONDUCTOR;CONDUCIR EN ESTADO DE EBRIEDAD Y/O DROGADICCIÓN;PE-5N;14/1/2024;-78.754393
A-2024-01-22;20:00.0;CHOQUE;4;0;2;LA LIBERTAD;TRUJILLO;VICTOR LARCO HERRERA;URBANA;CARRETERA;NACIONAL;PE-1N;-8.142941;DESPEJADO;RESIDENCIAL;TRAMO RECTO;PLANA ;ASFALTADA;NULL;NULL;NULL;NULL;IMPRUDENCIA DEL CONDUCTOR;CONDUCIR EN ESTADO DE EBRIEDAD Y/O DROGADICCIÓN;Carretera Industrial;14/1/2024;-79.027475
A-2024-01-126;30:00.0;CHOQUE;1;0;NULL;LIMA;LIMA;PUENTE PIEDRA;URBANA;CARRETERA;NACIONAL;PE-1N;-11.841075;DESPEJADO;COMERCIAL;TRAMO RECTO;PLANA ;ASFALTADA;NULL;NULL;NULL;NULL;IMPRUDENCIA DEL CONDUCTOR;INVASIÓN DE CARRIL;Carretera Panamericana Norte;14/1/2024;-77.104197
A-2024-01-119;00:00.0;ATROPELLO FUGA;1;0;NULL;PIURA;SECHURA;VICE;RURAL;CARRETERA;PROVINCIAL;PI-1061;-5.45133;DESPEJADO;RURAL;TRAMO RECTO;PLANA ;TROCHA;NULL;NULL;NULL;NULL;EN PROCESO DE INVESTIGACIÓN;NO CUENTA CON CAUSA ESPECIFICA;PI-1061;14/1/2024;-80.815121
A-2024-01-127;40:00.0;ATROPELLO FUGA;1;0;NULL;LIMA;LIMA;VILLA EL SALVADOR;URBANA;AVENIDA;URBANO;NO CORRESPONDE;-12.220863;DESPEJADO;COMERCIAL;INTERSECCIÓN;PLANA ;ASFALTADA;NULL;NULL;NULL;NULL;EN PROCESO DE INVESTIGACIÓN;NO CUENTA CON CAUSA ESPECIFICA;Avenida Mariano Pastor Sevilla;14/1/2024;-76.943772
A-2024-01-92;00:00.0;CHOQUE;1;0;2;AYACUCHO;LUCANAS;PUQUIO;URBANA;CARRETERA;NACIONAL;PE-30A;-14.69072;NUBLADO;RESIDENCIAL;TRAMO RECTO;INCLINADA;ASFALTADA;NULL;NULL;NULL;NULL;IMPRUDENCIA DEL CONDUCTOR;ADELANTAR INDEBIDAMENTE;Jirón Cabana;14/1/2024;-74.121177
A-2024-01-68;15:00.0;ATROPELLO;1;0;1;ICA;PISCO;SAN ANDRES;URBANA;AVENIDA;URBANO;NO CORRESPONDE;-13.712291;DESPEJADO;INDUSTRIAL;TRAMO RECTO;PLANA ;ASFALTADA;NULL;NULL;NULL;NULL;EN PROCESO DE INVESTIGACIÓN;NO CUENTA CON CAUSA ESPECIFICA;Avenida Fermín Tangüis;14/1/2024;-76.168309
A-2024-01-95;00:00.0;DESPISTE;3;17;1;AYACUCHO;VILCAS HUAMAN;VISCHONGO;RURAL;CARRETERA;PROVINCIAL;AY-995;-13.645463;DESPEJADO;RURAL;SINUOSA;INCLINADA;AFIRMADO;NULL;NULL;NULL;NULL;NEGLIGENCIA DEL CONDUCTOR;CONDUCIR CON FALLAS DE DIRECCIÓN;Umaro;14/1/2024;-73.980771
A-2024-01-13;40:00.0;DESPISTE;1;1;1;APURIMAC;ANDAHUAYLAS;ANDAHUAYLAS;URBANA;CARRETERA;PROVINCIAL;AP-560;-13.657647;LLUVIOSO;COMERCIAL;CURVA;INCLINADA;ASFALTADA;NULL;NULL;NULL;NULL;IMPRUDENCIA DEL CONDUCTOR;CONDUCIR EN ESTADO DE EBRIEDAD Y/O DROGADICCIÓN;Avenida Ayacucho;14/1/2024;-73.390972
A-2024-01-89;00:00.0;DESPISTE;1;0;1;PUNO;SANDIA;QUIACA;RURAL;CARRETERA;PROVINCIAL;PU-593;-14.546854;NUBLADO;RURAL;CURVA;PLANA ;TROCHA;NULL;NULL;NULL;NULL;IMPRUDENCIA DEL CONDUCTOR;FATIGA Y/O CANSANCIO;PU-593;15/1/2024;-69.418436
A-2024-01-129;30:00.0;ATROPELLO;1;0;NULL;LIMA;LIMA;SAN MIGUEL;URBANA;AVENIDA;URBANO;NO CORRESPONDE;-12.086886;DESPEJADO;RESIDENCIAL;INTERSECCIÓN;PLANA ;ASFALTADA;NULL;NULL;NULL;NULL;IMPRUDENCIA DEL CONDUCTOR;GIRAR IMPRUDENTEMENTE;Prolongación Lima;15/1/2024;-77.083827
A-2024-01-128;30:00.0;DESPISTE;1;2;NULL;LIMA;LIMA;SAN JUAN DE LURIGANCHO;URBANA;AVENIDA;URBANO;NO CORRESPONDE;-11.935889;DESPEJADO;RESIDENCIAL;TRAMO RECTO;PLANA ;ASFALTADA;NULL;NULL;NULL;NULL;IMPRUDENCIA DEL CONDUCTOR;OTRO (IMPRUDENCIA DEL CONDUCTOR);Avenida Sinchi Roca;15/1/2024;-76.959331
A-2024-01-43;05:00.0;CHOQUE;1;0;2;TUMBES;TUMBES;TUMBES;URBANA;CARRETERA;DEPARTAMENTAL;TU-104;-3.579795;SOLEADO;COMERCIAL;TRAMO RECTO;PLANA ;ASFALTADA;NULL;NULL;NULL;NULL;IMPRUDENCIA DEL CONDUCTOR;OTRO (IMPRUDENCIA DEL CONDUCTOR);Avenida Universitaria;15/1/2024;-80.448933
A-2024-01-58;30:00.0;CHOQUE;1;0;2;AMAZONAS;UTCUBAMBA;EL MILAGRO;RURAL;CARRETERA;NACIONAL;PE-5NC;-5.711679;SOLEADO;RURAL;TRAMO RECTO;PLANA ;ASFALTADA;SI;REGULADORA (R);NULL;SI;EN PROCESO DE INVESTIGACIÓN;NO CUENTA CON CAUSA ESPECIFICA;PE-5NC;15/1/2024;-78.614155
A-2024-01-50;30:00.0;DESPISTE;4;0;1;HUANCAVELICA;HUANCAVELICA;HUANCAVELICA;RURAL;CARRETERA;NACIONAL;PE-26;-12.779639;DESPEJADO;RURAL;CURVA;PLANA ;ASFALTADA;NULL;NULL;NULL;NULL;EN PROCESO DE INVESTIGACIÓN;NO CUENTA CON CAUSA ESPECIFICA;Carretera Chincha - Huancavelica;15/1/2024;-75.027641
A-2024-01-23;15:00.0;CHOQUE;1;0;2;LA LIBERTAD;TRUJILLO;TRUJILLO;URBANA;CARRETERA;NACIONAL;PE-10A;-8.108898;DESPEJADO;INDUSTRIAL;INTERSECCIÓN;PLANA ;ASFALTADA;NULL;NULL;NULL;NULL;EN PROCESO DE INVESTIGACIÓN;NO CUENTA CON CAUSA ESPECIFICA;Carretera Industrial;15/1/2024;-78.996227
A-2024-01-69;15:00.0;ATROPELLO;1;0;1;ICA;PISCO;SAN CLEMENTE;RURAL;CARRETERA;NACIONAL;PE-1S;-13.670236;DESPEJADO;RURAL;TRAMO RECTO;PLANA ;ASFALTADA;NULL;NULL;NULL;NULL;EN PROCESO DE INVESTIGACIÓN;NO CUENTA CON CAUSA ESPECIFICA;Antigua Carretera Panamericana Sur;16/1/2024;-76.154361
A-2024-01-76;00:00.0;DESPISTE;1;0;NULL;JUNIN;HUANCAYO;SICAYA;RURAL;CARRETERA;PROVINCIAL;JU-877;-12.046583;DESPEJADO;RURAL;TRAMO RECTO;INCLINADA;ASFALTADA;NO;NULL;NULL;SI;IMPRUDENCIA DEL CONDUCTOR;CONDUCIR EN ESTADO DE EBRIEDAD Y/O DROGADICCIÓN;Sicaya;17/1/2024;-75.305283
A-2024-01-130;20:00.0;ATROPELLO;1;0;NULL;LIMA;LIMA;VILLA EL SALVADOR;URBANA;AVENIDA;URBANO;NO CORRESPONDE;-12.236266;DESPEJADO;COMERCIAL;INTERSECCIÓN;PLANA ;ASFALTADA;NULL;NULL;NULL;NULL;EN PROCESO DE INVESTIGACIÓN;NO CUENTA CON CAUSA ESPECIFICA;Avenida Separadora Industrial;17/1/2024;-76.916303
A-2024-01-12;30:00.0;DESPISTE;1;0;1;PUNO;CHUCUITO;POMATA;RURAL;CARRETERA;NACIONAL;PE-3S;-16.275652;DESPEJADO;RURAL;TRAMO RECTO;PLANA ;ASFALTADA;SI;REGULADORA (R);NULL;NO;IMPRUDENCIA DEL CONDUCTOR;EXCESO DE VELOCIDAD;Carretera Longitudinal de la Sierra Sur;17/1/2024;-69.289822
A-2024-01-26;10:00.0;ATROPELLO;1;2;1;CUSCO;CUSCO;SAN SEBASTIAN;URBANA;AVENIDA;URBANO;NO CORRESPONDE;-13.530218;DESPEJADO;ESCOLAR;CURVA;PLANA ;CONCRETO;SI;PREVENTIVA (P);NULL;NO;IMPRUDENCIA DEL CONDUCTOR;EXCESO DE VELOCIDAD;Avenida Cusco;17/1/2024;-71.938333
A-2024-01-44;00:00.0;CHOQUE FUGA;1;0;2;TUMBES;TUMBES;SAN JACINTO;RURAL;CARRETERA;DEPARTAMENTAL;TU-105;-3.715058;DESPEJADO;RURAL;CURVA;INCLINADA;ASFALTADA;NULL;NULL;NULL;NULL;IMPRUDENCIA DEL CONDUCTOR;INVASIÓN DE CARRIL;TU-105;17/1/2024;-80.453053