CÓDIGO SINIESTRO;HORA SINIESTRO;CLASE SINIESTRO;CANTIDAD DE FALLECIDOS;CANTIDAD DE LESIONADOS;CANTIDAD DE VEHICULOS DAÑADOS;DEPARTAMENTO;PROVINCIA;DISTRITO;ZONA;TIPO DE VÍA;RED VIAL;COD CARRETERA;COORDENADAS LATITUD;CONDICIÓN CLIMÁTICA;ZONIFICACIÓN;CARACTERÍSTICAS DE VÍA;PERFIL LONGITUDINAL VÍA;SUPERFICIE DE CALZADA;¿EXISTE SEÑAL VERTICAL?;CLASIFICACIÓN DE LA SEÑAL VERTICAL Nº 1;CLASIFICACIÓN DE LA SEÑAL VERTICAL Nº 2;¿EXISTE SEÑAL HORIZONTAL?;CAUSA FACTOR PRINCIPAL;CAUSA ESPECÍFICA;UBICACION;FECHA SINIESTRO;COORDENADAS LONGITUD
A-2024-01-114;00:00.0;DESPISTE;1;1;1;CAJAMARCA;CUTERVO;LA RAMADA;RURAL;CARRETERA;SIN CLASIFICAR;SIN CLASIFICAR;-6.243249;DESPEJADO;RURAL;CURVA;PLANA ;AFIRMADO;NULL;NULL;NULL;NULL;IMPRUDENCIA DEL CONDUCTOR;OTRO (IMPRUDENCIA DEL CONDUCTOR);La Ramada;18/1/2024;-78.552465
A-2024-01-51;00:00.0;DESPISTE;6;0;6;HUANCAVELICA;TAYACAJA;ACOSTAMBO;RURAL;CARRETERA;NACIONAL;PE-3S;-12.510753;DESPEJADO;RURAL;TRAMO RECTO;PLANA ;ASFALTADA;NULL;NULL;NULL;NULL;EN PROCESO DE INVESTIGACIÓN;NO CUENTA CON CAUSA ESPECIFICA;Carretera Longitudinal de la Sierra Sur;18/1/2024;-74.965932
A-2024-01-79;31:00.0;CHOQUE;1;3;NULL;PIURA;PIURA;LA UNION;RURAL;CARRETERA;NACIONAL;PE-1NK;-5.37521;DESPEJADO;RURAL;TRAMO RECTO;PLANA ;ASFALTADA;NULL;NULL;NULL;NULL;EN PROCESO DE INVESTIGACIÓN;NO CUENTA CON CAUSA ESPECIFICA;PI-1033;18/1/2024;-80.73528
A-2024-01-131;40:00.0;ATROPELLO;1;0;NULL;LIMA;LIMA;LURIGANCHO;URBANA;CARRETERA;NACIONAL;PE-22;-11.965512;DESPEJADO;COMERCIAL;TRAMO RECTO;PLANA ;ASFALTADA;NULL;NULL;NULL;NULL;IMPRUDENCIA DEL PEATÓN;CRUCE INDEBIDO POR LA CALZADA;Carretera Central;18/1/2024;-76.743315
A-2024-01-132;20:00.0;ATROPELLO;1;0;NULL;LIMA;LIMA;CIENEGUILLA;URBANA;AVENIDA;URBANO;NO CORRESPONDE;-12.131641;DESPEJADO;INDUSTRIAL;TRAMO RECTO;PLANA ;ASFALTADA;NULL;NULL;NULL;NULL;IMPRUDENCIA DEL PEATÓN;ESTADO DE EBRIEDAD Y/O DROGADICCIÓN;Avenida Luis Felipe de las Casas Grieve;18/1/2024;-76.818701
A-2024-01-98;00:00.0;CHOQUE;3;3;NULL;JUNIN;YAULI;LA OROYA;RURAL;CARRETERA;NACIONAL;PE-3S;-11.678067;DESPEJADO;RURAL;OTRO;PLANA ;ASFALTADA;SI;PREVENTIVA (P);PREVENTIVA (P);SI;IMPRUDENCIA DEL CONDUCTOR;INVASIÓN DE CARRIL;Carretera Longitudinal de la Sierra Sur;19/1/2024;-75.778992
A-2024-01-90;30:00.0;DESPISTE;1;1;1;PUNO;CARABAYA;AYAPATA;RURAL;CARRETERA;NACIONAL;PE-34B;-13.208625;DESPEJADO;RURAL;TRAMO RECTO;PLANA ;ASFALTADA;NULL;NULL;NULL;NULL;IMPRUDENCIA DEL CONDUCTOR;EXCESO DE VELOCIDAD;Carretera Interoceánica Puno - Madre de Dios;19/1/2024;-70.366476
A-2024-01-147;30:00.0;CHOQUE;1;0;NULL;LIMA;LIMA;SAN BORJA;URBANA;AVENIDA;URBANO;NO CORRESPONDE;-12.083865;DESPEJADO;COMERCIAL;TRAMO RECTO;PLANA ;ASFALTADA;NULL;NULL;NULL;NULL;IMPRUDENCIA DEL CONDUCTOR;CONDUCIR EN ESTADO DE EBRIEDAD Y/O DROGADICCIÓN;Avenida Circunvalación;20/1/2024;-76.984339
A-2024-01-84;40:00.0;VOLCADURA;1;0;1;PUNO;LAMPA;CALAPUJA;RURAL;CARRETERA;NACIONAL;PE-3S;-15.314595;DESPEJADO;RURAL;INTERSECCIÓN;PLANA ;ASFALTADA;NULL;NULL;NULL;NULL;IMPRUDENCIA DEL CONDUCTOR;CONDUCIR EN ESTADO DE EBRIEDAD Y/O DROGADICCIÓN;Carretera Longitudinal de la Sierra Sur;20/1/2024;-70.205073
A-2024-01-24;00:00.0;ATROPELLO FUGA;1;1;NULL;LA LIBERTAD;TRUJILLO;LA ESPERANZA;URBANA;AVENIDA;URBANO;NO CORRESPONDE;-8.062267;DESPEJADO;COMERCIAL;INTERSECCIÓN;PLANA ;ASFALTADA;NULL;NULL;NULL;NULL;IMPRUDENCIA DEL PEATÓN;OTRO (IMPRUDENCIA DEL PEATÓN);Avenida Indoamérica;21/1/2024;-79.052312
A-2024-01-105;00:00.0;DESPISTE;1;0;1;PASCO;DANIEL ALCIDES CARRION;SAN PEDRO DE PILLAO;RURAL;CARRETERA;PROVINCIAL;PA-504;-10.438537;NUBLADO;RURAL;TRAMO RECTO;PLANA ;TROCHA;NULL;NULL;NULL;NULL;IMPRUDENCIA DEL CONDUCTOR;FATIGA Y/O CANSANCIO;PA-504;21/1/2024;-76.52293
A-2024-01-115;30:00.0;DESPISTE;1;5;1;CAJAMARCA;CUTERVO;CUTERVO;URBANA;CARRETERA;SIN CLASIFICAR;SIN CLASIFICAR;-6.476581;DESPEJADO;RESIDENCIAL;TRAMO RECTO;PLANA ;AFIRMADO;NULL;NULL;NULL;NULL;IMPRUDENCIA DEL CONDUCTOR;EXCESO DE VELOCIDAD;Cutervo;21/1/2024;-78.769667
A-2024-01-80;40:00.0;DESPISTE;1;0;NULL;PIURA;PIURA;PIURA;URBANA;CARRETERA;NACIONAL;PE-1N;-5.10959;DESPEJADO;RURAL;TRAMO RECTO;PLANA ;ASFALTADA;NULL;NULL;NULL;NULL;EN PROCESO DE INVESTIGACIÓN;NO CUENTA CON CAUSA ESPECIFICA;Carretera Panamericana Norte;21/1/2024;-80.70302
A-2024-01-14-B;20:00.0;DESPISTE;1;0;1;AREQUIPA;AREQUIPA;QUEQUEÑA;URBANA;CARRETERA;DEPARTAMENTAL;AR-117;-16.527119;DESPEJADO;RESIDENCIAL;TRAMO RECTO;INCLINADA;ASFALTADA;NO;NULL;NULL;SI;EN PROCESO DE INVESTIGACIÓN;NO CUENTA CON CAUSA ESPECIFICA;Alameda Héroes de Quequeña;21/1/2024;-71.483392
A-2024-01-28;00:00.0;CHOQUE;1;0;2;LA LIBERTAD;TRUJILLO;LAREDO;RURAL;CARRETERA;PROVINCIAL;LI-1078;-8.06846;DESPEJADO;RURAL;TRAMO RECTO;PLANA ;CONCRETO;NULL;NULL;NULL;NULL;IMPRUDENCIA DEL CONDUCTOR;CONDUCIR EN ESTADO DE EBRIEDAD Y/O DROGADICCIÓN;LI-1078;21/1/2024;-78.821288
A-2024-01-134;00:00.0;ATROPELLO FUGA;1;0;NULL;LIMA;LIMA;LA VICTORIA;URBANA;AVENIDA;URBANO;NO CORRESPONDE;-12.059578;DESPEJADO;COMERCIAL;TRAMO RECTO;PLANA ;ASFALTADA;NULL;NULL;NULL;NULL;EN PROCESO DE INVESTIGACIÓN;NO CUENTA CON CAUSA ESPECIFICA;Avenida Almirante Miguel Grau;22/1/2024;-77.034897
A-2024-01-133;20:00.0;ATROPELLO;1;0;NULL;LIMA;LIMA;SAN JUAN DE MIRAFLORES;URBANA;AVENIDA;URBANO;NO CORRESPONDE;-12.158505;DESPEJADO;RESIDENCIAL;TRAMO RECTO;PLANA ;ASFALTADA;NULL;NULL;NULL;NULL;EN PROCESO DE INVESTIGACIÓN;NO CUENTA CON CAUSA ESPECIFICA;Jirón Túpac Amaru;22/1/2024;-76.958323
A-2024-01-31;25:00.0;ESPECIAL;1;0;NULL;LA LIBERTAD;CHEPEN;PACANGA;RURAL;CARRETERA;SIN CLASIFICAR;SIN CLASIFICAR;-7.147053;DESPEJADO;RURAL;TRAMO RECTO;PLANA ;AFIRMADO;NULL;NULL;NULL;NULL;EN PROCESO DE INVESTIGACIÓN;NO CUENTA CON CAUSA ESPECIFICA;Pacanguilla;22/1/2024;-79.419861
A-2024-01-116;00:00.0;CAÍDA DE PASAJERO;1;0;1;CAJAMARCA;SAN MIGUEL;CALQUIS;RURAL;CARRETERA;PROVINCIAL;CA-1217;-6.936034;DESPEJADO;RURAL;CURVA;INCLINADA;AFIRMADO;NULL;NULL;NULL;NULL;NEGLIGENCIA DEL CONDUCTOR;OTRO (NEGLIGENCIA DEL CONDUCTOR);CA-1217;22/1/2024;-78.986342
A-2024-01-77;10:00.0;DESPISTE;1;2;NULL;JUNIN;JUNIN;CARHUAMAYO;RURAL;CARRETERA;NACIONAL;PE-3N;-10.972448;DESPEJADO;RURAL;TRAMO RECTO;PLANA ;ASFALTADA;NO;NULL;NULL;SI;IMPRUDENCIA DEL CONDUCTOR;OTRO (IMPRUDENCIA DEL CONDUCTOR);Carretera Longitudinal de la Sierra Norte;23/1/2024;-76.038743
A-2024-01-45;10:00.0;DESPISTE;1;0;1;TUMBES;ZARUMILLA;PAPAYAL;RURAL;CARRETERA;DEPARTAMENTAL;TU-101;-3.535303;DESPEJADO;RURAL;TRAMO RECTO;PLANA ;ASFALTADA;NULL;NULL;NULL;NULL;IMPRUDENCIA DEL CONDUCTOR;OTRO (IMPRUDENCIA DEL CONDUCTOR);TU-101;23/1/2024;-80.234928
A-2024-01-100;20:00.0;DESPISTE;3;3;1;AYACUCHO;PAUCAR DEL SARA SARA;COLTA;RURAL;CARRETERA;SIN CLASIFICAR;SIN CLASIFICAR;-15.206664;LLUVIOSO;RURAL;CURVA;INCLINADA;AFIRMADO;NULL;NULL;NULL;NULL;IMPRUDENCIA DEL CONDUCTOR;OTRO (IMPRUDENCIA DEL CONDUCTOR);Pomacocha;23/1/2024;-73.286689
A-2024-01-32;40:00.0;DESPISTE;1;3;1;LA LIBERTAD;CHEPEN;PACANGA;RURAL;CARRETERA;NACIONAL;PE-1N;-7.155463;DESPEJADO;RURAL;TRAMO RECTO;PLANA ;ASFALTADA;NULL;NULL;NULL;NULL;EN PROCESO DE INVESTIGACIÓN;NO CUENTA CON CAUSA ESPECIFICA;Carretera Panamericana Norte;23/1/2024;-79.444907
A-2024-01-81;10:00.0;DESPISTE;1;0;NULL;PIURA;PIURA;CASTILLA;URBANA;AVENIDA;URBANO;NO CORRESPONDE;-5.18044;DESPEJADO;ESCOLAR;TRAMO RECTO;PLANA ;ASFALTADA;NULL;NULL;NULL;NULL;EN PROCESO DE INVESTIGACIÓN;NO CUENTA CON CAUSA ESPECIFICA;Miraflores;24/1/2024;-80.598875
A-2024-01-85;30:00.0;DESPISTE;2;3;1;PUNO;CARABAYA;USICAYOS;RURAL;CARRETERA;PROVINCIAL;PU-552;-14.116957;NUBLADO;RURAL;CURVA;INCLINADA;TROCHA;NULL;NULL;NULL;NULL;IMPRUDENCIA DEL CONDUCTOR;CONDUCIR EN ESTADO DE EBRIEDAD Y/O DROGADICCIÓN;Pusca;24/1/2024;-69.888467
A-2024-01-94;40:00.0;DESPISTE;1;2;1;AYACUCHO;HUAMANGA;SAN JUAN BAUTISTA;URBANA;AVENIDA;URBANO;NO CORRESPONDE;-13.168263;DESPEJADO;RESIDENCIAL;TRAMO RECTO;INCLINADA;ASFALTADA;NULL;NULL;NULL;NULL;IMPRUDENCIA DEL CONDUCTOR;CONDUCIR EN ESTADO DE EBRIEDAD Y/O DROGADICCIÓN;Jirón Luis Carranza;24/1/2024;-74.221713
A-2024-01-33;00:00.0;DESPISTE;1;1;1;LA LIBERTAD;PATAZ;PIAS;RURAL;CARRETERA;NACIONAL;PE-10C;-7.878127;DESPEJADO;RURAL;TRAMO RECTO;PLANA ;AFIRMADO;NULL;NULL;NULL;NULL;EN PROCESO DE INVESTIGACIÓN;NO CUENTA CON CAUSA ESPECIFICA;PE-10C;24/1/2024;-77.625539
A-2024-01-118;00:00.0;ATROPELLO;1;0;NULL;CAJAMARCA;CHOTA;CHALAMARCA;URBANA;OTRO;URBANO;NO CORRESPONDE;-6.504739;DESPEJADO;COMERCIAL;OTRO;PLANA ;CASCAJO/RIPIO;NULL;NULL;NULL;NULL;NEGLIGENCIA DEL CONDUCTOR;OTRO (NEGLIGENCIA DEL CONDUCTOR);CA-925;24/1/2024;-78.48141
A-2024-01-15;10:00.0;CHOQUE;1;1;2;AREQUIPA;AREQUIPA;CERRO COLORADO;URBANA;AVENIDA;URBANO;NO CORRESPONDE;-16.323002;DESPEJADO;RESIDENCIAL;TRAMO RECTO;PLANA ;ASFALTADA;NO;NULL;NULL;SI;EN PROCESO DE INVESTIGACIÓN;NO CUENTA CON CAUSA ESPECIFICA;Avenida Municipal;24/1/2024;-71.591658
A-2024-01-55;10:00.0;CHOQUE;1;0;2;SAN MARTIN;RIOJA;RIOJA;RURAL;CARRETERA;NACIONAL;PE-5N;-6.032884;DESPEJADO;RURAL;TRAMO RECTO;PLANA ;ASFALTADA;SI;PREVENTIVA (P);PREVENTIVA (P);NO;IMPRUDENCIA DEL CONDUCTOR;OTRO (IMPRUDENCIA DEL CONDUCTOR);Carretera Presidente Fernando Belaúnde Terry;24/1/2024;-77.203903
A-2024-01-120;00:00.0;ATROPELLO;1;1;1;CAJAMARCA;CAJAMARCA;LLACANORA;RURAL;CARRETERA;NACIONAL;PE-3N;-7.203838;DESPEJADO;RURAL;TRAMO RECTO;PLANA ;ASFALTADA;NO;NULL;NULL;SI;IMPRUDENCIA DEL CONDUCTOR;OTRO (IMPRUDENCIA DEL CONDUCTOR);Carretera Longitudinal de la Sierra Norte;24/1/2024;-78.444982
A-2024-01-34;30:00.0;DESPISTE;1;0;1;LA LIBERTAD;OTUZCO;USQUIL;RURAL;CARRETERA;DEPARTAMENTAL;LI-111;-7.837363;DESPEJADO;RURAL;TRAMO RECTO;PLANA ;ASFALTADA;NULL;NULL;NULL;NULL;EN PROCESO DE INVESTIGACIÓN;NO CUENTA CON CAUSA ESPECIFICA;LI-111;25/1/2024;-78.393389
A-2024-01-135;30:00.0;ATROPELLO;1;0;NULL;LIMA;LIMA;LIMA;URBANA;AVENIDA;URBANO;NO CORRESPONDE;-12.05818;DESPEJADO;COMERCIAL;TRAMO RECTO;PLANA ;ASFALTADA;NULL;NULL;NULL;NULL;IMPRUDENCIA DEL CONDUCTOR;OTRO (IMPRUDENCIA DEL CONDUCTOR);Avenida Nicolás de Ayllón;25/1/2024;-77.009378
A-2024-01-40;00:00.0;ESPECIAL;1;1;1;CUSCO;LA CONVENCION;HUAYOPATA;RURAL;CARRETERA;NACIONAL;PE-28B;-13.083334;DESPEJADO;RURAL;CURVA;INCLINADA;ASFALTADA;NO;NULL;NULL;SI;IMPRUDENCIA DEL CONDUCTOR;OTRO (IMPRUDENCIA DEL CONDUCTOR);PE-28B;25/1/2024;-72.371082
A-2024-01-149;30:00.0;DESPISTE;1;0;NULL;LIMA;LIMA;LA MOLINA;URBANA;AVENIDA;URBANO;NO CORRESPONDE;-12.091061;DESPEJADO;RESIDENCIAL;TRAMO RECTO;PLANA ;ASFALTADA;NULL;NULL;NULL;NULL;IMPRUDENCIA DEL CONDUCTOR;OTRO (IMPRUDENCIA DEL CONDUCTOR);Avenida Los Fresnos;25/1/2024;-76.947278
A-2024-01-148;00:00.0;CHOQUE;1;0;NULL;LIMA;LIMA;EL AGUSTINO;URBANA;AVENIDA;URBANO;NO CORRESPONDE;-12.033417;DESPEJADO;COMERCIAL;INTERSECCIÓN;PLANA ;ASFALTADA;SI;REGULADORA (R);PREVENTIVA (P);NO;IMPRUDENCIA DEL CONDUCTOR;ADELANTAR INDEBIDAMENTE;Avenida José Carlos Mariátegui;25/1/2024;-76.998236
A-2024-01-16;20:00.0;ATROPELLO;1;0;2;AREQUIPA;AREQUIPA;AREQUIPA;URBANA;CALLE;URBANO;NO CORRESPONDE;-16.404338;DESPEJADO;COMERCIAL;INTERSECCIÓN;INCLINADA;ASFALTADA;NO;NULL;NULL;NO;EN PROCESO DE INVESTIGACIÓN;NO CUENTA CON CAUSA ESPECIFICA;Calle Nueva;25/1/2024;-71.532858
A-2024-01-97;00:00.0;VOLCADURA;1;0;1;AYACUCHO;HUAMANGA;VINCHOS;RURAL;CARRETERA;PROVINCIAL;AY-864;-13.382;LLUVIOSO;RURAL;CURVA;INCLINADA;AFIRMADO;NULL;NULL;NULL;NULL;INFRAESTRUCTURA Y ENTORNO VIAL;FACTOR AMBIENTAL;Milpo;26/1/2024;-74.376
A-2024-01-150;00:00.0;CHOQUE;1;0;NULL;LIMA;LIMA;SANTIAGO DE SURCO;URBANA;CARRETERA;NACIONAL;PE-1S;-12.103571;DESPEJADO;RESIDENCIAL;TRAMO RECTO;PLANA ;ASFALTADA;NULL;NULL;NULL;NULL;IMPRUDENCIA DEL CONDUCTOR;INVASIÓN DE CARRIL;Carretera Panamericana Sur;26/1/2024;-76.979097
A-2024-01-151;12:00.0;CHOQUE;2;12;NULL;LIMA;LIMA;LURIGANCHO;URBANA;CARRETERA;NACIONAL;PE-22;-12.019916;DESPEJADO;INDUSTRIAL;TRAMO RECTO;PLANA ;ASFALTADA;NULL;NULL;NULL;NULL;IMPRUDENCIA DEL CONDUCTOR;EXCESO DE VELOCIDAD;Avenida Los Cisnes;26/1/2024;-76.949666
A-2024-01-17;00:00.0;ATROPELLO;1;0;1;AREQUIPA;ISLAY;MOLLENDO;RURAL;CARRETERA;NACIONAL;PE-34;-16.697181;DESPEJADO;RURAL;TRAMO RECTO;INCLINADA;ASFALTADA;NO;NULL;NULL;SI;EN PROCESO DE INVESTIGACIÓN;NO CUENTA CON CAUSA ESPECIFICA;Carretera Interoceánica Sur;26/1/2024;-71.923837
A-2024-01-70;00:00.0;ATROPELLO;1;0;1;ICA;ICA;PARCONA;URBANA;CALLE;URBANO;NO CORRESPONDE;-14.046289;DESPEJADO;RESIDENCIAL;TRAMO RECTO;PLANA ;ASFALTADA;NULL;NULL;NULL;NULL;IMPRUDENCIA DEL CONDUCTOR;CONDUCIR EN ESTADO DE EBRIEDAD Y/O DROGADICCIÓN;Lima;26/1/2024;-75.70471
A-2024-01-101;07:00.0;CHOQUE;1;0;NULL;CALLAO;CALLAO;LA PERLA;URBANA;CARRETERA;DEPARTAMENTAL;CL-100;-12.07487;DESPEJADO;RESIDENCIAL;TRAMO RECTO;PLANA ;ASFALTADA;SI;REGULADORA (R);NULL;SI;IMPRUDENCIA DEL CONDUCTOR;OTRO (IMPRUDENCIA DEL CONDUCTOR);Avenida Costanera;27/1/2024;-77.12069
A-2024-01-86;17:00.0;CHOQUE;1;1;2;PUNO;SAN ROMAN;SAN MIGUEL;RURAL;CARRETERA;NACIONAL;PE-3S;-15.409374;DESPEJADO;RURAL;TRAMO RECTO;PLANA ;ASFALTADA;NULL;NULL;NULL;NULL;IMPRUDENCIA DEL CONDUCTOR;EXCESO DE VELOCIDAD;Carretera Longitudinal de la Sierra Sur;27/1/2024;-70.150115
A-2024-01-25;00:00.0;DESPISTE;1;0;1;AREQUIPA;AREQUIPA;JOSE LUIS BUSTAMANTE Y RIVERO;URBANA;CARRETERA;NACIONAL;PE-34C;-16.424799;DESPEJADO;COMERCIAL;TRAMO RECTO;INCLINADA;ASFALTADA;NO;NULL;NULL;SI;EN PROCESO DE INVESTIGACIÓN;NO CUENTA CON CAUSA ESPECIFICA;Andrés Avelino Cáceres;28/1/2024;-71.53698
A-2024-01-71;40:00.0;DESPISTE;1;0;1;ICA;ICA;LA TINGUIÑA;RURAL;CARRETERA;PROVINCIAL;IC-631;-14.011191;DESPEJADO;RURAL;TRAMO RECTO;PLANA ;TROCHA;NULL;NULL;NULL;NULL;EN PROCESO DE INVESTIGACIÓN;NO CUENTA CON CAUSA ESPECIFICA;Fernando León de Vivero;28/1/2024;-75.702427
A-2024-01-38;00:00.0;ATROPELLO;1;0;1;CUSCO;QUISPICANCHI;OCONGATE;URBANA;CARRETERA;NACIONAL;PE-30C;-13.63047;DESPEJADO;COMERCIAL;TRAMO RECTO;PLANA ;ASFALTADA;SI;PREVENTIVA (P);NULL;SI;IMPRUDENCIA DEL PEATÓN;CRUCE INDEBIDO POR LA CALZADA;Interoceánica Sur;28/1/2024;-71.386307
A-2024-01-87;20:00.0;DESPISTE;1;0;1;PUNO;AZANGARO;MUÑANI;RURAL;CARRETERA;DEPARTAMENTAL;PU-111;-14.759242;DESPEJADO;RURAL;TRAMO RECTO;PLANA ;ASFALTADA;NULL;NULL;NULL;NULL;INFRAESTRUCTURA Y ENTORNO VIAL;FACTOR AMBIENTAL;PU-111;28/1/2024;-69.984168
A-2022-02-273;10:00.0;CHOQUE;1;1;2;LAMBAYEQUE;CHICLAYO;CAYALTI;URBANA;CALLE;URBANO;NO CORRESPONDE;-6.89054;DESPEJADO;RESIDENCIAL;TRAMO RECTO;PLANA ;ASFALTADA;NULL;NULL;NULL;NULL;EN PROCESO DE INVESTIGACIÓN;NO CUENTA CON CAUSA ESPECIFICA;Calle Ramón Castilla;20/2/2022;-79.562512
A-2022-02-225;40:00.0;DESPISTE;1;0;1;CUSCO;CUSCO;WANCHAQ;URBANA;AVENIDA;URBANO;NO CORRESPONDE;-13.531243;LLUVIOSO;RESIDENCIAL;TRAMO RECTO;INCLINADA;ASFALTADA;NULL;NULL;NULL;NULL;IMPRUDENCIA DEL CONDUCTOR;CONDUCIR EN ESTADO DE EBRIEDAD Y/O DROGADICCIÓN;Prolongación Avenida Túpac Amaru;20/2/2022;-71.947992
A-2022-02-103;30:00.0;CHOQUE;1;0;2;LAMBAYEQUE;LAMBAYEQUE;LAMBAYEQUE;RURAL;CARRETERA;NACIONAL;PE-1N;-6.72717;DESPEJADO;RURAL;TRAMO RECTO;PLANA ;ASFALTADA;NULL;NULL;NULL;NULL;EN PROCESO DE INVESTIGACIÓN;NO CUENTA CON CAUSA ESPECIFICA;Panamericana Norte;20/2/2022;-79.890131
A-2022-02-209;00:00.0;ATROPELLO FUGA;1;0;NULL;CUSCO;URUBAMBA;HUAYLLABAMBA;RURAL;CARRETERA;NACIONAL;PE-28B;-13.331824;DESPEJADO;RURAL;TRAMO RECTO;PLANA ;ASFALTADA;NULL;NULL;NULL;NULL;IMPRUDENCIA DEL CONDUCTOR;EXCESO DE VELOCIDAD;PE-28B;20/2/2022;-72.059677
A-2022-02-102;11:00.0;CHOQUE;1;0;2;SAN MARTIN;RIOJA;NUEVA CAJAMARCA;URBANA;CARRETERA;NACIONAL;PE-5N;-5.944189;LLUVIOSO;COMERCIAL;TRAMO RECTO;PLANA ;ASFALTADA;NULL;NULL;NULL;NULL;IMPERICIA DEL CONDUCTOR;NULL;Carretera Presidente Fernando Belaúnde Terry;20/2/2022;-77.305847
A-2022-02-99;30:00.0;ATROPELLO;1;0;1;AREQUIPA;AREQUIPA;CERRO COLORADO;URBANA;CARRETERA;NACIONAL;PE-34A;-16.382368;DESPEJADO;COMERCIAL;TRAMO RECTO;INCLINADA;ASFALTADA;NULL;NULL;NULL;NULL;EN PROCESO DE INVESTIGACIÓN;NO CUENTA CON CAUSA ESPECIFICA;Jirón Lampa;20/2/2022;-71.577284
A-2022-02-104;30:00.0;ATROPELLO FUGA;1;0;0;LAMBAYEQUE;FERREÑAFE;FERREÑAFE;RURAL;CARRETERA;DEPARTAMENTAL;LA-111;-6.665822;DESPEJADO;RURAL;TRAMO RECTO;PLANA ;ASFALTADA;NULL;NULL;NULL;NULL;EN PROCESO DE INVESTIGACIÓN;NO CUENTA CON CAUSA ESPECIFICA;Carretera Picsi - Ferreñafe;20/2/2022;-79.786422
A-2022-02-171;30:00.0;DESPISTE;1;0;1;CAJAMARCA;CAJAMARCA;CAJAMARCA;URBANA;CARRETERA;NACIONAL;PE-3N;-7.179302;DESPEJADO;RURAL;INTERSECCIÓN;PLANA ;ASFALTADA;NULL;NULL;NULL;NULL;EN PROCESO DE INVESTIGACIÓN;NO CUENTA CON CAUSA ESPECIFICA;Carretera Longitudinal de la Sierra Norte;21/2/2022;-78.485398
A-2022-02-247;00:00.0;DESPISTE;1;0;1;PASCO;PASCO;PAUCARTAMBO;RURAL;CARRETERA;PROVINCIAL;PA-619;-10.764565;DESPEJADO;RURAL;SINUOSA;INCLINADA;TROCHA;NULL;NULL;NULL;NULL;EN PROCESO DE INVESTIGACIÓN;NO CUENTA CON CAUSA ESPECIFICA;Huallamayo;21/2/2022;-75.709941
A-2022-02-105;24:00.0;DESPISTE;1;0;1;ICA;ICA;SANTIAGO;URBANA;CARRETERA;NACIONAL;PE-1S;-14.280672;DESPEJADO;RURAL;TRAMO RECTO;PLANA ;ASFALTADA;NULL;NULL;NULL;NULL;IMPRUDENCIA DEL CONDUCTOR;EXCESO DE VELOCIDAD;Santa Petronila;21/2/2022;-75.682183
A-2022-02-303;20:00.0;CHOQUE;1;0;2;LIMA;HUAURA;SAYAN;RURAL;CARRETERA;NACIONAL;PE-18;-11.1404;DESPEJADO;RURAL;TRAMO RECTO;PLANA ;ASFALTADA;SI;REGULADORA (R);NULL;NO;IMPRUDENCIA DEL CONDUCTOR;CONDUCIR EN ESTADO DE EBRIEDAD Y/O DROGADICCIÓN;Carretera Huaura - Ambo;21/2/2022;-77.23035
A-2022-02-184;30:00.0;DESPISTE;1;0;1;LAMBAYEQUE;CHICLAYO;CAYALTI;RURAL;CARRETERA;SIN CLASIFICAR;SIN CLASIFICAR;-6.885022;DESPEJADO;RURAL;TRAMO RECTO;PLANA ;TROCHA;NULL;NULL;NULL;NULL;EN PROCESO DE INVESTIGACIÓN;NO CUENTA CON CAUSA ESPECIFICA;Cayaltí;21/2/2022;-79.53013
A-2022-02-121;30:00.0;ATROPELLO FUGA;1;0;1;LA LIBERTAD;PACASMAYO;JEQUETEPEQUE;RURAL;CARRETERA;NACIONAL;PE-1N;-7.364211;DESPEJADO;RURAL;TRAMO RECTO;PLANA ;ASFALTADA;NULL;NULL;NULL;NULL;EN PROCESO DE INVESTIGACIÓN;NO CUENTA CON CAUSA ESPECIFICA;Carretera Panamericana Norte;22/2/2022;-79.527766
A-2022-02-213;50:00.0;CHOQUE;1;0;2;AREQUIPA;CARAVELI;ATIQUIPA;RURAL;CARRETERA;NACIONAL;PE-1S;-15.812568;DESPEJADO;RURAL;TRAMO RECTO;PLANA ;ASFALTADA;NULL;NULL;NULL;NULL;EN PROCESO DE INVESTIGACIÓN;NO CUENTA CON CAUSA ESPECIFICA;Carretera Panamericana Sur;22/2/2022;-74.385801
A-2022-02-130;45:00.0;DESPISTE;1;0;1;LA LIBERTAD;CHEPEN;CHEPEN;RURAL;CARRETERA;NACIONAL;PE-1N;-7.200124;DESPEJADO;RURAL;TRAMO RECTO;PLANA ;ASFALTADA;NULL;NULL;NULL;NULL;EN PROCESO DE INVESTIGACIÓN;NO CUENTA CON CAUSA ESPECIFICA;Carretera Panamericana Norte;22/2/2022;-79.428254
A-2022-02-161;30:00.0;CHOQUE;1;1;2;LIMA;HUAURA;HUACHO;RURAL;CARRETERA;NACIONAL;PE-1N;-11.138223;DESPEJADO;RURAL;TRAMO RECTO;PLANA ;ASFALTADA;NULL;NULL;NULL;NULL;IMPRUDENCIA DEL CONDUCTOR;EXCESO DE VELOCIDAD;Carretera Panamericana Norte;22/2/2022;-77.596956