CÓDIGO SINIESTRO;HORA SINIESTRO;CLASE SINIESTRO;CANTIDAD DE FALLECIDOS;CANTIDAD DE LESIONADOS;CANTIDAD DE VEHICULOS DAÑADOS;DEPARTAMENTO;PROVINCIA;DISTRITO;ZONA;TIPO DE VÍA;RED VIAL;COD CARRETERA;COORDENADAS LATITUD;CONDICIÓN CLIMÁTICA;ZONIFICACIÓN;CARACTERÍSTICAS DE VÍA;PERFIL LONGITUDINAL VÍA;SUPERFICIE DE CALZADA;¿EXISTE SEÑAL VERTICAL?;CLASIFICACIÓN DE LA SEÑAL VERTICAL Nº 1;CLASIFICACIÓN DE LA SEÑAL VERTICAL Nº 2;¿EXISTE SEÑAL HORIZONTAL?;CAUSA FACTOR PRINCIPAL;CAUSA ESPECÍFICA;UBICACION;FECHA SINIESTRO;COORDENADAS LONGITUD
A-2022-02-117;30:00.0;DESPISTE;1;1;1;ICA;ICA;SANTIAGO;URBANA;CARRETERA;NACIONAL;PE-1S;-14.270906;SOLEADO;RURAL;CURVA;PLANA ;ASFALTADA;NULL;NULL;NULL;NULL;EN PROCESO DE INVESTIGACIÓN;NO CUENTA CON CAUSA ESPECIFICA;Carretera Panamericana Sur;22/2/2022;-75.683947
A-2022-02-292;20:00.0;ATROPELLO;1;0;NULL;ANCASH;HUARMEY;HUARMEY;RURAL;CARRETERA;NACIONAL;PE-1N;-10.332245;DESPEJADO;RURAL;TRAMO RECTO;PLANA ;ASFALTADA;NULL;NULL;NULL;NULL;EN PROCESO DE INVESTIGACIÓN;NO CUENTA CON CAUSA ESPECIFICA;Panamericana Norte;22/2/2022;-78.047975
A-2022-02-185;35:00.0;DESPISTE;1;0;1;LAMBAYEQUE;CHICLAYO;SANTA ROSA;RURAL;CARRETERA;PROVINCIAL;LA-782;-6.855076;DESPEJADO;RURAL;TRAMO RECTO;PLANA ;TROCHA;NULL;NULL;NULL;NULL;EN PROCESO DE INVESTIGACIÓN;NO CUENTA CON CAUSA ESPECIFICA;Valle Hermoso;23/2/2022;-79.904741
A-2022-02-242;50:00.0;CAÍDA DE PASAJERO;1;0;0;LIMA;LIMA;SAN MARTIN DE PORRES;URBANA;AVENIDA;URBANO;NO CORRESPONDE;-12.023764;DESPEJADO;ESCOLAR;TRAMO RECTO;PLANA ;ASFALTADA;NULL;NULL;NULL;NULL;EN PROCESO DE INVESTIGACIÓN;NO CUENTA CON CAUSA ESPECIFICA;Avenida Universitaria;23/2/2022;-77.074466
A-2022-02-173;10:00.0;VOLCADURA;2;13;NULL;CAJAMARCA;SAN PABLO;TUMBADEN;RURAL;CARRETERA;PROVINCIAL;CA-1254;-7.062957;NULL;NULL;NULL;NULL;NULL;NULL;NULL;NULL;NULL;EN PROCESO DE INVESTIGACIÓN;NO CUENTA CON CAUSA ESPECIFICA;PE-08A;23/2/2022;-78.71954
A-2022-02-197;10:00.0;ATROPELLO;1;1;1;CAJAMARCA;CONTUMAZA;YONAN;URBANA;CARRETERA;NACIONAL;PE-08;-7.192946;DESPEJADO;RURAL;TRAMO RECTO;PLANA ;ASFALTADA;NULL;NULL;NULL;NULL;EN PROCESO DE INVESTIGACIÓN;NO CUENTA CON CAUSA ESPECIFICA;Carretera Ciudad de Dios - Cajamarca;23/2/2022;-78.973489
A-2022-02-128;30:00.0;DESPISTE;2;3;1;LA LIBERTAD;PATAZ;PARCOY;RURAL;CARRETERA;NACIONAL;PE-10C;-8.044529;LLUVIOSO;RURAL;CURVA;PLANA ;TROCHA;NULL;NULL;NULL;NULL;IMPRUDENCIA DEL CONDUCTOR;OTRO (IMPRUDENCIA DEL CONDUCTOR);PE-10C;23/2/2022;-77.440122
A-2022-02-123;50:00.0;CHOQUE;1;6;2;AREQUIPA;CAYLLOMA;MAJES;RURAL;CARRETERA;NACIONAL;PE-1S;-16.378563;DESPEJADO;RURAL;TRAMO RECTO;PLANA ;ASFALTADA;SI;REGULADORA (R);NULL;SI;EN PROCESO DE INVESTIGACIÓN;NO CUENTA CON CAUSA ESPECIFICA;Carretera Panamericana Sur;23/2/2022;-72.181366
A-2022-02-172;30:00.0;ATROPELLO;1;0;1;LAMBAYEQUE;LAMBAYEQUE;MORROPE;URBANA;CARRETERA;NACIONAL;PE-1N;-6.544446;DESPEJADO;RESIDENCIAL;TRAMO RECTO;PLANA ;ASFALTADA;NULL;NULL;NULL;NULL;EN PROCESO DE INVESTIGACIÓN;NO CUENTA CON CAUSA ESPECIFICA;Carretera Panamericana Norte;23/2/2022;-80.014918
A-2022-02-170;20:00.0;ATROPELLO;1;0;1;LAMBAYEQUE;CHICLAYO;REQUE;URBANA;CARRETERA;NACIONAL;PE-1N;-6.872421;DESPEJADO;RESIDENCIAL;TRAMO RECTO;PLANA ;ASFALTADA;NULL;NULL;NULL;NULL;EN PROCESO DE INVESTIGACIÓN;NO CUENTA CON CAUSA ESPECIFICA;Avenida Mariscal Castilla;23/2/2022;-79.817412
A-2022-02-119;45:00.0;ATROPELLO;1;0;0;CALLAO;CALLAO;CALLAO;URBANA;AVENIDA;URBANO;NO CORRESPONDE;-12.053946;DESPEJADO;RESIDENCIAL;TRAMO RECTO;PLANA ;ASFALTADA;SI;REGULADORA (R);NULL;SI;IMPRUDENCIA DEL CONDUCTOR;EXCESO DE VELOCIDAD;Avenida Comandante Pérez Salmón;24/2/2022;-77.119968
A-2022-02-241;15:00.0;ESPECIAL;1;0;0;LIMA;LIMA;LIMA;URBANA;AVENIDA;URBANO;NO CORRESPONDE;-12.059552;DESPEJADO;INDUSTRIAL;TRAMO RECTO;PLANA ;ASFALTADA;NULL;NULL;NULL;NULL;EN PROCESO DE INVESTIGACIÓN;NO CUENTA CON CAUSA ESPECIFICA;Jirón Ezequiel Ossio Peñaranda;24/2/2022;-77.078012
A-2022-02-139;30:00.0;CHOQUE;3;2;2;PUNO;AZANGARO;SAMAN;RURAL;CARRETERA;NACIONAL;PE-34H;-15.341379;DESPEJADO;RURAL;TRAMO RECTO;PLANA ;ASFALTADA;NULL;NULL;NULL;NULL;IMPRUDENCIA DEL CONDUCTOR;OTRO (IMPRUDENCIA DEL CONDUCTOR);PE-34H;24/2/2022;-70.04368
A-2022-02-187;30:00.0;DESPISTE;2;0;1;LAMBAYEQUE;FERREÑAFE;PUEBLO NUEVO;RURAL;CARRETERA;DEPARTAMENTAL;LA-107;-6.603333;DESPEJADO;RURAL;TRAMO RECTO;PLANA ;ASFALTADA;NULL;NULL;NULL;NULL;EN PROCESO DE INVESTIGACIÓN;NO CUENTA CON CAUSA ESPECIFICA;Avenida Libertad;24/2/2022;-79.816003
A-2022-02-186;00:00.0;CHOQUE;2;0;1;LAMBAYEQUE;CHICLAYO;PATAPO;RURAL;CARRETERA;NACIONAL;PE-06A;-6.740838;DESPEJADO;RURAL;TRAMO RECTO;PLANA ;ASFALTADA;NULL;NULL;NULL;NULL;EN PROCESO DE INVESTIGACIÓN;NO CUENTA CON CAUSA ESPECIFICA;PE-06A;24/2/2022;-79.53269
A-2022-02-210;40:00.0;ATROPELLO FUGA;1;0;NULL;CUSCO;CUSCO;CUSCO;URBANA;CARRETERA;NACIONAL;PE-3S;-13.516553;LLUVIOSO;RESIDENCIAL;TRAMO RECTO;PLANA ;TROCHA;NULL;NULL;NULL;NULL;IMPRUDENCIA DEL CONDUCTOR;EXCESO DE VELOCIDAD;Avenida José Antonio de Sucre;24/2/2022;-71.992016
A-2022-02-270;30:00.0;CHOQUE CON OBJETO FIJO;1;0;1;JUNIN;JAUJA;ACOLLA;RURAL;CARRETERA;NACIONAL;PE-3SA;-11.709731;DESPEJADO;RURAL;TRAMO RECTO;PLANA ;ASFALTADA;NULL;NULL;NULL;NULL;IMPRUDENCIA DEL CONDUCTOR;CONDUCIR EN ESTADO DE EBRIEDAD Y/O DROGADICCIÓN;Carretera Central Sur;24/2/2022;-75.555988
A-2022-02-253;01:00.0;CHOQUE;1;2;2;CAJAMARCA;JAEN;JAEN;URBANA;CARRETERA;NACIONAL;PE-5N;-5.721137;DESPEJADO;RESIDENCIAL;TRAMO RECTO;PLANA ;ASFALTADA;NULL;NULL;NULL;NULL;EN PROCESO DE INVESTIGACIÓN;NO CUENTA CON CAUSA ESPECIFICA;Mesones Muro;25/2/2022;-78.800079
A-2022-02-116;50:00.0;CHOQUE;1;1;2;PUNO;PUNO;PUNO;RURAL;CARRETERA;NACIONAL;PE-3S;-15.865961;DESPEJADO;RURAL;TRAMO RECTO;PLANA ;ASFALTADA;NO;NULL;NULL;SI;IMPRUDENCIA DEL CONDUCTOR;INVASIÓN DE CARRIL;Carretera Longitudinal de la Sierra Sur;25/2/2022;-69.941804
A-2022-02-256;00:00.0;CHOQUE FUGA;1;0;2;PIURA;MORROPON;BUENOS AIRES;RURAL;CARRETERA;NACIONAL;PE-02A;-5.283549;DESPEJADO;RURAL;TRAMO RECTO;PLANA ;ASFALTADA;NULL;NULL;NULL;NULL;EN PROCESO DE INVESTIGACIÓN;NO CUENTA CON CAUSA ESPECIFICA;PE-02A;25/2/2022;-79.953936
A-2022-02-294;45:00.0;VOLCADURA;1;0;NULL;APURIMAC;ANTABAMBA;ANTABAMBA;RURAL;CARRETERA;DEPARTAMENTAL;AP-109;-14.377682;NULL;NULL;NULL;NULL;NULL;NULL;NULL;NULL;NULL;EN PROCESO DE INVESTIGACIÓN;NO CUENTA CON CAUSA ESPECIFICA;AP-109;25/2/2022;-72.890023
A-2022-02-254;10:00.0;DESPISTE;1;1;1;LAMBAYEQUE;LAMBAYEQUE;MORROPE;RURAL;CARRETERA;NACIONAL;PE-1N;-6.428697;DESPEJADO;RURAL;TRAMO RECTO;PLANA ;ASFALTADA;NULL;NULL;NULL;NULL;EN PROCESO DE INVESTIGACIÓN;NO CUENTA CON CAUSA ESPECIFICA;Carretera Panamericana Norte;25/2/2022;-80.162171
A-2022-02-246;30:00.0;ATROPELLO;1;0;0;LIMA;LIMA;ATE;URBANA;CARRETERA;NACIONAL;PE-22;-12.005992;DESPEJADO;COMERCIAL;TRAMO RECTO;PLANA ;ASFALTADA;NULL;NULL;NULL;NULL;EN PROCESO DE INVESTIGACIÓN;NO CUENTA CON CAUSA ESPECIFICA;Carretera Central;25/2/2022;-76.847815
A-2022-02-297;30:00.0;CHOQUE;1;1;2;CUSCO;LA CONVENCION;KIMBIRI;RURAL;CARRETERA;NACIONAL;PE-28B;-12.601006;DESPEJADO;RURAL;CURVA;PLANA ;ASFALTADA;NULL;NULL;NULL;NULL;IMPRUDENCIA DEL CONDUCTOR;EXCESO DE VELOCIDAD;PE-28B;25/2/2022;-73.755868
A-2022-02-309;10:00.0;ATROPELLO;1;0;NULL;LIMA;LIMA;SAN MARTIN DE PORRES;URBANA;AVENIDA;URBANO;NO CORRESPONDE;-12.031263;NULL;NULL;NULL;NULL;NULL;NULL;NULL;NULL;NULL;EN PROCESO DE INVESTIGACIÓN;NO CUENTA CON CAUSA ESPECIFICA;Avenida Caquetá;25/2/2022;-77.044221
A-2022-02-212;00:00.0;DESPISTE;2;0;1;AREQUIPA;CAMANA;QUILCA;RURAL;CARRETERA;SIN CLASIFICAR;SIN CLASIFICAR;-16.66434;DESPEJADO;RURAL;OTRO;PLANA ;AFIRMADO;NULL;NULL;NULL;NULL;EN PROCESO DE INVESTIGACIÓN;NO CUENTA CON CAUSA ESPECIFICA;Quilca;25/2/2022;-72.604153
A-2022-02-249;30:00.0;CHOQUE;1;2;0;LIMA;LIMA;SANTA ANITA;URBANA;AVENIDA;URBANO;NO CORRESPONDE;-12.035846;DESPEJADO;COMERCIAL;INTERSECCIÓN;PLANA ;ASFALTADA;NULL;NULL;NULL;NULL;EN PROCESO DE INVESTIGACIÓN;NO CUENTA CON CAUSA ESPECIFICA;Avenida Metropolitana;25/2/2022;-76.948934
A-2022-02-313;30:00.0;CHOQUE;1;0;NULL;MADRE DE DIOS;TAMBOPATA;TAMBOPATA;URBANA;AVENIDA;URBANO;NO CORRESPONDE;-12.596323;NULL;NULL;NULL;NULL;NULL;NULL;NULL;NULL;NULL;EN PROCESO DE INVESTIGACIÓN;NO CUENTA CON CAUSA ESPECIFICA;28 de Julio;26/2/2022;-69.188251
A-2022-02-211;00:00.0;DESPISTE;1;1;1;CUSCO;CHUMBIVILCAS;CHAMACA;RURAL;CARRETERA;DEPARTAMENTAL;CU-128;-14.313435;LLUVIOSO;RURAL;TRAMO RECTO;PLANA ;ASFALTADA;NULL;NULL;NULL;NULL;IMPRUDENCIA DEL CONDUCTOR;EXCESO DE VELOCIDAD;CU-128;26/2/2022;-71.838693
A-2022-02-304;51:00.0;CHOQUE;1;0;2;LIMA;HUARAL;CHANCAY;RURAL;CARRETERA;NACIONAL;PE-1N;-11.601846;DESPEJADO;RURAL;TRAMO RECTO;INCLINADA;ASFALTADA;SI;REGULADORA (R);PREVENTIVA (P);NO;IMPRUDENCIA DEL CONDUCTOR;FATIGA Y/O CANSANCIO;Carretera Panamericana Norte;26/2/2022;-77.246566
A-2022-02-296;30:00.0;VOLCADURA;1;0;1;HUANUCO;HUANUCO;CHINCHAO;URBANA;CARRETERA;NACIONAL;PE-18A;-9.627725;SOLEADO;RURAL;CURVA;PLANA ;ASFALTADA;NULL;NULL;NULL;NULL;IMPRUDENCIA DEL CONDUCTOR;CONDUCIR EN ESTADO DE EBRIEDAD Y/O DROGADICCIÓN;Carretera Central;26/2/2022;-76.063042
A-2022-02-258;30:00.0;CHOQUE;2;9;2;PUNO;LAMPA;CALAPUJA;RURAL;CARRETERA;NACIONAL;PE-34B;-15.288106;DESPEJADO;RURAL;CURVA;PLANA ;ASFALTADA;NULL;NULL;NULL;NULL;IMPRUDENCIA DEL CONDUCTOR;EXCESO DE VELOCIDAD;Carretera Interoceánica Puno - Madre de Dios;26/2/2022;-70.224479
A-2022-02-288;30:00.0;CHOQUE;1;23;NULL;JUNIN;CHANCHAMAYO;SAN RAMON;RURAL;CARRETERA;NACIONAL;PE-22B;-11.146292;NULL;NULL;NULL;NULL;NULL;NULL;NULL;NULL;NULL;EN PROCESO DE INVESTIGACIÓN;NO CUENTA CON CAUSA ESPECIFICA;Carretera Central;26/2/2022;-75.399921
A-2022-02-238;30:00.0;DESPISTE;1;1;1;LA LIBERTAD;VIRU;CHAO;RURAL;CARRETERA;NACIONAL;PE-1N;-8.572443;DESPEJADO;RURAL;TRAMO RECTO;PLANA ;ASFALTADA;NULL;NULL;NULL;NULL;EN PROCESO DE INVESTIGACIÓN;NO CUENTA CON CAUSA ESPECIFICA;Panamericana Norte;26/2/2022;-78.671798
A-2022-02-127;40:00.0;CHOQUE;1;0;2;PUNO;CHUCUITO;POMATA;RURAL;CARRETERA;DEPARTAMENTAL;PU-130;-16.294218;DESPEJADO;RURAL;TRAMO RECTO;PLANA ;ASFALTADA;NO;NULL;NULL;SI;IMPRUDENCIA DEL CONDUCTOR;CONDUCIR EN ESTADO DE EBRIEDAD Y/O DROGADICCIÓN;PU-130;26/2/2022;-69.233346
A-2022-02-129;50:00.0;CHOQUE;1;3;2;TUMBES;CONTRALMIRANTE VILLAR;CANOAS DE PUNTA SAL;RURAL;CARRETERA;NACIONAL;PE-1N;-4.057093;SOLEADO;RURAL;CURVA;PLANA ;ASFALTADA;NULL;NULL;NULL;NULL;IMPRUDENCIA DEL CONDUCTOR;INVASIÓN DE CARRIL;Carretera Panamericana Norte;26/2/2022;-80.962383
A-2022-02-232;30:00.0;DESPISTE;1;1;1;CUSCO;PAUCARTAMBO;CHALLABAMBA;RURAL;CARRETERA;PROVINCIAL;CU-989;-13.197917;NUBLADO;RURAL;TRAMO RECTO;PLANA ;AFIRMADO;NULL;NULL;NULL;NULL;IMPRUDENCIA DEL CONDUCTOR;EXCESO DE VELOCIDAD;CU-664;26/2/2022;-71.658954
A-2022-02-248;40:00.0;ATROPELLO;1;0;0;LIMA;LIMA;ATE;URBANA;OTRO;URBANO;NO CORRESPONDE;-12.041471;DESPEJADO;COMERCIAL;TRAMO RECTO;PLANA ;ASFALTADA;NULL;NULL;NULL;NULL;EN PROCESO DE INVESTIGACIÓN;NO CUENTA CON CAUSA ESPECIFICA;Prolongación Javier Prado Este;26/2/2022;-76.924424
A-2022-02-124;50:00.0;CHOQUE CON OBJETO FIJO;1;0;1;AREQUIPA;AREQUIPA;YANAHUARA;URBANA;CARRETERA;NACIONAL;PE-34C;-16.408001;DESPEJADO;COMERCIAL;TRAMO RECTO;INCLINADA;ASFALTADA;NO;NULL;NULL;SI;EN PROCESO DE INVESTIGACIÓN;NO CUENTA CON CAUSA ESPECIFICA;Variante Uchumayo Auxiliar;26/2/2022;-71.560112
A-2022-02-188;15:00.0;ATROPELLO FUGA;1;1;0;LAMBAYEQUE;LAMBAYEQUE;SAN JOSE;RURAL;CARRETERA;DEPARTAMENTAL;LA-109;-6.773373;DESPEJADO;RURAL;TRAMO RECTO;PLANA ;ASFALTADA;NULL;NULL;NULL;NULL;EN PROCESO DE INVESTIGACIÓN;NO CUENTA CON CAUSA ESPECIFICA;Avenida San Jose;27/2/2022;-79.926741
A-2022-02-135;30:00.0;ATROPELLO;1;0;1;AREQUIPA;AREQUIPA;CERRO COLORADO;URBANA;CARRETERA;NACIONAL;PE-34A;-16.315405;DESPEJADO;COMERCIAL;CURVA;INCLINADA;ASFALTADA;NO;NULL;NULL;SI;EN PROCESO DE INVESTIGACIÓN;NO CUENTA CON CAUSA ESPECIFICA;Cerro Colorado;27/2/2022;-71.606316
A-2022-02-199;30:00.0;ATROPELLO;1;2;1;LAMBAYEQUE;LAMBAYEQUE;TUCUME;RURAL;CARRETERA;NACIONAL;PE-1NJ;-6.525814;DESPEJADO;RURAL;TRAMO RECTO;PLANA ;ASFALTADA;NULL;NULL;NULL;NULL;EN PROCESO DE INVESTIGACIÓN;NO CUENTA CON CAUSA ESPECIFICA;Carretera Lambayegue - Olmos;27/2/2022;-79.864103
A-2022-02-314;29:00.0;DESPISTE;1;0;NULL;MADRE DE DIOS;TAMBOPATA;TAMBOPATA;URBANA;CARRETERA;NACIONAL;PE-30C;-12.591308;NULL;NULL;NULL;NULL;NULL;NULL;NULL;NULL;NULL;EN PROCESO DE INVESTIGACIÓN;NO CUENTA CON CAUSA ESPECIFICA;Puerto Maldonado;27/2/2022;-69.182342
A-2022-02-224;31:00.0;CHOQUE;1;2;2;CUSCO;PAUCARTAMBO;PAUCARTAMBO;RURAL;CARRETERA;DEPARTAMENTAL;CU-116;-13.340651;LLUVIOSO;RURAL;CURVA;PLANA ;AFIRMADO;NULL;NULL;NULL;NULL;IMPRUDENCIA DEL CONDUCTOR;EXCESO DE VELOCIDAD;CU-116;27/2/2022;-71.575056
A-2022-02-271;40:00.0;DESPISTE;1;0;1;JUNIN;YAULI;LA OROYA;RURAL;CARRETERA;NACIONAL;PE-3S;-11.608632;DESPEJADO;RURAL;CURVA;INCLINADA;ASFALTADA;SI;REGULADORA (R);NULL;NO;IMPRUDENCIA DEL CONDUCTOR;OTRO (IMPRUDENCIA DEL CONDUCTOR);Carretera Longitudinal de la Sierra Sur;27/2/2022;-75.84178
A-2022-02-132;30:00.0;DESPISTE;1;0;1;LA LIBERTAD;GRAN CHIMU;LUCMA;RURAL;CARRETERA;PROVINCIAL;LI-713;-7.655089;DESPEJADO;RURAL;TRAMO RECTO;PLANA ;AFIRMADO;NULL;NULL;NULL;NULL;IMPRUDENCIA DEL CONDUCTOR;INVASIÓN DE CARRIL;Lucma;27/2/2022;-78.575788
A-2022-02-227;45:00.0;DESPISTE;1;5;1;CUSCO;ANTA;LIMATAMBO;RURAL;CARRETERA;PROVINCIAL;CU-896;-13.447797;DESPEJADO;RURAL;TRAMO RECTO;PLANA ;AFIRMADO;NULL;NULL;NULL;NULL;IMPRUDENCIA DEL CONDUCTOR;EXCESO DE VELOCIDAD;Limatambo;27/2/2022;-72.443655
A-2022-02-131;00:00.0;ATROPELLO;1;0;1;LA LIBERTAD;TRUJILLO;HUANCHACO;RURAL;CARRETERA;NACIONAL;PE-1N;-8.012744;DESPEJADO;RURAL;TRAMO RECTO;PLANA ;ASFALTADA;NULL;NULL;NULL;NULL;EN PROCESO DE INVESTIGACIÓN;NO CUENTA CON CAUSA ESPECIFICA;Carretera Panamericana Norte;27/2/2022;-79.071152
A-2022-02-250;00:00.0;ATROPELLO FUGA;1;0;0;LIMA;LIMA;RIMAC;URBANA;CARRETERA;NACIONAL;PE-1N;-12.043272;DESPEJADO;RESIDENCIAL;PUENTE;PLANA ;ASFALTADA;NULL;NULL;NULL;NULL;EN PROCESO DE INVESTIGACIÓN;NO CUENTA CON CAUSA ESPECIFICA;Vía de Evitamiento;28/2/2022;-77.025497
A-2022-02-251;35:00.0;CHOQUE;1;2;0;LIMA;LIMA;CHACLACAYO;URBANA;CARRETERA;NACIONAL;PE-22;-11.967717;DESPEJADO;INDUSTRIAL;TRAMO RECTO;PLANA ;ASFALTADA;NULL;NULL;NULL;NULL;EN PROCESO DE INVESTIGACIÓN;NO CUENTA CON CAUSA ESPECIFICA;Carretera Central;28/2/2022;-76.745522
A-2022-02-198;50:00.0;CHOQUE;1;0;2;LAMBAYEQUE;CHICLAYO;TUMAN;RURAL;CARRETERA;NACIONAL;PE-06A;-6.739669;DESPEJADO;RURAL;TRAMO RECTO;PLANA ;ASFALTADA;NULL;NULL;NULL;NULL;EN PROCESO DE INVESTIGACIÓN;NO CUENTA CON CAUSA ESPECIFICA;Carretera Pomalca - Tumán;28/2/2022;-79.713889
A-2022-02-286;30:00.0;CHOQUE;1;0;2;HUANUCO;LEONCIO PRADO;DANIEL ALOMIA ROBLES;RURAL;CARRETERA;NACIONAL;PE-5N;-9.18738;SOLEADO;RURAL;TRAMO RECTO;PLANA ;ASFALTADA;SI;REGULADORA (R);REGULADORA (R);NO;IMPRUDENCIA DEL CONDUCTOR;EXCESO DE VELOCIDAD;Carretera Federico Basadre;28/2/2022;-75.940817
A-2022-02-134;40:00.0;DESPISTE;1;1;1;PUNO;CHUCUITO;ZEPITA;RURAL;CARRETERA;NACIONAL;PE-3S;-16.489;DESPEJADO;RURAL;TRAMO RECTO;PLANA ;ASFALTADA;SI;REGULADORA (R);PREVENTIVA (P);SI;IMPRUDENCIA DEL CONDUCTOR;EXCESO DE VELOCIDAD;Zepita;28/2/2022;-69.11
A-2022-03-189;20:00.0;VOLCADURA;1;0;2;LIMA;LIMA;PUENTE PIEDRA;RURAL;AVENIDA;URBANO;NO CORRESPONDE;-11.845251;DESPEJADO;RURAL;TRAMO RECTO;PLANA ;ASFALTADA;NULL;NULL;NULL;NULL;EN PROCESO DE INVESTIGACIÓN;NO CUENTA CON CAUSA ESPECIFICA;Avenida Pacífico;1/3/2022;-77.077429
A-2022-03-146;00:00.0;DESPISTE;1;4;NULL;AYACUCHO;HUAMANGA;CARMEN ALTO;URBANA;CARRETERA;NACIONAL;PE-3S;-13.233523;NIEBLA;RURAL;TRAMO RECTO;PLANA ;AFIRMADO;NULL;NULL;NULL;NULL;IMPRUDENCIA DEL CONDUCTOR;FATIGA Y/O CANSANCIO;Carretera Longitudinal de la Sierra Sur;1/3/2022;-74.23572
A-2022-03-142;00:00.0;VOLCADURA;1;0;1;CUSCO;CANAS;YANAOCA;RURAL;CARRETERA;DEPARTAMENTAL;CU-126;-14.276032;NUBLADO;RURAL;TRAMO RECTO;PLANA ;ASFALTADA;NULL;NULL;NULL;NULL;IMPERICIA DEL CONDUCTOR;NULL;CU-126;1/3/2022;-71.450367
A-2022-03-1;20:00.0;DESPISTE;1;3;1;PUNO;YUNGUYO;YUNGUYO;RURAL;CARRETERA;DEPARTAMENTAL;PU-130;-16.266323;DESPEJADO;RURAL;CURVA;INCLINADA;ASFALTADA;NO;NULL;NULL;SI;IMPRUDENCIA DEL CONDUCTOR;CONDUCIR EN ESTADO DE EBRIEDAD Y/O DROGADICCIÓN;PU-130;2/3/2022;-69.079356
A-2022-03-36;00:00.0;DESPISTE;4;9;1;HUANCAVELICA;HUAYTARA;QUERCO;RURAL;CARRETERA;DEPARTAMENTAL;HV-121;-13.986365;LLUVIOSO;RURAL;SINUOSA;INCLINADA;TROCHA;NULL;NULL;NULL;NULL;INFRAESTRUCTURA Y ENTORNO VIAL;FACTOR AMBIENTAL;HV-121;2/3/2022;-74.946275
A-2022-03-27;06:00.0;ATROPELLO FUGA;1;0;1;AREQUIPA;AREQUIPA;CERRO COLORADO;URBANA;CARRETERA;NACIONAL;PE-34A;-16.331331;DESPEJADO;INDUSTRIAL;TRAMO RECTO;INCLINADA;ASFALTADA;NO;NULL;NULL;SI;EN PROCESO DE INVESTIGACIÓN;NO CUENTA CON CAUSA ESPECIFICA;Cono Norte;2/3/2022;-71.593308
A-2022-03-153;45:00.0;CHOQUE;1;0;NULL;AYACUCHO;PAUCAR DEL SARA SARA;PAUSA;URBANA;CARRETERA;NACIONAL;PE-32C;-15.284239;DESPEJADO;RURAL;INTERSECCIÓN;PLANA ;AFIRMADO;NULL;NULL;NULL;NULL;IMPRUDENCIA DEL CONDUCTOR;EXCESO DE VELOCIDAD;Quebrada Camalhuaycco;2/3/2022;-73.346725
A-2022-03-161;20:00.0;CHOQUE;1;0;1;CALLAO;CALLAO;CALLAO;URBANA;AVENIDA;URBANO;NO CORRESPONDE;-12.055735;DESPEJADO;RESIDENCIAL;TRAMO RECTO;PLANA ;ASFALTADA;SI;INFORMATIVA (I);NULL;SI;IMPRUDENCIA DEL CONDUCTOR;INVASIÓN DE CARRIL;Callao;2/3/2022;-77.12185
A-2022-03-181;30:00.0;CHOQUE;1;0;2;LIMA;LIMA;JESUS MARIA;URBANA;AVENIDA;URBANO;NO CORRESPONDE;-12.077487;DESPEJADO;RURAL;TRAMO RECTO;PLANA ;ASFALTADA;NULL;NULL;NULL;NULL;EN PROCESO DE INVESTIGACIÓN;NO CUENTA CON CAUSA ESPECIFICA;Avenida Álvarez de Arenales;2/3/2022;-77.036734
A-2022-03-140;00:00.0;ATROPELLO FUGA;1;0;NULL;CUSCO;ESPINAR;COPORAQUE;RURAL;CARRETERA;PROVINCIAL;CU-1832;-14.683775;LLUVIOSO;RURAL;CURVA;PLANA ;ASFALTADA;SI;PREVENTIVA (P);NULL;NO;IMPRUDENCIA DEL PEATÓN;ESTADO DE EBRIEDAD Y/O DROGADICCIÓN;CU-1832;2/3/2022;-71.489418
A-2022-03-2;00:00.0;ATROPELLO;1;0;1;PUNO;EL COLLAO;ILAVE;RURAL;CARRETERA;NACIONAL;PE-3S;-16.116216;LLUVIOSO;RURAL;TRAMO RECTO;PLANA ;ASFALTADA;SI;INFORMATIVA (I);NULL;SI;IMPRUDENCIA DEL PEATÓN;CRUCE INDEBIDO POR LA CALZADA;Carretera Longitudinal de la Sierra Sur;3/3/2022;-69.595246
A-2022-03-122;30:00.0;DESPISTE;3;3;2;PIURA;PIURA;VEINTISEIS DE OCTUBRE;RURAL;CARRETERA;NACIONAL;PE-1N;-5.197347;DESPEJADO;RURAL;TRAMO RECTO;PLANA ;ASFALTADA;NULL;NULL;NULL;NULL;EN PROCESO DE INVESTIGACIÓN;NO CUENTA CON CAUSA ESPECIFICA;Carretera Panamericana Norte;3/3/2022;-80.687538
A-2022-03-148;50:00.0;CHOQUE;1;0;1;AYACUCHO;HUAMANGA;AYACUCHO;URBANA;AVENIDA;URBANO;NO CORRESPONDE;-13.150797;DESPEJADO;ESCOLAR;INTERSECCIÓN;PLANA ;ASFALTADA;SI;PREVENTIVA (P);PREVENTIVA (P);NO;IMPRUDENCIA DEL CONDUCTOR;CONDUCIR EN ESTADO DE EBRIEDAD Y/O DROGADICCIÓN;Avenida Independencia;3/3/2022;-74.223011
A-2022-03-34;00:00.0;DESPISTE;1;3;1;HUANCAVELICA;HUAYTARA;HUAYTARA;RURAL;CARRETERA;NACIONAL;PE-28A;-13.607529;LLUVIOSO;RURAL;CURVA;INCLINADA;ASFALTADA;NULL;NULL;NULL;NULL;EN PROCESO DE INVESTIGACIÓN;NO CUENTA CON CAUSA ESPECIFICA;Vía de los Libertadores;3/3/2022;-75.320308