CÓDIGO SINIESTRO;HORA SINIESTRO;CLASE SINIESTRO;CANTIDAD DE FALLECIDOS;CANTIDAD DE LESIONADOS;CANTIDAD DE VEHICULOS DAÑADOS;DEPARTAMENTO;PROVINCIA;DISTRITO;ZONA;TIPO DE VÍA;RED VIAL;COD CARRETERA;COORDENADAS LATITUD;CONDICIÓN CLIMÁTICA;ZONIFICACIÓN;CARACTERÍSTICAS DE VÍA;PERFIL LONGITUDINAL VÍA;SUPERFICIE DE CALZADA;¿EXISTE SEÑAL VERTICAL?;CLASIFICACIÓN DE LA SEÑAL VERTICAL Nº 1;CLASIFICACIÓN DE LA SEÑAL VERTICAL Nº 2;¿EXISTE SEÑAL HORIZONTAL?;CAUSA FACTOR PRINCIPAL;CAUSA ESPECÍFICA;UBICACION;FECHA SINIESTRO;COORDENADAS LONGITUD
A-2022-03-6;20:00.0;CHOQUE;1;0;2;PUNO;PUNO;HUATA;RURAL;CARRETERA;DEPARTAMENTAL;PU-120;-15.5619;DESPEJADO;RURAL;CURVA;PLANA ;ASFALTADA;NO;NULL;NULL;SI;IMPRUDENCIA DEL CONDUCTOR;CONDUCIR EN ESTADO DE EBRIEDAD Y/O DROGADICCIÓN;Carretera Coata - Juliaca;3/3/2022;-69.992078
A-2022-03-283;50:00.0;ATROPELLO FUGA;1;0;NULL;LIMA;LIMA;CHORRILLOS;URBANA;AVENIDA;URBANO;NO CORRESPONDE;-12.184293;NULL;NULL;NULL;NULL;NULL;NULL;NULL;NULL;NULL;EN PROCESO DE INVESTIGACIÓN;NO CUENTA CON CAUSA ESPECIFICA;Ciclovía Defensores del Morro;3/3/2022;-77.007464
A-2022-03-251;00:00.0;CHOQUE;1;0;2;ICA;CHINCHA;CHINCHA BAJA;RURAL;CARRETERA;DEPARTAMENTAL;IC-102;-13.450253;DESPEJADO;RURAL;TRAMO RECTO;PLANA ;ASFALTADA;NULL;NULL;NULL;NULL;IMPRUDENCIA DEL CONDUCTOR;OTRO (IMPRUDENCIA DEL CONDUCTOR);Calle Simón Bolívar;4/3/2022;-76.152625
A-2022-03-139;30:00.0;CHOQUE;1;0;2;LAMBAYEQUE;LAMBAYEQUE;OLMOS;RURAL;CARRETERA;SIN CLASIFICAR;SIN CLASIFICAR;-5.980961;SOLEADO;RURAL;OTRO;PLANA ;TROCHA;NULL;NULL;NULL;NULL;IMPRUDENCIA DEL CONDUCTOR;EXCESO DE VELOCIDAD;Olmos;4/3/2022;-79.767612
A-2022-03-212;00:00.0;ATROPELLO;1;0;0;CALLAO;CALLAO;CARMEN DE LA LEGUA REYNOSO;URBANA;AVENIDA;URBANO;NO CORRESPONDE;-12.046767;DESPEJADO;INDUSTRIAL;TRAMO RECTO;PLANA ;ASFALTADA;NULL;NULL;NULL;NULL;EN PROCESO DE INVESTIGACIÓN;NO CUENTA CON CAUSA ESPECIFICA;Avenida Argentina;4/3/2022;-77.08469
A-2022-03-35;50:00.0;DESPISTE;1;1;1;HUANCAVELICA;HUAYTARA;HUAYTARA;RURAL;CARRETERA;NACIONAL;PE-28A;-13.582339;LLUVIOSO;RURAL;CURVA;INCLINADA;ASFALTADA;NULL;NULL;NULL;NULL;EN PROCESO DE INVESTIGACIÓN;NO CUENTA CON CAUSA ESPECIFICA;Vía de los Libertadores;4/3/2022;-75.274279
A-2022-03-213;45:00.0;ATROPELLO FUGA;1;0;NULL;LIMA;LIMA;VILLA EL SALVADOR;NULL;CARRETERA;NACIONAL;PE-1S;-12.240213;NULL;NULL;NULL;NULL;NULL;NULL;NULL;NULL;NULL;EN PROCESO DE INVESTIGACIÓN;NO CUENTA CON CAUSA ESPECIFICA;Antigua Panamericana Sur;5/3/2022;-76.947585
A-2022-03-29;20:00.0;CHOQUE;1;0;2;ICA;ICA;SALAS;URBANA;CARRETERA;NACIONAL;PE-1S;-13.984878;DESPEJADO;RESIDENCIAL;TRAMO RECTO;PLANA ;ASFALTADA;NULL;NULL;NULL;NULL;EN PROCESO DE INVESTIGACIÓN;NO CUENTA CON CAUSA ESPECIFICA;Calle Ica;5/3/2022;-75.772871
A-2022-03-38;30:00.0;VOLCADURA;1;0;1;CAJAMARCA;CELENDIN;CELENDIN;URBANA;CALLE;URBANO;NO CORRESPONDE;-6.864952;DESPEJADO;RURAL;TRAMO RECTO;PLANA ;ASFALTADA;NULL;NULL;NULL;NULL;EN PROCESO DE INVESTIGACIÓN;NO CUENTA CON CAUSA ESPECIFICA;Celendín;5/3/2022;-78.14231
A-2022-03-144;30:00.0;DESPISTE;1;2;1;CUSCO;LA CONVENCION;ECHARATE;RURAL;CARRETERA;NACIONAL;PE-28B;-12.641036;DESPEJADO;RURAL;CURVA;PLANA ;AFIRMADO;NULL;NULL;NULL;NULL;IMPERICIA DEL CONDUCTOR;NULL;PE-28B;5/3/2022;-72.910948
A-2022-03-63;30:00.0;CHOQUE;2;2;5;AREQUIPA;AREQUIPA;SAN JUAN DE TARUCANI;RURAL;CARRETERA;NACIONAL;PE-34A;-16.054261;NUBLADO;RURAL;CURVA;INCLINADA;ASFALTADA;NO;NULL;NULL;SI;EN PROCESO DE INVESTIGACIÓN;NO CUENTA CON CAUSA ESPECIFICA;Vía Interoceánica Sur - Tramo 5;5/3/2022;-71.341154
A-2022-03-8;50:00.0;ATROPELLO;1;0;NULL;CALLAO;CALLAO;CALLAO;URBANA;CARRETERA;NACIONAL;PE-20;-12.041549;DESPEJADO;COMERCIAL;TRAMO RECTO;PLANA ;ASFALTADA;SI;REGULADORA (R);NULL;SI;IMPRUDENCIA DEL PEATÓN;OTRO (IMPRUDENCIA DEL PEATÓN);Avenida Coronel Nestor Gambetta;5/3/2022;-77.126668
A-2022-03-72;30:00.0;DESPISTE;1;0;1;LA LIBERTAD;VIRU;GUADALUPITO;RURAL;CARRETERA;NACIONAL;PE-1N;-8.70175;DESPEJADO;RURAL;TRAMO RECTO;PLANA ;ASFALTADA;NULL;NULL;NULL;NULL;EN PROCESO DE INVESTIGACIÓN;NO CUENTA CON CAUSA ESPECIFICA;Panamericana Norte;5/3/2022;-78.639407
A-2022-03-103;25:00.0;CHOQUE;1;0;2;CAJAMARCA;JAEN;JAEN;URBANA;CARRETERA;NACIONAL;PE-5N;-5.688244;DESPEJADO;COMERCIAL;TRAMO RECTO;PLANA ;ASFALTADA;NULL;NULL;NULL;NULL;EN PROCESO DE INVESTIGACIÓN;NO CUENTA CON CAUSA ESPECIFICA;PE-5N;5/3/2022;-78.792111
A-2022-03-102;30:00.0;CHOQUE;3;2;4;LAMBAYEQUE;LAMBAYEQUE;LAMBAYEQUE;URBANA;CARRETERA;NACIONAL;PE-1NJ;-6.615793;DESPEJADO;RESIDENCIAL;TRAMO RECTO;PLANA ;ASFALTADA;NULL;NULL;NULL;NULL;EN PROCESO DE INVESTIGACIÓN;NO CUENTA CON CAUSA ESPECIFICA;Carretera Lambayeque - Olmos;5/3/2022;-79.884784
A-2022-03-256;20:00.0;CHOQUE;1;1;2;AYACUCHO;HUANTA;LURICOCHA;RURAL;CARRETERA;DEPARTAMENTAL;AY-100;-12.910839;LLUVIOSO;RURAL;TRAMO RECTO;PLANA ;ASFALTADA;SI;REGULADORA (R);NULL;NO;IMPRUDENCIA DEL CONDUCTOR;CONDUCIR EN ESTADO DE EBRIEDAD Y/O DROGADICCIÓN;AY-100;6/3/2022;-74.274364
A-2022-03-141;00:00.0;ATROPELLO FUGA;1;0;NULL;CUSCO;QUISPICANCHI;ANDAHUAYLILLAS;RURAL;CARRETERA;NACIONAL;PE-3S;-13.680534;LLUVIOSO;RURAL;CURVA;PLANA ;ASFALTADA;SI;PREVENTIVA (P);NULL;SI;IMPRUDENCIA DEL PEATÓN;ESTADO DE EBRIEDAD Y/O DROGADICCIÓN;Carretera Longitudinal de la Sierra Sur;6/3/2022;-71.661635
A-2022-03-17;00:00.0;ATROPELLO FUGA;1;0;NULL;TACNA;TACNA;TACNA;RURAL;CARRETERA;NACIONAL;PE-1S;-18.196019;NULL;NULL;NULL;NULL;NULL;NULL;NULL;NULL;NULL;EN PROCESO DE INVESTIGACIÓN;NO CUENTA CON CAUSA ESPECIFICA;Carretera Panamericana Sur;6/3/2022;-70.327957
A-2022-03-225;00:00.0;DESPISTE;1;0;NULL;JUNIN;CHANCHAMAYO;PICHANAQUI;RURAL;CARRETERA;PROVINCIAL;JU-1487;-10.933896;NULL;NULL;NULL;NULL;NULL;NULL;NULL;NULL;NULL;EN PROCESO DE INVESTIGACIÓN;NO CUENTA CON CAUSA ESPECIFICA;Bajo Kimiriki;6/3/2022;-74.836716
A-2022-03-202;09:00.0;CHOQUE FUGA;1;0;2;LIMA;HUAURA;SANTA MARIA;URBANA;CARRETERA;PROVINCIAL;LM-652;-11.093918;DESPEJADO;RESIDENCIAL;TRAMO RECTO;PLANA ;ASFALTADA;NULL;NULL;NULL;NULL;IMPRUDENCIA DEL CONDUCTOR;EXCESO DE VELOCIDAD;Avenida San Martin;6/3/2022;-77.582257
A-2022-03-131;30:00.0;DESPISTE;1;0;1;PUNO;HUANCANE;TARACO;RURAL;CARRETERA;NACIONAL;PE-34H;-15.271389;DESPEJADO;RURAL;TRAMO RECTO;PLANA ;ASFALTADA;NULL;NULL;NULL;NULL;NEGLIGENCIA DEL CONDUCTOR;OTRO (NEGLIGENCIA DEL CONDUCTOR);PE-34H;6/3/2022;-69.896232
A-2022-03-55;30:00.0;DESPISTE;1;5;1;HUANCAVELICA;HUAYTARA;PILPICHACA;RURAL;CARRETERA;NACIONAL;PE-28A;-13.41957;NIEBLA;RURAL;CURVA;INCLINADA;ASFALTADA;SI;PREVENTIVA (P);REGULADORA (R);SI;EN PROCESO DE INVESTIGACIÓN;NO CUENTA CON CAUSA ESPECIFICA;Vía de los Libertadores;6/3/2022;-74.95678
A-2022-03-56;00:00.0;CHOQUE;1;1;NULL;HUANCAVELICA;ANGARAES;LIRCAY;RURAL;CARRETERA;DEPARTAMENTAL;HV-116;-13.00148;NULL;NULL;NULL;NULL;NULL;NULL;NULL;NULL;NULL;EN PROCESO DE INVESTIGACIÓN;NO CUENTA CON CAUSA ESPECIFICA;HV-116;6/3/2022;-74.764165
A-2022-03-15;00:00.0;DESPISTE;2;0;1;AREQUIPA;CAMANA;MARIANO NICOLAS VALCARCEL;RURAL;CARRETERA;SIN CLASIFICAR;SIN CLASIFICAR;-16.025846;DESPEJADO;RURAL;OTRO;INCLINADA;TROCHA;NULL;NULL;NULL;NULL;EN PROCESO DE INVESTIGACIÓN;NO CUENTA CON CAUSA ESPECIFICA;AR-530;6/3/2022;-73.173191
A-2022-03-154;15:00.0;CHOQUE;1;0;2;CUSCO;QUISPICANCHI;MARCAPATA;RURAL;CARRETERA;NACIONAL;PE-30C;-13.590383;DESPEJADO;RURAL;CURVA;PLANA ;ASFALTADA;NULL;NULL;NULL;NULL;IMPERICIA DEL CONDUCTOR;NULL;Interoceánica Sur;6/3/2022;-70.954967
A-2022-03-39;30:00.0;ATROPELLO FUGA;1;0;NULL;CAJAMARCA;CAJABAMBA;CONDEBAMBA;URBANA;CARRETERA;NACIONAL;PE-3N;-7.467131;NULL;NULL;NULL;NULL;NULL;NULL;NULL;NULL;NULL;EN PROCESO DE INVESTIGACIÓN;NO CUENTA CON CAUSA ESPECIFICA;Carretera Longitudinal de la Sierra Norte;6/3/2022;-78.112905
A-2022-03-73;45:00.0;ATROPELLO;1;0;1;LA LIBERTAD;TRUJILLO;EL PORVENIR;URBANA;CALLE;URBANO;NO CORRESPONDE;-8.074656;DESPEJADO;RESIDENCIAL;INTERSECCIÓN;PLANA ;ASFALTADA;NULL;NULL;NULL;NULL;IMPRUDENCIA DEL CONDUCTOR;CONDUCIR EN ESTADO DE EBRIEDAD Y/O DROGADICCIÓN;Calle Wiracocha;6/3/2022;-79.008549
A-2022-03-238;50:00.0;VOLCADURA;1;0;NULL;APURIMAC;GRAU;MICAELA BASTIDAS;RURAL;CARRETERA;NACIONAL;PE-3SF;-14.074843;NULL;NULL;NULL;NULL;NULL;NULL;NULL;NULL;NULL;EN PROCESO DE INVESTIGACIÓN;NO CUENTA CON CAUSA ESPECIFICA;PE-3SF;6/3/2022;-72.62212
A-2022-03-10;45:00.0;CAÍDA DE PASAJERO;1;1;1;TUMBES;CONTRALMIRANTE VILLAR;CANOAS DE PUNTA SAL;RURAL;CARRETERA;NACIONAL;PE-1N;-3.914975;SOLEADO;RURAL;CURVA;INCLINADA;ASFALTADA;NULL;NULL;NULL;NULL;IMPRUDENCIA DEL CONDUCTOR;EXCESO DE VELOCIDAD;Carretera Panamericana Norte;7/3/2022;-80.88801
A-2022-03-46;18:00.0;CHOQUE;5;3;2;CAJAMARCA;CAJAMARCA;LLACANORA;RURAL;CARRETERA;NACIONAL;PE-3N;-7.195726;DESPEJADO;RURAL;TRAMO RECTO;PLANA ;ASFALTADA;NULL;NULL;NULL;NULL;EN PROCESO DE INVESTIGACIÓN;NO CUENTA CON CAUSA ESPECIFICA;Carretera Longitudinal de la Sierra Norte;7/3/2022;-78.368729
A-2022-03-69;10:00.0;ATROPELLO;1;0;1;AREQUIPA;AREQUIPA;SANTA RITA DE SIGUAS;RURAL;CARRETERA;NACIONAL;PE-1S;-16.410435;DESPEJADO;RURAL;INTERSECCIÓN;PLANA ;ASFALTADA;SI;REGULADORA (R);REGULADORA (R);NO;EN PROCESO DE INVESTIGACIÓN;NO CUENTA CON CAUSA ESPECIFICA;Carretera Panamericana Sur;7/3/2022;-72.055252
A-2022-03-214;30:00.0;ATROPELLO;1;0;1;LIMA;LIMA;COMAS;URBANA;AVENIDA;URBANO;NO CORRESPONDE;-11.937831;DESPEJADO;COMERCIAL;TRAMO RECTO;PLANA ;ASFALTADA;NULL;NULL;NULL;NULL;EN PROCESO DE INVESTIGACIÓN;NO CUENTA CON CAUSA ESPECIFICA;Avenida Túpac Amaru;7/3/2022;-77.049489
A-2022-03-74;30:00.0;CHOQUE;1;0;2;LA LIBERTAD;CHEPEN;PACANGA;RURAL;CARRETERA;NACIONAL;PE-1N;-7.15035;DESPEJADO;RURAL;TRAMO RECTO;PLANA ;ASFALTADA;NULL;NULL;NULL;NULL;IMPRUDENCIA DEL CONDUCTOR;OTRO (IMPRUDENCIA DEL CONDUCTOR);Carretera Panamericana Norte;7/3/2022;-79.450888
A-2022-03-70;00:00.0;DESPISTE;2;0;1;ANCASH;YUNGAY;YANAMA;RURAL;CARRETERA;SIN CLASIFICAR;SIN CLASIFICAR;-8.903711;LLUVIOSO;RURAL;OTRO;INCLINADA;TROCHA;NULL;NULL;NULL;NULL;EN PROCESO DE INVESTIGACIÓN;NO CUENTA CON CAUSA ESPECIFICA;Yanama;7/3/2022;-77.564733
A-2022-03-232;25:00.0;ATROPELLO;1;0;0;LIMA;LIMA;COMAS;URBANA;AVENIDA;URBANO;NO CORRESPONDE;-11.900936;DESPEJADO;COMERCIAL;INTERSECCIÓN;PLANA ;ASFALTADA;NULL;NULL;NULL;NULL;EN PROCESO DE INVESTIGACIÓN;NO CUENTA CON CAUSA ESPECIFICA;Avenida San Felipe;7/3/2022;-77.039893
A-2022-03-215;00:00.0;CHOQUE;1;0;2;LIMA;LIMA;EL AGUSTINO;URBANA;CARRETERA;NACIONAL;PE-1N;-12.02946;DESPEJADO;COMERCIAL;TRAMO RECTO;PLANA ;ASFALTADA;NULL;NULL;NULL;NULL;EN PROCESO DE INVESTIGACIÓN;NO CUENTA CON CAUSA ESPECIFICA;Vía de Evitamiento;8/3/2022;-76.999036
A-2022-03-137;30:00.0;CHOQUE;1;0;2;PUNO;SAN ROMAN;JULIACA;URBANA;CARRETERA;NACIONAL;PE-34A;-15.492;SOLEADO;COMERCIAL;INTERSECCIÓN;PLANA ;ASFALTADA;NULL;NULL;NULL;NULL;IMPRUDENCIA DEL CONDUCTOR;NO DAR PASO PREFERENTE AL PEATÓN;Jirón Jáuregui;8/3/2022;-70.144125
A-2022-03-252;40:00.0;CHOQUE;3;2;2;ICA;CHINCHA;CHINCHA ALTA;RURAL;CARRETERA;NACIONAL;PE-26;-13.412786;DESPEJADO;RURAL;CURVA;INCLINADA;ASFALTADA;NULL;NULL;NULL;NULL;IMPRUDENCIA DEL CONDUCTOR;INVASIÓN DE CARRIL;Carretera Chincha - Huancavelica;8/3/2022;-76.084959
A-2022-03-247;00:00.0;CHOQUE;1;0;NULL;AYACUCHO;HUAMANGA;JESUS NAZARENO;URBANA;AVENIDA;URBANO;NO CORRESPONDE;-13.142846;DESPEJADO;RESIDENCIAL;TRAMO RECTO;PLANA ;ASFALTADA;SI;PREVENTIVA (P);NULL;NO;IMPRUDENCIA DEL CONDUCTOR;NO ESTABLECER EL DERECHO DE PASO;Las Nazarenas;8/3/2022;-74.220426
A-2022-03-289;20:00.0;CHOQUE;1;0;NULL;LIMA;LIMA;PACHACAMAC;URBANA;AVENIDA;URBANO;NO CORRESPONDE;-12.154419;DESPEJADO;COMERCIAL;TRAMO RECTO;PLANA ;ASFALTADA;NULL;NULL;NULL;NULL;IMPRUDENCIA DEL CONDUCTOR;EXCESO DE VELOCIDAD;Avenida Victor Malásquez;8/3/2022;-76.869334
A-2022-03-90;00:00.0;ATROPELLO;1;0;1;LA LIBERTAD;VIRU;CHAO;RURAL;CARRETERA;NACIONAL;PE-1N;-8.539943;DESPEJADO;RURAL;TRAMO RECTO;PLANA ;ASFALTADA;NULL;NULL;NULL;NULL;IMPRUDENCIA DEL PEATÓN;CRUCE INDEBIDO POR LA CALZADA;Carretera Panamericana Norte;9/3/2022;-78.67644
A-2022-03-254;15:00.0;DESPISTE;2;5;1;ICA;CHINCHA;GROCIO PRADO;RURAL;CARRETERA;NACIONAL;PE-1S;-13.353545;DESPEJADO;RURAL;TRAMO RECTO;PLANA ;ASFALTADA;NULL;NULL;NULL;NULL;NEGLIGENCIA DEL CONDUCTOR;OTRO (NEGLIGENCIA DEL CONDUCTOR);Carretera Panamericana Sur;9/3/2022;-76.221728
A-2022-03-76;50:00.0;DESPISTE;4;0;1;LA LIBERTAD;BOLIVAR;BAMBAMARCA;RURAL;CARRETERA;DEPARTAMENTAL;LI-125;-7.545985;LLUVIOSO;RURAL;TRAMO RECTO;PLANA ;TROCHA;NULL;NULL;NULL;NULL;IMPRUDENCIA DEL CONDUCTOR;FATIGA Y/O CANSANCIO;Bambamarca;9/3/2022;-77.713718
A-2022-03-104;50:00.0;CHOQUE;1;0;2;LAMBAYEQUE;LAMBAYEQUE;LAMBAYEQUE;URBANA;CARRETERA;NACIONAL;PE-1N;-6.723075;DESPEJADO;INDUSTRIAL;TRAMO RECTO;PLANA ;ASFALTADA;NULL;NULL;NULL;NULL;EN PROCESO DE INVESTIGACIÓN;NO CUENTA CON CAUSA ESPECIFICA;Panamericana Norte;9/3/2022;-79.892557
A-2022-03-216;00:00.0;CHOQUE;1;0;2;LIMA;LIMA;RIMAC;URBANA;CARRETERA;NACIONAL;PE-1N;-12.04027;DESPEJADO;INDUSTRIAL;TRAMO RECTO;PLANA ;ASFALTADA;NULL;NULL;NULL;NULL;EN PROCESO DE INVESTIGACIÓN;NO CUENTA CON CAUSA ESPECIFICA;Vía de Evitamiento;9/3/2022;-77.01653
A-2022-03-53;15:00.0;ATROPELLO;1;0;NULL;CAJAMARCA;CAJABAMBA;CACHACHI;RURAL;CARRETERA;SIN CLASIFICAR;SIN CLASIFICAR;-7.626358;NULL;NULL;NULL;NULL;NULL;NULL;NULL;NULL;NULL;EN PROCESO DE INVESTIGACIÓN;NO CUENTA CON CAUSA ESPECIFICA;Cachachi;9/3/2022;-78.213602
A-2022-03-42;00:00.0;DESPISTE;1;0;1;AREQUIPA;CARAVELI;QUICACHA;RURAL;CARRETERA;NACIONAL;PE-32;-15.623166;LLUVIOSO;RURAL;SINUOSA;INCLINADA;TROCHA;NULL;NULL;NULL;NULL;EN PROCESO DE INVESTIGACIÓN;NO CUENTA CON CAUSA ESPECIFICA;PE-32;9/3/2022;-73.797333
A-2022-03-132;10:00.0;CHOQUE;1;0;2;PUNO;AZANGARO;SAN JUAN DE SALINAS;RURAL;CARRETERA;DEPARTAMENTAL;PU-153;-14.972485;DESPEJADO;RURAL;CURVA;PLANA ;AFIRMADO;NULL;NULL;NULL;NULL;IMPRUDENCIA DEL CONDUCTOR;CONDUCIR EN SENTIDO CONTRARIO;PU-153;10/3/2022;-70.149781
A-2022-03-234;00:00.0;DESPISTE;1;0;NULL;ANCASH;PALLASCA;PALLASCA;RURAL;CARRETERA;NACIONAL;PE-3N;-8.268228;DESPEJADO;RURAL;SINUOSA;INCLINADA;TROCHA;NULL;NULL;NULL;NULL;EN PROCESO DE INVESTIGACIÓN;NO CUENTA CON CAUSA ESPECIFICA;Carretera Longitudinal de la Sierra Norte;10/3/2022;-77.990481
A-2022-03-16;00:00.0;CHOQUE;1;0;1;PUNO;PUNO;CAPACHICA;RURAL;CARRETERA;PROVINCIAL;PU-926;-15.673127;DESPEJADO;RURAL;TRAMO RECTO;PLANA ;ASFALTADA;NULL;NULL;NULL;NULL;IMPRUDENCIA DEL CONDUCTOR;OTRO (IMPRUDENCIA DEL CONDUCTOR);PU-663;10/3/2022;-69.849288
A-2022-03-253;00:00.0;CHOQUE FUGA;1;0;NULL;LIMA;LIMA;SAN MARTIN DE PORRES;URBANA;AVENIDA;URBANO;NO CORRESPONDE;-11.949566;NULL;NULL;NULL;NULL;NULL;NULL;NULL;NULL;NULL;EN PROCESO DE INVESTIGACIÓN;NO CUENTA CON CAUSA ESPECIFICA;Avenida Vírgen del Carmen;10/3/2022;-77.085832
A-2022-03-77;30:00.0;DESPISTE;1;0;1;LA LIBERTAD;VIRU;VIRU;RURAL;CARRETERA;PROVINCIAL;LI-1122;-8.46095;DESPEJADO;RURAL;TRAMO RECTO;PLANA ;AFIRMADO;NULL;NULL;NULL;NULL;EN PROCESO DE INVESTIGACIÓN;NO CUENTA CON CAUSA ESPECIFICA;LI-1122;10/3/2022;-78.855545
A-2022-03-255;00:00.0;CHOQUE;1;0;NULL;LIMA;LIMA;SAN JUAN DE LURIGANCHO;URBANA;AVENIDA;URBANO;NO CORRESPONDE;-11.970962;NULL;NULL;NULL;NULL;NULL;NULL;NULL;NULL;NULL;EN PROCESO DE INVESTIGACIÓN;NO CUENTA CON CAUSA ESPECIFICA;Avenida Central;11/3/2022;-76.992302
A-2022-03-150;30:00.0;DESPISTE;1;2;NULL;AYACUCHO;SUCRE;SAN PEDRO DE LARCAY;RURAL;OTRO;URBANO;NO CORRESPONDE;-14.168986;DESPEJADO;RURAL;CURVA;INCLINADA;AFIRMADO;NULL;NULL;NULL;NULL;IMPRUDENCIA DEL CONDUCTOR;EXCESO DE VELOCIDAD;San Pedro de Larcay;11/3/2022;-73.57301
A-2022-03-83;30:00.0;DESPISTE;1;4;1;LA LIBERTAD;OTUZCO;USQUIL;RURAL;CARRETERA;SIN CLASIFICAR;SIN CLASIFICAR;-7.803343;LLUVIOSO;RURAL;CURVA;INCLINADA;TROCHA;NULL;NULL;NULL;NULL;NEGLIGENCIA DEL CONDUCTOR;OTRO (NEGLIGENCIA DEL CONDUCTOR);Usquil;11/3/2022;-78.402325
A-2022-03-185;30:00.0;CHOQUE;1;7;2;CUSCO;CANCHIS;CHECACUPE;RURAL;CARRETERA;NACIONAL;PE-3S;-14.020606;LLUVIOSO;RURAL;TRAMO RECTO;PLANA ;ASFALTADA;SI;PREVENTIVA (P);REGULADORA (R);NO;IMPRUDENCIA DEL CONDUCTOR;VEHÍCULO MAL ESTACIONADO;Carretera Longitudinal de la Sierra Sur;11/3/2022;-71.457161
A-2022-03-133;30:00.0;CHOQUE;1;3;2;PUNO;CARABAYA;CRUCERO;RURAL;CARRETERA;DEPARTAMENTAL;PU-106;-14.361765;DESPEJADO;RURAL;TRAMO RECTO;PLANA ;ASFALTADA;NULL;NULL;NULL;NULL;IMPRUDENCIA DEL CONDUCTOR;CONDUCIR EN SENTIDO CONTRARIO;PU-106;11/3/2022;-69.821511
A-2022-03-257;50:00.0;ATROPELLO;1;0;NULL;LIMA;LIMA;LIMA;URBANA;AVENIDA;URBANO;NO CORRESPONDE;-12.057647;DESPEJADO;RURAL;TRAMO RECTO;PLANA ;ASFALTADA;NULL;NULL;NULL;NULL;EN PROCESO DE INVESTIGACIÓN;NO CUENTA CON CAUSA ESPECIFICA;Avenida República de Venezuela;11/3/2022;-77.067668
A-2022-03-233;30:00.0;CHOQUE;1;1;NULL;ANCASH;HUARMEY;HUARMEY;RURAL;CARRETERA;NACIONAL;PE-1N;-10.203143;DESPEJADO;RURAL;TRAMO RECTO;PLANA ;ASFALTADA;NULL;NULL;NULL;NULL;EN PROCESO DE INVESTIGACIÓN;NO CUENTA CON CAUSA ESPECIFICA;Panamericana Norte;12/3/2022;-78.050151
A-2022-03-286;00:00.0;ATROPELLO FUGA;1;0;NULL;SAN MARTIN;LAMAS;CAYNARACHI;RURAL;CARRETERA;NACIONAL;PE-5NB;-6.143273;NULL;NULL;NULL;NULL;NULL;NULL;NULL;NULL;NULL;EN PROCESO DE INVESTIGACIÓN;NO CUENTA CON CAUSA ESPECIFICA;PE-5NB;12/3/2022;-76.26907
A-2022-03-245;40:00.0;ATROPELLO;1;0;NULL;AYACUCHO;LA MAR;SAN MIGUEL;URBANA;CARRETERA;DEPARTAMENTAL;AY-102;-13.054252;DESPEJADO;RURAL;TRAMO RECTO;PLANA ;ASFALTADA;SI;PREVENTIVA (P);NULL;NO;IMPRUDENCIA DEL CONDUCTOR;OTRO (IMPRUDENCIA DEL CONDUCTOR);AY-102;12/3/2022;-73.954913
A-2022-03-43;00:00.0;DESPISTE;1;0;2;AREQUIPA;CAMANA;SAMUEL PASTOR;URBANA;AVENIDA;URBANO;NO CORRESPONDE;-16.610053;DESPEJADO;RURAL;TRAMO RECTO;PLANA ;ASFALTADA;NULL;NULL;NULL;NULL;EN PROCESO DE INVESTIGACIÓN;NO CUENTA CON CAUSA ESPECIFICA;Avenida Lima;12/3/2022;-72.705275
A-2022-03-239;00:00.0;VOLCADURA;1;0;NULL;APURIMAC;GRAU;VILCABAMBA;RURAL;AVENIDA;URBANO;NO CORRESPONDE;-14.078798;NULL;NULL;NULL;NULL;NULL;NULL;NULL;NULL;NULL;EN PROCESO DE INVESTIGACIÓN;NO CUENTA CON CAUSA ESPECIFICA;Vilcabamba;12/3/2022;-72.625815
A-2022-03-235;35:00.0;ATROPELLO;1;0;NULL;ANCASH;SANTA;CHIMBOTE;URBANA;AVENIDA;URBANO;NO CORRESPONDE;-9.074473;DESPEJADO;COMERCIAL;INTERSECCIÓN;PLANA ;ASFALTADA;NULL;NULL;NULL;NULL;EN PROCESO DE INVESTIGACIÓN;NO CUENTA CON CAUSA ESPECIFICA;Avenida Camino Real;12/3/2022;-78.576269
A-2022-03-224;10:00.0;CHOQUE;1;0;2;HUANUCO;LEONCIO PRADO;PUEBLO NUEVO;RURAL;CARRETERA;NACIONAL;PE-5N;-9.149739;NUBLADO;RURAL;CURVA;PLANA ;ASFALTADA;SI;PREVENTIVA (P);REGULADORA (R);NO;IMPRUDENCIA DEL CONDUCTOR;EXCESO DE VELOCIDAD;Carretera Presidente Fernando Belaúnde Terry;12/3/2022;-75.988285
A-2022-03-123;30:00.0;CHOQUE;1;0;2;PIURA;PIURA;LA UNION;URBANA;CALLE;URBANO;NO CORRESPONDE;-5.380902;DESPEJADO;COMERCIAL;TRAMO RECTO;PLANA ;AFIRMADO;NULL;NULL;NULL;NULL;EN PROCESO DE INVESTIGACIÓN;NO CUENTA CON CAUSA ESPECIFICA;Tablazo Norte;12/3/2022;-80.761395