CÓDIGO SINIESTRO;HORA SINIESTRO;CLASE SINIESTRO;CANTIDAD DE FALLECIDOS;CANTIDAD DE LESIONADOS;CANTIDAD DE VEHICULOS DAÑADOS;DEPARTAMENTO;PROVINCIA;DISTRITO;ZONA;TIPO DE VÍA;RED VIAL;COD CARRETERA;COORDENADAS LATITUD;CONDICIÓN CLIMÁTICA;ZONIFICACIÓN;CARACTERÍSTICAS DE VÍA;PERFIL LONGITUDINAL VÍA;SUPERFICIE DE CALZADA;¿EXISTE SEÑAL VERTICAL?;CLASIFICACIÓN DE LA SEÑAL VERTICAL Nº 1;CLASIFICACIÓN DE LA SEÑAL VERTICAL Nº 2;¿EXISTE SEÑAL HORIZONTAL?;CAUSA FACTOR PRINCIPAL;CAUSA ESPECÍFICA;UBICACION;FECHA SINIESTRO;COORDENADAS LONGITUD
A-2022-03-71;30:00.0;ATROPELLO;1;0;1;AREQUIPA;ISLAY;ISLAY;RURAL;CARRETERA;NACIONAL;PE-1SD;-16.998379;DESPEJADO;RURAL;TRAMO RECTO;INCLINADA;ASFALTADA;NO;NULL;NULL;SI;EN PROCESO DE INVESTIGACIÓN;NO CUENTA CON CAUSA ESPECIFICA;Autopista Costanera;13/3/2022;-72.062978
A-2022-03-109;00:00.0;CHOQUE FUGA;1;0;2;AREQUIPA;AREQUIPA;AREQUIPA;URBANA;CALLE;URBANO;NO CORRESPONDE;-16.397816;DESPEJADO;RESIDENCIAL;TRAMO RECTO;PLANA ;ASFALTADA;NULL;NULL;NULL;NULL;EN PROCESO DE INVESTIGACIÓN;NO CUENTA CON CAUSA ESPECIFICA;Calle Santa Marta;13/3/2022;-71.532648
A-2022-03-33;00:00.0;ATROPELLO FUGA;1;0;NULL;ICA;PISCO;SAN CLEMENTE;URBANA;CALLE;URBANO;NO CORRESPONDE;-13.679181;DESPEJADO;RESIDENCIAL;INTERSECCIÓN;PLANA ;ASFALTADA;NULL;NULL;NULL;NULL;EN PROCESO DE INVESTIGACIÓN;NO CUENTA CON CAUSA ESPECIFICA;Calle Paruro;13/3/2022;-76.152314
A-2022-03-32;45:00.0;ATROPELLO FUGA;1;0;NULL;ICA;ICA;SALAS;RURAL;CARRETERA;NACIONAL;PE-1S;-13.930564;DESPEJADO;RURAL;TRAMO RECTO;PLANA ;ASFALTADA;NULL;NULL;NULL;NULL;EN PROCESO DE INVESTIGACIÓN;NO CUENTA CON CAUSA ESPECIFICA;Carretera Panamericana Sur;13/3/2022;-75.939261
A-2022-03-284;00:00.0;CHOQUE;1;0;NULL;MADRE DE DIOS;TAMBOPATA;LABERINTO;NULL;CARRETERA;PROVINCIAL;MD-529;-12.760173;NULL;NULL;NULL;NULL;NULL;NULL;NULL;NULL;NULL;EN PROCESO DE INVESTIGACIÓN;NO CUENTA CON CAUSA ESPECIFICA;Puerto Rosario de Laberinto;13/3/2022;-69.566378
A-2022-03-165;10:00.0;CHOQUE;2;1;NULL;LIMA;HUAURA;VEGUETA;RURAL;CARRETERA;NACIONAL;PE-1N;-11.002744;DESPEJADO;RURAL;INTERSECCIÓN;PLANA ;ASFALTADA;SI;REGULADORA (R);REGULADORA (R);NO;IMPRUDENCIA DEL CONDUCTOR;EXCESO DE VELOCIDAD;Carretera Panamericana Norte;13/3/2022;-77.617208
A-2022-03-259;40:00.0;ATROPELLO;1;0;NULL;LIMA;LIMA;SAN JUAN DE LURIGANCHO;URBANA;AVENIDA;URBANO;NO CORRESPONDE;-11.992739;NULL;NULL;NULL;NULL;NULL;NULL;NULL;NULL;NULL;EN PROCESO DE INVESTIGACIÓN;NO CUENTA CON CAUSA ESPECIFICA;Avenida Próceres de la Independencia;13/3/2022;-77.010866
A-2022-03-205;40:00.0;DESPISTE;1;1;1;LIMA;HUAURA;SAYAN;RURAL;CARRETERA;NACIONAL;PE-18;-11.13827;DESPEJADO;RURAL;CURVA;PLANA ;ASFALTADA;SI;PREVENTIVA (P);NULL;NO;IMPRUDENCIA DEL CONDUCTOR;EXCESO DE VELOCIDAD;Carretera Huaura - Ambo;13/3/2022;-77.202376
A-2022-03-126;10:00.0;ESPECIAL;2;0;1;LA LIBERTAD;PATAZ;PATAZ;RURAL;CARRETERA;DEPARTAMENTAL;LI-124;-7.697309;LLUVIOSO;RURAL;TRAMO RECTO;PLANA ;TROCHA;NULL;NULL;NULL;NULL;INFRAESTRUCTURA Y ENTORNO VIAL;FACTOR AMBIENTAL;LI-124;13/3/2022;-77.66172
A-2022-03-157;00:00.0;DESPISTE;1;3;1;CAJAMARCA;SAN PABLO;SAN PABLO;RURAL;CARRETERA;PROVINCIAL;CA-1290;-7.07082;NUBLADO;RURAL;CURVA;PLANA ;TROCHA;NULL;NULL;NULL;NULL;EN PROCESO DE INVESTIGACIÓN;NO CUENTA CON CAUSA ESPECIFICA;Capilla de Unanca;13/3/2022;-78.782245
A-2022-03-240;00:00.0;VOLCADURA;1;0;NULL;APURIMAC;ANTABAMBA;ANTABAMBA;RURAL;CARRETERA;DEPARTAMENTAL;AP-108;-14.387909;NULL;NULL;NULL;NULL;NULL;NULL;NULL;NULL;NULL;EN PROCESO DE INVESTIGACIÓN;NO CUENTA CON CAUSA ESPECIFICA;AP-108;13/3/2022;-72.857417
A-2022-03-155;20:00.0;DESPISTE;1;0;1;CUSCO;ACOMAYO;MOSOC LLACTA;RURAL;CARRETERA;SIN CLASIFICAR;SIN CLASIFICAR;-14.122535;DESPEJADO;RURAL;TRAMO RECTO;PLANA ;ASFALTADA;NULL;NULL;NULL;NULL;IMPRUDENCIA DEL CONDUCTOR;EXCESO DE VELOCIDAD;Mosoc Llacta;13/3/2022;-71.474329
A-2022-03-226;10:00.0;CHOQUE;1;0;NULL;JUNIN;SATIPO;SATIPO;URBANA;CARRETERA;NACIONAL;PE-24A;-11.247796;NULL;NULL;NULL;NULL;NULL;NULL;NULL;NULL;NULL;EN PROCESO DE INVESTIGACIÓN;NO CUENTA CON CAUSA ESPECIFICA;Avenida Daniel Alcides Carrión;13/3/2022;-74.637229
A-2022-03-156;30:00.0;CHOQUE;1;0;1;CAJAMARCA;JAEN;PUCARA;RURAL;CARRETERA;NACIONAL;PE-3N;-6.059592;DESPEJADO;RURAL;TRAMO RECTO;PLANA ;ASFALTADA;NO;NULL;NULL;SI;EN PROCESO DE INVESTIGACIÓN;NO CUENTA CON CAUSA ESPECIFICA;Carretera Presidente Fernando Belaúnde Terry;13/3/2022;-79.075479
A-2022-03-236;20:00.0;CHOQUE;1;1;NULL;ANCASH;CASMA;CASMA;RURAL;CARRETERA;NACIONAL;PE-1N;-9.457931;DESPEJADO;RURAL;TRAMO RECTO;PLANA ;ASFALTADA;NULL;NULL;NULL;NULL;EN PROCESO DE INVESTIGACIÓN;NO CUENTA CON CAUSA ESPECIFICA;Panamericana Norte;14/3/2022;-78.33327
A-2022-03-218;50:00.0;CHOQUE;3;1;2;HUANUCO;LEONCIO PRADO;MARIANO DAMASO BERAUN;RURAL;CARRETERA;NACIONAL;PE-18A;-9.443862;NUBLADO;RURAL;CURVA;PLANA ;ASFALTADA;SI;PREVENTIVA (P);PREVENTIVA (P);NO;IMPRUDENCIA DEL CONDUCTOR;EXCESO DE VELOCIDAD;Carretera Central;14/3/2022;-75.973997
A-2022-03-113;30:00.0;CHOQUE;1;0;2;AREQUIPA;AREQUIPA;CERRO COLORADO;URBANA;CARRETERA;DEPARTAMENTAL;AR-123;-16.362057;DESPEJADO;COMERCIAL;TRAMO RECTO;PLANA ;ASFALTADA;NULL;NULL;NULL;NULL;EN PROCESO DE INVESTIGACIÓN;NO CUENTA CON CAUSA ESPECIFICA;Autopista La Joya - Arequipa;14/3/2022;-71.624069
A-2022-03-242;00:00.0;ATROPELLO FUGA;1;0;NULL;HUANUCO;HUANUCO;PILLCO MARCA;URBANA;CARRETERA;NACIONAL;PE-3N;-10.010606;DESPEJADO;RURAL;TRAMO RECTO;PLANA ;ASFALTADA;NULL;NULL;NULL;NULL;IMPRUDENCIA DEL PEATÓN;ESTADO DE EBRIEDAD Y/O DROGADICCIÓN;Carretera Longitudinal de la Sierra Norte;14/3/2022;-76.236774
A-2022-03-54;15:00.0;CHOQUE;2;4;2;CAJAMARCA;CAJAMARCA;SAN JUAN;RURAL;CARRETERA;NACIONAL;PE-08;-7.277484;NIEBLA;RURAL;TRAMO RECTO;INCLINADA;ASFALTADA;NO;NULL;NULL;SI;EN PROCESO DE INVESTIGACIÓN;NO CUENTA CON CAUSA ESPECIFICA;Carretera Ciudad de Dios - Cajamarca;14/3/2022;-78.526428
A-2022-03-124;40:00.0;CHOQUE;1;2;2;PIURA;MORROPON;LA MATANZA;RURAL;CARRETERA;NACIONAL;PE-1NJ;-5.349123;DESPEJADO;RURAL;TRAMO RECTO;PLANA ;ASFALTADA;NULL;NULL;NULL;NULL;IMPERICIA DEL CONDUCTOR;NULL;Carretera Interoceánica Norte;14/3/2022;-80.067705
A-2022-03-237;40:00.0;CHOQUE;2;3;3;ANCASH;SANTA;CHIMBOTE;URBANA;CARRETERA;NACIONAL;PE-1N;-9.099442;DESPEJADO;COMERCIAL;INTERSECCIÓN;PLANA ;ASFALTADA;NULL;NULL;NULL;NULL;IMPRUDENCIA DEL CONDUCTOR;INVASIÓN DE CARRIL;Avenida Enrique Meiggs;14/3/2022;-78.562719
A-2022-03-250-B;00:00.0;DESPISTE;1;1;NULL;APURIMAC;AYMARAES;COTARUSE;RURAL;CARRETERA;NACIONAL;PE-30A;-14.462048;NULL;NULL;NULL;NULL;NULL;NULL;NULL;NULL;NULL;EN PROCESO DE INVESTIGACIÓN;NO CUENTA CON CAUSA ESPECIFICA;Carretera Nasca - Abancay;14/3/2022;-73.235952
A-2022-03-249;30:00.0;DESPISTE;3;0;1;LIMA;HUARAL;ATAVILLOS ALTO;RURAL;CARRETERA;NACIONAL;PE-20C;-11.260355;DESPEJADO;RURAL;CURVA;PLANA ;AFIRMADO;SI;PREVENTIVA (P);PREVENTIVA (P);NO;IMPRUDENCIA DEL CONDUCTOR;EXCESO DE VELOCIDAD;PE-20C;14/3/2022;-76.741756
A-2022-03-288;00:00.0;ATROPELLO;1;1;NULL;LORETO;MAYNAS;BELEN;URBANA;AVENIDA;URBANO;NO CORRESPONDE;-3.764959;NULL;NULL;NULL;NULL;NULL;NULL;NULL;NULL;NULL;EN PROCESO DE INVESTIGACIÓN;NO CUENTA CON CAUSA ESPECIFICA;Avenida José Abelardo Quiñones;14/3/2022;-73.259027
A-2022-03-178;20:00.0;CHOQUE;1;1;2;PIURA;PIURA;VEINTISEIS DE OCTUBRE;URBANA;CARRETERA;NACIONAL;PE-1N;-5.178503;DESPEJADO;COMERCIAL;TRAMO RECTO;PLANA ;ASFALTADA;NULL;NULL;NULL;NULL;IMPRUDENCIA DEL CONDUCTOR;EXCESO DE VELOCIDAD;Avenida Sánchez Cerro;14/3/2022;-80.666686
A-2022-03-49;27:00.0;ESPECIAL;1;0;1;ANCASH;HUARAZ;HUARAZ;URBANA;OTRO;URBANO;NO CORRESPONDE;-9.52968;DESPEJADO;COMERCIAL;INTERSECCIÓN;INCLINADA;CONCRETO;SI;REGULADORA (R);REGULADORA (R);SI;NEGLIGENCIA DEL CONDUCTOR;OTRO (NEGLIGENCIA DEL CONDUCTOR);Jirón Alberto Gridilla;15/3/2022;-77.530636
A-2022-03-260;30:00.0;ATROPELLO;1;0;NULL;LIMA;LIMA;SAN JUAN DE LURIGANCHO;URBANA;CARRETERA;PROVINCIAL;LM-711;-11.92557;NULL;NULL;NULL;NULL;NULL;NULL;NULL;NULL;NULL;EN PROCESO DE INVESTIGACIÓN;NO CUENTA CON CAUSA ESPECIFICA;Wiracocha;15/3/2022;-76.963656
A-2022-03-261;00:00.0;DESPISTE;1;1;NULL;LIMA;LIMA;SAN ISIDRO;URBANA;OTRO;URBANO;NO CORRESPONDE;-12.108192;NULL;NULL;NULL;NULL;NULL;NULL;NULL;NULL;NULL;EN PROCESO DE INVESTIGACIÓN;NO CUENTA CON CAUSA ESPECIFICA;Circuito de Playas;16/3/2022;-77.058571
A-2022-03-151;20:00.0;CHOQUE;1;0;1;AYACUCHO;HUANTA;HUANTA;RURAL;CARRETERA;NACIONAL;PE-3S;-12.928738;DESPEJADO;RURAL;CURVA;PLANA ;ASFALTADA;NULL;NULL;NULL;NULL;IMPRUDENCIA DEL CONDUCTOR;CONDUCIR EN ESTADO DE EBRIEDAD Y/O DROGADICCIÓN;Carretera Longitudinal de la Sierra Sur;16/3/2022;-74.267617
A-2022-03-111;30:00.0;CHOQUE;1;3;2;AREQUIPA;CAYLLOMA;SAN ANTONIO DE CHUCA;RURAL;CARRETERA;NACIONAL;PE-34A;-15.865493;DESPEJADO;RURAL;CURVA;PLANA ;ASFALTADA;NO;NULL;NULL;SI;EN PROCESO DE INVESTIGACIÓN;NO CUENTA CON CAUSA ESPECIFICA;Vía Interoceánica Sur - Tramo 5;16/3/2022;-71.130546
A-2022-03-227;00:00.0;ATROPELLO;1;0;NULL;PASCO;OXAPAMPA;OXAPAMPA;URBANA;CARRETERA;NACIONAL;PE-5NA;-10.574369;NULL;NULL;NULL;NULL;NULL;NULL;NULL;NULL;NULL;EN PROCESO DE INVESTIGACIÓN;NO CUENTA CON CAUSA ESPECIFICA;Jirón Mullembruck;16/3/2022;-75.406262
A-2022-03-110;00:00.0;CHOQUE;1;0;2;LAMBAYEQUE;FERREÑAFE;PITIPO;RURAL;CARRETERA;SIN CLASIFICAR;SIN CLASIFICAR;-6.464714;DESPEJADO;RURAL;TRAMO RECTO;PLANA ;ASFALTADA;NULL;NULL;NULL;NULL;EN PROCESO DE INVESTIGACIÓN;NO CUENTA CON CAUSA ESPECIFICA;LA-591;16/3/2022;-79.736062
A-2022-03-84;00:00.0;DESPISTE;1;3;1;LA LIBERTAD;SANCHEZ CARRION;MARCABAL;RURAL;CARRETERA;SIN CLASIFICAR;SIN CLASIFICAR;-7.722098;LLUVIOSO;RURAL;TRAMO RECTO;PLANA ;TROCHA;NULL;NULL;NULL;NULL;IMPRUDENCIA DEL CONDUCTOR;EXCESO DE VELOCIDAD;Marcabal;16/3/2022;-77.904096
A-2022-03-147;40:00.0;CHOQUE;1;0;2;LAMBAYEQUE;CHICLAYO;POMALCA;RURAL;CARRETERA;NACIONAL;PE-06A;-6.780738;DESPEJADO;RURAL;CURVA;PLANA ;ASFALTADA;NULL;NULL;NULL;NULL;EN PROCESO DE INVESTIGACIÓN;NO CUENTA CON CAUSA ESPECIFICA;Las Palmeras;16/3/2022;-79.775901
A-2022-03-92;25:00.0;ATROPELLO FUGA;1;0;NULL;TACNA;TACNA;TACNA;RURAL;CARRETERA;NACIONAL;PE-1S;-18.299647;NULL;NULL;NULL;NULL;NULL;NULL;NULL;NULL;NULL;EN PROCESO DE INVESTIGACIÓN;NO CUENTA CON CAUSA ESPECIFICA;Carretera Panamericana Sur;16/3/2022;-70.315496
A-2022-03-285;30:00.0;DESPISTE;1;0;1;PIURA;PIURA;CASTILLA;URBANA;CARRETERA;DEPARTAMENTAL;PI-126;-5.188332;DESPEJADO;COMERCIAL;TRAMO RECTO;PLANA ;ASFALTADA;NULL;NULL;NULL;NULL;NEGLIGENCIA DEL CONDUCTOR;OTRO (NEGLIGENCIA DEL CONDUCTOR);Avenida Andrés Avelino Cáceres;17/3/2022;-80.60983
A-2022-03-112;55:00.0;ATROPELLO FUGA;1;0;1;LAMBAYEQUE;CHICLAYO;LAGUNAS;RURAL;CARRETERA;NACIONAL;PE-1N;-6.927695;DESPEJADO;RURAL;TRAMO RECTO;PLANA ;ASFALTADA;NULL;NULL;NULL;NULL;EN PROCESO DE INVESTIGACIÓN;NO CUENTA CON CAUSA ESPECIFICA;Carretera Panamericana Norte;17/3/2022;-79.74143
A-2022-03-64;45:00.0;CHOQUE;1;0;2;SAN MARTIN;MOYOBAMBA;MOYOBAMBA;RURAL;CARRETERA;NACIONAL;PE-5N;-6.045425;DESPEJADO;RURAL;CURVA;PLANA ;ASFALTADA;NULL;NULL;NULL;NULL;IMPRUDENCIA DEL CONDUCTOR;OTRO (IMPRUDENCIA DEL CONDUCTOR);Carretera Presidente Fernando Belaúnde Terry;17/3/2022;-77.016127
A-2022-03-85;00:00.0;CHOQUE;1;3;2;LA LIBERTAD;ASCOPE;SANTIAGO DE CAO;RURAL;CARRETERA;DEPARTAMENTAL;LI-103;-7.880665;DESPEJADO;RURAL;TRAMO RECTO;PLANA ;ASFALTADA;NULL;NULL;NULL;NULL;IMPRUDENCIA DEL CONDUCTOR;OTRO (IMPRUDENCIA DEL CONDUCTOR);Carretera Chiclín - Cartavio;17/3/2022;-79.212945
A-2022-03-262;00:00.0;DESPISTE;1;1;1;PIURA;TALARA;LOS ORGANOS;RURAL;CARRETERA;NACIONAL;PE-1N;-4.221164;DESPEJADO;RURAL;CURVA;INCLINADA;ASFALTADA;SI;PREVENTIVA (P);NULL;NO;IMPRUDENCIA DEL CONDUCTOR;EXCESO DE VELOCIDAD;Carretera Panamericana Norte;17/3/2022;-81.167196
A-2022-03-175;15:00.0;VOLCADURA;1;12;1;CUSCO;CUSCO;CUSCO;RURAL;CARRETERA;PROVINCIAL;CU-1259;-13.555421;DESPEJADO;RURAL;CURVA;PLANA ;AFIRMADO;NULL;NULL;NULL;NULL;IMPRUDENCIA DEL CONDUCTOR;EXCESO DE VELOCIDAD;CU-698;18/3/2022;-72.021903
A-2022-03-243;00:00.0;DESPISTE;1;1;1;HUANUCO;HUANUCO;AMARILIS;RURAL;CARRETERA;SIN CLASIFICAR;SIN CLASIFICAR;-9.919618;DESPEJADO;RURAL;TRAMO RECTO;PLANA ;TROCHA;NULL;NULL;NULL;NULL;IMPRUDENCIA DEL CONDUCTOR;FATIGA Y/O CANSANCIO;Malconga;18/3/2022;-76.176757
A-2022-03-134;45:00.0;DESPISTE;1;0;1;PUNO;MOHO;MOHO;RURAL;CARRETERA;NACIONAL;PE-34I;-15.312871;DESPEJADO;RURAL;TRAMO RECTO;PLANA ;ASFALTADA;NULL;NULL;NULL;NULL;IMPRUDENCIA DEL CONDUCTOR;EXCESO DE VELOCIDAD;PE-34I;18/3/2022;-69.546998
A-2022-03-86;30:00.0;CHOQUE;1;4;2;LA LIBERTAD;CHEPEN;PACANGA;RURAL;CARRETERA;NACIONAL;PE-1N;-7.123959;DESPEJADO;RURAL;TRAMO RECTO;PLANA ;ASFALTADA;NULL;NULL;NULL;NULL;IMPRUDENCIA DEL CONDUCTOR;GIRAR IMPRUDENTEMENTE;Carretera Panamericana Norte;18/3/2022;-79.482107
A-2022-03-166;30:00.0;ATROPELLO;1;0;NULL;LIMA;HUAURA;HUAURA;URBANA;CARRETERA;DEPARTAMENTAL;LM-101;-11.066938;DESPEJADO;RESIDENCIAL;TRAMO RECTO;PLANA ;ASFALTADA;NULL;NULL;NULL;NULL;IMPRUDENCIA DEL CONDUCTOR;EXCESO DE VELOCIDAD;Huaura;18/3/2022;-77.598471
A-2022-03-263;00:00.0;CHOQUE;1;0;NULL;LIMA;LIMA;CARABAYLLO;URBANA;AVENIDA;URBANO;NO CORRESPONDE;-11.897196;NULL;NULL;NULL;NULL;NULL;NULL;NULL;NULL;NULL;EN PROCESO DE INVESTIGACIÓN;NO CUENTA CON CAUSA ESPECIFICA;Avenida Túpac Amaru;18/3/2022;-77.029915
A-2022-03-264;00:00.0;CHOQUE;1;1;2;PIURA;SULLANA;SULLANA;URBANA;CARRETERA;DEPARTAMENTAL;PI-102;-4.906676;DESPEJADO;RURAL;TRAMO RECTO;PLANA ;ASFALTADA;NULL;NULL;NULL;NULL;IMPRUDENCIA DEL CONDUCTOR;CONDUCIR EN ESTADO DE EBRIEDAD Y/O DROGADICCIÓN;Carretera Paita - Sullana;18/3/2022;-80.714938
A-2022-03-159;35:00.0;CHOQUE;1;0;NULL;CAJAMARCA;CUTERVO;CUTERVO;URBANA;CARRETERA;NACIONAL;PE-3N;-6.381019;NULL;NULL;NULL;NULL;NULL;NULL;NULL;NULL;NULL;EN PROCESO DE INVESTIGACIÓN;NO CUENTA CON CAUSA ESPECIFICA;Avenida Salomón Sánchez Vilca;18/3/2022;-78.813507
A-2022-03-228;20:00.0;CHOQUE;1;2;NULL;JUNIN;SATIPO;SATIPO;URBANA;JIRÓN;URBANO;NO CORRESPONDE;-11.258277;NULL;NULL;NULL;NULL;NULL;NULL;NULL;NULL;NULL;EN PROCESO DE INVESTIGACIÓN;NO CUENTA CON CAUSA ESPECIFICA;Jirón 1 de Noviembre;19/3/2022;-74.637943
A-2022-03-62;20:00.0;CHOQUE;1;0;2;PUNO;PUNO;PICHACANI;RURAL;CARRETERA;NACIONAL;PE-36B;-16.134249;DESPEJADO;RURAL;TRAMO RECTO;PLANA ;ASFALTADA;NO;NULL;NULL;SI;IMPRUDENCIA DEL CONDUCTOR;OTRO (IMPRUDENCIA DEL CONDUCTOR);PE-36B;19/3/2022;-70.044729
A-2022-03-190;00:00.0;ATROPELLO FUGA;1;0;0;PUNO;MELGAR;AYAVIRI;RURAL;CARRETERA;NACIONAL;PE-3S;-14.906351;DESPEJADO;RURAL;TRAMO RECTO;PLANA ;ASFALTADA;NULL;NULL;NULL;NULL;IMPRUDENCIA DEL CONDUCTOR;EXCESO DE VELOCIDAD;Carretera Longitudinal de la Sierra Sur;19/3/2022;-70.583349
A-2022-03-191;22:00.0;DESPISTE;1;0;1;PUNO;AZANGARO;AZANGARO;RURAL;CARRETERA;DEPARTAMENTAL;PU-111;-14.861094;DESPEJADO;RURAL;TRAMO RECTO;PLANA ;ASFALTADA;NULL;NULL;NULL;NULL;IMPERICIA DEL CONDUCTOR;NULL;PU-111;19/3/2022;-70.083645
A-2022-03-204;30:00.0;CHOQUE;1;0;2;LIMA;HUAURA;VEGUETA;RURAL;CARRETERA;NACIONAL;PE-1N;-11.002965;DESPEJADO;RURAL;TRAMO RECTO;PLANA ;ASFALTADA;SI;REGULADORA (R);NULL;NO;IMPRUDENCIA DEL CONDUCTOR;CONDUCIR EN ESTADO DE EBRIEDAD Y/O DROGADICCIÓN;Carretera Panamericana Norte;20/3/2022;-77.617296
A-2022-03-209;00:00.0;DESPISTE;1;1;1;JUNIN;HUANCAYO;SICAYA;RURAL;CARRETERA;NACIONAL;PE-3SB;-12.029872;DESPEJADO;RURAL;TRAMO RECTO;PLANA ;ASFALTADA;NULL;NULL;NULL;NULL;IMPRUDENCIA DEL CONDUCTOR;CONDUCIR EN ESTADO DE EBRIEDAD Y/O DROGADICCIÓN;Carretera Central Margen Derecha;20/3/2022;-75.266329
A-2022-03-128;30:00.0;DESPISTE;1;0;1;PIURA;PIURA;VEINTISEIS DE OCTUBRE;URBANA;AVENIDA;URBANO;NO CORRESPONDE;-5.175705;DESPEJADO;RURAL;TRAMO RECTO;INCLINADA;ASFALTADA;NULL;NULL;NULL;NULL;IMPRUDENCIA DEL CONDUCTOR;CONDUCIR EN ESTADO DE EBRIEDAD Y/O DROGADICCIÓN;Avenida Grau;20/3/2022;-80.691057
A-2022-03-265;45:00.0;DESPISTE;2;0;NULL;LIMA;LIMA;ATE;URBANA;CARRETERA;NACIONAL;PE-22;-12.0101;NULL;NULL;NULL;NULL;NULL;NULL;NULL;NULL;NULL;EN PROCESO DE INVESTIGACIÓN;NO CUENTA CON CAUSA ESPECIFICA;Carretera Central;20/3/2022;-76.8703
A-2022-03-241;00:00.0;VOLCADURA;1;0;NULL;APURIMAC;GRAU;CHUQUIBAMBILLA;RURAL;CARRETERA;NACIONAL;PE-3SF;-14.052714;NULL;NULL;NULL;NULL;NULL;NULL;NULL;NULL;NULL;EN PROCESO DE INVESTIGACIÓN;NO CUENTA CON CAUSA ESPECIFICA;PE-3SF;20/3/2022;-72.762671
A-2022-03-87;00:00.0;CHOQUE;1;0;2;LA LIBERTAD;VIRU;VIRU;RURAL;CARRETERA;NACIONAL;PE-1N;-8.388479;DESPEJADO;RURAL;TRAMO RECTO;PLANA ;ASFALTADA;NULL;NULL;NULL;NULL;IMPRUDENCIA DEL CONDUCTOR;OTRO (IMPRUDENCIA DEL CONDUCTOR);Panamericana Norte;20/3/2022;-78.851144
A-2022-03-75;20:00.0;DESPISTE;1;0;1;TACNA;JORGE BASADRE;LOCUMBA;RURAL;CARRETERA;PROVINCIAL;TA-515;-17.598172;DESPEJADO;RURAL;TRAMO RECTO;PLANA ;ASFALTADA;NULL;NULL;NULL;NULL;IMPRUDENCIA DEL CONDUCTOR;CONDUCIR EN ESTADO DE EBRIEDAD Y/O DROGADICCIÓN;Ruta Mirave - Locumba;20/3/2022;-70.722395
A-2022-03-68;20:00.0;CHOQUE;1;1;2;TACNA;TACNA;TACNA;RURAL;CARRETERA;NACIONAL;PE-1S;-17.981974;NIEBLA;RURAL;TRAMO RECTO;PLANA ;ASFALTADA;SI;PREVENTIVA (P);NULL;SI;IMPRUDENCIA DEL CONDUCTOR;INVASIÓN DE CARRIL;Carretera Panamericana Sur;20/3/2022;-70.280788
A-2022-03-114;50:00.0;DESPISTE;4;0;1;AREQUIPA;CAYLLOMA;YANQUE;RURAL;CARRETERA;DEPARTAMENTAL;AR-109;-15.65131;DESPEJADO;RURAL;CURVA;INCLINADA;ASFALTADA;NO;NULL;NULL;SI;EN PROCESO DE INVESTIGACIÓN;NO CUENTA CON CAUSA ESPECIFICA;Carretera al Colca;20/3/2022;-71.640565
A-2022-03-266;30:00.0;VOLCADURA;1;0;NULL;LIMA;LIMA;COMAS;URBANA;AVENIDA;URBANO;NO CORRESPONDE;-11.913083;NULL;NULL;NULL;NULL;NULL;NULL;NULL;NULL;NULL;EN PROCESO DE INVESTIGACIÓN;NO CUENTA CON CAUSA ESPECIFICA;Avenida Revolución;20/3/2022;-77.019259
A-2022-03-221;35:00.0;CHOQUE;1;0;0;HUANUCO;LEONCIO PRADO;MARIANO DAMASO BERAUN;URBANA;CARRETERA;NACIONAL;PE-18A;-9.345312;LLUVIOSO;RURAL;TRAMO RECTO;PLANA ;ASFALTADA;SI;PREVENTIVA (P);PREVENTIVA (P);NO;IMPRUDENCIA DEL CONDUCTOR;INVASIÓN DE CARRIL;Carretera Central;21/3/2022;-75.982546
A-2022-03-267;00:00.0;DESPISTE;1;0;NULL;LIMA;LIMA;ATE;URBANA;CARRETERA;NACIONAL;PE-1S;-12.061148;NULL;NULL;NULL;NULL;NULL;NULL;NULL;NULL;NULL;EN PROCESO DE INVESTIGACIÓN;NO CUENTA CON CAUSA ESPECIFICA;Calle Robert Fulton;21/3/2022;-76.972485
A-2022-03-129;30:00.0;CHOQUE;1;4;2;PIURA;SECHURA;SECHURA;RURAL;CARRETERA;NACIONAL;PE-1N;-5.78294;DESPEJADO;RURAL;TRAMO RECTO;PLANA ;ASFALTADA;NULL;NULL;NULL;NULL;IMPRUDENCIA DEL CONDUCTOR;INVASIÓN DE CARRIL;Carretera Panamericana Norte;21/3/2022;-80.544911
A-2022-03-89;30:00.0;CHOQUE FUGA;1;0;2;LA LIBERTAD;ASCOPE;SANTIAGO DE CAO;RURAL;CARRETERA;DEPARTAMENTAL;LI-104;-7.927559;DESPEJADO;RURAL;TRAMO RECTO;PLANA ;ASFALTADA;NULL;NULL;NULL;NULL;IMPRUDENCIA DEL CONDUCTOR;FATIGA Y/O CANSANCIO;Carretera Chocope - Santiago de Cao;21/3/2022;-79.252953
A-2022-03-196;00:00.0;DESPISTE;1;0;2;CUSCO;ESPINAR;CONDOROMA;RURAL;CARRETERA;NACIONAL;PE-34J;-15.351627;LLUVIOSO;RURAL;TRAMO RECTO;PLANA ;ASFALTADA;NO;NULL;NULL;SI;IMPERICIA DEL CONDUCTOR;NULL;Carretera Oscollo - Condoroma;21/3/2022;-71.104512