CÓDIGO SINIESTRO;HORA SINIESTRO;CLASE SINIESTRO;CANTIDAD DE FALLECIDOS;CANTIDAD DE LESIONADOS;CANTIDAD DE VEHICULOS DAÑADOS;DEPARTAMENTO;PROVINCIA;DISTRITO;ZONA;TIPO DE VÍA;RED VIAL;COD CARRETERA;COORDENADAS LATITUD;CONDICIÓN CLIMÁTICA;ZONIFICACIÓN;CARACTERÍSTICAS DE VÍA;PERFIL LONGITUDINAL VÍA;SUPERFICIE DE CALZADA;¿EXISTE SEÑAL VERTICAL?;CLASIFICACIÓN DE LA SEÑAL VERTICAL Nº 1;CLASIFICACIÓN DE LA SEÑAL VERTICAL Nº 2;¿EXISTE SEÑAL HORIZONTAL?;CAUSA FACTOR PRINCIPAL;CAUSA ESPECÍFICA;UBICACION;FECHA SINIESTRO;COORDENADAS LONGITUD
A-2022-03-88;20:00.0;CHOQUE;4;1;2;LA LIBERTAD;VIRU;VIRU;RURAL;CARRETERA;NACIONAL;PE-1N;-8.403789;DESPEJADO;RURAL;TRAMO RECTO;PLANA ;ASFALTADA;NULL;NULL;NULL;NULL;IMPRUDENCIA DEL CONDUCTOR;INVASIÓN DE CARRIL;Carretera Panamericana Norte;21/3/2022;-78.834177
A-2022-03-270;30:00.0;ATROPELLO;1;0;NULL;LIMA;LIMA;VILLA MARIA DEL TRIUNFO;URBANA;AVENIDA;URBANO;NO CORRESPONDE;-12.1744;NULL;NULL;NULL;NULL;NULL;NULL;NULL;NULL;NULL;EN PROCESO DE INVESTIGACIÓN;NO CUENTA CON CAUSA ESPECIFICA;Avenida Pachacútec;21/3/2022;-76.94747
A-2022-03-274;00:00.0;DESPISTE;1;0;1;PIURA;SULLANA;SULLANA;URBANA;CARRETERA;PROVINCIAL;PI-986;-4.991519;DESPEJADO;RURAL;TRAMO RECTO;PLANA ;ASFALTADA;SI;PREVENTIVA (P);NULL;NO;IMPRUDENCIA DEL CONDUCTOR;EXCESO DE VELOCIDAD;PI-986;21/3/2022;-80.646558
A-2022-03-182;30:00.0;DESPISTE;3;0;1;CUSCO;ESPINAR;OCORURO;RURAL;CARRETERA;SIN CLASIFICAR;SIN CLASIFICAR;-15.162383;NUBLADO;RURAL;CURVA;PLANA ;ASFALTADA;SI;PREVENTIVA (P);PREVENTIVA (P);NO;IMPRUDENCIA DEL CONDUCTOR;EXCESO DE VELOCIDAD;Ocoruro;22/3/2022;-71.157122
A-2022-03-116;05:00.0;DESPISTE;1;0;1;TACNA;TACNA;TACNA;URBANA;AVENIDA;URBANO;NO CORRESPONDE;-18.031494;SOLEADO;RESIDENCIAL;TRAMO RECTO;PLANA ;ASFALTADA;NO;NULL;NULL;SI;EN PROCESO DE INVESTIGACIÓN;NO CUENTA CON CAUSA ESPECIFICA;Avenida Nora Flores Torres;22/3/2022;-70.272911
A-2022-03-229;30:00.0;DESPISTE;1;3;NULL;JUNIN;CHANCHAMAYO;PICHANAQUI;RURAL;CARRETERA;NACIONAL;PE-5S;-10.939242;NULL;NULL;NULL;NULL;NULL;NULL;NULL;NULL;NULL;EN PROCESO DE INVESTIGACIÓN;NO CUENTA CON CAUSA ESPECIFICA;Carretera Longitudinal de la Selva Sur;23/3/2022;-74.861623
A-2022-03-179;00:00.0;DESPISTE;1;1;1;PIURA;MORROPON;CHULUCANAS;URBANA;CARRETERA;NACIONAL;PE-1NR;-5.030273;DESPEJADO;RURAL;TRAMO RECTO;PLANA ;ASFALTADA;NULL;NULL;NULL;NULL;EN PROCESO DE INVESTIGACIÓN;NO CUENTA CON CAUSA ESPECIFICA;PE-1NR;23/3/2022;-80.200573
A-2022-03-163;00:00.0;ESPECIAL;1;0;1;CALLAO;CALLAO;CALLAO;URBANA;CARRETERA;NACIONAL;PE-20I;-12.040702;DESPEJADO;RESIDENCIAL;TRAMO RECTO;PLANA ;ASFALTADA;NO;NULL;NULL;SI;EN PROCESO DE INVESTIGACIÓN;NO CUENTA CON CAUSA ESPECIFICA;Avenida Santa Rosa;24/3/2022;-77.115875
A-2022-03-162;30:00.0;ATROPELLO FUGA;1;0;0;CALLAO;CALLAO;CALLAO;URBANA;CARRETERA;NACIONAL;PE-20;-11.975299;DESPEJADO;INDUSTRIAL;TRAMO RECTO;PLANA ;ASFALTADA;NO;NULL;NULL;SI;IMPRUDENCIA DEL PEATÓN;CRUCE INDEBIDO POR LA CALZADA;Avenida Coronel Nestor Gambetta;24/3/2022;-77.125008
A-2022-03-118;30:00.0;ATROPELLO;1;0;1;LA LIBERTAD;ASCOPE;PAIJAN;RURAL;CARRETERA;SIN CLASIFICAR;SIN CLASIFICAR;-7.721533;DESPEJADO;RURAL;TRAMO RECTO;PLANA ;AFIRMADO;NULL;NULL;NULL;NULL;EN PROCESO DE INVESTIGACIÓN;NO CUENTA CON CAUSA ESPECIFICA;Pan-American Highway;24/3/2022;-79.28752
A-2022-03-174;30:00.0;ATROPELLO;1;0;NULL;CUSCO;URUBAMBA;MARAS;RURAL;CARRETERA;PROVINCIAL;CU-1167;-13.32962;DESPEJADO;RURAL;TRAMO RECTO;PLANA ;AFIRMADO;NULL;NULL;NULL;NULL;IMPRUDENCIA DEL CONDUCTOR;EXCESO DE VELOCIDAD;Maras;24/3/2022;-72.168927
A-2022-03-115;00:00.0;ESPECIAL;1;0;0;ICA;ICA;ICA;URBANA;CALLE;URBANO;NO CORRESPONDE;-14.073634;DESPEJADO;RESIDENCIAL;OTRO;INCLINADA;TROCHA;NULL;NULL;NULL;NULL;EN PROCESO DE INVESTIGACIÓN;NO CUENTA CON CAUSA ESPECIFICA;Ica;24/3/2022;-75.784767
A-2022-03-101;30:00.0;CHOQUE FUGA;1;0;2;ICA;ICA;PARCONA;URBANA;AVENIDA;URBANO;NO CORRESPONDE;-14.059571;DESPEJADO;RESIDENCIAL;INTERSECCIÓN;PLANA ;ASFALTADA;NULL;NULL;NULL;NULL;EN PROCESO DE INVESTIGACIÓN;NO CUENTA CON CAUSA ESPECIFICA;Avenida 7;24/3/2022;-75.722216
A-2022-03-183;00:00.0;DESPISTE;1;0;1;CUSCO;CALCA;LARES;RURAL;CARRETERA;PROVINCIAL;CU-709;-13.163137;LLUVIOSO;RURAL;SINUOSA;PLANA ;ASFALTADA;NULL;NULL;NULL;NULL;IMPERICIA DEL CONDUCTOR;NULL;CU-593;24/3/2022;-71.972425
A-2022-03-152;00:00.0;ATROPELLO;1;0;NULL;AYACUCHO;HUAMANGA;CARMEN ALTO;URBANA;CARRETERA;PROVINCIAL;AY-836;-13.178609;DESPEJADO;COMERCIAL;INTERSECCIÓN;INCLINADA;CONCRETO;NULL;NULL;NULL;NULL;IMPRUDENCIA DEL CONDUCTOR;FATIGA Y/O CANSANCIO;Avenida Los Libertadores;25/3/2022;-74.22137
A-2022-03-222;31:00.0;ATROPELLO;1;0;1;HUANUCO;LEONCIO PRADO;RUPA-RUPA;URBANA;JIRÓN;URBANO;NO CORRESPONDE;-9.307166;DESPEJADO;COMERCIAL;TRAMO RECTO;PLANA ;CONCRETO;NULL;NULL;NULL;NULL;IMPRUDENCIA DEL PEATÓN;CRUCE INDEBIDO POR LA CALZADA;Jirón Francisco Bolognesi;25/3/2022;-76.002489
A-2022-03-278;30:00.0;ATROPELLO;1;0;1;PIURA;PIURA;LAS LOMAS;RURAL;CARRETERA;NACIONAL;PE-1NL;-4.755948;DESPEJADO;RURAL;TRAMO RECTO;PLANA ;ASFALTADA;NULL;NULL;NULL;NULL;IMPRUDENCIA DEL CONDUCTOR;OTRO (IMPRUDENCIA DEL CONDUCTOR);Carretera Panamericana;25/3/2022;-80.297822
A-2022-03-184;31:00.0;DESPISTE;1;0;1;CUSCO;CANCHIS;SICUANI;URBANA;CARRETERA;NACIONAL;PE-3S;-14.292154;LLUVIOSO;RESIDENCIAL;INTERSECCIÓN;PLANA ;ASFALTADA;NO;NULL;NULL;SI;IMPRUDENCIA DEL CONDUCTOR;EXCESO DE VELOCIDAD;PE-34G;26/3/2022;-71.219754
A-2022-03-180;40:00.0;VOLCADURA;1;0;1;SAN MARTIN;RIOJA;PARDO MIGUEL;RURAL;CARRETERA;NACIONAL;PE-5N;-5.674651;LLUVIOSO;RURAL;TRAMO RECTO;PLANA ;ASFALTADA;NULL;NULL;NULL;NULL;EN PROCESO DE INVESTIGACIÓN;NO CUENTA CON CAUSA ESPECIFICA;Carretera Presidente Fernando Belaúnde Terry;26/3/2022;-77.675794
A-2022-03-273;30:00.0;ATROPELLO;1;0;NULL;LIMA;LIMA;ATE;URBANA;AVENIDA;URBANO;NO CORRESPONDE;-12.025977;NULL;NULL;NULL;NULL;NULL;NULL;NULL;NULL;NULL;EN PROCESO DE INVESTIGACIÓN;NO CUENTA CON CAUSA ESPECIFICA;Victor Raul Haya de la Torre;26/3/2022;-76.920003
A-2022-03-99;10:00.0;CHOQUE;2;2;2;PUNO;PUNO;CHUCUITO;RURAL;CARRETERA;NACIONAL;PE-3S;-15.930233;DESPEJADO;RURAL;TRAMO RECTO;PLANA ;ASFALTADA;NO;NULL;NULL;SI;IMPRUDENCIA DEL CONDUCTOR;OTRO (IMPRUDENCIA DEL CONDUCTOR);Carretera Longitudinal de la Sierra Sur;26/3/2022;-69.874086
A-2022-03-108;20:00.0;DESPISTE;1;0;1;AREQUIPA;CASTILLA;APLAO;RURAL;CARRETERA;DEPARTAMENTAL;AR-106;-15.999616;DESPEJADO;RURAL;SINUOSA;INCLINADA;ASFALTADA;NULL;NULL;NULL;NULL;EN PROCESO DE INVESTIGACIÓN;NO CUENTA CON CAUSA ESPECIFICA;AR-106;26/3/2022;-72.476316
A-2022-03-280;00:00.0;DESPISTE;1;0;1;PIURA;PAITA;COLAN;RURAL;CARRETERA;DEPARTAMENTAL;PI-101;-4.920059;DESPEJADO;RURAL;TRAMO RECTO;PLANA ;ASFALTADA;NULL;NULL;NULL;NULL;IMPRUDENCIA DEL CONDUCTOR;OTRO (IMPRUDENCIA DEL CONDUCTOR);PI-101;26/3/2022;-81.063727
A-2022-03-98;00:00.0;CHOQUE;1;0;NULL;CUSCO;QUISPICANCHI;URCOS;RURAL;CARRETERA;NACIONAL;PE-3S;-13.694243;DESPEJADO;RURAL;CURVA;INCLINADA;ASFALTADA;NO;NULL;NULL;SI;IMPRUDENCIA DEL CONDUCTOR;CONDUCIR EN ESTADO DE EBRIEDAD Y/O DROGADICCIÓN;Carretera Longitudinal de la Sierra Sur;26/3/2022;-71.598447
A-2022-03-119;30:00.0;CHOQUE;2;2;2;LA LIBERTAD;ASCOPE;CHOCOPE;RURAL;CARRETERA;NACIONAL;PE-1N;-7.776087;DESPEJADO;RURAL;TRAMO RECTO;PLANA ;ASFALTADA;NULL;NULL;NULL;NULL;IMPRUDENCIA DEL CONDUCTOR;CONDUCIR EN SENTIDO CONTRARIO;Panamericana Norte;26/3/2022;-79.251727
A-2022-03-158;36:00.0;CHOQUE;1;1;NULL;CAJAMARCA;CAJAMARCA;CAJAMARCA;URBANA;CARRETERA;NACIONAL;PE-3N;-7.165439;NULL;NULL;NULL;NULL;NULL;NULL;NULL;NULL;NULL;EN PROCESO DE INVESTIGACIÓN;NO CUENTA CON CAUSA ESPECIFICA;Avenida Vía de Evitamiento;26/3/2022;-78.502648
A-2022-03-271;50:00.0;ATROPELLO FUGA;1;0;NULL;LIMA;LIMA;LURIN;URBANA;CARRETERA;NACIONAL;PE-1S;-12.297931;NULL;NULL;NULL;NULL;NULL;NULL;NULL;NULL;NULL;EN PROCESO DE INVESTIGACIÓN;NO CUENTA CON CAUSA ESPECIFICA;Carretera Panamericana Sur;26/3/2022;-76.853886
A-2022-03-100;00:00.0;CHOQUE;1;1;2;PUNO;CHUCUITO;ZEPITA;RURAL;CARRETERA;NACIONAL;PE-3S;-16.430826;DESPEJADO;RURAL;CURVA;INCLINADA;ASFALTADA;NO;NULL;NULL;SI;IMPRUDENCIA DEL CONDUCTOR;INVASIÓN DE CARRIL;Carretera Longitudinal de la Sierra Sur;27/3/2022;-69.166939
A-2022-03-230;30:00.0;DESPISTE;1;0;NULL;JUNIN;CHANCHAMAYO;PERENE;RURAL;CARRETERA;NACIONAL;PE-5S;-10.940053;NULL;NULL;NULL;NULL;NULL;NULL;NULL;NULL;NULL;EN PROCESO DE INVESTIGACIÓN;NO CUENTA CON CAUSA ESPECIFICA;Carretera Longitudinal de la Selva Sur;27/3/2022;-75.197193
A-2022-03-269;00:00.0;CHOQUE;1;0;2;PIURA;PIURA;TAMBO GRANDE;RURAL;CARRETERA;NACIONAL;PE-1NL;-4.857294;DESPEJADO;RURAL;TRAMO RECTO;PLANA ;ASFALTADA;NULL;NULL;NULL;NULL;IMPRUDENCIA DEL CONDUCTOR;INVASIÓN DE CARRIL;Carretera Panamericana;27/3/2022;-80.308948
A-2022-03-277;00:00.0;CHOQUE;1;0;2;PIURA;SULLANA;LANCONES;RURAL;CARRETERA;NACIONAL;PE-1NN;-4.526745;DESPEJADO;RURAL;TRAMO RECTO;PLANA ;ASFALTADA;NULL;NULL;NULL;NULL;IMPRUDENCIA DEL CONDUCTOR;INVASIÓN DE CARRIL;Carretera Sullana - El Alamor;27/3/2022;-80.473158
A-2022-03-135;30:00.0;CHOQUE;1;2;2;PUNO;HUANCANE;PUSI;RURAL;CARRETERA;NACIONAL;PE-34H;-15.419408;SOLEADO;RURAL;TRAMO RECTO;PLANA ;ASFALTADA;NULL;NULL;NULL;NULL;IMPRUDENCIA DEL CONDUCTOR;EXCESO DE VELOCIDAD;PE-34H;27/3/2022;-70.069452
A-2022-03-164;00:00.0;DESPISTE;1;8;1;CAJAMARCA;CAJAMARCA;NAMORA;RURAL;CARRETERA;PROVINCIAL;CA-1509;-7.200335;DESPEJADO;RURAL;CURVA;INCLINADA;AFIRMADO;NULL;NULL;NULL;NULL;EN PROCESO DE INVESTIGACIÓN;NO CUENTA CON CAUSA ESPECIFICA;CA-1509;27/3/2022;-78.31018
A-2022-03-219;00:00.0;CHOQUE;1;4;2;HUANUCO;LEONCIO PRADO;MARIANO DAMASO BERAUN;URBANA;CARRETERA;NACIONAL;PE-18A;-9.3336;SOLEADO;RURAL;CURVA;INCLINADA;ASFALTADA;SI;PREVENTIVA (P);NULL;NO;IMPRUDENCIA DEL CONDUCTOR;ADELANTAR INDEBIDAMENTE;Carretera Central;27/3/2022;-75.989034
A-2024-01-136;30:00.0;ATROPELLO FUGA;1;0;NULL;LIMA;LIMA;LURIN;RURAL;CARRETERA;NACIONAL;PE-1S;-12.2904;DESPEJADO;RURAL;TRAMO RECTO;PLANA ;ASFALTADA;NULL;NULL;NULL;NULL;EN PROCESO DE INVESTIGACIÓN;NO CUENTA CON CAUSA ESPECIFICA;Carretera Panamericana Sur;28/1/2024;-76.866898
A-2024-01-35;30:00.0;CHOQUE;2;0;2;LA LIBERTAD;PACASMAYO;PACASMAYO;RURAL;CARRETERA;NACIONAL;PE-1N;-7.389811;DESPEJADO;RURAL;TRAMO RECTO;PLANA ;ASFALTADA;NULL;NULL;NULL;NULL;IMPRUDENCIA DEL CONDUCTOR;NO ESTABLECER EL DERECHO DE PASO;Carretera Panamericana Norte;28/1/2024;-79.553938
A-2024-01-46;10:00.0;CHOQUE CON OBJETO FIJO;1;1;1;TUMBES;TUMBES;SAN JACINTO;RURAL;CARRETERA;DEPARTAMENTAL;TU-105;-3.709475;DESPEJADO;RURAL;TRAMO RECTO;PLANA ;ASFALTADA;NULL;NULL;NULL;NULL;IMPRUDENCIA DEL CONDUCTOR;OTRO (IMPRUDENCIA DEL CONDUCTOR);TU-105;28/1/2024;-80.451154
A-2024-01-106;50:00.0;CHOQUE;1;2;2;PASCO;PASCO;HUARIACA;URBANA;CARRETERA;NACIONAL;PE-3N;-10.419613;DESPEJADO;RURAL;TRAMO RECTO;PLANA ;ASFALTADA;NULL;NULL;NULL;NULL;IMPRUDENCIA DEL CONDUCTOR;EXCESO DE VELOCIDAD;Carretera Longitudinal de la Sierra Norte;29/1/2024;-76.198281
A-2024-01-52;00:00.0;DESPISTE;1;0;1;HUANCAVELICA;CHURCAMPA;ANCO;RURAL;CARRETERA;DEPARTAMENTAL;HV-103;-12.676849;DESPEJADO;RURAL;CURVA;PLANA ;ASFALTADA;NULL;NULL;NULL;NULL;EN PROCESO DE INVESTIGACIÓN;NO CUENTA CON CAUSA ESPECIFICA;HV-103;30/1/2024;-74.585539
A-2024-01-54;00:00.0;ATROPELLO;1;0;1;CALLAO;CALLAO;CALLAO;URBANA;AVENIDA;URBANO;NO CORRESPONDE;-11.985381;DESPEJADO;INDUSTRIAL;TRAMO RECTO;PLANA ;ASFALTADA;SI;REGULADORA (R);NULL;SI;IMPRUDENCIA DEL CONDUCTOR;OTRO (IMPRUDENCIA DEL CONDUCTOR);Avenida Oquendo;30/1/2024;-77.126035
A-2024-01-110;00:00.0;CHOQUE CON OBJETO FIJO;1;1;1;AMAZONAS;BAGUA;BAGUA;URBANA;CARRETERA;DEPARTAMENTAL;AM-101;-5.651065;DESPEJADO;RURAL;TRAMO RECTO;PLANA ;ASFALTADA;NULL;NULL;NULL;NULL;EN PROCESO DE INVESTIGACIÓN;NO CUENTA CON CAUSA ESPECIFICA;AM-101;30/1/2024;-78.503129
A-2024-01-121;00:00.0;DESPISTE;1;0;1;CAJAMARCA;CAJAMARCA;CAJAMARCA;RURAL;CARRETERA;PROVINCIAL;CA-1310;-7.137502;DESPEJADO;RURAL;CURVA;INCLINADA;AFIRMADO;NULL;NULL;NULL;NULL;IMPRUDENCIA DEL CONDUCTOR;OTRO (IMPRUDENCIA DEL CONDUCTOR);Cajamarca;30/1/2024;-78.547825
A-2024-01-53;00:00.0;CHOQUE;1;2;NULL;ICA;CHINCHA;TAMBO DE MORA;RURAL;CARRETERA;NACIONAL;PE-1SE;-13.451202;NULL;NULL;NULL;NULL;NULL;NULL;NULL;NULL;NULL;EN PROCESO DE INVESTIGACIÓN;NO CUENTA CON CAUSA ESPECIFICA;Carretera Panamericana Sur;30/1/2024;-76.179654
A-2024-01-47;40:00.0;CHOQUE;1;0;2;TUMBES;ZARUMILLA;PAPAYAL;RURAL;CARRETERA;NACIONAL;PE-1N;-3.519942;DESPEJADO;RURAL;TRAMO RECTO;PLANA ;ASFALTADA;NULL;NULL;NULL;NULL;IMPRUDENCIA DEL CONDUCTOR;INVASIÓN DE CARRIL;Carretera Panamericana Norte;30/1/2024;-80.338838
A-2024-01-152;50:00.0;VOLCADURA;1;1;NULL;LIMA;LIMA;LURIN;RURAL;CARRETERA;NACIONAL;PE-1S;-12.254053;DESPEJADO;RURAL;INTERSECCIÓN;PLANA ;ASFALTADA;NULL;NULL;NULL;NULL;EN PROCESO DE INVESTIGACIÓN;NO CUENTA CON CAUSA ESPECIFICA;Antigua Panamericana Sur;30/1/2024;-76.903929
A-2024-01-61;05:00.0;CHOQUE CON OBJETO FIJO;1;0;1;TACNA;TACNA;CORONEL GREGORIO ALBARRACIN LANCHIPA;URBANA;CARRETERA;PROVINCIAL;TA-634;-18.055101;DESPEJADO;RESIDENCIAL;TRAMO RECTO;PLANA ;ASFALTADA;NULL;NULL;NULL;NULL;IMPRUDENCIA DEL CONDUCTOR;OTRO (IMPRUDENCIA DEL CONDUCTOR);Prolongación Avenida Municipal;31/1/2024;-70.243549
A-2024-01-73;20:00.0;CHOQUE;1;2;2;ICA;PISCO;INDEPENDENCIA;RURAL;CARRETERA;NACIONAL;PE-28A;-13.687974;DESPEJADO;RURAL;TRAMO RECTO;PLANA ;ASFALTADA;NULL;NULL;NULL;NULL;EN PROCESO DE INVESTIGACIÓN;NO CUENTA CON CAUSA ESPECIFICA;Vía de los Libertadores;31/1/2024;-76.036773
A-2024-01-72;35:00.0;ATROPELLO;1;1;1;ICA;ICA;ICA;URBANA;CARRETERA;NACIONAL;PE-1S;-14.047782;DESPEJADO;COMERCIAL;TRAMO RECTO;PLANA ;ASFALTADA;SI;REGULADORA (R);REGULADORA (R);NO;IMPRUDENCIA DEL CONDUCTOR;NO DAR PASO PREFERENTE AL PEATÓN;Carretera Panamericana Sur;31/1/2024;-75.748605
A-2024-01-153;50:00.0;CHOQUE;1;0;NULL;LIMA;LIMA;COMAS;URBANA;AVENIDA;URBANO;NO CORRESPONDE;-11.915742;DESPEJADO;COMERCIAL;TRAMO RECTO;PLANA ;ASFALTADA;NULL;NULL;NULL;NULL;EN PROCESO DE INVESTIGACIÓN;NO CUENTA CON CAUSA ESPECIFICA;Avenida Túpac Amaru;31/1/2024;-77.040791
A-2024-01-137;30:00.0;ATROPELLO;1;0;NULL;LIMA;LIMA;PUENTE PIEDRA;URBANA;CARRETERA;NACIONAL;PE-1N;-11.833299;DESPEJADO;COMERCIAL;TRAMO RECTO;PLANA ;ASFALTADA;NULL;NULL;NULL;NULL;IMPRUDENCIA DEL PEATÓN;CRUCE INDEBIDO POR LA CALZADA;Carretera Panamericana Norte;31/1/2024;-77.113696
A-2024-01-138;30:00.0;CHOQUE;1;0;NULL;LIMA;LIMA;SAN JUAN DE LURIGANCHO;URBANA;AVENIDA;URBANO;NO CORRESPONDE;-12.012641;DESPEJADO;RESIDENCIAL;TRAMO RECTO;PLANA ;ASFALTADA;NULL;NULL;NULL;NULL;IMPRUDENCIA DEL CONDUCTOR;ADELANTAR INDEBIDAMENTE;Avenida Las Flores de Primavera;31/1/2024;-77.011599
A-2024-02-97;00:00.0;CHOQUE;1;0;NULL;LIMA;LIMA;SAN JUAN DE MIRAFLORES;URBANA;CALLE;URBANO;NO CORRESPONDE;-12.16854;DESPEJADO;RESIDENCIAL;TRAMO RECTO;PLANA ;ASFALTADA;NULL;NULL;NULL;NULL;EN PROCESO DE INVESTIGACIÓN;NO CUENTA CON CAUSA ESPECIFICA;Jirón José M. Seguín;1/2/2024;-76.970673
A-2024-02-98;40:00.0;CHOQUE;1;0;NULL;LIMA;LIMA;SAN MARTIN DE PORRES;URBANA;AVENIDA;URBANO;NO CORRESPONDE;-12.019856;DESPEJADO;COMERCIAL;TRAMO RECTO;PLANA ;ASFALTADA;NULL;NULL;NULL;NULL;IMPRUDENCIA DEL CONDUCTOR;EXCESO DE VELOCIDAD;Eloy Espinoza S.;1/2/2024;-77.055558
A-2024-02-87;00:00.0;DESPISTE;1;2;1;AYACUCHO;HUAMANGA;CHIARA;RURAL;CARRETERA;SIN CLASIFICAR;SIN CLASIFICAR;-13.291;DESPEJADO;RURAL;INTERSECCIÓN;PLANA ;TROCHA;NULL;NULL;NULL;NULL;INFRAESTRUCTURA Y ENTORNO VIAL;SUPERFICIE DETERIORADA;Liriopata;1/2/2024;-74.189
A-2024-02-2;30:00.0;CHOQUE;1;1;2;AREQUIPA;AREQUIPA;CERRO COLORADO;URBANA;CARRETERA;NACIONAL;PE-34A;-16.405828;NUBLADO;COMERCIAL;TRAMO RECTO;PLANA ;ASFALTADA;NO;NULL;NULL;SI;EN PROCESO DE INVESTIGACIÓN;NO CUENTA CON CAUSA ESPECIFICA;Pachacutec;1/2/2024;-71.590258
A-2024-02-1;00:00.0;DESPISTE;1;0;1;LA LIBERTAD;SANCHEZ CARRION;MARCABAL;RURAL;CARRETERA;PROVINCIAL;LI-832;-7.734699;DESPEJADO;RURAL;TRAMO RECTO;PLANA ;TROCHA;NULL;NULL;NULL;NULL;EN PROCESO DE INVESTIGACIÓN;NO CUENTA CON CAUSA ESPECIFICA;Marcabal;1/2/2024;-78.030525
A-2024-02-113;00:00.0;CHOQUE;1;0;2;CAJAMARCA;CONTUMAZA;YONAN;RURAL;CARRETERA;NACIONAL;PE-08;-7.193164;DESPEJADO;RURAL;TRAMO RECTO;PLANA ;ASFALTADA;NULL;NULL;NULL;NULL;IMPRUDENCIA DEL CONDUCTOR;EXCESO DE VELOCIDAD;Carretera Ciudad de Dios - Cajamarca;1/2/2024;-79.036595
A-2024-02-112;00:00.0;DESPISTE;1;0;1;CAJAMARCA;JAEN;JAEN;URBANA;CARRETERA;NACIONAL;PE-5N;-5.819416;DESPEJADO;COMERCIAL;TRAMO RECTO;PLANA ;ASFALTADA;NO;NULL;NULL;SI;IMPRUDENCIA DEL CONDUCTOR;EXCESO DE VELOCIDAD;Mesones Muro;1/2/2024;-78.761322
A-2024-02-122;50:00.0;ATROPELLO;1;0;NULL;LIMA;LIMA;SAN JUAN DE LURIGANCHO;URBANA;AVENIDA;URBANO;NO CORRESPONDE;-11.971918;DESPEJADO;COMERCIAL;INTERSECCIÓN;PLANA ;ASFALTADA;NULL;NULL;NULL;NULL;IMPRUDENCIA DEL CONDUCTOR;OTRO (IMPRUDENCIA DEL CONDUCTOR);Avenida Fernando Wiesse;2/2/2024;-76.996272
A-2024-02-144;00:00.0;CHOQUE;1;0;NULL;LIMA;LIMA;LA MOLINA;URBANA;AVENIDA;URBANO;NO CORRESPONDE;-12.063511;DESPEJADO;RESIDENCIAL;TRAMO RECTO;PLANA ;ASFALTADA;NULL;NULL;NULL;NULL;IMPRUDENCIA DEL CONDUCTOR;CONDUCIR EN ESTADO DE EBRIEDAD Y/O DROGADICCIÓN;Avenida Los Constructores;3/2/2024;-76.951908
A-2024-02-5;15:00.0;DESPISTE;1;42;1;AREQUIPA;AREQUIPA;SANTA ISABEL DE SIGUAS;RURAL;CARRETERA;NACIONAL;PE-1S;-16.344522;DESPEJADO;RURAL;CURVA;INCLINADA;ASFALTADA;NO;NULL;NULL;SI;EN PROCESO DE INVESTIGACIÓN;NO CUENTA CON CAUSA ESPECIFICA;Carretera Panamericana Sur;3/2/2024;-72.13654
A-2024-02-123;20:00.0;ATROPELLO;1;0;NULL;LIMA;LIMA;VILLA EL SALVADOR;URBANA;CALLE;URBANO;NO CORRESPONDE;-12.197376;DESPEJADO;RESIDENCIAL;TRAMO RECTO;PLANA ;ASFALTADA;NULL;NULL;NULL;NULL;EN PROCESO DE INVESTIGACIÓN;NO CUENTA CON CAUSA ESPECIFICA;Calle F;3/2/2024;-76.942457
A-2024-02-145;50:00.0;VOLCADURA;1;0;NULL;LIMA;LIMA;LIMA;URBANA;AVENIDA;URBANO;NO CORRESPONDE;-12.062884;DESPEJADO;COMERCIAL;TRAMO RECTO;PLANA ;ASFALTADA;NULL;NULL;NULL;NULL;EN PROCESO DE INVESTIGACIÓN;NO CUENTA CON CAUSA ESPECIFICA;Avenida Guzmán Blanco;3/2/2024;-77.040225
A-2024-02-4;40:00.0;CHOQUE;1;1;NULL;ICA;CHINCHA;PUEBLO NUEVO;URBANA;AVENIDA;URBANO;NO CORRESPONDE;-13.403801;NULL;NULL;NULL;NULL;NULL;NULL;NULL;NULL;NULL;EN PROCESO DE INVESTIGACIÓN;NO CUENTA CON CAUSA ESPECIFICA;Jirón San Martin de Porres;3/2/2024;-76.132932
A-2024-02-40;20:00.0;ATROPELLO FUGA;1;0;NULL;CUSCO;ANTA;CACHIMAYO;RURAL;CARRETERA;NACIONAL;PE-3S;-13.483097;NUBLADO;RURAL;TRAMO RECTO;PLANA ;ASFALTADA;NO;NULL;NULL;SI;EN PROCESO DE INVESTIGACIÓN;NO CUENTA CON CAUSA ESPECIFICA;Carretera Longitudinal de la Sierra Sur;3/2/2024;-72.078511
A-2024-02-52;40:00.0;CHOQUE;1;0;1;CUSCO;URUBAMBA;URUBAMBA;URBANA;CARRETERA;PROVINCIAL;CU-1165;-13.303219;DESPEJADO;RESIDENCIAL;CURVA;PLANA ;ASFALTADA;NULL;NULL;NULL;NULL;IMPRUDENCIA DEL CONDUCTOR;CONDUCIR EN ESTADO DE EBRIEDAD Y/O DROGADICCIÓN;Urubamba;4/2/2024;-72.12661