CÓDIGO SINIESTRO;HORA SINIESTRO;CLASE SINIESTRO;CANTIDAD DE FALLECIDOS;CANTIDAD DE LESIONADOS;CANTIDAD DE VEHICULOS DAÑADOS;DEPARTAMENTO;PROVINCIA;DISTRITO;ZONA;TIPO DE VÍA;RED VIAL;COD CARRETERA;COORDENADAS LATITUD;CONDICIÓN CLIMÁTICA;ZONIFICACIÓN;CARACTERÍSTICAS DE VÍA;PERFIL LONGITUDINAL VÍA;SUPERFICIE DE CALZADA;¿EXISTE SEÑAL VERTICAL?;CLASIFICACIÓN DE LA SEÑAL VERTICAL Nº 1;CLASIFICACIÓN DE LA SEÑAL VERTICAL Nº 2;¿EXISTE SEÑAL HORIZONTAL?;CAUSA FACTOR PRINCIPAL;CAUSA ESPECÍFICA;UBICACION;FECHA SINIESTRO;COORDENADAS LONGITUD
A-2024-02-124;30:00.0;ATROPELLO;1;0;NULL;LIMA;LIMA;SANTIAGO DE SURCO;URBANA;CARRETERA;NACIONAL;PE-1S;-12.137128;DESPEJADO;RESIDENCIAL;TRAMO RECTO;PLANA ;ASFALTADA;NULL;NULL;NULL;NULL;IMPRUDENCIA DEL PEATÓN;CRUCE INDEBIDO POR LA CALZADA;Carretera Panamericana Sur;4/2/2024;-76.98052
A-2024-02-15;20:00.0;CHOQUE;1;1;2;CUSCO;CANCHIS;CHECACUPE;URBANA;CARRETERA;NACIONAL;PE-3S;-14.021116;DESPEJADO;COMERCIAL;TRAMO RECTO;PLANA ;ASFALTADA;NO;NULL;NULL;SI;IMPRUDENCIA DEL CONDUCTOR;INVASIÓN DE CARRIL;Carretera Longitudinal de la Sierra Sur;4/2/2024;-71.457318
A-2024-02-146;10:00.0;CHOQUE;1;0;NULL;LIMA;LIMA;ATE;URBANA;CARRETERA;NACIONAL;PE-22;-12.00574;DESPEJADO;COMERCIAL;TRAMO RECTO;PLANA ;ASFALTADA;NULL;NULL;NULL;NULL;IMPRUDENCIA DEL CONDUCTOR;CONDUCIR EN ESTADO DE EBRIEDAD Y/O DROGADICCIÓN;Carretera Central;4/2/2024;-76.846991
A-2024-02-6;30:00.0;CHOQUE;1;6;2;AREQUIPA;ISLAY;MEJIA;RURAL;CARRETERA;NACIONAL;PE-1SD;-17.086773;DESPEJADO;RURAL;CURVA;INCLINADA;ASFALTADA;NO;NULL;NULL;SI;EN PROCESO DE INVESTIGACIÓN;NO CUENTA CON CAUSA ESPECIFICA;Carretera Costanera Sur;4/2/2024;-71.916507
A-2024-02-14;30:00.0;ATROPELLO;1;0;1;CUSCO;CANCHIS;SAN PEDRO;URBANA;CARRETERA;NACIONAL;PE-3S;-14.191723;DESPEJADO;RURAL;TRAMO RECTO;PLANA ;ASFALTADA;NO;NULL;NULL;SI;IMPRUDENCIA DEL CONDUCTOR;OTRO (IMPRUDENCIA DEL CONDUCTOR);Carretera Longitudinal de la Sierra Sur;4/2/2024;-71.334076
A-2024-02-19;45:00.0;DESPISTE;1;2;1;SAN MARTIN;MOYOBAMBA;MOYOBAMBA;RURAL;CARRETERA;NACIONAL;PE-5N;-6.049091;DESPEJADO;RURAL;CURVA;PLANA ;ASFALTADA;NULL;NULL;NULL;NULL;IMPRUDENCIA DEL CONDUCTOR;OTRO (IMPRUDENCIA DEL CONDUCTOR);Carretera Presidente Fernando Belaúnde Terry;5/2/2024;-77.039877
A-2024-02-125;40:00.0;ATROPELLO;1;0;NULL;LIMA;LIMA;SAN MARTIN DE PORRES;URBANA;AVENIDA;URBANO;NO CORRESPONDE;-11.989707;DESPEJADO;COMERCIAL;TRAMO RECTO;PLANA ;ASFALTADA;NULL;NULL;NULL;NULL;IMPRUDENCIA DEL CONDUCTOR;CONDUCIR EN ESTADO DE EBRIEDAD Y/O DROGADICCIÓN;Avenida Universitaria;5/2/2024;-77.081744
A-2024-02-111;45:00.0;CHOQUE;1;0;2;PIURA;PIURA;CATACAOS;RURAL;CARRETERA;NACIONAL;PE-1N;-5.243037;DESPEJADO;RURAL;TRAMO RECTO;PLANA ;ASFALTADA;NULL;NULL;NULL;NULL;IMPRUDENCIA DEL CONDUCTOR;INVASIÓN DE CARRIL;Carretera Panamericana Norte;5/2/2024;-80.631868
A-2024-02-89;00:00.0;ATROPELLO;1;0;NULL;CALLAO;CALLAO;CALLAO;URBANA;AVENIDA;URBANO;NO CORRESPONDE;-12.053554;DESPEJADO;RESIDENCIAL;TRAMO RECTO;PLANA ;ASFALTADA;SI;PREVENTIVA (P);NULL;NO;IMPRUDENCIA DEL CONDUCTOR;CONDUCIR EN ESTADO DE EBRIEDAD Y/O DROGADICCIÓN;Avenida Comandante Pérez Salmón;7/2/2024;-77.117414
A-2024-02-99;00:00.0;CHOQUE;1;0;NULL;LIMA;LIMA;ATE;URBANA;AVENIDA;URBANO;NO CORRESPONDE;-12.055053;DESPEJADO;COMERCIAL;TRAMO RECTO;PLANA ;ASFALTADA;NULL;NULL;NULL;NULL;IMPRUDENCIA DEL CONDUCTOR;ADELANTAR INDEBIDAMENTE;Carretera Central Estadio;7/2/2024;-76.937733
A-2024-02-20;20:00.0;ATROPELLO;1;0;1;SAN MARTIN;RIOJA;ELIAS SOPLIN VARGAS;URBANA;CARRETERA;NACIONAL;PE-5N;-5.995798;DESPEJADO;RESIDENCIAL;TRAMO RECTO;INCLINADA;ASFALTADA;NULL;NULL;NULL;NULL;IMPRUDENCIA DEL PEATÓN;CRUCE INDEBIDO POR LA CALZADA;Carretera Presidente Fernando Belaúnde Terry;7/2/2024;-77.272301
A-2024-02-126;45:00.0;ATROPELLO;1;0;NULL;LIMA;LIMA;SAN JUAN DE LURIGANCHO;URBANA;AVENIDA;URBANO;NO CORRESPONDE;-11.966288;DESPEJADO;RESIDENCIAL;INTERSECCIÓN;PLANA ;ASFALTADA;NULL;NULL;NULL;NULL;IMPRUDENCIA DEL PEATÓN;CRUCE INDEBIDO POR LA CALZADA;Avenida Circunvalación;7/2/2024;-76.983975
A-2024-02-3;00:00.0;CHOQUE;2;16;2;LA LIBERTAD;VIRU;VIRU;RURAL;CARRETERA;NACIONAL;PE-1N;-8.421624;DESPEJADO;RURAL;TRAMO RECTO;PLANA ;ASFALTADA;NULL;NULL;NULL;NULL;EN PROCESO DE INVESTIGACIÓN;NO CUENTA CON CAUSA ESPECIFICA;Carretera Panamericana Norte;8/2/2024;-78.783933
A-2024-02-114;00:00.0;DESPISTE;1;1;1;CAJAMARCA;SAN IGNACIO;SAN JOSE DE LOURDES;RURAL;CARRETERA;PROVINCIAL;CA-556;-5.074936;DESPEJADO;RURAL;TRAMO RECTO;PLANA ;AFIRMADO;NULL;NULL;NULL;NULL;IMPRUDENCIA DEL CONDUCTOR;OTRO (IMPRUDENCIA DEL CONDUCTOR);Calabozo;8/2/2024;-78.819638
A-2024-02-127;40:00.0;ATROPELLO;1;0;NULL;LIMA;LIMA;SAN ISIDRO;URBANA;CALLE;URBANO;NO CORRESPONDE;-12.092791;DESPEJADO;RESIDENCIAL;INTERSECCIÓN;PLANA ;ASFALTADA;NULL;NULL;NULL;NULL;IMPRUDENCIA DEL CONDUCTOR;CONDUCIR EN SENTIDO CONTRARIO;Calle Virrey Toledo;8/2/2024;-77.031438
A-2024-02-77;30:00.0;CHOQUE;1;1;NULL;PIURA;MORROPON;CHULUCANAS;RURAL;CARRETERA;NACIONAL;PE-1NJ;-5.139503;DESPEJADO;RURAL;TRAMO RECTO;PLANA ;ASFALTADA;NULL;NULL;NULL;NULL;EN PROCESO DE INVESTIGACIÓN;NO CUENTA CON CAUSA ESPECIFICA;Carretera Interoceánica Norte;8/2/2024;-80.299236
A-2024-02-7;00:00.0;ATROPELLO;1;0;1;AREQUIPA;AREQUIPA;SANTA RITA DE SIGUAS;RURAL;CARRETERA;NACIONAL;PE-1S;-16.410978;DESPEJADO;RURAL;TRAMO RECTO;PLANA ;ASFALTADA;NO;NULL;NULL;SI;EN PROCESO DE INVESTIGACIÓN;NO CUENTA CON CAUSA ESPECIFICA;Carretera Panamericana Sur;8/2/2024;-72.054234
A-2024-02-62;30:00.0;CHOQUE;1;1;2;CUSCO;LA CONVENCION;ECHARATE;RURAL;CARRETERA;NACIONAL;PE-28B;-12.5978;DESPEJADO;RURAL;CURVA;INCLINADA;ASFALTADA;NULL;NULL;NULL;NULL;IMPRUDENCIA DEL CONDUCTOR;EXCESO DE VELOCIDAD;PE-28B;9/2/2024;-72.7246
A-2024-02-22;45:00.0;FERROVIARIO;1;0;NULL;CUSCO;CUSCO;CUSCO;URBANA;OTRO;URBANO;NO CORRESPONDE;-13.52123;DESPEJADO;RESIDENCIAL;TRAMO RECTO;INCLINADA;CASCAJO/RIPIO;SI;PREVENTIVA (P);NULL;NO;IMPRUDENCIA DEL PEATÓN;ESTADO DE EBRIEDAD Y/O DROGADICCIÓN;Avenida Ricardo Palma;9/2/2024;-71.988879
A-2024-02-9;20:00.0;CHOQUE;1;1;NULL;PUNO;EL COLLAO;ILAVE;RURAL;CARRETERA;PROVINCIAL;PU-1250;-16.352184;NULL;NULL;NULL;NULL;NULL;NULL;NULL;NULL;NULL;IMPRUDENCIA DEL CONDUCTOR;OTRO (IMPRUDENCIA DEL CONDUCTOR);PU-1250;9/2/2024;-69.734499
A-2024-02-142;30:00.0;ATROPELLO;1;0;NULL;LIMA;LIMA;LOS OLIVOS;URBANA;AVENIDA;URBANO;NO CORRESPONDE;-11.972278;DESPEJADO;COMERCIAL;TRAMO RECTO;PLANA ;ASFALTADA;NULL;NULL;NULL;NULL;EN PROCESO DE INVESTIGACIÓN;NO CUENTA CON CAUSA ESPECIFICA;Avenida Universitaria;9/2/2024;-77.075698
A-2024-02-93;00:00.0;DESPISTE;2;3;1;AYACUCHO;LUCANAS;LEONCIO PRADO;RURAL;CARRETERA;NACIONAL;PE-30A;-14.692914;DESPEJADO;RURAL;CURVA;INCLINADA;ASFALTADA;SI;PREVENTIVA (P);NULL;NO;IMPRUDENCIA DEL CONDUCTOR;EXCESO DE VELOCIDAD;Carretera Nasca - Abancay;10/2/2024;-74.514535
A-2024-02-8;30:00.0;CHOQUE;5;4;2;AREQUIPA;CAYLLOMA;SAN ANTONIO DE CHUCA;RURAL;CARRETERA;NACIONAL;PE-34A;-15.77775;DESPEJADO;RURAL;TRAMO RECTO;PLANA ;ASFALTADA;NO;NULL;NULL;SI;EN PROCESO DE INVESTIGACIÓN;NO CUENTA CON CAUSA ESPECIFICA;Vía Interoceánica Sur - Tramo 5;10/2/2024;-71.02783
A-2024-02-11;00:00.0;ATROPELLO;1;0;1;AREQUIPA;CAYLLOMA;MAJES;URBANA;CARRETERA;DEPARTAMENTAL;AR-108;-16.359106;DESPEJADO;COMERCIAL;TRAMO RECTO;PLANA ;ASFALTADA;NO;NULL;NULL;SI;EN PROCESO DE INVESTIGACIÓN;NO CUENTA CON CAUSA ESPECIFICA;Avenida Los Colonizadores;10/2/2024;-72.169388
A-2024-02-84;00:00.0;ATROPELLO FUGA;1;0;NULL;JUNIN;JAUJA;JAUJA;URBANA;CARRETERA;DEPARTAMENTAL;JU-103;-11.765995;DESPEJADO;RURAL;TRAMO RECTO;PLANA ;ASFALTADA;NO;NULL;NULL;SI;EN PROCESO DE INVESTIGACIÓN;NO CUENTA CON CAUSA ESPECIFICA;Avenida Moto Vivanco;10/2/2024;-75.492538
A-2024-02-129;30:00.0;ATROPELLO;1;0;NULL;LIMA;LIMA;COMAS;URBANA;CARRETERA;NACIONAL;PE-1N;-11.924761;DESPEJADO;INDUSTRIAL;TRAMO RECTO;PLANA ;ASFALTADA;NULL;NULL;NULL;NULL;EN PROCESO DE INVESTIGACIÓN;NO CUENTA CON CAUSA ESPECIFICA;Avenida Panamericana Norte;10/2/2024;-77.072911
A-2024-02-128;20:00.0;ATROPELLO FUGA;1;0;NULL;LIMA;LIMA;RIMAC;URBANA;CARRETERA;NACIONAL;PE-1N;-12.039285;DESPEJADO;COMERCIAL;TRAMO RECTO;PLANA ;ASFALTADA;NULL;NULL;NULL;NULL;EN PROCESO DE INVESTIGACIÓN;NO CUENTA CON CAUSA ESPECIFICA;Vía de Evitamiento;11/2/2024;-77.01535
A-2024-02-10;35:00.0;DESPISTE;2;0;1;PUNO;PUNO;PUNO;URBANA;JIRÓN;URBANO;NO CORRESPONDE;-15.834304;NUBLADO;COMERCIAL;OTRO;INCLINADA;ASFALTADA;NULL;NULL;NULL;NULL;IMPRUDENCIA DEL CONDUCTOR;EXCESO DE VELOCIDAD;Jirón Piura;11/2/2024;-70.029758
A-2024-02-96;16:00.0;CHOQUE CON OBJETO FIJO;1;1;1;AMAZONAS;UTCUBAMBA;BAGUA GRANDE;URBANA;JIRÓN;URBANO;NO CORRESPONDE;-5.756663;SOLEADO;COMERCIAL;INTERSECCIÓN;PLANA ;CONCRETO;NULL;NULL;NULL;NULL;EN PROCESO DE INVESTIGACIÓN;NO CUENTA CON CAUSA ESPECIFICA;Bolognesi;11/2/2024;-78.450465
A-2024-02-115;30:00.0;DESPISTE;1;1;1;CAJAMARCA;HUALGAYOC;BAMBAMARCA;RURAL;CARRETERA;DEPARTAMENTAL;CA-107;-6.658232;DESPEJADO;RURAL;TRAMO RECTO;INCLINADA;AFIRMADO;NULL;NULL;NULL;NULL;IMPRUDENCIA DEL CONDUCTOR;EXCESO DE VELOCIDAD;CA-107;11/2/2024;-78.509626
A-2024-02-130;30:00.0;ATROPELLO;1;0;NULL;LIMA;CAÑETE;CHILCA;RURAL;CARRETERA;NACIONAL;PE-1S;-12.414608;DESPEJADO;RURAL;TRAMO RECTO;PLANA ;ASFALTADA;NULL;NULL;NULL;NULL;EN PROCESO DE INVESTIGACIÓN;NO CUENTA CON CAUSA ESPECIFICA;Carretera Panamericana Sur;11/2/2024;-76.755467
A-2024-02-147;50:00.0;CHOQUE;1;1;NULL;LIMA;LIMA;SAN JUAN DE MIRAFLORES;URBANA;CARRETERA;NACIONAL;PE-1S;-12.162197;DESPEJADO;RESIDENCIAL;TRAMO RECTO;PLANA ;ASFALTADA;NULL;NULL;NULL;NULL;EN PROCESO DE INVESTIGACIÓN;NO CUENTA CON CAUSA ESPECIFICA;Avenida Panamericana Sur;11/2/2024;-76.981838
A-2024-02-92;35:00.0;ATROPELLO;1;0;NULL;ICA;PISCO;PISCO;URBANA;CARRETERA;NACIONAL;PE-1S;-13.712522;DESPEJADO;COMERCIAL;TRAMO RECTO;PLANA ;ASFALTADA;NULL;NULL;NULL;NULL;EN PROCESO DE INVESTIGACIÓN;NO CUENTA CON CAUSA ESPECIFICA;San Miguel;11/2/2024;-76.153459
A-2024-02-78;30:00.0;ATROPELLO;1;0;NULL;PIURA;PIURA;CATACAOS;RURAL;CARRETERA;PROVINCIAL;PI-1021;-5.295847;DESPEJADO;RURAL;INTERSECCIÓN;PLANA ;ASFALTADA;NULL;NULL;NULL;NULL;EN PROCESO DE INVESTIGACIÓN;NO CUENTA CON CAUSA ESPECIFICA;Nuevo Pedregal;12/2/2024;-80.68059
A-2024-02-47;10:00.0;DESPISTE;5;0;1;CUSCO;LA CONVENCION;HUAYOPATA;RURAL;CARRETERA;NACIONAL;PE-28B;-13.085378;LLUVIOSO;RURAL;SINUOSA;INCLINADA;ASFALTADA;NULL;NULL;NULL;NULL;IMPRUDENCIA DEL CONDUCTOR;FATIGA Y/O CANSANCIO;PE-28B;12/2/2024;-72.380995
A-2024-02-68;15:00.0;CHOQUE;1;3;2;ICA;PISCO;SAN ANDRES;URBANA;CARRETERA;NACIONAL;PE-1SE;-13.760777;SOLEADO;RURAL;TRAMO RECTO;PLANA ;ASFALTADA;NULL;NULL;NULL;NULL;EN PROCESO DE INVESTIGACIÓN;NO CUENTA CON CAUSA ESPECIFICA;Carretera Panamericana Sur;12/2/2024;-76.16635
A-2024-02-79;30:00.0;DESPISTE;1;0;NULL;PIURA;MORROPON;LA MATANZA;RURAL;CARRETERA;NACIONAL;PE-1NJ;-5.365393;DESPEJADO;RURAL;TRAMO RECTO;PLANA ;ASFALTADA;NULL;NULL;NULL;NULL;EN PROCESO DE INVESTIGACIÓN;NO CUENTA CON CAUSA ESPECIFICA;Carretera Interoceánica Norte;12/2/2024;-80.06041
A-2024-02-131;30:00.0;ATROPELLO;1;0;NULL;LIMA;LIMA;INDEPENDENCIA;URBANA;CALLE;URBANO;NO CORRESPONDE;-12.002653;DESPEJADO;RESIDENCIAL;TRAMO RECTO;PLANA ;ASFALTADA;NULL;NULL;NULL;NULL;IMPRUDENCIA DEL PEATÓN;ESTADO DE EBRIEDAD Y/O DROGADICCIÓN;Avenida Los Ficus;12/2/2024;-77.053142
A-2024-02-12;00:00.0;ATROPELLO;1;0;1;AREQUIPA;AREQUIPA;CERRO COLORADO;URBANA;CARRETERA;DEPARTAMENTAL;AR-123;-16.364146;DESPEJADO;RESIDENCIAL;TRAMO RECTO;INCLINADA;ASFALTADA;NULL;NULL;NULL;NULL;EN PROCESO DE INVESTIGACIÓN;NO CUENTA CON CAUSA ESPECIFICA;Autopista La Joya - Arequipa;13/2/2024;-71.63048
A-2024-02-69;40:00.0;DESPISTE;1;0;1;ICA;PALPA;PALPA;RURAL;CARRETERA;NACIONAL;PE-30D;-14.458532;SOLEADO;RURAL;TRAMO RECTO;PLANA ;ASFALTADA;NULL;NULL;NULL;NULL;EN PROCESO DE INVESTIGACIÓN;NO CUENTA CON CAUSA ESPECIFICA;PE-30D;13/2/2024;-75.134393
A-2024-02-133;15:00.0;ATROPELLO FUGA;1;0;NULL;LIMA;LIMA;SAN JUAN DE LURIGANCHO;URBANA;AUTOPISTA;URBANO;NO CORRESPONDE;-12.02504;DESPEJADO;INDUSTRIAL;TRAMO RECTO;PLANA ;ASFALTADA;NULL;NULL;NULL;NULL;EN PROCESO DE INVESTIGACIÓN;NO CUENTA CON CAUSA ESPECIFICA;Autopista Ramiro Prialé;13/2/2024;-76.966085
A-2024-02-132;50:00.0;ATROPELLO;1;0;NULL;LIMA;LIMA;LURIN;URBANA;CARRETERA;NACIONAL;PE-1S;-12.305581;DESPEJADO;INDUSTRIAL;TRAMO RECTO;PLANA ;ASFALTADA;NULL;NULL;NULL;NULL;EN PROCESO DE INVESTIGACIÓN;NO CUENTA CON CAUSA ESPECIFICA;Carretera Panamericana Sur;13/2/2024;-76.838982
A-2024-02-39;30:00.0;DESPISTE;1;3;1;CUSCO;CHUMBIVILCAS;VELILLE;RURAL;CARRETERA;NACIONAL;PE-3SG;-14.580282;NIEBLA;RURAL;TRAMO RECTO;PLANA ;ASFALTADA;NULL;NULL;NULL;NULL;IMPRUDENCIA DEL CONDUCTOR;OTRO (IMPRUDENCIA DEL CONDUCTOR);PE-3SG;14/2/2024;-71.726818
A-2024-02-24;30:00.0;DESPISTE;1;3;1;PUNO;CHUCUITO;ZEPITA;RURAL;CARRETERA;NACIONAL;PE-3S;-16.468774;LLUVIOSO;RURAL;TRAMO RECTO;PLANA ;ASFALTADA;NULL;NULL;NULL;NULL;INFRAESTRUCTURA Y ENTORNO VIAL;OTRO (INFRAESTRUCTURA Y ENTORNO VIAL);Carretera Longitudinal de la Sierra Sur;14/2/2024;-69.129887
A-2024-02-50;00:00.0;ESPECIAL;1;0;NULL;CUSCO;CANAS;CHECCA;RURAL;CARRETERA;PROVINCIAL;CU-1781;-14.545303;LLUVIOSO;RURAL;TRAMO RECTO;INCLINADA;TROCHA;NULL;NULL;NULL;NULL;NEGLIGENCIA DEL CONDUCTOR;OTRO (NEGLIGENCIA DEL CONDUCTOR);Checca;14/2/2024;-71.39402
A-2024-02-25;03:00.0;CHOQUE;1;0;1;PUNO;EL COLLAO;ILAVE;RURAL;CARRETERA;NACIONAL;PE-3S;-16.095266;DESPEJADO;RURAL;TRAMO RECTO;PLANA ;ASFALTADA;NULL;NULL;NULL;NULL;EN PROCESO DE INVESTIGACIÓN;NO CUENTA CON CAUSA ESPECIFICA;Carretera Longitudinal de la Sierra Sur;14/2/2024;-69.62208
A-2024-02-26;20:00.0;CHOQUE;1;0;2;PUNO;CHUCUITO;ZEPITA;RURAL;CARRETERA;DEPARTAMENTAL;PU-130;-16.468892;DESPEJADO;RURAL;TRAMO RECTO;PLANA ;ASFALTADA;NULL;NULL;NULL;NULL;IMPRUDENCIA DEL CONDUCTOR;INVASIÓN DE CARRIL;Carretera Longitudinal de la Sierra Sur;15/2/2024;-69.12971
A-2024-02-41;20:00.0;ATROPELLO;1;0;NULL;CUSCO;CUSCO;SANTIAGO;URBANA;JIRÓN;URBANO;NO CORRESPONDE;-13.528764;DESPEJADO;RESIDENCIAL;TRAMO RECTO;INCLINADA;CONCRETO;NULL;NULL;NULL;NULL;IMPRUDENCIA DEL CONDUCTOR;OTRO (IMPRUDENCIA DEL CONDUCTOR);Calle Bernardo Alcedo;15/2/2024;-71.973972
A-2024-02-27;00:00.0;ATROPELLO FUGA;1;0;NULL;PUNO;PUNO;CAPACHICA;RURAL;CARRETERA;DEPARTAMENTAL;PU-119;-15.620742;DESPEJADO;RURAL;TRAMO RECTO;PLANA ;ASFALTADA;NULL;NULL;NULL;NULL;IMPRUDENCIA DEL PEATÓN;CRUCE INDEBIDO POR LA CALZADA;PU-119;16/2/2024;-69.83511
A-2024-02-134;00:00.0;ATROPELLO;1;0;NULL;LIMA;LIMA;LIMA;URBANA;JIRÓN;URBANO;NO CORRESPONDE;-12.044786;DESPEJADO;COMERCIAL;TRAMO RECTO;PLANA ;ASFALTADA;NULL;NULL;NULL;NULL;IMPRUDENCIA DEL PEATÓN;DESACATO DE SEÑAL DE TRÁNSITO;Jirón Amazonas;16/2/2024;-77.024755
A-2024-02-17;30:00.0;DESPISTE;2;1;1;APURIMAC;ANDAHUAYLAS;JOSE MARIA ARGUEDAS;RURAL;CARRETERA;PROVINCIAL;AP-692;-13.760188;LLUVIOSO;RURAL;CURVA;INCLINADA;TROCHA;NULL;NULL;NULL;NULL;EN PROCESO DE INVESTIGACIÓN;NO CUENTA CON CAUSA ESPECIFICA;AP-692;16/2/2024;-73.376633
A-2024-02-148;50:00.0;DESPISTE;1;0;NULL;LIMA;LIMA;VILLA EL SALVADOR;URBANA;CARRETERA;NACIONAL;PE-1S;-12.233846;DESPEJADO;RURAL;TRAMO RECTO;PLANA ;ASFALTADA;NULL;NULL;NULL;NULL;EN PROCESO DE INVESTIGACIÓN;NO CUENTA CON CAUSA ESPECIFICA;Carretera Panamericana Sur;16/2/2024;-76.960711
A-2024-02-116;10:00.0;ATROPELLO FUGA;1;0;NULL;CAJAMARCA;CAJAMARCA;MAGDALENA;RURAL;CARRETERA;NACIONAL;PE-08;-7.271027;DESPEJADO;RURAL;TRAMO RECTO;PLANA ;ASFALTADA;NULL;NULL;NULL;NULL;EN PROCESO DE INVESTIGACIÓN;NO CUENTA CON CAUSA ESPECIFICA;Carretera Ciudad de Dios - Cajamarca;17/2/2024;-78.623922
A-2024-02-70;30:00.0;ATROPELLO FUGA;1;0;NULL;ICA;NASCA;MARCONA;RURAL;CARRETERA;NACIONAL;PE-30;-15.259233;DESPEJADO;RURAL;OTRO;PLANA ;TROCHA;NULL;NULL;NULL;NULL;EN PROCESO DE INVESTIGACIÓN;NO CUENTA CON CAUSA ESPECIFICA;Carretera San Juan de Marcona;17/2/2024;-75.040674
A-2024-02-71;20:00.0;DESPISTE;1;1;1;ICA;PISCO;HUMAY;RURAL;CARRETERA;NACIONAL;PE-28A;-13.718896;DESPEJADO;RURAL;CURVA;INCLINADA;ASFALTADA;NULL;NULL;NULL;NULL;EN PROCESO DE INVESTIGACIÓN;NO CUENTA CON CAUSA ESPECIFICA;Vía de los Libertadores;17/2/2024;-75.868129
A-2024-02-118;45:00.0;CHOQUE;1;0;2;CAJAMARCA;SAN IGNACIO;CHIRINOS;RURAL;CARRETERA;NACIONAL;PE-5N;-5.305776;DESPEJADO;RURAL;CURVA;INCLINADA;ASFALTADA;NULL;NULL;NULL;NULL;IMPRUDENCIA DEL CONDUCTOR;EXCESO DE VELOCIDAD;PE-5N;17/2/2024;-78.812628
A-2024-02-31;00:00.0;DESPISTE;1;3;1;LA LIBERTAD;SANTIAGO DE CHUCO;QUIRUVILCA;RURAL;CARRETERA;PROVINCIAL;LI-939;-8.012175;DESPEJADO;RURAL;TRAMO RECTO;PLANA ;ASFALTADA;NULL;NULL;NULL;NULL;IMPRUDENCIA DEL CONDUCTOR;OTRO (IMPRUDENCIA DEL CONDUCTOR);LI-931;17/2/2024;-78.303786
A-2024-02-117;30:00.0;ATROPELLO;1;0;1;CAJAMARCA;CAJAMARCA;CAJAMARCA;RURAL;CARRETERA;NACIONAL;PE-08B;-7.165192;DESPEJADO;RURAL;TRAMO RECTO;PLANA ;ASFALTADA;NULL;NULL;NULL;NULL;IMPRUDENCIA DEL CONDUCTOR;EXCESO DE VELOCIDAD;PE-08B;17/2/2024;-78.48208
A-2024-02-21;30:00.0;ATROPELLO FUGA;1;0;NULL;CUSCO;CUSCO;SAYLLA;URBANA;CARRETERA;NACIONAL;PE-3S;-13.5641;DESPEJADO;COMERCIAL;TRAMO RECTO;PLANA ;ASFALTADA;NULL;NULL;NULL;NULL;EN PROCESO DE INVESTIGACIÓN;NO CUENTA CON CAUSA ESPECIFICA;Carretera Longitudinal de la Sierra Sur;17/2/2024;-71.8394
A-2024-02-28;00:00.0;ATROPELLO FUGA;1;0;NULL;PUNO;CHUCUITO;JULI;RURAL;CARRETERA;NACIONAL;PE-3S;-16.177411;DESPEJADO;RURAL;TRAMO RECTO;PLANA ;ASFALTADA;NULL;NULL;NULL;NULL;IMPRUDENCIA DEL CONDUCTOR;OTRO (IMPRUDENCIA DEL CONDUCTOR);Carretera Longitudinal de la Sierra Sur;18/2/2024;-69.533932
A-2024-02-63;00:00.0;ATROPELLO FUGA;1;0;0;TACNA;TACNA;LA YARADA LOS PALOS;RURAL;CARRETERA;NACIONAL;PE-1SD;-18.177781;DESPEJADO;RURAL;TRAMO RECTO;PLANA ;ASFALTADA;NULL;NULL;NULL;NULL;EN PROCESO DE INVESTIGACIÓN;NO CUENTA CON CAUSA ESPECIFICA;Carretera Costanera Sur;18/2/2024;-70.504505
A-2024-02-30;10:00.0;ATROPELLO;1;0;1;LA LIBERTAD;PATAZ;PATAZ;RURAL;CARRETERA;SIN CLASIFICAR;SIN CLASIFICAR;-7.717795;DESPEJADO;RURAL;TRAMO RECTO;PLANA ;TROCHA;NULL;NULL;NULL;NULL;EN PROCESO DE INVESTIGACIÓN;NO CUENTA CON CAUSA ESPECIFICA;Valle de Vijus;18/2/2024;-77.663271
A-2024-02-23;40:00.0;DESPISTE;1;0;1;CUSCO;LA CONVENCION;QUELLOUNO;RURAL;CARRETERA;DEPARTAMENTAL;CU-104;-12.575459;DESPEJADO;RURAL;TRAMO RECTO;PLANA ;AFIRMADO;NULL;NULL;NULL;NULL;IMPRUDENCIA DEL CONDUCTOR;OTRO (IMPRUDENCIA DEL CONDUCTOR);CU-104;18/2/2024;-72.53775
A-2024-02-82;30:00.0;ATROPELLO FUGA;1;0;0;ICA;ICA;SANTIAGO;RURAL;CARRETERA;NACIONAL;PE-1S;-14.398034;DESPEJADO;RURAL;TRAMO RECTO;PLANA ;ASFALTADA;NULL;NULL;NULL;NULL;EN PROCESO DE INVESTIGACIÓN;NO CUENTA CON CAUSA ESPECIFICA;Carretera Panamericana Sur;18/2/2024;-75.578175
A-2024-02-32;10:00.0;ATROPELLO;1;0;1;LA LIBERTAD;TRUJILLO;MOCHE;URBANA;CARRETERA;NACIONAL;PE-1N;-8.157673;DESPEJADO;COMERCIAL;TRAMO RECTO;PLANA ;ASFALTADA;NULL;NULL;NULL;NULL;EN PROCESO DE INVESTIGACIÓN;NO CUENTA CON CAUSA ESPECIFICA;Panamericana Norte;18/2/2024;-79.012242