CÓDIGO SINIESTRO;HORA SINIESTRO;CLASE SINIESTRO;CANTIDAD DE FALLECIDOS;CANTIDAD DE LESIONADOS;CANTIDAD DE VEHICULOS DAÑADOS;DEPARTAMENTO;PROVINCIA;DISTRITO;ZONA;TIPO DE VÍA;RED VIAL;COD CARRETERA;COORDENADAS LATITUD;CONDICIÓN CLIMÁTICA;ZONIFICACIÓN;CARACTERÍSTICAS DE VÍA;PERFIL LONGITUDINAL VÍA;SUPERFICIE DE CALZADA;¿EXISTE SEÑAL VERTICAL?;CLASIFICACIÓN DE LA SEÑAL VERTICAL Nº 1;CLASIFICACIÓN DE LA SEÑAL VERTICAL Nº 2;¿EXISTE SEÑAL HORIZONTAL?;CAUSA FACTOR PRINCIPAL;CAUSA ESPECÍFICA;UBICACION;FECHA SINIESTRO;COORDENADAS LONGITUD
A-2024-02-13;45:00.0;ATROPELLO;1;0;1;AREQUIPA;AREQUIPA;UCHUMAYO;URBANA;CARRETERA;NACIONAL;PE-34A;-16.409664;DESPEJADO;COMERCIAL;TRAMO RECTO;PLANA ;ASFALTADA;NO;NULL;NULL;SI;EN PROCESO DE INVESTIGACIÓN;NO CUENTA CON CAUSA ESPECIFICA;Carretera Interoceánica Sur;18/2/2024;-71.619861
A-2024-02-16;15:00.0;CHOQUE;3;0;2;CUSCO;QUISPICANCHI;OROPESA;URBANA;CARRETERA;NACIONAL;PE-3S;-13.590848;LLUVIOSO;COMERCIAL;TRAMO RECTO;PLANA ;ASFALTADA;NO;NULL;NULL;SI;IMPRUDENCIA DEL CONDUCTOR;INVASIÓN DE CARRIL;Carretera Longitudinal de la Sierra Sur;19/2/2024;-71.789239
A-2024-02-80;15:00.0;DESPISTE;1;1;NULL;PIURA;PIURA;CASTILLA;URBANA;AVENIDA;URBANO;NO CORRESPONDE;-5.183407;DESPEJADO;ESCOLAR;TRAMO RECTO;PLANA ;ASFALTADA;NULL;NULL;NULL;NULL;EN PROCESO DE INVESTIGACIÓN;NO CUENTA CON CAUSA ESPECIFICA;Avenida Universitaría;19/2/2024;-80.621506
A-2024-02-149;30:00.0;DESPISTE;1;0;NULL;LIMA;HUAROCHIRI;RICARDO PALMA;RURAL;CARRETERA;NACIONAL;PE-22;-11.922041;DESPEJADO;RURAL;TRAMO RECTO;PLANA ;ASFALTADA;NULL;NULL;NULL;NULL;EN PROCESO DE INVESTIGACIÓN;NO CUENTA CON CAUSA ESPECIFICA;Carretera Central;19/2/2024;-76.626347
A-2024-02-45;30:00.0;DESPISTE;1;5;1;AYACUCHO;LA MAR;ORONCCOY;RURAL;CARRETERA;SIN CLASIFICAR;SIN CLASIFICAR;-13.427307;DESPEJADO;RURAL;CURVA;INCLINADA;AFIRMADO;NULL;NULL;NULL;NULL;IMPRUDENCIA DEL CONDUCTOR;EXCESO DE VELOCIDAD;Oronccoy;19/2/2024;-73.400218
A-2024-02-143;00:00.0;ATROPELLO;1;0;1;PUNO;AZANGARO;SAMAN;RURAL;CARRETERA;PROVINCIAL;PU-804;-15.244024;DESPEJADO;RURAL;TRAMO RECTO;PLANA ;TROCHA;NULL;NULL;NULL;NULL;IMPRUDENCIA DEL CONDUCTOR;EXCESO DE VELOCIDAD;PU-804;19/2/2024;-70.059712
A-2024-02-85;30:00.0;DESPISTE;1;1;NULL;JUNIN;TARMA;TARMA;RURAL;CARRETERA;NACIONAL;PE-22B;-11.404385;DESPEJADO;RURAL;CURVA;INCLINADA;ASFALTADA;SI;REGULADORA (R);NULL;SI;IMPRUDENCIA DEL CONDUCTOR;OTRO (IMPRUDENCIA DEL CONDUCTOR);Carretera Central;19/2/2024;-75.882751
A-2024-02-51;30:00.0;CHOQUE;1;4;NULL;ICA;CHINCHA;GROCIO PRADO;RURAL;CARRETERA;NACIONAL;PE-1S;-13.400668;NULL;NULL;NULL;NULL;NULL;NULL;NULL;NULL;NULL;EN PROCESO DE INVESTIGACIÓN;NO CUENTA CON CAUSA ESPECIFICA;Carretera Panamericana Sur;20/2/2024;-76.195051
A-2024-02-43;30:00.0;ATROPELLO;1;0;NULL;PUNO;CHUCUITO;DESAGUADERO;RURAL;CARRETERA;NACIONAL;PE-3S;-16.541405;DESPEJADO;RURAL;TRAMO RECTO;PLANA ;ASFALTADA;NULL;NULL;NULL;NULL;IMPRUDENCIA DEL PEATÓN;CRUCE INDEBIDO POR LA CALZADA;Carretera Longitudinal de la Sierra Sur;20/2/2024;-69.057993
A-2024-02-135;40:00.0;CHOQUE;1;1;NULL;LIMA;LIMA;BREÑA;URBANA;JIRÓN;URBANO;NO CORRESPONDE;-12.050363;DESPEJADO;RESIDENCIAL;INTERSECCIÓN;PLANA ;ASFALTADA;NULL;NULL;NULL;NULL;IMPRUDENCIA DEL CONDUCTOR;DESACATO DE SEÑAL DE TRÁNSITO;Jirón Zorritos;20/2/2024;-77.047327
A-2024-02-150;20:00.0;CHOQUE;1;0;NULL;LIMA;LIMA;MIRAFLORES;URBANA;AVENIDA;URBANO;NO CORRESPONDE;-12.12869;DESPEJADO;COMERCIAL;TRAMO RECTO;PLANA ;ASFALTADA;NULL;NULL;NULL;NULL;IMPRUDENCIA DEL CONDUCTOR;INVASIÓN DE CARRIL;Avenida Alfredo Benavides;20/2/2024;-77.002201
A-2024-02-57;00:00.0;DESPISTE;1;0;1;APURIMAC;CHINCHEROS;LOS CHANKAS;RURAL;CARRETERA;PROVINCIAL;AP-509;-13.372159;DESPEJADO;RURAL;CURVA;INCLINADA;TROCHA;NULL;NULL;NULL;NULL;IMPRUDENCIA DEL CONDUCTOR;EXCESO DE VELOCIDAD;AP-509;21/2/2024;-73.732751
A-2024-02-119;30:00.0;DESPISTE;1;1;1;CAJAMARCA;HUALGAYOC;BAMBAMARCA;URBANA;CARRETERA;NACIONAL;PE-3N;-6.667;DESPEJADO;ESCOLAR;TRAMO RECTO;PLANA ;ASFALTADA;SI;REGULADORA (R);NULL;SI;IMPRUDENCIA DEL CONDUCTOR;EXCESO DE VELOCIDAD;Carretera Longitudinal de la Sierra Norte;22/2/2024;-78.534671
A-2024-02-33;00:00.0;DESPISTE;1;4;1;LA LIBERTAD;PATAZ;TAYABAMBA;RURAL;CARRETERA;NACIONAL;PE-10C;-8.334722;DESPEJADO;RURAL;TRAMO RECTO;PLANA ;TROCHA;NULL;NULL;NULL;NULL;IMPRUDENCIA DEL CONDUCTOR;VEHÍCULO MAL ESTACIONADO;PE-10C;22/2/2024;-77.254026
A-2024-02-34;00:00.0;CHOQUE;1;2;2;LA LIBERTAD;ASCOPE;PAIJAN;URBANA;CARRETERA;NACIONAL;PE-1N;-7.737052;DESPEJADO;COMERCIAL;TRAMO RECTO;PLANA ;ASFALTADA;NULL;NULL;NULL;NULL;EN PROCESO DE INVESTIGACIÓN;NO CUENTA CON CAUSA ESPECIFICA;Carretera Panamericana Norte;22/2/2024;-79.295401
A-2024-02-75;30:00.0;CHOQUE;1;1;NULL;PIURA;PIURA;VEINTISEIS DE OCTUBRE;RURAL;AVENIDA;URBANO;NO CORRESPONDE;-5.188979;DESPEJADO;RURAL;TRAMO RECTO;PLANA ;ASFALTADA;NULL;NULL;NULL;NULL;EN PROCESO DE INVESTIGACIÓN;NO CUENTA CON CAUSA ESPECIFICA;26 de Octubre;22/2/2024;-80.67793
A-2024-02-54;00:00.0;DESPISTE;2;0;NULL;ICA;CHINCHA;SAN JUAN DE YANAC;NULL;CARRETERA;DEPARTAMENTAL;IC-101;-13.235706;NULL;NULL;NULL;NULL;NULL;NULL;NULL;NULL;NULL;EN PROCESO DE INVESTIGACIÓN;NO CUENTA CON CAUSA ESPECIFICA;IC-101;22/2/2024;-75.898956
A-2024-02-49;30:00.0;ATROPELLO FUGA;1;0;NULL;CUSCO;CUSCO;SAN SEBASTIAN;URBANA;CALLE;URBANO;NO CORRESPONDE;-13.54513;LLUVIOSO;RESIDENCIAL;CURVA;INCLINADA;CONCRETO;NULL;NULL;NULL;NULL;EN PROCESO DE INVESTIGACIÓN;NO CUENTA CON CAUSA ESPECIFICA;San Sebastián;23/2/2024;-71.955572
A-2024-02-156;40:00.0;DESPISTE;3;2;NULL;MOQUEGUA;MARISCAL NIETO;MOQUEGUA;URBANA;CARRETERA;PROVINCIAL;MO-579;-17.200582;NULL;NULL;NULL;NULL;NULL;NULL;NULL;NULL;NULL;EN PROCESO DE INVESTIGACIÓN;NO CUENTA CON CAUSA ESPECIFICA;Avenida Minería;23/2/2024;-70.928328
A-2024-02-59;30:00.0;DESPISTE;1;16;1;AMAZONAS;UTCUBAMBA;JAMALCA;RURAL;CARRETERA;NACIONAL;PE-5N;-5.840601;DESPEJADO;RURAL;CURVA;PLANA ;ASFALTADA;SI;REGULADORA (R);PREVENTIVA (P);SI;EN PROCESO DE INVESTIGACIÓN;NO CUENTA CON CAUSA ESPECIFICA;Carretera Presidente Fernando Belaúnde Terry;23/2/2024;-78.236837
A-2024-02-136;10:00.0;DESPISTE;2;1;NULL;LIMA;LIMA;ATE;URBANA;CARRETERA;NACIONAL;PE-1S;-12.064083;DESPEJADO;INDUSTRIAL;TRAMO RECTO;PLANA ;ASFALTADA;NULL;NULL;NULL;NULL;IMPRUDENCIA DEL CONDUCTOR;OTRO (IMPRUDENCIA DEL CONDUCTOR);Vía de Evitamiento;23/2/2024;-76.971483
A-2024-02-137;30:00.0;ATROPELLO;1;0;NULL;LIMA;LIMA;SAN JUAN DE LURIGANCHO;URBANA;AVENIDA;URBANO;NO CORRESPONDE;-11.95945;DESPEJADO;COMERCIAL;INTERSECCIÓN;PLANA ;ASFALTADA;NO;NULL;NULL;SI;IMPRUDENCIA DEL PEATÓN;CRUCE INDEBIDO POR LA CALZADA;Avenida Fernando Wiesse;23/2/2024;-76.987443
A-2024-02-138;30:00.0;ATROPELLO;1;0;NULL;LIMA;LIMA;VILLA EL SALVADOR;URBANA;CARRETERA;NACIONAL;PE-1S;-12.202646;DESPEJADO;INDUSTRIAL;TRAMO RECTO;PLANA ;ASFALTADA;NULL;NULL;NULL;NULL;EN PROCESO DE INVESTIGACIÓN;NO CUENTA CON CAUSA ESPECIFICA;Puente Toyota;24/2/2024;-76.974128
A-2024-02-88;38:00.0;CHOQUE;1;0;NULL;CALLAO;CALLAO;CALLAO;URBANA;CARRETERA;DEPARTAMENTAL;CL-100;-12.031249;DESPEJADO;INDUSTRIAL;TRAMO RECTO;PLANA ;ASFALTADA;NO;NULL;NULL;SI;EN PROCESO DE INVESTIGACIÓN;NO CUENTA CON CAUSA ESPECIFICA;Avenida Coronel Nestor Gambetta;24/2/2024;-77.127565
A-2024-02-151;00:00.0;CHOQUE;1;0;NULL;LIMA;LIMA;LIMA;URBANA;AVENIDA;URBANO;NO CORRESPONDE;-12.047548;DESPEJADO;RESIDENCIAL;TRAMO RECTO;PLANA ;ASFALTADA;NULL;NULL;NULL;NULL;IMPRUDENCIA DEL CONDUCTOR;ADELANTAR INDEBIDAMENTE;Jirón Huari;24/2/2024;-77.013165
A-2024-02-42;20:00.0;DESPISTE;1;0;1;CUSCO;QUISPICANCHI;MARCAPATA;RURAL;CARRETERA;NACIONAL;PE-30C;-13.627056;DESPEJADO;RURAL;SINUOSA;PLANA ;ASFALTADA;SI;PREVENTIVA (P);NULL;SI;IMPRUDENCIA DEL CONDUCTOR;EXCESO DE VELOCIDAD;Interoceánica Sur;24/2/2024;-71.065972
A-2024-02-35;50:00.0;CHOQUE;1;0;2;LA LIBERTAD;VIRU;VIRU;RURAL;CARRETERA;NACIONAL;PE-1N;-8.443392;DESPEJADO;RURAL;INTERSECCIÓN;PLANA ;ASFALTADA;NULL;NULL;NULL;NULL;EN PROCESO DE INVESTIGACIÓN;NO CUENTA CON CAUSA ESPECIFICA;Carretera Panamericana Norte;24/2/2024;-78.747544
A-2024-02-37;45:00.0;CHOQUE;1;0;2;AREQUIPA;AREQUIPA;CERRO COLORADO;URBANA;CARRETERA;NACIONAL;PE-34C;-16.404679;DESPEJADO;COMERCIAL;TRAMO RECTO;PLANA ;ASFALTADA;NO;NULL;NULL;SI;EN PROCESO DE INVESTIGACIÓN;NO CUENTA CON CAUSA ESPECIFICA;Variante Uchumayo;24/2/2024;-71.575925
A-2024-02-36;00:00.0;DESPISTE;1;0;1;LA LIBERTAD;PACASMAYO;SAN JOSE;RURAL;CARRETERA;PROVINCIAL;LI-571;-7.336322;DESPEJADO;RURAL;TRAMO RECTO;PLANA ;AFIRMADO;NULL;NULL;NULL;NULL;EN PROCESO DE INVESTIGACIÓN;NO CUENTA CON CAUSA ESPECIFICA;LI-571;24/2/2024;-79.471678
A-2024-02-38;45:00.0;ATROPELLO FUGA;1;0;1;AREQUIPA;AREQUIPA;MARIANO MELGAR;URBANA;CALLE;URBANO;NO CORRESPONDE;-16.404367;DESPEJADO;RESIDENCIAL;TRAMO RECTO;INCLINADA;ASFALTADA;NULL;NULL;NULL;NULL;EN PROCESO DE INVESTIGACIÓN;NO CUENTA CON CAUSA ESPECIFICA;Mariano Melgar;25/2/2024;-71.489823
A-2024-02-55;32:00.0;CHOQUE;1;4;2;TUMBES;TUMBES;CORRALES;RURAL;CARRETERA;NACIONAL;PE-1N;-3.617406;DESPEJADO;RURAL;INTERSECCIÓN;PLANA ;ASFALTADA;NULL;NULL;NULL;NULL;IMPRUDENCIA DEL CONDUCTOR;NO ESTABLECER EL DERECHO DE PASO;Carretera Panamericana Norte;25/2/2024;-80.532006
A-2024-02-139;15:00.0;ATROPELLO FUGA;1;0;NULL;LIMA;LIMA;SAN JUAN DE MIRAFLORES;URBANA;CARRETERA;NACIONAL;PE-1S;-12.170759;DESPEJADO;COMERCIAL;TRAMO RECTO;PLANA ;ASFALTADA;NULL;NULL;NULL;NULL;EN PROCESO DE INVESTIGACIÓN;NO CUENTA CON CAUSA ESPECIFICA;Avenida Panamericana Sur;25/2/2024;-76.979316
A-2024-02-56;20:00.0;ATROPELLO FUGA;1;0;NULL;TUMBES;CONTRALMIRANTE VILLAR;ZORRITOS;RURAL;CARRETERA;NACIONAL;PE-1N;-3.7351;DESPEJADO;RURAL;TRAMO RECTO;PLANA ;ASFALTADA;NULL;NULL;NULL;NULL;IMPRUDENCIA DEL PEATÓN;ESTADO DE EBRIEDAD Y/O DROGADICCIÓN;Carretera Panamericana Norte;25/2/2024;-80.767053
A-2024-02-48;30:00.0;DESPISTE;1;3;1;CUSCO;CHUMBIVILCAS;VELILLE;RURAL;CARRETERA;NACIONAL;PE-3SG;-14.587882;DESPEJADO;RURAL;SINUOSA;INCLINADA;ASFALTADA;NULL;NULL;NULL;NULL;IMPRUDENCIA DEL CONDUCTOR;OTRO (IMPRUDENCIA DEL CONDUCTOR);PE-3SG;25/2/2024;-71.732563
A-2024-02-44;00:00.0;CHOQUE;1;0;2;PUNO;EL COLLAO;ILAVE;RURAL;CARRETERA;NACIONAL;PE-3S;-16.103545;DESPEJADO;RURAL;TRAMO RECTO;PLANA ;ASFALTADA;NULL;NULL;NULL;NULL;IMPRUDENCIA DEL CONDUCTOR;EXCESO DE VELOCIDAD;Carretera Longitudinal de la Sierra Sur;25/2/2024;-69.609627
A-2024-02-86;30:00.0;ATROPELLO FUGA;1;0;NULL;JUNIN;HUANCAYO;SAPALLANGA;URBANA;CARRETERA;NACIONAL;PE-3SC;-12.14943;LLUVIOSO;RURAL;TRAMO RECTO;PLANA ;ASFALTADA;NO;NULL;NULL;SI;EN PROCESO DE INVESTIGACIÓN;NO CUENTA CON CAUSA ESPECIFICA;PE-3SC;25/2/2024;-75.158323
A-2024-02-95-A;00:00.0;ATROPELLO FUGA;1;0;NULL;AMAZONAS;UTCUBAMBA;EL MILAGRO;RURAL;CARRETERA;NACIONAL;PE-5N;-5.712248;DESPEJADO;RURAL;TRAMO RECTO;PLANA ;ASFALTADA;NULL;NULL;NULL;NULL;EN PROCESO DE INVESTIGACIÓN;NO CUENTA CON CAUSA ESPECIFICA;Carretera Presidente Fernando Belaúnde Terry;26/2/2024;-78.589743
A-2024-02-90;00:00.0;ATROPELLO;1;0;NULL;CALLAO;CALLAO;MI PERU;URBANA;CARRETERA;NACIONAL;PE-20;-11.860722;NULL;NULL;NULL;NULL;NULL;NULL;NULL;NULL;NULL;EN PROCESO DE INVESTIGACIÓN;NO CUENTA CON CAUSA ESPECIFICA;Avenida Coronel Nestor Gambetta;26/2/2024;-77.129885
A-2024-02-91;40:00.0;CHOQUE;1;0;2;LA LIBERTAD;CHEPEN;PACANGA;RURAL;CARRETERA;NACIONAL;PE-1N;-7.0698;DESPEJADO;RURAL;TRAMO RECTO;PLANA ;ASFALTADA;NULL;NULL;NULL;NULL;IMPRUDENCIA DEL CONDUCTOR;OTRO (IMPRUDENCIA DEL CONDUCTOR);Carretera Panamericana Norte;26/2/2024;-79.56009
A-2024-02-120;00:00.0;DESPISTE;3;1;1;CAJAMARCA;CUTERVO;SAN LUIS DE LUCMA;RURAL;CARRETERA;PROVINCIAL;CA-803;-6.248283;DESPEJADO;RURAL;CURVA;INCLINADA;AFIRMADO;NULL;NULL;NULL;NULL;IMPRUDENCIA DEL CONDUCTOR;EXCESO DE VELOCIDAD;San Luis de Lucma;26/2/2024;-78.561627
A-2024-02-157;50:00.0;DESPISTE;1;2;NULL;MOQUEGUA;ILO;PACOCHA;NULL;CARRETERA;NACIONAL;PE-1SD;-17.287466;NULL;NULL;NULL;NULL;NULL;NULL;NULL;NULL;NULL;EN PROCESO DE INVESTIGACIÓN;NO CUENTA CON CAUSA ESPECIFICA;Carretera Costanera Sur;26/2/2024;-71.452857
A-2024-02-61;45:00.0;CAÍDA DE PASAJERO;2;0;2;CUSCO;LA CONVENCION;ECHARATE;RURAL;CARRETERA;DEPARTAMENTAL;CU-103;-12.617882;SOLEADO;RURAL;CURVA;INCLINADA;AFIRMADO;NULL;NULL;NULL;NULL;IMPRUDENCIA DEL CONDUCTOR;EXCESO DE VELOCIDAD;CU-103;26/2/2024;-73.08501
A-2024-02-100;50:00.0;CHOQUE FUGA;1;0;NULL;LIMA;LIMA;SAN ISIDRO;URBANA;AVENIDA;URBANO;NO CORRESPONDE;-12.097653;DESPEJADO;COMERCIAL;TRAMO RECTO;PLANA ;ASFALTADA;SI;PREVENTIVA (P);NULL;SI;EN PROCESO DE INVESTIGACIÓN;NO CUENTA CON CAUSA ESPECIFICA;Avenida Enrique Canaval y Moreyra;26/2/2024;-77.019263
A-2024-02-74;00:00.0;ATROPELLO;1;0;NULL;PIURA;MORROPON;CHULUCANAS;URBANA;AVENIDA;URBANO;NO CORRESPONDE;-5.105059;DESPEJADO;RURAL;TRAMO RECTO;PLANA ;ASFALTADA;NULL;NULL;NULL;NULL;EN PROCESO DE INVESTIGACIÓN;NO CUENTA CON CAUSA ESPECIFICA;Avenida Perú;27/2/2024;-80.170582
A-2024-02-65;00:00.0;CHOQUE;1;1;2;LA LIBERTAD;TRUJILLO;SALAVERRY;URBANA;CARRETERA;NACIONAL;PE-10;-8.205389;DESPEJADO;RURAL;TRAMO RECTO;PLANA ;ASFALTADA;NULL;NULL;NULL;NULL;IMPRUDENCIA DEL CONDUCTOR;ADELANTAR INDEBIDAMENTE;Avenida de la Marina;27/2/2024;-78.983567
A-2024-02-66;43:00.0;DESPISTE;1;0;1;LA LIBERTAD;PATAZ;PARCOY;RURAL;CARRETERA;NACIONAL;PE-10C;-8.000219;DESPEJADO;RURAL;TRAMO RECTO;PLANA ;AFIRMADO;NULL;NULL;NULL;NULL;EN PROCESO DE INVESTIGACIÓN;NO CUENTA CON CAUSA ESPECIFICA;PE-10C;27/2/2024;-77.485146
A-2024-02-81;40:00.0;ATROPELLO FUGA;1;0;NULL;PIURA;PIURA;PIURA;URBANA;AVENIDA;URBANO;NO CORRESPONDE;-5.193558;DESPEJADO;RURAL;TRAMO RECTO;PLANA ;ASFALTADA;NULL;NULL;NULL;NULL;EN PROCESO DE INVESTIGACIÓN;NO CUENTA CON CAUSA ESPECIFICA;Avenida Don Bosco;28/2/2024;-80.651878
A-2024-02-46;20:00.0;CHOQUE FUGA;1;1;2;AREQUIPA;AREQUIPA;LA JOYA;URBANA;CARRETERA;NACIONAL;PE-1S;-16.552298;DESPEJADO;COMERCIAL;TRAMO RECTO;PLANA ;ASFALTADA;NO;NULL;NULL;SI;EN PROCESO DE INVESTIGACIÓN;NO CUENTA CON CAUSA ESPECIFICA;Carretera Panamericana Sur;28/2/2024;-71.815992
A-2024-02-140;40:00.0;ATROPELLO;1;0;NULL;LIMA;LIMA;SAN JUAN DE LURIGANCHO;URBANA;AVENIDA;URBANO;NO CORRESPONDE;-12.024153;DESPEJADO;COMERCIAL;TRAMO RECTO;PLANA ;ASFALTADA;SI;PREVENTIVA (P);NULL;NO;IMPRUDENCIA DEL PEATÓN;CRUCE INDEBIDO POR LA CALZADA;Avenida Malecón Miguel Checa Eguiguren;28/2/2024;-76.977565
A-2024-02-94;30:00.0;DESPISTE;1;2;NULL;PASCO;PASCO;SIMON BOLIVAR;NULL;CARRETERA;DEPARTAMENTAL;PA-102;-10.652631;NULL;NULL;NULL;NULL;NULL;NULL;NULL;NULL;NULL;EN PROCESO DE INVESTIGACIÓN;NO CUENTA CON CAUSA ESPECIFICA;PA-102;28/2/2024;-76.29004
A-2024-02-58;31:00.0;DESPISTE;3;2;1;APURIMAC;ANDAHUAYLAS;ANDAHUAYLAS;RURAL;CARRETERA;NACIONAL;PE-30B;-13.869582;LLUVIOSO;RURAL;CURVA;INCLINADA;AFIRMADO;NULL;NULL;NULL;NULL;IMPRUDENCIA DEL CONDUCTOR;CONDUCIR EN ESTADO DE EBRIEDAD Y/O DROGADICCIÓN;PE-30B;28/2/2024;-73.393398
A-2024-02-64;30:00.0;ATROPELLO;1;0;1;TACNA;TACNA;TACNA;RURAL;CARRETERA;NACIONAL;PE-1S;-18.07845;DESPEJADO;COMERCIAL;TRAMO RECTO;PLANA ;ASFALTADA;SI;REGULADORA (R);NULL;SI;IMPRUDENCIA DEL PEATÓN;CRUCE INDEBIDO POR LA CALZADA;Carretera Panamericana Sur;28/2/2024;-70.298265
A-2024-02-67;45:00.0;DESPISTE;1;1;1;LA LIBERTAD;GRAN CHIMU;CASCAS;RURAL;CARRETERA;NACIONAL;PE-1NF;-7.50813;DESPEJADO;RURAL;TRAMO RECTO;PLANA ;AFIRMADO;NULL;NULL;NULL;NULL;EN PROCESO DE INVESTIGACIÓN;NO CUENTA CON CAUSA ESPECIFICA;Carretera Chicama - Cascas;28/2/2024;-78.819485
A-2024-02-53;20:00.0;CHOQUE;1;1;2;AREQUIPA;ISLAY;MOLLENDO;RURAL;CARRETERA;NACIONAL;PE-34;-16.728761;DESPEJADO;RURAL;TRAMO RECTO;PLANA ;ASFALTADA;NO;NULL;NULL;SI;EN PROCESO DE INVESTIGACIÓN;NO CUENTA CON CAUSA ESPECIFICA;Carretera Interoceánica Sur;29/2/2024;-71.946418
A-2024-02-121;30:00.0;VOLCADURA;1;2;1;CAJAMARCA;CAJABAMBA;CONDEBAMBA;RURAL;CARRETERA;NACIONAL;PE-3N;-7.603906;DESPEJADO;RURAL;CURVA;PLANA ;ASFALTADA;NULL;NULL;NULL;NULL;IMPRUDENCIA DEL CONDUCTOR;EXCESO DE VELOCIDAD;Carretera Longitudinal de la Sierra Norte;29/2/2024;-78.111695
A-2024-02-141;00:00.0;ATROPELLO;1;0;NULL;LIMA;LIMA;PUENTE PIEDRA;URBANA;CARRETERA;NACIONAL;PE-1N;-11.833358;DESPEJADO;COMERCIAL;TRAMO RECTO;PLANA ;ASFALTADA;SI;PREVENTIVA (P);NULL;NO;EN PROCESO DE INVESTIGACIÓN;NO CUENTA CON CAUSA ESPECIFICA;Carretera Panamericana Norte;29/2/2024;-77.113633
A-2024-03-12;30:00.0;DESPISTE;6;0;1;APURIMAC;ANDAHUAYLAS;SAN JERONIMO;URBANA;CALLE;URBANO;NO CORRESPONDE;-13.654273;LLUVIOSO;INDUSTRIAL;TRAMO RECTO;INCLINADA;AFIRMADO;SI;REGULADORA (R);INFORMATIVA (I);NO;IMPRUDENCIA DEL CONDUCTOR;CONDUCIR EN ESTADO DE EBRIEDAD Y/O DROGADICCIÓN;Jirón San Martín;1/3/2024;-73.365219
A-2024-03-101;20:00.0;ATROPELLO;1;0;1;CAJAMARCA;JAEN;POMAHUACA;RURAL;CARRETERA;NACIONAL;PE-3N;-5.975197;LLUVIOSO;RURAL;TRAMO RECTO;INCLINADA;ASFALTADA;SI;PREVENTIVA (P);NULL;SI;IMPRUDENCIA DEL CONDUCTOR;EXCESO DE VELOCIDAD;Carretera Presidente Fernando Belaúnde Terry;1/3/2024;-79.206032
A-2024-03-42;30:00.0;DESPISTE;2;2;1;TACNA;CANDARAVE;CANDARAVE;RURAL;CARRETERA;NACIONAL;PE-36A;-16.86079;LLUVIOSO;RURAL;TRAMO RECTO;PLANA ;ASFALTADA;NULL;NULL;NULL;NULL;IMPRUDENCIA DEL CONDUCTOR;OTRO (IMPRUDENCIA DEL CONDUCTOR);Carretera Binacional;1/3/2024;-70.27348
A-2024-03-1;30:00.0;CHOQUE;1;1;2;PUNO;CHUCUITO;ZEPITA;RURAL;CARRETERA;NACIONAL;PE-3S;-16.491531;DESPEJADO;RURAL;TRAMO RECTO;PLANA ;ASFALTADA;NULL;NULL;NULL;NULL;IMPRUDENCIA DEL CONDUCTOR;GIRAR IMPRUDENTEMENTE;Zepita;1/3/2024;-69.107214
A-2024-03-127;40:00.0;DESPISTE;2;0;NULL;LIMA;LIMA;LOS OLIVOS;URBANA;AVENIDA;URBANO;NO CORRESPONDE;-11.977787;DESPEJADO;RESIDENCIAL;TRAMO RECTO;PLANA ;ASFALTADA;NULL;NULL;NULL;NULL;IMPRUDENCIA DEL CONDUCTOR;CONDUCIR EN ESTADO DE EBRIEDAD Y/O DROGADICCIÓN;Avenida Naranjal;2/3/2024;-77.068014
A-2024-03-112;54:00.0;ATROPELLO;1;0;NULL;LIMA;LIMA;SAN JUAN DE LURIGANCHO;URBANA;AVENIDA;URBANO;NO CORRESPONDE;-12.025917;DESPEJADO;RESIDENCIAL;TRAMO RECTO;PLANA ;ASFALTADA;NULL;NULL;NULL;NULL;IMPRUDENCIA DEL PEATÓN;CRUCE INDEBIDO POR LA CALZADA;Avenida Lima;2/3/2024;-77.01675
A-2024-03-102;15:00.0;ATROPELLO;1;4;1;CAJAMARCA;JAEN;JAEN;URBANA;CARRETERA;NACIONAL;PE-5N;-5.792305;DESPEJADO;COMERCIAL;TRAMO RECTO;INCLINADA;ASFALTADA;NO;NULL;NULL;SI;IMPRUDENCIA DEL CONDUCTOR;CONDUCIR EN ESTADO DE EBRIEDAD Y/O DROGADICCIÓN;Mesones Muro;2/3/2024;-78.783304
A-2024-03-64;36:00.0;ATROPELLO;1;0;NULL;JUNIN;YAULI;LA OROYA;RURAL;CARRETERA;NACIONAL;PE-22;-11.601806;DESPEJADO;RURAL;TRAMO RECTO;PLANA ;ASFALTADA;NO;NULL;NULL;SI;IMPRUDENCIA DEL PEATÓN;CRUCE INDEBIDO POR LA CALZADA;Curipata;3/3/2024;-75.96812
A-2024-03-48;50:00.0;CHOQUE;1;0;3;LA LIBERTAD;TRUJILLO;HUANCHACO;RURAL;CARRETERA;NACIONAL;PE-1N;-8.03413;DESPEJADO;RURAL;TRAMO RECTO;PLANA ;ASFALTADA;NULL;NULL;NULL;NULL;IMPRUDENCIA DEL CONDUCTOR;OTRO (IMPRUDENCIA DEL CONDUCTOR);Carretera Panamericana Norte;3/3/2024;-79.08098