CÓDIGO SINIESTRO;HORA SINIESTRO;CLASE SINIESTRO;CANTIDAD DE FALLECIDOS;CANTIDAD DE LESIONADOS;CANTIDAD DE VEHICULOS DAÑADOS;DEPARTAMENTO;PROVINCIA;DISTRITO;ZONA;TIPO DE VÍA;RED VIAL;COD CARRETERA;COORDENADAS LATITUD;CONDICIÓN CLIMÁTICA;ZONIFICACIÓN;CARACTERÍSTICAS DE VÍA;PERFIL LONGITUDINAL VÍA;SUPERFICIE DE CALZADA;¿EXISTE SEÑAL VERTICAL?;CLASIFICACIÓN DE LA SEÑAL VERTICAL Nº 1;CLASIFICACIÓN DE LA SEÑAL VERTICAL Nº 2;¿EXISTE SEÑAL HORIZONTAL?;CAUSA FACTOR PRINCIPAL;CAUSA ESPECÍFICA;UBICACION;FECHA SINIESTRO;COORDENADAS LONGITUD
A-2024-03-69;30:00.0;DESPISTE;1;0;1;AYACUCHO;HUAMANGA;AYACUCHO;URBANA;JIRÓN;URBANO;NO CORRESPONDE;-13.160939;LLUVIOSO;RESIDENCIAL;CURVA;PLANA ;ASFALTADA;NULL;NULL;NULL;NULL;IMPRUDENCIA DEL CONDUCTOR;CONDUCIR EN ESTADO DE EBRIEDAD Y/O DROGADICCIÓN;Prolongación Jirón Puno;3/3/2024;-74.219694
A-2024-03-126;00:00.0;CHOQUE;1;0;2;PUNO;CARABAYA;AJOYANI;RURAL;CARRETERA;NACIONAL;PE-34B;-14.201346;DESPEJADO;RURAL;TRAMO RECTO;PLANA ;ASFALTADA;NULL;NULL;NULL;NULL;IMPRUDENCIA DEL CONDUCTOR;EXCESO DE VELOCIDAD;Carretera Interoceánica Puno - Madre de Dios;4/3/2024;-70.275216
A-2024-03-43;30:00.0;ATROPELLO;1;0;2;TACNA;TACNA;TACNA;RURAL;CARRETERA;NACIONAL;PE-1SD;-18.088055;DESPEJADO;RURAL;TRAMO RECTO;PLANA ;ASFALTADA;NULL;NULL;NULL;NULL;IMPRUDENCIA DEL PEATÓN;CRUCE INDEBIDO POR LA CALZADA;Carretera Costanera Sur;4/3/2024;-70.326608
A-2024-03-44;30:00.0;DESPISTE;1;3;1;TACNA;CANDARAVE;CANDARAVE;RURAL;CARRETERA;NACIONAL;PE-36A;-16.883502;GRANIZADO;RURAL;TRAMO RECTO;PLANA ;ASFALTADA;NULL;NULL;NULL;NULL;IMPRUDENCIA DEL CONDUCTOR;OTRO (IMPRUDENCIA DEL CONDUCTOR);Carretera Binacional;4/3/2024;-70.328848
A-2024-03-128;25:00.0;CHOQUE;1;11;NULL;LIMA;LIMA;LOS OLIVOS;URBANA;CALLE;URBANO;NO CORRESPONDE;-11.965823;DESPEJADO;RESIDENCIAL;INTERSECCIÓN;PLANA ;ASFALTADA;NULL;NULL;NULL;NULL;EN PROCESO DE INVESTIGACIÓN;NO CUENTA CON CAUSA ESPECIFICA;Calle 11;4/3/2024;-77.081473
A-2024-03-113;50:00.0;ATROPELLO FUGA;1;0;NULL;LIMA;LIMA;SAN BORJA;URBANA;AVENIDA;URBANO;NO CORRESPONDE;-12.111957;DESPEJADO;RESIDENCIAL;TRAMO RECTO;PLANA ;ASFALTADA;NULL;NULL;NULL;NULL;EN PROCESO DE INVESTIGACIÓN;NO CUENTA CON CAUSA ESPECIFICA;Avenida Angamos Este;4/3/2024;-77.004711
A-2024-03-49;45:00.0;CAÍDA DE PASAJERO;1;0;NULL;LA LIBERTAD;CHEPEN;PACANGA;RURAL;CARRETERA;PROVINCIAL;LI-521;-7.154638;DESPEJADO;RURAL;TRAMO RECTO;PLANA ;CONCRETO;NULL;NULL;NULL;NULL;EN PROCESO DE INVESTIGACIÓN;NO CUENTA CON CAUSA ESPECIFICA;Pacanguilla;5/3/2024;-79.441054
A-2024-03-23;38:00.0;CHOQUE;1;9;2;CUSCO;ANTA;ANTA;URBANA;CARRETERA;NACIONAL;PE-3S;-13.486048;DESPEJADO;RURAL;TRAMO RECTO;PLANA ;ASFALTADA;NULL;NULL;NULL;NULL;IMPRUDENCIA DEL CONDUCTOR;EXCESO DE VELOCIDAD;Carretera Longitudinal de la Sierra Sur;5/3/2024;-72.16768
A-2024-03-4;45:00.0;CHOQUE;1;9;2;AREQUIPA;ISLAY;MEJIA;RURAL;CARRETERA;NACIONAL;PE-1SD;-17.065639;DESPEJADO;RURAL;PASE A DESNIVEL;INCLINADA;ASFALTADA;NULL;NULL;NULL;NULL;EN PROCESO DE INVESTIGACIÓN;NO CUENTA CON CAUSA ESPECIFICA;Carretera Costanera Sur;5/3/2024;-71.945771
A-2024-03-5;45:00.0;CHOQUE;1;0;2;AREQUIPA;CAYLLOMA;MAJES;RURAL;CARRETERA;NACIONAL;PE-1S;-16.395898;DESPEJADO;RURAL;INTERSECCIÓN;PLANA ;ASFALTADA;NO;NULL;NULL;SI;EN PROCESO DE INVESTIGACIÓN;NO CUENTA CON CAUSA ESPECIFICA;Carretera Panamericana Sur;5/3/2024;-72.210062
A-2024-03-6;05:00.0;ATROPELLO;1;0;1;ICA;CHINCHA;CHINCHA ALTA;URBANA;AVENIDA;URBANO;NO CORRESPONDE;-13.411333;DESPEJADO;RURAL;TRAMO RECTO;PLANA ;ASFALTADA;NULL;NULL;NULL;NULL;EN PROCESO DE INVESTIGACIÓN;NO CUENTA CON CAUSA ESPECIFICA;Avenida San Cristobal;6/3/2024;-76.125299
A-2024-03-104;15:00.0;DESPISTE;1;0;1;CAJAMARCA;SAN MIGUEL;BOLIVAR;URBANA;CARRETERA;PROVINCIAL;CA-1227;-6.977739;DESPEJADO;RESIDENCIAL;CURVA;PLANA ;ASFALTADA;NULL;NULL;NULL;NULL;IMPRUDENCIA DEL CONDUCTOR;EXCESO DE VELOCIDAD;CA-1227;6/3/2024;-79.181244
A-2024-03-73;45:00.0;CHOQUE;1;1;2;ICA;ICA;SANTIAGO;RURAL;CARRETERA;NACIONAL;PE-1S;-14.231542;DESPEJADO;RURAL;TRAMO RECTO;PLANA ;ASFALTADA;NULL;NULL;NULL;NULL;EN PROCESO DE INVESTIGACIÓN;NO CUENTA CON CAUSA ESPECIFICA;Carretera Panamericana Sur;6/3/2024;-75.699595
A-2024-03-114;40:00.0;ATROPELLO;1;0;NULL;LIMA;LIMA;COMAS;URBANA;AVENIDA;URBANO;NO CORRESPONDE;-11.927543;DESPEJADO;RESIDENCIAL;TRAMO RECTO;PLANA ;ASFALTADA;NULL;NULL;NULL;NULL;IMPRUDENCIA DEL CONDUCTOR;CONDUCIR EN SENTIDO CONTRARIO;Teniente David Leon;6/3/2024;-77.040606
A-2024-03-129;50:00.0;VOLCADURA;1;0;NULL;LIMA;LIMA;LURIN;URBANA;CARRETERA;NACIONAL;PE-1S;-12.261038;DESPEJADO;COMERCIAL;TRAMO RECTO;PLANA ;ASFALTADA;NULL;NULL;NULL;NULL;EN PROCESO DE INVESTIGACIÓN;NO CUENTA CON CAUSA ESPECIFICA;Carretera Panamericana Sur;7/3/2024;-76.913966
A-2024-03-63;30:00.0;ESPECIAL;1;0;0;ICA;NASCA;MARCONA;URBANA;OTRO;URBANO;NO CORRESPONDE;-15.362239;DESPEJADO;RURAL;OTRO;PLANA ;TROCHA;NULL;NULL;NULL;NULL;EN PROCESO DE INVESTIGACIÓN;NO CUENTA CON CAUSA ESPECIFICA;Carretera San Juan de Marcona;7/3/2024;-75.156284
A-2024-03-8;20:00.0;DESPISTE;1;0;1;AREQUIPA;ISLAY;PUNTA DE BOMBON;RURAL;CARRETERA;PROVINCIAL;AR-827;-17.09368;SOLEADO;RURAL;CURVA;PLANA ;ASFALTADA;NO;NULL;NULL;SI;EN PROCESO DE INVESTIGACIÓN;NO CUENTA CON CAUSA ESPECIFICA;Punta de Bombón;7/3/2024;-71.47387
A-2024-03-106;00:00.0;DESPISTE;1;1;1;CAJAMARCA;CUTERVO;CHOROS;RURAL;CARRETERA;NACIONAL;PE-04C;-5.984832;DESPEJADO;RURAL;CURVA;INCLINADA;ASFALTADA;NULL;NULL;NULL;NULL;EN PROCESO DE INVESTIGACIÓN;NO CUENTA CON CAUSA ESPECIFICA;Carretera Presidente Fernando Belaúnde Terry;7/3/2024;-78.856611
A-2024-03-50;20:00.0;DESPISTE;1;0;1;LA LIBERTAD;GRAN CHIMU;SAYAPULLO;RURAL;CARRETERA;DEPARTAMENTAL;LI-106;-7.592403;DESPEJADO;RURAL;CURVA;PLANA ;AFIRMADO;NULL;NULL;NULL;NULL;EN PROCESO DE INVESTIGACIÓN;NO CUENTA CON CAUSA ESPECIFICA;LI-106;7/3/2024;-78.47473
A-2024-03-2;30:00.0;DESPISTE;1;0;1;PUNO;EL COLLAO;ILAVE;RURAL;CARRETERA;NACIONAL;PE-38A;-16.097208;DESPEJADO;RURAL;TRAMO RECTO;PLANA ;ASFALTADA;NULL;NULL;NULL;NULL;IMPRUDENCIA DEL CONDUCTOR;FATIGA Y/O CANSANCIO;Carretera Mazocruz - Ilave;7/3/2024;-69.635024
A-2024-03-78;10:00.0;CHOQUE;1;0;NULL;CALLAO;CALLAO;VENTANILLA;URBANA;CARRETERA;NACIONAL;PE-20;-11.870525;DESPEJADO;COMERCIAL;TRAMO RECTO;INCLINADA;ASFALTADA;NO;NULL;NULL;SI;EN PROCESO DE INVESTIGACIÓN;NO CUENTA CON CAUSA ESPECIFICA;Avenida Coronel Nestor Gambetta;8/3/2024;-77.127686
A-2024-03-51;30:00.0;DESPISTE;1;0;1;LA LIBERTAD;GRAN CHIMU;SAYAPULLO;RURAL;CARRETERA;DEPARTAMENTAL;LI-106;-7.593301;DESPEJADO;RURAL;TRAMO RECTO;PLANA ;TROCHA;NULL;NULL;NULL;NULL;IMPRUDENCIA DEL CONDUCTOR;OTRO (IMPRUDENCIA DEL CONDUCTOR);LI-106;8/3/2024;-78.478094
A-2024-03-115;00:00.0;ATROPELLO;1;0;NULL;LIMA;LIMA;SAN JUAN DE LURIGANCHO;URBANA;AVENIDA;URBANO;NO CORRESPONDE;-12.011205;DESPEJADO;RESIDENCIAL;TRAMO RECTO;PLANA ;ASFALTADA;NULL;NULL;NULL;NULL;IMPRUDENCIA DEL PEATÓN;CRUCE INDEBIDO POR LA CALZADA;Avenida Canto Grande;8/3/2024;-77.014166
A-2024-03-108;45:00.0;CHOQUE;1;0;2;CAJAMARCA;SANTA CRUZ;SANTA CRUZ;URBANA;JIRÓN;URBANO;NO CORRESPONDE;-6.62591;DESPEJADO;ESCOLAR;TRAMO RECTO;PLANA ;CONCRETO;NULL;NULL;NULL;NULL;IMPRUDENCIA DEL CONDUCTOR;EXCESO DE VELOCIDAD;Jirón Cutervo;8/3/2024;-78.944629
A-2024-03-116;30:00.0;ATROPELLO FUGA;1;0;NULL;LIMA;LIMA;VILLA EL SALVADOR;URBANA;AVENIDA;URBANO;NO CORRESPONDE;-12.193116;DESPEJADO;COMERCIAL;INTERSECCIÓN;PLANA ;ASFALTADA;NULL;NULL;NULL;NULL;EN PROCESO DE INVESTIGACIÓN;NO CUENTA CON CAUSA ESPECIFICA;Avenida Mateo Pumacahua;9/3/2024;-76.96481
A-2024-03-103;30:00.0;CHOQUE;1;1;1;CAJAMARCA;CHOTA;LLAMA;RURAL;CARRETERA;NACIONAL;PE-06A;-6.539576;DESPEJADO;RURAL;CURVA;INCLINADA;ASFALTADA;NULL;NULL;NULL;NULL;IMPRUDENCIA DEL CONDUCTOR;CONDUCIR EN ESTADO DE EBRIEDAD Y/O DROGADICCIÓN;PE-06A;9/3/2024;-79.117665
A-2024-02-95-B;00:00.0;ATROPELLO FUGA;1;0;1;LIMA;HUARAL;CHANCAY;RURAL;CARRETERA;NACIONAL;PE-1N;-11.528216;DESPEJADO;RURAL;TRAMO RECTO;PLANA ;ASFALTADA;NULL;NULL;NULL;NULL;EN PROCESO DE INVESTIGACIÓN;NO CUENTA CON CAUSA ESPECIFICA;Carretera Panamericana Norte;10/3/2024;-77.2878
A-2024-03-91;00:00.0;ATROPELLO;1;0;1;LIMA;HUARAL;HUARAL;RURAL;CARRETERA;NACIONAL;PE-20C;-11.558084;DESPEJADO;RURAL;TRAMO RECTO;PLANA ;ASFALTADA;SI;REGULADORA (R);NULL;NO;IMPRUDENCIA DEL CONDUCTOR;OTRO (IMPRUDENCIA DEL CONDUCTOR);Carretera Lima - Huaral;10/3/2024;-77.203331
A-2024-03-9;30:00.0;DESPISTE;1;0;1;AREQUIPA;ISLAY;ISLAY;RURAL;CARRETERA;NACIONAL;PE-34;-16.963857;DESPEJADO;RURAL;CURVA;INCLINADA;ASFALTADA;NO;NULL;NULL;SI;EN PROCESO DE INVESTIGACIÓN;NO CUENTA CON CAUSA ESPECIFICA;Carretera Interoceánica Sur;10/3/2024;-72.055883
A-2024-03-52;35:00.0;DESPISTE;1;3;1;LA LIBERTAD;ASCOPE;RAZURI;RURAL;CARRETERA;NACIONAL;PE-1N;-7.589483;DESPEJADO;RURAL;TRAMO RECTO;PLANA ;ASFALTADA;NULL;NULL;NULL;NULL;IMPRUDENCIA DEL CONDUCTOR;OTRO (IMPRUDENCIA DEL CONDUCTOR);Carretera Panamericana Norte;10/3/2024;-79.370127
A-2024-03-45;30:00.0;CHOQUE CON OBJETO FIJO;1;0;2;TACNA;TACNA;CIUDAD NUEVA;URBANA;CALLE;URBANO;NO CORRESPONDE;-17.979624;DESPEJADO;RESIDENCIAL;TRAMO RECTO;INCLINADA;ASFALTADA;NULL;NULL;NULL;NULL;EN PROCESO DE INVESTIGACIÓN;NO CUENTA CON CAUSA ESPECIFICA;Avenida Emancipación;10/3/2024;-70.234748
A-2024-03-117;10:00.0;ATROPELLO;1;0;NULL;LIMA;LIMA;SANTA ANITA;URBANA;CALLE;URBANO;NO CORRESPONDE;-12.047022;DESPEJADO;RESIDENCIAL;INTERSECCIÓN;PLANA ;ASFALTADA;NULL;NULL;NULL;NULL;IMPRUDENCIA DEL PEATÓN;CRUCE INDEBIDO POR LA CALZADA;Calle Los Nogales;10/3/2024;-76.973873
A-2024-03-66;50:00.0;ATROPELLO;1;0;NULL;JUNIN;HUANCAYO;HUANCAYO;URBANA;AVENIDA;URBANO;NO CORRESPONDE;-12.07657;DESPEJADO;RESIDENCIAL;TRAMO RECTO;INCLINADA;ASFALTADA;NO;NULL;NULL;SI;IMPRUDENCIA DEL CONDUCTOR;OTRO (IMPRUDENCIA DEL CONDUCTOR);Jirón Lima;11/3/2024;-75.223213
A-2024-03-105;30:00.0;CHOQUE;2;3;2;CAJAMARCA;SAN IGNACIO;SAN IGNACIO;RURAL;CARRETERA;NACIONAL;PE-5N;-5.143763;DESPEJADO;ESCOLAR;CURVA;INCLINADA;ASFALTADA;NULL;NULL;NULL;NULL;IMPRUDENCIA DEL CONDUCTOR;EXCESO DE VELOCIDAD;PE-5N;11/3/2024;-79.028584
A-2024-03-24;15:00.0;CHOQUE;1;0;2;CUSCO;CUSCO;CUSCO;RURAL;CARRETERA;NACIONAL;PE-3S;-13.50623;DESPEJADO;RURAL;CURVA;INCLINADA;ASFALTADA;NO;NULL;NULL;SI;IMPRUDENCIA DEL CONDUCTOR;CONDUCIR EN SENTIDO CONTRARIO;Cuzco;11/3/2024;-72.022167
A-2024-03-118;10:00.0;ATROPELLO;2;0;NULL;LIMA;LIMA;RIMAC;URBANA;AVENIDA;URBANO;NO CORRESPONDE;-12.014924;DESPEJADO;COMERCIAL;INTERSECCIÓN;PLANA ;ASFALTADA;NULL;NULL;NULL;NULL;IMPRUDENCIA DEL CONDUCTOR;EXCESO DE VELOCIDAD;Avenida Gerardo Unger;11/3/2024;-77.051896
A-2024-03-119;30:00.0;ATROPELLO;1;0;NULL;LIMA;LIMA;ANCON;RURAL;CARRETERA;NACIONAL;PE-1N;-11.727196;DESPEJADO;RURAL;TRAMO RECTO;PLANA ;ASFALTADA;NULL;NULL;NULL;NULL;EN PROCESO DE INVESTIGACIÓN;NO CUENTA CON CAUSA ESPECIFICA;Carretera Panamericana Norte;12/3/2024;-77.144874
A-2024-03-130;00:00.0;CHOQUE;1;0;NULL;LIMA;LIMA;LURIN;URBANA;CALLE;URBANO;NO CORRESPONDE;-12.228754;DESPEJADO;COMERCIAL;INTERSECCIÓN;PLANA ;ASFALTADA;NULL;NULL;NULL;NULL;EN PROCESO DE INVESTIGACIÓN;NO CUENTA CON CAUSA ESPECIFICA;Avenida Las Palmas;12/3/2024;-76.893427
A-2024-03-76;00:00.0;DESPISTE;4;2;1;AYACUCHO;VICTOR FAJARDO;SARHUA;RURAL;CARRETERA;NACIONAL;PE-30D;-13.701;DESPEJADO;RURAL;TRAMO RECTO;INCLINADA;ASFALTADA;NULL;NULL;NULL;NULL;IMPRUDENCIA DEL CONDUCTOR;CONDUCIR EN ESTADO DE EBRIEDAD Y/O DROGADICCIÓN;PE-30D;12/3/2024;-74.312
A-2024-03-96;20:00.0;CHOQUE;1;1;2;LIMA;HUARAL;SANTA CRUZ DE ANDAMARCA;RURAL;CARRETERA;NACIONAL;PE-20C;-11.157075;DESPEJADO;RURAL;CURVA;INCLINADA;CASCAJO/RIPIO;NULL;NULL;NULL;NULL;EN PROCESO DE INVESTIGACIÓN;NO CUENTA CON CAUSA ESPECIFICA;PE-20C;12/3/2024;-76.627241
A-2024-03-131;30:00.0;CHOQUE;1;2;NULL;LIMA;LIMA;PUEBLO LIBRE;URBANA;AVENIDA;URBANO;NO CORRESPONDE;-12.075698;DESPEJADO;COMERCIAL;INTERSECCIÓN;PLANA ;ASFALTADA;NO;NULL;NULL;SI;IMPRUDENCIA DEL CONDUCTOR;FATIGA Y/O CANSANCIO;Avenida Antonio José de Sucre;12/3/2024;-77.063607
A-2024-03-10;30:00.0;DESPISTE;2;4;1;AREQUIPA;CAYLLOMA;LLUTA;RURAL;CARRETERA;DEPARTAMENTAL;AR-109;-16.040663;SOLEADO;RURAL;TRAMO RECTO;PLANA ;TROCHA;NULL;NULL;NULL;NULL;EN PROCESO DE INVESTIGACIÓN;NO CUENTA CON CAUSA ESPECIFICA;Carretera Majes - Colca;12/3/2024;-72.143059
A-2024-03-72;30:00.0;ATROPELLO;1;0;NULL;AYACUCHO;PAUCAR DEL SARA SARA;PAUSA;URBANA;CARRETERA;DEPARTAMENTAL;AY-116;-15.278079;DESPEJADO;RESIDENCIAL;OTRO;PLANA ;TROCHA;NULL;NULL;NULL;NULL;IMPRUDENCIA DEL CONDUCTOR;OTRO (IMPRUDENCIA DEL CONDUCTOR);Avenida Nestor Castilla;12/3/2024;-73.347941
A-2024-03-13;00:00.0;CHOQUE;2;3;3;AREQUIPA;ISLAY;MOLLENDO;RURAL;CARRETERA;NACIONAL;PE-1S;-16.736004;DESPEJADO;RURAL;TRAMO RECTO;PLANA ;ASFALTADA;NO;NULL;NULL;SI;EN PROCESO DE INVESTIGACIÓN;NO CUENTA CON CAUSA ESPECIFICA;Carretera Panamericana Sur;12/3/2024;-71.870004
A-2024-03-3;20:00.0;ATROPELLO FUGA;1;0;NULL;PUNO;PUNO;PAUCARCOLLA;RURAL;CARRETERA;NACIONAL;PE-3S;-15.684618;DESPEJADO;RURAL;TRAMO RECTO;PLANA ;ASFALTADA;NULL;NULL;NULL;NULL;EN PROCESO DE INVESTIGACIÓN;NO CUENTA CON CAUSA ESPECIFICA;Carretera Longitudinal de la Sierra Sur;12/3/2024;-70.071434
A-2024-03-40;00:00.0;DESPISTE;1;0;1;CUSCO;PAUCARTAMBO;COLQUEPATA;RURAL;CARRETERA;PROVINCIAL;CU-973;-13.34184;SOLEADO;RURAL;CURVA;INCLINADA;ASFALTADA;NULL;NULL;NULL;NULL;IMPRUDENCIA DEL CONDUCTOR;EXCESO DE VELOCIDAD;CU-112;13/3/2024;-71.70344
A-2024-03-46;00:00.0;CHOQUE;1;0;2;TACNA;TACNA;SAMA;URBANA;CARRETERA;NACIONAL;PE-1SD;-18.11418;DESPEJADO;RESIDENCIAL;TRAMO RECTO;PLANA ;ASFALTADA;NULL;NULL;NULL;NULL;IMPRUDENCIA DEL CONDUCTOR;OTRO (IMPRUDENCIA DEL CONDUCTOR);Carretera Costanera Sur;13/3/2024;-70.72238
A-2024-03-120;25:00.0;ATROPELLO;1;0;NULL;LIMA;LIMA;LOS OLIVOS;URBANA;AVENIDA;URBANO;NO CORRESPONDE;-11.976025;DESPEJADO;COMERCIAL;TRAMO RECTO;PLANA ;ASFALTADA;NULL;NULL;NULL;NULL;EN PROCESO DE INVESTIGACIÓN;NO CUENTA CON CAUSA ESPECIFICA;Avenida Gerrado Unger;13/3/2024;-77.06038
A-2024-03-132;30:00.0;DESPISTE;1;0;NULL;LIMA;LIMA;LURIGANCHO;RURAL;AVENIDA;URBANO;NO CORRESPONDE;-11.996283;DESPEJADO;RURAL;TRAMO RECTO;PLANA ;ASFALTADA;NULL;NULL;NULL;NULL;IMPRUDENCIA DEL CONDUCTOR;GIRAR IMPRUDENTEMENTE;Lurigancho;14/3/2024;-76.913363
A-2024-03-32;30:00.0;ATROPELLO FUGA;1;0;0;CUSCO;URUBAMBA;OLLANTAYTAMBO;RURAL;CARRETERA;NACIONAL;PE-28B;-13.251391;DESPEJADO;RURAL;TRAMO RECTO;PLANA ;ASFALTADA;NO;NULL;NULL;SI;IMPRUDENCIA DEL CONDUCTOR;EXCESO DE VELOCIDAD;PE-28B;14/3/2024;-72.276236
A-2024-03-134;40:00.0;CHOQUE;1;3;NULL;LIMA;LIMA;ANCON;URBANA;CARRETERA;NACIONAL;PE-1N;-11.766331;DESPEJADO;INDUSTRIAL;TRAMO RECTO;PLANA ;ASFALTADA;NULL;NULL;NULL;NULL;IMPRUDENCIA DEL CONDUCTOR;INVASIÓN DE CARRIL;Carretera Panamericana Norte;14/3/2024;-77.158654
A-2024-03-79;45:00.0;ATROPELLO FUGA;1;0;NULL;ICA;ICA;PARCONA;URBANA;CALLE;URBANO;NO CORRESPONDE;-14.050487;DESPEJADO;RESIDENCIAL;INTERSECCIÓN;PLANA ;ASFALTADA;NULL;NULL;NULL;NULL;EN PROCESO DE INVESTIGACIÓN;NO CUENTA CON CAUSA ESPECIFICA;Parcona;15/3/2024;-75.704347
A-2024-03-80;45:00.0;ATROPELLO FUGA;1;0;NULL;ICA;ICA;PARCONA;URBANA;AVENIDA;URBANO;NO CORRESPONDE;-14.058877;DESPEJADO;COMERCIAL;TRAMO RECTO;PLANA ;ASFALTADA;NULL;NULL;NULL;NULL;EN PROCESO DE INVESTIGACIÓN;NO CUENTA CON CAUSA ESPECIFICA;Avenida 7;15/3/2024;-75.722746
A-2024-03-81;45:00.0;ESPECIAL;1;0;NULL;ICA;NASCA;NASCA;URBANA;CARRETERA;NACIONAL;PE-1S;-14.837916;DESPEJADO;RESIDENCIAL;TRAMO RECTO;PLANA ;ASFALTADA;NULL;NULL;NULL;NULL;EN PROCESO DE INVESTIGACIÓN;NO CUENTA CON CAUSA ESPECIFICA;Carretera Panamericana Sur;15/3/2024;-74.942439
A-2024-03-107;10:00.0;CHOQUE;2;0;2;CAJAMARCA;HUALGAYOC;BAMBAMARCA;RURAL;CARRETERA;NACIONAL;PE-3N;-6.683483;DESPEJADO;RURAL;CURVA;INCLINADA;ASFALTADA;SI;PREVENTIVA (P);NULL;SI;IMPRUDENCIA DEL CONDUCTOR;OTRO (IMPRUDENCIA DEL CONDUCTOR);Carretera Longitudinal de la Sierra Norte;15/3/2024;-78.530502
A-2024-03-121;55:00.0;ATROPELLO;1;0;NULL;LIMA;LIMA;SAN MARTIN DE PORRES;URBANA;AVENIDA;URBANO;NO CORRESPONDE;-11.989936;DESPEJADO;COMERCIAL;TRAMO RECTO;PLANA ;ASFALTADA;NULL;NULL;NULL;NULL;IMPRUDENCIA DEL PEATÓN;ESTADO DE EBRIEDAD Y/O DROGADICCIÓN;Avenida Canta Callao;15/3/2024;-77.106501
A-2024-03-67;30:00.0;CHOQUE;1;0;NULL;JUNIN;YAULI;LA OROYA;RURAL;CARRETERA;NACIONAL;PE-3S;-11.612072;LLUVIOSO;RURAL;TRAMO RECTO;PLANA ;ASFALTADA;NO;NULL;NULL;SI;IMPRUDENCIA DEL CONDUCTOR;INVASIÓN DE CARRIL;Carretera Longitudinal de la Sierra Sur;16/3/2024;-75.842571
A-2024-03-18;30:00.0;CHOQUE CON OBJETO FIJO;1;1;1;APURIMAC;CHINCHEROS;ANCO_HUALLO;URBANA;AVENIDA;URBANO;NO CORRESPONDE;-13.523365;LLUVIOSO;COMERCIAL;CURVA;INCLINADA;AFIRMADO;NULL;NULL;NULL;NULL;IMPRUDENCIA DEL CONDUCTOR;EXCESO DE VELOCIDAD;Chuparo;17/3/2024;-73.684176
A-2024-03-14;00:00.0;CHOQUE;1;0;2;AREQUIPA;ISLAY;PUNTA DE BOMBON;URBANA;CARRETERA;NACIONAL;PE-1SD;-17.147878;DESPEJADO;RESIDENCIAL;CURVA;INCLINADA;ASFALTADA;NO;NULL;NULL;SI;EN PROCESO DE INVESTIGACIÓN;NO CUENTA CON CAUSA ESPECIFICA;La Pampilla;17/3/2024;-71.784527
A-2024-03-7;40:00.0;CHOQUE;6;3;2;LIMA;HUAURA;HUACHO;RURAL;CARRETERA;NACIONAL;PE-1N;-11.1323;DESPEJADO;RURAL;TRAMO RECTO;INCLINADA;ASFALTADA;NULL;NULL;NULL;NULL;IMPRUDENCIA DEL CONDUCTOR;EXCESO DE VELOCIDAD;Carretera Panamericana Norte;17/3/2024;-77.5959
A-2024-03-122;50:00.0;ATROPELLO;1;0;NULL;LIMA;LIMA;VILLA EL SALVADOR;URBANA;AVENIDA;URBANO;NO CORRESPONDE;-12.235894;DESPEJADO;COMERCIAL;INTERSECCIÓN;PLANA ;ASFALTADA;NULL;NULL;NULL;NULL;EN PROCESO DE INVESTIGACIÓN;NO CUENTA CON CAUSA ESPECIFICA;Avenida Separadora Industrial;17/3/2024;-76.916038
A-2024-03-137;20:00.0;CHOQUE;1;1;NULL;LIMA;LIMA;SAN JUAN DE LURIGANCHO;URBANA;AVENIDA;URBANO;NO CORRESPONDE;-12.020248;DESPEJADO;RESIDENCIAL;TRAMO RECTO;PLANA ;ASFALTADA;NULL;NULL;NULL;NULL;IMPRUDENCIA DEL CONDUCTOR;NO ESTABLECER EL DERECHO DE PASO;Los Eleboros;17/3/2024;-77.005124
A-2024-03-26;00:00.0;ATROPELLO;1;0;1;CUSCO;CANAS;PAMPAMARCA;RURAL;CARRETERA;NACIONAL;PE-34F;-14.180895;DESPEJADO;RURAL;TRAMO RECTO;PLANA ;ASFALTADA;SI;REGULADORA (R);REGULADORA (R);NO;IMPRUDENCIA DEL CONDUCTOR;EXCESO DE VELOCIDAD;PE-34F;17/3/2024;-71.445859
A-2024-03-11;45:00.0;DESPISTE;1;0;1;PUNO;CHUCUITO;POMATA;RURAL;CARRETERA;DEPARTAMENTAL;PU-150;-16.399664;DESPEJADO;RURAL;TRAMO RECTO;PLANA ;TROCHA;NULL;NULL;NULL;NULL;IMPRUDENCIA DEL CONDUCTOR;OTRO (IMPRUDENCIA DEL CONDUCTOR);PU-150;18/3/2024;-69.27306
A-2024-03-53;35:00.0;DESPISTE;1;0;1;LA LIBERTAD;SANCHEZ CARRION;HUAMACHUCO;RURAL;CALLE;URBANO;NO CORRESPONDE;-7.811763;DESPEJADO;RURAL;TRAMO RECTO;PLANA ;TROCHA;NULL;NULL;NULL;NULL;EN PROCESO DE INVESTIGACIÓN;NO CUENTA CON CAUSA ESPECIFICA;Huamachuco;18/3/2024;-78.030427
A-2024-03-133;10:00.0;DESPISTE;1;0;NULL;LIMA;LIMA;LURIGANCHO;RURAL;AVENIDA;URBANO;NO CORRESPONDE;-11.978838;DESPEJADO;RURAL;TRAMO RECTO;PLANA ;ASFALTADA;NULL;NULL;NULL;NULL;IMPRUDENCIA DEL CONDUCTOR;CONDUCIR EN ESTADO DE EBRIEDAD Y/O DROGADICCIÓN;San Antonio;18/3/2024;-76.927258