CÓDIGO SINIESTRO;HORA SINIESTRO;CLASE SINIESTRO;CANTIDAD DE FALLECIDOS;CANTIDAD DE LESIONADOS;CANTIDAD DE VEHICULOS DAÑADOS;DEPARTAMENTO;PROVINCIA;DISTRITO;ZONA;TIPO DE VÍA;RED VIAL;COD CARRETERA;COORDENADAS LATITUD;CONDICIÓN CLIMÁTICA;ZONIFICACIÓN;CARACTERÍSTICAS DE VÍA;PERFIL LONGITUDINAL VÍA;SUPERFICIE DE CALZADA;¿EXISTE SEÑAL VERTICAL?;CLASIFICACIÓN DE LA SEÑAL VERTICAL Nº 1;CLASIFICACIÓN DE LA SEÑAL VERTICAL Nº 2;¿EXISTE SEÑAL HORIZONTAL?;CAUSA FACTOR PRINCIPAL;CAUSA ESPECÍFICA;UBICACION;FECHA SINIESTRO;COORDENADAS LONGITUD
A-2024-03-135;50:00.0;VOLCADURA;1;0;NULL;LIMA;LIMA;SAN JUAN DE MIRAFLORES;URBANA;AVENIDA;URBANO;NO CORRESPONDE;-12.162988;DESPEJADO;RESIDENCIAL;INTERSECCIÓN;PLANA ;ASFALTADA;NULL;NULL;NULL;NULL;EN PROCESO DE INVESTIGACIÓN;NO CUENTA CON CAUSA ESPECIFICA;Avenida César Canevaro;18/3/2024;-76.968997
A-2024-03-136;10:00.0;DESPISTE;1;0;NULL;LIMA;LIMA;COMAS;URBANA;AVENIDA;URBANO;NO CORRESPONDE;-11.930071;DESPEJADO;RESIDENCIAL;INTERSECCIÓN;PLANA ;ASFALTADA;NULL;NULL;NULL;NULL;IMPRUDENCIA DEL CONDUCTOR;NO ESTABLECER EL DERECHO DE PASO;Avenida Chillón Trapiche;18/3/2024;-77.069535
A-2024-03-25;00:00.0;ATROPELLO;1;0;1;CUSCO;LA CONVENCION;SANTA ANA;RURAL;CARRETERA;NACIONAL;PE-28B;-12.877701;SOLEADO;RURAL;TRAMO RECTO;PLANA ;ASFALTADA;NULL;NULL;NULL;NULL;IMPRUDENCIA DEL PEATÓN;OTRO (IMPRUDENCIA DEL PEATÓN);Avenida Édgar de la Torre;18/3/2024;-72.691292
A-2024-03-98;00:00.0;CHOQUE;1;1;2;AMAZONAS;UTCUBAMBA;BAGUA GRANDE;RURAL;CARRETERA;NACIONAL;PE-5N;-5.797684;DESPEJADO;RURAL;TRAMO RECTO;PLANA ;ASFALTADA;NULL;NULL;NULL;NULL;IMPRUDENCIA DEL CONDUCTOR;CONDUCIR EN ESTADO DE EBRIEDAD Y/O DROGADICCIÓN;Carretera Presidente Fernando Belaúnde Terry;18/3/2024;-78.332197
A-2024-03-27;30:00.0;CHOQUE;1;0;2;CUSCO;ESPINAR;CONDOROMA;RURAL;CARRETERA;NACIONAL;PE-34J;-15.323607;DESPEJADO;RURAL;TRAMO RECTO;PLANA ;ASFALTADA;NO;NULL;NULL;SI;IMPRUDENCIA DEL CONDUCTOR;GIRAR IMPRUDENTEMENTE;Carretera Oscollo - Condoroma;19/3/2024;-71.124161
A-2024-03-56;25:00.0;DESPISTE;1;1;NULL;PIURA;SECHURA;SECHURA;RURAL;CARRETERA;NACIONAL;PE-04;-5.895401;DESPEJADO;RURAL;TRAMO RECTO;PLANA ;ASFALTADA;NULL;NULL;NULL;NULL;EN PROCESO DE INVESTIGACIÓN;NO CUENTA CON CAUSA ESPECIFICA;Antigua Carretera Panamericana Norte;19/3/2024;-80.897005
A-2024-03-15;45:00.0;CHOQUE FUGA;1;1;3;AREQUIPA;AREQUIPA;SAN JUAN DE TARUCANI;RURAL;CARRETERA;NACIONAL;PE-34A;-16.02783;LLUVIOSO;RURAL;CURVA;INCLINADA;ASFALTADA;NO;NULL;NULL;SI;EN PROCESO DE INVESTIGACIÓN;NO CUENTA CON CAUSA ESPECIFICA;Vía Interoceánica Sur - Tramo 5;19/3/2024;-71.280901
A-2024-03-16;30:00.0;CAÍDA DE PASAJERO;1;0;NULL;AREQUIPA;AREQUIPA;CHARACATO;URBANA;AVENIDA;URBANO;NO CORRESPONDE;-16.475883;DESPEJADO;RESIDENCIAL;CURVA;PLANA ;ASFALTADA;NULL;NULL;NULL;NULL;EN PROCESO DE INVESTIGACIÓN;NO CUENTA CON CAUSA ESPECIFICA;Characato;20/3/2024;-71.485256
A-2024-03-20;05:00.0;CHOQUE;1;0;2;PUNO;EL COLLAO;ILAVE;URBANA;AVENIDA;URBANO;NO CORRESPONDE;-16.083489;DESPEJADO;COMERCIAL;INTERSECCIÓN;PLANA ;ASFALTADA;NULL;NULL;NULL;NULL;IMPRUDENCIA DEL CONDUCTOR;EXCESO DE VELOCIDAD;Ilave;20/3/2024;-69.635469
A-2024-03-109;00:00.0;CHOQUE;1;0;2;CAJAMARCA;JAEN;JAEN;RURAL;CARRETERA;NACIONAL;PE-04C;-5.878931;DESPEJADO;RURAL;CURVA;PLANA ;ASFALTADA;NULL;NULL;NULL;NULL;IMPRUDENCIA DEL CONDUCTOR;EXCESO DE VELOCIDAD;Carretera Presidente Fernando Belaúnde Terry;21/3/2024;-78.808966
A-2024-03-70;10:00.0;ATROPELLO;1;0;NULL;AYACUCHO;HUAMANGA;AYACUCHO;URBANA;OTRO;URBANO;NO CORRESPONDE;-13.134532;DESPEJADO;RESIDENCIAL;ÓVALO;PLANA ;ASFALTADA;NULL;NULL;NULL;NULL;IMPRUDENCIA DEL CONDUCTOR;OTRO (IMPRUDENCIA DEL CONDUCTOR);Vía de Evitamiento;21/3/2024;-74.229607
A-2024-03-89;55:00.0;DESPISTE;2;1;NULL;JUNIN;YAULI;YAULI;RURAL;CARRETERA;NACIONAL;PE-22;-11.624472;DESPEJADO;RURAL;CURVA;PLANA ;ASFALTADA;SI;REGULADORA (R);NULL;SI;IMPRUDENCIA DEL CONDUCTOR;OTRO (IMPRUDENCIA DEL CONDUCTOR);Carretera Central;21/3/2024;-75.999669
A-2024-03-123;45:00.0;ATROPELLO FUGA;1;0;NULL;LIMA;LIMA;LIMA;URBANA;AVENIDA;URBANO;NO CORRESPONDE;-12.044729;DESPEJADO;COMERCIAL;INTERSECCIÓN;PLANA ;ASFALTADA;NULL;NULL;NULL;NULL;EN PROCESO DE INVESTIGACIÓN;NO CUENTA CON CAUSA ESPECIFICA;Jirón Huánuco;22/3/2024;-77.01944
A-2024-03-138;00:00.0;CAÍDA DE PASAJERO;1;0;NULL;LIMA;CAÑETE;CHILCA;RURAL;CARRETERA;NACIONAL;PE-1S;-12.502039;DESPEJADO;INDUSTRIAL;TRAMO RECTO;PLANA ;ASFALTADA;NULL;NULL;NULL;NULL;IMPRUDENCIA DEL CONDUCTOR;CONDUCIR EN ESTADO DE EBRIEDAD Y/O DROGADICCIÓN;Carretera Panamericana Sur;22/3/2024;-76.74102
A-2024-03-68;03:00.0;DESPISTE;1;0;NULL;JUNIN;JAUJA;CURICACA;RURAL;CARRETERA;NACIONAL;PE-3S;-11.800147;DESPEJADO;RURAL;CURVA;PLANA ;ASFALTADA;NULL;NULL;NULL;NULL;IMPRUDENCIA DEL CONDUCTOR;OTRO (IMPRUDENCIA DEL CONDUCTOR);Carretera Longitudinal de la Sierra Sur;22/3/2024;-75.653837
A-2024-03-62;20:00.0;DESPISTE;1;1;1;HUANCAVELICA;CHURCAMPA;ANCO;RURAL;CARRETERA;DEPARTAMENTAL;HV-103;-12.669507;SOLEADO;RURAL;TRAMO RECTO;PLANA ;ASFALTADA;NULL;NULL;NULL;NULL;EN PROCESO DE INVESTIGACIÓN;NO CUENTA CON CAUSA ESPECIFICA;HV-103;22/3/2024;-74.570243
A-2024-03-22;30:00.0;DESPISTE;1;3;1;AREQUIPA;CAYLLOMA;CALLALLI;RURAL;CARRETERA;NACIONAL;PE-34J;-15.501363;NUBLADO;RURAL;TRAMO RECTO;PLANA ;ASFALTADA;NO;NULL;NULL;SI;EN PROCESO DE INVESTIGACIÓN;NO CUENTA CON CAUSA ESPECIFICA;Carretera Morocaque - Oscollo;22/3/2024;-71.059743
A-2024-03-17;20:00.0;ATROPELLO;1;0;1;AREQUIPA;AREQUIPA;LA JOYA;URBANA;CARRETERA;NACIONAL;PE-1S;-16.518255;DESPEJADO;COMERCIAL;TRAMO RECTO;PLANA ;ASFALTADA;NO;NULL;NULL;SI;EN PROCESO DE INVESTIGACIÓN;NO CUENTA CON CAUSA ESPECIFICA;Carretera Panamericana Sur;22/3/2024;-71.799233
A-2024-03-19;00:00.0;CHOQUE;1;0;2;LIMA;HUAURA;VEGUETA;RURAL;CARRETERA;NACIONAL;PE-1N;-11.026639;DESPEJADO;RURAL;TRAMO RECTO;PLANA ;ASFALTADA;SI;REGULADORA (R);REGULADORA (R);NO;IMPRUDENCIA DEL CONDUCTOR;NO ESTABLECER EL DERECHO DE PASO;Carretera Panamericana Norte;22/3/2024;-77.594365
A-2024-03-139;40:00.0;DESPISTE;1;0;NULL;LIMA;LIMA;LINCE;URBANA;VIA EXPRESA;URBANO;NO CORRESPONDE;-12.079679;DESPEJADO;COMERCIAL;TRAMO RECTO;PLANA ;ASFALTADA;NULL;NULL;NULL;NULL;IMPRUDENCIA DEL CONDUCTOR;EXCESO DE VELOCIDAD;Vía Expresa Luis Fernán Bedoya Reyes;23/3/2024;-77.027835
A-2024-03-21;40:00.0;CHOQUE;1;0;2;PUNO;YUNGUYO;YUNGUYO;RURAL;CARRETERA;DEPARTAMENTAL;PU-130;-16.264004;DESPEJADO;RURAL;TRAMO RECTO;PLANA ;ASFALTADA;NULL;NULL;NULL;NULL;IMPRUDENCIA DEL CONDUCTOR;GIRAR IMPRUDENTEMENTE;PU-130;23/3/2024;-69.165169
A-2024-03-90;40:00.0;DESPISTE;2;1;NULL;JUNIN;YAULI;YAULI;RURAL;CARRETERA;NACIONAL;PE-22;-11.608938;NULL;NULL;NULL;NULL;NULL;NULL;NULL;NULL;NULL;EN PROCESO DE INVESTIGACIÓN;NO CUENTA CON CAUSA ESPECIFICA;Carretera Central;23/3/2024;-76.036395
A-2022-03-275;30:00.0;ATROPELLO;1;0;NULL;LIMA;LIMA;EL AGUSTINO;URBANA;CARRETERA;NACIONAL;PE-22;-12.031884;NULL;NULL;NULL;NULL;NULL;NULL;NULL;NULL;NULL;EN PROCESO DE INVESTIGACIÓN;NO CUENTA CON CAUSA ESPECIFICA;Autopista Ramiro Prialé;27/3/2022;-76.988024
A-2022-03-121;00:00.0;DESPISTE;1;0;1;HUANCAVELICA;HUAYTARA;HUAYTARA;RURAL;CARRETERA;NACIONAL;PE-28A;-13.598955;NUBLADO;RURAL;TRAMO RECTO;PLANA ;ASFALTADA;NULL;NULL;NULL;NULL;EN PROCESO DE INVESTIGACIÓN;NO CUENTA CON CAUSA ESPECIFICA;Vía de los Libertadores;27/3/2022;-75.362833
A-2022-03-279;00:00.0;CHOQUE FUGA;1;0;1;PIURA;PAITA;AMOTAPE;RURAL;CARRETERA;DEPARTAMENTAL;PI-101;-4.869925;DESPEJADO;RURAL;CURVA;INCLINADA;ASFALTADA;NULL;NULL;NULL;NULL;EN PROCESO DE INVESTIGACIÓN;NO CUENTA CON CAUSA ESPECIFICA;Carretera Costanera II;27/3/2022;-81.015818
A-2022-03-281;30:00.0;DESPISTE;1;0;1;PIURA;TALARA;EL ALTO;RURAL;CARRETERA;NACIONAL;PE-1N;-4.232035;DESPEJADO;RURAL;CURVA;INCLINADA;ASFALTADA;SI;REGULADORA (R);NULL;NO;IMPRUDENCIA DEL CONDUCTOR;OTRO (IMPRUDENCIA DEL CONDUCTOR);Carretera Panamericana Norte;27/3/2022;-81.174309
A-2022-03-203;45:00.0;CHOQUE;1;1;2;LIMA;HUARAL;AUCALLAMA;URBANA;CARRETERA;NACIONAL;PE-1N;-11.613401;DESPEJADO;RESIDENCIAL;INTERSECCIÓN;PLANA ;ASFALTADA;SI;REGULADORA (R);NULL;NO;IMPRUDENCIA DEL CONDUCTOR;CONDUCIR EN ESTADO DE EBRIEDAD Y/O DROGADICCIÓN;Carretera Panamericana Norte;27/3/2022;-77.231097
A-2022-03-197;00:00.0;ATROPELLO;1;1;1;CUSCO;CANCHIS;SAN PEDRO;RURAL;CARRETERA;NACIONAL;PE-3S;-14.19004;LLUVIOSO;RURAL;TRAMO RECTO;PLANA ;ASFALTADA;NULL;NULL;NULL;NULL;IMPRUDENCIA DEL PEATÓN;ESTADO DE EBRIEDAD Y/O DROGADICCIÓN;Carretera Longitudinal de la Sierra Sur;27/3/2022;-71.33704
A-2022-03-272;20:00.0;DESPISTE;1;0;1;PIURA;PAITA;LA HUACA;RURAL;CARRETERA;DEPARTAMENTAL;PI-102;-4.916601;DESPEJADO;RURAL;TRAMO RECTO;PLANA ;ASFALTADA;SI;PREVENTIVA (P);NULL;SI;IMPRUDENCIA DEL CONDUCTOR;INVASIÓN DE CARRIL;Carretera Paita - Sullana;27/3/2022;-80.902347
A-2022-03-276;00:00.0;DESPISTE;1;1;NULL;LIMA;LIMA;MIRAFLORES;URBANA;OTRO;URBANO;NO CORRESPONDE;-12.113504;NULL;NULL;NULL;NULL;NULL;NULL;NULL;NULL;NULL;EN PROCESO DE INVESTIGACIÓN;NO CUENTA CON CAUSA ESPECIFICA;Circuito de Playas;28/3/2022;-77.051017
A-2022-03-145;00:00.0;DESPISTE;1;6;1;ANCASH;CORONGO;CUSCA;RURAL;CARRETERA;NACIONAL;PE-12A;-8.597491;LLUVIOSO;RURAL;CURVA;PLANA ;ASFALTADA;NULL;NULL;NULL;NULL;EN PROCESO DE INVESTIGACIÓN;NO CUENTA CON CAUSA ESPECIFICA;PE-12A;28/3/2022;-77.767357
A-2022-03-268;00:00.0;VOLCADURA;1;0;NULL;MADRE DE DIOS;TAMBOPATA;LAS PIEDRAS;RURAL;CARRETERA;NACIONAL;PE-30C;-12.542111;DESPEJADO;RURAL;TRAMO RECTO;PLANA ;ASFALTADA;NULL;NULL;NULL;NULL;EN PROCESO DE INVESTIGACIÓN;NO CUENTA CON CAUSA ESPECIFICA;Transoceánica;29/3/2022;-69.142949
A-2022-03-200;30:00.0;CHOQUE;1;0;1;CUSCO;LA CONVENCION;SANTA ANA;URBANA;CARRETERA;NACIONAL;PE-28B;-12.865909;DESPEJADO;RESIDENCIAL;TRAMO RECTO;PLANA ;CONCRETO;NULL;NULL;NULL;NULL;IMPRUDENCIA DEL CONDUCTOR;CONDUCIR EN ESTADO DE EBRIEDAD Y/O DROGADICCIÓN;Avenida Francisco Bolognesi;29/3/2022;-72.693547
A-2022-03-120;00:00.0;DESPISTE;2;2;1;LA LIBERTAD;VIRU;GUADALUPITO;RURAL;CARRETERA;NACIONAL;PE-1N;-8.928619;DESPEJADO;RURAL;TRAMO RECTO;PLANA ;ASFALTADA;NULL;NULL;NULL;NULL;IMPRUDENCIA DEL CONDUCTOR;OTRO (IMPRUDENCIA DEL CONDUCTOR);Panamericana Norte;29/3/2022;-78.635569
A-2022-03-282;00:00.0;CHOQUE;1;0;2;PIURA;SULLANA;SULLANA;URBANA;CARRETERA;NACIONAL;PE-1NL;-4.913389;DESPEJADO;RURAL;INTERSECCIÓN;PLANA ;ASFALTADA;NULL;NULL;NULL;NULL;IMPRUDENCIA DEL CONDUCTOR;NO DAR PASO PREFERENTE AL PEATÓN;Vía Periférica Sur;29/3/2022;-80.672157
A-2022-03-187;40:00.0;CHOQUE;1;0;2;LAMBAYEQUE;LAMBAYEQUE;OLMOS;URBANA;CARRETERA;NACIONAL;PE-1NJ;-5.988544;SOLEADO;COMERCIAL;TRAMO RECTO;PLANA ;ASFALTADA;NULL;NULL;NULL;NULL;EN PROCESO DE INVESTIGACIÓN;NO CUENTA CON CAUSA ESPECIFICA;Carretera Interoceánica Norte;29/3/2022;-79.737082
A-2022-03-127;00:00.0;CHOQUE;2;0;2;ICA;NASCA;NASCA;URBANA;CARRETERA;NACIONAL;PE-1S;-14.82183;DESPEJADO;RESIDENCIAL;TRAMO RECTO;PLANA ;ASFALTADA;NULL;NULL;NULL;NULL;EN PROCESO DE INVESTIGACIÓN;NO CUENTA CON CAUSA ESPECIFICA;Carretera Panamericana Sur;29/3/2022;-74.965426
A-2022-03-188;00:00.0;CHOQUE;1;1;NULL;LAMBAYEQUE;LAMBAYEQUE;OLMOS;URBANA;CARRETERA;SIN CLASIFICAR;SIN CLASIFICAR;-6.195028;DESPEJADO;RURAL;INTERSECCIÓN;PLANA ;AFIRMADO;NO;NULL;NULL;NO;EN PROCESO DE INVESTIGACIÓN;NO CUENTA CON CAUSA ESPECIFICA;Olmos;30/3/2022;-79.991647
A-2022-03-186;30:00.0;ATROPELLO FUGA;1;0;NULL;LAMBAYEQUE;CHICLAYO;LAGUNAS;RURAL;CARRETERA;NACIONAL;PE-1NI;-6.960556;DESPEJADO;RURAL;TRAMO RECTO;PLANA ;ASFALTADA;NULL;NULL;NULL;NULL;EN PROCESO DE INVESTIGACIÓN;NO CUENTA CON CAUSA ESPECIFICA;PE-1NI;30/3/2022;-79.632941
A-2022-03-130;20:00.0;VOLCADURA;1;3;1;AREQUIPA;AREQUIPA;SAN JUAN DE TARUCANI;RURAL;CARRETERA;NACIONAL;PE-34A;-16.040969;DESPEJADO;RURAL;TRAMO RECTO;PLANA ;ASFALTADA;NO;NULL;NULL;SI;EN PROCESO DE INVESTIGACIÓN;NO CUENTA CON CAUSA ESPECIFICA;Vía Interoceánica Sur - Tramo 5;31/3/2022;-71.306209
A-2022-03-177;30:00.0;DESPISTE;1;4;1;CAJAMARCA;JAEN;BELLAVISTA;RURAL;CARRETERA;NACIONAL;PE-5N;-5.543152;DESPEJADO;RURAL;CURVA;INCLINADA;ASFALTADA;NULL;NULL;NULL;NULL;EN PROCESO DE INVESTIGACIÓN;NO CUENTA CON CAUSA ESPECIFICA;PE-5N;31/3/2022;-78.812933
A-2022-03-136;10:00.0;CHOQUE;1;0;2;ICA;ICA;SANTIAGO;RURAL;CARRETERA;NACIONAL;PE-1S;-14.338981;DESPEJADO;RURAL;TRAMO RECTO;PLANA ;ASFALTADA;NULL;NULL;NULL;NULL;EN PROCESO DE INVESTIGACIÓN;NO CUENTA CON CAUSA ESPECIFICA;Carretera Panamericana Sur;31/3/2022;-75.657434
A-2022-03-149;20:00.0;CHOQUE;1;0;2;PUNO;SAN ROMAN;SAN MIGUEL;RURAL;CARRETERA;NACIONAL;PE-3S;-15.39074;DESPEJADO;RURAL;TRAMO RECTO;PLANA ;ASFALTADA;NULL;NULL;NULL;NULL;IMPRUDENCIA DEL CONDUCTOR;CONDUCIR EN SENTIDO CONTRARIO;Carretera Longitudinal de la Sierra Sur;31/3/2022;-70.157348
A-2022-04-1;00:00.0;DESPISTE;1;1;1;AREQUIPA;AREQUIPA;YURA;RURAL;CARRETERA;DEPARTAMENTAL;AR-123;-16.370588;DESPEJADO;RURAL;TRAMO RECTO;PLANA ;ASFALTADA;NO;NULL;NULL;SI;EN PROCESO DE INVESTIGACIÓN;NO CUENTA CON CAUSA ESPECIFICA;Autopista La Joya - Arequipa;1/4/2022;-71.64909
A-2022-04-18;00:00.0;DESPISTE;1;0;1;ICA;ICA;LA TINGUIÑA;URBANA;CARRETERA;PROVINCIAL;IC-651;-14.037686;DESPEJADO;RESIDENCIAL;CURVA;PLANA ;ASFALTADA;NULL;NULL;NULL;NULL;EN PROCESO DE INVESTIGACIÓN;NO CUENTA CON CAUSA ESPECIFICA;Avenida Los Próceres;1/4/2022;-75.699417
A-2022-04-185;30:00.0;CHOQUE;1;1;2;PASCO;PASCO;YANACANCHA;URBANA;CARRETERA;NACIONAL;PE-3N;-10.631896;LLUVIOSO;RURAL;CURVA;INCLINADA;ASFALTADA;SI;REGULADORA (R);NULL;SI;IMPRUDENCIA DEL CONDUCTOR;CONDUCIR EN SENTIDO CONTRARIO;Carretera Longitudinal de la Sierra Norte;1/4/2022;-76.175756
A-2022-04-219;10:00.0;VOLCADURA;1;1;2;HUANUCO;HUANUCO;CHINCHAO;RURAL;CARRETERA;NACIONAL;PE-18A;-9.627556;DESPEJADO;RURAL;CURVA;PLANA ;ASFALTADA;NULL;NULL;NULL;NULL;IMPRUDENCIA DEL CONDUCTOR;EXCESO DE VELOCIDAD;Carretera Central;1/4/2022;-76.064694
A-2022-04-92;00:00.0;CHOQUE;2;0;2;LAMBAYEQUE;CHICLAYO;LA VICTORIA;RURAL;CARRETERA;NACIONAL;PE-1N;-6.831415;DESPEJADO;RURAL;TRAMO RECTO;PLANA ;ASFALTADA;NULL;NULL;NULL;NULL;EN PROCESO DE INVESTIGACIÓN;NO CUENTA CON CAUSA ESPECIFICA;Panamericana Norte;1/4/2022;-79.829203
A-2022-04-214;00:00.0;ATROPELLO FUGA;1;0;NULL;LIMA;LIMA;COMAS;URBANA;AVENIDA;URBANO;NO CORRESPONDE;-11.930408;NULL;NULL;NULL;NULL;NULL;NULL;NULL;NULL;NULL;EN PROCESO DE INVESTIGACIÓN;NO CUENTA CON CAUSA ESPECIFICA;Jirón Garcilaso de la Vega;1/4/2022;-77.053074
A-2022-04-135;00:00.0;DESPISTE;1;0;1;CUSCO;ESPINAR;PICHIGUA;RURAL;CARRETERA;NACIONAL;PE-34F;-14.702299;DESPEJADO;RURAL;CURVA;PLANA ;ASFALTADA;SI;REGULADORA (R);REGULADORA (R);SI;IMPRUDENCIA DEL CONDUCTOR;EXCESO DE VELOCIDAD;Pichigua;1/4/2022;-71.29476
A-2022-04-68;00:00.0;ATROPELLO;1;0;NULL;ICA;ICA;SALAS;URBANA;CALLE;URBANO;NO CORRESPONDE;-13.929423;DESPEJADO;RESIDENCIAL;TRAMO RECTO;PLANA ;TROCHA;NULL;NULL;NULL;NULL;EN PROCESO DE INVESTIGACIÓN;NO CUENTA CON CAUSA ESPECIFICA;Santa Cruz de Villacurí;1/4/2022;-75.920361
A-2022-04-195;00:00.0;CHOQUE;1;0;NULL;LIMA;LIMA;SAN JUAN DE LURIGANCHO;URBANA;AVENIDA;URBANO;NO CORRESPONDE;-11.980691;NULL;NULL;NULL;NULL;NULL;NULL;NULL;NULL;NULL;EN PROCESO DE INVESTIGACIÓN;NO CUENTA CON CAUSA ESPECIFICA;Avenida Canto Grande;2/4/2022;-77.012155
A-2022-04-186;00:00.0;DESPISTE;1;0;1;PASCO;PASCO;PAUCARTAMBO;RURAL;CARRETERA;DEPARTAMENTAL;PA-107;-10.768506;LLUVIOSO;RURAL;CURVA;INCLINADA;TROCHA;NULL;NULL;NULL;NULL;IMPRUDENCIA DEL CONDUCTOR;EXCESO DE VELOCIDAD;PA-107;2/4/2022;-75.802063
A-2022-04-191;00:00.0;CHOQUE;1;0;NULL;LIMA;LIMA;INDEPENDENCIA;URBANA;AVENIDA;URBANO;NO CORRESPONDE;-11.987808;NULL;NULL;NULL;NULL;NULL;NULL;NULL;NULL;NULL;EN PROCESO DE INVESTIGACIÓN;NO CUENTA CON CAUSA ESPECIFICA;Los Aravicus;2/4/2022;-77.057118
A-2022-04-56;30:00.0;DESPISTE;1;1;1;LA LIBERTAD;PACASMAYO;SAN PEDRO DE LLOC;RURAL;CARRETERA;NACIONAL;PE-1N;-7.535771;DESPEJADO;RURAL;TRAMO RECTO;PLANA ;ASFALTADA;NULL;NULL;NULL;NULL;IMPRUDENCIA DEL CONDUCTOR;OTRO (IMPRUDENCIA DEL CONDUCTOR);Carretera Panamericana Norte;2/4/2022;-79.391251
A-2022-04-213;00:00.0;DESPISTE;2;8;1;JUNIN;HUANCAYO;COLCA;RURAL;CARRETERA;SIN CLASIFICAR;SIN CLASIFICAR;-12.2775;DESPEJADO;RURAL;TRAMO RECTO;INCLINADA;TROCHA;NULL;NULL;NULL;NULL;IMPRUDENCIA DEL CONDUCTOR;EXCESO DE VELOCIDAD;Colca;2/4/2022;-75.188855
A-2022-04-14;15:00.0;ATROPELLO FUGA;1;1;1;APURIMAC;ANDAHUAYLAS;JOSE MARIA ARGUEDAS;URBANA;AVENIDA;URBANO;NO CORRESPONDE;-13.731096;LLUVIOSO;RURAL;TRAMO RECTO;PLANA ;ASFALTADA;NULL;NULL;NULL;NULL;IMPRUDENCIA DEL CONDUCTOR;EXCESO DE VELOCIDAD;Avenida Orillas;2/4/2022;-73.351445
A-2022-04-12;30:00.0;CHOQUE;1;2;2;AREQUIPA;AREQUIPA;VITOR;URBANA;CARRETERA;PROVINCIAL;AR-743;-16.515344;DESPEJADO;RESIDENCIAL;TRAMO RECTO;PLANA ;ASFALTADA;NO;NULL;NULL;SI;EN PROCESO DE INVESTIGACIÓN;NO CUENTA CON CAUSA ESPECIFICA;AR-743;2/4/2022;-71.904477
A-2022-04-242;25:00.0;CHOQUE FUGA;1;0;1;PIURA;PIURA;VEINTISEIS DE OCTUBRE;RURAL;CARRETERA;NACIONAL;PE-1N;-5.156432;DESPEJADO;COMERCIAL;TRAMO RECTO;PLANA ;ASFALTADA;NULL;NULL;NULL;NULL;IMPRUDENCIA DEL CONDUCTOR;CONDUCIR EN SENTIDO CONTRARIO;Carretera Panamericana Norte;2/4/2022;-80.694237
A-2022-04-48;00:00.0;DESPISTE;1;0;1;CAJAMARCA;CAJABAMBA;CONDEBAMBA;URBANA;CARRETERA;NACIONAL;PE-3N;-7.48439;DESPEJADO;RURAL;CURVA;PLANA ;ASFALTADA;NULL;NULL;NULL;NULL;EN PROCESO DE INVESTIGACIÓN;NO CUENTA CON CAUSA ESPECIFICA;Carretera Longitudinal de la Sierra Norte;3/4/2022;-78.123227
A-2022-04-206;30:00.0;DESPISTE;1;0;NULL;ANCASH;SANTA;NEPEÑA;RURAL;CARRETERA;PROVINCIAL;AN-921;-9.163272;DESPEJADO;RURAL;TRAMO RECTO;PLANA ;ASFALTADA;NULL;NULL;NULL;NULL;EN PROCESO DE INVESTIGACIÓN;NO CUENTA CON CAUSA ESPECIFICA;San Jose;3/4/2022;-78.328317
A-2022-04-6;20:00.0;ATROPELLO FUGA;1;0;0;PUNO;PUNO;PUNO;RURAL;CARRETERA;NACIONAL;PE-3S;-15.811211;DESPEJADO;RURAL;CURVA;PLANA ;ASFALTADA;SI;PREVENTIVA (P);NULL;SI;EN PROCESO DE INVESTIGACIÓN;NO CUENTA CON CAUSA ESPECIFICA;Carretera Longitudinal de la Sierra Sur;3/4/2022;-70.037411
A-2022-04-13;30:00.0;ATROPELLO FUGA;1;0;1;AREQUIPA;AREQUIPA;LA JOYA;URBANA;CARRETERA;NACIONAL;PE-1S;-16.681891;DESPEJADO;RESIDENCIAL;TRAMO RECTO;PLANA ;ASFALTADA;NO;NULL;NULL;SI;EN PROCESO DE INVESTIGACIÓN;NO CUENTA CON CAUSA ESPECIFICA;Santa Rosa de Lima;3/4/2022;-71.87044
A-2022-04-190;50:00.0;VOLCADURA;1;0;NULL;LIMA;LIMA;LURIN;URBANA;CARRETERA;NACIONAL;PE-1S;-12.280727;NULL;NULL;NULL;NULL;NULL;NULL;NULL;NULL;NULL;EN PROCESO DE INVESTIGACIÓN;NO CUENTA CON CAUSA ESPECIFICA;Carretera Panamericana Sur;3/4/2022;-76.882445
A-2022-04-243;00:00.0;DESPISTE;1;0;NULL;MADRE DE DIOS;TAMBOPATA;TAMBOPATA;RURAL;AVENIDA;URBANO;NO CORRESPONDE;-12.592016;NULL;NULL;NULL;NULL;NULL;NULL;NULL;NULL;NULL;EN PROCESO DE INVESTIGACIÓN;NO CUENTA CON CAUSA ESPECIFICA;Circuvalación;3/4/2022;-69.201778
A-2022-04-205;30:00.0;CHOQUE;1;0;NULL;ANCASH;SANTA;NEPEÑA;RURAL;CARRETERA;DEPARTAMENTAL;AN-104;-9.155424;DESPEJADO;RURAL;TRAMO RECTO;PLANA ;ASFALTADA;NULL;NULL;NULL;NULL;IMPRUDENCIA DEL CONDUCTOR;CONDUCIR EN ESTADO DE EBRIEDAD Y/O DROGADICCIÓN;Carretera Samanco - Caraz;3/4/2022;-78.291241