CÓDIGO SINIESTRO;HORA SINIESTRO;CLASE SINIESTRO;CANTIDAD DE FALLECIDOS;CANTIDAD DE LESIONADOS;CANTIDAD DE VEHICULOS DAÑADOS;DEPARTAMENTO;PROVINCIA;DISTRITO;ZONA;TIPO DE VÍA;RED VIAL;COD CARRETERA;COORDENADAS LATITUD;CONDICIÓN CLIMÁTICA;ZONIFICACIÓN;CARACTERÍSTICAS DE VÍA;PERFIL LONGITUDINAL VÍA;SUPERFICIE DE CALZADA;¿EXISTE SEÑAL VERTICAL?;CLASIFICACIÓN DE LA SEÑAL VERTICAL Nº 1;CLASIFICACIÓN DE LA SEÑAL VERTICAL Nº 2;¿EXISTE SEÑAL HORIZONTAL?;CAUSA FACTOR PRINCIPAL;CAUSA ESPECÍFICA;UBICACION;FECHA SINIESTRO;COORDENADAS LONGITUD
A-2022-04-180;40:00.0;CHOQUE;1;0;2;HUANUCO;LEONCIO PRADO;RUPA-RUPA;URBANA;CARRETERA;NACIONAL;PE-18A;-9.290993;NUBLADO;COMERCIAL;TRAMO RECTO;PLANA ;ASFALTADA;NULL;NULL;NULL;NULL;IMPRUDENCIA DEL CONDUCTOR;CONDUCIR EN ESTADO DE EBRIEDAD Y/O DROGADICCIÓN;Avenida Raymondi;3/4/2022;-75.997895
A-2022-04-7;20:00.0;ATROPELLO;1;0;1;PUNO;PUNO;PUNO;RURAL;AVENIDA;URBANO;NO CORRESPONDE;-15.820197;DESPEJADO;RURAL;TRAMO RECTO;PLANA ;TROCHA;NULL;NULL;NULL;NULL;IMPRUDENCIA DEL CONDUCTOR;NO DAR PASO PREFERENTE AL PEATÓN;Avenida El Porvenir;3/4/2022;-70.037053
A-2022-04-49;20:00.0;DESPISTE;1;1;1;CAJAMARCA;CHOTA;CHALAMARCA;URBANA;CARRETERA;SIN CLASIFICAR;SIN CLASIFICAR;-6.497612;DESPEJADO;RURAL;CURVA;PLANA ;AFIRMADO;NULL;NULL;NULL;NULL;EN PROCESO DE INVESTIGACIÓN;NO CUENTA CON CAUSA ESPECIFICA;Chalamarca;3/4/2022;-78.478644
A-2022-04-200;05:00.0;DESPISTE;1;0;NULL;LIMA;LIMA;LURIN;URBANA;AUTOPISTA;URBANO;NO CORRESPONDE;-12.281988;NULL;NULL;NULL;NULL;NULL;NULL;NULL;NULL;NULL;EN PROCESO DE INVESTIGACIÓN;NO CUENTA CON CAUSA ESPECIFICA;Calle 8;3/4/2022;-76.86395
A-2022-04-71;00:00.0;DESPISTE;1;0;1;AREQUIPA;ISLAY;PUNTA DE BOMBON;RURAL;CARRETERA;NACIONAL;PE-1SD;-17.245326;DESPEJADO;RURAL;CURVA;INCLINADA;ASFALTADA;NULL;NULL;NULL;NULL;EN PROCESO DE INVESTIGACIÓN;NO CUENTA CON CAUSA ESPECIFICA;Carretera Costanera Sur;3/4/2022;-71.5346
A-2022-04-137;15:00.0;DESPISTE;1;2;1;PIURA;SULLANA;MIGUEL CHECA;RURAL;CARRETERA;NACIONAL;PE-02;-5.149621;DESPEJADO;RURAL;TRAMO RECTO;PLANA ;ASFALTADA;NULL;NULL;NULL;NULL;EN PROCESO DE INVESTIGACIÓN;NO CUENTA CON CAUSA ESPECIFICA;Carretera Paita - Piura;3/4/2022;-80.776899
A-2022-04-15;40:00.0;CHOQUE;1;0;2;AREQUIPA;CARAVELI;QUICACHA;RURAL;CARRETERA;NACIONAL;PE-32;-15.659318;DESPEJADO;RURAL;SINUOSA;INCLINADA;ASFALTADA;NULL;NULL;NULL;NULL;EN PROCESO DE INVESTIGACIÓN;NO CUENTA CON CAUSA ESPECIFICA;PE-32;3/4/2022;-73.814743
A-2022-04-142;00:00.0;CHOQUE;1;1;2;PIURA;PIURA;CASTILLA;RURAL;AVENIDA;URBANO;NO CORRESPONDE;-5.167724;DESPEJADO;RURAL;TRAMO RECTO;PLANA ;ASFALTADA;NULL;NULL;NULL;NULL;EN PROCESO DE INVESTIGACIÓN;NO CUENTA CON CAUSA ESPECIFICA;Camino Real a Miraflores;3/4/2022;-80.616993
A-2022-04-69;40:00.0;ATROPELLO;1;0;1;LA LIBERTAD;TRUJILLO;HUANCHACO;URBANA;CARRETERA;PROVINCIAL;LI-731;-8.088062;DESPEJADO;COMERCIAL;TRAMO RECTO;PLANA ;ASFALTADA;NULL;NULL;NULL;NULL;IMPRUDENCIA DEL CONDUCTOR;FATIGA Y/O CANSANCIO;Avenida Ramón Castilla;3/4/2022;-79.09397
A-2022-04-70;00:00.0;DESPISTE;1;0;1;LA LIBERTAD;ASCOPE;RAZURI;RURAL;CARRETERA;PROVINCIAL;LI-616;-7.790458;DESPEJADO;RURAL;TRAMO RECTO;PLANA ;ASFALTADA;NULL;NULL;NULL;NULL;EN PROCESO DE INVESTIGACIÓN;NO CUENTA CON CAUSA ESPECIFICA;LI-616;3/4/2022;-79.380581
A-2022-04-221;30:00.0;DESPISTE;1;1;1;LIMA;HUARAL;HUARAL;RURAL;CARRETERA;NACIONAL;PE-20C;-11.482237;DESPEJADO;RURAL;SINUOSA;PLANA ;ASFALTADA;NULL;NULL;NULL;NULL;IMPRUDENCIA DEL CONDUCTOR;EXCESO DE VELOCIDAD;PE-20C;4/4/2022;-77.149681
A-2022-04-101;00:00.0;DESPISTE;1;0;1;CUSCO;CUSCO;SAN JERONIMO;RURAL;CARRETERA;DEPARTAMENTAL;CU-123;-13.610691;NUBLADO;RURAL;TRAMO RECTO;PLANA ;AFIRMADO;NULL;NULL;NULL;NULL;IMPRUDENCIA DEL CONDUCTOR;EXCESO DE VELOCIDAD;CU-123;4/4/2022;-71.85829
A-2022-04-192;30:00.0;CHOQUE;1;1;NULL;LIMA;LIMA;VILLA EL SALVADOR;URBANA;AVENIDA;URBANO;NO CORRESPONDE;-12.226589;NULL;NULL;NULL;NULL;NULL;NULL;NULL;NULL;NULL;EN PROCESO DE INVESTIGACIÓN;NO CUENTA CON CAUSA ESPECIFICA;Avenida María Elena Moyano;4/4/2022;-76.945976
A-2022-04-140;10:00.0;DESPISTE;1;0;1;CUSCO;CHUMBIVILCAS;SANTO TOMAS;RURAL;CARRETERA;NACIONAL;PE-3SG;-14.4166;DESPEJADO;RURAL;CURVA;PLANA ;TROCHA;NULL;NULL;NULL;NULL;IMPRUDENCIA DEL CONDUCTOR;EXCESO DE VELOCIDAD;PE-3SG;4/4/2022;-72.085283
A-2022-04-94;10:00.0;CHOQUE FUGA;1;0;NULL;LAMBAYEQUE;LAMBAYEQUE;MOTUPE;URBANA;CARRETERA;PROVINCIAL;LA-535;-6.158805;DESPEJADO;RURAL;TRAMO RECTO;PLANA ;ASFALTADA;NO;NULL;NULL;NO;EN PROCESO DE INVESTIGACIÓN;NO CUENTA CON CAUSA ESPECIFICA;Calle Irma Saavedra de Sosa;4/4/2022;-79.721098
A-2022-04-224;40:00.0;DESPISTE;5;3;1;JUNIN;JAUJA;CANCHAYLLO;RURAL;CARRETERA;PROVINCIAL;JU-761;-11.803618;DESPEJADO;RURAL;TRAMO RECTO;INCLINADA;TROCHA;NULL;NULL;NULL;NULL;IMPRUDENCIA DEL CONDUCTOR;OTRO (IMPRUDENCIA DEL CONDUCTOR);Pachacayo;5/4/2022;-75.718824
A-2022-04-25;40:00.0;CHOQUE;2;3;2;AREQUIPA;AREQUIPA;YURA;RURAL;CARRETERA;NACIONAL;PE-34A;-16.065461;DESPEJADO;RURAL;TRAMO RECTO;PLANA ;ASFALTADA;SI;REGULADORA (R);NULL;SI;EN PROCESO DE INVESTIGACIÓN;NO CUENTA CON CAUSA ESPECIFICA;Vía Interoceánica Sur - Tramo 5;5/4/2022;-71.529031
A-2022-04-244;00:00.0;DESPISTE;1;1;1;LIMA;BARRANCA;SUPE;URBANA;CARRETERA;PROVINCIAL;LM-534;-10.816402;DESPEJADO;COMERCIAL;INTERSECCIÓN;PLANA ;AFIRMADO;NULL;NULL;NULL;NULL;IMPRUDENCIA DEL CONDUCTOR;EXCESO DE VELOCIDAD;Supe;5/4/2022;-77.717428
A-2022-04-65;30:00.0;CHOQUE;1;1;2;SAN MARTIN;RIOJA;RIOJA;URBANA;JIRÓN;URBANO;NO CORRESPONDE;-6.066892;LLUVIOSO;RESIDENCIAL;INTERSECCIÓN;PLANA ;CONCRETO;SI;REGULADORA (R);PREVENTIVA (P);NO;IMPRUDENCIA DEL CONDUCTOR;OTRO (IMPRUDENCIA DEL CONDUCTOR);Las Palmeras;5/4/2022;-77.168745
A-2022-04-23;30:00.0;ATROPELLO FUGA;1;0;0;CALLAO;CALLAO;CALLAO;URBANA;CARRETERA;NACIONAL;PE-20;-11.964148;DESPEJADO;INDUSTRIAL;TRAMO RECTO;PLANA ;ASFALTADA;NO;NULL;NULL;SI;EN PROCESO DE INVESTIGACIÓN;NO CUENTA CON CAUSA ESPECIFICA;Avenida Coronel Nestor Gambetta;7/4/2022;-77.126887
A-2022-04-32;50:00.0;DESPISTE;1;2;1;APURIMAC;ANDAHUAYLAS;PACOBAMBA;RURAL;CARRETERA;NACIONAL;PE-3S;-13.612065;LLUVIOSO;RURAL;CURVA;INCLINADA;ASFALTADA;SI;PREVENTIVA (P);REGULADORA (R);SI;IMPRUDENCIA DEL CONDUCTOR;EXCESO DE VELOCIDAD;Carretera Longitudinal de la Sierra Sur;7/4/2022;-73.133971
A-2022-04-72;15:00.0;CHOQUE;1;0;2;LA LIBERTAD;CHEPEN;CHEPEN;URBANA;CALLE;URBANO;NO CORRESPONDE;-7.228391;DESPEJADO;COMERCIAL;TRAMO RECTO;PLANA ;ASFALTADA;NULL;NULL;NULL;NULL;IMPRUDENCIA DEL CONDUCTOR;DESACATO DE SEÑAL DE TRÁNSITO;San Pedro;7/4/2022;-79.428558
A-2022-04-230;00:00.0;DESPISTE;1;1;1;LIMA;OYON;NAVAN;RURAL;CARRETERA;PROVINCIAL;LM-575;-10.913896;DESPEJADO;RURAL;SINUOSA;INCLINADA;AFIRMADO;NULL;NULL;NULL;NULL;IMPRUDENCIA DEL CONDUCTOR;EXCESO DE VELOCIDAD;LM-575;7/4/2022;-77.020442
A-2022-04-183;00:00.0;DESPISTE;2;4;NULL;JUNIN;SATIPO;PAMPA HERMOSA;RURAL;CARRETERA;NACIONAL;PE-24A;-11.506834;NULL;NULL;NULL;NULL;NULL;NULL;NULL;NULL;NULL;EN PROCESO DE INVESTIGACIÓN;NO CUENTA CON CAUSA ESPECIFICA;PE-24A;7/4/2022;-74.821288
A-2022-04-216;00:00.0;ATROPELLO;1;0;1;HUANUCO;HUANUCO;SANTA MARIA DEL VALLE;URBANA;CARRETERA;NACIONAL;PE-18A;-9.861162;DESPEJADO;RURAL;TRAMO RECTO;PLANA ;ASFALTADA;NULL;NULL;NULL;NULL;IMPRUDENCIA DEL PEATÓN;ESTADO DE EBRIEDAD Y/O DROGADICCIÓN;Carretera Central;7/4/2022;-76.169409
A-2022-04-194;00:00.0;ATROPELLO;1;1;NULL;LIMA;LIMA;SAN JUAN DE LURIGANCHO;URBANA;AVENIDA;URBANO;NO CORRESPONDE;-11.989493;NULL;NULL;NULL;NULL;NULL;NULL;NULL;NULL;NULL;EN PROCESO DE INVESTIGACIÓN;NO CUENTA CON CAUSA ESPECIFICA;Jirón Los Rubies;8/4/2022;-77.007477
A-2022-04-21;00:00.0;CHOQUE;1;1;2;PUNO;EL COLLAO;SANTA ROSA;RURAL;CARRETERA;NACIONAL;PE-36A;-16.70664;DESPEJADO;RURAL;TRAMO RECTO;PLANA ;ASFALTADA;NO;NULL;NULL;SI;IMPRUDENCIA DEL CONDUCTOR;INVASIÓN DE CARRIL;Carretera Binacional;8/4/2022;-69.569222
A-2022-04-24;20:00.0;CHOQUE;2;1;1;CALLAO;CALLAO;MI PERU;URBANA;AVENIDA;URBANO;NO CORRESPONDE;-11.856807;DESPEJADO;RESIDENCIAL;TRAMO RECTO;INCLINADA;ASFALTADA;NO;NULL;NULL;SI;IMPRUDENCIA DEL CONDUCTOR;OTRO (IMPRUDENCIA DEL CONDUCTOR);Avenida Cuzco;8/4/2022;-77.121588
A-2022-04-181;30:00.0;ATROPELLO;1;0;1;HUANUCO;LEONCIO PRADO;MARIANO DAMASO BERAUN;URBANA;CARRETERA;NACIONAL;PE-18A;-9.443688;DESPEJADO;RURAL;TRAMO RECTO;PLANA ;ASFALTADA;SI;PREVENTIVA (P);NULL;NO;IMPRUDENCIA DEL CONDUCTOR;FATIGA Y/O CANSANCIO;Carretera Central;8/4/2022;-75.973703
A-2022-04-86;08:00.0;ATROPELLO;1;0;NULL;LAMBAYEQUE;CHICLAYO;POMALCA;URBANA;CARRETERA;PROVINCIAL;LA-816;-6.77097;DESPEJADO;ESCOLAR;TRAMO RECTO;PLANA ;ASFALTADA;SI;PREVENTIVA (P);NULL;NO;EN PROCESO DE INVESTIGACIÓN;NO CUENTA CON CAUSA ESPECIFICA;Avenida San Francisco de Asís;8/4/2022;-79.78715
A-2022-04-198;40:00.0;ATROPELLO;1;0;NULL;LIMA;LIMA;ATE;URBANA;AVENIDA;URBANO;NO CORRESPONDE;-11.997173;NULL;NULL;NULL;NULL;NULL;NULL;NULL;NULL;NULL;EN PROCESO DE INVESTIGACIÓN;NO CUENTA CON CAUSA ESPECIFICA;Huaycán;9/4/2022;-76.834487
A-2022-04-73;51:00.0;ESPECIAL;1;0;1;AREQUIPA;AREQUIPA;CERRO COLORADO;URBANA;OTRO;URBANO;NO CORRESPONDE;-16.338482;DESPEJADO;COMERCIAL;OTRO;PLANA ;CONCRETO;NULL;NULL;NULL;NULL;EN PROCESO DE INVESTIGACIÓN;NO CUENTA CON CAUSA ESPECIFICA;Peruarboo;9/4/2022;-71.609659
A-2022-04-126;40:00.0;DESPISTE;1;0;1;CUSCO;ESPINAR;CONDOROMA;RURAL;CARRETERA;NACIONAL;PE-34J;-15.357577;DESPEJADO;RURAL;CURVA;PLANA ;ASFALTADA;SI;PREVENTIVA (P);INFORMATIVA (I);NO;IMPRUDENCIA DEL CONDUCTOR;EXCESO DE VELOCIDAD;Carretera Oscollo - Condoroma;9/4/2022;-71.09403
A-2022-04-105;30:00.0;CAÍDA DE PASAJERO;1;0;1;LA LIBERTAD;TRUJILLO;MOCHE;RURAL;CARRETERA;PROVINCIAL;LI-1093;-8.147617;DESPEJADO;RURAL;TRAMO RECTO;PLANA ;ASFALTADA;NULL;NULL;NULL;NULL;EN PROCESO DE INVESTIGACIÓN;NO CUENTA CON CAUSA ESPECIFICA;Calle Entrada a La Campiña;9/4/2022;-79.005415
A-2022-04-199;10:00.0;CHOQUE;1;8;NULL;LIMA;LIMA;ATE;URBANA;AVENIDA;URBANO;NO CORRESPONDE;-12.039388;NULL;NULL;NULL;NULL;NULL;NULL;NULL;NULL;NULL;EN PROCESO DE INVESTIGACIÓN;NO CUENTA CON CAUSA ESPECIFICA;Avenida Nicolás de Ayllón;9/4/2022;-76.932605
A-2022-04-197;30:00.0;ATROPELLO;1;0;NULL;LIMA;LIMA;ANCON;URBANA;CARRETERA;NACIONAL;PE-1N;-11.814028;NULL;NULL;NULL;NULL;NULL;NULL;NULL;NULL;NULL;EN PROCESO DE INVESTIGACIÓN;NO CUENTA CON CAUSA ESPECIFICA;Carretera Panamericana Norte;9/4/2022;-77.128788
A-2022-04-87;10:00.0;CHOQUE FUGA;1;1;NULL;LAMBAYEQUE;CHICLAYO;CHONGOYAPE;RURAL;CARRETERA;NACIONAL;PE-06A;-6.675546;NUBLADO;RURAL;TRAMO RECTO;PLANA ;ASFALTADA;NULL;NULL;NULL;NULL;EN PROCESO DE INVESTIGACIÓN;NO CUENTA CON CAUSA ESPECIFICA;PE-06A;10/4/2022;-79.439688
A-2022-04-158;20:00.0;ATROPELLO;1;0;NULL;LAMBAYEQUE;LAMBAYEQUE;MOTUPE;URBANA;CARRETERA;SIN CLASIFICAR;SIN CLASIFICAR;-6.172226;DESPEJADO;RESIDENCIAL;TRAMO RECTO;PLANA ;ASFALTADA;NULL;NULL;NULL;NULL;EN PROCESO DE INVESTIGACIÓN;NO CUENTA CON CAUSA ESPECIFICA;Motupe;10/4/2022;-79.70729
A-2022-04-22;00:00.0;ATROPELLO FUGA;1;0;0;PUNO;PUNO;PAUCARCOLLA;RURAL;CARRETERA;NACIONAL;PE-3S;-15.732512;DESPEJADO;RURAL;TRAMO RECTO;PLANA ;ASFALTADA;NULL;NULL;NULL;NULL;EN PROCESO DE INVESTIGACIÓN;NO CUENTA CON CAUSA ESPECIFICA;Carretera Longitudinal de la Sierra Sur;10/4/2022;-70.057846
A-2022-04-66;50:00.0;CHOQUE FUGA;1;0;1;SAN MARTIN;LAMAS;ALONSO DE ALVARADO;URBANA;CARRETERA;NACIONAL;PE-5N;-6.245819;DESPEJADO;RESIDENCIAL;TRAMO RECTO;PLANA ;ASFALTADA;NULL;NULL;NULL;NULL;EN PROCESO DE INVESTIGACIÓN;NO CUENTA CON CAUSA ESPECIFICA;Alonso de Alvarado;10/4/2022;-76.784112
A-2022-04-36;30:00.0;DESPISTE;1;1;1;TUMBES;ZARUMILLA;AGUAS VERDES;RURAL;CARRETERA;NACIONAL;PE-1NO;-3.482921;SOLEADO;RURAL;CURVA;PLANA ;ASFALTADA;NULL;NULL;NULL;NULL;IMPRUDENCIA DEL CONDUCTOR;CONDUCIR EN ESTADO DE EBRIEDAD Y/O DROGADICCIÓN;Carretera Panamericana Norte;10/4/2022;-80.254404
A-2022-04-235;30:00.0;ATROPELLO;1;0;NULL;LIMA;LIMA;ATE;URBANA;AVENIDA;URBANO;NO CORRESPONDE;-12.029623;NULL;NULL;NULL;NULL;NULL;NULL;NULL;NULL;NULL;EN PROCESO DE INVESTIGACIÓN;NO CUENTA CON CAUSA ESPECIFICA;Prolongación Javier Prado Este;10/4/2022;-76.927958
A-2022-04-159;00:00.0;CHOQUE;1;1;NULL;LAMBAYEQUE;CHICLAYO;CHICLAYO;URBANA;AVENIDA;URBANO;NO CORRESPONDE;-6.78138;DESPEJADO;RESIDENCIAL;INTERSECCIÓN;PLANA ;ASFALTADA;NULL;NULL;NULL;NULL;EN PROCESO DE INVESTIGACIÓN;NO CUENTA CON CAUSA ESPECIFICA;Chiclayo;10/4/2022;-79.8371
A-2022-04-215;00:00.0;DESPISTE;1;0;NULL;APURIMAC;AYMARAES;COTARUSE;RURAL;CARRETERA;NACIONAL;PE-30A;-14.516122;NULL;NULL;NULL;NULL;NULL;NULL;NULL;NULL;NULL;EN PROCESO DE INVESTIGACIÓN;NO CUENTA CON CAUSA ESPECIFICA;Carretera Nasca - Abancay;10/4/2022;-73.264815
A-2022-04-50;30:00.0;CHOQUE;2;1;2;CAJAMARCA;CAJAMARCA;ENCAÑADA;URBANA;CARRETERA;NACIONAL;PE-08B;-7.118699;LLUVIOSO;RURAL;TRAMO RECTO;PLANA ;ASFALTADA;NULL;NULL;NULL;NULL;EN PROCESO DE INVESTIGACIÓN;NO CUENTA CON CAUSA ESPECIFICA;Carretera Baños del Inca - Encañada;10/4/2022;-78.335769
A-2022-04-231;20:00.0;ATROPELLO;1;0;1;LIMA;HUAURA;HUAURA;RURAL;CARRETERA;NACIONAL;PE-1N;-11.06594;DESPEJADO;RURAL;TRAMO RECTO;INCLINADA;ASFALTADA;SI;PREVENTIVA (P);REGULADORA (R);NO;IMPRUDENCIA DEL CONDUCTOR;EXCESO DE VELOCIDAD;Carretera Panamericana Norte;11/4/2022;-77.58721
A-2022-04-168;00:00.0;CHOQUE;1;2;2;CAJAMARCA;SAN IGNACIO;CHIRINOS;RURAL;CARRETERA;NACIONAL;PE-5N;-5.32838;DESPEJADO;RURAL;OTRO;PLANA ;ASFALTADA;NULL;NULL;NULL;NULL;EN PROCESO DE INVESTIGACIÓN;NO CUENTA CON CAUSA ESPECIFICA;PE-5N;11/4/2022;-78.79727
A-2022-04-33;00:00.0;ATROPELLO FUGA;1;0;0;TACNA;TACNA;LA YARADA LOS PALOS;RURAL;CARRETERA;PROVINCIAL;TA-644;-18.276368;NUBLADO;RURAL;TRAMO RECTO;PLANA ;ASFALTADA;NO;NULL;NULL;SI;EN PROCESO DE INVESTIGACIÓN;NO CUENTA CON CAUSA ESPECIFICA;Carretera Los Palos - Hospicio;11/4/2022;-70.43332
A-2022-04-106;20:00.0;ATROPELLO;1;0;1;LA LIBERTAD;VIRU;VIRU;RURAL;CARRETERA;NACIONAL;PE-1N;-8.47521;DESPEJADO;RURAL;TRAMO RECTO;PLANA ;ASFALTADA;NULL;NULL;NULL;NULL;IMPRUDENCIA DEL PEATÓN;CRUCE INDEBIDO POR LA CALZADA;Carretera Panamericana Norte;11/4/2022;-78.707538
A-2022-04-226;30:00.0;CAÍDA DE PASAJERO;1;0;0;JUNIN;HUANCAYO;CHILCA;URBANA;AVENIDA;URBANO;NO CORRESPONDE;-12.099061;DESPEJADO;COMERCIAL;TRAMO RECTO;PLANA ;ASFALTADA;NULL;NULL;NULL;NULL;IMPRUDENCIA DEL PASAJERO/OCUPANTE;OTRO (IMPRUDENCIA DEL PASAJERO/OCUPANTE);Pasaje Vilcahuaman;11/4/2022;-75.186957
A-2022-04-29;00:00.0;ATROPELLO;1;0;0;PUNO;EL COLLAO;ILAVE;RURAL;CARRETERA;NACIONAL;PE-3S;-16.094836;DESPEJADO;RURAL;TRAMO RECTO;PLANA ;ASFALTADA;NO;NULL;NULL;SI;IMPRUDENCIA DEL PEATÓN;CRUCE INDEBIDO POR LA CALZADA;Carretera Longitudinal de la Sierra Sur;11/4/2022;-69.623235
A-2022-04-184;15:00.0;CHOQUE;1;3;NULL;JUNIN;CHANCHAMAYO;PICHANAQUI;RURAL;CARRETERA;NACIONAL;PE-5S;-10.957707;NULL;NULL;NULL;NULL;NULL;NULL;NULL;NULL;NULL;EN PROCESO DE INVESTIGACIÓN;NO CUENTA CON CAUSA ESPECIFICA;Carretera Longitudinal de la Selva Sur;12/4/2022;-74.825622
A-2022-04-225;30:00.0;CHOQUE;1;5;2;JUNIN;JAUJA;SINCOS;RURAL;CARRETERA;NACIONAL;PE-3SB;-11.88678;DESPEJADO;RURAL;TRAMO RECTO;PLANA ;ASFALTADA;NULL;NULL;NULL;NULL;IMPRUDENCIA DEL CONDUCTOR;EXCESO DE VELOCIDAD;Carretera Central Margen Derecha;12/4/2022;-75.39043
A-2022-04-178;00:00.0;CHOQUE;1;1;2;HUANUCO;LEONCIO PRADO;PUEBLO NUEVO;URBANA;CARRETERA;NACIONAL;PE-5N;-9.072677;SOLEADO;COMERCIAL;TRAMO RECTO;PLANA ;ASFALTADA;SI;REGULADORA (R);PREVENTIVA (P);NO;IMPRUDENCIA DEL CONDUCTOR;FATIGA Y/O CANSANCIO;Carretera Presidente Fernando Belaúnde Terry;12/4/2022;-76.064061
A-2022-04-227;40:00.0;CHOQUE;2;0;2;JUNIN;CONCEPCION;MATAHUASI;RURAL;CARRETERA;NACIONAL;PE-3S;-11.89142;DESPEJADO;RURAL;TRAMO RECTO;PLANA ;ASFALTADA;NULL;NULL;NULL;NULL;IMPRUDENCIA DEL CONDUCTOR;GIRAR IMPRUDENTEMENTE;Wilson;12/4/2022;-75.34304
A-2022-04-35;00:00.0;CHOQUE;1;1;2;ICA;NASCA;NASCA;URBANA;CARRETERA;NACIONAL;PE-30A;-14.841315;DESPEJADO;RESIDENCIAL;INTERSECCIÓN;PLANA ;ASFALTADA;NULL;NULL;NULL;NULL;EN PROCESO DE INVESTIGACIÓN;NO CUENTA CON CAUSA ESPECIFICA;Carretera Nasca - Abancay;12/4/2022;-74.942224
A-2022-04-34;45:00.0;CHOQUE;1;0;2;ICA;ICA;SUBTANJALLA;URBANA;CARRETERA;NACIONAL;PE-1S;-14.00787;DESPEJADO;RESIDENCIAL;TRAMO RECTO;PLANA ;ASFALTADA;NULL;NULL;NULL;NULL;EN PROCESO DE INVESTIGACIÓN;NO CUENTA CON CAUSA ESPECIFICA;Carretera Panamericana Sur;12/4/2022;-75.765825
A-2022-04-136;10:00.0;ATROPELLO;1;0;1;CUSCO;ANTA;ANCAHUASI;RURAL;CARRETERA;NACIONAL;PE-3S;-13.474139;DESPEJADO;RURAL;TRAMO RECTO;PLANA ;ASFALTADA;NULL;NULL;NULL;NULL;IMPERICIA DEL CONDUCTOR;NULL;Carretera Longitudinal de la Sierra Sur;13/4/2022;-72.278451
A-2022-04-139;00:00.0;ATROPELLO;1;1;1;CUSCO;CALCA;PISAC;RURAL;CARRETERA;DEPARTAMENTAL;CU-112;-13.417267;DESPEJADO;RURAL;TRAMO RECTO;INCLINADA;TROCHA;NULL;NULL;NULL;NULL;IMPRUDENCIA DEL CONDUCTOR;EXCESO DE VELOCIDAD;CU-112;13/4/2022;-71.836657
A-2022-04-201;00:00.0;ATROPELLO;1;0;NULL;LIMA;LIMA;LA VICTORIA;URBANA;AVENIDA;URBANO;NO CORRESPONDE;-12.075948;NULL;NULL;NULL;NULL;NULL;NULL;NULL;NULL;NULL;EN PROCESO DE INVESTIGACIÓN;NO CUENTA CON CAUSA ESPECIFICA;Avenida México;13/4/2022;-77.02623
A-2022-04-82;30:00.0;CHOQUE;1;1;NULL;LAMBAYEQUE;LAMBAYEQUE;MORROPE;URBANA;CARRETERA;NACIONAL;PE-1N;-6.53169;DESPEJADO;COMERCIAL;TRAMO RECTO;PLANA ;ASFALTADA;NULL;NULL;NULL;NULL;EN PROCESO DE INVESTIGACIÓN;NO CUENTA CON CAUSA ESPECIFICA;Carretera Panamericana Norte;13/4/2022;-80.031734
A-2022-04-74;08:00.0;CHOQUE;1;0;2;AREQUIPA;AREQUIPA;LA JOYA;RURAL;CARRETERA;NACIONAL;PE-1S;-16.657997;DESPEJADO;RURAL;TRAMO RECTO;PLANA ;ASFALTADA;NO;NULL;NULL;SI;EN PROCESO DE INVESTIGACIÓN;NO CUENTA CON CAUSA ESPECIFICA;Carretera Panamericana Sur;13/4/2022;-71.871372
A-2022-04-202;30:00.0;ATROPELLO;1;0;NULL;LIMA;LIMA;PUENTE PIEDRA;URBANA;CARRETERA;NACIONAL;PE-1N;-11.861387;NULL;NULL;NULL;NULL;NULL;NULL;NULL;NULL;NULL;EN PROCESO DE INVESTIGACIÓN;NO CUENTA CON CAUSA ESPECIFICA;Avenida Puente Piedra;13/4/2022;-77.078387
A-2022-04-236;04:00.0;DESPISTE;1;0;NULL;LIMA;LIMA;COMAS;URBANA;AVENIDA;URBANO;NO CORRESPONDE;-11.936698;NULL;NULL;NULL;NULL;NULL;NULL;NULL;NULL;NULL;EN PROCESO DE INVESTIGACIÓN;NO CUENTA CON CAUSA ESPECIFICA;Avenida Túpac Amaru;14/4/2022;-77.048753
A-2022-04-109;45:00.0;ATROPELLO;1;0;1;LA LIBERTAD;TRUJILLO;HUANCHACO;RURAL;CARRETERA;NACIONAL;PE-1N;-8.003335;DESPEJADO;RURAL;TRAMO RECTO;PLANA ;ASFALTADA;NULL;NULL;NULL;NULL;IMPRUDENCIA DEL PEATÓN;CRUCE INDEBIDO POR LA CALZADA;Carretera Panamericana Norte;14/4/2022;-79.071307
A-2022-04-88;05:00.0;CHOQUE;2;0;1;SAN MARTIN;MOYOBAMBA;MOYOBAMBA;RURAL;CARRETERA;NACIONAL;PE-5N;-6.046564;DESPEJADO;RURAL;CURVA;INCLINADA;ASFALTADA;NULL;NULL;NULL;NULL;IMPERICIA DEL CONDUCTOR;NULL;Carretera Presidente Fernando Belaúnde Terry;14/4/2022;-77.035053