CÓDIGO SINIESTRO;HORA SINIESTRO;CLASE SINIESTRO;CANTIDAD DE FALLECIDOS;CANTIDAD DE LESIONADOS;CANTIDAD DE VEHICULOS DAÑADOS;DEPARTAMENTO;PROVINCIA;DISTRITO;ZONA;TIPO DE VÍA;RED VIAL;COD CARRETERA;COORDENADAS LATITUD;CONDICIÓN CLIMÁTICA;ZONIFICACIÓN;CARACTERÍSTICAS DE VÍA;PERFIL LONGITUDINAL VÍA;SUPERFICIE DE CALZADA;¿EXISTE SEÑAL VERTICAL?;CLASIFICACIÓN DE LA SEÑAL VERTICAL Nº 1;CLASIFICACIÓN DE LA SEÑAL VERTICAL Nº 2;¿EXISTE SEÑAL HORIZONTAL?;CAUSA FACTOR PRINCIPAL;CAUSA ESPECÍFICA;UBICACION;FECHA SINIESTRO;COORDENADAS LONGITUD
A-2022-04-228;20:00.0;ESPECIAL;1;1;NULL;JUNIN;CHANCHAMAYO;CHANCHAMAYO;RURAL;CARRETERA;NACIONAL;PE-22B;-10.98256;NULL;NULL;NULL;NULL;NULL;NULL;NULL;NULL;NULL;EN PROCESO DE INVESTIGACIÓN;NO CUENTA CON CAUSA ESPECIFICA;PE-22B;14/4/2022;-75.307968
A-2022-04-232;40:00.0;VOLCADURA;1;5;1;AYACUCHO;HUAMANGA;VINCHOS;URBANA;CARRETERA;PROVINCIAL;AY-825;-13.292618;DESPEJADO;RURAL;CURVA;INCLINADA;ASFALTADA;SI;PREVENTIVA (P);NULL;NO;IMPRUDENCIA DEL CONDUCTOR;EXCESO DE VELOCIDAD;AY-825;14/4/2022;-74.457775
A-2022-04-207;00:00.0;DESPISTE;1;0;NULL;ANCASH;HUARMEY;HUARMEY;RURAL;CARRETERA;NACIONAL;PE-1N;-10.403397;DESPEJADO;RURAL;TRAMO RECTO;PLANA ;ASFALTADA;NULL;NULL;NULL;NULL;EN PROCESO DE INVESTIGACIÓN;NO CUENTA CON CAUSA ESPECIFICA;Panamericana Norte;14/4/2022;-77.974306
A-2022-04-110;04:00.0;ATROPELLO;1;0;1;LA LIBERTAD;VIRU;CHAO;RURAL;CARRETERA;NACIONAL;PE-1N;-8.529139;DESPEJADO;RURAL;TRAMO RECTO;PLANA ;ASFALTADA;NULL;NULL;NULL;NULL;EN PROCESO DE INVESTIGACIÓN;NO CUENTA CON CAUSA ESPECIFICA;Carretera Panamericana Norte;14/4/2022;-78.682165
A-2022-04-111;50:00.0;CHOQUE FUGA;1;0;2;LA LIBERTAD;VIRU;VIRU;RURAL;CARRETERA;NACIONAL;PE-1N;-8.440819;DESPEJADO;RURAL;TRAMO RECTO;PLANA ;ASFALTADA;NULL;NULL;NULL;NULL;EN PROCESO DE INVESTIGACIÓN;NO CUENTA CON CAUSA ESPECIFICA;Carretera Panamericana Norte;14/4/2022;-78.753432
A-2022-04-75;10:00.0;DESPISTE;1;0;1;AREQUIPA;AREQUIPA;SOCABAYA;URBANA;CALLE;URBANO;NO CORRESPONDE;-16.468725;DESPEJADO;RESIDENCIAL;INTERSECCIÓN;INCLINADA;ASFALTADA;NO;NULL;NULL;SI;EN PROCESO DE INVESTIGACIÓN;NO CUENTA CON CAUSA ESPECIFICA;La Mansión;15/4/2022;-71.551163
A-2022-04-237;45:00.0;CHOQUE;2;0;NULL;LIMA;LIMA;LURIGANCHO;URBANA;CARRETERA;NACIONAL;PE-22;-12.018346;NULL;NULL;NULL;NULL;NULL;NULL;NULL;NULL;NULL;EN PROCESO DE INVESTIGACIÓN;NO CUENTA CON CAUSA ESPECIFICA;Autopista Ramiro Prialé;15/4/2022;-76.911652
A-2022-04-51;45:00.0;ATROPELLO;1;0;1;CAJAMARCA;CAJAMARCA;LOS BAÑOS DEL INCA;URBANA;JIRÓN;URBANO;NO CORRESPONDE;-7.155251;DESPEJADO;RURAL;TRAMO RECTO;PLANA ;CONCRETO;NULL;NULL;NULL;NULL;EN PROCESO DE INVESTIGACIÓN;NO CUENTA CON CAUSA ESPECIFICA;Jirón La Libertad;15/4/2022;-78.45968
A-2022-04-152;00:00.0;CHOQUE;1;0;1;PIURA;PIURA;CASTILLA;URBANA;CARRETERA;NACIONAL;PE-1NJ;-5.207918;DESPEJADO;COMERCIAL;TRAMO RECTO;PLANA ;ASFALTADA;NULL;NULL;NULL;NULL;EN PROCESO DE INVESTIGACIÓN;NO CUENTA CON CAUSA ESPECIFICA;Avenida Progreso;15/4/2022;-80.621237
A-2022-04-143;50:00.0;ATROPELLO FUGA;1;0;NULL;PIURA;PIURA;TAMBO GRANDE;RURAL;CARRETERA;NACIONAL;PE-1NJ;-5.139098;DESPEJADO;RURAL;TRAMO RECTO;PLANA ;ASFALTADA;NULL;NULL;NULL;NULL;EN PROCESO DE INVESTIGACIÓN;NO CUENTA CON CAUSA ESPECIFICA;Carretera Interoceánica Norte;15/4/2022;-80.349455
A-2022-04-38;20:00.0;ATROPELLO FUGA;1;0;0;TUMBES;CONTRALMIRANTE VILLAR;ZORRITOS;RURAL;CARRETERA;NACIONAL;PE-1N;-3.718511;DESPEJADO;RURAL;CURVA;PLANA ;ASFALTADA;NULL;NULL;NULL;NULL;EN PROCESO DE INVESTIGACIÓN;NO CUENTA CON CAUSA ESPECIFICA;Carretera Panamericana Norte;16/4/2022;-80.753368
A-2022-04-39;30:00.0;DESPISTE;1;3;1;HUANCAVELICA;HUAYTARA;HUAYTARA;URBANA;CARRETERA;NACIONAL;PE-28A;-13.581158;DESPEJADO;RURAL;CURVA;INCLINADA;ASFALTADA;SI;INFORMATIVA (I);NULL;SI;EN PROCESO DE INVESTIGACIÓN;NO CUENTA CON CAUSA ESPECIFICA;Vía de los Libertadores;16/4/2022;-75.244149
A-2022-04-238;10:00.0;ATROPELLO FUGA;1;0;NULL;LIMA;LIMA;LURIGANCHO;URBANA;CARRETERA;NACIONAL;PE-22;-11.921435;NULL;NULL;NULL;NULL;NULL;NULL;NULL;NULL;NULL;EN PROCESO DE INVESTIGACIÓN;NO CUENTA CON CAUSA ESPECIFICA;Avenida Lima Norte;17/4/2022;-76.675836
A-2022-04-245;45:00.0;ATROPELLO;1;0;NULL;LIMA;LIMA;SURQUILLO;URBANA;AVENIDA;URBANO;NO CORRESPONDE;-12.111205;NULL;NULL;NULL;NULL;NULL;NULL;NULL;NULL;NULL;EN PROCESO DE INVESTIGACIÓN;NO CUENTA CON CAUSA ESPECIFICA;Jirón Lizardo Montero;17/4/2022;-77.02335
A-2022-04-144;40:00.0;CHOQUE;1;1;2;PIURA;PIURA;EL TALLAN;RURAL;CARRETERA;NACIONAL;PE-1N;-5.467806;DESPEJADO;RURAL;TRAMO RECTO;PLANA ;ASFALTADA;NULL;NULL;NULL;NULL;EN PROCESO DE INVESTIGACIÓN;NO CUENTA CON CAUSA ESPECIFICA;Carretera Panamericana Norte;17/4/2022;-80.603836
A-2022-04-52;13:00.0;CHOQUE;1;1;NULL;CAJAMARCA;CAJAMARCA;CAJAMARCA;URBANA;CARRETERA;NACIONAL;PE-3N;-7.145126;NULL;NULL;NULL;NULL;NULL;NULL;NULL;NULL;NULL;EN PROCESO DE INVESTIGACIÓN;NO CUENTA CON CAUSA ESPECIFICA;Avenida Vía de Evitamiento Norte;18/4/2022;-78.513815
A-2022-04-246;20:00.0;ATROPELLO;1;0;NULL;LIMA;LIMA;LOS OLIVOS;URBANA;CARRETERA;NACIONAL;PE-1N;-11.937526;NULL;NULL;NULL;NULL;NULL;NULL;NULL;NULL;NULL;EN PROCESO DE INVESTIGACIÓN;NO CUENTA CON CAUSA ESPECIFICA;Avenida Panamericana Norte;18/4/2022;-77.071828
A-2022-04-234;20:00.0;ATROPELLO FUGA;1;0;1;LIMA;HUAURA;VEGUETA;RURAL;CARRETERA;NACIONAL;PE-1N;-10.892131;DESPEJADO;RURAL;TRAMO RECTO;PLANA ;ASFALTADA;SI;REGULADORA (R);INFORMATIVA (I);NO;EN PROCESO DE INVESTIGACIÓN;NO CUENTA CON CAUSA ESPECIFICA;Carretera Panamericana Norte;18/4/2022;-77.675829
A-2022-04-107;30:00.0;ATROPELLO;1;0;1;HUANCAVELICA;HUAYTARA;TAMBO;RURAL;CARRETERA;NACIONAL;PE-28A;-13.472465;DESPEJADO;RURAL;TRAMO RECTO;PLANA ;ASFALTADA;SI;PREVENTIVA (P);NULL;SI;EN PROCESO DE INVESTIGACIÓN;NO CUENTA CON CAUSA ESPECIFICA;Vía de los Libertadores;18/4/2022;-75.065095
A-2022-04-115;20:00.0;CHOQUE;2;0;2;LA LIBERTAD;PACASMAYO;GUADALUPE;RURAL;CARRETERA;NACIONAL;PE-1N;-7.272699;DESPEJADO;RURAL;TRAMO RECTO;PLANA ;ASFALTADA;NULL;NULL;NULL;NULL;IMPRUDENCIA DEL CONDUCTOR;FATIGA Y/O CANSANCIO;Carretera Panamericana Norte;19/4/2022;-79.477915
A-2022-04-114;30:00.0;DESPISTE;1;0;1;LA LIBERTAD;PATAZ;PATAZ;RURAL;CARRETERA;DEPARTAMENTAL;LI-125;-7.817446;DESPEJADO;RURAL;CURVA;INCLINADA;AFIRMADO;NULL;NULL;NULL;NULL;IMPRUDENCIA DEL CONDUCTOR;OTRO (IMPRUDENCIA DEL CONDUCTOR);LI-125;19/4/2022;-77.633574
A-2022-04-187;15:00.0;CHOQUE;1;1;NULL;JUNIN;SATIPO;MAZAMARI;URBANA;CARRETERA;SIN CLASIFICAR;SIN CLASIFICAR;-11.303882;NULL;NULL;NULL;NULL;NULL;NULL;NULL;NULL;NULL;EN PROCESO DE INVESTIGACIÓN;NO CUENTA CON CAUSA ESPECIFICA;Capirushiari;19/4/2022;-74.551871
A-2022-04-247;30:00.0;CAÍDA DE PASAJERO;1;0;NULL;LIMA;LIMA;LA VICTORIA;URBANA;AVENIDA;URBANO;NO CORRESPONDE;-12.066846;NULL;NULL;NULL;NULL;NULL;NULL;NULL;NULL;NULL;EN PROCESO DE INVESTIGACIÓN;NO CUENTA CON CAUSA ESPECIFICA;Ciclovía México;19/4/2022;-77.005215
A-2022-04-209;30:00.0;ATROPELLO;1;0;NULL;ANCASH;SANTA;CHIMBOTE;URBANA;CARRETERA;NACIONAL;PE-1N;-9.072563;DESPEJADO;COMERCIAL;TRAMO RECTO;PLANA ;ASFALTADA;NULL;NULL;NULL;NULL;IMPRUDENCIA DEL PEATÓN;CRUCE INDEBIDO POR LA CALZADA;Avenida José Gálvez;19/4/2022;-78.589025
A-2022-04-47;00:00.0;DESPISTE;1;1;NULL;TACNA;TACNA;SAMA;RURAL;CARRETERA;NACIONAL;PE-1S;-17.805173;NULL;NULL;NULL;NULL;NULL;NULL;NULL;NULL;NULL;EN PROCESO DE INVESTIGACIÓN;NO CUENTA CON CAUSA ESPECIFICA;Carretera Panamericana Sur;19/4/2022;-70.593193
A-2022-04-149;00:00.0;ATROPELLO FUGA;1;0;NULL;CAJAMARCA;CAJAMARCA;LOS BAÑOS DEL INCA;URBANA;JIRÓN;URBANO;NO CORRESPONDE;-7.146743;LLUVIOSO;COMERCIAL;OTRO;PLANA ;ASFALTADA;NULL;NULL;NULL;NULL;EN PROCESO DE INVESTIGACIÓN;NO CUENTA CON CAUSA ESPECIFICA;Jirón La Libertad;19/4/2022;-78.462802
A-2022-04-46;00:00.0;CHOQUE;1;2;0;ICA;ICA;SANTIAGO;URBANA;CARRETERA;NACIONAL;PE-1S;-14.258504;DESPEJADO;RURAL;TRAMO RECTO;PLANA ;ASFALTADA;NULL;NULL;NULL;NULL;EN PROCESO DE INVESTIGACIÓN;NO CUENTA CON CAUSA ESPECIFICA;Carretera Panamericana Sur;19/4/2022;-75.687392
A-2022-04-59;00:00.0;ATROPELLO FUGA;1;0;NULL;CALLAO;CALLAO;CALLAO;URBANA;CARRETERA;NACIONAL;PE-20;-11.942374;DESPEJADO;COMERCIAL;TRAMO RECTO;PLANA ;ASFALTADA;NULL;NULL;NULL;NULL;EN PROCESO DE INVESTIGACIÓN;NO CUENTA CON CAUSA ESPECIFICA;Avenida Coronel Nestor Gambetta;19/4/2022;-77.131271
A-2022-04-78;00:00.0;DESPISTE;1;0;1;AREQUIPA;AREQUIPA;VITOR;RURAL;CARRETERA;PROVINCIAL;AR-727;-16.439461;DESPEJADO;RURAL;CURVA;PLANA ;ASFALTADA;NO;NULL;NULL;SI;EN PROCESO DE INVESTIGACIÓN;NO CUENTA CON CAUSA ESPECIFICA;AR-727;19/4/2022;-71.929865
A-2022-04-93;40:00.0;CHOQUE;1;0;NULL;LAMBAYEQUE;LAMBAYEQUE;MORROPE;RURAL;CARRETERA;NACIONAL;PE-1N;-6.519502;DESPEJADO;RURAL;TRAMO RECTO;PLANA ;ASFALTADA;NULL;NULL;NULL;NULL;EN PROCESO DE INVESTIGACIÓN;NO CUENTA CON CAUSA ESPECIFICA;Carretera Panamericana Norte;20/4/2022;-80.047729
A-2022-04-55;45:00.0;DESPISTE;2;1;NULL;TACNA;JORGE BASADRE;LOCUMBA;RURAL;CARRETERA;PROVINCIAL;TA-573;-17.520609;NULL;NULL;NULL;NULL;NULL;NULL;NULL;NULL;NULL;EN PROCESO DE INVESTIGACIÓN;NO CUENTA CON CAUSA ESPECIFICA;Carretera Locumba - Cinto;20/4/2022;-70.722154
A-2022-04-60;55:00.0;DESPISTE;1;0;NULL;CALLAO;CALLAO;CALLAO;URBANA;OTRO;URBANO;NO CORRESPONDE;-12.054155;DESPEJADO;INDUSTRIAL;TRAMO RECTO;PLANA ;ASFALTADA;NULL;NULL;NULL;NULL;IMPRUDENCIA DEL CONDUCTOR;OTRO (IMPRUDENCIA DEL CONDUCTOR);Calle Manco Capac;20/4/2022;-77.145566
A-2022-04-241;00:00.0;ATROPELLO;1;1;1;MADRE DE DIOS;TAMBOPATA;INAMBARI;RURAL;CARRETERA;NACIONAL;PE-30C;-12.885302;DESPEJADO;COMERCIAL;TRAMO RECTO;PLANA ;ASFALTADA;NULL;NULL;NULL;NULL;IMPRUDENCIA DEL PEATÓN;ESTADO DE EBRIEDAD Y/O DROGADICCIÓN;Interoceánica Sur;20/4/2022;-70.023002
A-2022-04-58;45:00.0;CHOQUE;1;0;2;PUNO;CHUCUITO;ZEPITA;RURAL;CARRETERA;NACIONAL;PE-3S;-16.512367;DESPEJADO;RURAL;TRAMO RECTO;PLANA ;ASFALTADA;NULL;NULL;NULL;NULL;IMPRUDENCIA DEL CONDUCTOR;NO DAR PASO PREFERENTE AL PEATÓN;Carretera Longitudinal de la Sierra Sur;20/4/2022;-69.088222
A-2022-04-118;00:00.0;ATROPELLO;1;2;1;LA LIBERTAD;PACASMAYO;SAN PEDRO DE LLOC;RURAL;CARRETERA;NACIONAL;PE-1N;-7.4529;DESPEJADO;RURAL;TRAMO RECTO;PLANA ;ASFALTADA;NULL;NULL;NULL;NULL;EN PROCESO DE INVESTIGACIÓN;NO CUENTA CON CAUSA ESPECIFICA;Panamericana Norte;20/4/2022;-79.490654
A-2022-04-248;30:00.0;DESPISTE;1;1;NULL;LIMA;LIMA;COMAS;URBANA;AVENIDA;URBANO;NO CORRESPONDE;-11.936711;NULL;NULL;NULL;NULL;NULL;NULL;NULL;NULL;NULL;EN PROCESO DE INVESTIGACIÓN;NO CUENTA CON CAUSA ESPECIFICA;Avenida Túpac Amaru;20/4/2022;-77.048712
A-2022-04-249;30:00.0;CHOQUE;1;0;NULL;LIMA;LIMA;LURIGANCHO;URBANA;CARRETERA;PROVINCIAL;LM-711;-11.985049;NULL;NULL;NULL;NULL;NULL;NULL;NULL;NULL;NULL;EN PROCESO DE INVESTIGACIÓN;NO CUENTA CON CAUSA ESPECIFICA;Avenida 9 de Setiembre;20/4/2022;-76.93855
A-2022-04-145;45:00.0;CAÍDA DE PASAJERO;1;0;NULL;APURIMAC;ANDAHUAYLAS;ANDAHUAYLAS;URBANA;CARRETERA;NACIONAL;PE-3S;-13.661499;NULL;NULL;NULL;NULL;NULL;NULL;NULL;NULL;NULL;EN PROCESO DE INVESTIGACIÓN;NO CUENTA CON CAUSA ESPECIFICA;Avenida Sesquicentenario;20/4/2022;-73.41861
A-2022-04-268;13:00.0;CHOQUE;1;1;NULL;LIMA;LIMA;VILLA EL SALVADOR;RURAL;CARRETERA;NACIONAL;PE-1S;-12.23388;DESPEJADO;INDUSTRIAL;TRAMO RECTO;PLANA ;ASFALTADA;NULL;NULL;NULL;NULL;IMPRUDENCIA DEL CONDUCTOR;OTRO (IMPRUDENCIA DEL CONDUCTOR);Carretera Panamericana Sur;21/4/2022;-76.960183
A-2022-04-63;30:00.0;ATROPELLO;1;0;1;PUNO;YUNGUYO;OLLARAYA;RURAL;CARRETERA;DEPARTAMENTAL;PU-151;-16.249249;DESPEJADO;RURAL;CURVA;PLANA ;ASFALTADA;SI;PREVENTIVA (P);NULL;SI;IMPRUDENCIA DEL PEATÓN;OTRO (IMPRUDENCIA DEL PEATÓN);PU-1310;21/4/2022;-69.002408
A-2022-04-79;30:00.0;ATROPELLO;1;0;1;AREQUIPA;CAYLLOMA;MAJES;URBANA;CARRETERA;DEPARTAMENTAL;AR-108;-16.35018;DESPEJADO;COMERCIAL;ÓVALO;PLANA ;ASFALTADA;NO;NULL;NULL;SI;EN PROCESO DE INVESTIGACIÓN;NO CUENTA CON CAUSA ESPECIFICA;Avenida Arequipa;21/4/2022;-72.185433
A-2022-04-98;00:00.0;CHOQUE;1;0;2;LAMBAYEQUE;CHICLAYO;LA VICTORIA;RURAL;CARRETERA;NACIONAL;PE-1N;-6.801381;NUBLADO;RURAL;TRAMO RECTO;PLANA ;ASFALTADA;NULL;NULL;NULL;NULL;EN PROCESO DE INVESTIGACIÓN;NO CUENTA CON CAUSA ESPECIFICA;Avenida Gran Chimú;21/4/2022;-79.850103
A-2022-04-250;03:00.0;DESPISTE;1;0;NULL;LIMA;LIMA;RIMAC;URBANA;AVENIDA;URBANO;NO CORRESPONDE;-12.027727;NULL;NULL;NULL;NULL;NULL;NULL;NULL;NULL;NULL;EN PROCESO DE INVESTIGACIÓN;NO CUENTA CON CAUSA ESPECIFICA;Avenida Morro de Arica;22/4/2022;-77.040628
A-2022-04-251;00:00.0;VOLCADURA;1;0;NULL;LIMA;LIMA;EL AGUSTINO;URBANA;CARRETERA;NACIONAL;PE-1N;-12.030099;NULL;NULL;NULL;NULL;NULL;NULL;NULL;NULL;NULL;EN PROCESO DE INVESTIGACIÓN;NO CUENTA CON CAUSA ESPECIFICA;Avenida 1 de Mayo;22/4/2022;-76.994874
A-2022-04-210;45:00.0;CHOQUE FUGA;1;0;NULL;ANCASH;SANTA;SANTA;RURAL;CARRETERA;NACIONAL;PE-1N;-8.99838;DESPEJADO;RURAL;TRAMO RECTO;PLANA ;ASFALTADA;NULL;NULL;NULL;NULL;EN PROCESO DE INVESTIGACIÓN;NO CUENTA CON CAUSA ESPECIFICA;Panamericana Norte;22/4/2022;-78.617956
A-2022-04-147;30:00.0;CHOQUE;1;0;2;PIURA;PIURA;LA UNION;RURAL;CARRETERA;NACIONAL;PE-1NK;-5.376075;DESPEJADO;RURAL;TRAMO RECTO;PLANA ;ASFALTADA;NULL;NULL;NULL;NULL;EN PROCESO DE INVESTIGACIÓN;NO CUENTA CON CAUSA ESPECIFICA;Carretera Piura - Sechura;22/4/2022;-80.736066
A-2022-04-160;30:00.0;CHOQUE;1;1;NULL;LAMBAYEQUE;LAMBAYEQUE;LAMBAYEQUE;URBANA;CARRETERA;NACIONAL;PE-1N;-6.68541;DESPEJADO;RESIDENCIAL;TRAMO RECTO;PLANA ;ASFALTADA;NULL;NULL;NULL;NULL;IMPRUDENCIA DEL CONDUCTOR;EXCESO DE VELOCIDAD;Ruta Panamericana Norte;22/4/2022;-79.90401
A-2022-04-252;45:00.0;CHOQUE;1;0;NULL;LIMA;LIMA;RIMAC;URBANA;CARRETERA;NACIONAL;PE-1N;-12.037505;NULL;NULL;NULL;NULL;NULL;NULL;NULL;NULL;NULL;EN PROCESO DE INVESTIGACIÓN;NO CUENTA CON CAUSA ESPECIFICA;Avenida 9 de Octubre;22/4/2022;-77.013085
A-2022-04-153;20:00.0;DESPISTE;2;1;1;CAJAMARCA;JAEN;PUCARA;RURAL;CARRETERA;NACIONAL;PE-3N;-6.050729;DESPEJADO;RURAL;CURVA;INCLINADA;AFIRMADO;NULL;NULL;NULL;NULL;EN PROCESO DE INVESTIGACIÓN;NO CUENTA CON CAUSA ESPECIFICA;Carretera Presidente Fernando Belaúnde Terry;22/4/2022;-79.111278
A-2022-04-138;35:00.0;ATROPELLO;1;0;NULL;CUSCO;QUISPICANCHI;ANDAHUAYLILLAS;URBANA;CARRETERA;NACIONAL;PE-3S;-13.659085;DESPEJADO;RURAL;TRAMO RECTO;PLANA ;ASFALTADA;NULL;NULL;NULL;NULL;IMPRUDENCIA DEL CONDUCTOR;EXCESO DE VELOCIDAD;Carretera Longitudinal de la Sierra Sur;22/4/2022;-71.684303
A-2022-04-61;40:00.0;CHOQUE;1;0;NULL;CALLAO;CALLAO;CALLAO;URBANA;CARRETERA;NACIONAL;PE-20;-11.978254;DESPEJADO;COMERCIAL;TRAMO RECTO;PLANA ;ASFALTADA;NULL;NULL;NULL;NULL;IMPRUDENCIA DEL CONDUCTOR;NO DAR PASO PREFERENTE AL PEATÓN;Avenida Coronel Nestor Gambetta;22/4/2022;-77.125139
A-2022-04-155;45:00.0;DESPISTE;1;6;1;CAJAMARCA;CAJAMARCA;CAJAMARCA;RURAL;CARRETERA;NACIONAL;PE-3N;-6.940767;DESPEJADO;RURAL;OTRO;INCLINADA;ASFALTADA;NULL;NULL;NULL;NULL;EN PROCESO DE INVESTIGACIÓN;NO CUENTA CON CAUSA ESPECIFICA;Carretera Longitudinal de la Sierra Norte;22/4/2022;-78.602535
A-2022-04-233;35:00.0;DESPISTE;1;3;2;ICA;CHINCHA;EL CARMEN;RURAL;CARRETERA;NACIONAL;PE-1SE;-13.588002;DESPEJADO;RURAL;TRAMO RECTO;PLANA ;ASFALTADA;NULL;NULL;NULL;NULL;NEGLIGENCIA DEL CONDUCTOR;OTRO (NEGLIGENCIA DEL CONDUCTOR);Carretera Panamericana Sur;23/4/2022;-76.166601
A-2022-04-108;35:00.0;DESPISTE;1;1;1;HUANCAVELICA;TAYACAJA;PAZOS;RURAL;CARRETERA;DEPARTAMENTAL;HV-124;-12.261372;DESPEJADO;RURAL;CURVA;INCLINADA;CASCAJO/RIPIO;NULL;NULL;NULL;NULL;EN PROCESO DE INVESTIGACIÓN;NO CUENTA CON CAUSA ESPECIFICA;Carr. Pazos - Pichos;23/4/2022;-75.040445
A-2022-04-121;00:00.0;CHOQUE;1;0;2;LA LIBERTAD;SANCHEZ CARRION;HUAMACHUCO;RURAL;CARRETERA;NACIONAL;PE-3N;-7.811838;DESPEJADO;RURAL;CURVA;PLANA ;AFIRMADO;NULL;NULL;NULL;NULL;IMPRUDENCIA DEL CONDUCTOR;EXCESO DE VELOCIDAD;Shiracmaca;23/4/2022;-77.998134
A-2022-04-154;00:00.0;VOLCADURA;1;0;1;CAJAMARCA;SAN IGNACIO;CHIRINOS;RURAL;CARRETERA;PROVINCIAL;CA-623;-5.418239;DESPEJADO;RURAL;TRAMO RECTO;INCLINADA;ASFALTADA;NULL;NULL;NULL;NULL;EN PROCESO DE INVESTIGACIÓN;NO CUENTA CON CAUSA ESPECIFICA;CA-623;23/4/2022;-78.828338
A-2022-04-258;00:00.0;DESPISTE;1;2;1;LIMA;BARRANCA;PARAMONGA;RURAL;CARRETERA;NACIONAL;PE-16;-10.430078;DESPEJADO;RURAL;TRAMO RECTO;PLANA ;ASFALTADA;SI;PREVENTIVA (P);PREVENTIVA (P);NO;IMPRUDENCIA DEL CONDUCTOR;OTRO (IMPRUDENCIA DEL CONDUCTOR);Carretera a Huaraz;24/4/2022;-77.726201
A-2022-04-254;20:00.0;CHOQUE;1;0;NULL;LIMA;LIMA;COMAS;URBANA;AVENIDA;URBANO;NO CORRESPONDE;-11.930176;NULL;NULL;NULL;NULL;NULL;NULL;NULL;NULL;NULL;EN PROCESO DE INVESTIGACIÓN;NO CUENTA CON CAUSA ESPECIFICA;Avenida Andres Avelino Cáceres;24/4/2022;-77.043051
A-2022-04-255;30:00.0;ATROPELLO FUGA;1;0;NULL;LIMA;LIMA;ATE;URBANA;CARRETERA;NACIONAL;PE-22;-12.010227;NULL;NULL;NULL;NULL;NULL;NULL;NULL;NULL;NULL;EN PROCESO DE INVESTIGACIÓN;NO CUENTA CON CAUSA ESPECIFICA;Carretera Central;24/4/2022;-76.869461
A-2022-04-85;40:00.0;DESPISTE;1;1;1;AREQUIPA;AREQUIPA;SANTA RITA DE SIGUAS;RURAL;CARRETERA;NACIONAL;PE-1S;-16.399693;DESPEJADO;RURAL;TRAMO RECTO;PLANA ;ASFALTADA;NO;NULL;NULL;SI;EN PROCESO DE INVESTIGACIÓN;NO CUENTA CON CAUSA ESPECIFICA;Carretera Panamericana Sur;24/4/2022;-72.079581
A-2022-04-95;10:00.0;DESPISTE;1;0;NULL;LAMBAYEQUE;LAMBAYEQUE;JAYANCA;RURAL;CARRETERA;PROVINCIAL;LA-561;-6.373168;DESPEJADO;RURAL;OTRO;PLANA ;ASFALTADA;NULL;NULL;NULL;NULL;EN PROCESO DE INVESTIGACIÓN;NO CUENTA CON CAUSA ESPECIFICA;LA-561;24/4/2022;-79.829794
A-2022-04-256;00:00.0;ATROPELLO FUGA;1;0;NULL;LIMA;LIMA;PUENTE PIEDRA;URBANA;AVENIDA;URBANO;NO CORRESPONDE;-11.864653;NULL;NULL;NULL;NULL;NULL;NULL;NULL;NULL;NULL;EN PROCESO DE INVESTIGACIÓN;NO CUENTA CON CAUSA ESPECIFICA;Avenida San Juan de Dios;24/4/2022;-77.073862
A-2022-04-123;30:00.0;ATROPELLO;1;0;1;LA LIBERTAD;SANTIAGO DE CHUCO;SANTIAGO DE CHUCO;RURAL;CARRETERA;DEPARTAMENTAL;LI-122;-8.147865;DESPEJADO;RURAL;TRAMO RECTO;PLANA ;ASFALTADA;NULL;NULL;NULL;NULL;NEGLIGENCIA DEL CONDUCTOR;CONDUCIR CON FALLAS DE FRENOS;Calle España aparte de Mieste Cáliz;24/4/2022;-78.172838
A-2022-04-257;30:00.0;CHOQUE;1;0;NULL;LIMA;LIMA;COMAS;URBANA;CARRETERA;NACIONAL;PE-1N;-11.924818;NULL;NULL;NULL;NULL;NULL;NULL;NULL;NULL;NULL;EN PROCESO DE INVESTIGACIÓN;NO CUENTA CON CAUSA ESPECIFICA;Avenida Panamericana Norte;24/4/2022;-77.072837
A-2022-04-130;48:00.0;DESPISTE;1;4;1;HUANCAVELICA;CASTROVIRREYNA;CASTROVIRREYNA;RURAL;CARRETERA;PROVINCIAL;HV-974;-13.179028;DESPEJADO;RURAL;TRAMO RECTO;INCLINADA;AFIRMADO;NULL;NULL;NULL;NULL;EN PROCESO DE INVESTIGACIÓN;NO CUENTA CON CAUSA ESPECIFICA;Castrovirreyna;24/4/2022;-75.2311
A-2022-04-99;30:00.0;CHOQUE;1;1;2;LAMBAYEQUE;CHICLAYO;PICSI;RURAL;CARRETERA;DEPARTAMENTAL;LA-111;-6.727133;NUBLADO;RURAL;TRAMO RECTO;PLANA ;ASFALTADA;SI;REGULADORA (R);NULL;NO;EN PROCESO DE INVESTIGACIÓN;NO CUENTA CON CAUSA ESPECIFICA;Carretera Chiclayo - Picsi;24/4/2022;-79.777643