CÓDIGO SINIESTRO;HORA SINIESTRO;CLASE SINIESTRO;CANTIDAD DE FALLECIDOS;CANTIDAD DE LESIONADOS;CANTIDAD DE VEHICULOS DAÑADOS;DEPARTAMENTO;PROVINCIA;DISTRITO;ZONA;TIPO DE VÍA;RED VIAL;COD CARRETERA;COORDENADAS LATITUD;CONDICIÓN CLIMÁTICA;ZONIFICACIÓN;CARACTERÍSTICAS DE VÍA;PERFIL LONGITUDINAL VÍA;SUPERFICIE DE CALZADA;¿EXISTE SEÑAL VERTICAL?;CLASIFICACIÓN DE LA SEÑAL VERTICAL Nº 1;CLASIFICACIÓN DE LA SEÑAL VERTICAL Nº 2;¿EXISTE SEÑAL HORIZONTAL?;CAUSA FACTOR PRINCIPAL;CAUSA ESPECÍFICA;UBICACION;FECHA SINIESTRO;COORDENADAS LONGITUD
A-2022-04-122;35:00.0;CHOQUE FUGA;1;0;1;LA LIBERTAD;ASCOPE;CASA GRANDE;RURAL;CARRETERA;PROVINCIAL;LI-619;-7.727393;DESPEJADO;RURAL;TRAMO RECTO;PLANA ;ASFALTADA;NULL;NULL;NULL;NULL;IMPRUDENCIA DEL CONDUCTOR;INVASIÓN DE CARRIL;LI-619;24/4/2022;-79.20575
A-2022-05-83;30:00.0;CAÍDA DE PASAJERO;1;0;1;PIURA;MORROPON;LA MATANZA;RURAL;CARRETERA;PROVINCIAL;PI-970;-5.21389;DESPEJADO;RURAL;TRAMO RECTO;PLANA ;ASFALTADA;NULL;NULL;NULL;NULL;EN PROCESO DE INVESTIGACIÓN;NO CUENTA CON CAUSA ESPECIFICA;Calle Mariscal Sucre;24/4/2022;-80.0906
A-2022-04-76;45:00.0;ATROPELLO;1;0;1;TUMBES;CONTRALMIRANTE VILLAR;ZORRITOS;RURAL;CARRETERA;NACIONAL;PE-1N;-3.662981;DESPEJADO;RURAL;CURVA;PLANA ;ASFALTADA;NULL;NULL;NULL;NULL;IMPRUDENCIA DEL PEATÓN;ESTADO DE EBRIEDAD Y/O DROGADICCIÓN;Carretera Panamericana Norte;25/4/2022;-80.626399
A-2022-04-141;00:00.0;DESPISTE;1;0;1;CUSCO;CALCA;SAN SALVADOR;RURAL;CARRETERA;NACIONAL;PE-28B;-13.525397;DESPEJADO;RURAL;TRAMO RECTO;PLANA ;ASFALTADA;NULL;NULL;NULL;NULL;IMPRUDENCIA DEL CONDUCTOR;EXCESO DE VELOCIDAD;PE-28B;25/4/2022;-71.738544
A-2022-04-161;00:00.0;ATROPELLO FUGA;1;0;NULL;LAMBAYEQUE;CHICLAYO;CAYALTI;RURAL;CARRETERA;NACIONAL;PE-1NI;-6.896417;NULL;NULL;NULL;NULL;NULL;NULL;NULL;NULL;NULL;EN PROCESO DE INVESTIGACIÓN;NO CUENTA CON CAUSA ESPECIFICA;PE-1NI;25/4/2022;-79.55292
A-2022-04-77;30:00.0;ATROPELLO;1;0;1;PUNO;YUNGUYO;CUTURAPI;RURAL;CARRETERA;SIN CLASIFICAR;SIN CLASIFICAR;-16.290766;DESPEJADO;RURAL;OTRO;INCLINADA;TROCHA;NULL;NULL;NULL;NULL;IMPRUDENCIA DEL PEATÓN;OTRO (IMPRUDENCIA DEL PEATÓN);Chimbo;25/4/2022;-69.200133
A-2022-04-171;45:00.0;CHOQUE;1;1;1;PUNO;CARABAYA;CRUCERO;URBANA;CARRETERA;NACIONAL;PE-34K;-14.3608;DESPEJADO;RESIDENCIAL;TRAMO RECTO;PLANA ;ASFALTADA;NULL;NULL;NULL;NULL;IMPRUDENCIA DEL CONDUCTOR;OTRO (IMPRUDENCIA DEL CONDUCTOR);Crucero;25/4/2022;-70.025842
A-2022-04-259;30:00.0;ATROPELLO FUGA;1;0;NULL;LIMA;LIMA;LURIGANCHO;URBANA;CARRETERA;NACIONAL;PE-22;-12.020773;NULL;NULL;NULL;NULL;NULL;NULL;NULL;NULL;NULL;EN PROCESO DE INVESTIGACIÓN;NO CUENTA CON CAUSA ESPECIFICA;Autopista Ramiro Prialé;26/4/2022;-76.935817
A-2022-04-229;30:00.0;DESPISTE;1;1;NULL;JUNIN;TARMA;HUASAHUASI;RURAL;CARRETERA;PROVINCIAL;JU-578;-11.265527;NULL;NULL;NULL;NULL;NULL;NULL;NULL;NULL;NULL;EN PROCESO DE INVESTIGACIÓN;NO CUENTA CON CAUSA ESPECIFICA;Huasahuasi;26/4/2022;-75.634829
A-2022-04-260;20:00.0;CHOQUE;1;0;NULL;LIMA;LIMA;SURQUILLO;URBANA;AVENIDA;URBANO;NO CORRESPONDE;-12.115687;NULL;NULL;NULL;NULL;NULL;NULL;NULL;NULL;NULL;EN PROCESO DE INVESTIGACIÓN;NO CUENTA CON CAUSA ESPECIFICA;Avenida Tomás Marsano;26/4/2022;-77.009914
A-2022-04-84;30:00.0;ATROPELLO;1;0;NULL;LAMBAYEQUE;LAMBAYEQUE;ILLIMO;URBANA;CARRETERA;NACIONAL;PE-1NJ;-6.469726;DESPEJADO;RESIDENCIAL;TRAMO RECTO;PLANA ;ASFALTADA;SI;REGULADORA (R);PREVENTIVA (P);NO;EN PROCESO DE INVESTIGACIÓN;NO CUENTA CON CAUSA ESPECIFICA;Carretera Lambayegue - Olmos;26/4/2022;-79.855742
A-2022-04-148;00:00.0;CHOQUE;1;1;2;PIURA;PIURA;CATACAOS;RURAL;CARRETERA;NACIONAL;PE-1NK;-5.30587;DESPEJADO;RURAL;TRAMO RECTO;PLANA ;ASFALTADA;NULL;NULL;NULL;NULL;EN PROCESO DE INVESTIGACIÓN;NO CUENTA CON CAUSA ESPECIFICA;Carretera Piura - Sechura;26/4/2022;-80.700974
A-2022-04-80;10:00.0;ESPECIAL;1;0;NULL;ICA;PISCO;SAN CLEMENTE;URBANA;OTRO;URBANO;NO CORRESPONDE;-13.671492;DESPEJADO;RESIDENCIAL;OTRO;PLANA ;CONCRETO;NULL;NULL;NULL;NULL;EN PROCESO DE INVESTIGACIÓN;NO CUENTA CON CAUSA ESPECIFICA;Calle Chorrillos;26/4/2022;-76.153446
A-2022-04-129;30:00.0;DESPISTE;1;2;1;ANCASH;SIHUAS;CASHAPAMPA;RURAL;CARRETERA;NACIONAL;PE-12A;-8.578982;DESPEJADO;RURAL;SINUOSA;INCLINADA;ASFALTADA;NULL;NULL;NULL;NULL;EN PROCESO DE INVESTIGACIÓN;NO CUENTA CON CAUSA ESPECIFICA;PE-12A;27/4/2022;-77.625131
A-2022-04-120;00:00.0;CHOQUE;1;0;NULL;PUNO;PUNO;COATA;RURAL;CARRETERA;DEPARTAMENTAL;PU-118;-15.566918;DESPEJADO;RURAL;TRAMO RECTO;PLANA ;ASFALTADA;NULL;NULL;NULL;NULL;IMPRUDENCIA DEL CONDUCTOR;INVASIÓN DE CARRIL;Carretera Coata - Capachica;27/4/2022;-69.95664
A-2022-04-203;00:00.0;ATROPELLO;1;0;NULL;LIMA;LIMA;CARABAYLLO;URBANA;AVENIDA;URBANO;NO CORRESPONDE;-11.872143;NULL;NULL;NULL;NULL;NULL;NULL;NULL;NULL;NULL;EN PROCESO DE INVESTIGACIÓN;NO CUENTA CON CAUSA ESPECIFICA;Jirón Samane Ocampo;27/4/2022;-77.01105
A-2022-04-162;45:00.0;VOLCADURA;1;0;1;APURIMAC;CHINCHEROS;CHINCHEROS;RURAL;CARRETERA;NACIONAL;PE-3S;-13.515317;DESPEJADO;RURAL;TRAMO RECTO;INCLINADA;ASFALTADA;SI;REGULADORA (R);NULL;NO;NEGLIGENCIA DEL CONDUCTOR;OTRO (NEGLIGENCIA DEL CONDUCTOR);Carretera Longitudinal de la Sierra Sur;27/4/2022;-73.706191
A-2022-04-151;00:00.0;CHOQUE;3;1;2;PIURA;SECHURA;SECHURA;RURAL;CARRETERA;NACIONAL;PE-1N;-5.888105;DESPEJADO;RURAL;TRAMO RECTO;PLANA ;ASFALTADA;NULL;NULL;NULL;NULL;IMPRUDENCIA DEL CONDUCTOR;INVASIÓN DE CARRIL;Carretera Panamericana Norte;28/4/2022;-80.535133
A-2022-04-211;45:00.0;CHOQUE;2;0;NULL;ANCASH;HUARMEY;HUARMEY;RURAL;CARRETERA;NACIONAL;PE-1N;-10.406937;DESPEJADO;RURAL;CURVA;PLANA ;ASFALTADA;NULL;NULL;NULL;NULL;EN PROCESO DE INVESTIGACIÓN;NO CUENTA CON CAUSA ESPECIFICA;Panamericana Norte;28/4/2022;-77.967914
A-2022-04-261;30:00.0;CHOQUE;1;0;NULL;LIMA;LIMA;LINCE;URBANA;PASAJE;URBANO;NO CORRESPONDE;-12.083654;NULL;NULL;NULL;NULL;NULL;NULL;NULL;NULL;NULL;EN PROCESO DE INVESTIGACIÓN;NO CUENTA CON CAUSA ESPECIFICA;Pasaje Quilla;28/4/2022;-77.043243
A-2022-04-157;15:00.0;ATROPELLO;1;0;1;LIMA;HUARAL;AUCALLAMA;URBANA;CARRETERA;NACIONAL;PE-20C;-11.585092;DESPEJADO;RESIDENCIAL;TRAMO RECTO;PLANA ;ASFALTADA;NULL;NULL;NULL;NULL;IMPRUDENCIA DEL PEATÓN;CRUCE INDEBIDO POR LA CALZADA;Aucallama;28/4/2022;-77.201952
A-2022-04-262;50:00.0;CHOQUE;1;0;NULL;LIMA;LIMA;LURIGANCHO;URBANA;CARRETERA;PROVINCIAL;LM-711;-11.969253;NULL;NULL;NULL;NULL;NULL;NULL;NULL;NULL;NULL;EN PROCESO DE INVESTIGACIÓN;NO CUENTA CON CAUSA ESPECIFICA;Avenida Unión Jicamarca;28/4/2022;-76.937386
A-2022-04-119;30:00.0;DESPISTE;1;0;1;ANCASH;RECUAY;HUAYLLAPAMPA;RURAL;CARRETERA;PROVINCIAL;AN-1236;-10.055218;DESPEJADO;RURAL;CURVA;INCLINADA;TROCHA;SI;PREVENTIVA (P);NULL;NO;IMPRUDENCIA DEL CONDUCTOR;CONDUCIR EN ESTADO DE EBRIEDAD Y/O DROGADICCIÓN;AN-1236;29/4/2022;-77.536349
A-2022-04-267;00:00.0;ATROPELLO;1;0;NULL;LORETO;MAYNAS;SAN JUAN BAUTISTA;URBANA;CARRETERA;DEPARTAMENTAL;LO-103;-3.885422;DESPEJADO;RURAL;CURVA;INCLINADA;ASFALTADA;NO;NULL;NULL;NO;IMPRUDENCIA DEL PEATÓN;ESTADO DE EBRIEDAD Y/O DROGADICCIÓN;Carretera Iquitos - Nauta;29/4/2022;-73.351644
A-2022-04-263;00:00.0;DESPISTE;1;0;NULL;LIMA;LIMA;EL AGUSTINO;URBANA;CARRETERA;NACIONAL;PE-1N;-12.030002;NULL;NULL;NULL;NULL;NULL;NULL;NULL;NULL;NULL;EN PROCESO DE INVESTIGACIÓN;NO CUENTA CON CAUSA ESPECIFICA;Vía de Evitamiento;29/4/2022;-76.994403
A-2022-04-100;10:00.0;ATROPELLO;1;1;1;AREQUIPA;AREQUIPA;PAUCARPATA;URBANA;AVENIDA;URBANO;NO CORRESPONDE;-16.41071;DESPEJADO;COMERCIAL;INTERSECCIÓN;INCLINADA;ASFALTADA;NO;NULL;NULL;SI;EN PROCESO DE INVESTIGACIÓN;NO CUENTA CON CAUSA ESPECIFICA;Prolongación Avenida Mariscal Castilla;29/4/2022;-71.504341
A-2022-04-146;00:00.0;ATROPELLO;1;0;1;CUSCO;QUISPICANCHI;LUCRE;RURAL;CARRETERA;NACIONAL;PE-3S;-13.606024;DESPEJADO;RURAL;TRAMO RECTO;PLANA ;ASFALTADA;NULL;NULL;NULL;NULL;IMPRUDENCIA DEL CONDUCTOR;EXCESO DE VELOCIDAD;Carretera Longitudinal de la Sierra Sur;29/4/2022;-71.752779
A-2022-04-124;15:00.0;CHOQUE;1;0;2;LA LIBERTAD;PACASMAYO;GUADALUPE;URBANA;CARRETERA;PROVINCIAL;LI-508;-7.239658;DESPEJADO;COMERCIAL;TRAMO RECTO;PLANA ;ASFALTADA;NULL;NULL;NULL;NULL;IMPRUDENCIA DEL CONDUCTOR;GIRAR IMPRUDENTEMENTE;Avenida Manuel Seoane;29/4/2022;-79.464864
A-2022-04-127;00:00.0;CHOQUE;1;0;2;LA LIBERTAD;OTUZCO;AGALLPAMPA;RURAL;CARRETERA;NACIONAL;PE-10A;-7.997596;DESPEJADO;RURAL;TRAMO RECTO;PLANA ;ASFALTADA;NULL;NULL;NULL;NULL;EN PROCESO DE INVESTIGACIÓN;NO CUENTA CON CAUSA ESPECIFICA;Carretera Trujillo - Huamachuco;29/4/2022;-78.433456
A-2022-04-265;40:00.0;ATROPELLO;1;0;NULL;LIMA;LIMA;LURIGANCHO;URBANA;CARRETERA;NACIONAL;PE-22;-11.930346;NULL;NULL;NULL;NULL;NULL;NULL;NULL;NULL;NULL;EN PROCESO DE INVESTIGACIÓN;NO CUENTA CON CAUSA ESPECIFICA;Avenida Lima Norte;29/4/2022;-76.691038
A-2022-04-102;00:00.0;CHOQUE;1;2;2;ICA;PISCO;SAN ANDRES;RURAL;CARRETERA;NACIONAL;PE-1S;-13.815436;DESPEJADO;RURAL;TRAMO RECTO;PLANA ;ASFALTADA;NULL;NULL;NULL;NULL;EN PROCESO DE INVESTIGACIÓN;NO CUENTA CON CAUSA ESPECIFICA;Carretera Panamericana Sur;29/4/2022;-76.147472
A-2022-04-240;30:00.0;ATROPELLO;1;0;1;CAJAMARCA;CAJAMARCA;LOS BAÑOS DEL INCA;URBANA;JIRÓN;URBANO;NO CORRESPONDE;-7.155308;DESPEJADO;RESIDENCIAL;TRAMO RECTO;PLANA ;ASFALTADA;NULL;NULL;NULL;NULL;IMPRUDENCIA DEL PEATÓN;CRUCE INDEBIDO POR LA CALZADA;Jirón La Libertad;30/4/2022;-78.459691
A-2022-04-134;10:00.0;ATROPELLO;1;0;1;LA LIBERTAD;CHEPEN;CHEPEN;RURAL;CARRETERA;NACIONAL;PE-1N;-7.231615;DESPEJADO;RURAL;TRAMO RECTO;PLANA ;ASFALTADA;NULL;NULL;NULL;NULL;IMPRUDENCIA DEL CONDUCTOR;OTRO (IMPRUDENCIA DEL CONDUCTOR);Carretera Panamericana Norte;30/4/2022;-79.450002
A-2022-04-132;15:00.0;DESPISTE;1;0;1;LA LIBERTAD;CHEPEN;CHEPEN;RURAL;CARRETERA;NACIONAL;PE-1N;-7.226003;DESPEJADO;RURAL;TRAMO RECTO;PLANA ;ASFALTADA;NULL;NULL;NULL;NULL;EN PROCESO DE INVESTIGACIÓN;NO CUENTA CON CAUSA ESPECIFICA;Carretera Panamericana Norte;30/4/2022;-79.442813
A-2022-04-253;30:00.0;ATROPELLO;1;0;1;TACNA;TACNA;CALANA;URBANA;CARRETERA;PROVINCIAL;TA-615;-17.938476;DESPEJADO;INDUSTRIAL;TRAMO RECTO;PLANA ;ASFALTADA;NULL;NULL;NULL;NULL;IMPRUDENCIA DEL PEATÓN;ESTADO DE EBRIEDAD Y/O DROGADICCIÓN;Avenida General Varela;30/4/2022;-70.185312
A-2022-04-266;45:00.0;ATROPELLO;1;0;NULL;LIMA;LIMA;PUNTA NEGRA;URBANA;CARRETERA;NACIONAL;PE-1S;-12.36425;NULL;NULL;NULL;NULL;NULL;NULL;NULL;NULL;NULL;EN PROCESO DE INVESTIGACIÓN;NO CUENTA CON CAUSA ESPECIFICA;Carretera Panamericana Sur;30/4/2022;-76.792136
A-2022-04-104;45:00.0;CHOQUE;2;1;2;ICA;NASCA;EL INGENIO;RURAL;CARRETERA;NACIONAL;PE-1S;-14.797733;DESPEJADO;RURAL;TRAMO RECTO;INCLINADA;ASFALTADA;NULL;NULL;NULL;NULL;EN PROCESO DE INVESTIGACIÓN;NO CUENTA CON CAUSA ESPECIFICA;Carretera Panamericana Sur;30/4/2022;-75.008648
A-2022-05-2;10:00.0;DESPISTE;1;0;1;ICA;ICA;SUBTANJALLA;URBANA;CARRETERA;NACIONAL;PE-1S;-14.014031;DESPEJADO;RESIDENCIAL;TRAMO RECTO;PLANA ;ASFALTADA;NULL;NULL;NULL;NULL;EN PROCESO DE INVESTIGACIÓN;NO CUENTA CON CAUSA ESPECIFICA;Carretera Panamericana Sur;1/5/2022;-75.763981
A-2022-05-3;15:00.0;ATROPELLO FUGA;1;0;NULL;ICA;PISCO;TUPAC AMARU INCA;URBANA;CARRETERA;NACIONAL;PE-1S;-13.709009;DESPEJADO;RESIDENCIAL;TRAMO RECTO;PLANA ;ASFALTADA;NO;NULL;NULL;SI;EN PROCESO DE INVESTIGACIÓN;NO CUENTA CON CAUSA ESPECIFICA;Antigua Carretera Panamericana Sur;1/5/2022;-76.152234
A-2022-05-109;30:00.0;CHOQUE FUGA;1;0;NULL;LAMBAYEQUE;LAMBAYEQUE;LAMBAYEQUE;RURAL;CARRETERA;NACIONAL;PE-1N;-6.72289;NUBLADO;RURAL;TRAMO RECTO;PLANA ;ASFALTADA;SI;REGULADORA (R);NULL;NO;EN PROCESO DE INVESTIGACIÓN;NO CUENTA CON CAUSA ESPECIFICA;Panamericana Norte;1/5/2022;-79.892609
A-2022-05-249;50:00.0;ATROPELLO FUGA;1;0;1;LIMA;HUAURA;HUAURA;RURAL;CARRETERA;NACIONAL;PE-1N;-11.0422;DESPEJADO;RURAL;TRAMO RECTO;PLANA ;ASFALTADA;SI;REGULADORA (R);PREVENTIVA (P);NO;IMPRUDENCIA DEL PEATÓN;ESTADO DE EBRIEDAD Y/O DROGADICCIÓN;Carretera Panamericana Norte;1/5/2022;-77.58955
A-2022-05-143;00:00.0;DESPISTE;1;0;1;CUSCO;QUISPICANCHI;LUCRE;RURAL;CARRETERA;NACIONAL;PE-3S;-13.607601;DESPEJADO;RURAL;TRAMO RECTO;PLANA ;ASFALTADA;SI;INFORMATIVA (I);NULL;SI;EN PROCESO DE INVESTIGACIÓN;NO CUENTA CON CAUSA ESPECIFICA;Carretera Longitudinal de la Sierra Sur;1/5/2022;-71.729269
A-2022-05-64;30:00.0;DESPISTE;1;1;1;HUANCAVELICA;ANGARAES;ANCHONGA;RURAL;CARRETERA;DEPARTAMENTAL;HV-107;-12.891884;DESPEJADO;RURAL;TRAMO RECTO;INCLINADA;AFIRMADO;NULL;NULL;NULL;NULL;EN PROCESO DE INVESTIGACIÓN;NO CUENTA CON CAUSA ESPECIFICA;HV-116;1/5/2022;-74.681556
A-2022-05-165;50:00.0;DESPISTE;1;0;1;CUSCO;ESPINAR;ESPINAR;RURAL;CARRETERA;SIN CLASIFICAR;SIN CLASIFICAR;-14.823329;DESPEJADO;RURAL;TRAMO RECTO;PLANA ;ASFALTADA;NULL;NULL;NULL;NULL;EN PROCESO DE INVESTIGACIÓN;NO CUENTA CON CAUSA ESPECIFICA;Huancane Bajo;1/5/2022;-71.341451
A-2022-05-68;00:00.0;DESPISTE;1;0;0;APURIMAC;CHINCHEROS;ANCO_HUALLO;URBANA;CARRETERA;PROVINCIAL;AP-522;-13.529885;SOLEADO;COMERCIAL;INTERSECCIÓN;INCLINADA;ASFALTADA;NULL;NULL;NULL;NULL;NEGLIGENCIA DEL CONDUCTOR;CONDUCIR CON FALLAS DE FRENOS;Avenida Ricardo Palma;1/5/2022;-73.674085
A-2022-05-198;00:00.0;CHOQUE;2;0;NULL;ANCASH;HUARMEY;HUARMEY;RURAL;CARRETERA;NACIONAL;PE-1N;-10.212003;DESPEJADO;RURAL;CURVA;PLANA ;ASFALTADA;NULL;NULL;NULL;NULL;EN PROCESO DE INVESTIGACIÓN;NO CUENTA CON CAUSA ESPECIFICA;Panamericana Norte;1/5/2022;-78.04846
A-2022-05-17;45:00.0;DESPISTE;2;3;1;HUANCAVELICA;ANGARAES;LIRCAY;RURAL;CARRETERA;PROVINCIAL;LA-733;-13.074455;DESPEJADO;RURAL;PASE A DESNIVEL;INCLINADA;AFIRMADO;NULL;NULL;NULL;NULL;EN PROCESO DE INVESTIGACIÓN;NO CUENTA CON CAUSA ESPECIFICA;Lircay;1/5/2022;-74.657114
A-2022-05-222;00:00.0;DESPISTE;1;3;NULL;AYACUCHO;HUAMANGA;CHIARA;RURAL;CARRETERA;NACIONAL;PE-3S;-13.342262;DESPEJADO;RURAL;CURVA;INCLINADA;TROCHA;SI;PREVENTIVA (P);NULL;NO;NEGLIGENCIA DEL CONDUCTOR;OTRO (NEGLIGENCIA DEL CONDUCTOR);Carretera Longitudinal de la Sierra Sur;1/5/2022;-74.172569
A-2022-05-107;30:00.0;CHOQUE;1;0;2;CAJAMARCA;CAJAMARCA;CAJAMARCA;URBANA;CARRETERA;NACIONAL;PE-3N;-7.147523;DESPEJADO;COMERCIAL;OTRO;NULL;ASFALTADA;NULL;NULL;NULL;NULL;EN PROCESO DE INVESTIGACIÓN;NO CUENTA CON CAUSA ESPECIFICA;Avenida Vía de Evitamiento Norte;1/5/2022;-78.52239
A-2022-05-6;47:00.0;DESPISTE;1;0;1;PUNO;CHUCUITO;HUACULLANI;RURAL;CARRETERA;NACIONAL;PE-36A;-16.617085;DESPEJADO;RURAL;CURVA;PLANA ;ASFALTADA;NULL;NULL;NULL;NULL;IMPRUDENCIA DEL CONDUCTOR;OTRO (IMPRUDENCIA DEL CONDUCTOR);Carretera Binacional;1/5/2022;-69.424796
A-2022-05-10;30:00.0;DESPISTE;2;0;1;AREQUIPA;ISLAY;DEAN VALDIVIA;RURAL;CARRETERA;NACIONAL;PE-1SD;-17.144423;DESPEJADO;RURAL;CURVA;PLANA ;ASFALTADA;SI;REGULADORA (R);NULL;SI;EN PROCESO DE INVESTIGACIÓN;NO CUENTA CON CAUSA ESPECIFICA;15 A;1/5/2022;-71.829075
A-2022-05-232;59:00.0;ATROPELLO FUGA;1;0;1;JUNIN;HUANCAYO;VIQUES;RURAL;CARRETERA;NACIONAL;PE-3S;-12.154393;DESPEJADO;RURAL;TRAMO RECTO;PLANA ;ASFALTADA;NULL;NULL;NULL;NULL;IMPRUDENCIA DEL CONDUCTOR;EXCESO DE VELOCIDAD;Carretera Longitudinal de la Sierra Sur;1/5/2022;-75.217452
A-2022-05-224;15:00.0;DESPISTE;1;0;NULL;JUNIN;SATIPO;PANGOA;RURAL;CARRETERA;SIN CLASIFICAR;SIN CLASIFICAR;-11.815478;NULL;NULL;NULL;NULL;NULL;NULL;NULL;NULL;NULL;EN PROCESO DE INVESTIGACIÓN;NO CUENTA CON CAUSA ESPECIFICA;Pangoa;2/5/2022;-74.314205
A-2022-05-144;00:00.0;DESPISTE;2;0;1;CUSCO;CHUMBIVILCAS;LIVITACA;RURAL;CARRETERA;PROVINCIAL;CU-1589;-14.170324;DESPEJADO;RURAL;CURVA;INCLINADA;TROCHA;NULL;NULL;NULL;NULL;IMPRUDENCIA DEL CONDUCTOR;CONDUCIR EN ESTADO DE EBRIEDAD Y/O DROGADICCIÓN;CU-1589;2/5/2022;-71.558414
A-2022-05-202;56:00.0;ATROPELLO;1;0;1;LIMA;CAÑETE;CHILCA;URBANA;CARRETERA;NACIONAL;PE-1S;-12.478985;DESPEJADO;INDUSTRIAL;TRAMO RECTO;PLANA ;ASFALTADA;NULL;NULL;NULL;NULL;EN PROCESO DE INVESTIGACIÓN;NO CUENTA CON CAUSA ESPECIFICA;Carretera Panamericana Sur;2/5/2022;-76.74743
A-2022-05-238;20:00.0;VOLCADURA;2;0;2;ICA;CHINCHA;ALTO LARAN;RURAL;CARRETERA;NACIONAL;PE-1S;-13.461462;DESPEJADO;RURAL;TRAMO RECTO;PLANA ;ASFALTADA;NULL;NULL;NULL;NULL;IMPRUDENCIA DEL CONDUCTOR;OTRO (IMPRUDENCIA DEL CONDUCTOR);Antigua Carretera Panamericana Sur;2/5/2022;-76.136362
A-2022-05-57;35:00.0;ATROPELLO;1;0;1;ANCASH;YUNGAY;MANCOS;URBANA;CARRETERA;NACIONAL;PE-3N;-9.225902;DESPEJADO;RURAL;TRAMO RECTO;INCLINADA;ASFALTADA;SI;PREVENTIVA (P);NULL;SI;EN PROCESO DE INVESTIGACIÓN;NO CUENTA CON CAUSA ESPECIFICA;Carretera Longitudinal de la Sierra Norte;2/5/2022;-77.685127
A-2022-05-203;30:00.0;ATROPELLO;1;0;0;LIMA;LIMA;LOS OLIVOS;URBANA;AVENIDA;URBANO;NO CORRESPONDE;-12.012219;DESPEJADO;COMERCIAL;TRAMO RECTO;PLANA ;ASFALTADA;NULL;NULL;NULL;NULL;EN PROCESO DE INVESTIGACIÓN;NO CUENTA CON CAUSA ESPECIFICA;Avenida Tomás Valle;2/5/2022;-77.078757
A-2022-05-204;55:00.0;DESPISTE;1;0;1;LIMA;LIMA;SANTA ANITA;URBANA;AVENIDA;URBANO;NO CORRESPONDE;-12.040892;DESPEJADO;RESIDENCIAL;TRAMO RECTO;PLANA ;ASFALTADA;NULL;NULL;NULL;NULL;EN PROCESO DE INVESTIGACIÓN;NO CUENTA CON CAUSA ESPECIFICA;Avenida Huancaray;2/5/2022;-76.961945
A-2022-05-25;00:00.0;CAÍDA DE PASAJERO;1;0;1;LA LIBERTAD;PACASMAYO;SAN PEDRO DE LLOC;RURAL;CARRETERA;PROVINCIAL;LI-602;-7.451538;DESPEJADO;RURAL;TRAMO RECTO;PLANA ;AFIRMADO;NULL;NULL;NULL;NULL;EN PROCESO DE INVESTIGACIÓN;NO CUENTA CON CAUSA ESPECIFICA;Carretera a Puémape;2/5/2022;-79.505745
A-2022-05-41;10:00.0;CHOQUE;1;0;2;AREQUIPA;CAYLLOMA;MAJES;RURAL;CARRETERA;SIN CLASIFICAR;SIN CLASIFICAR;-16.318779;DESPEJADO;RURAL;TRAMO RECTO;PLANA ;ASFALTADA;NO;NULL;NULL;SI;EN PROCESO DE INVESTIGACIÓN;NO CUENTA CON CAUSA ESPECIFICA;E8;2/5/2022;-72.213037
A-2022-05-205;30:00.0;CHOQUE;1;0;0;LIMA;YAUYOS;TANTA;URBANA;AVENIDA;URBANO;NO CORRESPONDE;-12.098821;DESPEJADO;RESIDENCIAL;INTERSECCIÓN;PLANA ;ASFALTADA;NULL;NULL;NULL;NULL;EN PROCESO DE INVESTIGACIÓN;NO CUENTA CON CAUSA ESPECIFICA;Tanta;2/5/2022;-76.046904
A-2022-05-172;30:00.0;ATROPELLO FUGA;1;0;0;PUNO;SAN ROMAN;SAN MIGUEL;RURAL;CARRETERA;NACIONAL;PE-3S;-15.436021;SOLEADO;RURAL;TRAMO RECTO;PLANA ;ASFALTADA;NULL;NULL;NULL;NULL;EN PROCESO DE INVESTIGACIÓN;NO CUENTA CON CAUSA ESPECIFICA;Carretera Longitudinal de la Sierra Sur;2/5/2022;-70.140452
A-2022-05-56;00:00.0;DESPISTE;2;1;1;ANCASH;BOLOGNESI;CHIQUIAN;RURAL;CARRETERA;NACIONAL;PE-3N;-10.13497;DESPEJADO;RURAL;CURVA;INCLINADA;ASFALTADA;NULL;NULL;NULL;NULL;EN PROCESO DE INVESTIGACIÓN;NO CUENTA CON CAUSA ESPECIFICA;Carretera Longitudinal de la Sierra Norte;2/5/2022;-77.156612
A-2022-05-106;15:00.0;CHOQUE;1;0;2;CAJAMARCA;CAJABAMBA;CAJABAMBA;URBANA;CARRETERA;NACIONAL;PE-3N;-7.61033;DESPEJADO;RURAL;OTRO;PLANA ;ASFALTADA;NULL;NULL;NULL;NULL;EN PROCESO DE INVESTIGACIÓN;NO CUENTA CON CAUSA ESPECIFICA;Carretera Longitudinal de la Sierra Norte;2/5/2022;-78.067696
A-2022-05-26;05:00.0;CHOQUE;1;1;2;LA LIBERTAD;ASCOPE;CHOCOPE;RURAL;CARRETERA;NACIONAL;PE-1N;-7.79192;DESPEJADO;RURAL;ÓVALO;INCLINADA;ASFALTADA;NULL;NULL;NULL;NULL;EN PROCESO DE INVESTIGACIÓN;NO CUENTA CON CAUSA ESPECIFICA;Panamericana Norte;3/5/2022;-79.212501