CÓDIGO SINIESTRO;HORA SINIESTRO;CLASE SINIESTRO;CANTIDAD DE FALLECIDOS;CANTIDAD DE LESIONADOS;CANTIDAD DE VEHICULOS DAÑADOS;DEPARTAMENTO;PROVINCIA;DISTRITO;ZONA;TIPO DE VÍA;RED VIAL;COD CARRETERA;COORDENADAS LATITUD;CONDICIÓN CLIMÁTICA;ZONIFICACIÓN;CARACTERÍSTICAS DE VÍA;PERFIL LONGITUDINAL VÍA;SUPERFICIE DE CALZADA;¿EXISTE SEÑAL VERTICAL?;CLASIFICACIÓN DE LA SEÑAL VERTICAL Nº 1;CLASIFICACIÓN DE LA SEÑAL VERTICAL Nº 2;¿EXISTE SEÑAL HORIZONTAL?;CAUSA FACTOR PRINCIPAL;CAUSA ESPECÍFICA;UBICACION;FECHA SINIESTRO;COORDENADAS LONGITUD
A-2022-05-226;20:00.0;DESPISTE;1;1;NULL;JUNIN;CHANCHAMAYO;CHANCHAMAYO;RURAL;CARRETERA;NACIONAL;PE-22B;-10.993945;NULL;NULL;NULL;NULL;NULL;NULL;NULL;NULL;NULL;EN PROCESO DE INVESTIGACIÓN;NO CUENTA CON CAUSA ESPECIFICA;PE-22B;3/5/2022;-75.313114
A-2022-05-7;30:00.0;CHOQUE;1;0;NULL;PUNO;EL COLLAO;ILAVE;RURAL;CARRETERA;NACIONAL;PE-3S;-16.147482;NULL;NULL;NULL;NULL;NULL;NULL;NULL;NULL;NULL;EN PROCESO DE INVESTIGACIÓN;NO CUENTA CON CAUSA ESPECIFICA;Carretera Longitudinal de la Sierra Sur;3/5/2022;-69.564679
A-2022-05-199;00:00.0;DESPISTE;1;0;NULL;ANCASH;SANTA;CHIMBOTE;RURAL;CARRETERA;NACIONAL;PE-12;-8.832204;DESPEJADO;RURAL;TRAMO RECTO;PLANA ;ASFALTADA;NULL;NULL;NULL;NULL;IMPRUDENCIA DEL CONDUCTOR;CONDUCIR EN ESTADO DE EBRIEDAD Y/O DROGADICCIÓN;PE-12;3/5/2022;-78.555204
A-2022-05-50;00:00.0;CHOQUE;1;0;2;AREQUIPA;CAYLLOMA;MAJES;RURAL;CARRETERA;NACIONAL;PE-1S;-16.369883;DESPEJADO;RURAL;TRAMO RECTO;PLANA ;ASFALTADA;NULL;NULL;NULL;NULL;EN PROCESO DE INVESTIGACIÓN;NO CUENTA CON CAUSA ESPECIFICA;Carretera Panamericana Sur;3/5/2022;-72.167225
A-2022-05-52;20:00.0;DESPISTE;1;2;1;AREQUIPA;AREQUIPA;SAN JUAN DE TARUCANI;RURAL;CARRETERA;SIN CLASIFICAR;SIN CLASIFICAR;-16.045963;DESPEJADO;RURAL;TRAMO RECTO;PLANA ;ASFALTADA;NO;NULL;NULL;SI;EN PROCESO DE INVESTIGACIÓN;NO CUENTA CON CAUSA ESPECIFICA;Vía Interoceánica Sur - Tramo 5;4/5/2022;-71.3253
A-2022-05-28;40:00.0;ATROPELLO;1;0;1;LA LIBERTAD;VIRU;VIRU;RURAL;AVENIDA;URBANO;NO CORRESPONDE;-8.4224;DESPEJADO;RURAL;TRAMO RECTO;PLANA ;ASFALTADA;NULL;NULL;NULL;NULL;EN PROCESO DE INVESTIGACIÓN;NO CUENTA CON CAUSA ESPECIFICA;Avenida Virú;4/5/2022;-78.778268
A-2022-05-40;15:00.0;ATROPELLO;1;0;1;TUMBES;ZARUMILLA;PAPAYAL;RURAL;CARRETERA;DEPARTAMENTAL;TU-101;-3.536058;DESPEJADO;RURAL;TRAMO RECTO;PLANA ;ASFALTADA;NULL;NULL;NULL;NULL;IMPRUDENCIA DEL CONDUCTOR;OTRO (IMPRUDENCIA DEL CONDUCTOR);TU-101;4/5/2022;-80.234286
A-2022-05-223;30:00.0;ATROPELLO;1;0;NULL;CALLAO;CALLAO;VENTANILLA;URBANA;CARRETERA;SIN CLASIFICAR;SIN CLASIFICAR;-11.903177;DESPEJADO;INDUSTRIAL;SINUOSA;INCLINADA;AFIRMADO;SI;REGULADORA (R);NULL;NO;IMPRUDENCIA DEL CONDUCTOR;FATIGA Y/O CANSANCIO;Ventanilla;4/5/2022;-77.130385
A-2024-03-110;00:00.0;CHOQUE;1;1;2;CAJAMARCA;JAEN;BELLAVISTA;RURAL;CARRETERA;NACIONAL;PE-5N;-5.620572;DESPEJADO;RURAL;TRAMO RECTO;PLANA ;ASFALTADA;NULL;NULL;NULL;NULL;IMPRUDENCIA DEL CONDUCTOR;EXCESO DE VELOCIDAD;PE-5N;23/3/2024;-78.771171
A-2024-03-124;30:00.0;ATROPELLO;1;0;NULL;LIMA;LIMA;PUENTE PIEDRA;URBANA;AVENIDA;URBANO;NO CORRESPONDE;-11.839902;DESPEJADO;COMERCIAL;TRAMO RECTO;PLANA ;ASFALTADA;NULL;NULL;NULL;NULL;EN PROCESO DE INVESTIGACIÓN;NO CUENTA CON CAUSA ESPECIFICA;Avenida Coronel Nestor Gambetta;23/3/2024;-77.113238
A-2024-03-82;00:00.0;ATROPELLO;1;0;1;ICA;PISCO;SAN CLEMENTE;URBANA;CARRETERA;NACIONAL;PE-1SE;-13.6702;DESPEJADO;COMERCIAL;TRAMO RECTO;PLANA ;ASFALTADA;NULL;NULL;NULL;NULL;EN PROCESO DE INVESTIGACIÓN;NO CUENTA CON CAUSA ESPECIFICA;Carretera Panamericana Sur;24/3/2024;-76.1685
A-2024-03-140;30:00.0;CHOQUE;1;0;NULL;LIMA;LIMA;SAN JUAN DE LURIGANCHO;URBANA;AVENIDA;URBANO;NO CORRESPONDE;-12.013774;DESPEJADO;RESIDENCIAL;TRAMO RECTO;PLANA ;ASFALTADA;NULL;NULL;NULL;NULL;IMPRUDENCIA DEL CONDUCTOR;CONDUCIR EN ESTADO DE EBRIEDAD Y/O DROGADICCIÓN;Avenida Las Flores de Primavera;24/3/2024;-77.011765
A-2024-03-28;00:00.0;CHOQUE;1;0;2;PUNO;CHUCUITO;ZEPITA;RURAL;CARRETERA;NACIONAL;PE-3S;-16.513158;DESPEJADO;RURAL;TRAMO RECTO;PLANA ;ASFALTADA;NULL;NULL;NULL;NULL;IMPRUDENCIA DEL CONDUCTOR;EXCESO DE VELOCIDAD;Carretera Longitudinal de la Sierra Sur;24/3/2024;-69.087568
A-2024-03-83;45:00.0;CHOQUE CON OBJETO FIJO;1;0;1;ICA;PISCO;SAN ANDRES;URBANA;CALLE;URBANO;NO CORRESPONDE;-13.726037;DESPEJADO;RESIDENCIAL;INTERSECCIÓN;PLANA ;TROCHA;NULL;NULL;NULL;NULL;EN PROCESO DE INVESTIGACIÓN;NO CUENTA CON CAUSA ESPECIFICA;San Andrés;24/3/2024;-76.183027
A-2024-03-54;00:00.0;CHOQUE;2;0;2;LA LIBERTAD;ASCOPE;CHICAMA;RURAL;CARRETERA;NACIONAL;PE-1N;-7.875774;DESPEJADO;RURAL;TRAMO RECTO;PLANA ;ASFALTADA;NULL;NULL;NULL;NULL;INFRAESTRUCTURA Y ENTORNO VIAL;SEÑALIZACIÓN DEFECTUOSA;Carretera Panamericana Norte;24/3/2024;-79.132213
A-2024-03-35;30:00.0;DESPISTE;1;0;1;LIMA;HUAURA;HUACHO;RURAL;CARRETERA;NACIONAL;PE-1N;-11.230464;DESPEJADO;RURAL;TRAMO RECTO;PLANA ;ASFALTADA;SI;REGULADORA (R);NULL;NO;IMPRUDENCIA DEL CONDUCTOR;FATIGA Y/O CANSANCIO;Carretera Panamericana Norte;24/3/2024;-77.543084
A-2024-03-86;30:00.0;ATROPELLO FUGA;1;0;1;HUANCAVELICA;CHURCAMPA;LOCROJA;RURAL;CARRETERA;PROVINCIAL;HV-733;-12.71108;LLUVIOSO;RURAL;TRAMO RECTO;INCLINADA;AFIRMADO;SI;PREVENTIVA (P);NULL;NO;IMPRUDENCIA DEL CONDUCTOR;EXCESO DE VELOCIDAD;Yaureccan;24/3/2024;-74.443487
A-2024-03-33;00:00.0;CHOQUE;1;0;2;AREQUIPA;AREQUIPA;UCHUMAYO;RURAL;CARRETERA;NACIONAL;PE-34A;-16.415234;SOLEADO;RURAL;TRAMO RECTO;PLANA ;ASFALTADA;NULL;NULL;NULL;NULL;EN PROCESO DE INVESTIGACIÓN;NO CUENTA CON CAUSA ESPECIFICA;Carretera Interoceánica Sur;24/3/2024;-71.640274
A-2024-03-57;30:00.0;DESPISTE;1;0;NULL;PIURA;PIURA;CATACAOS;URBANA;CARRETERA;NACIONAL;PE-1N;-5.231458;DESPEJADO;RURAL;TRAMO RECTO;PLANA ;ASFALTADA;NULL;NULL;NULL;NULL;EN PROCESO DE INVESTIGACIÓN;NO CUENTA CON CAUSA ESPECIFICA;Carretera Panamericana Norte;25/3/2024;-80.648817
A-2024-03-58;30:00.0;DESPISTE;1;0;NULL;PIURA;PIURA;PIURA;NULL;AVENIDA;URBANO;NO CORRESPONDE;-5.182572;NULL;NULL;NULL;NULL;NULL;NULL;NULL;NULL;NULL;EN PROCESO DE INVESTIGACIÓN;NO CUENTA CON CAUSA ESPECIFICA;Avenida Andrés Avelino Cáceres;25/3/2024;-80.632569
A-2024-03-141;30:00.0;VOLCADURA;1;0;NULL;LIMA;LIMA;INDEPENDENCIA;URBANA;CARRETERA;NACIONAL;PE-1N;-11.986382;DESPEJADO;COMERCIAL;TRAMO RECTO;PLANA ;ASFALTADA;NULL;NULL;NULL;NULL;IMPRUDENCIA DEL CONDUCTOR;CONDUCIR EN ESTADO DE EBRIEDAD Y/O DROGADICCIÓN;Carretera Panamericana Norte;25/3/2024;-77.064734
A-2024-03-99;40:00.0;CHOQUE;1;0;NULL;LIMA;LIMA;SANTIAGO DE SURCO;URBANA;AVENIDA;URBANO;NO CORRESPONDE;-12.128816;DESPEJADO;COMERCIAL;TRAMO RECTO;PLANA ;ASFALTADA;NULL;NULL;NULL;NULL;IMPRUDENCIA DEL CONDUCTOR;OTRO (IMPRUDENCIA DEL CONDUCTOR);Avenida Alfredo Benavides;25/3/2024;-77.00238
A-2024-03-84;45:00.0;CHOQUE;1;0;2;ICA;NASCA;NASCA;URBANA;AVENIDA;URBANO;NO CORRESPONDE;-14.83786;DESPEJADO;COMERCIAL;TRAMO RECTO;PLANA ;ASFALTADA;NULL;NULL;NULL;NULL;EN PROCESO DE INVESTIGACIÓN;NO CUENTA CON CAUSA ESPECIFICA;Calle Saúl Cantoral;25/3/2024;-74.94163
A-2024-03-30;15:00.0;DESPISTE;1;0;1;CUSCO;URUBAMBA;MARAS;URBANA;CARRETERA;NACIONAL;PE-28F;-13.312311;DESPEJADO;RURAL;TRAMO RECTO;PLANA ;ASFALTADA;NULL;NULL;NULL;NULL;IMPERICIA DEL CONDUCTOR;NULL;PE-28F;25/3/2024;-72.118439
A-2024-03-29;30:00.0;DESPISTE;1;1;1;PUNO;PUNO;ACORA;RURAL;CARRETERA;NACIONAL;PE-3S;-16.024359;DESPEJADO;RURAL;TRAMO RECTO;PLANA ;ASFALTADA;NULL;NULL;NULL;NULL;IMPRUDENCIA DEL CONDUCTOR;CONDUCIR EN ESTADO DE EBRIEDAD Y/O DROGADICCIÓN;Carretera Longitudinal de la Sierra Sur;26/3/2024;-69.736909
A-2024-03-41;40:00.0;DESPISTE;1;2;1;CUSCO;URUBAMBA;OLLANTAYTAMBO;RURAL;CARRETERA;NACIONAL;PE-28B;-13.258691;NIEBLA;RURAL;TRAMO RECTO;PLANA ;ASFALTADA;NO;NULL;NULL;NO;IMPRUDENCIA DEL CONDUCTOR;EXCESO DE VELOCIDAD;PE-28B;26/3/2024;-72.263949
A-2024-03-142;00:00.0;CHOQUE;1;0;NULL;LIMA;LIMA;BARRANCO;URBANA;AVENIDA;URBANO;NO CORRESPONDE;-12.151155;DESPEJADO;COMERCIAL;INTERSECCIÓN;PLANA ;ASFALTADA;NULL;NULL;NULL;NULL;IMPRUDENCIA DEL CONDUCTOR;DESACATO DE SEÑAL DE TRÁNSITO;Jirón 28 de Julio;26/3/2024;-77.022223
A-2024-03-34;30:00.0;CHOQUE;2;5;3;AREQUIPA;AREQUIPA;SAN JUAN DE TARUCANI;RURAL;CARRETERA;NACIONAL;PE-34A;-16.002603;DESPEJADO;RURAL;CURVA;PLANA ;ASFALTADA;NO;NULL;NULL;SI;EN PROCESO DE INVESTIGACIÓN;NO CUENTA CON CAUSA ESPECIFICA;Vía Interoceánica Sur - Tramo 5;26/3/2024;-71.267761
A-2024-03-60;40:00.0;CHOQUE FUGA;1;0;NULL;PIURA;PIURA;PIURA;RURAL;CARRETERA;NACIONAL;PE-1N;-5.088159;DESPEJADO;RURAL;TRAMO RECTO;PLANA ;ASFALTADA;NULL;NULL;NULL;NULL;EN PROCESO DE INVESTIGACIÓN;NO CUENTA CON CAUSA ESPECIFICA;Carretera Panamericana Norte;27/3/2024;-80.705994
A-2024-03-88;40:00.0;CHOQUE;1;2;2;ICA;CHINCHA;TAMBO DE MORA;RURAL;CARRETERA;NACIONAL;PE-1SE;-13.453134;DESPEJADO;RURAL;TRAMO RECTO;PLANA ;ASFALTADA;NULL;NULL;NULL;NULL;EN PROCESO DE INVESTIGACIÓN;NO CUENTA CON CAUSA ESPECIFICA;Carretera Panamericana Sur;28/3/2024;-76.179533
A-2024-03-87;20:00.0;DESPISTE;1;3;1;ICA;NASCA;NASCA;RURAL;CARRETERA;NACIONAL;PE-1S;-14.8161;DESPEJADO;RURAL;TRAMO RECTO;PLANA ;ASFALTADA;NULL;NULL;NULL;NULL;EN PROCESO DE INVESTIGACIÓN;NO CUENTA CON CAUSA ESPECIFICA;Carretera Panamericana Sur;28/3/2024;-74.98039
A-2024-03-85;50:00.0;VOLCADURA;1;21;1;ICA;PALPA;LLIPATA;RURAL;CARRETERA;NACIONAL;PE-1S;-14.645654;DESPEJADO;RURAL;CURVA;INCLINADA;ASFALTADA;NULL;NULL;NULL;NULL;EN PROCESO DE INVESTIGACIÓN;NO CUENTA CON CAUSA ESPECIFICA;Carretera Panamericana Sur;28/3/2024;-75.180458
A-2024-03-97;00:00.0;DESPISTE;2;0;1;AMAZONAS;RODRIGUEZ DE MENDOZA;MARISCAL BENAVIDES;RURAL;CARRETERA;NACIONAL;PE-08B;-6.368052;DESPEJADO;RURAL;CURVA;INCLINADA;TROCHA;NULL;NULL;NULL;NULL;EN PROCESO DE INVESTIGACIÓN;NO CUENTA CON CAUSA ESPECIFICA;PE-08B;28/3/2024;-77.514786
A-2024-03-77;30:00.0;ATROPELLO FUGA;1;0;NULL;AYACUCHO;HUAMANGA;VINCHOS;RURAL;CARRETERA;NACIONAL;PE-28A;-13.340377;DESPEJADO;RURAL;TRAMO RECTO;PLANA ;ASFALTADA;NO;NULL;NULL;SI;IMPRUDENCIA DEL PEATÓN;ESTADO DE EBRIEDAD Y/O DROGADICCIÓN;Vía de los Libertadores;29/3/2024;-74.382811
A-2024-03-47;00:00.0;CHOQUE CON OBJETO FIJO;1;0;1;TACNA;TACNA;TACNA;URBANA;AVENIDA;URBANO;NO CORRESPONDE;-18.088985;DESPEJADO;RESIDENCIAL;TRAMO RECTO;PLANA ;ASFALTADA;NULL;NULL;NULL;NULL;IMPRUDENCIA DEL CONDUCTOR;OTRO (IMPRUDENCIA DEL CONDUCTOR);Prolongación Avenida Municipal;29/3/2024;-70.286894
A-2024-03-143;00:00.0;DESPISTE;1;0;NULL;LIMA;LIMA;RIMAC;URBANA;CARRETERA;NACIONAL;PE-1N;-12.037595;DESPEJADO;INDUSTRIAL;TRAMO RECTO;PLANA ;ASFALTADA;NULL;NULL;NULL;NULL;IMPRUDENCIA DEL CONDUCTOR;CONDUCIR EN ESTADO DE EBRIEDAD Y/O DROGADICCIÓN;Avenida 9 de Octubre;29/3/2024;-77.013079
A-2024-03-59;00:00.0;DESPISTE;2;0;NULL;PIURA;PIURA;PIURA;URBANA;AVENIDA;URBANO;NO CORRESPONDE;-5.175045;DESPEJADO;RURAL;TRAMO RECTO;PLANA ;ASFALTADA;NULL;NULL;NULL;NULL;EN PROCESO DE INVESTIGACIÓN;NO CUENTA CON CAUSA ESPECIFICA;Avenida Ignacio Merino;29/3/2024;-80.64503
A-2024-03-38;40:00.0;CHOQUE CON OBJETO FIJO;1;0;NULL;PUNO;CHUCUITO;ZEPITA;RURAL;CARRETERA;SIN CLASIFICAR;SIN CLASIFICAR;-16.448556;DESPEJADO;RURAL;TRAMO RECTO;PLANA ;ASFALTADA;NULL;NULL;NULL;NULL;EN PROCESO DE INVESTIGACIÓN;NO CUENTA CON CAUSA ESPECIFICA;Zepita;29/3/2024;-69.127167
A-2024-03-31;30:00.0;DESPISTE;1;0;1;PUNO;CHUCUITO;ZEPITA;RURAL;CARRETERA;NACIONAL;PE-3S;-16.469139;DESPEJADO;RURAL;TRAMO RECTO;PLANA ;ASFALTADA;NULL;NULL;NULL;NULL;IMPRUDENCIA DEL CONDUCTOR;GIRAR IMPRUDENTEMENTE;Carretera Longitudinal de la Sierra Sur;29/3/2024;-69.129469
A-2024-03-55;30:00.0;DESPISTE;1;2;1;LA LIBERTAD;SANTIAGO DE CHUCO;QUIRUVILCA;RURAL;CARRETERA;NACIONAL;PE-3N;-8.001967;DESPEJADO;RURAL;TRAMO RECTO;PLANA ;AFIRMADO;NULL;NULL;NULL;NULL;IMPRUDENCIA DEL CONDUCTOR;CONDUCIR EN ESTADO DE EBRIEDAD Y/O DROGADICCIÓN;Carretera Longitudinal de la Sierra Norte;29/3/2024;-78.311153
A-2024-03-71;20:00.0;CHOQUE;1;0;2;AYACUCHO;HUAMANGA;JESUS NAZARENO;URBANA;CARRETERA;NACIONAL;PE-3S;-13.156;DESPEJADO;RESIDENCIAL;TRAMO RECTO;INCLINADA;ASFALTADA;NULL;NULL;NULL;NULL;IMPRUDENCIA DEL CONDUCTOR;GIRAR IMPRUDENTEMENTE;Carretera Longitudinal de la Sierra Sur;30/3/2024;-74.213
A-2024-03-100;10:00.0;VOLCADURA;1;0;NULL;LIMA;LIMA;LIMA;URBANA;JIRÓN;URBANO;NO CORRESPONDE;-12.051313;DESPEJADO;RESIDENCIAL;CURVA;PLANA ;ASFALTADA;NULL;NULL;NULL;NULL;IMPRUDENCIA DEL CONDUCTOR;CONDUCIR EN ESTADO DE EBRIEDAD Y/O DROGADICCIÓN;Jirón Gualberto Guevara;30/3/2024;-77.066452
A-2024-03-125;25:00.0;ATROPELLO;1;0;NULL;LIMA;LIMA;CARABAYLLO;URBANA;AVENIDA;URBANO;NO CORRESPONDE;-11.860209;DESPEJADO;COMERCIAL;TRAMO RECTO;PLANA ;ASFALTADA;NULL;NULL;NULL;NULL;IMPRUDENCIA DEL PEATÓN;CRUCE INDEBIDO POR LA CALZADA;Avenida Túpac Amaru;30/3/2024;-77.006143
A-2024-03-111;30:00.0;DESPISTE;1;0;1;CAJAMARCA;SANTA CRUZ;CHANCAYBAÑOS;RURAL;CARRETERA;PROVINCIAL;CA-883;-6.550523;DESPEJADO;RURAL;CURVA;INCLINADA;AFIRMADO;SI;PREVENTIVA (P);PREVENTIVA (P);SI;IMPRUDENCIA DEL CONDUCTOR;CONDUCIR EN ESTADO DE EBRIEDAD Y/O DROGADICCIÓN;Chancaybaños;30/3/2024;-78.891908
A-2024-03-39;30:00.0;DESPISTE;5;6;1;CUSCO;CUSCO;SAN JERONIMO;RURAL;CARRETERA;DEPARTAMENTAL;CU-123;-13.61962;DESPEJADO;RURAL;TRAMO RECTO;PLANA ;ASFALTADA;NULL;NULL;NULL;NULL;EN PROCESO DE INVESTIGACIÓN;NO CUENTA CON CAUSA ESPECIFICA;CU-123;31/3/2024;-71.85423
A-2024-03-36;45:00.0;CHOQUE;1;4;2;AREQUIPA;ISLAY;MOLLENDO;RURAL;CARRETERA;NACIONAL;PE-34;-16.76297;DESPEJADO;RURAL;TRAMO RECTO;PLANA ;ASFALTADA;NO;NULL;NULL;SI;EN PROCESO DE INVESTIGACIÓN;NO CUENTA CON CAUSA ESPECIFICA;Carretera Interoceánica Sur;31/3/2024;-71.970914
A-2024-04-107;20:00.0;CHOQUE CON OBJETO FIJO;1;0;NULL;LIMA;LIMA;SAN JUAN DE LURIGANCHO;URBANA;AVENIDA;URBANO;NO CORRESPONDE;-11.972494;DESPEJADO;COMERCIAL;TRAMO RECTO;PLANA ;ASFALTADA;NULL;NULL;NULL;NULL;EN PROCESO DE INVESTIGACIÓN;NO CUENTA CON CAUSA ESPECIFICA;Avenida Las Flores;1/4/2024;-77.004108
A-2024-04-28;30:00.0;DESPISTE;1;0;1;LA LIBERTAD;SANTIAGO DE CHUCO;QUIRUVILCA;RURAL;CARRETERA;NACIONAL;PE-3N;-8.003343;DESPEJADO;RURAL;CURVA;PLANA ;AFIRMADO;NULL;NULL;NULL;NULL;EN PROCESO DE INVESTIGACIÓN;NO CUENTA CON CAUSA ESPECIFICA;Carretera Longitudinal de la Sierra Norte;1/4/2024;-78.317848
A-2024-04-108;20:00.0;DESPISTE;1;0;NULL;LIMA;LIMA;SAN JUAN DE LURIGANCHO;URBANA;CALLE;URBANO;NO CORRESPONDE;-11.970444;DESPEJADO;RESIDENCIAL;TRAMO RECTO;PLANA ;ASFALTADA;NULL;NULL;NULL;NULL;IMPRUDENCIA DEL CONDUCTOR;GIRAR IMPRUDENTEMENTE;Los Geranios;1/4/2024;-77.000681
A-2024-04-95;00:00.0;ATROPELLO FUGA;1;0;NULL;LIMA;LIMA;PUNTA NEGRA;URBANA;CARRETERA;NACIONAL;PE-1S;-12.365018;DESPEJADO;INDUSTRIAL;TRAMO RECTO;PLANA ;ASFALTADA;NULL;NULL;NULL;NULL;EN PROCESO DE INVESTIGACIÓN;NO CUENTA CON CAUSA ESPECIFICA;Carretera Panamericana Sur;1/4/2024;-76.790939
A-2024-04-96;00:00.0;ATROPELLO;1;0;NULL;LIMA;LIMA;LURIN;URBANA;AVENIDA;URBANO;NO CORRESPONDE;-12.244931;DESPEJADO;RESIDENCIAL;TRAMO RECTO;PLANA ;ASFALTADA;NULL;NULL;NULL;NULL;EN PROCESO DE INVESTIGACIÓN;NO CUENTA CON CAUSA ESPECIFICA;Lurín;1/4/2024;-76.897751
A-2024-04-52;40:00.0;CHOQUE;1;0;NULL;PIURA;PIURA;PIURA;URBANA;AVENIDA;URBANO;NO CORRESPONDE;-5.166519;NULL;NULL;NULL;NULL;NULL;NULL;NULL;NULL;NULL;EN PROCESO DE INVESTIGACIÓN;NO CUENTA CON CAUSA ESPECIFICA;Ciclovía Raúl Mata de la Cruz;1/4/2024;-80.639939
A-2024-04-58;00:00.0;DESPISTE;3;2;1;HUANCAVELICA;TAYACAJA;QUICHUAS;RURAL;CARRETERA;NACIONAL;PE-3S;-12.493182;DESPEJADO;RURAL;TRAMO RECTO;PLANA ;ASFALTADA;NULL;NULL;NULL;NULL;EN PROCESO DE INVESTIGACIÓN;NO CUENTA CON CAUSA ESPECIFICA;Carretera Longitudinal de la Sierra Sur;2/4/2024;-74.722426
A-2024-04-30;20:00.0;CHOQUE;1;11;2;LA LIBERTAD;ASCOPE;CHICAMA;RURAL;CARRETERA;NACIONAL;PE-1N;-7.882915;DESPEJADO;RURAL;TRAMO RECTO;PLANA ;ASFALTADA;NULL;NULL;NULL;NULL;IMPRUDENCIA DEL CONDUCTOR;FATIGA Y/O CANSANCIO;Carretera Panamericana Norte;2/4/2024;-79.128756
A-2024-04-79;05:00.0;CHOQUE;1;0;NULL;LIMA;LIMA;SANTIAGO DE SURCO;URBANA;AVENIDA;URBANO;NO CORRESPONDE;-12.142915;DESPEJADO;COMERCIAL;TRAMO RECTO;PLANA ;ASFALTADA;SI;PREVENTIVA (P);INFORMATIVA (I);SI;IMPRUDENCIA DEL CONDUCTOR;ADELANTAR INDEBIDAMENTE;Avenida Santiago de Surco;2/4/2024;-76.990407
A-2024-04-109;20:00.0;ATROPELLO;1;0;NULL;LIMA;LIMA;COMAS;URBANA;AVENIDA;URBANO;NO CORRESPONDE;-11.939643;DESPEJADO;COMERCIAL;TRAMO RECTO;PLANA ;ASFALTADA;NULL;NULL;NULL;NULL;EN PROCESO DE INVESTIGACIÓN;NO CUENTA CON CAUSA ESPECIFICA;Avenida Gerardo Unger;2/4/2024;-77.067508
A-2024-04-110;00:00.0;CHOQUE;1;1;NULL;LIMA;LIMA;EL AGUSTINO;URBANA;AVENIDA;URBANO;NO CORRESPONDE;-12.039572;DESPEJADO;COMERCIAL;PASE A DESNIVEL;INCLINADA;ASFALTADA;NULL;NULL;NULL;NULL;IMPRUDENCIA DEL CONDUCTOR;GIRAR IMPRUDENTEMENTE;Vía de Evitamiento;2/4/2024;-76.988088
A-2024-04-81;30:00.0;ATROPELLO FUGA;1;0;1;CAJAMARCA;CAJAMARCA;MAGDALENA;RURAL;CARRETERA;NACIONAL;PE-08;-7.27924;DESPEJADO;RURAL;CURVA;INCLINADA;ASFALTADA;SI;PREVENTIVA (P);NULL;SI;EN PROCESO DE INVESTIGACIÓN;NO CUENTA CON CAUSA ESPECIFICA;Carretera Ciudad de Dios - Cajamarca;2/4/2024;-78.590245
A-2024-04-84;30:00.0;DESPISTE;1;1;1;CAJAMARCA;SAN IGNACIO;SAN IGNACIO;URBANA;CARRETERA;NACIONAL;PE-5N;-5.139214;DESPEJADO;COMERCIAL;CURVA;INCLINADA;ASFALTADA;NULL;NULL;NULL;NULL;IMPRUDENCIA DEL CONDUCTOR;CONDUCIR EN ESTADO DE EBRIEDAD Y/O DROGADICCIÓN;PE-5N;2/4/2024;-79.010976
A-2024-04-49;50:00.0;CHOQUE FUGA;1;0;2;TUMBES;ZARUMILLA;ZARUMILLA;URBANA;CARRETERA;NACIONAL;PE-1NO;-3.501367;SOLEADO;RURAL;TRAMO RECTO;PLANA ;ASFALTADA;SI;PREVENTIVA (P);NULL;NO;IMPRUDENCIA DEL CONDUCTOR;NO ESTABLECER EL DERECHO DE PASO;Carretera Panamericana Norte;3/4/2024;-80.279297
A-2024-04-106;30:00.0;CHOQUE;2;2;NULL;LIMA;LIMA;SAN MIGUEL;URBANA;AVENIDA;URBANO;NO CORRESPONDE;-12.083089;DESPEJADO;COMERCIAL;TRAMO RECTO;PLANA ;ASFALTADA;NULL;NULL;NULL;NULL;IMPRUDENCIA DEL CONDUCTOR;CONDUCIR EN ESTADO DE EBRIEDAD Y/O DROGADICCIÓN;Ciclovía Costa Verde Magdalena - San Miguel;3/4/2024;-77.104151
A-2024-04-23;00:00.0;VOLCADURA;1;0;1;CUSCO;LA CONVENCION;ECHARATE;RURAL;CARRETERA;NACIONAL;PE-28B;-12.63934;DESPEJADO;RURAL;CURVA;PLANA ;ASFALTADA;NULL;NULL;NULL;NULL;IMPRUDENCIA DEL CONDUCTOR;EXCESO DE VELOCIDAD;PE-28B;4/4/2024;-72.87988
A-2024-04-53;00:00.0;ATROPELLO;1;0;NULL;PIURA;PIURA;CURA MORI;RURAL;CARRETERA;NACIONAL;PE-1N;-5.333727;DESPEJADO;RURAL;TRAMO RECTO;PLANA ;ASFALTADA;NULL;NULL;NULL;NULL;EN PROCESO DE INVESTIGACIÓN;NO CUENTA CON CAUSA ESPECIFICA;Carretera Panamericana Norte;4/4/2024;-80.619572
A-2024-04-97;30:00.0;ATROPELLO;1;0;NULL;LIMA;LIMA;PUCUSANA;URBANA;CARRETERA;NACIONAL;PE-1S;-12.458707;DESPEJADO;INDUSTRIAL;TRAMO RECTO;PLANA ;ASFALTADA;NULL;NULL;NULL;NULL;EN PROCESO DE INVESTIGACIÓN;NO CUENTA CON CAUSA ESPECIFICA;Carretera Panamericana Sur;4/4/2024;-76.753204