CÓDIGO SINIESTRO;HORA SINIESTRO;CLASE SINIESTRO;CANTIDAD DE FALLECIDOS;CANTIDAD DE LESIONADOS;CANTIDAD DE VEHICULOS DAÑADOS;DEPARTAMENTO;PROVINCIA;DISTRITO;ZONA;TIPO DE VÍA;RED VIAL;COD CARRETERA;COORDENADAS LATITUD;CONDICIÓN CLIMÁTICA;ZONIFICACIÓN;CARACTERÍSTICAS DE VÍA;PERFIL LONGITUDINAL VÍA;SUPERFICIE DE CALZADA;¿EXISTE SEÑAL VERTICAL?;CLASIFICACIÓN DE LA SEÑAL VERTICAL Nº 1;CLASIFICACIÓN DE LA SEÑAL VERTICAL Nº 2;¿EXISTE SEÑAL HORIZONTAL?;CAUSA FACTOR PRINCIPAL;CAUSA ESPECÍFICA;UBICACION;FECHA SINIESTRO;COORDENADAS LONGITUD
A-2024-04-21;00:00.0;DESPISTE;1;0;1;CUSCO;ANTA;CHINCHAYPUJIO;RURAL;CARRETERA;PROVINCIAL;CU-1220;-13.55849;DESPEJADO;RURAL;CURVA;INCLINADA;TROCHA;NULL;NULL;NULL;NULL;IMPRUDENCIA DEL CONDUCTOR;OTRO (IMPRUDENCIA DEL CONDUCTOR);CU-611;4/4/2024;-72.32591
A-2024-04-12;00:00.0;CHOQUE;1;1;3;TACNA;TACNA;CORONEL GREGORIO ALBARRACIN LANCHIPA;URBANA;AVENIDA;URBANO;NO CORRESPONDE;-18.059667;DESPEJADO;RESIDENCIAL;INTERSECCIÓN;PLANA ;ASFALTADA;SI;REGULADORA (R);PREVENTIVA (P);SI;IMPRUDENCIA DEL CONDUCTOR;DESACATO DE SEÑAL DE TRÁNSITO;Avenida Alameda Ecológica;4/4/2024;-70.251762
A-2024-04-31;30:00.0;DESPISTE;1;2;1;LA LIBERTAD;PATAZ;PATAZ;RURAL;CARRETERA;DEPARTAMENTAL;LI-124;-7.733419;NUBLADO;RURAL;TRAMO RECTO;PLANA ;TROCHA;NULL;NULL;NULL;NULL;EN PROCESO DE INVESTIGACIÓN;NO CUENTA CON CAUSA ESPECIFICA;LI-124;5/4/2024;-77.666259
A-2024-04-111;15:00.0;CHOQUE;1;0;NULL;LIMA;LIMA;SANTA ANITA;URBANA;AVENIDA;URBANO;NO CORRESPONDE;-12.038068;DESPEJADO;INDUSTRIAL;TRAMO RECTO;PLANA ;ASFALTADA;NULL;NULL;NULL;NULL;IMPRUDENCIA DEL CONDUCTOR;CONDUCIR EN ESTADO DE EBRIEDAD Y/O DROGADICCIÓN;Avenida Separadora Industrial;5/4/2024;-76.940466
A-2024-04-32;20:00.0;CHOQUE;1;1;1;LA LIBERTAD;ASCOPE;SANTIAGO DE CAO;RURAL;CARRETERA;PROVINCIAL;LI-662;-7.988286;DESPEJADO;RURAL;TRAMO RECTO;PLANA ;ASFALTADA;NULL;NULL;NULL;NULL;IMPRUDENCIA DEL CONDUCTOR;CONDUCIR EN ESTADO DE EBRIEDAD Y/O DROGADICCIÓN;LI-662;5/4/2024;-79.217535
A-2024-04-77;00:00.0;DESPISTE;1;0;1;PASCO;DANIEL ALCIDES CARRION;YANAHUANCA;RURAL;CARRETERA;NACIONAL;PE-18;-10.606093;NUBLADO;RURAL;TRAMO RECTO;PLANA ;TROCHA;NULL;NULL;NULL;NULL;IMPRUDENCIA DEL CONDUCTOR;FATIGA Y/O CANSANCIO;Carretera Huaura - Ambo;5/4/2024;-76.67376
A-2024-04-67;00:00.0;CHOQUE;1;0;NULL;CALLAO;CALLAO;LA PERLA;URBANA;CALLE;URBANO;NO CORRESPONDE;-12.066756;DESPEJADO;COMERCIAL;TRAMO RECTO;PLANA ;ASFALTADA;NO;NULL;NULL;SI;IMPRUDENCIA DEL CONDUCTOR;CONDUCIR EN ESTADO DE EBRIEDAD Y/O DROGADICCIÓN;Calle Manuel Ascencio Segura;5/4/2024;-77.112074
A-2024-04-98;23:00.0;ATROPELLO;1;0;NULL;LIMA;LIMA;RIMAC;URBANA;AVENIDA;URBANO;NO CORRESPONDE;-12.031949;DESPEJADO;RESIDENCIAL;INTERSECCIÓN;PLANA ;ASFALTADA;NULL;NULL;NULL;NULL;IMPRUDENCIA DEL PEATÓN;DESACATO DE SEÑAL DE TRÁNSITO;Avenida Samuel Alcázar;5/4/2024;-77.027866
A-2024-04-1;50:00.0;ATROPELLO FUGA;1;0;NULL;SAN MARTIN;RIOJA;RIOJA;RURAL;CARRETERA;NACIONAL;PE-5N;-6.043031;DESPEJADO;RURAL;TRAMO RECTO;PLANA ;ASFALTADA;NULL;NULL;NULL;NULL;EN PROCESO DE INVESTIGACIÓN;NO CUENTA CON CAUSA ESPECIFICA;Carretera Presidente Fernando Belaúnde Terry;5/4/2024;-77.185088
A-2024-04-68;20:00.0;ATROPELLO;1;0;1;ICA;NASCA;EL INGENIO;URBANA;CARRETERA;NACIONAL;PE-1S;-14.678984;DESPEJADO;COMERCIAL;INTERSECCIÓN;PLANA ;ASFALTADA;NULL;NULL;NULL;NULL;EN PROCESO DE INVESTIGACIÓN;NO CUENTA CON CAUSA ESPECIFICA;San Miguel de la Pascana;6/4/2024;-75.141221
A-2024-04-4;30:00.0;VOLCADURA;2;0;2;AREQUIPA;CAYLLOMA;YANQUE;RURAL;CARRETERA;DEPARTAMENTAL;AR-109;-15.856426;NIEBLA;RURAL;TRAMO RECTO;PLANA ;ASFALTADA;NULL;NULL;NULL;NULL;EN PROCESO DE INVESTIGACIÓN;NO CUENTA CON CAUSA ESPECIFICA;Carretera al Colca;6/4/2024;-71.428309
A-2024-04-9;30:00.0;DESPISTE;1;1;1;APURIMAC;ANDAHUAYLAS;PACUCHA;RURAL;CARRETERA;SIN CLASIFICAR;SIN CLASIFICAR;-13.588357;DESPEJADO;RURAL;TRAMO RECTO;INCLINADA;TROCHA;NULL;NULL;NULL;NULL;EN PROCESO DE INVESTIGACIÓN;NO CUENTA CON CAUSA ESPECIFICA;Cotahuacho Alto;6/4/2024;-73.278221
A-2024-04-55;00:00.0;DESPISTE;1;0;NULL;PIURA;MORROPON;SAN JUAN DE BIGOTE;RURAL;CARRETERA;PROVINCIAL;PI-663;-5.318531;DESPEJADO;RURAL;TRAMO RECTO;PLANA ;ASFALTADA;NULL;NULL;NULL;NULL;EN PROCESO DE INVESTIGACIÓN;NO CUENTA CON CAUSA ESPECIFICA;PI-815;6/4/2024;-79.776603
A-2024-04-33;15:00.0;DESPISTE;1;0;1;LA LIBERTAD;CHEPEN;CHEPEN;RURAL;CARRETERA;NACIONAL;PE-1N;-7.189316;DESPEJADO;RURAL;TRAMO RECTO;PLANA ;ASFALTADA;NULL;NULL;NULL;NULL;IMPRUDENCIA DEL PASAJERO/OCUPANTE;SUBIR Y BAJAR DEL VEHÍCULO EN MOVIMIENTO;Carretera Panamericana Norte;7/4/2024;-79.430423
A-2024-04-59;30:00.0;DESPISTE;1;3;1;HUANCAVELICA;CASTROVIRREYNA;ARMA;RURAL;CARRETERA;NACIONAL;PE-26;-13.149595;DESPEJADO;RURAL;CURVA;PLANA ;ASFALTADA;NULL;NULL;NULL;NULL;EN PROCESO DE INVESTIGACIÓN;NO CUENTA CON CAUSA ESPECIFICA;Carretera Chincha - Huancavelica;7/4/2024;-75.554297
A-2024-04-3;30:00.0;DESPISTE;1;0;1;CUSCO;QUISPICANCHI;OCONGATE;URBANA;CARRETERA;NACIONAL;PE-30C;-13.626946;LLUVIOSO;INDUSTRIAL;CURVA;INCLINADA;ASFALTADA;SI;REGULADORA (R);NULL;SI;IMPRUDENCIA DEL CONDUCTOR;EXCESO DE VELOCIDAD;Interoceánica Sur;7/4/2024;-71.389015
A-2024-04-2;25:00.0;ATROPELLO;1;0;NULL;PUNO;PUNO;PUNO;URBANA;JIRÓN;URBANO;NO CORRESPONDE;-15.861002;DESPEJADO;COMERCIAL;TRAMO RECTO;INCLINADA;ASFALTADA;NULL;NULL;NULL;NULL;IMPRUDENCIA DEL CONDUCTOR;EXCESO DE VELOCIDAD;Avenida Residencial;7/4/2024;-70.012911
A-2024-04-50;30:00.0;CHOQUE CON OBJETO FIJO;1;1;1;TUMBES;TUMBES;TUMBES;URBANA;CARRETERA;DEPARTAMENTAL;TU-104;-3.574099;DESPEJADO;COMERCIAL;INTERSECCIÓN;PLANA ;ASFALTADA;NULL;NULL;NULL;NULL;IMPRUDENCIA DEL CONDUCTOR;OTRO (IMPRUDENCIA DEL CONDUCTOR);Tumbes;8/4/2024;-80.454222
A-2024-04-22;20:00.0;ATROPELLO FUGA;1;0;1;CUSCO;CHUMBIVILCAS;VELILLE;URBANA;CARRETERA;NACIONAL;PE-3SG;-14.512244;DESPEJADO;COMERCIAL;TRAMO RECTO;PLANA ;ASFALTADA;SI;REGULADORA (R);REGULADORA (R);NO;IMPRUDENCIA DEL PEATÓN;CRUCE INDEBIDO POR LA CALZADA;PE-3SG;8/4/2024;-71.86787
A-2024-04-34;10:00.0;DESPISTE;3;1;1;LA LIBERTAD;PATAZ;PARCOY;RURAL;CARRETERA;NACIONAL;PE-10C;-7.90182;DESPEJADO;RURAL;TRAMO RECTO;PLANA ;TROCHA;NULL;NULL;NULL;NULL;IMPRUDENCIA DEL CONDUCTOR;CONDUCIR EN ESTADO DE EBRIEDAD Y/O DROGADICCIÓN;PE-10C;8/4/2024;-77.604418
A-2024-04-112;54:00.0;CHOQUE;1;0;NULL;LIMA;LIMA;PUENTE PIEDRA;URBANA;CARRETERA;NACIONAL;PE-1N;-11.848832;DESPEJADO;COMERCIAL;TRAMO RECTO;PLANA ;ASFALTADA;NULL;NULL;NULL;NULL;IMPRUDENCIA DEL CONDUCTOR;EXCESO DE VELOCIDAD;Carretera Panamericana Norte;8/4/2024;-77.09444
A-2024-04-7;50:00.0;CAÍDA DE PASAJERO;1;0;NULL;AREQUIPA;CAYLLOMA;MAJES;URBANA;CARRETERA;DEPARTAMENTAL;AR-108;-16.346615;SOLEADO;RURAL;ÓVALO;PLANA ;ASFALTADA;NULL;NULL;NULL;NULL;EN PROCESO DE INVESTIGACIÓN;NO CUENTA CON CAUSA ESPECIFICA;El Pionero;8/4/2024;-72.190576
A-2024-04-8;30:00.0;ATROPELLO;1;0;1;AREQUIPA;AREQUIPA;JOSE LUIS BUSTAMANTE Y RIVERO;URBANA;AVENIDA;URBANO;NO CORRESPONDE;-16.430746;DESPEJADO;COMERCIAL;TRAMO RECTO;PLANA ;ASFALTADA;NULL;NULL;NULL;NULL;EN PROCESO DE INVESTIGACIÓN;NO CUENTA CON CAUSA ESPECIFICA;Avenida de las Convenciones;9/4/2024;-71.54062
A-2024-04-54;15:00.0;ATROPELLO;1;1;NULL;PIURA;PIURA;PIURA;RURAL;CARRETERA;NACIONAL;PE-1N;-5.10778;DESPEJADO;RURAL;TRAMO RECTO;PLANA ;ASFALTADA;NULL;NULL;NULL;NULL;EN PROCESO DE INVESTIGACIÓN;NO CUENTA CON CAUSA ESPECIFICA;Carretera Panamericana Norte;9/4/2024;-80.703473
A-2024-04-113;44:00.0;CHOQUE;1;0;NULL;LIMA;LIMA;MIRAFLORES;URBANA;VIA EXPRESA;URBANO;NO CORRESPONDE;-12.122251;DESPEJADO;COMERCIAL;CURVA;PLANA ;ASFALTADA;NULL;NULL;NULL;NULL;IMPRUDENCIA DEL CONDUCTOR;CONDUCIR EN ESTADO DE EBRIEDAD Y/O DROGADICCIÓN;Circuito de Playas;9/4/2024;-77.043975
A-2024-04-114;30:00.0;VOLCADURA;1;0;NULL;LIMA;LIMA;LOS OLIVOS;URBANA;AVENIDA;URBANO;NO CORRESPONDE;-11.948246;DESPEJADO;COMERCIAL;TRAMO RECTO;PLANA ;ASFALTADA;NULL;NULL;NULL;NULL;IMPRUDENCIA DEL CONDUCTOR;OTRO (IMPRUDENCIA DEL CONDUCTOR);Avenida Alfredo Mendiola;9/4/2024;-77.07107
A-2024-04-5;30:00.0;VOLCADURA;1;0;1;TACNA;CANDARAVE;CANDARAVE;RURAL;CARRETERA;NACIONAL;PE-36A;-16.846803;DESPEJADO;RURAL;CURVA;PLANA ;ASFALTADA;NULL;NULL;NULL;NULL;IMPRUDENCIA DEL CONDUCTOR;INVASIÓN DE CARRIL;Carretera Binacional;10/4/2024;-70.235122
A-2024-04-83;00:00.0;CHOQUE;1;1;2;CAJAMARCA;SAN IGNACIO;HUARANGO;RURAL;CARRETERA;PROVINCIAL;CA-585;-5.208002;DESPEJADO;RURAL;TRAMO RECTO;INCLINADA;AFIRMADO;NULL;NULL;NULL;NULL;IMPRUDENCIA DEL CONDUCTOR;EXCESO DE VELOCIDAD;CA-585;10/4/2024;-78.767698
A-2024-04-82;30:00.0;ATROPELLO;1;0;1;CAJAMARCA;JAEN;JAEN;URBANA;AVENIDA;URBANO;NO CORRESPONDE;-5.708558;DESPEJADO;COMERCIAL;INTERSECCIÓN;PLANA ;ASFALTADA;NO;NULL;NULL;SI;IMPRUDENCIA DEL CONDUCTOR;OTRO (IMPRUDENCIA DEL CONDUCTOR);Avenida Villanuevo Pinillos;10/4/2024;-78.807426
A-2024-04-6;30:00.0;DESPISTE;2;4;1;PUNO;PUNO;PUNO;URBANA;AVENIDA;URBANO;NO CORRESPONDE;-15.859174;DESPEJADO;COMERCIAL;TRAMO RECTO;INCLINADA;ASFALTADA;NULL;NULL;NULL;NULL;NEGLIGENCIA DEL CONDUCTOR;CONDUCIR CON FALLAS DE FRENOS;Avenida 4 de Noviembre;10/4/2024;-70.013567
A-2024-04-69;40:00.0;ATROPELLO;1;0;1;ICA;NASCA;NASCA;RURAL;CARRETERA;NACIONAL;PE-1S;-14.823433;DESPEJADO;RURAL;TRAMO RECTO;PLANA ;ASFALTADA;NULL;NULL;NULL;NULL;EN PROCESO DE INVESTIGACIÓN;NO CUENTA CON CAUSA ESPECIFICA;Carretera Panamericana Sur;10/4/2024;-74.96026
A-2024-04-13;30:00.0;ATROPELLO;1;0;0;TACNA;TACNA;TACNA;RURAL;CARRETERA;NACIONAL;PE-1S;-18.234015;DESPEJADO;RURAL;TRAMO RECTO;PLANA ;ASFALTADA;NULL;NULL;NULL;NULL;IMPRUDENCIA DEL PEATÓN;OTRO (IMPRUDENCIA DEL PEATÓN);Carretera Panamericana Sur;10/4/2024;-70.323367
A-2024-04-62;20:00.0;CHOQUE;1;4;2;AYACUCHO;HUAMANGA;VINCHOS;RURAL;CARRETERA;NACIONAL;PE-28A;-13.34501;DESPEJADO;RURAL;SINUOSA;INCLINADA;ASFALTADA;SI;PREVENTIVA (P);NULL;SI;IMPRUDENCIA DEL CONDUCTOR;INVASIÓN DE CARRIL;Vía de los Libertadores;11/4/2024;-74.531442
A-2024-04-78;00:00.0;DESPISTE;2;0;1;PASCO;PASCO;YANACANCHA;RURAL;CARRETERA;NACIONAL;PE-3N;-10.6936;DESPEJADO;RURAL;TRAMO RECTO;INCLINADA;ASFALTADA;NO;NULL;NULL;NO;IMPRUDENCIA DEL CONDUCTOR;FATIGA Y/O CANSANCIO;Carretera Longitudinal de la Sierra Norte;11/4/2024;-76.198848
A-2024-04-85;00:00.0;CHOQUE;1;0;1;CAJAMARCA;CAJAMARCA;ENCAÑADA;RURAL;CARRETERA;NACIONAL;PE-08B;-7.127146;DESPEJADO;RURAL;CURVA;PLANA ;ASFALTADA;NULL;NULL;NULL;NULL;IMPRUDENCIA DEL CONDUCTOR;EXCESO DE VELOCIDAD;Carretera Baños del Inca - Encañada;12/4/2024;-78.345043
A-2024-04-74;08:00.0;CHOQUE;1;0;NULL;ICA;CHINCHA;GROCIO PRADO;RURAL;CARRETERA;NACIONAL;PE-1S;-13.404688;NULL;NULL;NULL;NULL;NULL;NULL;NULL;NULL;NULL;EN PROCESO DE INVESTIGACIÓN;NO CUENTA CON CAUSA ESPECIFICA;Carretera Panamericana Sur;12/4/2024;-76.193044
A-2024-04-70;10:00.0;CHOQUE;1;0;2;ICA;ICA;SALAS;URBANA;CARRETERA;NACIONAL;PE-1S;-13.983972;DESPEJADO;COMERCIAL;TRAMO RECTO;PLANA ;ASFALTADA;NULL;NULL;NULL;NULL;EN PROCESO DE INVESTIGACIÓN;NO CUENTA CON CAUSA ESPECIFICA;Carretera Panamericana Sur;12/4/2024;-75.773239
A-2024-04-10;20:00.0;CHOQUE;1;1;2;PUNO;EL COLLAO;ILAVE;RURAL;CARRETERA;NACIONAL;PE-3S;-16.092541;DESPEJADO;RURAL;CURVA;PLANA ;ASFALTADA;NULL;NULL;NULL;NULL;IMPRUDENCIA DEL CONDUCTOR;EXCESO DE VELOCIDAD;Carretera Longitudinal de la Sierra Sur;12/4/2024;-69.628381
A-2024-04-35;40:00.0;CHOQUE;1;0;2;LA LIBERTAD;SANCHEZ CARRION;HUAMACHUCO;RURAL;CARRETERA;NACIONAL;PE-3N;-7.815648;DESPEJADO;RURAL;TRAMO RECTO;PLANA ;ASFALTADA;NULL;NULL;NULL;NULL;EN PROCESO DE INVESTIGACIÓN;NO CUENTA CON CAUSA ESPECIFICA;Avenida Tayabamba;12/4/2024;-78.009496
A-2024-04-11;00:00.0;DESPISTE;1;0;1;CUSCO;PAUCARTAMBO;PAUCARTAMBO;RURAL;CARRETERA;PROVINCIAL;CU-1040;-13.35414;DESPEJADO;RURAL;CURVA;INCLINADA;TROCHA;NO;NULL;NULL;NO;IMPRUDENCIA DEL CONDUCTOR;EXCESO DE VELOCIDAD;Carretera Huatocto;13/4/2024;-71.566889
A-2024-04-56;00:00.0;CHOQUE;1;1;NULL;PIURA;PIURA;VEINTISEIS DE OCTUBRE;RURAL;CARRETERA;NACIONAL;PE-1N;-5.147354;DESPEJADO;RURAL;TRAMO RECTO;PLANA ;ASFALTADA;NULL;NULL;NULL;NULL;EN PROCESO DE INVESTIGACIÓN;NO CUENTA CON CAUSA ESPECIFICA;Carretera Panamericana Norte;13/4/2024;-80.697009
A-2024-04-36;20:00.0;CHOQUE;1;1;3;LA LIBERTAD;TRUJILLO;MOCHE;URBANA;CARRETERA;NACIONAL;PE-1N;-8.167849;DESPEJADO;INDUSTRIAL;TRAMO RECTO;PLANA ;ASFALTADA;NULL;NULL;NULL;NULL;IMPRUDENCIA DEL CONDUCTOR;OTRO (IMPRUDENCIA DEL CONDUCTOR);Ciclovia;13/4/2024;-79.006408
A-2024-04-73;30:00.0;ATROPELLO;1;0;1;CUSCO;CUSCO;SAN SEBASTIAN;URBANA;AVENIDA;URBANO;NO CORRESPONDE;-13.532795;DESPEJADO;INDUSTRIAL;TRAMO RECTO;PLANA ;ASFALTADA;SI;PREVENTIVA (P);NULL;NO;IMPRUDENCIA DEL PEATÓN;OTRO (IMPRUDENCIA DEL PEATÓN);Avenida de la Cultura;14/4/2024;-71.922405
A-2024-04-99;30:00.0;ATROPELLO FUGA;1;0;NULL;LIMA;LIMA;SAN JUAN DE LURIGANCHO;URBANA;AVENIDA;URBANO;NO CORRESPONDE;-11.954833;DESPEJADO;COMERCIAL;TRAMO RECTO;PLANA ;ASFALTADA;NULL;NULL;NULL;NULL;IMPRUDENCIA DEL PEATÓN;CRUCE INDEBIDO POR LA CALZADA;Avenida Fernando Wiesse;14/4/2024;-76.986111
A-2024-04-14;00:00.0;CHOQUE;1;0;NULL;PUNO;PUNO;ACORA;RURAL;CARRETERA;NACIONAL;PE-3S;-16.065127;NULL;NULL;NULL;NULL;NULL;NULL;NULL;NULL;NULL;EN PROCESO DE INVESTIGACIÓN;NO CUENTA CON CAUSA ESPECIFICA;Carretera Longitudinal de la Sierra Sur;14/4/2024;-69.688077
A-2024-04-20;20:00.0;CHOQUE;1;1;2;AREQUIPA;AREQUIPA;CHIGUATA;RURAL;CARRETERA;DEPARTAMENTAL;CU-115;-16.3102;SOLEADO;RURAL;CURVA;INCLINADA;ASFALTADA;NULL;NULL;NULL;NULL;EN PROCESO DE INVESTIGACIÓN;NO CUENTA CON CAUSA ESPECIFICA;Chiguata;14/4/2024;-71.37598
A-2024-04-24;00:00.0;CHOQUE;1;1;2;AREQUIPA;CAYLLOMA;MAJES;RURAL;CARRETERA;NACIONAL;PE-1S;-16.363366;DESPEJADO;RURAL;TRAMO RECTO;PLANA ;ASFALTADA;NULL;NULL;NULL;NULL;EN PROCESO DE INVESTIGACIÓN;NO CUENTA CON CAUSA ESPECIFICA;El Pedregal;14/4/2024;-72.156526
A-2024-04-44;15:00.0;CHOQUE FUGA;1;1;2;LIMA;HUAURA;HUAURA;RURAL;CARRETERA;NACIONAL;PE-1N;-11.06132;DESPEJADO;RURAL;TRAMO RECTO;PLANA ;ASFALTADA;NULL;NULL;NULL;NULL;EN PROCESO DE INVESTIGACIÓN;NO CUENTA CON CAUSA ESPECIFICA;Carretera Panamericana Norte;14/4/2024;-77.58895
A-2024-04-45;30:00.0;ATROPELLO;1;0;1;LIMA;HUAURA;SANTA MARIA;URBANA;CARRETERA;NACIONAL;PE-1N;-11.11469;DESPEJADO;COMERCIAL;TRAMO RECTO;PLANA ;ASFALTADA;NULL;NULL;NULL;NULL;IMPRUDENCIA DEL PEATÓN;ESTADO DE EBRIEDAD Y/O DROGADICCIÓN;Carretera Panamericana Norte;15/4/2024;-77.593104
A-2024-04-64;20:00.0;ATROPELLO;1;0;1;AYACUCHO;HUAMANGA;SAN JUAN BAUTISTA;URBANA;CARRETERA;NACIONAL;PE-3SL;-13.168515;DESPEJADO;RESIDENCIAL;TRAMO RECTO;PLANA ;ASFALTADA;NULL;NULL;NULL;NULL;IMPRUDENCIA DEL CONDUCTOR;EXCESO DE VELOCIDAD;Avenida Arenales;15/4/2024;-74.209651
A-2024-04-46;50:00.0;ATROPELLO;1;0;1;LIMA;HUAURA;HUAURA;RURAL;CARRETERA;NACIONAL;PE-1N;-11.04594;DESPEJADO;RURAL;TRAMO RECTO;PLANA ;ASFALTADA;NULL;NULL;NULL;NULL;IMPRUDENCIA DEL CONDUCTOR;OTRO (IMPRUDENCIA DEL CONDUCTOR);Carretera Panamericana Norte;15/4/2024;-77.58882
A-2024-04-63;30:00.0;CHOQUE;1;1;2;AYACUCHO;HUAMANGA;OCROS;RURAL;CARRETERA;NACIONAL;PE-3S;-13.437383;DESPEJADO;RURAL;CURVA;INCLINADA;ASFALTADA;SI;PREVENTIVA (P);NULL;SI;IMPRUDENCIA DEL CONDUCTOR;CONDUCIR EN ESTADO DE EBRIEDAD Y/O DROGADICCIÓN;Carretera Longitudinal de la Sierra Sur;15/4/2024;-73.829608
A-2024-04-25;20:00.0;ATROPELLO;1;1;1;CUSCO;CANCHIS;TINTA;RURAL;CARRETERA;NACIONAL;PE-3S;-14.14442;DESPEJADO;RURAL;TRAMO RECTO;PLANA ;ASFALTADA;NULL;NULL;NULL;NULL;IMPRUDENCIA DEL PEATÓN;CRUCE INDEBIDO POR LA CALZADA;Calle 4 de Julio;15/4/2024;-71.397666
A-2024-04-16;30:00.0;CHOQUE;1;0;1;SAN MARTIN;RIOJA;RIOJA;URBANA;JIRÓN;URBANO;NO CORRESPONDE;-6.055918;DESPEJADO;COMERCIAL;TRAMO RECTO;PLANA ;ADOQUINADO;NULL;NULL;NULL;NULL;IMPRUDENCIA DEL CONDUCTOR;OTRO (IMPRUDENCIA DEL CONDUCTOR);Las Palmeras;15/4/2024;-77.166683
A-2024-04-60;30:00.0;DESPISTE;1;0;1;HUANCAVELICA;HUANCAVELICA;HUACHOCOLPA;RURAL;CARRETERA;PROVINCIAL;HV-894;-13.057571;SOLEADO;RURAL;TRAMO RECTO;PLANA ;TROCHA;NULL;NULL;NULL;NULL;EN PROCESO DE INVESTIGACIÓN;NO CUENTA CON CAUSA ESPECIFICA;HV-894;16/4/2024;-74.943956
A-2024-04-17;50:00.0;DESPISTE;1;1;2;AREQUIPA;ISLAY;MOLLENDO;RURAL;CARRETERA;NACIONAL;PE-1SD;-16.999476;DESPEJADO;RURAL;CURVA;INCLINADA;ASFALTADA;SI;REGULADORA (R);REGULADORA (R);NO;EN PROCESO DE INVESTIGACIÓN;NO CUENTA CON CAUSA ESPECIFICA;Autopista Costanera;17/4/2024;-72.019809
A-2024-04-37;26:00.0;ATROPELLO;1;0;1;LA LIBERTAD;OTUZCO;PARANDAY;RURAL;CARRETERA;DEPARTAMENTAL;LI-110;-7.879843;DESPEJADO;RURAL;TRAMO RECTO;PLANA ;TROCHA;NULL;NULL;NULL;NULL;EN PROCESO DE INVESTIGACIÓN;NO CUENTA CON CAUSA ESPECIFICA;LI-110;18/4/2024;-78.721623
A-2024-04-61;40:00.0;CHOQUE;1;4;2;HUANCAVELICA;TAYACAJA;ÑAHUIMPUQUIO;RURAL;CARRETERA;NACIONAL;PE-3SD;-12.309395;DESPEJADO;RURAL;TRAMO RECTO;PLANA ;ASFALTADA;NULL;NULL;NULL;NULL;EN PROCESO DE INVESTIGACIÓN;NO CUENTA CON CAUSA ESPECIFICA;PE-3SD;19/4/2024;-75.043224
A-2024-04-19;40:00.0;CHOQUE;1;1;2;AREQUIPA;AREQUIPA;LA JOYA;RURAL;CARRETERA;PROVINCIAL;AR-722;-16.47616;DESPEJADO;RESIDENCIAL;TRAMO RECTO;PLANA ;ASFALTADA;NULL;NULL;NULL;NULL;EN PROCESO DE INVESTIGACIÓN;NO CUENTA CON CAUSA ESPECIFICA;AR-722;19/4/2024;-71.81959
A-2024-04-75;30:00.0;DESPISTE;1;0;NULL;ICA;CHINCHA;EL CARMEN;URBANA;CARRETERA;NACIONAL;PE-1S;-13.563411;NULL;NULL;NULL;NULL;NULL;NULL;NULL;NULL;NULL;EN PROCESO DE INVESTIGACIÓN;NO CUENTA CON CAUSA ESPECIFICA;Antigua Carretera Panamericana Sur;19/4/2024;-76.133899
A-2024-04-86;50:00.0;DESPISTE;1;1;1;CAJAMARCA;CAJAMARCA;CAJAMARCA;URBANA;AVENIDA;URBANO;NO CORRESPONDE;-7.173983;DESPEJADO;COMERCIAL;CURVA;INCLINADA;ASFALTADA;NULL;NULL;NULL;NULL;IMPRUDENCIA DEL CONDUCTOR;CONDUCIR EN ESTADO DE EBRIEDAD Y/O DROGADICCIÓN;Avenida Independencia;20/4/2024;-78.51271
A-2024-04-38;10:00.0;DESPISTE;1;0;1;LA LIBERTAD;TRUJILLO;LAREDO;RURAL;CARRETERA;NACIONAL;PE-10A;-8.086704;DESPEJADO;RURAL;TRAMO RECTO;PLANA ;ASFALTADA;NULL;NULL;NULL;NULL;EN PROCESO DE INVESTIGACIÓN;NO CUENTA CON CAUSA ESPECIFICA;Carretera Industrial;21/4/2024;-78.890237
A-2024-04-57;40:00.0;CHOQUE FUGA;1;5;NULL;PIURA;PIURA;CASTILLA;URBANA;CARRETERA;NACIONAL;PE-1N;-5.189045;DESPEJADO;ESCOLAR;TRAMO RECTO;PLANA ;ASFALTADA;NULL;NULL;NULL;NULL;EN PROCESO DE INVESTIGACIÓN;NO CUENTA CON CAUSA ESPECIFICA;Avenida Guardia Civil;21/4/2024;-80.59956
A-2024-04-87;10:00.0;ATROPELLO;1;0;1;CAJAMARCA;CAJAMARCA;CAJAMARCA;URBANA;JIRÓN;URBANO;NO CORRESPONDE;-7.156147;DESPEJADO;COMERCIAL;TRAMO RECTO;PLANA ;ASFALTADA;NULL;NULL;NULL;NULL;IMPRUDENCIA DEL CONDUCTOR;EXCESO DE VELOCIDAD;Jirón Apurímac;21/4/2024;-78.518891
A-2024-04-101;05:00.0;ATROPELLO FUGA;1;0;NULL;LIMA;LIMA;SAN MARTIN DE PORRES;URBANA;AVENIDA;URBANO;NO CORRESPONDE;-11.976519;DESPEJADO;COMERCIAL;TRAMO RECTO;PLANA ;ASFALTADA;SI;INFORMATIVA (I);NULL;NO;IMPRUDENCIA DEL CONDUCTOR;CONDUCIR EN SENTIDO CONTRARIO;Avenida Naranjal;21/4/2024;-77.083772
A-2024-04-115;00:00.0;CHOQUE;1;3;NULL;LIMA;LIMA;VILLA EL SALVADOR;URBANA;AVENIDA;URBANO;NO CORRESPONDE;-12.226506;DESPEJADO;COMERCIAL;TRAMO RECTO;PLANA ;ASFALTADA;NULL;NULL;NULL;NULL;EN PROCESO DE INVESTIGACIÓN;NO CUENTA CON CAUSA ESPECIFICA;Avenida Mariano Pastor Sevilla;21/4/2024;-76.940437