CÓDIGO SINIESTRO;HORA SINIESTRO;CLASE SINIESTRO;CANTIDAD DE FALLECIDOS;CANTIDAD DE LESIONADOS;CANTIDAD DE VEHICULOS DAÑADOS;DEPARTAMENTO;PROVINCIA;DISTRITO;ZONA;TIPO DE VÍA;RED VIAL;COD CARRETERA;COORDENADAS LATITUD;CONDICIÓN CLIMÁTICA;ZONIFICACIÓN;CARACTERÍSTICAS DE VÍA;PERFIL LONGITUDINAL VÍA;SUPERFICIE DE CALZADA;¿EXISTE SEÑAL VERTICAL?;CLASIFICACIÓN DE LA SEÑAL VERTICAL Nº 1;CLASIFICACIÓN DE LA SEÑAL VERTICAL Nº 2;¿EXISTE SEÑAL HORIZONTAL?;CAUSA FACTOR PRINCIPAL;CAUSA ESPECÍFICA;UBICACION;FECHA SINIESTRO;COORDENADAS LONGITUD
A-2024-04-94;00:00.0;CHOQUE;1;0;2;CAJAMARCA;JAEN;JAEN;RURAL;CARRETERA;NACIONAL;PE-04C;-5.877947;DESPEJADO;RURAL;TRAMO RECTO;PLANA ;ASFALTADA;SI;PREVENTIVA (P);NULL;SI;EN PROCESO DE INVESTIGACIÓN;NO CUENTA CON CAUSA ESPECIFICA;Carretera Presidente Fernando Belaúnde Terry;21/4/2024;-78.813241
A-2024-04-100;10:00.0;ATROPELLO FUGA;1;1;NULL;LIMA;LIMA;BREÑA;URBANA;AVENIDA;URBANO;NO CORRESPONDE;-12.064863;DESPEJADO;COMERCIAL;TRAMO RECTO;PLANA ;ASFALTADA;SI;REGULADORA (R);INFORMATIVA (I);NO;IMPRUDENCIA DEL CONDUCTOR;CONDUCIR EN ESTADO DE EBRIEDAD Y/O DROGADICCIÓN;Avenida Brasil;21/4/2024;-77.045486
A-2024-04-80;30:00.0;ATROPELLO;1;0;NULL;PIURA;PIURA;PIURA;RURAL;CARRETERA;NACIONAL;PE-1N;-5.093606;DESPEJADO;RURAL;TRAMO RECTO;PLANA ;ASFALTADA;NULL;NULL;NULL;NULL;EN PROCESO DE INVESTIGACIÓN;NO CUENTA CON CAUSA ESPECIFICA;Carretera Panamericana Norte;21/4/2024;-80.705443
A-2024-04-88;45:00.0;VOLCADURA;1;0;1;CAJAMARCA;CAJAMARCA;CAJAMARCA;URBANA;CARRETERA;NACIONAL;PE-08B;-7.16508;DESPEJADO;INDUSTRIAL;TRAMO RECTO;PLANA ;ASFALTADA;NULL;NULL;NULL;NULL;IMPRUDENCIA DEL CONDUCTOR;CONDUCIR EN ESTADO DE EBRIEDAD Y/O DROGADICCIÓN;PE-08B;21/4/2024;-78.480179
A-2024-04-71;30:00.0;ATROPELLO FUGA;1;0;NULL;ICA;PISCO;PISCO;RURAL;CARRETERA;NACIONAL;PE-1SE;-13.70235;DESPEJADO;RURAL;TRAMO RECTO;PLANA ;ASFALTADA;NULL;NULL;NULL;NULL;EN PROCESO DE INVESTIGACIÓN;NO CUENTA CON CAUSA ESPECIFICA;Carretera Panamericana Sur;22/4/2024;-76.16552
A-2024-04-18;50:00.0;ATROPELLO FUGA;1;0;NULL;SAN MARTIN;RIOJA;NUEVA CAJAMARCA;URBANA;CARRETERA;NACIONAL;PE-5N;-5.905603;DESPEJADO;RESIDENCIAL;TRAMO RECTO;PLANA ;ASFALTADA;NULL;NULL;NULL;NULL;EN PROCESO DE INVESTIGACIÓN;NO CUENTA CON CAUSA ESPECIFICA;Carretera Presidente Fernando Belaúnde Terry;22/4/2024;-77.32527
A-2024-04-116;50:00.0;CHOQUE;1;0;NULL;LIMA;LIMA;RIMAC;URBANA;CARRETERA;NACIONAL;PE-1N;-12.03717;DESPEJADO;RESIDENCIAL;TRAMO RECTO;PLANA ;ASFALTADA;SI;INFORMATIVA (I);NULL;NO;IMPRUDENCIA DEL CONDUCTOR;ADELANTAR INDEBIDAMENTE;Vía de Evitamiento;22/4/2024;-77.041264
A-2024-04-117;00:00.0;CHOQUE;1;1;NULL;LIMA;LIMA;CIENEGUILLA;URBANA;CARRETERA;DEPARTAMENTAL;LM-117;-12.113285;DESPEJADO;COMERCIAL;CURVA;INCLINADA;ASFALTADA;NULL;NULL;NULL;NULL;NEGLIGENCIA DEL CONDUCTOR;CONDUCIR CON FALLAS DE FRENOS;Jirón Sinchi Roca;23/4/2024;-76.818239
A-2024-04-39;18:00.0;CHOQUE;1;1;2;LA LIBERTAD;TRUJILLO;HUANCHACO;URBANA;AVENIDA;URBANO;NO CORRESPONDE;-8.017436;DESPEJADO;COMERCIAL;INTERSECCIÓN;PLANA ;ASFALTADA;NULL;NULL;NULL;NULL;EN PROCESO DE INVESTIGACIÓN;NO CUENTA CON CAUSA ESPECIFICA;Avenida Miguel Grau;23/4/2024;-79.066769
A-2024-04-102;00:00.0;ATROPELLO FUGA;1;0;NULL;LIMA;LIMA;ANCON;RURAL;CARRETERA;NACIONAL;PE-1N;-11.765279;DESPEJADO;INDUSTRIAL;TRAMO RECTO;PLANA ;ASFALTADA;NULL;NULL;NULL;NULL;EN PROCESO DE INVESTIGACIÓN;NO CUENTA CON CAUSA ESPECIFICA;Carretera Panamericana Norte;24/4/2024;-77.158419
A-2024-04-26;00:00.0;VOLCADURA;1;0;NULL;PUNO;EL COLLAO;ILAVE;RURAL;CARRETERA;NACIONAL;PE-38A;-16.230647;DESPEJADO;RURAL;TRAMO RECTO;PLANA ;ASFALTADA;NULL;NULL;NULL;NULL;IMPRUDENCIA DEL CONDUCTOR;EXCESO DE VELOCIDAD;Carretera Mazocruz - Ilave;24/4/2024;-69.678802
A-2024-04-47;30:00.0;DESPISTE;1;0;1;LIMA;OYON;PACHANGARA;URBANA;AVENIDA;URBANO;NO CORRESPONDE;-10.81156;DESPEJADO;RESIDENCIAL;INTERSECCIÓN;PLANA ;ASFALTADA;NULL;NULL;NULL;NULL;EN PROCESO DE INVESTIGACIÓN;NO CUENTA CON CAUSA ESPECIFICA;Grau;24/4/2024;-76.875211
A-2024-04-40;40:00.0;DESPISTE;1;0;1;LA LIBERTAD;TRUJILLO;TRUJILLO;URBANA;AVENIDA;URBANO;NO CORRESPONDE;-8.123542;DESPEJADO;INDUSTRIAL;PUENTE;PLANA ;ASFALTADA;NULL;NULL;NULL;NULL;IMPRUDENCIA DEL CONDUCTOR;CONDUCIR EN ESTADO DE EBRIEDAD Y/O DROGADICCIÓN;Avenida América Sur;25/4/2024;-79.022956
A-2024-04-27;10:00.0;DESPISTE;1;1;1;AREQUIPA;ISLAY;PUNTA DE BOMBON;RURAL;CARRETERA;NACIONAL;PE-1SD;-17.174842;SOLEADO;RURAL;TRAMO RECTO;PLANA ;ASFALTADA;NO;NULL;NULL;SI;EN PROCESO DE INVESTIGACIÓN;NO CUENTA CON CAUSA ESPECIFICA;Carretera Costanera Sur;25/4/2024;-71.76923
A-2024-04-41;30:00.0;DESPISTE;1;11;1;LA LIBERTAD;SANTIAGO DE CHUCO;MOLLEPATA;RURAL;CARRETERA;NACIONAL;PE-3N;-8.194143;DESPEJADO;RURAL;CURVA;PLANA ;TROCHA;NULL;NULL;NULL;NULL;EN PROCESO DE INVESTIGACIÓN;NO CUENTA CON CAUSA ESPECIFICA;Carretera Longitudinal de la Sierra Norte;25/4/2024;-77.956828
A-2024-04-51;30:00.0;DESPISTE;1;0;2;TUMBES;CONTRALMIRANTE VILLAR;ZORRITOS;RURAL;CARRETERA;NACIONAL;PE-1N;-3.67409;DESPEJADO;RURAL;TRAMO RECTO;PLANA ;ASFALTADA;NULL;NULL;NULL;NULL;IMPRUDENCIA DEL CONDUCTOR;CONDUCIR EN ESTADO DE EBRIEDAD Y/O DROGADICCIÓN;Carretera Panamericana Norte;26/4/2024;-80.662833
A-2024-04-103;45:00.0;ATROPELLO FUGA;1;0;NULL;LIMA;LIMA;CIENEGUILLA;RURAL;AVENIDA;URBANO;NO CORRESPONDE;-12.127737;DESPEJADO;RESIDENCIAL;TRAMO RECTO;PLANA ;ASFALTADA;NULL;NULL;NULL;NULL;EN PROCESO DE INVESTIGACIÓN;NO CUENTA CON CAUSA ESPECIFICA;Avenida Nueva Toledo;26/4/2024;-76.820556
A-2024-04-118;00:00.0;DESPISTE;1;0;NULL;LIMA;LIMA;SAN BORJA;URBANA;OTRO;URBANO;NO CORRESPONDE;-12.098802;DESPEJADO;RESIDENCIAL;PASE A DESNIVEL;INCLINADA;ASFALTADA;SI;REGULADORA (R);NULL;SI;IMPRUDENCIA DEL CONDUCTOR;OTRO (IMPRUDENCIA DEL CONDUCTOR);Carretera Panamericana Sur;26/4/2024;-76.979928
A-2024-04-65;45:00.0;DESPISTE;2;6;1;AYACUCHO;LA MAR;CHILCAS;RURAL;CARRETERA;PROVINCIAL;AY-705;-13.177;DESPEJADO;RURAL;CURVA;INCLINADA;TROCHA;NULL;NULL;NULL;NULL;IMPRUDENCIA DEL CONDUCTOR;EXCESO DE VELOCIDAD;Chilcas;26/4/2024;-73.957
A-2024-04-93;30:00.0;CHOQUE;1;0;2;CAJAMARCA;CHOTA;QUEROCOTO;RURAL;CARRETERA;PROVINCIAL;CA-855;-6.334488;DESPEJADO;RURAL;CURVA;INCLINADA;AFIRMADO;SI;PREVENTIVA (P);NULL;NO;IMPRUDENCIA DEL CONDUCTOR;EXCESO DE VELOCIDAD;La Granja;27/4/2024;-79.075185
A-2024-04-72;00:00.0;CHOQUE;1;0;2;ICA;PISCO;SAN CLEMENTE;URBANA;CARRETERA;NACIONAL;PE-1S;-13.68095;DESPEJADO;RESIDENCIAL;TRAMO RECTO;PLANA ;ASFALTADA;NULL;NULL;NULL;NULL;EN PROCESO DE INVESTIGACIÓN;NO CUENTA CON CAUSA ESPECIFICA;Antigua Carretera Panamericana Sur;27/4/2024;-76.159493
A-2024-04-92;15:00.0;CHOQUE;1;2;2;CAJAMARCA;CAJAMARCA;LLACANORA;URBANA;CARRETERA;PROVINCIAL;CA-1494;-7.183511;DESPEJADO;COMERCIAL;TRAMO RECTO;PLANA ;ASFALTADA;NULL;NULL;NULL;NULL;IMPRUDENCIA DEL CONDUCTOR;OTRO (IMPRUDENCIA DEL CONDUCTOR);Llacanora;27/4/2024;-78.444778
A-2024-04-104;30:00.0;ATROPELLO FUGA;1;0;NULL;LIMA;LIMA;EL AGUSTINO;URBANA;CARRETERA;NACIONAL;PE-1N;-12.030172;DESPEJADO;COMERCIAL;TRAMO RECTO;PLANA ;ASFALTADA;NULL;NULL;NULL;NULL;EN PROCESO DE INVESTIGACIÓN;NO CUENTA CON CAUSA ESPECIFICA;Vía de Evitamiento;28/4/2024;-77.000513
A-2024-04-119;50:00.0;CHOQUE;1;1;NULL;LIMA;LIMA;PUNTA NEGRA;RURAL;CARRETERA;NACIONAL;PE-1S;-12.373979;DESPEJADO;RURAL;TRAMO RECTO;INCLINADA;ASFALTADA;NULL;NULL;NULL;NULL;EN PROCESO DE INVESTIGACIÓN;NO CUENTA CON CAUSA ESPECIFICA;Carretera Panamericana Sur;28/4/2024;-76.781936
A-2024-04-76;35:00.0;CHOQUE;1;0;2;ICA;PISCO;SAN CLEMENTE;URBANA;CARRETERA;NACIONAL;PE-1S;-13.626005;DESPEJADO;RURAL;TRAMO RECTO;PLANA ;ASFALTADA;NULL;NULL;NULL;NULL;IMPRUDENCIA DEL CONDUCTOR;INVASIÓN DE CARRIL;Antigua Carretera Panamericana Sur;28/4/2024;-76.151934
A-2024-04-120;00:00.0;DESPISTE;1;0;NULL;LIMA;LIMA;LA MOLINA;URBANA;OTRO;URBANO;NO CORRESPONDE;-12.082743;DESPEJADO;COMERCIAL;PASE A DESNIVEL;INCLINADA;ASFALTADA;NO;NULL;NULL;SI;IMPRUDENCIA DEL CONDUCTOR;CONDUCIR EN ESTADO DE EBRIEDAD Y/O DROGADICCIÓN;Avenida Javier Prado Este;28/4/2024;-76.969197
A-2024-04-42;00:00.0;CHOQUE;1;0;2;LA LIBERTAD;VIRU;VIRU;RURAL;CARRETERA;NACIONAL;PE-1N;-8.435844;DESPEJADO;RURAL;TRAMO RECTO;PLANA ;ASFALTADA;NULL;NULL;NULL;NULL;IMPRUDENCIA DEL CONDUCTOR;CONDUCIR EN ESTADO DE EBRIEDAD Y/O DROGADICCIÓN;Carretera Panamericana Norte;28/4/2024;-78.76494
A-2024-04-48;50:00.0;ATROPELLO;1;0;1;AREQUIPA;AREQUIPA;SAN JUAN DE SIGUAS;URBANA;CARRETERA;NACIONAL;PE-1S;-16.349813;DESPEJADO;RESIDENCIAL;TRAMO RECTO;PLANA ;ASFALTADA;SI;REGULADORA (R);NULL;SI;EN PROCESO DE INVESTIGACIÓN;NO CUENTA CON CAUSA ESPECIFICA;Carretera Panamericana Sur;28/4/2024;-72.127218
A-2024-04-90;25:00.0;ATROPELLO FUGA;1;0;1;CAJAMARCA;SAN PABLO;SAN PABLO;RURAL;CARRETERA;PROVINCIAL;CA-1277;-7.11309;DESPEJADO;RURAL;TRAMO RECTO;INCLINADA;ASFALTADA;SI;PREVENTIVA (P);NULL;SI;EN PROCESO DE INVESTIGACIÓN;NO CUENTA CON CAUSA ESPECIFICA;PE-08A;28/4/2024;-78.829742
A-2024-04-89;00:00.0;DESPISTE;25;15;1;CAJAMARCA;CELENDIN;HUASMIN;RURAL;CARRETERA;PROVINCIAL;CA-1024;-6.929052;DESPEJADO;RURAL;CURVA;INCLINADA;AFIRMADO;NULL;NULL;NULL;NULL;IMPRUDENCIA DEL CONDUCTOR;OTRO (IMPRUDENCIA DEL CONDUCTOR);CA-1024;28/4/2024;-78.241667
A-2024-04-121;30:00.0;ESPECIAL;1;1;NULL;LIMA;LIMA;BREÑA;URBANA;JIRÓN;URBANO;NO CORRESPONDE;-12.061689;DESPEJADO;ESCOLAR;INTERSECCIÓN;PLANA ;ASFALTADA;NULL;NULL;NULL;NULL;IMPRUDENCIA DEL CONDUCTOR;OTRO (IMPRUDENCIA DEL CONDUCTOR);Avenida Aguarico;29/4/2024;-77.052791
A-2024-04-91;20:00.0;DESPISTE;1;2;1;CAJAMARCA;HUALGAYOC;BAMBAMARCA;RURAL;CARRETERA;NACIONAL;PE-3NB;-6.712023;DESPEJADO;RURAL;CURVA;INCLINADA;ASFALTADA;NULL;NULL;NULL;NULL;IMPRUDENCIA DEL CONDUCTOR;EXCESO DE VELOCIDAD;PE-3NB;29/4/2024;-78.527831
A-2024-04-29;00:00.0;DESPISTE;1;0;1;AREQUIPA;AREQUIPA;YURA;RURAL;CARRETERA;DEPARTAMENTAL;AR-114;-16.373933;NUBLADO;RURAL;OTRO;INCLINADA;AFIRMADO;NULL;NULL;NULL;NULL;EN PROCESO DE INVESTIGACIÓN;NO CUENTA CON CAUSA ESPECIFICA;AR-114;29/4/2024;-71.645825
A-2024-04-105;10:00.0;ATROPELLO;1;0;NULL;LIMA;LIMA;SAN LUIS;URBANA;AVENIDA;URBANO;NO CORRESPONDE;-12.072586;DESPEJADO;COMERCIAL;INTERSECCIÓN;PLANA ;ASFALTADA;NO;NULL;NULL;SI;IMPRUDENCIA DEL PEATÓN;CRUCE INDEBIDO POR LA CALZADA;Avenida Mariscal Domingo Nieto;30/4/2024;-76.992934
A-2024-05-69;00:00.0;CHOQUE;1;0;NULL;CUSCO;QUISPICANCHI;OROPESA;RURAL;CARRETERA;NACIONAL;PE-3S;-13.58416;NULL;NULL;NULL;NULL;NULL;NULL;NULL;NULL;NULL;EN PROCESO DE INVESTIGACIÓN;NO CUENTA CON CAUSA ESPECIFICA;Carretera Longitudinal de la Sierra Sur;1/5/2024;-71.807641
A-2024-05-138;00:00.0;DESPISTE;1;0;NULL;LIMA;LIMA;LURIN;URBANA;AVENIDA;URBANO;NO CORRESPONDE;-12.284075;DESPEJADO;RESIDENCIAL;TRAMO RECTO;PLANA ;ASFALTADA;NULL;NULL;NULL;NULL;EN PROCESO DE INVESTIGACIÓN;NO CUENTA CON CAUSA ESPECIFICA;Antigua Panamericana Sur;1/5/2024;-76.863509
A-2024-05-88;00:00.0;ATROPELLO;1;0;2;ICA;PISCO;HUMAY;RURAL;CARRETERA;NACIONAL;PE-28A;-13.72784;DESPEJADO;RURAL;TRAMO RECTO;INCLINADA;ASFALTADA;NULL;NULL;NULL;NULL;EN PROCESO DE INVESTIGACIÓN;NO CUENTA CON CAUSA ESPECIFICA;Vía de los Libertadores;1/5/2024;-75.907835
A-2024-05-119;30:00.0;ATROPELLO;1;0;NULL;LIMA;LIMA;LOS OLIVOS;URBANA;CARRETERA;NACIONAL;PE-1N;-11.930495;DESPEJADO;COMERCIAL;INTERSECCIÓN;PLANA ;ASFALTADA;NULL;NULL;NULL;NULL;IMPRUDENCIA DEL PEATÓN;CRUCE INDEBIDO POR LA CALZADA;Avenida Panamericana Norte;1/5/2024;-77.072494
A-2024-05-21;30:00.0;CHOQUE;1;2;2;LA LIBERTAD;SANCHEZ CARRION;HUAMACHUCO;RURAL;CARRETERA;NACIONAL;PE-3N;-7.800294;DESPEJADO;RURAL;TRAMO RECTO;PLANA ;ASFALTADA;NULL;NULL;NULL;NULL;EN PROCESO DE INVESTIGACIÓN;NO CUENTA CON CAUSA ESPECIFICA;Carretera Longitudinal de la Sierra Norte;1/5/2024;-77.988166
A-2024-05-96;30:00.0;DESPISTE;1;0;1;PASCO;DANIEL ALCIDES CARRION;YANAHUANCA;RURAL;CARRETERA;DEPARTAMENTAL;PA-102;-10.49866;DESPEJADO;RURAL;TRAMO RECTO;INCLINADA;ASFALTADA;NULL;NULL;NULL;NULL;IMPRUDENCIA DEL CONDUCTOR;EXCESO DE VELOCIDAD;Avenida Túpac Amaru;1/5/2024;-76.529363
A-2024-05-57;15:00.0;CHOQUE;1;1;NULL;CALLAO;CALLAO;VENTANILLA;URBANA;AVENIDA;URBANO;NO CORRESPONDE;-11.83527;DESPEJADO;RESIDENCIAL;TRAMO RECTO;INCLINADA;AFIRMADO;NULL;NULL;NULL;NULL;NEGLIGENCIA DEL CONDUCTOR;OTRO (NEGLIGENCIA DEL CONDUCTOR);Calle 51;1/5/2024;-77.163537
A-2024-05-13;00:00.0;VOLCADURA;2;0;NULL;PIURA;PIURA;PIURA;URBANA;AVENIDA;URBANO;NO CORRESPONDE;-5.185413;DESPEJADO;RESIDENCIAL;ÓVALO;PLANA ;ASFALTADA;NULL;NULL;NULL;NULL;EN PROCESO DE INVESTIGACIÓN;NO CUENTA CON CAUSA ESPECIFICA;Pasaje Alameda Las Mercedes;1/5/2024;-80.64937
A-2024-05-22;20:00.0;DESPISTE;1;0;1;LA LIBERTAD;PACASMAYO;GUADALUPE;RURAL;CARRETERA;NACIONAL;PE-1N;-7.233168;DESPEJADO;RURAL;TRAMO RECTO;PLANA ;ASFALTADA;NULL;NULL;NULL;NULL;IMPRUDENCIA DEL CONDUCTOR;OTRO (IMPRUDENCIA DEL CONDUCTOR);Carretera Panamericana Norte;1/5/2024;-79.45239
A-2024-05-8;45:00.0;CHOQUE CON OBJETO FIJO;1;0;1;AREQUIPA;AREQUIPA;CERRO COLORADO;URBANA;AVENIDA;URBANO;NO CORRESPONDE;-16.326364;DESPEJADO;RESIDENCIAL;TRAMO RECTO;PLANA ;ASFALTADA;NULL;NULL;NULL;NULL;EN PROCESO DE INVESTIGACIÓN;NO CUENTA CON CAUSA ESPECIFICA;Avenida 54;2/5/2024;-71.590201
A-2024-05-74;00:00.0;VOLCADURA;1;0;1;CUSCO;ESPINAR;ESPINAR;RURAL;CALLE;URBANO;NO CORRESPONDE;-14.785918;DESPEJADO;RURAL;TRAMO RECTO;PLANA ;ASFALTADA;NULL;NULL;NULL;NULL;IMPRUDENCIA DEL CONDUCTOR;EXCESO DE VELOCIDAD;Magisterio;2/5/2024;-71.41344
A-2024-05-1;30:00.0;ATROPELLO;1;0;2;PUNO;PUNO;ACORA;RURAL;CARRETERA;NACIONAL;PE-3S;-16.003964;DESPEJADO;RURAL;TRAMO RECTO;PLANA ;ASFALTADA;NULL;NULL;NULL;NULL;NEGLIGENCIA DEL CONDUCTOR;CONDUCIR CON FALLAS ELÉCTRICAS;Carretera Longitudinal de la Sierra Sur;2/5/2024;-69.761705
A-2024-05-120;00:00.0;ATROPELLO;1;0;NULL;LIMA;LIMA;VILLA EL SALVADOR;URBANA;AVENIDA;URBANO;NO CORRESPONDE;-12.210592;DESPEJADO;RESIDENCIAL;INTERSECCIÓN;PLANA ;ASFALTADA;NULL;NULL;NULL;NULL;EN PROCESO DE INVESTIGACIÓN;NO CUENTA CON CAUSA ESPECIFICA;Avenida María Elena Moyano;2/5/2024;-76.955335
A-2024-05-139;30:00.0;DESPISTE;1;0;NULL;LIMA;LIMA;PUEBLO LIBRE;URBANA;AVENIDA;URBANO;NO CORRESPONDE;-12.072136;DESPEJADO;COMERCIAL;SINUOSA;PLANA ;ASFALTADA;NULL;NULL;NULL;NULL;IMPRUDENCIA DEL CONDUCTOR;CONDUCIR EN ESTADO DE EBRIEDAD Y/O DROGADICCIÓN;Avenida Universitaria;2/5/2024;-77.078289
A-2024-05-121;50:00.0;CHOQUE;1;33;NULL;LIMA;LIMA;SAN BORJA;URBANA;CARRETERA;NACIONAL;PE-1S;-12.092293;DESPEJADO;COMERCIAL;TRAMO RECTO;PLANA ;ASFALTADA;NULL;NULL;NULL;NULL;IMPRUDENCIA DEL CONDUCTOR;INVASIÓN DE CARRIL;Avenida Panamericana Sur;2/5/2024;-76.980857
A-2024-05-109;20:00.0;DESPISTE;1;0;1;CAJAMARCA;CAJABAMBA;CAJABAMBA;URBANA;JIRÓN;URBANO;NO CORRESPONDE;-7.619482;DESPEJADO;COMERCIAL;TRAMO RECTO;PLANA ;CONCRETO;NULL;NULL;NULL;NULL;IMPRUDENCIA DEL CONDUCTOR;CONDUCIR EN ESTADO DE EBRIEDAD Y/O DROGADICCIÓN;Jirón Luna;2/5/2024;-78.044672
A-2024-05-4;50:00.0;CHOQUE;1;0;2;PUNO;PUNO;COATA;RURAL;CARRETERA;DEPARTAMENTAL;PU-120;-15.566422;DESPEJADO;RURAL;TRAMO RECTO;PLANA ;ASFALTADA;NULL;NULL;NULL;NULL;IMPRUDENCIA DEL CONDUCTOR;CONDUCIR EN ESTADO DE EBRIEDAD Y/O DROGADICCIÓN;Carretera Coata - Juliaca;2/5/2024;-69.971795
A-2024-05-122;20:00.0;ATROPELLO;1;0;NULL;LIMA;LIMA;PUNTA NEGRA;URBANA;CARRETERA;NACIONAL;PE-1S;-12.371777;DESPEJADO;INDUSTRIAL;TRAMO RECTO;PLANA ;ASFALTADA;NULL;NULL;NULL;NULL;EN PROCESO DE INVESTIGACIÓN;NO CUENTA CON CAUSA ESPECIFICA;Carretera Panamericana Sur;2/5/2024;-76.78411
A-2024-05-10;00:00.0;ATROPELLO FUGA;1;0;1;AREQUIPA;CAYLLOMA;MAJES;URBANA;CALLE;URBANO;NO CORRESPONDE;-16.307641;SOLEADO;RURAL;TRAMO RECTO;PLANA ;TROCHA;NULL;NULL;NULL;NULL;EN PROCESO DE INVESTIGACIÓN;NO CUENTA CON CAUSA ESPECIFICA;E3;3/5/2024;-72.189223
A-2024-05-25;30:00.0;CHOQUE;1;0;2;LIMA;HUAURA;SAYAN;RURAL;CARRETERA;NACIONAL;PE-18;-11.284981;DESPEJADO;RURAL;TRAMO RECTO;PLANA ;ASFALTADA;NULL;NULL;NULL;NULL;IMPRUDENCIA DEL CONDUCTOR;INVASIÓN DE CARRIL;Carretera Huaral - Sayán;4/5/2024;-77.32506
A-2024-05-84;30:00.0;ATROPELLO;1;0;1;CUSCO;CANCHIS;SICUANI;URBANA;CARRETERA;NACIONAL;PE-3S;-14.246629;DESPEJADO;RESIDENCIAL;TRAMO RECTO;PLANA ;ASFALTADA;NULL;NULL;NULL;NULL;IMPRUDENCIA DEL PEATÓN;CRUCE INDEBIDO POR LA CALZADA;Carretera Longitudinal de la Sierra Sur;4/5/2024;-71.242679
A-2024-05-123;10:00.0;ATROPELLO FUGA;1;0;NULL;LIMA;CAÑETE;CHILCA;URBANA;CARRETERA;NACIONAL;PE-1S;-12.485454;DESPEJADO;INDUSTRIAL;TRAMO RECTO;PLANA ;ASFALTADA;NULL;NULL;NULL;NULL;EN PROCESO DE INVESTIGACIÓN;NO CUENTA CON CAUSA ESPECIFICA;Carretera Panamericana Sur;4/5/2024;-76.74597
A-2024-05-105;00:00.0;CHOQUE;1;0;2;CUSCO;CANCHIS;MARANGANI;RURAL;CARRETERA;NACIONAL;PE-3S;-14.351879;DESPEJADO;RURAL;TRAMO RECTO;PLANA ;ASFALTADA;NULL;NULL;NULL;NULL;IMPRUDENCIA DEL CONDUCTOR;EXCESO DE VELOCIDAD;Carretera Longitudinal de la Sierra Sur;4/5/2024;-71.173046
A-2024-05-23;00:00.0;DESPISTE;1;0;1;LA LIBERTAD;PACASMAYO;SAN PEDRO DE LLOC;RURAL;CARRETERA;PROVINCIAL;LI-598;-7.423961;DESPEJADO;RURAL;TRAMO RECTO;PLANA ;ASFALTADA;NULL;NULL;NULL;NULL;IMPRUDENCIA DEL CONDUCTOR;OTRO (IMPRUDENCIA DEL CONDUCTOR);Avenida Centenario;4/5/2024;-79.503089
A-2024-05-83;50:00.0;CHOQUE;1;0;2;CUSCO;CANCHIS;MARANGANI;RURAL;CARRETERA;NACIONAL;PE-3S;-14.328825;DESPEJADO;RURAL;TRAMO RECTO;PLANA ;ASFALTADA;NULL;NULL;NULL;NULL;IMPRUDENCIA DEL CONDUCTOR;ADELANTAR INDEBIDAMENTE;Carretera Longitudinal de la Sierra Sur;4/5/2024;-71.195518
A-2024-05-102;00:00.0;VOLCADURA;1;0;1;PIURA;PIURA;CASTILLA;URBANA;AVENIDA;URBANO;NO CORRESPONDE;-5.20492;DESPEJADO;RURAL;TRAMO RECTO;PLANA ;ASFALTADA;NULL;NULL;NULL;NULL;EN PROCESO DE INVESTIGACIÓN;NO CUENTA CON CAUSA ESPECIFICA;Avenida Grau;4/5/2024;-80.621518
A-2024-05-79;00:00.0;VOLCADURA;1;0;NULL;CUSCO;ESPINAR;COPORAQUE;RURAL;CARRETERA;PROVINCIAL;CU-1851;-14.815048;DESPEJADO;RURAL;TRAMO RECTO;PLANA ;ASFALTADA;NULL;NULL;NULL;NULL;IMPRUDENCIA DEL CONDUCTOR;EXCESO DE VELOCIDAD;CU-1851;5/5/2024;-71.496903
A-2024-05-140;00:00.0;CHOQUE;1;0;NULL;LIMA;LIMA;RIMAC;URBANA;CARRETERA;NACIONAL;PE-1N;-12.040928;DESPEJADO;COMERCIAL;TRAMO RECTO;PLANA ;ASFALTADA;NULL;NULL;NULL;NULL;EN PROCESO DE INVESTIGACIÓN;NO CUENTA CON CAUSA ESPECIFICA;Vía de Evitamiento;5/5/2024;-77.033598
A-2024-05-75;00:00.0;DESPISTE;1;0;1;CUSCO;CALCA;CALCA;URBANA;CARRETERA;NACIONAL;PE-28B;-13.317981;DESPEJADO;RURAL;TRAMO RECTO;PLANA ;ASFALTADA;NULL;NULL;NULL;NULL;IMPERICIA DEL CONDUCTOR;NULL;PE-28B;5/5/2024;-72.034401
A-2024-05-24;40:00.0;CHOQUE;1;0;2;LA LIBERTAD;TRUJILLO;LA ESPERANZA;URBANA;AVENIDA;URBANO;NO CORRESPONDE;-8.050661;DESPEJADO;INDUSTRIAL;INTERSECCIÓN;PLANA ;ASFALTADA;NULL;NULL;NULL;NULL;IMPRUDENCIA DEL CONDUCTOR;GIRAR IMPRUDENTEMENTE;La Esperanza;5/5/2024;-79.051545