CÓDIGO SINIESTRO;HORA SINIESTRO;CLASE SINIESTRO;CANTIDAD DE FALLECIDOS;CANTIDAD DE LESIONADOS;CANTIDAD DE VEHICULOS DAÑADOS;DEPARTAMENTO;PROVINCIA;DISTRITO;ZONA;TIPO DE VÍA;RED VIAL;COD CARRETERA;COORDENADAS LATITUD;CONDICIÓN CLIMÁTICA;ZONIFICACIÓN;CARACTERÍSTICAS DE VÍA;PERFIL LONGITUDINAL VÍA;SUPERFICIE DE CALZADA;¿EXISTE SEÑAL VERTICAL?;CLASIFICACIÓN DE LA SEÑAL VERTICAL Nº 1;CLASIFICACIÓN DE LA SEÑAL VERTICAL Nº 2;¿EXISTE SEÑAL HORIZONTAL?;CAUSA FACTOR PRINCIPAL;CAUSA ESPECÍFICA;UBICACION;FECHA SINIESTRO;COORDENADAS LONGITUD
A-2024-05-48;40:00.0;CHOQUE;1;0;2;TUMBES;ZARUMILLA;PAPAYAL;RURAL;CARRETERA;NACIONAL;PE-1N;-3.529353;DESPEJADO;RURAL;TRAMO RECTO;PLANA ;ASFALTADA;NULL;NULL;NULL;NULL;IMPRUDENCIA DEL CONDUCTOR;OTRO (IMPRUDENCIA DEL CONDUCTOR);Carretera Panamericana Norte;6/5/2024;-80.363894
A-2024-05-5;50:00.0;DESPISTE;1;0;1;PUNO;PUNO;PLATERIA;RURAL;CARRETERA;NACIONAL;PE-1N;-15.941172;DESPEJADO;RURAL;TRAMO RECTO;PLANA ;ASFALTADA;NULL;NULL;NULL;NULL;IMPRUDENCIA DEL CONDUCTOR;ADELANTAR INDEBIDAMENTE;Carretera Longitudinal de la Sierra Sur;6/5/2024;-69.862606
A-2024-05-124;30:00.0;ATROPELLO;1;0;NULL;LIMA;LIMA;COMAS;URBANA;AVENIDA;URBANO;NO CORRESPONDE;-11.921252;DESPEJADO;COMERCIAL;TRAMO RECTO;PLANA ;ASFALTADA;NULL;NULL;NULL;NULL;EN PROCESO DE INVESTIGACIÓN;NO CUENTA CON CAUSA ESPECIFICA;Avenida Túpac Amaru;6/5/2024;-77.041963
A-2024-05-141;20:00.0;CHOQUE;1;2;NULL;LIMA;LIMA;LURIN;URBANA;CARRETERA;PROVINCIAL;LM-801;-12.268766;DESPEJADO;RURAL;TRAMO RECTO;PLANA ;ASFALTADA;NULL;NULL;NULL;NULL;EN PROCESO DE INVESTIGACIÓN;NO CUENTA CON CAUSA ESPECIFICA;Avenida Martín Olaya;7/5/2024;-76.844103
A-2024-05-6;30:00.0;CHOQUE;1;0;2;PUNO;EL COLLAO;SANTA ROSA;RURAL;CARRETERA;NACIONAL;PE-36A;-16.738935;DESPEJADO;RURAL;TRAMO RECTO;PLANA ;ASFALTADA;NULL;NULL;NULL;NULL;IMPRUDENCIA DEL CONDUCTOR;GIRAR IMPRUDENTEMENTE;Avenida Binacional;7/5/2024;-69.716696
A-2024-05-106;40:00.0;ATROPELLO;1;0;1;CAJAMARCA;CHOTA;CHOTA;URBANA;CARRETERA;NACIONAL;PE-3N;-6.57019;LLUVIOSO;RESIDENCIAL;CURVA;INCLINADA;ASFALTADA;NULL;NULL;NULL;NULL;IMPRUDENCIA DEL PEATÓN;CRUCE INDEBIDO POR LA CALZADA;Carretera Longitudinal de la Sierra Norte;7/5/2024;-78.642682
A-2024-05-89;40:00.0;CHOQUE;1;0;2;ICA;ICA;ICA;URBANA;CARRETERA;NACIONAL;PE-1S;-14.086836;DESPEJADO;RESIDENCIAL;INTERSECCIÓN;PLANA ;ASFALTADA;NULL;NULL;NULL;NULL;IMPRUDENCIA DEL CONDUCTOR;EXCESO DE VELOCIDAD;Avenida Los Maestros;8/5/2024;-75.727742
A-2024-05-31;05:00.0;ATROPELLO;1;0;1;LA LIBERTAD;TRUJILLO;TRUJILLO;URBANA;AVENIDA;URBANO;NO CORRESPONDE;-8.10322;DESPEJADO;COMERCIAL;INTERSECCIÓN;PLANA ;ASFALTADA;NULL;NULL;NULL;NULL;EN PROCESO DE INVESTIGACIÓN;NO CUENTA CON CAUSA ESPECIFICA;Avenida Miraflores;9/5/2024;-79.02397
A-2024-05-9;00:00.0;DESPISTE;1;2;1;AREQUIPA;ISLAY;COCACHACRA;RURAL;CARRETERA;NACIONAL;PE-1S;-17.029922;SOLEADO;RURAL;CURVA;PLANA ;ASFALTADA;NULL;NULL;NULL;NULL;EN PROCESO DE INVESTIGACIÓN;NO CUENTA CON CAUSA ESPECIFICA;Carretera Panamericana Sur;9/5/2024;-71.644782
A-2024-05-103;52:00.0;DESPISTE;1;1;NULL;PIURA;PIURA;PIURA;URBANA;AVENIDA;URBANO;NO CORRESPONDE;-5.163911;DESPEJADO;RESIDENCIAL;TRAMO RECTO;PLANA ;ASFALTADA;NULL;NULL;NULL;NULL;EN PROCESO DE INVESTIGACIÓN;NO CUENTA CON CAUSA ESPECIFICA;Ciclovía Raúl Mata de la Cruz;9/5/2024;-80.648004
A-2024-05-142;30:00.0;CHOQUE;1;3;NULL;LIMA;LIMA;LURIN;URBANA;CARRETERA;NACIONAL;PE-1S;-12.250125;DESPEJADO;INDUSTRIAL;TRAMO RECTO;PLANA ;ASFALTADA;NULL;NULL;NULL;NULL;EN PROCESO DE INVESTIGACIÓN;NO CUENTA CON CAUSA ESPECIFICA;Carretera Panamericana Sur;10/5/2024;-76.931026
A-2024-05-107;30:00.0;DESPISTE;1;2;1;CAJAMARCA;CELENDIN;CELENDIN;RURAL;CARRETERA;NACIONAL;PE-08B;-6.882722;DESPEJADO;RURAL;CURVA;INCLINADA;ASFALTADA;SI;PREVENTIVA (P);NULL;NO;IMPRUDENCIA DEL CONDUCTOR;CONDUCIR EN ESTADO DE EBRIEDAD Y/O DROGADICCIÓN;PE-08B;10/5/2024;-78.135623
A-2024-05-60;13:00.0;DESPISTE;1;1;1;CUSCO;URUBAMBA;URUBAMBA;RURAL;CARRETERA;NACIONAL;PE-28B;-13.311896;DESPEJADO;RURAL;TRAMO RECTO;PLANA ;ASFALTADA;SI;PREVENTIVA (P);PREVENTIVA (P);NO;IMPRUDENCIA DEL PEATÓN;OTRO (IMPRUDENCIA DEL PEATÓN);PE-28B;10/5/2024;-72.103914
A-2024-05-32;30:00.0;ATROPELLO;1;2;1;LA LIBERTAD;PACASMAYO;SAN PEDRO DE LLOC;URBANA;CARRETERA;PROVINCIAL;LI-598;-7.424027;DESPEJADO;COMERCIAL;TRAMO RECTO;PLANA ;ASFALTADA;NULL;NULL;NULL;NULL;IMPRUDENCIA DEL CONDUCTOR;GIRAR IMPRUDENTEMENTE;Avenida Centenario;10/5/2024;-79.503084
A-2024-05-53;00:00.0;ATROPELLO;1;0;1;CUSCO;QUISPICANCHI;OROPESA;RURAL;CARRETERA;NACIONAL;PE-3S;-13.597937;DESPEJADO;RURAL;TRAMO RECTO;PLANA ;ASFALTADA;NULL;NULL;NULL;NULL;IMPRUDENCIA DEL PEATÓN;OTRO (IMPRUDENCIA DEL PEATÓN);Carretera Longitudinal de la Sierra Sur;10/5/2024;-71.773723
A-2024-05-111;30:00.0;DESPISTE;1;1;1;CAJAMARCA;CUTERVO;SANTO DOMINGO DE LA CAPILLA;RURAL;CARRETERA;PROVINCIAL;CA-814;-6.249418;DESPEJADO;RURAL;CURVA;INCLINADA;TROCHA;NULL;NULL;NULL;NULL;INFRAESTRUCTURA Y ENTORNO VIAL;OTRO (INFRAESTRUCTURA Y ENTORNO VIAL);CA-814;11/5/2024;-78.862041
A-2024-05-33;45:00.0;ATROPELLO FUGA;1;0;NULL;LA LIBERTAD;ASCOPE;CHICAMA;RURAL;CARRETERA;NACIONAL;PE-1NF;-7.746122;DESPEJADO;RURAL;TRAMO RECTO;PLANA ;ASFALTADA;NULL;NULL;NULL;NULL;EN PROCESO DE INVESTIGACIÓN;NO CUENTA CON CAUSA ESPECIFICA;Carretera Chicama - Cascas;11/5/2024;-79.092497
A-2024-05-90;30:00.0;CHOQUE;1;0;2;ICA;ICA;ICA;URBANA;CARRETERA;NACIONAL;PE-1SC;-14.087787;DESPEJADO;RESIDENCIAL;TRAMO RECTO;PLANA ;ASFALTADA;NULL;NULL;NULL;NULL;IMPRUDENCIA DEL CONDUCTOR;CONDUCIR EN ESTADO DE EBRIEDAD Y/O DROGADICCIÓN;Prolongación Avenida Acomayo;11/5/2024;-75.718012
A-2024-05-110;40:00.0;CHOQUE;1;2;2;CAJAMARCA;JAEN;JAEN;RURAL;CARRETERA;NACIONAL;PE-5N;-5.777851;DESPEJADO;RURAL;TRAMO RECTO;PLANA ;ASFALTADA;NULL;NULL;NULL;NULL;IMPRUDENCIA DEL CONDUCTOR;OTRO (IMPRUDENCIA DEL CONDUCTOR);Mesones Muro;11/5/2024;-78.782939
A-2024-05-7;10:00.0;DESPISTE;1;0;1;AREQUIPA;CAYLLOMA;SAN ANTONIO DE CHUCA;RURAL;CARRETERA;NACIONAL;PE-34A;-15.90465;DESPEJADO;RURAL;CURVA;PLANA ;ASFALTADA;SI;PREVENTIVA (P);INFORMATIVA (I);SI;EN PROCESO DE INVESTIGACIÓN;NO CUENTA CON CAUSA ESPECIFICA;Vía Interoceánica Sur - Tramo 5;11/5/2024;-71.188063
A-2024-05-125;30:00.0;ATROPELLO;1;0;NULL;LIMA;LIMA;LURIN;URBANA;CARRETERA;NACIONAL;PE-1S;-12.297371;DESPEJADO;RESIDENCIAL;TRAMO RECTO;PLANA ;ASFALTADA;NULL;NULL;NULL;NULL;EN PROCESO DE INVESTIGACIÓN;NO CUENTA CON CAUSA ESPECIFICA;Carretera Panamericana Sur;11/5/2024;-76.855202
A-2024-05-15;32:00.0;DESPISTE;1;0;NULL;PIURA;SECHURA;BERNAL;RURAL;CARRETERA;PROVINCIAL;PI-1051;-5.476569;DESPEJADO;RURAL;INTERSECCIÓN;PLANA ;ASFALTADA;NULL;NULL;NULL;NULL;EN PROCESO DE INVESTIGACIÓN;NO CUENTA CON CAUSA ESPECIFICA;Carretera Bernal - San Cristo;11/5/2024;-80.745771
A-2024-05-85;55:00.0;CHOQUE;1;1;3;CUSCO;CANCHIS;SICUANI;RURAL;CARRETERA;NACIONAL;PE-3S;-14.216546;DESPEJADO;RURAL;TRAMO RECTO;PLANA ;ASFALTADA;NULL;NULL;NULL;NULL;IMPRUDENCIA DEL CONDUCTOR;ADELANTAR INDEBIDAMENTE;Carretera Longitudinal de la Sierra Sur;11/5/2024;-71.293743
A-2024-05-108;41:00.0;DESPISTE;1;8;1;CAJAMARCA;CAJAMARCA;MAGDALENA;RURAL;CARRETERA;NACIONAL;PE-1NA;-7.280434;DESPEJADO;RURAL;CURVA;INCLINADA;ASFALTADA;SI;PREVENTIVA (P);REGULADORA (R);SI;IMPRUDENCIA DEL CONDUCTOR;EXCESO DE VELOCIDAD;Carretera Ciudad de Dios - Cajamarca;12/5/2024;-78.543432
A-2024-05-127;10:00.0;ATROPELLO FUGA;1;0;NULL;LIMA;LIMA;LA VICTORIA;URBANA;AVENIDA;URBANO;NO CORRESPONDE;-12.062222;DESPEJADO;COMERCIAL;TRAMO RECTO;PLANA ;ASFALTADA;NULL;NULL;NULL;NULL;EN PROCESO DE INVESTIGACIÓN;NO CUENTA CON CAUSA ESPECIFICA;Avenida Jaime Bausate y Meza;12/5/2024;-77.011429
A-2024-05-100;10:00.0;ATROPELLO;1;0;1;UCAYALI;CORONEL PORTILLO;YARINACOCHA;URBANA;CARRETERA;DEPARTAMENTAL;UC-103;-8.352035;DESPEJADO;COMERCIAL;INTERSECCIÓN;PLANA ;CONCRETO;SI;PREVENTIVA (P);REGULADORA (R);NO;EN PROCESO DE INVESTIGACIÓN;NO CUENTA CON CAUSA ESPECIFICA;Jirón San Alejandro;12/5/2024;-74.594072
A-2024-05-65;25:00.0;ATROPELLO;1;0;2;CUSCO;CUSCO;SAYLLA;URBANA;CARRETERA;NACIONAL;PE-3S;-13.561486;DESPEJADO;RURAL;TRAMO RECTO;PLANA ;ASFALTADA;NULL;NULL;NULL;NULL;IMPRUDENCIA DEL PEATÓN;OTRO (IMPRUDENCIA DEL PEATÓN);Carretera Longitudinal de la Sierra Sur;12/5/2024;-71.845278
A-2024-05-117;25:00.0;CHOQUE;1;0;NULL;PIURA;MORROPON;LA MATANZA;RURAL;CARRETERA;NACIONAL;PE-1NJ;-5.183417;NULL;NULL;NULL;NULL;NULL;NULL;NULL;NULL;NULL;EN PROCESO DE INVESTIGACIÓN;NO CUENTA CON CAUSA ESPECIFICA;Carretera Interoceánica Norte;13/5/2024;-80.136305
A-2024-05-34;20:00.0;DESPISTE;1;0;1;LA LIBERTAD;PACASMAYO;GUADALUPE;URBANA;CARRETERA;PROVINCIAL;LI-555;-7.246859;DESPEJADO;COMERCIAL;INTERSECCIÓN;PLANA ;ASFALTADA;NULL;NULL;NULL;NULL;EN PROCESO DE INVESTIGACIÓN;NO CUENTA CON CAUSA ESPECIFICA;Jirón San Eugenio;13/5/2024;-79.463017
A-2024-05-71;00:00.0;DESPISTE;1;0;1;CUSCO;QUISPICANCHI;LUCRE;RURAL;CARRETERA;NACIONAL;PE-3S;-13.60648;DESPEJADO;RURAL;CURVA;PLANA ;ASFALTADA;NULL;NULL;NULL;NULL;IMPERICIA DEL CONDUCTOR;NULL;Carretera Longitudinal de la Sierra Sur;13/5/2024;-71.727483
A-2024-05-128;50:00.0;ATROPELLO FUGA;1;0;NULL;LIMA;LIMA;SAN MARTIN DE PORRES;URBANA;AVENIDA;URBANO;NO CORRESPONDE;-12.014555;DESPEJADO;RESIDENCIAL;TRAMO RECTO;PLANA ;ASFALTADA;NULL;NULL;NULL;NULL;EN PROCESO DE INVESTIGACIÓN;NO CUENTA CON CAUSA ESPECIFICA;Avenida 12 de Octubre;13/5/2024;-77.087071
A-2024-05-35;40:00.0;DESPISTE;1;0;1;LA LIBERTAD;OTUZCO;OTUZCO;RURAL;CARRETERA;PROVINCIAL;LI-790;-7.892094;DESPEJADO;RURAL;TRAMO RECTO;PLANA ;ASFALTADA;NULL;NULL;NULL;NULL;EN PROCESO DE INVESTIGACIÓN;NO CUENTA CON CAUSA ESPECIFICA;LI-790;13/5/2024;-78.54111
A-2024-05-143;45:00.0;VOLCADURA;1;1;NULL;LIMA;LIMA;SANTA ANITA;URBANA;AVENIDA;URBANO;NO CORRESPONDE;-12.036356;DESPEJADO;COMERCIAL;TRAMO RECTO;PLANA ;ASFALTADA;NULL;NULL;NULL;NULL;IMPRUDENCIA DEL CONDUCTOR;ADELANTAR INDEBIDAMENTE;Avenida Separadora Industrial;13/5/2024;-76.94102
A-2024-05-129;20:00.0;ATROPELLO;1;0;NULL;LIMA;LIMA;ANCON;RURAL;CARRETERA;NACIONAL;PE-1N;-11.757368;DESPEJADO;INDUSTRIAL;TRAMO RECTO;PLANA ;ASFALTADA;NULL;NULL;NULL;NULL;EN PROCESO DE INVESTIGACIÓN;NO CUENTA CON CAUSA ESPECIFICA;Carretera Panamericana Norte;13/5/2024;-77.152551
A-2024-05-36;30:00.0;CHOQUE;1;3;2;LA LIBERTAD;VIRU;VIRU;RURAL;CARRETERA;NACIONAL;PE-1N;-8.460709;DESPEJADO;RURAL;TRAMO RECTO;PLANA ;ASFALTADA;NULL;NULL;NULL;NULL;EN PROCESO DE INVESTIGACIÓN;NO CUENTA CON CAUSA ESPECIFICA;Carretera Panamericana Norte;14/5/2024;-78.72292
A-2024-05-11;00:00.0;ATROPELLO;1;0;1;AREQUIPA;AREQUIPA;JOSE LUIS BUSTAMANTE Y RIVERO;URBANA;CARRETERA;NACIONAL;PE-34C;-16.425284;DESPEJADO;RESIDENCIAL;TRAMO RECTO;PLANA ;CONCRETO;NULL;NULL;NULL;NULL;EN PROCESO DE INVESTIGACIÓN;NO CUENTA CON CAUSA ESPECIFICA;Andrés Avelino Cáceres;14/5/2024;-71.524861
A-2024-05-58;30:00.0;DESPISTE;17;17;1;AYACUCHO;HUAMANGA;VINCHOS;RURAL;CARRETERA;NACIONAL;PE-28A;-13.332019;DESPEJADO;RURAL;CURVA;INCLINADA;ASFALTADA;SI;PREVENTIVA (P);PREVENTIVA (P);NO;IMPRUDENCIA DEL CONDUCTOR;FATIGA Y/O CANSANCIO;Vía de los Libertadores;14/5/2024;-74.507601
A-2024-05-26;15:00.0;CHOQUE;1;2;2;LIMA;HUAURA;HUACHO;URBANA;CARRETERA;NACIONAL;PE-1N;-11.135839;DESPEJADO;RESIDENCIAL;TRAMO RECTO;PLANA ;ASFALTADA;NULL;NULL;NULL;NULL;IMPRUDENCIA DEL CONDUCTOR;GIRAR IMPRUDENTEMENTE;Carretera Panamericana Norte;14/5/2024;-77.596892
A-2024-05-37;50:00.0;CHOQUE;1;1;2;LA LIBERTAD;VIRU;VIRU;RURAL;CARRETERA;PROVINCIAL;LI-1122;-8.455583;DESPEJADO;RURAL;TRAMO RECTO;PLANA ;AFIRMADO;NULL;NULL;NULL;NULL;EN PROCESO DE INVESTIGACIÓN;NO CUENTA CON CAUSA ESPECIFICA;LI-1122;14/5/2024;-78.852323
A-2024-05-38;45:00.0;DESPISTE;1;0;1;LA LIBERTAD;SANCHEZ CARRION;HUAMACHUCO;RURAL;CARRETERA;NACIONAL;PE-10B;-7.790679;DESPEJADO;RURAL;TRAMO RECTO;PLANA ;ASFALTADA;NULL;NULL;NULL;NULL;EN PROCESO DE INVESTIGACIÓN;NO CUENTA CON CAUSA ESPECIFICA;PE-10C;15/5/2024;-77.970437
A-2024-05-91;05:00.0;ATROPELLO FUGA;1;0;NULL;ICA;ICA;ICA;RURAL;CARRETERA;NACIONAL;PE-1SC;-14.087782;DESPEJADO;RURAL;TRAMO RECTO;PLANA ;ASFALTADA;NULL;NULL;NULL;NULL;EN PROCESO DE INVESTIGACIÓN;NO CUENTA CON CAUSA ESPECIFICA;Prolongación Avenida Acomayo;15/5/2024;-75.718023
A-2024-05-39;40:00.0;ATROPELLO FUGA;1;0;NULL;LA LIBERTAD;TRUJILLO;MOCHE;RURAL;CARRETERA;NACIONAL;PE-1N;-8.169461;DESPEJADO;COMERCIAL;TRAMO RECTO;PLANA ;ASFALTADA;NULL;NULL;NULL;NULL;IMPRUDENCIA DEL CONDUCTOR;OTRO (IMPRUDENCIA DEL CONDUCTOR);Panamericana Norte;16/5/2024;-79.004118
A-2024-05-130;30:00.0;ATROPELLO;1;0;NULL;LIMA;LIMA;SAN MARTIN DE PORRES;URBANA;AVENIDA;URBANO;NO CORRESPONDE;-12.031633;DESPEJADO;RESIDENCIAL;TRAMO RECTO;PLANA ;ASFALTADA;NULL;NULL;NULL;NULL;EN PROCESO DE INVESTIGACIÓN;NO CUENTA CON CAUSA ESPECIFICA;Jirón Víctor Andrés Belaunde;16/5/2024;-77.057432
A-2024-05-67;05:00.0;ATROPELLO FUGA;1;0;NULL;CALLAO;CALLAO;CALLAO;URBANA;CARRETERA;NACIONAL;PE-20;-12.02854;LLUVIOSO;INDUSTRIAL;TRAMO RECTO;PLANA ;ASFALTADA;NO;NULL;NULL;SI;EN PROCESO DE INVESTIGACIÓN;NO CUENTA CON CAUSA ESPECIFICA;Avenida A;16/5/2024;-77.12784
A-2024-05-144;30:00.0;DESPISTE;1;0;NULL;LIMA;LIMA;CHACLACAYO;NULL;AVENIDA;URBANO;NO CORRESPONDE;-11.973816;NULL;NULL;NULL;NULL;NULL;NULL;NULL;NULL;NULL;EN PROCESO DE INVESTIGACIÓN;NO CUENTA CON CAUSA ESPECIFICA;Avenida Nicolás Ayllón;16/5/2024;-76.762886
A-2024-05-99;50:00.0;CHOQUE;1;0;2;UCAYALI;CORONEL PORTILLO;YARINACOCHA;RURAL;CARRETERA;NACIONAL;PE-18C;-8.409285;DESPEJADO;RURAL;TRAMO RECTO;PLANA ;ASFALTADA;NULL;NULL;NULL;NULL;IMPRUDENCIA DEL CONDUCTOR;GIRAR IMPRUDENTEMENTE;Carretera Federico Basadre;17/5/2024;-74.648913
A-2024-05-17;00:00.0;DESPISTE;1;3;1;SAN MARTIN;MOYOBAMBA;SORITOR;RURAL;CARRETERA;PROVINCIAL;SM-620;-6.292373;DESPEJADO;RURAL;CURVA;INCLINADA;TROCHA;NULL;NULL;NULL;NULL;EN PROCESO DE INVESTIGACIÓN;NO CUENTA CON CAUSA ESPECIFICA;Nuevo Horizonte;17/5/2024;-77.099767
A-2024-05-137;10:00.0;ATROPELLO;1;1;NULL;LIMA;LIMA;SAN MARTIN DE PORRES;URBANA;AVENIDA;URBANO;NO CORRESPONDE;-12.012098;DESPEJADO;RESIDENCIAL;INTERSECCIÓN;PLANA ;ASFALTADA;SI;PREVENTIVA (P);NULL;NO;IMPRUDENCIA DEL PEATÓN;ESTADO DE EBRIEDAD Y/O DROGADICCIÓN;Ciclovía Tomás Valle;18/5/2024;-77.087363
A-2024-05-40;30:00.0;DESPISTE;1;0;1;LA LIBERTAD;BOLIVAR;UCHUMARCA;RURAL;CARRETERA;DEPARTAMENTAL;LI-107;-7.079171;DESPEJADO;RURAL;TRAMO RECTO;PLANA ;TROCHA;NULL;NULL;NULL;NULL;EN PROCESO DE INVESTIGACIÓN;NO CUENTA CON CAUSA ESPECIFICA;LI-107;18/5/2024;-77.795566
A-2024-05-81;35:00.0;ATROPELLO;1;1;1;CUSCO;ANTA;ANTA;RURAL;CARRETERA;NACIONAL;PE-3S;-13.479257;DESPEJADO;RURAL;TRAMO RECTO;PLANA ;ASFALTADA;NULL;NULL;NULL;NULL;IMPRUDENCIA DEL PEATÓN;ESTADO DE EBRIEDAD Y/O DROGADICCIÓN;Carretera Longitudinal de la Sierra Sur;18/5/2024;-72.16123
A-2024-05-12;21:00.0;CHOQUE;1;1;1;AREQUIPA;ISLAY;COCACHACRA;RURAL;CARRETERA;NACIONAL;PE-1S;-16.98383;NIEBLA;RURAL;CURVA;INCLINADA;ASFALTADA;SI;PREVENTIVA (P);INFORMATIVA (I);SI;EN PROCESO DE INVESTIGACIÓN;NO CUENTA CON CAUSA ESPECIFICA;Carretera Panamericana Sur;18/5/2024;-71.770816
A-2024-05-131;45:00.0;ATROPELLO;2;0;NULL;LIMA;LIMA;ANCON;URBANA;CARRETERA;NACIONAL;PE-1N;-11.812872;DESPEJADO;RURAL;TRAMO RECTO;PLANA ;ASFALTADA;NULL;NULL;NULL;NULL;EN PROCESO DE INVESTIGACIÓN;NO CUENTA CON CAUSA ESPECIFICA;Carretera Panamericana Norte;18/5/2024;-77.129667
A-2024-05-68;45:00.0;CHOQUE;1;1;1;CUSCO;LA CONVENCION;HUAYOPATA;RURAL;CARRETERA;NACIONAL;PE-28B;-13.00242;DESPEJADO;RURAL;CURVA;PLANA ;ASFALTADA;SI;PREVENTIVA (P);PREVENTIVA (P);SI;IMPRUDENCIA DEL CONDUCTOR;CONDUCIR EN ESTADO DE EBRIEDAD Y/O DROGADICCIÓN;Avenida Panamericana;18/5/2024;-72.571308
A-2024-05-27;45:00.0;DESPISTE;1;1;1;LIMA;HUAURA;HUACHO;RURAL;CARRETERA;NACIONAL;PE-1N;-11.314284;DESPEJADO;RURAL;TRAMO RECTO;PLANA ;ASFALTADA;NULL;NULL;NULL;NULL;IMPRUDENCIA DEL CONDUCTOR;FATIGA Y/O CANSANCIO;Carretera Panamericana Norte;19/5/2024;-77.482766
A-2024-05-116;30:00.0;DESPISTE;1;0;1;CAJAMARCA;JAEN;JAEN;URBANA;CARRETERA;NACIONAL;PE-5N;-5.718479;DESPEJADO;COMERCIAL;TRAMO RECTO;INCLINADA;CONCRETO;NULL;NULL;NULL;NULL;IMPRUDENCIA DEL CONDUCTOR;CONDUCIR EN ESTADO DE EBRIEDAD Y/O DROGADICCIÓN;PE-5N;19/5/2024;-78.80186
A-2024-05-145;00:00.0;ATROPELLO;1;0;NULL;LIMA;LIMA;ATE;URBANA;OTRO;URBANO;NO CORRESPONDE;-12.038364;DESPEJADO;COMERCIAL;OTRO;PLANA ;CONCRETO;NULL;NULL;NULL;NULL;IMPRUDENCIA DEL CONDUCTOR;OTRO (IMPRUDENCIA DEL CONDUCTOR);Lancaster;19/5/2024;-76.920354
A-2024-05-80;40:00.0;ATROPELLO;1;0;2;CUSCO;CUSCO;SAN SEBASTIAN;RURAL;AVENIDA;URBANO;NO CORRESPONDE;-13.530289;DESPEJADO;RURAL;TRAMO RECTO;PLANA ;ASFALTADA;NULL;NULL;NULL;NULL;IMPRUDENCIA DEL PEATÓN;CRUCE INDEBIDO POR LA CALZADA;Calle Camino Real;19/5/2024;-71.931615
A-2024-05-18;15:00.0;CHOQUE;1;0;NULL;PUNO;YUNGUYO;YUNGUYO;URBANA;AVENIDA;URBANO;NO CORRESPONDE;-16.243848;DESPEJADO;COMERCIAL;OTRO;PLANA ;ASFALTADA;NULL;NULL;NULL;NULL;IMPRUDENCIA DEL CONDUCTOR;CONDUCIR EN SENTIDO CONTRARIO;Avenida 28 de Julio;19/5/2024;-69.089454
A-2024-05-118;30:00.0;ATROPELLO;1;0;NULL;LIMA;LIMA;CHORRILLOS;URBANA;AVENIDA;URBANO;NO CORRESPONDE;-12.170877;DESPEJADO;ESCOLAR;TRAMO RECTO;PLANA ;ASFALTADA;SI;PREVENTIVA (P);NULL;SI;EN PROCESO DE INVESTIGACIÓN;NO CUENTA CON CAUSA ESPECIFICA;Avenida Los Faisanes;19/5/2024;-76.993755
A-2024-05-132;45:00.0;ATROPELLO;1;0;NULL;LIMA;LIMA;LURIN;RURAL;CARRETERA;NACIONAL;PE-1S;-12.274956;DESPEJADO;RURAL;TRAMO RECTO;PLANA ;ASFALTADA;NULL;NULL;NULL;NULL;EN PROCESO DE INVESTIGACIÓN;NO CUENTA CON CAUSA ESPECIFICA;Carretera Panamericana Sur;19/5/2024;-76.891577
A-2024-05-19;20:00.0;DESPISTE;1;0;NULL;PUNO;YUNGUYO;YUNGUYO;RURAL;CARRETERA;DEPARTAMENTAL;PU-130;-16.254872;NULL;NULL;NULL;NULL;NULL;NULL;NULL;NULL;NULL;IMPRUDENCIA DEL CONDUCTOR;EXCESO DE VELOCIDAD;PU-130;19/5/2024;-69.127797
A-2024-05-45;40:00.0;CHOQUE;1;3;2;SAN MARTIN;MOYOBAMBA;MOYOBAMBA;URBANA;JIRÓN;URBANO;NO CORRESPONDE;-6.044131;DESPEJADO;COMERCIAL;INTERSECCIÓN;PLANA ;ASFALTADA;NULL;NULL;NULL;NULL;IMPRUDENCIA DEL CONDUCTOR;OTRO (IMPRUDENCIA DEL CONDUCTOR);Jirón 20 de Abril;19/5/2024;-76.972011
A-2024-05-146;20:00.0;CHOQUE;1;0;NULL;LIMA;LIMA;SAN JUAN DE MIRAFLORES;URBANA;CARRETERA;NACIONAL;PE-1S;-12.162007;DESPEJADO;RESIDENCIAL;TRAMO RECTO;PLANA ;ASFALTADA;NULL;NULL;NULL;NULL;EN PROCESO DE INVESTIGACIÓN;NO CUENTA CON CAUSA ESPECIFICA;Avenida Panamericana Sur;20/5/2024;-76.981712
A-2024-05-97;40:00.0;CHOQUE;12;1;2;PASCO;PASCO;SAN FRANCISCO DE ASIS DE YARUSYACAN;RURAL;CARRETERA;NACIONAL;PE-3N;-10.521569;DESPEJADO;RURAL;TRAMO RECTO;PLANA ;ASFALTADA;NULL;NULL;NULL;NULL;IMPRUDENCIA DEL CONDUCTOR;EXCESO DE VELOCIDAD;Carretera Longitudinal de la Sierra Norte;20/5/2024;-76.180338
A-2022-05-53;40:00.0;ATROPELLO;1;0;1;AREQUIPA;AREQUIPA;CAYMA;URBANA;AVENIDA;URBANO;NO CORRESPONDE;-16.34696;DESPEJADO;RESIDENCIAL;INTERSECCIÓN;PLANA ;ASFALTADA;NO;NULL;NULL;SI;EN PROCESO DE INVESTIGACIÓN;NO CUENTA CON CAUSA ESPECIFICA;Jirón Deán Valdivia;4/5/2022;-71.545261