CÓDIGO SINIESTRO;HORA SINIESTRO;CLASE SINIESTRO;CANTIDAD DE FALLECIDOS;CANTIDAD DE LESIONADOS;CANTIDAD DE VEHICULOS DAÑADOS;DEPARTAMENTO;PROVINCIA;DISTRITO;ZONA;TIPO DE VÍA;RED VIAL;COD CARRETERA;COORDENADAS LATITUD;CONDICIÓN CLIMÁTICA;ZONIFICACIÓN;CARACTERÍSTICAS DE VÍA;PERFIL LONGITUDINAL VÍA;SUPERFICIE DE CALZADA;¿EXISTE SEÑAL VERTICAL?;CLASIFICACIÓN DE LA SEÑAL VERTICAL Nº 1;CLASIFICACIÓN DE LA SEÑAL VERTICAL Nº 2;¿EXISTE SEÑAL HORIZONTAL?;CAUSA FACTOR PRINCIPAL;CAUSA ESPECÍFICA;UBICACION;FECHA SINIESTRO;COORDENADAS LONGITUD
A-2022-05-220;48:00.0;ATROPELLO;1;0;NULL;CALLAO;CALLAO;CALLAO;URBANA;AVENIDA;URBANO;NO CORRESPONDE;-12.053317;DESPEJADO;COMERCIAL;TRAMO RECTO;PLANA ;ASFALTADA;NULL;NULL;NULL;NULL;NEGLIGENCIA DEL CONDUCTOR;OTRO (NEGLIGENCIA DEL CONDUCTOR);Avenida República de Panamá;4/5/2022;-77.133996
A-2022-05-168;30:00.0;DESPISTE;2;1;1;PUNO;SANDIA;CUYOCUYO;RURAL;CARRETERA;NACIONAL;PE-34H;-14.430807;DESPEJADO;RURAL;TRAMO RECTO;PLANA ;ASFALTADA;NULL;NULL;NULL;NULL;IMPRUDENCIA DEL CONDUCTOR;EXCESO DE VELOCIDAD;PE-34H;5/5/2022;-69.513077
A-2022-05-150;10:00.0;CHOQUE;1;2;2;CAJAMARCA;CUTERVO;CUTERVO;RURAL;CARRETERA;NACIONAL;PE-3ND;-6.365048;DESPEJADO;RURAL;OTRO;PLANA ;ASFALTADA;NULL;NULL;NULL;NULL;EN PROCESO DE INVESTIGACIÓN;NO CUENTA CON CAUSA ESPECIFICA;PE-3ND;5/5/2022;-78.79028
A-2022-05-33;15:00.0;CHOQUE;1;0;2;CUSCO;ESPINAR;PALLPATA;RURAL;CARRETERA;DEPARTAMENTAL;CU-133;-14.869255;DESPEJADO;RURAL;TRAMO RECTO;PLANA ;ASFALTADA;SI;INFORMATIVA (I);NULL;SI;IMPRUDENCIA DEL CONDUCTOR;GIRAR IMPRUDENTEMENTE;CU-133;5/5/2022;-71.212616
A-2022-05-54;00:00.0;ATROPELLO FUGA;1;0;1;AREQUIPA;AREQUIPA;JOSE LUIS BUSTAMANTE Y RIVERO;URBANA;AVENIDA;URBANO;NO CORRESPONDE;-16.429616;DESPEJADO;COMERCIAL;TRAMO RECTO;PLANA ;ASFALTADA;NO;NULL;NULL;SI;EN PROCESO DE INVESTIGACIÓN;NO CUENTA CON CAUSA ESPECIFICA;Avenida Estados Unidos;5/5/2022;-71.526843
A-2022-05-130;30:00.0;ATROPELLO FUGA;1;0;NULL;CUSCO;ANTA;CACHIMAYO;URBANA;CARRETERA;NACIONAL;PE-3S;-13.48311;DESPEJADO;COMERCIAL;TRAMO RECTO;PLANA ;ASFALTADA;NULL;NULL;NULL;NULL;IMPRUDENCIA DEL PEATÓN;ESTADO DE EBRIEDAD Y/O DROGADICCIÓN;Carretera Longitudinal de la Sierra Sur;5/5/2022;-72.078307
A-2022-05-20;50:00.0;DESPISTE;1;0;1;PUNO;CHUCUITO;POMATA;RURAL;CARRETERA;NACIONAL;PE-3S;-16.256341;DESPEJADO;RURAL;CURVA;PLANA ;ASFALTADA;SI;REGULADORA (R);NULL;SI;IMPRUDENCIA DEL CONDUCTOR;EXCESO DE VELOCIDAD;Carretera Longitudinal de la Sierra Sur;6/5/2022;-69.29767
A-2022-05-27;30:00.0;CHOQUE;1;0;2;ICA;PISCO;SAN CLEMENTE;URBANA;CARRETERA;NACIONAL;PE-1S;-13.634972;NIEBLA;RESIDENCIAL;TRAMO RECTO;PLANA ;ASFALTADA;NULL;NULL;NULL;NULL;EN PROCESO DE INVESTIGACIÓN;NO CUENTA CON CAUSA ESPECIFICA;Antigua Carretera Panamericana Sur;6/5/2022;-76.152674
A-2022-05-110;30:00.0;CHOQUE;2;0;2;LAMBAYEQUE;LAMBAYEQUE;MORROPE;RURAL;CARRETERA;NACIONAL;PE-1N;-6.63277;DESPEJADO;RURAL;TRAMO RECTO;PLANA ;ASFALTADA;NULL;NULL;NULL;NULL;EN PROCESO DE INVESTIGACIÓN;NO CUENTA CON CAUSA ESPECIFICA;Carretera Panamericana Norte;6/5/2022;-79.953358
A-2022-05-206;00:00.0;ATROPELLO;1;0;0;LIMA;LIMA;SAN JUAN DE LURIGANCHO;URBANA;AVENIDA;URBANO;NO CORRESPONDE;-11.932928;SOLEADO;INDUSTRIAL;TRAMO RECTO;PLANA ;ASFALTADA;NULL;NULL;NULL;NULL;EN PROCESO DE INVESTIGACIÓN;NO CUENTA CON CAUSA ESPECIFICA;Avenida Fernando Wiesse;6/5/2022;-76.968953
A-2022-05-200;05:00.0;ATROPELLO FUGA;1;0;NULL;ANCASH;SANTA;NUEVO CHIMBOTE;URBANA;CARRETERA;NACIONAL;PE-1N;-9.116425;DESPEJADO;ESCOLAR;INTERSECCIÓN;PLANA ;ASFALTADA;NULL;NULL;NULL;NULL;EN PROCESO DE INVESTIGACIÓN;NO CUENTA CON CAUSA ESPECIFICA;Panamericana Norte;6/5/2022;-78.544278
A-2022-05-255;25:00.0;DESPISTE;1;1;NULL;MADRE DE DIOS;TAMBOPATA;TAMBOPATA;RURAL;CARRETERA;NACIONAL;PE-30C;-12.638354;NULL;NULL;NULL;NULL;NULL;NULL;NULL;NULL;NULL;EN PROCESO DE INVESTIGACIÓN;NO CUENTA CON CAUSA ESPECIFICA;Interoceánica Sur;6/5/2022;-69.259429
A-2022-05-65;33:00.0;DESPISTE;4;5;1;HUANCAVELICA;CASTROVIRREYNA;COCAS;RURAL;CARRETERA;NACIONAL;PE-26A;-13.252398;DESPEJADO;RURAL;CURVA;PLANA ;AFIRMADO;NULL;NULL;NULL;NULL;EN PROCESO DE INVESTIGACIÓN;NO CUENTA CON CAUSA ESPECIFICA;Cocas;6/5/2022;-75.359586
A-2022-05-66;41:00.0;ATROPELLO FUGA;1;0;NULL;CUSCO;ANTA;ANCAHUASI;URBANA;CARRETERA;NACIONAL;PE-3S;-13.459032;DESPEJADO;RURAL;TRAMO RECTO;PLANA ;ASFALTADA;SI;PREVENTIVA (P);INFORMATIVA (I);SI;EN PROCESO DE INVESTIGACIÓN;NO CUENTA CON CAUSA ESPECIFICA;Carretera Longitudinal de la Sierra Sur;6/5/2022;-72.294688
A-2022-05-207;16:00.0;ATROPELLO;1;0;0;LIMA;LIMA;SAN MARTIN DE PORRES;URBANA;AVENIDA;URBANO;NO CORRESPONDE;-12.031764;DESPEJADO;COMERCIAL;TRAMO RECTO;PLANA ;ASFALTADA;NULL;NULL;NULL;NULL;EN PROCESO DE INVESTIGACIÓN;NO CUENTA CON CAUSA ESPECIFICA;Monterrey;6/5/2022;-77.068351
A-2022-05-124;00:00.0;DESPISTE;1;3;1;CAJAMARCA;SAN MIGUEL;CALQUIS;RURAL;CARRETERA;PROVINCIAL;CA-1217;-6.93921;DESPEJADO;RURAL;CURVA;PLANA ;AFIRMADO;NULL;NULL;NULL;NULL;EN PROCESO DE INVESTIGACIÓN;NO CUENTA CON CAUSA ESPECIFICA;CA-1217;6/5/2022;-78.991093
A-2022-05-136;00:00.0;DESPISTE;1;0;1;CUSCO;CHUMBIVILCAS;CHAMACA;RURAL;CARRETERA;PROVINCIAL;CU-1562;-14.229455;DESPEJADO;RURAL;TRAMO RECTO;PLANA ;TROCHA;SI;PREVENTIVA (P);NULL;NO;IMPRUDENCIA DEL CONDUCTOR;CONDUCIR EN ESTADO DE EBRIEDAD Y/O DROGADICCIÓN;CU-1562;6/5/2022;-71.894501
A-2022-05-256;25:00.0;CHOQUE;1;0;NULL;MADRE DE DIOS;TAMBOPATA;TAMBOPATA;NULL;CARRETERA;PROVINCIAL;MD-566;-12.60033;NULL;NULL;NULL;NULL;NULL;NULL;NULL;NULL;NULL;EN PROCESO DE INVESTIGACIÓN;NO CUENTA CON CAUSA ESPECIFICA;Avenida Joya;6/5/2022;-69.204274
A-2022-05-250;00:00.0;DESPISTE;1;0;1;LIMA;OYON;OYON;URBANA;CARRETERA;NACIONAL;PE-18;-10.687471;DESPEJADO;COMERCIAL;CURVA;INCLINADA;ASFALTADA;SI;REGULADORA (R);NULL;NO;IMPRUDENCIA DEL CONDUCTOR;EXCESO DE VELOCIDAD;Carretera Huaura - Ambo;7/5/2022;-76.809116
A-2022-05-43;15:00.0;DESPISTE;1;0;1;TUMBES;TUMBES;TUMBES;URBANA;CARRETERA;NACIONAL;PE-1N;-3.557009;DESPEJADO;COMERCIAL;TRAMO RECTO;PLANA ;ASFALTADA;NULL;NULL;NULL;NULL;IMPRUDENCIA DEL CONDUCTOR;FATIGA Y/O CANSANCIO;Avenida Tumbes Norte;7/5/2022;-80.450086
A-2022-05-208;30:00.0;ATROPELLO FUGA;1;0;0;LIMA;LIMA;SANTIAGO DE SURCO;URBANA;AVENIDA;URBANO;NO CORRESPONDE;-12.083798;DESPEJADO;COMERCIAL;TRAMO RECTO;PLANA ;ASFALTADA;NULL;NULL;NULL;NULL;EN PROCESO DE INVESTIGACIÓN;NO CUENTA CON CAUSA ESPECIFICA;Avenida Javier Prado Este;7/5/2022;-76.980095
A-2022-05-178;30:00.0;DESPISTE;1;0;1;CAJAMARCA;JAEN;JAEN;RURAL;CARRETERA;PROVINCIAL;CA-761;-5.786697;DESPEJADO;RURAL;TRAMO RECTO;INCLINADA;TROCHA;NULL;NULL;NULL;NULL;EN PROCESO DE INVESTIGACIÓN;NO CUENTA CON CAUSA ESPECIFICA;CA-761;7/5/2022;-78.910156
A-2022-05-217;00:00.0;CHOQUE;1;0;2;UCAYALI;CORONEL PORTILLO;CALLERIA;URBANA;JIRÓN;URBANO;NO CORRESPONDE;-8.389179;DESPEJADO;COMERCIAL;INTERSECCIÓN;PLANA ;CONCRETO;NO;NULL;NULL;SI;IMPRUDENCIA DEL CONDUCTOR;OTRO (IMPRUDENCIA DEL CONDUCTOR);28 de Julio;7/5/2022;-74.542423
A-2022-05-122;00:00.0;DESPISTE;1;0;NULL;CAJAMARCA;SAN MIGUEL;CALQUIS;URBANA;CARRETERA;SIN CLASIFICAR;SIN CLASIFICAR;-6.939133;LLUVIOSO;RURAL;OTRO;PLANA ;ASFALTADA;NULL;NULL;NULL;NULL;EN PROCESO DE INVESTIGACIÓN;NO CUENTA CON CAUSA ESPECIFICA;CA-1217;7/5/2022;-78.990406
A-2022-05-176;30:00.0;CAÍDA DE PASAJERO;1;0;1;CAJAMARCA;CUTERVO;CUTERVO;RURAL;CARRETERA;NACIONAL;PE-3ND;-6.365015;DESPEJADO;RURAL;SINUOSA;PLANA ;ASFALTADA;NULL;NULL;NULL;NULL;EN PROCESO DE INVESTIGACIÓN;NO CUENTA CON CAUSA ESPECIFICA;PE-3ND;7/5/2022;-78.790448
A-2022-05-55;40:00.0;ATROPELLO;1;0;1;AREQUIPA;AREQUIPA;YURA;URBANA;CARRETERA;NACIONAL;PE-34A;-16.295182;DESPEJADO;RESIDENCIAL;TRAMO RECTO;PLANA ;ASFALTADA;NO;NULL;NULL;SI;EN PROCESO DE INVESTIGACIÓN;NO CUENTA CON CAUSA ESPECIFICA;Vía Interoceánica Sur - Tramo 5;7/5/2022;-71.629422
A-2022-05-152;30:00.0;DESPISTE;1;1;1;CAJAMARCA;HUALGAYOC;BAMBAMARCA;URBANA;CARRETERA;NACIONAL;PE-3N;-6.681659;DESPEJADO;RURAL;OTRO;INCLINADA;ASFALTADA;NULL;NULL;NULL;NULL;EN PROCESO DE INVESTIGACIÓN;NO CUENTA CON CAUSA ESPECIFICA;Carretera Longitudinal de la Sierra Norte;8/5/2022;-78.530319
A-2022-05-270;00:00.0;DESPISTE;1;0;NULL;LORETO;MAYNAS;BELEN;URBANA;AVENIDA;URBANO;NO CORRESPONDE;-3.765584;DESPEJADO;RURAL;TRAMO RECTO;PLANA ;ASFALTADA;NULL;NULL;NULL;NULL;IMPRUDENCIA DEL CONDUCTOR;CONDUCIR EN ESTADO DE EBRIEDAD Y/O DROGADICCIÓN;Avenida José Abelardo Quiñones;8/5/2022;-73.271545
A-2022-05-29;20:00.0;DESPISTE;1;1;1;LA LIBERTAD;CHEPEN;CHEPEN;RURAL;CARRETERA;NACIONAL;PE-1N;-7.214381;DESPEJADO;RURAL;TRAMO RECTO;PLANA ;ASFALTADA;NULL;NULL;NULL;NULL;IMPRUDENCIA DEL CONDUCTOR;CONDUCIR EN ESTADO DE EBRIEDAD Y/O DROGADICCIÓN;Carretera Panamericana Norte;8/5/2022;-79.429597
A-2022-05-210;30:00.0;ATROPELLO;1;0;0;LIMA;LIMA;LA VICTORIA;URBANA;AVENIDA;URBANO;NO CORRESPONDE;-12.081611;DESPEJADO;COMERCIAL;INTERSECCIÓN;PLANA ;ASFALTADA;NULL;NULL;NULL;NULL;EN PROCESO DE INVESTIGACIÓN;NO CUENTA CON CAUSA ESPECIFICA;Avenida Canadá;8/5/2022;-77.017685
A-2022-05-58;45:00.0;CHOQUE CON OBJETO FIJO;1;0;1;ANCASH;YUNGAY;MANCOS;URBANA;CARRETERA;NACIONAL;PE-3N;-9.191041;DESPEJADO;RURAL;CURVA;PLANA ;ASFALTADA;SI;PREVENTIVA (P);NULL;NO;EN PROCESO DE INVESTIGACIÓN;NO CUENTA CON CAUSA ESPECIFICA;Jirón Ríobamba;8/5/2022;-77.711953
A-2022-05-35;45:00.0;CHOQUE CON OBJETO FIJO;1;1;1;ICA;PISCO;HUMAY;URBANA;CARRETERA;NACIONAL;PE-28A;-13.718474;DESPEJADO;RURAL;CURVA;INCLINADA;ASFALTADA;SI;PREVENTIVA (P);NULL;SI;EN PROCESO DE INVESTIGACIÓN;NO CUENTA CON CAUSA ESPECIFICA;Vía de los Libertadores;8/5/2022;-75.866824
A-2022-05-126;00:00.0;DESPISTE;1;0;1;CAJAMARCA;SAN PABLO;SAN BERNARDINO;URBANA;CARRETERA;NACIONAL;PE-08;-7.215918;SOLEADO;RURAL;CURVA;PLANA ;AFIRMADO;NULL;NULL;NULL;NULL;EN PROCESO DE INVESTIGACIÓN;NO CUENTA CON CAUSA ESPECIFICA;Carretera Ciudad de Dios - Cajamarca;8/5/2022;-78.773982
A-2022-05-42;00:00.0;ATROPELLO;1;0;NULL;PASCO;DANIEL ALCIDES CARRION;TAPUC;URBANA;CARRETERA;PROVINCIAL;PA-514;-10.454451;SOLEADO;COMERCIAL;INTERSECCIÓN;INCLINADA;CONCRETO;NULL;NULL;NULL;NULL;EN PROCESO DE INVESTIGACIÓN;NO CUENTA CON CAUSA ESPECIFICA;Tápuc;8/5/2022;-76.462499
A-2022-05-209;45:00.0;ATROPELLO FUGA;1;0;NULL;LIMA;LIMA;COMAS;URBANA;AVENIDA;URBANO;NO CORRESPONDE;-11.964631;DESPEJADO;COMERCIAL;TRAMO RECTO;PLANA ;ASFALTADA;NULL;NULL;NULL;NULL;EN PROCESO DE INVESTIGACIÓN;NO CUENTA CON CAUSA ESPECIFICA;Avenida Túpac Amaru;8/5/2022;-77.055373
A-2022-05-24;15:00.0;CHOQUE FUGA;1;0;1;PUNO;PUNO;VILQUE;RURAL;CARRETERA;DEPARTAMENTAL;PU-122;-15.765046;DESPEJADO;RURAL;CURVA;INCLINADA;ASFALTADA;SI;PREVENTIVA (P);INFORMATIVA (I);SI;IMPRUDENCIA DEL CONDUCTOR;CONDUCIR EN SENTIDO CONTRARIO;PU-122;8/5/2022;-70.255798
A-2022-05-62;55:00.0;ATROPELLO;1;0;NULL;SAN MARTIN;RIOJA;PARDO MIGUEL;RURAL;CARRETERA;NACIONAL;PE-5N;-5.704024;DESPEJADO;ESCOLAR;TRAMO RECTO;PLANA ;ASFALTADA;NULL;NULL;NULL;NULL;IMPRUDENCIA DEL PEATÓN;CRUCE INDEBIDO POR LA CALZADA;Carretera Presidente Fernando Belaúnde Terry;8/5/2022;-77.594965
A-2022-05-77;50:00.0;DESPISTE;1;2;1;AREQUIPA;AREQUIPA;YURA;RURAL;CARRETERA;PROVINCIAL;AR-706;-16.239712;DESPEJADO;RURAL;TRAMO RECTO;INCLINADA;TROCHA;NULL;NULL;NULL;NULL;EN PROCESO DE INVESTIGACIÓN;NO CUENTA CON CAUSA ESPECIFICA;AR-539;8/5/2022;-71.71059
A-2022-05-211;30:00.0;CHOQUE FUGA;1;1;1;LIMA;LIMA;SAN BARTOLO;URBANA;CARRETERA;NACIONAL;PE-1S;-12.386021;DESPEJADO;INDUSTRIAL;PUENTE;PLANA ;ASFALTADA;NULL;NULL;NULL;NULL;EN PROCESO DE INVESTIGACIÓN;NO CUENTA CON CAUSA ESPECIFICA;Carretera Panamericana Sur;9/5/2022;-76.769327
A-2022-05-169;40:00.0;ATROPELLO FUGA;1;0;0;PUNO;SAN ROMAN;SAN MIGUEL;RURAL;CARRETERA;NACIONAL;PE-3S;-15.459237;DESPEJADO;RURAL;TRAMO RECTO;PLANA ;ASFALTADA;NULL;NULL;NULL;NULL;EN PROCESO DE INVESTIGACIÓN;NO CUENTA CON CAUSA ESPECIFICA;Avenida Independencia;9/5/2022;-70.139581
A-2022-05-91;00:00.0;CHOQUE;1;3;3;PIURA;PIURA;CATACAOS;URBANA;CARRETERA;NACIONAL;PE-1NK;-5.278817;DESPEJADO;COMERCIAL;TRAMO RECTO;PLANA ;ASFALTADA;NULL;NULL;NULL;NULL;EN PROCESO DE INVESTIGACIÓN;NO CUENTA CON CAUSA ESPECIFICA;Carretera Piura - Sechura;9/5/2022;-80.680138
A-2022-05-159;00:00.0;DESPISTE;1;1;1;PIURA;MORROPON;CHULUCANAS;RURAL;CARRETERA;NACIONAL;PE-1NR;-5.121639;DESPEJADO;RURAL;TRAMO RECTO;PLANA ;ASFALTADA;NULL;NULL;NULL;NULL;EN PROCESO DE INVESTIGACIÓN;NO CUENTA CON CAUSA ESPECIFICA;PE-1NR;9/5/2022;-80.128277
A-2022-05-125;00:00.0;CAÍDA DE PASAJERO;1;0;NULL;CUSCO;QUISPICANCHI;CCARHUAYO;URBANA;AVENIDA;URBANO;NO CORRESPONDE;-13.594974;SOLEADO;RESIDENCIAL;TRAMO RECTO;PLANA ;CONCRETO;NULL;NULL;NULL;NULL;NEGLIGENCIA DEL CONDUCTOR;OTRO (NEGLIGENCIA DEL CONDUCTOR);Ccarhuayo;9/5/2022;-71.400029
A-2022-05-242;30:00.0;CHOQUE;1;0;2;PIURA;SULLANA;SULLANA;URBANA;CARRETERA;NACIONAL;PE-1NL;-4.913453;DESPEJADO;RURAL;TRAMO RECTO;PLANA ;ASFALTADA;NULL;NULL;NULL;NULL;IMPRUDENCIA DEL CONDUCTOR;NO DAR PASO PREFERENTE AL PEATÓN;Vía Periférica Sur;9/5/2022;-80.672114
A-2022-05-138;00:00.0;CHOQUE CON OBJETO FIJO;1;3;1;CUSCO;CANCHIS;SICUANI;URBANA;AVENIDA;URBANO;NO CORRESPONDE;-14.281336;DESPEJADO;COMERCIAL;TRAMO RECTO;PLANA ;CONCRETO;NULL;NULL;NULL;NULL;IMPERICIA DEL CONDUCTOR;NULL;Pasaje Santa Rosa;9/5/2022;-71.227825
A-2022-05-44;30:00.0;CHOQUE;1;2;2;TUMBES;TUMBES;CORRALES;RURAL;CARRETERA;NACIONAL;PE-1N;-3.611388;DESPEJADO;RURAL;TRAMO RECTO;PLANA ;ASFALTADA;NULL;NULL;NULL;NULL;IMPRUDENCIA DEL CONDUCTOR;GIRAR IMPRUDENTEMENTE;Carretera Panamericana Norte;9/5/2022;-80.509679
A-2022-05-47;45:00.0;DESPISTE;1;0;1;TUMBES;ZARUMILLA;MATAPALO;RURAL;CARRETERA;DEPARTAMENTAL;TU-101;-3.628755;DESPEJADO;RURAL;TRAMO RECTO;PLANA ;ASFALTADA;NULL;NULL;NULL;NULL;IMPRUDENCIA DEL CONDUCTOR;CONDUCIR EN ESTADO DE EBRIEDAD Y/O DROGADICCIÓN;TU-101;9/5/2022;-80.194328
A-2022-05-243;20:00.0;CHOQUE;1;0;2;PIURA;SULLANA;SULLANA;URBANA;CARRETERA;NACIONAL;PE-1NL;-4.916179;DESPEJADO;RURAL;TRAMO RECTO;PLANA ;ASFALTADA;NULL;NULL;NULL;NULL;IMPRUDENCIA DEL CONDUCTOR;OTRO (IMPRUDENCIA DEL CONDUCTOR);PI-988;9/5/2022;-80.664094
A-2022-05-121;35:00.0;DESPISTE;1;2;1;CUSCO;PAUCARTAMBO;CHALLABAMBA;RURAL;CARRETERA;PROVINCIAL;CU-991;-13.133891;DESPEJADO;RURAL;SINUOSA;INCLINADA;AFIRMADO;SI;PREVENTIVA (P);NULL;NO;IMPERICIA DEL CONDUCTOR;NULL;CU-991;10/5/2022;-71.771792
A-2022-05-128;00:00.0;DESPISTE;1;4;1;CAJAMARCA;CAJAMARCA;MAGDALENA;RURAL;CARRETERA;SIN CLASIFICAR;SIN CLASIFICAR;-7.219264;SOLEADO;RURAL;CURVA;PLANA ;AFIRMADO;NULL;NULL;NULL;NULL;EN PROCESO DE INVESTIGACIÓN;NO CUENTA CON CAUSA ESPECIFICA;Magdalena;10/5/2022;-78.611895
A-2022-05-156;30:00.0;CHOQUE;7;1;2;PUNO;HUANCANE;HUANCANE;RURAL;CARRETERA;NACIONAL;PE-34H;-15.235597;DESPEJADO;RURAL;CURVA;PLANA ;ASFALTADA;NULL;NULL;NULL;NULL;IMPRUDENCIA DEL CONDUCTOR;INVASIÓN DE CARRIL;PE-34H;10/5/2022;-69.829284
A-2022-05-170;30:00.0;VOLCADURA;1;0;1;PUNO;HUANCANE;COJATA;RURAL;CARRETERA;DEPARTAMENTAL;PU-148;-15.142521;DESPEJADO;RURAL;TRAMO RECTO;PLANA ;TROCHA;NULL;NULL;NULL;NULL;IMPRUDENCIA DEL CONDUCTOR;EXCESO DE VELOCIDAD;Cojata;10/5/2022;-69.218318
A-2022-05-228;00:00.0;DESPISTE;1;2;1;PUNO;SANDIA;YANAHUAYA;RURAL;CARRETERA;NACIONAL;PE-34H;-14.240762;DESPEJADO;RURAL;TRAMO RECTO;PLANA ;TROCHA;NULL;NULL;NULL;NULL;IMPRUDENCIA DEL CONDUCTOR;INVASIÓN DE CARRIL;PE-34H;11/5/2022;-69.156951
A-2022-05-111;30:00.0;CHOQUE;2;17;NULL;LAMBAYEQUE;LAMBAYEQUE;MORROPE;RURAL;CARRETERA;NACIONAL;PE-1N;-6.455893;DESPEJADO;RURAL;TRAMO RECTO;PLANA ;ASFALTADA;NULL;NULL;NULL;NULL;EN PROCESO DE INVESTIGACIÓN;NO CUENTA CON CAUSA ESPECIFICA;Carretera Panamericana Norte;11/5/2022;-80.132488
A-2022-05-137;40:00.0;ATROPELLO;1;0;2;CUSCO;CUSCO;SAN SEBASTIAN;URBANA;CARRETERA;PROVINCIAL;CU-1103;-13.509832;DESPEJADO;RESIDENCIAL;CURVA;INCLINADA;ASFALTADA;NULL;NULL;NULL;NULL;IMPRUDENCIA DEL CONDUCTOR;CONDUCIR EN ESTADO DE EBRIEDAD Y/O DROGADICCIÓN;Pumamarca;11/5/2022;-71.913932
A-2022-05-78;15:00.0;CHOQUE;2;10;2;AREQUIPA;AREQUIPA;UCHUMAYO;RURAL;CARRETERA;NACIONAL;PE-34A;-16.470246;DESPEJADO;RURAL;TRAMO RECTO;INCLINADA;ASFALTADA;SI;PREVENTIVA (P);NULL;SI;EN PROCESO DE INVESTIGACIÓN;NO CUENTA CON CAUSA ESPECIFICA;Carretera Interoceánica Sur;12/5/2022;-71.692165
A-2022-05-39;15:00.0;DESPISTE;1;2;1;PUNO;PUNO;ACORA;RURAL;CARRETERA;NACIONAL;PE-3S;-16.024146;DESPEJADO;RURAL;TRAMO RECTO;PLANA ;ASFALTADA;NULL;NULL;NULL;NULL;IMPRUDENCIA DEL CONDUCTOR;OTRO (IMPRUDENCIA DEL CONDUCTOR);Carretera Longitudinal de la Sierra Sur;12/5/2022;-69.737229
A-2022-05-73;30:00.0;CHOQUE;1;1;2;LA LIBERTAD;VIRU;VIRU;RURAL;CARRETERA;NACIONAL;PE-1N;-8.377373;DESPEJADO;RURAL;TRAMO RECTO;PLANA ;ASFALTADA;NULL;NULL;NULL;NULL;IMPRUDENCIA DEL CONDUCTOR;OTRO (IMPRUDENCIA DEL CONDUCTOR);Panamericana Norte;12/5/2022;-78.860858
A-2022-05-157;45:00.0;ATROPELLO;1;0;1;PUNO;SAN ROMAN;CABANILLAS;RURAL;CARRETERA;NACIONAL;PE-34A;-15.64698;DESPEJADO;RURAL;TRAMO RECTO;PLANA ;ASFALTADA;NULL;NULL;NULL;NULL;IMPRUDENCIA DEL PEATÓN;CRUCE INDEBIDO POR LA CALZADA;Héroes de La Guerra del Pacífico;12/5/2022;-70.355786
A-2022-05-229;00:00.0;DESPISTE;1;3;NULL;JUNIN;CHANCHAMAYO;CHANCHAMAYO;RURAL;CARRETERA;NACIONAL;PE-22B;-10.995356;NULL;NULL;NULL;NULL;NULL;NULL;NULL;NULL;NULL;EN PROCESO DE INVESTIGACIÓN;NO CUENTA CON CAUSA ESPECIFICA;Chanchamayo;12/5/2022;-75.314562
A-2022-05-213;46:00.0;ATROPELLO;1;0;NULL;LIMA;LIMA;SAN JUAN DE LURIGANCHO;URBANA;AVENIDA;URBANO;NO CORRESPONDE;-11.984402;NULL;NULL;NULL;NULL;NULL;NULL;NULL;NULL;NULL;EN PROCESO DE INVESTIGACIÓN;NO CUENTA CON CAUSA ESPECIFICA;Avenida Las Flores de Primavera;12/5/2022;-77.015373
A-2022-05-153;30:00.0;ATROPELLO;1;0;1;LA LIBERTAD;SANCHEZ CARRION;HUAMACHUCO;RURAL;CARRETERA;NACIONAL;PE-3N;-7.798368;DESPEJADO;RURAL;TRAMO RECTO;PLANA ;ASFALTADA;NULL;NULL;NULL;NULL;IMPRUDENCIA DEL CONDUCTOR;OTRO (IMPRUDENCIA DEL CONDUCTOR);Carretera Longitudinal de la Sierra Norte;13/5/2022;-77.979569
A-2022-05-51;00:00.0;DESPISTE;1;0;1;ANCASH;MARISCAL LUZURIAGA;LLUMPA;RURAL;CARRETERA;NACIONAL;PE-14C;-8.954781;SOLEADO;RURAL;SINUOSA;PLANA ;AFIRMADO;NULL;NULL;NULL;NULL;IMPRUDENCIA DEL CONDUCTOR;FATIGA Y/O CANSANCIO;Carretera Longitudinal de Conchucos;13/5/2022;-77.364032
A-2022-05-215;30:00.0;ATROPELLO;1;0;NULL;LIMA;LIMA;LURIGANCHO;URBANA;AVENIDA;URBANO;NO CORRESPONDE;-12.019398;NULL;NULL;NULL;NULL;NULL;NULL;NULL;NULL;NULL;EN PROCESO DE INVESTIGACIÓN;NO CUENTA CON CAUSA ESPECIFICA;Avenida La Paz;13/5/2022;-76.918702
A-2022-05-67;20:00.0;ATROPELLO;1;0;0;CALLAO;CALLAO;CALLAO;URBANA;AVENIDA;URBANO;NO CORRESPONDE;-12.049602;DESPEJADO;INDUSTRIAL;TRAMO RECTO;PLANA ;ASFALTADA;NO;NULL;NULL;SI;IMPRUDENCIA DEL PEATÓN;OTRO (IMPRUDENCIA DEL PEATÓN);Avenida Argentina;13/5/2022;-77.11084
A-2022-05-233;50:00.0;DESPISTE;3;3;1;JUNIN;CONCEPCION;MITO;RURAL;CARRETERA;NACIONAL;PE-3SB;-11.946057;DESPEJADO;RURAL;TRAMO RECTO;PLANA ;ASFALTADA;NULL;NULL;NULL;NULL;IMPRUDENCIA DEL CONDUCTOR;CONDUCIR EN ESTADO DE EBRIEDAD Y/O DROGADICCIÓN;Carretera Central Margen Derecha;13/5/2022;-75.328205