CÓDIGO SINIESTRO;HORA SINIESTRO;CLASE SINIESTRO;CANTIDAD DE FALLECIDOS;CANTIDAD DE LESIONADOS;CANTIDAD DE VEHICULOS DAÑADOS;DEPARTAMENTO;PROVINCIA;DISTRITO;ZONA;TIPO DE VÍA;RED VIAL;COD CARRETERA;COORDENADAS LATITUD;CONDICIÓN CLIMÁTICA;ZONIFICACIÓN;CARACTERÍSTICAS DE VÍA;PERFIL LONGITUDINAL VÍA;SUPERFICIE DE CALZADA;¿EXISTE SEÑAL VERTICAL?;CLASIFICACIÓN DE LA SEÑAL VERTICAL Nº 1;CLASIFICACIÓN DE LA SEÑAL VERTICAL Nº 2;¿EXISTE SEÑAL HORIZONTAL?;CAUSA FACTOR PRINCIPAL;CAUSA ESPECÍFICA;UBICACION;FECHA SINIESTRO;COORDENADAS LONGITUD
A-2022-05-248;20:00.0;DESPISTE;1;1;1;LIMA;HUAURA;AMBAR;RURAL;CARRETERA;PROVINCIAL;LM-560;-10.750236;DESPEJADO;RURAL;CURVA;PLANA ;AFIRMADO;NULL;NULL;NULL;NULL;IMPERICIA DEL CONDUCTOR;NULL;LM-560;13/5/2022;-77.262119
A-2022-05-79;13:00.0;ATROPELLO;1;1;1;AREQUIPA;AREQUIPA;LA JOYA;URBANA;CARRETERA;NACIONAL;PE-1S;-16.497109;DESPEJADO;COMERCIAL;INTERSECCIÓN;PLANA ;ASFALTADA;NO;NULL;NULL;SI;EN PROCESO DE INVESTIGACIÓN;NO CUENTA CON CAUSA ESPECIFICA;Jirón Andrés Avelino Cáceres;13/5/2022;-71.835723
A-2022-05-48;30:00.0;CHOQUE;2;0;2;PUNO;EL COLLAO;SANTA ROSA;RURAL;CARRETERA;NACIONAL;PE-38;-16.907809;DESPEJADO;RURAL;CURVA;PLANA ;ASFALTADA;NULL;NULL;NULL;NULL;IMPRUDENCIA DEL CONDUCTOR;CONDUCIR EN SENTIDO CONTRARIO;Carretera Mazocruz - Tarata;13/5/2022;-69.706753
A-2022-05-158;15:00.0;CHOQUE FUGA;1;0;2;PUNO;SAN ROMAN;JULIACA;URBANA;CARRETERA;NACIONAL;PE-34A;-15.524328;DESPEJADO;INDUSTRIAL;TRAMO RECTO;PLANA ;ASFALTADA;NULL;NULL;NULL;NULL;IMPRUDENCIA DEL CONDUCTOR;EXCESO DE VELOCIDAD;Héroes de La Guerra del Pacífico;13/5/2022;-70.181958
A-2022-05-162;15:00.0;DESPISTE;1;0;1;PIURA;PIURA;PIURA;RURAL;AVENIDA;URBANO;NO CORRESPONDE;-5.182029;DESPEJADO;COMERCIAL;TRAMO RECTO;PLANA ;ASFALTADA;NULL;NULL;NULL;NULL;IMPRUDENCIA DEL CONDUCTOR;CONDUCIR EN ESTADO DE EBRIEDAD Y/O DROGADICCIÓN;Avenida Andrés Avelino Cáceres;14/5/2022;-80.638654
A-2022-05-257;30:00.0;ATROPELLO;1;0;NULL;LIMA;LIMA;SANTIAGO DE SURCO;URBANA;AVENIDA;URBANO;NO CORRESPONDE;-12.128314;NULL;NULL;NULL;NULL;NULL;NULL;NULL;NULL;NULL;EN PROCESO DE INVESTIGACIÓN;NO CUENTA CON CAUSA ESPECIFICA;Avenida Alfredo Benavides;14/5/2022;-76.995101
A-2022-05-72;25:00.0;DESPISTE;9;18;1;ANCASH;SIHUAS;CASHAPAMPA;RURAL;CARRETERA;NACIONAL;PE-12A;-8.564147;NUBLADO;RURAL;TRAMO RECTO;INCLINADA;AFIRMADO;SI;REGULADORA (R);NULL;SI;EN PROCESO DE INVESTIGACIÓN;NO CUENTA CON CAUSA ESPECIFICA;PE-12A;14/5/2022;-77.630793
A-2022-05-173;00:00.0;CHOQUE;1;0;1;PUNO;AZANGARO;CAMINACA;RURAL;CARRETERA;DEPARTAMENTAL;PU-113;-15.366502;DESPEJADO;RURAL;TRAMO RECTO;PLANA ;ASFALTADA;NULL;NULL;NULL;NULL;IMPRUDENCIA DEL CONDUCTOR;EXCESO DE VELOCIDAD;PU-113;14/5/2022;-70.084324
A-2022-05-195;00:00.0;ATROPELLO;1;0;1;PASCO;PASCO;HUAYLLAY;URBANA;CARRETERA;NACIONAL;PE-20A;-10.99475;DESPEJADO;COMERCIAL;TRAMO RECTO;PLANA ;ASFALTADA;SI;REGULADORA (R);NULL;SI;IMPRUDENCIA DEL CONDUCTOR;OTRO (IMPRUDENCIA DEL CONDUCTOR);Carretera Vencedores de Sángrar;14/5/2022;-76.355673
A-2022-05-74;30:00.0;CHOQUE;1;0;2;LA LIBERTAD;TRUJILLO;EL PORVENIR;URBANA;AVENIDA;URBANO;NO CORRESPONDE;-8.0694;DESPEJADO;RESIDENCIAL;INTERSECCIÓN;PLANA ;ASFALTADA;NULL;NULL;NULL;NULL;EN PROCESO DE INVESTIGACIÓN;NO CUENTA CON CAUSA ESPECIFICA;Calle Prolongación Blanco Encalada;14/5/2022;-79.034274
A-2022-05-112;15:00.0;CHOQUE;1;1;NULL;LAMBAYEQUE;LAMBAYEQUE;JAYANCA;RURAL;CARRETERA;PROVINCIAL;LA-559;-6.38934;DESPEJADO;RURAL;TRAMO RECTO;PLANA ;ASFALTADA;SI;PREVENTIVA (P);NULL;NO;EN PROCESO DE INVESTIGACIÓN;NO CUENTA CON CAUSA ESPECIFICA;LA-559;15/5/2022;-79.75543
A-2022-05-113;00:00.0;CHOQUE;1;0;NULL;LAMBAYEQUE;LAMBAYEQUE;LAMBAYEQUE;RURAL;CARRETERA;NACIONAL;PE-1N;-6.691007;DESPEJADO;RURAL;TRAMO RECTO;PLANA ;ASFALTADA;NULL;NULL;NULL;NULL;EN PROCESO DE INVESTIGACIÓN;NO CUENTA CON CAUSA ESPECIFICA;Ruta Panamericana Norte;15/5/2022;-79.903811
A-2022-05-129;30:00.0;CHOQUE;1;0;2;CUSCO;CALCA;YANATILE;RURAL;CARRETERA;DEPARTAMENTAL;CU-105;-12.678571;SOLEADO;RURAL;SINUOSA;PLANA ;ASFALTADA;NULL;NULL;NULL;NULL;IMPERICIA DEL CONDUCTOR;NULL;CU-105;15/5/2022;-72.285681
A-2022-05-193;00:00.0;CHOQUE FUGA;1;1;1;HUANUCO;LEONCIO PRADO;JOSE CRESPO Y CASTILLO;RURAL;CARRETERA;NACIONAL;PE-5N;-8.905989;DESPEJADO;RURAL;TRAMO RECTO;PLANA ;ASFALTADA;NULL;NULL;NULL;NULL;EN PROCESO DE INVESTIGACIÓN;NO CUENTA CON CAUSA ESPECIFICA;Carretera Presidente Fernando Belaúnde Terry;15/5/2022;-76.093755
A-2022-05-171;30:00.0;CHOQUE;2;0;2;PUNO;SAN ANTONIO DE PUTINA;ANANEA;RURAL;CARRETERA;NACIONAL;PE-34H;-14.66233;DESPEJADO;RURAL;TRAMO RECTO;PLANA ;ASFALTADA;NULL;NULL;NULL;NULL;IMPRUDENCIA DEL CONDUCTOR;EXCESO DE VELOCIDAD;PE-34H;15/5/2022;-69.576341
A-2022-05-63;45:00.0;VOLCADURA;1;0;1;ICA;ICA;ICA;URBANA;AVENIDA;URBANO;NO CORRESPONDE;-14.077721;DESPEJADO;RESIDENCIAL;TRAMO RECTO;PLANA ;ASFALTADA;NO;NULL;NULL;SI;EN PROCESO DE INVESTIGACIÓN;NO CUENTA CON CAUSA ESPECIFICA;Avenida Túpac Amaru;15/5/2022;-75.732901
A-2022-05-236;20:00.0;ATROPELLO FUGA;1;0;1;LIMA;HUARAL;CHANCAY;URBANA;CARRETERA;NACIONAL;PE-1N;-11.57892;DESPEJADO;RESIDENCIAL;TRAMO RECTO;PLANA ;ASFALTADA;SI;REGULADORA (R);NULL;NO;IMPRUDENCIA DEL PEATÓN;ESTADO DE EBRIEDAD Y/O DROGADICCIÓN;Carretera Panamericana Norte;15/5/2022;-77.2619
A-2022-05-258;20:00.0;CHOQUE;1;1;NULL;LIMA;LIMA;CHORRILLOS;URBANA;AVENIDA;URBANO;NO CORRESPONDE;-12.160096;NULL;NULL;NULL;NULL;NULL;NULL;NULL;NULL;NULL;EN PROCESO DE INVESTIGACIÓN;NO CUENTA CON CAUSA ESPECIFICA;Avenida Prolongación Paseo de la República;15/5/2022;-77.018885
A-2022-05-61;00:00.0;CHOQUE;2;0;2;ICA;ICA;SALAS;RURAL;CARRETERA;NACIONAL;PE-1S;-13.958563;DESPEJADO;RURAL;TRAMO RECTO;PLANA ;ASFALTADA;NULL;NULL;NULL;NULL;EN PROCESO DE INVESTIGACIÓN;NO CUENTA CON CAUSA ESPECIFICA;Carretera Panamericana Sur;16/5/2022;-75.78566
A-2022-05-259;20:00.0;CHOQUE;1;0;NULL;LIMA;LIMA;CARABAYLLO;URBANA;AVENIDA;URBANO;NO CORRESPONDE;-11.843676;NULL;NULL;NULL;NULL;NULL;NULL;NULL;NULL;NULL;EN PROCESO DE INVESTIGACIÓN;NO CUENTA CON CAUSA ESPECIFICA;Avenida Santa María;16/5/2022;-77.042521
A-2022-05-160;30:00.0;CHOQUE;1;0;2;PIURA;PIURA;CATACAOS;RURAL;CARRETERA;NACIONAL;PE-1N;-5.295863;DESPEJADO;RURAL;PASE A DESNIVEL;INCLINADA;ADOQUINADO;NULL;NULL;NULL;NULL;IMPRUDENCIA DEL CONDUCTOR;INVASIÓN DE CARRIL;Carretera Panamericana Norte;16/5/2022;-80.617741
A-2022-05-59;30:00.0;ATROPELLO;1;0;0;TUMBES;CONTRALMIRANTE VILLAR;ZORRITOS;RURAL;CARRETERA;NACIONAL;PE-1N;-3.68478;SOLEADO;RURAL;TRAMO RECTO;PLANA ;ASFALTADA;NULL;NULL;NULL;NULL;IMPRUDENCIA DEL PEATÓN;CRUCE INDEBIDO POR LA CALZADA;Carretera Panamericana Norte;16/5/2022;-80.688915
A-2022-05-244;00:00.0;ATROPELLO;1;0;1;PIURA;SULLANA;SULLANA;RURAL;CARRETERA;NACIONAL;PE-1N;-5.016999;DESPEJADO;RURAL;TRAMO RECTO;PLANA ;ASFALTADA;NULL;NULL;NULL;NULL;IMPRUDENCIA DEL PEATÓN;ESTADO DE EBRIEDAD Y/O DROGADICCIÓN;Carretera Panamericana Norte;16/5/2022;-80.700282
A-2022-05-114;00:00.0;CHOQUE;1;0;2;LAMBAYEQUE;CHICLAYO;POMALCA;RURAL;CARRETERA;NACIONAL;PE-06A;-6.752261;DESPEJADO;RURAL;TRAMO RECTO;PLANA ;ASFALTADA;NO;NULL;NULL;NO;EN PROCESO DE INVESTIGACIÓN;NO CUENTA CON CAUSA ESPECIFICA;Carretera Pomalca - Tumán;16/5/2022;-79.725199
A-2022-05-196;40:00.0;ESPECIAL;1;0;0;LIMA;LIMA;RIMAC;URBANA;ALAMEDA;URBANO;NO CORRESPONDE;-12.033891;DESPEJADO;RESIDENCIAL;TRAMO RECTO;PLANA ;ASFALTADA;NULL;NULL;NULL;NULL;EN PROCESO DE INVESTIGACIÓN;NO CUENTA CON CAUSA ESPECIFICA;Alameda de los Bobos;17/5/2022;-77.025834
A-2022-05-151;00:00.0;CHOQUE;1;0;NULL;CAJAMARCA;CAJAMARCA;CAJAMARCA;URBANA;CARRETERA;NACIONAL;PE-08B;-7.165616;DESPEJADO;RURAL;OTRO;PLANA ;ASFALTADA;NULL;NULL;NULL;NULL;EN PROCESO DE INVESTIGACIÓN;NO CUENTA CON CAUSA ESPECIFICA;Avenida Atahualpa;17/5/2022;-78.500295
A-2022-05-147;45:00.0;VOLCADURA;1;0;1;HUANCAVELICA;ANGARAES;CONGALLA;RURAL;CARRETERA;SIN CLASIFICAR;SIN CLASIFICAR;-12.969261;DESPEJADO;RURAL;OTRO;INCLINADA;TROCHA;NULL;NULL;NULL;NULL;EN PROCESO DE INVESTIGACIÓN;NO CUENTA CON CAUSA ESPECIFICA;Yunyaccasa;17/5/2022;-74.528495
A-2022-05-80;30:00.0;ATROPELLO;1;0;1;AREQUIPA;AREQUIPA;YURA;URBANA;CARRETERA;NACIONAL;PE-34A;-16.250503;DESPEJADO;RESIDENCIAL;TRAMO RECTO;PLANA ;ASFALTADA;NO;NULL;NULL;SI;EN PROCESO DE INVESTIGACIÓN;NO CUENTA CON CAUSA ESPECIFICA;Vía Interoceánica Sur - Tramo 5;17/5/2022;-71.677916
A-2022-05-260;40:00.0;ATROPELLO FUGA;1;0;NULL;LIMA;LIMA;SAN JUAN DE LURIGANCHO;URBANA;AVENIDA;URBANO;NO CORRESPONDE;-11.97259;NULL;NULL;NULL;NULL;NULL;NULL;NULL;NULL;NULL;EN PROCESO DE INVESTIGACIÓN;NO CUENTA CON CAUSA ESPECIFICA;Avenida Santa Rosa de Lima;18/5/2022;-76.99189
A-2022-05-99;00:00.0;CHOQUE;2;0;2;AREQUIPA;AREQUIPA;CERRO COLORADO;URBANA;CARRETERA;NACIONAL;PE-34A;-16.400564;DESPEJADO;COMERCIAL;INTERSECCIÓN;INCLINADA;ASFALTADA;NULL;NULL;NULL;NULL;EN PROCESO DE INVESTIGACIÓN;NO CUENTA CON CAUSA ESPECIFICA;Vía de Evitamiento;18/5/2022;-71.584233
A-2022-05-139;45:00.0;DESPISTE;2;2;1;ANCASH;SIHUAS;SAN JUAN;RURAL;CARRETERA;PROVINCIAL;AN-575;-8.601898;DESPEJADO;RURAL;SINUOSA;PLANA ;AFIRMADO;NULL;NULL;NULL;NULL;EN PROCESO DE INVESTIGACIÓN;NO CUENTA CON CAUSA ESPECIFICA;AN-575;18/5/2022;-77.581351
A-2022-05-115;25:00.0;CHOQUE;1;0;NULL;LAMBAYEQUE;CHICLAYO;CHICLAYO;URBANA;AVENIDA;URBANO;NO CORRESPONDE;-6.7814;DESPEJADO;RESIDENCIAL;INTERSECCIÓN;PLANA ;ASFALTADA;NULL;NULL;NULL;NULL;IMPRUDENCIA DEL CONDUCTOR;NO ESTABLECER EL DERECHO DE PASO;Chiclayo;19/5/2022;-79.8371
A-2022-05-230;30:00.0;CHOQUE;2;1;NULL;PASCO;OXAPAMPA;VILLA RICA;URBANA;CARRETERA;NACIONAL;PE-5N;-10.742715;NULL;NULL;NULL;NULL;NULL;NULL;NULL;NULL;NULL;EN PROCESO DE INVESTIGACIÓN;NO CUENTA CON CAUSA ESPECIFICA;Avenida Faustino Sánchez Carrión;19/5/2022;-75.281614
A-2022-05-75;00:00.0;CHOQUE;1;2;2;LA LIBERTAD;VIRU;CHAO;RURAL;CARRETERA;PROVINCIAL;LI-1206;-8.570563;DESPEJADO;RURAL;TRAMO RECTO;PLANA ;AFIRMADO;NULL;NULL;NULL;NULL;EN PROCESO DE INVESTIGACIÓN;NO CUENTA CON CAUSA ESPECIFICA;Chao;19/5/2022;-78.716395
A-2022-05-123;30:00.0;CHOQUE CON OBJETO FIJO;1;0;1;CUSCO;QUISPICANCHI;OCONGATE;URBANA;CARRETERA;NACIONAL;PE-30C;-13.633322;DESPEJADO;RURAL;CURVA;PLANA ;ASFALTADA;NO;NULL;NULL;SI;IMPRUDENCIA DEL CONDUCTOR;EXCESO DE VELOCIDAD;Interoceánica Sur;20/5/2022;-71.383243
A-2022-05-104;30:00.0;ESPECIAL;5;0;1;ANCASH;SIHUAS;SICSIBAMBA;RURAL;CARRETERA;PROVINCIAL;AN-575;-8.599304;DESPEJADO;RURAL;SINUOSA;PLANA ;AFIRMADO;SI;PREVENTIVA (P);NULL;NO;EN PROCESO DE INVESTIGACIÓN;NO CUENTA CON CAUSA ESPECIFICA;AN-575;20/5/2022;-77.578894
A-2022-05-241;30:00.0;ATROPELLO;1;0;NULL;JUNIN;CONCEPCION;ORCOTUNA;URBANA;CARRETERA;NACIONAL;PE-3SB;-11.965228;DESPEJADO;RURAL;TRAMO RECTO;PLANA ;ASFALTADA;NO;NULL;NULL;SI;IMPRUDENCIA DEL CONDUCTOR;OTRO (IMPRUDENCIA DEL CONDUCTOR);Carretera Central Margen Derecha;20/5/2022;-75.308338
A-2022-05-231;00:00.0;DESPISTE;1;0;NULL;JUNIN;SATIPO;RIO NEGRO;RURAL;CARRETERA;SIN CLASIFICAR;SIN CLASIFICAR;-11.212953;NULL;NULL;NULL;NULL;NULL;NULL;NULL;NULL;NULL;EN PROCESO DE INVESTIGACIÓN;NO CUENTA CON CAUSA ESPECIFICA;Río Negro;20/5/2022;-74.662249
A-2022-05-116;00:00.0;ATROPELLO FUGA;1;0;NULL;LAMBAYEQUE;LAMBAYEQUE;JAYANCA;URBANA;CARRETERA;NACIONAL;PE-1NJ;-6.387917;DESPEJADO;RESIDENCIAL;TRAMO RECTO;PLANA ;ASFALTADA;NULL;NULL;NULL;NULL;EN PROCESO DE INVESTIGACIÓN;NO CUENTA CON CAUSA ESPECIFICA;Avenida Diego Ferre;21/5/2022;-79.819777
A-2022-05-163;00:00.0;CHOQUE;1;0;2;PIURA;PIURA;CASTILLA;RURAL;CARRETERA;NACIONAL;PE-1NJ;-5.1506;DESPEJADO;RURAL;TRAMO RECTO;PLANA ;ASFALTADA;NULL;NULL;NULL;NULL;EN PROCESO DE INVESTIGACIÓN;NO CUENTA CON CAUSA ESPECIFICA;Carretera Interoceánica Norte;21/5/2022;-80.47459
A-2022-05-117;50:00.0;CHOQUE;1;2;2;LAMBAYEQUE;LAMBAYEQUE;MOCHUMI;RURAL;CARRETERA;PROVINCIAL;LA-647;-6.534687;DESPEJADO;RURAL;INTERSECCIÓN;PLANA ;ASFALTADA;NULL;NULL;NULL;NULL;EN PROCESO DE INVESTIGACIÓN;NO CUENTA CON CAUSA ESPECIFICA;LA-647;21/5/2022;-79.912711
A-2022-05-84;00:00.0;ATROPELLO;1;0;1;PUNO;CHUCUITO;JULI;RURAL;CARRETERA;NACIONAL;PE-3S;-16.21831;DESPEJADO;RURAL;TRAMO RECTO;PLANA ;ASFALTADA;NULL;NULL;NULL;NULL;IMPRUDENCIA DEL PEATÓN;CRUCE INDEBIDO POR LA CALZADA;Carretera Longitudinal de la Sierra Sur;21/5/2022;-69.490776
A-2022-05-245;30:00.0;CHOQUE;1;0;2;PIURA;SULLANA;LANCONES;RURAL;CARRETERA;NACIONAL;PE-1NN;-4.562179;DESPEJADO;RURAL;TRAMO RECTO;PLANA ;ASFALTADA;NULL;NULL;NULL;NULL;IMPRUDENCIA DEL CONDUCTOR;OTRO (IMPRUDENCIA DEL CONDUCTOR);Carretera Sullana - El Alamor;22/5/2022;-80.486811
A-2022-05-261;00:00.0;DESPISTE;1;0;NULL;LIMA;LIMA;COMAS;URBANA;AVENIDA;URBANO;NO CORRESPONDE;-11.947209;NULL;NULL;NULL;NULL;NULL;NULL;NULL;NULL;NULL;EN PROCESO DE INVESTIGACIÓN;NO CUENTA CON CAUSA ESPECIFICA;Avenida Universitaria;22/5/2022;-77.060735
A-2022-05-212;10:00.0;VOLCADURA;1;0;NULL;APURIMAC;GRAU;CHUQUIBAMBILLA;URBANA;CARRETERA;NACIONAL;PE-3SF;-14.103566;NULL;NULL;NULL;NULL;NULL;NULL;NULL;NULL;NULL;EN PROCESO DE INVESTIGACIÓN;NO CUENTA CON CAUSA ESPECIFICA;Chuquibambilla;22/5/2022;-72.705911
A-2022-05-246;00:00.0;DESPISTE;1;0;1;PIURA;SULLANA;SULLANA;RURAL;CARRETERA;PROVINCIAL;PI-579;-4.781;DESPEJADO;RURAL;CURVA;PLANA ;AFIRMADO;NULL;NULL;NULL;NULL;IMPRUDENCIA DEL CONDUCTOR;OTRO (IMPRUDENCIA DEL CONDUCTOR);Somate Bajo;22/5/2022;-80.536
A-2022-05-133;00:00.0;DESPISTE;3;0;1;CUSCO;CANCHIS;COMBAPATA;RURAL;CARRETERA;SIN CLASIFICAR;SIN CLASIFICAR;-14.1294;SOLEADO;RURAL;CURVA;INCLINADA;TROCHA;SI;PREVENTIVA (P);NULL;NO;IMPERICIA DEL CONDUCTOR;NULL;Combapata;22/5/2022;-71.2436
A-2022-05-82;20:00.0;ATROPELLO;1;0;1;ICA;ICA;ICA;URBANA;CARRETERA;NACIONAL;PE-1S;-14.070722;DESPEJADO;COMERCIAL;TRAMO RECTO;PLANA ;ASFALTADA;SI;INFORMATIVA (I);NULL;NO;EN PROCESO DE INVESTIGACIÓN;NO CUENTA CON CAUSA ESPECIFICA;Avenida Los Maestros;22/5/2022;-75.738889
A-2022-05-252;30:00.0;CHOQUE;1;0;NULL;JUNIN;TARMA;PALCA;RURAL;CARRETERA;NACIONAL;PE-22B;-11.277153;DESPEJADO;RURAL;TÚNEL;PLANA ;ASFALTADA;NULL;NULL;NULL;NULL;IMPRUDENCIA DEL CONDUCTOR;EXCESO DE VELOCIDAD;Carretera Central;22/5/2022;-75.562688
A-2022-05-85;30:00.0;DESPISTE;2;4;1;PUNO;CHUCUITO;POMATA;RURAL;CARRETERA;NACIONAL;PE-3S;-16.357683;DESPEJADO;RURAL;TRAMO RECTO;PLANA ;ASFALTADA;NULL;NULL;NULL;NULL;IMPRUDENCIA DEL CONDUCTOR;FATIGA Y/O CANSANCIO;Carretera Longitudinal de la Sierra Sur;23/5/2022;-69.234044
A-2022-05-101;15:00.0;DESPISTE;1;0;1;APURIMAC;ANDAHUAYLAS;ANDAHUAYLAS;URBANA;CARRETERA;PROVINCIAL;AP-680;-13.6652;DESPEJADO;RESIDENCIAL;INTERSECCIÓN;PLANA ;AFIRMADO;NULL;NULL;NULL;NULL;IMPRUDENCIA DEL CONDUCTOR;CONDUCIR EN ESTADO DE EBRIEDAD Y/O DROGADICCIÓN;Avenida Lázaro Carrillo;23/5/2022;-73.391821
A-2022-05-102;50:00.0;CHOQUE;1;0;2;LA LIBERTAD;PACASMAYO;GUADALUPE;RURAL;CARRETERA;NACIONAL;PE-1N;-7.310261;DESPEJADO;RURAL;TRAMO RECTO;PLANA ;ASFALTADA;NULL;NULL;NULL;NULL;IMPRUDENCIA DEL CONDUCTOR;NO ESTABLECER EL DERECHO DE PASO;Carretera Panamericana Norte;23/5/2022;-79.480748
A-2022-05-93;30:00.0;CHOQUE FUGA;1;1;1;ICA;ICA;PARCONA;URBANA;AVENIDA;URBANO;NO CORRESPONDE;-14.04632;DESPEJADO;RESIDENCIAL;INTERSECCIÓN;PLANA ;ASFALTADA;NULL;NULL;NULL;NULL;EN PROCESO DE INVESTIGACIÓN;NO CUENTA CON CAUSA ESPECIFICA;Avenida Miguel Grau;23/5/2022;-75.698566
A-2022-05-262;30:00.0;ATROPELLO;1;0;NULL;LIMA;LIMA;LOS OLIVOS;URBANA;AVENIDA;URBANO;NO CORRESPONDE;-11.976982;NULL;NULL;NULL;NULL;NULL;NULL;NULL;NULL;NULL;EN PROCESO DE INVESTIGACIÓN;NO CUENTA CON CAUSA ESPECIFICA;Avenida Las Palmeras;23/5/2022;-77.07243
A-2022-05-216;15:00.0;CHOQUE;1;1;2;HUANUCO;AMBO;AMBO;URBANA;CARRETERA;NACIONAL;PE-3N;-10.090184;DESPEJADO;RURAL;CURVA;PLANA ;ASFALTADA;NULL;NULL;NULL;NULL;IMPRUDENCIA DEL CONDUCTOR;CONDUCIR EN ESTADO DE EBRIEDAD Y/O DROGADICCIÓN;Carretera Longitudinal de la Sierra Norte;23/5/2022;-76.217113
A-2022-05-197;00:00.0;ATROPELLO;1;0;0;LIMA;LIMA;PACHACAMAC;URBANA;CARRETERA;PROVINCIAL;LM-796;-12.101235;DESPEJADO;ESCOLAR;TRAMO RECTO;PLANA ;ASFALTADA;NULL;NULL;NULL;NULL;EN PROCESO DE INVESTIGACIÓN;NO CUENTA CON CAUSA ESPECIFICA;Avenida Victor Malásquez;23/5/2022;-76.878056
A-2022-05-263;40:00.0;CHOQUE FUGA;1;0;NULL;LIMA;LIMA;ATE;URBANA;CARRETERA;PROVINCIAL;LM-718;-12.031148;NULL;NULL;NULL;NULL;NULL;NULL;NULL;NULL;NULL;EN PROCESO DE INVESTIGACIÓN;NO CUENTA CON CAUSA ESPECIFICA;Avenida Nicolas de Pierola;24/5/2022;-76.892109
A-2022-05-251;50:00.0;ESPECIAL;1;0;1;LIMA;HUAURA;HUACHO;URBANA;AVENIDA;URBANO;NO CORRESPONDE;-11.102276;DESPEJADO;RESIDENCIAL;TRAMO RECTO;PLANA ;ASFALTADA;NULL;NULL;NULL;NULL;EN PROCESO DE INVESTIGACIÓN;NO CUENTA CON CAUSA ESPECIFICA;Calle Progreso;24/5/2022;-77.597754
A-2022-05-140;30:00.0;ATROPELLO;1;0;NULL;ANCASH;CARHUAZ;TINCO;URBANA;CARRETERA;PROVINCIAL;AN-1094;-9.270855;DESPEJADO;RESIDENCIAL;INTERSECCIÓN;PLANA ;ASFALTADA;NULL;NULL;NULL;NULL;EN PROCESO DE INVESTIGACIÓN;NO CUENTA CON CAUSA ESPECIFICA;Avenida Las Flores;24/5/2022;-77.679143
A-2022-05-164;00:00.0;ATROPELLO FUGA;1;0;NULL;PIURA;PIURA;CURA MORI;RURAL;CARRETERA;NACIONAL;PE-1N;-5.389647;DESPEJADO;RURAL;TRAMO RECTO;PLANA ;ASFALTADA;NULL;NULL;NULL;NULL;EN PROCESO DE INVESTIGACIÓN;NO CUENTA CON CAUSA ESPECIFICA;Carretera Panamericana Norte;24/5/2022;-80.614189
A-2022-05-174;00:00.0;ATROPELLO FUGA;1;0;0;PUNO;MOHO;MOHO;RURAL;CARRETERA;NACIONAL;PE-34I;-15.296643;DESPEJADO;RURAL;TRAMO RECTO;PLANA ;ASFALTADA;NULL;NULL;NULL;NULL;IMPRUDENCIA DEL CONDUCTOR;EXCESO DE VELOCIDAD;PE-34I;24/5/2022;-69.619907
A-2022-05-127;30:00.0;DESPISTE;1;1;1;CUSCO;CALCA;LARES;RURAL;CARRETERA;DEPARTAMENTAL;CU-105;-13.031013;NUBLADO;RURAL;CURVA;INCLINADA;AFIRMADO;NULL;NULL;NULL;NULL;IMPRUDENCIA DEL CONDUCTOR;FATIGA Y/O CANSANCIO;CU-105;24/5/2022;-71.980191
A-2022-05-254;15:00.0;ATROPELLO FUGA;1;0;1;LIMA;HUARAL;AUCALLAMA;URBANA;CARRETERA;NACIONAL;PE-1N;-11.61153;DESPEJADO;COMERCIAL;TRAMO RECTO;PLANA ;ASFALTADA;NULL;NULL;NULL;NULL;EN PROCESO DE INVESTIGACIÓN;NO CUENTA CON CAUSA ESPECIFICA;Carretera Panamericana Norte;25/5/2022;-77.23506
A-2022-05-161;00:00.0;DESPISTE;1;3;1;TACNA;TARATA;ESTIQUE-PAMPA;RURAL;CARRETERA;NACIONAL;PE-38;-17.527711;DESPEJADO;RURAL;CURVA;PLANA ;ASFALTADA;NULL;NULL;NULL;NULL;NEGLIGENCIA DEL CONDUCTOR;OTRO (NEGLIGENCIA DEL CONDUCTOR);Carretera Tacna - Tarata;25/5/2022;-70.036265
A-2022-05-92;00:00.0;DESPISTE;1;0;1;ICA;PISCO;SAN CLEMENTE;URBANA;CARRETERA;NACIONAL;PE-28A;-13.68224;DESPEJADO;RURAL;TRAMO RECTO;PLANA ;ASFALTADA;NULL;NULL;NULL;NULL;IMPRUDENCIA DEL CONDUCTOR;EXCESO DE VELOCIDAD;Vía de los Libertadores;25/5/2022;-76.107
A-2022-05-94;40:00.0;CHOQUE;1;0;3;ICA;PALPA;PALPA;RURAL;CARRETERA;DEPARTAMENTAL;IC-111;-14.537617;DESPEJADO;RURAL;CURVA;INCLINADA;ASFALTADA;SI;PREVENTIVA (P);NULL;SI;IMPRUDENCIA DEL CONDUCTOR;INVASIÓN DE CARRIL;IC-111;25/5/2022;-75.162942