CÓDIGO SINIESTRO;HORA SINIESTRO;CLASE SINIESTRO;CANTIDAD DE FALLECIDOS;CANTIDAD DE LESIONADOS;CANTIDAD DE VEHICULOS DAÑADOS;DEPARTAMENTO;PROVINCIA;DISTRITO;ZONA;TIPO DE VÍA;RED VIAL;COD CARRETERA;COORDENADAS LATITUD;CONDICIÓN CLIMÁTICA;ZONIFICACIÓN;CARACTERÍSTICAS DE VÍA;PERFIL LONGITUDINAL VÍA;SUPERFICIE DE CALZADA;¿EXISTE SEÑAL VERTICAL?;CLASIFICACIÓN DE LA SEÑAL VERTICAL Nº 1;CLASIFICACIÓN DE LA SEÑAL VERTICAL Nº 2;¿EXISTE SEÑAL HORIZONTAL?;CAUSA FACTOR PRINCIPAL;CAUSA ESPECÍFICA;UBICACION;FECHA SINIESTRO;COORDENADAS LONGITUD
A-2022-05-247;00:00.0;CHOQUE;1;0;2;PIURA;SULLANA;MARCAVELICA;RURAL;CARRETERA;NACIONAL;PE-1N;-4.857722;DESPEJADO;RURAL;CURVA;PLANA ;ASFALTADA;NULL;NULL;NULL;NULL;IMPRUDENCIA DEL CONDUCTOR;INVASIÓN DE CARRIL;Carretera Panamericana Norte;26/5/2022;-80.732453
A-2022-05-269;30:00.0;CHOQUE;1;0;NULL;PIURA;PIURA;CASTILLA;URBANA;CARRETERA;DEPARTAMENTAL;PI-126;-5.18722;DESPEJADO;RURAL;TRAMO RECTO;PLANA ;ADOQUINADO;NULL;NULL;NULL;NULL;IMPRUDENCIA DEL CONDUCTOR;NO ESTABLECER EL DERECHO DE PASO;Avenida Mariscal Tito;26/5/2022;-80.609852
A-2022-05-118;00:00.0;CHOQUE;1;0;NULL;LAMBAYEQUE;CHICLAYO;JOSE LEONARDO ORTIZ;RURAL;CARRETERA;DEPARTAMENTAL;LA-111;-6.738707;DESPEJADO;RURAL;TRAMO RECTO;PLANA ;ASFALTADA;NULL;NULL;NULL;NULL;EN PROCESO DE INVESTIGACIÓN;NO CUENTA CON CAUSA ESPECIFICA;Carretera Chiclayo - Picsi;26/5/2022;-79.79274
A-2022-05-264;50:00.0;CHOQUE;1;0;NULL;LIMA;LIMA;SAN JUAN DE LURIGANCHO;URBANA;AVENIDA;URBANO;NO CORRESPONDE;-11.963306;NULL;NULL;NULL;NULL;NULL;NULL;NULL;NULL;NULL;EN PROCESO DE INVESTIGACIÓN;NO CUENTA CON CAUSA ESPECIFICA;Avenida José Carlos Mariátegui;26/5/2022;-77.008072
A-2022-05-100;10:00.0;ATROPELLO;1;0;1;AREQUIPA;AREQUIPA;CERRO COLORADO;URBANA;CARRETERA;NACIONAL;PE-34A;-16.405982;DESPEJADO;RESIDENCIAL;TRAMO RECTO;INCLINADA;ASFALTADA;NO;NULL;NULL;SI;EN PROCESO DE INVESTIGACIÓN;NO CUENTA CON CAUSA ESPECIFICA;Carretera Interoceánica Sur;26/5/2022;-71.591284
A-2022-05-253;40:00.0;CAÍDA DE PASAJERO;1;0;NULL;JUNIN;HUANCAYO;PUCARA;RURAL;CARRETERA;SIN CLASIFICAR;SIN CLASIFICAR;-12.19892;DESPEJADO;RURAL;SINUOSA;PLANA ;TROCHA;NULL;NULL;NULL;NULL;IMPRUDENCIA DEL CONDUCTOR;CONDUCIR EN ESTADO DE EBRIEDAD Y/O DROGADICCIÓN;Pucará;26/5/2022;-75.078592
A-2022-05-239;00:00.0;CHOQUE CON OBJETO FIJO;1;0;1;ICA;CHINCHA;EL CARMEN;RURAL;CARRETERA;SIN CLASIFICAR;SIN CLASIFICAR;-13.483962;DESPEJADO;RURAL;TRAMO RECTO;PLANA ;TROCHA;NULL;NULL;NULL;NULL;IMPRUDENCIA DEL CONDUCTOR;CONDUCIR EN ESTADO DE EBRIEDAD Y/O DROGADICCIÓN;Vina Vieja;26/5/2022;-76.033743
A-2022-05-218;00:00.0;ATROPELLO FUGA;1;0;NULL;LIMA;HUARAL;AUCALLAMA;URBANA;CARRETERA;NACIONAL;PE-1NA;-11.61655;DESPEJADO;COMERCIAL;TRAMO RECTO;PLANA ;ASFALTADA;NULL;NULL;NULL;NULL;EN PROCESO DE INVESTIGACIÓN;NO CUENTA CON CAUSA ESPECIFICA;Carretera Serpentín de Pasamayo;27/5/2022;-77.22741
A-2022-05-265;15:00.0;CHOQUE FUGA;1;1;NULL;LIMA;LIMA;SAN JUAN DE MIRAFLORES;URBANA;AVENIDA;URBANO;NO CORRESPONDE;-12.18605;NULL;NULL;NULL;NULL;NULL;NULL;NULL;NULL;NULL;EN PROCESO DE INVESTIGACIÓN;NO CUENTA CON CAUSA ESPECIFICA;Avenida La Unión;27/5/2022;-76.97927
A-2022-05-175;40:00.0;DESPISTE;1;0;1;PUNO;MELGAR;AYAVIRI;RURAL;CARRETERA;NACIONAL;PE-3S;-14.840848;DESPEJADO;RURAL;TRAMO RECTO;PLANA ;ASFALTADA;NULL;NULL;NULL;NULL;IMPRUDENCIA DEL CONDUCTOR;CONDUCIR EN ESTADO DE EBRIEDAD Y/O DROGADICCIÓN;Carretera Longitudinal de la Sierra Sur;27/5/2022;-70.652831
A-2022-05-141;00:00.0;DESPISTE;1;1;1;ANCASH;HUARI;RAPAYAN;RURAL;CARRETERA;SIN CLASIFICAR;SIN CLASIFICAR;-9.230538;LLUVIOSO;RURAL;SINUOSA;PLANA ;AFIRMADO;SI;PREVENTIVA (P);NULL;NO;IMPRUDENCIA DEL CONDUCTOR;FATIGA Y/O CANSANCIO;AN-691;28/5/2022;-76.743574
A-2022-05-201;30:00.0;CHOQUE FUGA;1;0;NULL;ANCASH;SANTA;NUEVO CHIMBOTE;URBANA;CARRETERA;NACIONAL;PE-1N;-9.132806;DESPEJADO;COMERCIAL;TRAMO RECTO;PLANA ;ASFALTADA;NULL;NULL;NULL;NULL;EN PROCESO DE INVESTIGACIÓN;NO CUENTA CON CAUSA ESPECIFICA;Panamericana Norte;28/5/2022;-78.526513
A-2022-05-131;00:00.0;DESPISTE;1;1;1;LA LIBERTAD;JULCAN;JULCAN;RURAL;CARRETERA;SIN CLASIFICAR;SIN CLASIFICAR;-8.01788;DESPEJADO;RURAL;TRAMO RECTO;PLANA ;TROCHA;NULL;NULL;NULL;NULL;EN PROCESO DE INVESTIGACIÓN;NO CUENTA CON CAUSA ESPECIFICA;LI-995;28/5/2022;-78.492144
A-2022-05-119;30:00.0;DESPISTE;1;0;1;PUNO;CHUCUITO;JULI;RURAL;CARRETERA;NACIONAL;PE-3S;-16.197096;DESPEJADO;RURAL;TRAMO RECTO;PLANA ;ASFALTADA;NULL;NULL;NULL;NULL;IMPRUDENCIA DEL CONDUCTOR;FATIGA Y/O CANSANCIO;Carretera Longitudinal de la Sierra Sur;28/5/2022;-69.523101
A-2022-05-266;40:00.0;CHOQUE;1;0;NULL;LIMA;LIMA;LURIN;URBANA;CARRETERA;PROVINCIAL;LM-797;-12.27257;NULL;NULL;NULL;NULL;NULL;NULL;NULL;NULL;NULL;EN PROCESO DE INVESTIGACIÓN;NO CUENTA CON CAUSA ESPECIFICA;Antigua Panamericana Sur;28/5/2022;-76.873766
A-2022-05-234;20:00.0;DESPISTE;1;0;NULL;JUNIN;CHANCHAMAYO;CHANCHAMAYO;RURAL;CARRETERA;NACIONAL;PE-22B;-10.999357;NULL;NULL;NULL;NULL;NULL;NULL;NULL;NULL;NULL;EN PROCESO DE INVESTIGACIÓN;NO CUENTA CON CAUSA ESPECIFICA;PE-22B;28/5/2022;-75.313847
A-2022-05-103;00:00.0;CHOQUE;1;0;2;ICA;ICA;PUEBLO NUEVO;URBANA;CARRETERA;NACIONAL;PE-1S;-14.127625;DESPEJADO;RURAL;CURVA;PLANA ;ASFALTADA;NULL;NULL;NULL;NULL;EN PROCESO DE INVESTIGACIÓN;NO CUENTA CON CAUSA ESPECIFICA;Carretera Panamericana Sur;28/5/2022;-75.716393
A-2022-05-120;40:00.0;CHOQUE;1;2;2;AREQUIPA;AREQUIPA;UCHUMAYO;RURAL;CARRETERA;SIN CLASIFICAR;SIN CLASIFICAR;-16.540684;DESPEJADO;RURAL;TRAMO RECTO;PLANA ;ASFALTADA;NO;NULL;NULL;SI;EN PROCESO DE INVESTIGACIÓN;NO CUENTA CON CAUSA ESPECIFICA;Nueva Carretera Cerro Verde;28/5/2022;-71.697909
A-2022-05-240;00:00.0;CHOQUE;1;1;2;ICA;CHINCHA;CHINCHA ALTA;URBANA;CARRETERA;NACIONAL;PE-1S;-13.434755;DESPEJADO;COMERCIAL;INTERSECCIÓN;PLANA ;ASFALTADA;NULL;NULL;NULL;NULL;NEGLIGENCIA DEL CONDUCTOR;OTRO (NEGLIGENCIA DEL CONDUCTOR);Antigua Carretera Panamericana Sur;29/5/2022;-76.134567
A-2022-05-235;30:00.0;ATROPELLO FUGA;1;0;NULL;JUNIN;SATIPO;MAZAMARI;RURAL;CARRETERA;NACIONAL;PE-5S;-11.316354;NULL;NULL;NULL;NULL;NULL;NULL;NULL;NULL;NULL;EN PROCESO DE INVESTIGACIÓN;NO CUENTA CON CAUSA ESPECIFICA;Avenida Marginal;29/5/2022;-74.540509
A-2023-07-1;30:00.0;CHOQUE;1;1;2;LORETO;MAYNAS;SAN JUAN BAUTISTA;URBANA;CARRETERA;PROVINCIAL;LO-504;-3.776831;DESPEJADO;RURAL;TRAMO RECTO;PLANA ;ASFALTADA;NULL;NULL;NULL;NULL;IMPRUDENCIA DEL CONDUCTOR;INVASIÓN DE CARRIL;Carretera a Rumococha;29/5/2022;-73.298126
A-2022-05-145;32:00.0;CHOQUE CON OBJETO FIJO;1;0;1;CUSCO;CUSCO;CUSCO;URBANA;CARRETERA;NACIONAL;PE-3S;-13.517767;DESPEJADO;RESIDENCIAL;CURVA;INCLINADA;ASFALTADA;NULL;NULL;NULL;NULL;NEGLIGENCIA DEL CONDUCTOR;OTRO (NEGLIGENCIA DEL CONDUCTOR);Avenida Antonio Lorena;29/5/2022;-71.995508
A-2022-05-108;00:00.0;CHOQUE;1;0;NULL;LAMBAYEQUE;LAMBAYEQUE;MOTUPE;RURAL;CARRETERA;NACIONAL;PE-1NJ;-6.039101;DESPEJADO;INDUSTRIAL;TRAMO RECTO;INCLINADA;ASFALTADA;SI;REGULADORA (R);REGULADORA (R);NO;EN PROCESO DE INVESTIGACIÓN;NO CUENTA CON CAUSA ESPECIFICA;Carretera Lambayegue - Olmos;29/5/2022;-79.676422
A-2022-05-132;30:00.0;CHOQUE;2;0;3;LA LIBERTAD;PACASMAYO;GUADALUPE;RURAL;CARRETERA;NACIONAL;PE-1N;-7.319234;DESPEJADO;RURAL;TRAMO RECTO;PLANA ;ASFALTADA;NULL;NULL;NULL;NULL;IMPRUDENCIA DEL CONDUCTOR;ADELANTAR INDEBIDAMENTE;Carretera Panamericana Norte;29/5/2022;-79.480246
A-2022-05-142;30:00.0;CHOQUE;1;2;2;SAN MARTIN;MOYOBAMBA;MOYOBAMBA;URBANA;JIRÓN;URBANO;NO CORRESPONDE;-6.028196;DESPEJADO;RESIDENCIAL;INTERSECCIÓN;PLANA ;ASFALTADA;NULL;NULL;NULL;NULL;IMPRUDENCIA DEL CONDUCTOR;OTRO (IMPRUDENCIA DEL CONDUCTOR);Jirón Independencia;29/5/2022;-76.978588
A-2022-05-134;35:00.0;ATROPELLO;1;0;1;LA LIBERTAD;TRUJILLO;HUANCHACO;RURAL;CARRETERA;NACIONAL;PE-1N;-8.016863;DESPEJADO;RURAL;TRAMO RECTO;PLANA ;ASFALTADA;NULL;NULL;NULL;NULL;IMPRUDENCIA DEL PEATÓN;ESTADO DE EBRIEDAD Y/O DROGADICCIÓN;Carretera Panamericana Norte;29/5/2022;-79.073086
A-2022-05-166;05:00.0;DESPISTE;1;0;NULL;LAMBAYEQUE;CHICLAYO;TUMAN;RURAL;CARRETERA;SIN CLASIFICAR;SIN CLASIFICAR;-6.714927;NIEBLA;RURAL;TRAMO RECTO;PLANA ;AFIRMADO;NULL;NULL;NULL;NULL;EN PROCESO DE INVESTIGACIÓN;NO CUENTA CON CAUSA ESPECIFICA;LA-733;30/5/2022;-79.69199
A-2022-05-267;30:00.0;CHOQUE FUGA;1;0;NULL;LIMA;LIMA;LURIN;URBANA;AVENIDA;URBANO;NO CORRESPONDE;-12.2535;NULL;NULL;NULL;NULL;NULL;NULL;NULL;NULL;NULL;EN PROCESO DE INVESTIGACIÓN;NO CUENTA CON CAUSA ESPECIFICA;Antigua Panamericana Sur;30/5/2022;-76.9012
A-2022-05-167;00:00.0;ATROPELLO;1;0;1;CALLAO;CALLAO;CALLAO;URBANA;CARRETERA;NACIONAL;PE-20;-11.996399;DESPEJADO;INDUSTRIAL;TRAMO RECTO;PLANA ;ASFALTADA;NO;NULL;NULL;SI;IMPRUDENCIA DEL CONDUCTOR;EXCESO DE VELOCIDAD;Avenida Coronel Nestor Gambetta;30/5/2022;-77.126222
A-2022-05-219;00:00.0;VOLCADURA;1;0;1;LIMA;HUAURA;SAYAN;URBANA;CARRETERA;PROVINCIAL;LM-664;-11.20375;DESPEJADO;RESIDENCIAL;OTRO;PLANA ;AFIRMADO;NULL;NULL;NULL;NULL;IMPRUDENCIA DEL CONDUCTOR;OTRO (IMPRUDENCIA DEL CONDUCTOR);LM-664;30/5/2022;-77.372138
A-2022-05-135;35:00.0;CHOQUE;1;0;2;LA LIBERTAD;TRUJILLO;LAREDO;RURAL;CARRETERA;NACIONAL;PE-10A;-8.1006;DESPEJADO;RURAL;TRAMO RECTO;PLANA ;ASFALTADA;NULL;NULL;NULL;NULL;IMPRUDENCIA DEL CONDUCTOR;INVASIÓN DE CARRIL;Carretera Industrial;30/5/2022;-78.942725
A-2023-05-94;00:00.0;DESPISTE;1;0;1;JUNIN;JAUJA;POMACANCHA;RURAL;CARRETERA;PROVINCIAL;JU-673;-11.666709;DESPEJADO;RURAL;CURVA;INCLINADA;TROCHA;NULL;NULL;NULL;NULL;IMPRUDENCIA DEL CONDUCTOR;CONDUCIR EN ESTADO DE EBRIEDAD Y/O DROGADICCIÓN;Pomacancha;31/5/2022;-75.649307
A-2022-05-214;00:00.0;DESPISTE;2;5;1;HUANUCO;HUANUCO;YARUMAYO;RURAL;CARRETERA;DEPARTAMENTAL;HU-111;-9.978249;NIEBLA;RURAL;CURVA;INCLINADA;TROCHA;NULL;NULL;NULL;NULL;INFRAESTRUCTURA Y ENTORNO VIAL;FACTOR AMBIENTAL;HU-111;31/5/2022;-76.438632
A-2022-05-268;00:00.0;ATROPELLO;1;0;NULL;LIMA;LIMA;LOS OLIVOS;URBANA;AVENIDA;URBANO;NO CORRESPONDE;-11.933205;NULL;NULL;NULL;NULL;NULL;NULL;NULL;NULL;NULL;EN PROCESO DE INVESTIGACIÓN;NO CUENTA CON CAUSA ESPECIFICA;Canta Lima;31/5/2022;-77.080474
A-2022-05-221;00:00.0;DESPISTE;1;1;NULL;AYACUCHO;VICTOR FAJARDO;CANARIA;RURAL;CARRETERA;PROVINCIAL;AY-1126;-14.006451;DESPEJADO;RURAL;CURVA;PLANA ;TROCHA;SI;INFORMATIVA (I);REGULADORA (R);NO;IMPRUDENCIA DEL CONDUCTOR;OTRO (IMPRUDENCIA DEL CONDUCTOR);Huancapampa;31/5/2022;-73.957043
A-2022-06-80;30:00.0;ATROPELLO;1;0;NULL;LAMBAYEQUE;CHICLAYO;MONSEFU;RURAL;CARRETERA;PROVINCIAL;LA-778;-6.85114;NUBLADO;RURAL;TRAMO RECTO;PLANA ;ASFALTADA;NULL;NULL;NULL;NULL;EN PROCESO DE INVESTIGACIÓN;NO CUENTA CON CAUSA ESPECIFICA;Carretera Monsefú - Chiclayo;1/6/2022;-79.86239
A-2022-06-260;00:00.0;ATROPELLO;1;0;NULL;LIMA;LIMA;VILLA MARIA DEL TRIUNFO;URBANA;AVENIDA;URBANO;NO CORRESPONDE;-12.16071;NULL;NULL;NULL;NULL;NULL;NULL;NULL;NULL;NULL;EN PROCESO DE INVESTIGACIÓN;NO CUENTA CON CAUSA ESPECIFICA;Avenida El Triunfo;1/6/2022;-76.94065
A-2022-06-262;40:00.0;DESPISTE;1;0;NULL;LIMA;LIMA;VILLA MARIA DEL TRIUNFO;URBANA;AVENIDA;URBANO;NO CORRESPONDE;-12.16706;NULL;NULL;NULL;NULL;NULL;NULL;NULL;NULL;NULL;EN PROCESO DE INVESTIGACIÓN;NO CUENTA CON CAUSA ESPECIFICA;Avenida El Triunfo;1/6/2022;-76.949913
A-2022-06-261;30:00.0;ATROPELLO;1;0;NULL;LIMA;LIMA;SAN MARTIN DE PORRES;URBANA;AVENIDA;URBANO;NO CORRESPONDE;-12.023962;NULL;NULL;NULL;NULL;NULL;NULL;NULL;NULL;NULL;EN PROCESO DE INVESTIGACIÓN;NO CUENTA CON CAUSA ESPECIFICA;Jirón Víctor Navarro;1/6/2022;-77.080476
A-2022-06-225;30:00.0;ATROPELLO;1;0;1;LIMA;HUARAL;AUCALLAMA;URBANA;CARRETERA;NACIONAL;PE-20C;-11.594395;DESPEJADO;COMERCIAL;TRAMO RECTO;PLANA ;ASFALTADA;NULL;NULL;NULL;NULL;IMPRUDENCIA DEL PEATÓN;CRUCE INDEBIDO POR LA CALZADA;Carretera Lima - Huaral;1/6/2022;-77.201448
A-2022-06-67;30:00.0;ATROPELLO;1;0;1;LAMBAYEQUE;CHICLAYO;POMALCA;URBANA;CARRETERA;PROVINCIAL;LA-816;-6.770579;DESPEJADO;ESCOLAR;TRAMO RECTO;PLANA ;ASFALTADA;SI;REGULADORA (R);PREVENTIVA (P);NO;EN PROCESO DE INVESTIGACIÓN;NO CUENTA CON CAUSA ESPECIFICA;Avenida San Francisco de Asís;1/6/2022;-79.783026
A-2022-06-5;50:00.0;DESPISTE;1;0;1;ICA;PISCO;PARACAS;RURAL;CARRETERA;NACIONAL;PE-1S;-13.897395;NIEBLA;RURAL;TRAMO RECTO;PLANA ;ASFALTADA;SI;REGULADORA (R);INFORMATIVA (I);SI;EN PROCESO DE INVESTIGACIÓN;NO CUENTA CON CAUSA ESPECIFICA;Carretera Panamericana Sur;2/6/2022;-76.080437
A-2022-06-114;30:00.0;DESPISTE;1;0;1;CAJAMARCA;CAJABAMBA;CAJABAMBA;URBANA;JIRÓN;URBANO;NO CORRESPONDE;-7.630609;DESPEJADO;RURAL;TRAMO RECTO;PLANA ;ASFALTADA;NULL;NULL;NULL;NULL;EN PROCESO DE INVESTIGACIÓN;NO CUENTA CON CAUSA ESPECIFICA;Silva;2/6/2022;-78.044421
A-2022-06-263;10:00.0;ATROPELLO;1;0;NULL;LIMA;LIMA;VILLA EL SALVADOR;URBANA;AVENIDA;URBANO;NO CORRESPONDE;-12.195384;NULL;NULL;NULL;NULL;NULL;NULL;NULL;NULL;NULL;EN PROCESO DE INVESTIGACIÓN;NO CUENTA CON CAUSA ESPECIFICA;Avenida Mariano Pastor Sevilla;2/6/2022;-76.959065
A-2022-06-222;10:00.0;CHOQUE;1;0;2;JUNIN;CHUPACA;CHUPACA;RURAL;CARRETERA;SIN CLASIFICAR;SIN CLASIFICAR;-12.06023;DESPEJADO;RURAL;TRAMO RECTO;INCLINADA;CONCRETO;NULL;NULL;NULL;NULL;IMPRUDENCIA DEL CONDUCTOR;CONDUCIR EN ESTADO DE EBRIEDAD Y/O DROGADICCIÓN;Chupaca;2/6/2022;-75.30881
A-2022-06-218;00:00.0;ATROPELLO;1;0;1;PUNO;LAMPA;PUCARA;RURAL;CARRETERA;NACIONAL;PE-3S;-14.973719;DESPEJADO;RURAL;TRAMO RECTO;PLANA ;ASFALTADA;NULL;NULL;NULL;NULL;IMPRUDENCIA DEL CONDUCTOR;EXCESO DE VELOCIDAD;Carretera Longitudinal de la Sierra Sur;3/6/2022;-70.461774
A-2022-06-105;40:00.0;DESPISTE;1;0;1;PUNO;AZANGARO;SAN ANTON;RURAL;CARRETERA;NACIONAL;PE-34B;-14.577643;DESPEJADO;RURAL;TRAMO RECTO;PLANA ;TROCHA;NULL;NULL;NULL;NULL;INFRAESTRUCTURA Y ENTORNO VIAL;SUPERFICIE DETERIORADA;Union Soratira;3/6/2022;-70.29668
A-2022-06-40;40:00.0;ATROPELLO;1;0;1;PIURA;PIURA;PIURA;URBANA;AVENIDA;URBANO;NO CORRESPONDE;-5.19449;DESPEJADO;COMERCIAL;TRAMO RECTO;PLANA ;ASFALTADA;NULL;NULL;NULL;NULL;EN PROCESO DE INVESTIGACIÓN;NO CUENTA CON CAUSA ESPECIFICA;Avenida Richard Cushing;3/6/2022;-80.63282
A-2022-06-3;30:00.0;ATROPELLO FUGA;1;0;NULL;PUNO;CHUCUITO;POMATA;RURAL;CARRETERA;PROVINCIAL;PU-1281;-16.31973;DESPEJADO;RURAL;TRAMO RECTO;PLANA ;TROCHA;NULL;NULL;NULL;NULL;EN PROCESO DE INVESTIGACIÓN;NO CUENTA CON CAUSA ESPECIFICA;PU-1281;3/6/2022;-69.289562
A-2022-06-219;20:00.0;DESPISTE;2;1;1;PUNO;LAMPA;CALAPUJA;RURAL;CARRETERA;NACIONAL;PE-34B;-15.294135;DESPEJADO;RURAL;TRAMO RECTO;PLANA ;ASFALTADA;NULL;NULL;NULL;NULL;INFRAESTRUCTURA Y ENTORNO VIAL;OTRO (INFRAESTRUCTURA Y ENTORNO VIAL);Carretera Interoceánica Puno - Madre de Dios;4/6/2022;-70.223175
A-2022-06-251;40:00.0;CHOQUE;1;2;NULL;JUNIN;JAUJA;JAUJA;URBANA;CARRETERA;PROVINCIAL;JU-725;-11.770202;DESPEJADO;COMERCIAL;TRAMO RECTO;PLANA ;ASFALTADA;NULL;NULL;NULL;NULL;IMPRUDENCIA DEL CONDUCTOR;CONDUCIR EN ESTADO DE EBRIEDAD Y/O DROGADICCIÓN;Avenida Clodoaldo Espinoza;4/6/2022;-75.490059
A-2022-06-197;30:00.0;DESPISTE;1;0;NULL;AYACUCHO;HUAMANGA;JESUS NAZARENO;RURAL;CARRETERA;NACIONAL;PE-3S;-13.137277;DESPEJADO;RURAL;CURVA;INCLINADA;ASFALTADA;NULL;NULL;NULL;NULL;IMPRUDENCIA DEL CONDUCTOR;EXCESO DE VELOCIDAD;Carretera Longitudinal de la Sierra Sur;4/6/2022;-74.210513
A-2022-06-4;40:00.0;CHOQUE;1;0;2;PUNO;CHUCUITO;ZEPITA;RURAL;CARRETERA;NACIONAL;PE-3S;-16.488322;NUBLADO;RURAL;TRAMO RECTO;PLANA ;ASFALTADA;SI;PREVENTIVA (P);NULL;SI;IMPRUDENCIA DEL CONDUCTOR;FRENAR INTEMPESTIVAMENTE;Zepita;4/6/2022;-69.110355
A-2022-06-33;30:00.0;CHOQUE;1;1;2;TACNA;TACNA;SAMA;RURAL;CARRETERA;NACIONAL;PE-1SD;-18.166918;DESPEJADO;RURAL;TRAMO RECTO;PLANA ;ASFALTADA;NULL;NULL;NULL;NULL;IMPRUDENCIA DEL CONDUCTOR;CONDUCIR EN ESTADO DE EBRIEDAD Y/O DROGADICCIÓN;Carretera Costanera Sur;4/6/2022;-70.653741
A-2022-06-82;45:00.0;DESPISTE;2;0;1;LAMBAYEQUE;LAMBAYEQUE;LAMBAYEQUE;RURAL;CARRETERA;NACIONAL;PE-1N;-6.684792;DESPEJADO;RURAL;ÓVALO;PLANA ;ASFALTADA;NULL;NULL;NULL;NULL;EN PROCESO DE INVESTIGACIÓN;NO CUENTA CON CAUSA ESPECIFICA;Ruta Panamericana Norte;5/6/2022;-79.904011
A-2022-06-216;00:00.0;CHOQUE;1;1;NULL;LIMA;LIMA;CHORRILLOS;URBANA;AVENIDA;URBANO;NO CORRESPONDE;-12.19591;DESPEJADO;COMERCIAL;CURVA;PLANA ;ASFALTADA;NULL;NULL;NULL;NULL;EN PROCESO DE INVESTIGACIÓN;NO CUENTA CON CAUSA ESPECIFICA;Avenida Caminos del Inca;5/6/2022;-77.00062
A-2022-06-16;40:00.0;CHOQUE CON OBJETO FIJO;1;0;1;AREQUIPA;AREQUIPA;LA JOYA;URBANA;CALLE;URBANO;NO CORRESPONDE;-16.42291;DESPEJADO;RESIDENCIAL;TRAMO RECTO;PLANA ;ASFALTADA;NO;NULL;NULL;SI;EN PROCESO DE INVESTIGACIÓN;NO CUENTA CON CAUSA ESPECIFICA;Avenida 2 de Mayo;5/6/2022;-71.81806
A-2022-06-29;50:00.0;ATROPELLO FUGA;1;0;NULL;ANCASH;HUARAZ;TARICA;RURAL;CARRETERA;NACIONAL;PE-3N;-9.413827;DESPEJADO;RURAL;CURVA;PLANA ;ASFALTADA;NO;NULL;NULL;SI;IMPRUDENCIA DEL PEATÓN;CRUCE INDEBIDO POR LA CALZADA;Carretera Longitudinal de la Sierra Norte;5/6/2022;-77.564673
A-2022-06-54;00:00.0;DESPISTE;1;0;NULL;CUSCO;CANAS;LANGUI;RURAL;CARRETERA;SIN CLASIFICAR;SIN CLASIFICAR;-14.4813;DESPEJADO;RURAL;TRAMO RECTO;PLANA ;TROCHA;NULL;NULL;NULL;NULL;IMPRUDENCIA DEL CONDUCTOR;EXCESO DE VELOCIDAD;Carretera Espinar - Sicuani;5/6/2022;-71.2655
A-2022-06-215;00:00.0;DESPISTE;1;1;NULL;LIMA;LIMA;CARABAYLLO;URBANA;AVENIDA;URBANO;NO CORRESPONDE;-11.88093;DESPEJADO;ESCOLAR;TRAMO RECTO;PLANA ;ASFALTADA;NULL;NULL;NULL;NULL;EN PROCESO DE INVESTIGACIÓN;NO CUENTA CON CAUSA ESPECIFICA;Avenida Túpac Amaru;5/6/2022;-77.02161
A-2022-06-224;35:00.0;DESPISTE;1;6;NULL;JUNIN;TARMA;HUASAHUASI;RURAL;CARRETERA;PROVINCIAL;JU-548;-11.266174;NULL;NULL;NULL;NULL;NULL;NULL;NULL;NULL;NULL;EN PROCESO DE INVESTIGACIÓN;NO CUENTA CON CAUSA ESPECIFICA;Huasahuasi;5/6/2022;-75.603672
A-2022-06-217;00:00.0;CHOQUE;1;1;NULL;LIMA;LIMA;ATE;URBANA;AVENIDA;URBANO;NO CORRESPONDE;-12.022756;DESPEJADO;COMERCIAL;TRAMO RECTO;PLANA ;TROCHA;NULL;NULL;NULL;NULL;EN PROCESO DE INVESTIGACIÓN;NO CUENTA CON CAUSA ESPECIFICA;Calle Las Praderas;5/6/2022;-76.911904
A-2022-06-163;00:00.0;CHOQUE;1;1;2;HUANUCO;HUANUCO;CHINCHAO;RURAL;CARRETERA;NACIONAL;PE-18A;-9.496673;NUBLADO;RURAL;CURVA;INCLINADA;ASFALTADA;SI;PREVENTIVA (P);PREVENTIVA (P);NO;IMPRUDENCIA DEL CONDUCTOR;EXCESO DE VELOCIDAD;Carretera Central;5/6/2022;-75.95111
A-2022-06-68;00:00.0;CHOQUE;1;3;2;LAMBAYEQUE;CHICLAYO;PICSI;RURAL;CARRETERA;NACIONAL;PE-06A;-6.750404;DESPEJADO;RURAL;TRAMO RECTO;PLANA ;ASFALTADA;SI;PREVENTIVA (P);NULL;NO;EN PROCESO DE INVESTIGACIÓN;NO CUENTA CON CAUSA ESPECIFICA;Carretera Pomalca - Tumán;5/6/2022;-79.723701
A-2022-06-9;20:00.0;DESPISTE;1;0;1;PUNO;PUNO;PICHACANI;RURAL;CARRETERA;NACIONAL;PE-36B;-16.187036;DESPEJADO;RURAL;CURVA;PLANA ;ASFALTADA;NULL;NULL;NULL;NULL;IMPRUDENCIA DEL CONDUCTOR;EXCESO DE VELOCIDAD;PE-36B;5/6/2022;-70.098946
A-2022-06-257;40:00.0;CHOQUE;1;0;NULL;MADRE DE DIOS;TAMBOPATA;TAMBOPATA;RURAL;AVENIDA;URBANO;NO CORRESPONDE;-12.596425;NULL;NULL;NULL;NULL;NULL;NULL;NULL;NULL;NULL;EN PROCESO DE INVESTIGACIÓN;NO CUENTA CON CAUSA ESPECIFICA;Avenida 15 de Agosto;5/6/2022;-69.194638