CÓDIGO SINIESTRO;HORA SINIESTRO;CLASE SINIESTRO;CANTIDAD DE FALLECIDOS;CANTIDAD DE LESIONADOS;CANTIDAD DE VEHICULOS DAÑADOS;DEPARTAMENTO;PROVINCIA;DISTRITO;ZONA;TIPO DE VÍA;RED VIAL;COD CARRETERA;COORDENADAS LATITUD;CONDICIÓN CLIMÁTICA;ZONIFICACIÓN;CARACTERÍSTICAS DE VÍA;PERFIL LONGITUDINAL VÍA;SUPERFICIE DE CALZADA;¿EXISTE SEÑAL VERTICAL?;CLASIFICACIÓN DE LA SEÑAL VERTICAL Nº 1;CLASIFICACIÓN DE LA SEÑAL VERTICAL Nº 2;¿EXISTE SEÑAL HORIZONTAL?;CAUSA FACTOR PRINCIPAL;CAUSA ESPECÍFICA;UBICACION;FECHA SINIESTRO;COORDENADAS LONGITUD
A-2022-06-38;20:00.0;ATROPELLO FUGA;1;1;1;AREQUIPA;AREQUIPA;JACOBO HUNTER;URBANA;CARRETERA;PROVINCIAL;AR-796;-16.460249;DESPEJADO;RESIDENCIAL;TRAMO RECTO;PLANA ;ASFALTADA;NO;NULL;NULL;SI;EN PROCESO DE INVESTIGACIÓN;NO CUENTA CON CAUSA ESPECIFICA;Calle 4;5/6/2022;-71.556444
A-2022-06-236;30:00.0;DESPISTE;1;1;1;HUANCAVELICA;ACOBAMBA;ANDABAMBA;RURAL;CARRETERA;DEPARTAMENTAL;HV-106;-12.70278;DESPEJADO;RURAL;CURVA;PLANA ;TROCHA;NULL;NULL;NULL;NULL;NEGLIGENCIA DEL CONDUCTOR;CONDUCIR CON FALLAS DE FRENOS;HV-106;5/6/2022;-74.640874
A-2022-06-10;18:00.0;CHOQUE;1;0;2;PUNO;EL COLLAO;ILAVE;RURAL;CARRETERA;NACIONAL;PE-3S;-16.074939;DESPEJADO;RURAL;TRAMO RECTO;PLANA ;ASFALTADA;NULL;NULL;NULL;NULL;IMPRUDENCIA DEL CONDUCTOR;INVASIÓN DE CARRIL;Carretera Longitudinal de la Sierra Sur;5/6/2022;-69.66524
A-2022-06-238;30:00.0;CHOQUE;2;1;1;PIURA;PIURA;VEINTISEIS DE OCTUBRE;RURAL;CARRETERA;NACIONAL;PE-1N;-5.126459;DESPEJADO;RURAL;TRAMO RECTO;PLANA ;ASFALTADA;NULL;NULL;NULL;NULL;IMPRUDENCIA DEL CONDUCTOR;EXCESO DE VELOCIDAD;Carretera Panamericana Norte;6/6/2022;-80.700992
A-2022-06-37;45:00.0;CHOQUE;1;1;2;TUMBES;CONTRALMIRANTE VILLAR;CANOAS DE PUNTA SAL;RURAL;CARRETERA;NACIONAL;PE-1N;-4.100703;DESPEJADO;RURAL;CURVA;INCLINADA;ASFALTADA;SI;PREVENTIVA (P);REGULADORA (R);NO;IMPRUDENCIA DEL CONDUCTOR;CONDUCIR EN SENTIDO CONTRARIO;Valle de Fernández;6/6/2022;-81.028499
A-2022-06-264;15:00.0;ATROPELLO;1;0;NULL;LIMA;LIMA;SANTIAGO DE SURCO;URBANA;AVENIDA;URBANO;NO CORRESPONDE;-12.131478;NULL;NULL;NULL;NULL;NULL;NULL;NULL;NULL;NULL;EN PROCESO DE INVESTIGACIÓN;NO CUENTA CON CAUSA ESPECIFICA;Avenida Santiago de Surco;6/6/2022;-76.999405
A-2022-06-214;45:00.0;ATROPELLO;1;0;NULL;LIMA;LIMA;SAN JUAN DE LURIGANCHO;RURAL;CARRETERA;PROVINCIAL;LM-711;-11.883624;DESPEJADO;RURAL;TRAMO RECTO;PLANA ;ASFALTADA;NULL;NULL;NULL;NULL;EN PROCESO DE INVESTIGACIÓN;NO CUENTA CON CAUSA ESPECIFICA;Avenida el Valle;6/6/2022;-76.955034
A-2022-06-176;51:00.0;VOLCADURA;2;0;NULL;APURIMAC;GRAU;MICAELA BASTIDAS;RURAL;CARRETERA;NACIONAL;PE-3SF;-14.082098;NULL;NULL;NULL;NULL;NULL;NULL;NULL;NULL;NULL;EN PROCESO DE INVESTIGACIÓN;NO CUENTA CON CAUSA ESPECIFICA;PE-3SF;6/6/2022;-72.617683
A-2022-06-223;30:00.0;ATROPELLO FUGA;1;0;NULL;JUNIN;YAULI;LA OROYA;RURAL;CARRETERA;NACIONAL;PE-22;-11.58366;DESPEJADO;RURAL;TRAMO RECTO;PLANA ;ASFALTADA;NULL;NULL;NULL;NULL;EN PROCESO DE INVESTIGACIÓN;NO CUENTA CON CAUSA ESPECIFICA;Carretera Central;7/6/2022;-75.95685
A-2022-06-17;20:00.0;CHOQUE CON OBJETO FIJO;1;1;1;AREQUIPA;AREQUIPA;SACHACA;URBANA;CARRETERA;NACIONAL;PE-34C;-16.408497;DESPEJADO;COMERCIAL;TRAMO RECTO;PLANA ;ASFALTADA;SI;REGULADORA (R);PREVENTIVA (P);SI;EN PROCESO DE INVESTIGACIÓN;NO CUENTA CON CAUSA ESPECIFICA;Variante Uchumayo;7/6/2022;-71.559893
A-2022-06-172;45:00.0;CHOQUE;3;1;NULL;ANCASH;CASMA;CASMA;RURAL;CARRETERA;NACIONAL;PE-1N;-9.730268;DESPEJADO;RURAL;CURVA;PLANA ;ASFALTADA;NO;NULL;NULL;SI;EN PROCESO DE INVESTIGACIÓN;NO CUENTA CON CAUSA ESPECIFICA;Panamericana Norte;7/6/2022;-78.263684
A-2022-06-18;45:00.0;CHOQUE;1;1;2;LA LIBERTAD;TRUJILLO;TRUJILLO;URBANA;AVENIDA;URBANO;NO CORRESPONDE;-8.091642;DESPEJADO;INDUSTRIAL;INTERSECCIÓN;PLANA ;ASFALTADA;NULL;NULL;NULL;NULL;IMPRUDENCIA DEL CONDUCTOR;DESACATO DE SEÑAL DE TRÁNSITO;Avenida Indoamerica;7/6/2022;-79.040555
A-2022-06-234;30:00.0;CHOQUE;1;0;2;PIURA;PIURA;CATACAOS;URBANA;CARRETERA;PROVINCIAL;PI-1020;-5.231584;DESPEJADO;COMERCIAL;TRAMO RECTO;PLANA ;ASFALTADA;NULL;NULL;NULL;NULL;IMPRUDENCIA DEL CONDUCTOR;EXCESO DE VELOCIDAD;PI-1020;7/6/2022;-80.657914
A-2022-06-57;41:00.0;CHOQUE;1;0;2;CUSCO;QUISPICANCHI;CAMANTI;RURAL;CARRETERA;NACIONAL;PE-30C;-13.239107;DESPEJADO;COMERCIAL;TRAMO RECTO;PLANA ;ASFALTADA;SI;PREVENTIVA (P);NULL;SI;IMPRUDENCIA DEL CONDUCTOR;CONDUCIR EN ESTADO DE EBRIEDAD Y/O DROGADICCIÓN;Interoceanica Sur;7/6/2022;-70.76982
A-2022-06-94;30:00.0;ATROPELLO;1;0;1;CALLAO;CALLAO;CALLAO;URBANA;CARRETERA;NACIONAL;PE-20;-12.03166;DESPEJADO;INDUSTRIAL;TRAMO RECTO;PLANA ;ASFALTADA;SI;PREVENTIVA (P);REGULADORA (R);SI;IMPRUDENCIA DEL PEATÓN;CRUCE INDEBIDO POR LA CALZADA;Avenida Coronel Nestor Gambetta;7/6/2022;-77.127419
A-2022-06-11;50:00.0;CHOQUE;1;0;NULL;PUNO;PUNO;PUNO;RURAL;CARRETERA;NACIONAL;PE-3S;-15.781645;DESPEJADO;RURAL;TRAMO RECTO;PLANA ;ASFALTADA;NULL;NULL;NULL;NULL;IMPRUDENCIA DEL CONDUCTOR;OTRO (IMPRUDENCIA DEL CONDUCTOR);Carretera Longitudinal de la Sierra Sur;7/6/2022;-70.032327
A-2022-06-213;45:00.0;DESPISTE;1;1;NULL;LIMA;LIMA;CIENEGUILLA;URBANA;CARRETERA;DEPARTAMENTAL;LM-117;-12.100449;DESPEJADO;RURAL;TRAMO RECTO;PLANA ;ASFALTADA;NULL;NULL;NULL;NULL;EN PROCESO DE INVESTIGACIÓN;NO CUENTA CON CAUSA ESPECIFICA;Avenida Nueva Toledo;7/6/2022;-76.792255
A-2022-06-19;00:00.0;ATROPELLO;1;0;1;LA LIBERTAD;TRUJILLO;TRUJILLO;URBANA;AVENIDA;URBANO;NO CORRESPONDE;-8.12523;DESPEJADO;COMERCIAL;INTERSECCIÓN;PLANA ;ASFALTADA;NULL;NULL;NULL;NULL;EN PROCESO DE INVESTIGACIÓN;NO CUENTA CON CAUSA ESPECIFICA;Avenida América Sur;8/6/2022;-79.025426
A-2022-06-12;00:00.0;VOLCADURA;1;0;1;PUNO;PUNO;PUNO;URBANA;AVENIDA;URBANO;NO CORRESPONDE;-15.8843;DESPEJADO;RURAL;PUENTE;INCLINADA;CASCAJO/RIPIO;NULL;NULL;NULL;NULL;IMPRUDENCIA DEL CONDUCTOR;EXCESO DE VELOCIDAD;Jayllihuaya;8/6/2022;-69.972199
A-2022-06-20;40:00.0;DESPISTE;1;0;1;LA LIBERTAD;ASCOPE;RAZURI;RURAL;CARRETERA;NACIONAL;PE-1N;-7.574973;DESPEJADO;RURAL;TRAMO RECTO;PLANA ;ASFALTADA;NULL;NULL;NULL;NULL;EN PROCESO DE INVESTIGACIÓN;NO CUENTA CON CAUSA ESPECIFICA;Carretera Panamericana Norte;8/6/2022;-79.369921
A-2022-06-30;20:00.0;DESPISTE;1;10;1;ANCASH;POMABAMBA;POMABAMBA;RURAL;CARRETERA;PROVINCIAL;AN-585;-8.706511;DESPEJADO;RURAL;SINUOSA;PLANA ;AFIRMADO;NULL;NULL;NULL;NULL;EN PROCESO DE INVESTIGACIÓN;NO CUENTA CON CAUSA ESPECIFICA;AN-585;8/6/2022;-77.499533
A-2022-06-258;30:00.0;ATROPELLO;1;0;1;LIMA;HUARAL;HUARAL;URBANA;CARRETERA;NACIONAL;PE-1NB;-11.503774;DESPEJADO;COMERCIAL;TRAMO RECTO;PLANA ;ASFALTADA;NULL;NULL;NULL;NULL;IMPRUDENCIA DEL PEATÓN;ESTADO DE EBRIEDAD Y/O DROGADICCIÓN;Carretera Chancay - Huaral;8/6/2022;-77.229445
A-2022-06-72;00:00.0;ATROPELLO FUGA;1;0;NULL;CUSCO;ESPINAR;ESPINAR;RURAL;CARRETERA;NACIONAL;PE-34F;-14.772371;DESPEJADO;RURAL;TRAMO RECTO;PLANA ;ASFALTADA;NULL;NULL;NULL;NULL;IMPRUDENCIA DEL PEATÓN;ESTADO DE EBRIEDAD Y/O DROGADICCIÓN;Cruz Cunca;8/6/2022;-71.390948
A-2022-06-62;00:00.0;DESPISTE;1;1;1;CUSCO;CALCA;SAN SALVADOR;RURAL;CARRETERA;NACIONAL;PE-28B;-13.501943;DESPEJADO;RURAL;TRAMO RECTO;PLANA ;ASFALTADA;SI;PREVENTIVA (P);NULL;SI;IMPRUDENCIA DEL CONDUCTOR;EXCESO DE VELOCIDAD;PE-28B;9/6/2022;-71.771753
A-2022-06-212;30:00.0;CHOQUE;1;1;NULL;LIMA;LIMA;LA VICTORIA;URBANA;AVENIDA;URBANO;NO CORRESPONDE;-12.065613;DESPEJADO;COMERCIAL;TRAMO RECTO;PLANA ;ASFALTADA;NULL;NULL;NULL;NULL;EN PROCESO DE INVESTIGACIÓN;NO CUENTA CON CAUSA ESPECIFICA;Avenida México;9/6/2022;-77.004418
A-2022-06-21;20:00.0;ATROPELLO;1;0;1;LA LIBERTAD;VIRU;VIRU;RURAL;CARRETERA;NACIONAL;PE-1N;-8.382137;DESPEJADO;RURAL;TRAMO RECTO;PLANA ;ASFALTADA;NULL;NULL;NULL;NULL;IMPRUDENCIA DEL PEATÓN;USO DE DISPOSITIVOS MÓVILES Y/O ELECTRÓNICOS;Panamericana Norte;9/6/2022;-78.856709
A-2022-06-164;10:00.0;CHOQUE;1;1;1;HUANUCO;MARAÑON;LA MORADA;RURAL;CARRETERA;PROVINCIAL;HU-518;-8.753582;DESPEJADO;RURAL;TRAMO RECTO;PLANA ;AFIRMADO;NULL;NULL;NULL;NULL;IMPRUDENCIA DEL CONDUCTOR;EXCESO DE VELOCIDAD;HU-518;9/6/2022;-76.264304
A-2022-06-22;20:00.0;CHOQUE;1;0;2;LA LIBERTAD;CHEPEN;PACANGA;RURAL;CARRETERA;NACIONAL;PE-1N;-7.183863;DESPEJADO;RURAL;TRAMO RECTO;PLANA ;ASFALTADA;NULL;NULL;NULL;NULL;IMPRUDENCIA DEL CONDUCTOR;INVASIÓN DE CARRIL;Carretera Panamericana Norte;10/6/2022;-79.43292
A-2022-06-23;00:00.0;DESPISTE;1;0;NULL;HUANCAVELICA;HUAYTARA;HUAYTARA;URBANA;CARRETERA;NACIONAL;PE-28A;-13.562104;DESPEJADO;RURAL;TRAMO RECTO;PLANA ;ASFALTADA;NULL;NULL;NULL;NULL;EN PROCESO DE INVESTIGACIÓN;NO CUENTA CON CAUSA ESPECIFICA;Vía de los Libertadores;10/6/2022;-75.242429
A-2022-06-242;35:00.0;CHOQUE;1;0;2;PIURA;SULLANA;SULLANA;URBANA;CARRETERA;NACIONAL;PE-1NL;-4.913426;DESPEJADO;RURAL;TRAMO RECTO;PLANA ;ASFALTADA;NULL;NULL;NULL;NULL;IMPRUDENCIA DEL CONDUCTOR;OTRO (IMPRUDENCIA DEL CONDUCTOR);Vía Periférica Sur;10/6/2022;-80.672232
A-2022-06-115;30:00.0;ATROPELLO FUGA;1;0;0;PUNO;HUANCANE;HUANCANE;RURAL;CARRETERA;DEPARTAMENTAL;PU-114;-15.17442;DESPEJADO;RURAL;TRAMO RECTO;PLANA ;ASFALTADA;NULL;NULL;NULL;NULL;EN PROCESO DE INVESTIGACIÓN;NO CUENTA CON CAUSA ESPECIFICA;PU-114;10/6/2022;-69.857163
A-2022-06-66;40:00.0;DESPISTE;1;0;1;CUSCO;ANTA;CHINCHAYPUJIO;RURAL;CARRETERA;NACIONAL;PE-3SF;-13.689747;DESPEJADO;RURAL;CURVA;INCLINADA;ASFALTADA;SI;PREVENTIVA (P);NULL;NO;IMPRUDENCIA DEL CONDUCTOR;CONDUCIR EN ESTADO DE EBRIEDAD Y/O DROGADICCIÓN;PE-3SF;11/6/2022;-72.32145
A-2022-06-116;00:00.0;DESPISTE;1;3;1;PUNO;CARABAYA;OLLACHEA;RURAL;CARRETERA;NACIONAL;PE-34B;-13.729719;DESPEJADO;RURAL;TRAMO RECTO;PLANA ;ASFALTADA;NULL;NULL;NULL;NULL;INFRAESTRUCTURA Y ENTORNO VIAL;OTRO (INFRAESTRUCTURA Y ENTORNO VIAL);Carretera Interoceánica Puno - Madre de Dios;11/6/2022;-70.462468
A-2022-06-220;30:00.0;CHOQUE;1;0;2;PASCO;PASCO;TINYAHUARCO;RURAL;CARRETERA;NACIONAL;PE-3N;-10.76785;DESPEJADO;RURAL;TRAMO RECTO;PLANA ;ASFALTADA;NULL;NULL;NULL;NULL;IMPRUDENCIA DEL CONDUCTOR;CONDUCIR EN SENTIDO CONTRARIO;Carretera Longitudinal de la Sierra Norte;11/6/2022;-76.252321
A-2022-06-14;10:00.0;ATROPELLO;1;0;NULL;PUNO;EL COLLAO;ILAVE;RURAL;CARRETERA;NACIONAL;PE-38A;-16.098931;NULL;NULL;NULL;NULL;NULL;NULL;NULL;NULL;NULL;EN PROCESO DE INVESTIGACIÓN;NO CUENTA CON CAUSA ESPECIFICA;Carretera Mazocruz - Ilave;11/6/2022;-69.637053
A-2022-06-241;25:00.0;ATROPELLO;1;0;1;ICA;CHINCHA;GROCIO PRADO;RURAL;CARRETERA;NACIONAL;PE-1S;-13.357459;DESPEJADO;RURAL;TRAMO RECTO;PLANA ;ASFALTADA;NULL;NULL;NULL;NULL;IMPRUDENCIA DEL PEATÓN;CRUCE INDEBIDO POR LA CALZADA;Carretera Panamericana Sur;11/6/2022;-76.218874
A-2022-06-32;30:00.0;DESPISTE;2;21;1;ANCASH;BOLOGNESI;CAJACAY;RURAL;CARRETERA;NACIONAL;PE-16;-10.155781;DESPEJADO;RURAL;SINUOSA;PLANA ;CONCRETO;NULL;NULL;NULL;NULL;EN PROCESO DE INVESTIGACIÓN;NO CUENTA CON CAUSA ESPECIFICA;Carretera a Huaraz;11/6/2022;-77.354372
A-2022-06-44;00:00.0;CHOQUE;3;9;2;AREQUIPA;CAYLLOMA;SAN ANTONIO DE CHUCA;RURAL;CARRETERA;NACIONAL;PE-34A;-15.987974;DESPEJADO;RURAL;TRAMO RECTO;PLANA ;ASFALTADA;NO;NULL;NULL;SI;EN PROCESO DE INVESTIGACIÓN;NO CUENTA CON CAUSA ESPECIFICA;Vía Interoceánica Sur - Tramo 5;12/6/2022;-71.25302
A-2022-06-45;35:00.0;ATROPELLO;1;0;1;AREQUIPA;AREQUIPA;JOSE LUIS BUSTAMANTE Y RIVERO;URBANA;AVENIDA;URBANO;NO CORRESPONDE;-16.427276;SOLEADO;COMERCIAL;TRAMO RECTO;PLANA ;ASFALTADA;NO;NULL;NULL;SI;EN PROCESO DE INVESTIGACIÓN;NO CUENTA CON CAUSA ESPECIFICA;Avenida Perú;12/6/2022;-71.533219
A-2022-06-34;30:00.0;CHOQUE;1;1;2;ICA;ICA;ICA;URBANA;CALLE;URBANO;NO CORRESPONDE;-14.064445;DESPEJADO;ESCOLAR;INTERSECCIÓN;PLANA ;ASFALTADA;NULL;NULL;NULL;NULL;EN PROCESO DE INVESTIGACIÓN;NO CUENTA CON CAUSA ESPECIFICA;Fermín Tangüis;12/6/2022;-75.736831
A-2022-06-69;00:00.0;CHOQUE;1;0;2;LAMBAYEQUE;LAMBAYEQUE;MORROPE;RURAL;CARRETERA;NACIONAL;PE-1N;-6.554602;DESPEJADO;RURAL;TRAMO RECTO;PLANA ;ASFALTADA;NULL;NULL;NULL;NULL;EN PROCESO DE INVESTIGACIÓN;NO CUENTA CON CAUSA ESPECIFICA;Carretera Panamericana Norte;13/6/2022;-80.004406
A-2022-06-79;10:00.0;ATROPELLO;1;1;NULL;LAMBAYEQUE;CHICLAYO;LA VICTORIA;URBANA;AVENIDA;URBANO;NO CORRESPONDE;-6.796333;SOLEADO;RESIDENCIAL;TRAMO RECTO;PLANA ;ASFALTADA;NULL;NULL;NULL;NULL;EN PROCESO DE INVESTIGACIÓN;NO CUENTA CON CAUSA ESPECIFICA;Avenida Los Incas;13/6/2022;-79.840322
A-2022-06-75;58:00.0;ATROPELLO;1;0;1;LAMBAYEQUE;CHICLAYO;JOSE LEONARDO ORTIZ;URBANA;CARRETERA;DEPARTAMENTAL;LA-110;-6.745795;DESPEJADO;RESIDENCIAL;TRAMO RECTO;PLANA ;ASFALTADA;NULL;NULL;NULL;NULL;EN PROCESO DE INVESTIGACIÓN;NO CUENTA CON CAUSA ESPECIFICA;Avenida Chiclayo;13/6/2022;-79.837689
A-2022-06-237;00:00.0;ATROPELLO FUGA;1;0;1;PIURA;PIURA;VEINTISEIS DE OCTUBRE;RURAL;CARRETERA;NACIONAL;PE-1N;-5.154443;DESPEJADO;RURAL;TRAMO RECTO;PLANA ;ASFALTADA;NULL;NULL;NULL;NULL;IMPRUDENCIA DEL CONDUCTOR;EXCESO DE VELOCIDAD;Carretera Panamericana Norte;13/6/2022;-80.694879
A-2022-06-50;00:00.0;DESPISTE;1;0;1;CUSCO;URUBAMBA;MARAS;URBANA;CARRETERA;NACIONAL;PE-28B;-13.280889;DESPEJADO;RURAL;TRAMO RECTO;PLANA ;ASFALTADA;SI;PREVENTIVA (P);NULL;SI;IMPRUDENCIA DEL CONDUCTOR;CONDUCIR EN ESTADO DE EBRIEDAD Y/O DROGADICCIÓN;PE-28B;13/6/2022;-72.204402
A-2022-06-145;30:00.0;CHOQUE;1;0;NULL;PIURA;MORROPON;CHULUCANAS;RURAL;CARRETERA;NACIONAL;PE-1NS;-5.115703;NULL;NULL;NULL;NULL;NULL;NULL;NULL;NULL;NULL;EN PROCESO DE INVESTIGACIÓN;NO CUENTA CON CAUSA ESPECIFICA;PE-1NS;14/6/2022;-80.172681
A-2022-06-181;00:00.0;ATROPELLO;1;0;NULL;UCAYALI;CORONEL PORTILLO;YARINACOCHA;RURAL;CARRETERA;DEPARTAMENTAL;UC-103;-8.25444;SOLEADO;RURAL;TRAMO RECTO;PLANA ;AFIRMADO;NULL;NULL;NULL;NULL;IMPRUDENCIA DEL PEATÓN;OTRO (IMPRUDENCIA DEL PEATÓN);Nueva Esperanza de Panaillo;14/6/2022;-74.659979
A-2022-06-252;00:00.0;CHOQUE FUGA;2;1;NULL;MADRE DE DIOS;TAMBOPATA;LAS PIEDRAS;RURAL;CARRETERA;NACIONAL;PE-30C;-12.462089;DESPEJADO;RURAL;TRAMO RECTO;PLANA ;ASFALTADA;NULL;NULL;NULL;NULL;IMPRUDENCIA DEL CONDUCTOR;EXCESO DE VELOCIDAD;Transoceánica;14/6/2022;-69.139226
A-2022-06-177;45:00.0;CHOQUE;3;2;1;HUANUCO;AMBO;SAN RAFAEL;RURAL;CARRETERA;NACIONAL;PE-3N;-10.348741;SOLEADO;RURAL;CURVA;PLANA ;ASFALTADA;NULL;NULL;NULL;NULL;IMPRUDENCIA DEL CONDUCTOR;INVASIÓN DE CARRIL;Carretera Longitudinal de la Sierra Norte;15/6/2022;-76.181179
A-2022-06-117;00:00.0;DESPISTE;1;1;1;CAJAMARCA;SANTA CRUZ;SAUCEPAMPA;RURAL;CARRETERA;PROVINCIAL;CA-875;-6.688874;DESPEJADO;RURAL;TRAMO RECTO;PLANA ;AFIRMADO;NULL;NULL;NULL;NULL;EN PROCESO DE INVESTIGACIÓN;NO CUENTA CON CAUSA ESPECIFICA;Saucepampa;15/6/2022;-78.919848
A-2022-06-259;28:00.0;ATROPELLO;1;0;2;LIMA;HUARAL;CHANCAY;RURAL;CARRETERA;NACIONAL;PE-1N;-11.458679;DESPEJADO;RURAL;TRAMO RECTO;PLANA ;ASFALTADA;NULL;NULL;NULL;NULL;IMPRUDENCIA DEL PEATÓN;CRUCE INDEBIDO POR LA CALZADA;Carretera Panamericana Norte;15/6/2022;-77.318752
A-2024-05-41;00:00.0;ATROPELLO;1;0;1;LA LIBERTAD;TRUJILLO;TRUJILLO;URBANA;AVENIDA;URBANO;NO CORRESPONDE;-8.09347;DESPEJADO;COMERCIAL;TRAMO RECTO;PLANA ;ASFALTADA;NULL;NULL;NULL;NULL;EN PROCESO DE INVESTIGACIÓN;NO CUENTA CON CAUSA ESPECIFICA;Avenida Federico Villarreal;20/5/2024;-79.026866
A-2024-05-112;00:00.0;CHOQUE;1;0;2;CAJAMARCA;CAJAMARCA;CAJAMARCA;URBANA;AVENIDA;URBANO;NO CORRESPONDE;-7.16913;DESPEJADO;COMERCIAL;TRAMO RECTO;PLANA ;CONCRETO;NULL;NULL;NULL;NULL;IMPRUDENCIA DEL CONDUCTOR;EXCESO DE VELOCIDAD;Pasaje San Antonio;20/5/2024;-78.503771
A-2024-05-42;00:00.0;DESPISTE;1;0;1;LA LIBERTAD;TRUJILLO;HUANCHACO;URBANA;AVENIDA;URBANO;NO CORRESPONDE;-8.040738;DESPEJADO;COMERCIAL;TRAMO RECTO;PLANA ;ASFALTADA;NULL;NULL;NULL;NULL;IMPRUDENCIA DEL CONDUCTOR;CONDUCIR EN SENTIDO CONTRARIO;Calle Cápac Yupanqui;21/5/2024;-79.059352
A-2024-05-147;30:00.0;CHOQUE;1;0;NULL;LIMA;LIMA;SAN MARTIN DE PORRES;URBANA;CARRETERA;NACIONAL;PE-1N;-12.035766;DESPEJADO;COMERCIAL;CURVA;INCLINADA;ASFALTADA;SI;PREVENTIVA (P);NULL;NO;IMPRUDENCIA DEL CONDUCTOR;OTRO (IMPRUDENCIA DEL CONDUCTOR);Avenida Héctor García Ribeyro;21/5/2024;-77.044773
A-2024-05-92;00:00.0;DESPISTE;1;0;NULL;ICA;PISCO;PARACAS;RURAL;PLAYA;URBANO;NO CORRESPONDE;-14.052459;DESPEJADO;RURAL;OTRO;PLANA ;TROCHA;NULL;NULL;NULL;NULL;EN PROCESO DE INVESTIGACIÓN;NO CUENTA CON CAUSA ESPECIFICA;Paracas;22/5/2024;-76.261076
A-2024-05-82;30:00.0;ATROPELLO;1;0;1;CUSCO;URUBAMBA;URUBAMBA;URBANA;CALLE;URBANO;NO CORRESPONDE;-13.303568;DESPEJADO;RESIDENCIAL;TRAMO RECTO;PLANA ;CONCRETO;NULL;NULL;NULL;NULL;IMPRUDENCIA DEL PEATÓN;CRUCE INDEBIDO POR LA CALZADA;Qotowincho;22/5/2024;-72.131051
A-2024-05-133;00:00.0;ATROPELLO;1;0;NULL;LIMA;LIMA;INDEPENDENCIA;URBANA;AVENIDA;URBANO;NO CORRESPONDE;-11.977677;DESPEJADO;RESIDENCIAL;INTERSECCIÓN;PLANA ;ASFALTADA;NULL;NULL;NULL;NULL;EN PROCESO DE INVESTIGACIÓN;NO CUENTA CON CAUSA ESPECIFICA;Avenida Chinchaysuyo;22/5/2024;-77.050099
A-2024-05-20;21:00.0;CHOQUE;1;1;2;PUNO;EL COLLAO;ILAVE;URBANA;CARRETERA;NACIONAL;PE-3S;-16.091724;DESPEJADO;RURAL;TRAMO RECTO;PLANA ;ASFALTADA;NULL;NULL;NULL;NULL;IMPRUDENCIA DEL CONDUCTOR;OTRO (IMPRUDENCIA DEL CONDUCTOR);Carretera Longitudinal de la Sierra Sur;22/5/2024;-69.632402
A-2024-05-59;30:00.0;DESPISTE;1;4;1;AYACUCHO;CANGALLO;MARIA PARADO DE BELLIDO;RURAL;CARRETERA;NACIONAL;PE-30D;-13.623384;DESPEJADO;RURAL;CURVA;INCLINADA;AFIRMADO;NULL;NULL;NULL;NULL;IMPRUDENCIA DEL CONDUCTOR;CONDUCIR EN ESTADO DE EBRIEDAD Y/O DROGADICCIÓN;PE-30D;22/5/2024;-74.269101
A-2024-05-93;20:00.0;ATROPELLO;1;0;NULL;ICA;PISCO;SAN CLEMENTE;RURAL;CARRETERA;NACIONAL;PE-1SE;-13.612964;DESPEJADO;RURAL;TRAMO RECTO;PLANA ;ASFALTADA;NULL;NULL;NULL;NULL;IMPRUDENCIA DEL PEATÓN;CRUCE INDEBIDO POR LA CALZADA;Carretera Panamericana Sur;23/5/2024;-76.1687
A-2024-05-148;30:00.0;CHOQUE FUGA;1;0;NULL;LIMA;LIMA;LOS OLIVOS;URBANA;CARRETERA;NACIONAL;PE-1N;-11.959309;DESPEJADO;RESIDENCIAL;TRAMO RECTO;PLANA ;ASFALTADA;SI;REGULADORA (R);NULL;NO;EN PROCESO DE INVESTIGACIÓN;NO CUENTA CON CAUSA ESPECIFICA;Avenida Panamericana Norte;24/5/2024;-77.068801
A-2024-05-43;30:00.0;DESPISTE;1;0;1;LA LIBERTAD;PATAZ;TAYABAMBA;RURAL;CARRETERA;NACIONAL;PE-10C;-8.331425;DESPEJADO;RURAL;TRAMO RECTO;PLANA ;TROCHA;NULL;NULL;NULL;NULL;EN PROCESO DE INVESTIGACIÓN;NO CUENTA CON CAUSA ESPECIFICA;PE-10C;24/5/2024;-77.250913
A-2024-05-54;00:00.0;CHOQUE;2;0;NULL;AREQUIPA;ISLAY;DEAN VALDIVIA;RURAL;CARRETERA;NACIONAL;PE-1SD;-17.133403;SOLEADO;RURAL;TRAMO RECTO;PLANA ;ASFALTADA;NO;NULL;NULL;SI;EN PROCESO DE INVESTIGACIÓN;NO CUENTA CON CAUSA ESPECIFICA;Carretera Costanera Sur;24/5/2024;-71.856379
A-2024-05-134;30:00.0;ATROPELLO FUGA;1;0;NULL;LIMA;LIMA;LOS OLIVOS;URBANA;AVENIDA;URBANO;NO CORRESPONDE;-11.953147;DESPEJADO;COMERCIAL;INTERSECCIÓN;PLANA ;ASFALTADA;NULL;NULL;NULL;NULL;EN PROCESO DE INVESTIGACIÓN;NO CUENTA CON CAUSA ESPECIFICA;Avenida Alfredo Mendiola;24/5/2024;-77.069645