CÓDIGO SINIESTRO;HORA SINIESTRO;CLASE SINIESTRO;CANTIDAD DE FALLECIDOS;CANTIDAD DE LESIONADOS;CANTIDAD DE VEHICULOS DAÑADOS;DEPARTAMENTO;PROVINCIA;DISTRITO;ZONA;TIPO DE VÍA;RED VIAL;COD CARRETERA;COORDENADAS LATITUD;CONDICIÓN CLIMÁTICA;ZONIFICACIÓN;CARACTERÍSTICAS DE VÍA;PERFIL LONGITUDINAL VÍA;SUPERFICIE DE CALZADA;¿EXISTE SEÑAL VERTICAL?;CLASIFICACIÓN DE LA SEÑAL VERTICAL Nº 1;CLASIFICACIÓN DE LA SEÑAL VERTICAL Nº 2;¿EXISTE SEÑAL HORIZONTAL?;CAUSA FACTOR PRINCIPAL;CAUSA ESPECÍFICA;UBICACION;FECHA SINIESTRO;COORDENADAS LONGITUD
A-2024-05-50;17:00.0;DESPISTE;1;0;1;TUMBES;CONTRALMIRANTE VILLAR;CANOAS DE PUNTA SAL;RURAL;CARRETERA;NACIONAL;PE-1N;-3.976006;DESPEJADO;RURAL;TRAMO RECTO;PLANA ;ASFALTADA;NULL;NULL;NULL;NULL;IMPRUDENCIA DEL CONDUCTOR;OTRO (IMPRUDENCIA DEL CONDUCTOR);Carretera Panamericana Norte;25/5/2024;-80.952576
A-2024-05-55;00:00.0;CHOQUE;1;2;2;AREQUIPA;AREQUIPA;PAUCARPATA;URBANA;CARRETERA;NACIONAL;PE-34C;-16.424584;DESPEJADO;RESIDENCIAL;INTERSECCIÓN;PLANA ;ASFALTADA;NULL;NULL;NULL;NULL;EN PROCESO DE INVESTIGACIÓN;NO CUENTA CON CAUSA ESPECIFICA;Paucarpata;25/5/2024;-71.505872
A-2024-05-70;30:00.0;DESPISTE;3;4;1;CUSCO;ANTA;ANTA;RURAL;CARRETERA;NACIONAL;PE-3SF;-13.542062;DESPEJADO;RURAL;CURVA;PLANA ;ASFALTADA;NULL;NULL;NULL;NULL;NEGLIGENCIA DEL CONDUCTOR;ABANDONO DE OBJETOS EN LA VÍA;PE-3SF;26/5/2024;-72.194637
A-2024-05-149;30:00.0;CHOQUE;1;1;NULL;LIMA;LIMA;LURIGANCHO;URBANA;CARRETERA;NACIONAL;PE-22;-12.021266;DESPEJADO;INDUSTRIAL;CURVA;PLANA ;ASFALTADA;NULL;NULL;NULL;NULL;EN PROCESO DE INVESTIGACIÓN;NO CUENTA CON CAUSA ESPECIFICA;Autopista Ramiro Prialé;26/5/2024;-76.930176
A-2024-05-28;30:00.0;ATROPELLO;1;0;1;LIMA;HUAURA;HUACHO;URBANA;CARRETERA;PROVINCIAL;LM-657;-11.123796;DESPEJADO;RESIDENCIAL;TRAMO RECTO;PLANA ;ASFALTADA;NULL;NULL;NULL;NULL;IMPRUDENCIA DEL CONDUCTOR;OTRO (IMPRUDENCIA DEL CONDUCTOR);Avenida Mercedes Indacochea Lozano;26/5/2024;-77.610469
A-2024-05-63;31:00.0;DESPISTE;1;0;1;CUSCO;PAUCARTAMBO;PAUCARTAMBO;RURAL;CARRETERA;DEPARTAMENTAL;CU-116;-13.44427;DESPEJADO;RURAL;CURVA;PLANA ;TROCHA;NULL;NULL;NULL;NULL;IMPRUDENCIA DEL CONDUCTOR;FATIGA Y/O CANSANCIO;CU-116;26/5/2024;-71.474343
A-2024-05-73;41:00.0;CHOQUE;1;0;1;CUSCO;ANTA;ANTA;RURAL;CARRETERA;DEPARTAMENTAL;CU-111;-13.450167;DESPEJADO;RURAL;CURVA;PLANA ;ASFALTADA;SI;REGULADORA (R);REGULADORA (R);SI;IMPRUDENCIA DEL CONDUCTOR;EXCESO DE VELOCIDAD;Avenida Los Andes;26/5/2024;-72.145675
A-2024-05-77;00:00.0;CHOQUE;1;6;2;CUSCO;QUISPICANCHI;URCOS;RURAL;CARRETERA;NACIONAL;PE-30C;-13.660308;DESPEJADO;RURAL;TRAMO RECTO;PLANA ;ASFALTADA;SI;PREVENTIVA (P);PREVENTIVA (P);SI;IMPERICIA DEL CONDUCTOR;NULL;Carretera Interocéanica Sur;26/5/2024;-71.591075
A-2024-05-98;00:00.0;CHOQUE;1;1;2;AMAZONAS;CHACHAPOYAS;CHACHAPOYAS;URBANA;CARRETERA;DEPARTAMENTAL;AM-110;-6.244095;LLUVIOSO;RURAL;TRAMO RECTO;PLANA ;AFIRMADO;NULL;NULL;NULL;NULL;EN PROCESO DE INVESTIGACIÓN;NO CUENTA CON CAUSA ESPECIFICA;AM-110;26/5/2024;-77.85522
A-2024-05-87;00:00.0;DESPISTE;1;0;1;CUSCO;PAUCARTAMBO;PAUCARTAMBO;RURAL;CARRETERA;DEPARTAMENTAL;CU-113;-13.298784;DESPEJADO;RURAL;TRAMO RECTO;PLANA ;AFIRMADO;NULL;NULL;NULL;NULL;IMPRUDENCIA DEL CONDUCTOR;FATIGA Y/O CANSANCIO;CU-113;26/5/2024;-71.596764
A-2024-05-101;40:00.0;ATROPELLO FUGA;1;0;NULL;UCAYALI;CORONEL PORTILLO;CALLERIA;URBANA;CARRETERA;NACIONAL;PE-18C;-8.399332;DESPEJADO;INDUSTRIAL;TRAMO RECTO;PLANA ;ASFALTADA;NULL;NULL;NULL;NULL;EN PROCESO DE INVESTIGACIÓN;NO CUENTA CON CAUSA ESPECIFICA;Centenario;27/5/2024;-74.608463
A-2024-05-51;00:00.0;CHOQUE;1;0;1;SAN MARTIN;RIOJA;NUEVA CAJAMARCA;URBANA;JIRÓN;URBANO;NO CORRESPONDE;-5.947354;DESPEJADO;COMERCIAL;INTERSECCIÓN;PLANA ;AFIRMADO;NULL;NULL;NULL;NULL;IMPRUDENCIA DEL CONDUCTOR;OTRO (IMPRUDENCIA DEL CONDUCTOR);Jirón San Carlos;27/5/2024;-77.302978
A-2024-05-95;40:00.0;DESPISTE;1;2;NULL;ICA;PALPA;LLIPATA;RURAL;CARRETERA;NACIONAL;PE-1S;-14.551381;DESPEJADO;RURAL;TRAMO RECTO;PLANA ;ASFALTADA;NULL;NULL;NULL;NULL;EN PROCESO DE INVESTIGACIÓN;NO CUENTA CON CAUSA ESPECIFICA;Carretera Panamericana Sur;27/5/2024;-75.193856
A-2024-05-56;30:00.0;ATROPELLO FUGA;1;0;0;AREQUIPA;AREQUIPA;YURA;RURAL;CARRETERA;NACIONAL;PE-34A;-16.07219;DESPEJADO;RURAL;TRAMO RECTO;PLANA ;ASFALTADA;NO;NULL;NULL;SI;EN PROCESO DE INVESTIGACIÓN;NO CUENTA CON CAUSA ESPECIFICA;Vía Interoceánica Sur - Tramo 5;27/5/2024;-71.593188
A-2024-05-94;30:00.0;ATROPELLO;1;0;NULL;ICA;ICA;SUBTANJALLA;URBANA;CARRETERA;PROVINCIAL;IC-636;-14.029773;DESPEJADO;RESIDENCIAL;TRAMO RECTO;PLANA ;ASFALTADA;NULL;NULL;NULL;NULL;EN PROCESO DE INVESTIGACIÓN;NO CUENTA CON CAUSA ESPECIFICA;Primavera;28/5/2024;-75.754567
A-2024-05-135;30:00.0;ATROPELLO;1;0;NULL;LIMA;LIMA;ATE;URBANA;CARRETERA;NACIONAL;PE-1S;-12.061717;DESPEJADO;INDUSTRIAL;TRAMO RECTO;PLANA ;ASFALTADA;NULL;NULL;NULL;NULL;EN PROCESO DE INVESTIGACIÓN;NO CUENTA CON CAUSA ESPECIFICA;Vía de Evitamiento;28/5/2024;-76.97183
A-2024-05-136;30:00.0;ATROPELLO FUGA;1;0;NULL;LIMA;LIMA;LOS OLIVOS;URBANA;AVENIDA;URBANO;NO CORRESPONDE;-11.975816;DESPEJADO;COMERCIAL;TRAMO RECTO;PLANA ;ASFALTADA;NULL;NULL;NULL;NULL;EN PROCESO DE INVESTIGACIÓN;NO CUENTA CON CAUSA ESPECIFICA;Avenida Naranjal;29/5/2024;-77.085592
A-2024-05-46;30:00.0;DESPISTE;1;4;NULL;PUNO;CHUCUITO;JULI;URBANA;AVENIDA;URBANO;NO CORRESPONDE;-16.212925;NULL;NULL;NULL;NULL;NULL;NULL;NULL;NULL;NULL;EN PROCESO DE INVESTIGACIÓN;NO CUENTA CON CAUSA ESPECIFICA;Avenida Manuel Quiroga;29/5/2024;-69.454835
A-2024-05-113;05:00.0;DESPISTE;1;0;1;CAJAMARCA;CHOTA;LLAMA;RURAL;CARRETERA;NACIONAL;PE-06A;-6.558534;DESPEJADO;RURAL;TRAMO RECTO;INCLINADA;ASFALTADA;SI;PREVENTIVA (P);NULL;SI;IMPRUDENCIA DEL CONDUCTOR;EXCESO DE VELOCIDAD;PE-06A;29/5/2024;-79.226609
A-2024-05-61;30:00.0;CHOQUE;1;0;2;CUSCO;QUISPICANCHI;OCONGATE;URBANA;CARRETERA;NACIONAL;PE-30C;-13.627812;DESPEJADO;RURAL;TRAMO RECTO;PLANA ;ASFALTADA;SI;REGULADORA (R);PREVENTIVA (P);NO;IMPRUDENCIA DEL PEATÓN;EXCESO DE VELOCIDAD;Interoceánica Sur;29/5/2024;-71.388504
A-2024-05-47;30:00.0;DESPISTE;1;0;1;PUNO;EL COLLAO;ILAVE;RURAL;CARRETERA;NACIONAL;PE-3S;-16.148848;DESPEJADO;RURAL;TRAMO RECTO;PLANA ;ASFALTADA;NULL;NULL;NULL;NULL;IMPRUDENCIA DEL CONDUCTOR;ADELANTAR INDEBIDAMENTE;Carretera Longitudinal de la Sierra Sur;29/5/2024;-69.562667
A-2024-05-49;00:00.0;ATROPELLO FUGA;1;0;NULL;PUNO;CHUCUITO;POMATA;RURAL;CARRETERA;NACIONAL;PE-3S;-16.274628;DESPEJADO;RURAL;TRAMO RECTO;PLANA ;ASFALTADA;NULL;NULL;NULL;NULL;IMPRUDENCIA DEL PEATÓN;CRUCE INDEBIDO POR LA CALZADA;Carretera Longitudinal de la Sierra Sur;30/5/2024;-69.290144
A-2024-05-44;45:00.0;ATROPELLO;1;0;NULL;LA LIBERTAD;TRUJILLO;VICTOR LARCO HERRERA;URBANA;CARRETERA;NACIONAL;PE-1N;-8.140601;DESPEJADO;INDUSTRIAL;INTERSECCIÓN;PLANA ;ASFALTADA;NULL;NULL;NULL;NULL;IMPRUDENCIA DEL PEATÓN;CRUCE INDEBIDO POR LA CALZADA;Avenida 2 de Mayo;30/5/2024;-79.0525
A-2024-05-52;15:00.0;CHOQUE;1;0;2;PUNO;PUNO;CHUCUITO;RURAL;CARRETERA;NACIONAL;PE-3S;-15.898478;DESPEJADO;RURAL;TRAMO RECTO;PLANA ;ASFALTADA;NULL;NULL;NULL;NULL;IMPRUDENCIA DEL CONDUCTOR;INVASIÓN DE CARRIL;Carretera Longitudinal de la Sierra Sur;30/5/2024;-69.889279
A-2024-05-114;30:00.0;DESPISTE;1;0;1;CAJAMARCA;JAEN;SAN FELIPE;URBANA;CALLE;URBANO;NO CORRESPONDE;-5.770173;DESPEJADO;COMERCIAL;TRAMO RECTO;PLANA ;CONCRETO;NULL;NULL;NULL;NULL;IMPRUDENCIA DEL CONDUCTOR;OTRO (IMPRUDENCIA DEL CONDUCTOR);Calle Tarata;30/5/2024;-79.313057
A-2024-05-115;00:00.0;DESPISTE;1;2;1;CAJAMARCA;JAEN;PUCARA;RURAL;CARRETERA;SIN CLASIFICAR;SIN CLASIFICAR;-6.028413;DESPEJADO;RURAL;CURVA;INCLINADA;AFIRMADO;NULL;NULL;NULL;NULL;IMPRUDENCIA DEL CONDUCTOR;EXCESO DE VELOCIDAD;Pucará;31/5/2024;-79.100487
A-2024-05-126;00:00.0;DESPISTE;1;0;NULL;LIMA;LIMA;VILLA MARIA DEL TRIUNFO;URBANA;AVENIDA;URBANO;NO CORRESPONDE;-12.134084;DESPEJADO;RESIDENCIAL;INTERSECCIÓN;INCLINADA;TROCHA;NULL;NULL;NULL;NULL;EN PROCESO DE INVESTIGACIÓN;NO CUENTA CON CAUSA ESPECIFICA;Villa María del Triunfo;31/5/2024;-76.950338
A-2024-06-15;00:00.0;CHOQUE;1;0;1;LA LIBERTAD;CHEPEN;CHEPEN;RURAL;CARRETERA;NACIONAL;PE-08;-7.27373;DESPEJADO;RURAL;TRAMO RECTO;PLANA ;ASFALTADA;NULL;NULL;NULL;NULL;EN PROCESO DE INVESTIGACIÓN;NO CUENTA CON CAUSA ESPECIFICA;Carretera Ciudad de Dios - Cajamarca;1/6/2024;-79.287341
A-2024-06-16;30:00.0;CHOQUE;1;0;2;LA LIBERTAD;PACASMAYO;SAN JOSE;RURAL;CARRETERA;PROVINCIAL;LI-581;-7.341021;DESPEJADO;RURAL;TRAMO RECTO;PLANA ;ASFALTADA;NULL;NULL;NULL;NULL;EN PROCESO DE INVESTIGACIÓN;NO CUENTA CON CAUSA ESPECIFICA;LI-581;1/6/2024;-79.49572
A-2024-06-90;20:00.0;ATROPELLO FUGA;1;0;NULL;LIMA;LIMA;LOS OLIVOS;URBANA;CARRETERA;NACIONAL;PE-1N;-11.930176;DESPEJADO;COMERCIAL;INTERSECCIÓN;PLANA ;ASFALTADA;SI;REGULADORA (R);NULL;NO;EN PROCESO DE INVESTIGACIÓN;NO CUENTA CON CAUSA ESPECIFICA;Avenida Panamericana Norte;2/6/2024;-77.072415
A-2024-06-17;20:00.0;CHOQUE;1;2;2;LA LIBERTAD;OTUZCO;SALPO;RURAL;CARRETERA;NACIONAL;PE-10A;-8.011856;DESPEJADO;RURAL;TRAMO RECTO;PLANA ;ASFALTADA;NULL;NULL;NULL;NULL;EN PROCESO DE INVESTIGACIÓN;NO CUENTA CON CAUSA ESPECIFICA;Carretera Trujillo - Huamachuco;2/6/2024;-78.699481
A-2024-06-21;20:00.0;CHOQUE FUGA;1;0;1;LA LIBERTAD;PACASMAYO;GUADALUPE;RURAL;CARRETERA;NACIONAL;PE-08;-7.303911;DESPEJADO;RURAL;TRAMO RECTO;PLANA ;ASFALTADA;NULL;NULL;NULL;NULL;EN PROCESO DE INVESTIGACIÓN;NO CUENTA CON CAUSA ESPECIFICA;Carretera Ciudad de Dios - Cajamarca;2/6/2024;-79.472532
A-2024-06-91;00:00.0;DESPISTE;2;0;NULL;LIMA;LIMA;ATE;URBANA;CARRETERA;NACIONAL;PE-22;-12.010602;DESPEJADO;COMERCIAL;TRAMO RECTO;PLANA ;ASFALTADA;NULL;NULL;NULL;NULL;IMPRUDENCIA DEL CONDUCTOR;CONDUCIR EN ESTADO DE EBRIEDAD Y/O DROGADICCIÓN;Carretera Central;2/6/2024;-76.872794
A-2024-06-18;05:00.0;ATROPELLO FUGA;1;0;NULL;LA LIBERTAD;TRUJILLO;HUANCHACO;RURAL;CARRETERA;NACIONAL;PE-1N;-8.027387;DESPEJADO;RURAL;TRAMO RECTO;PLANA ;ASFALTADA;NULL;NULL;NULL;NULL;IMPRUDENCIA DEL PEATÓN;ESTADO DE EBRIEDAD Y/O DROGADICCIÓN;Carretera Panamericana Norte;2/6/2024;-79.077854
A-2024-06-116;50:00.0;DESPISTE;1;0;1;CAJAMARCA;CHOTA;CHOTA;URBANA;CARRETERA;NACIONAL;PE-3N;-6.550359;DESPEJADO;COMERCIAL;CURVA;INCLINADA;ASFALTADA;NULL;NULL;NULL;NULL;IMPRUDENCIA DEL CONDUCTOR;CONDUCIR EN ESTADO DE EBRIEDAD Y/O DROGADICCIÓN;Carretera Longitudinal de la Sierra Norte;3/6/2024;-78.674762
A-2024-06-114;30:00.0;DESPISTE;1;0;1;CAJAMARCA;CAJABAMBA;CAJABAMBA;RURAL;CARRETERA;NACIONAL;PE-3N;-7.612798;DESPEJADO;RURAL;CURVA;INCLINADA;ASFALTADA;SI;PREVENTIVA (P);NULL;SI;NEGLIGENCIA DEL CONDUCTOR;CONDUCIR CON FALLAS DE FRENOS;Carretera Longitudinal de la Sierra Norte;3/6/2024;-78.083209
A-2024-06-19;14:00.0;ATROPELLO FUGA;1;0;NULL;LA LIBERTAD;CHEPEN;PACANGA;URBANA;AVENIDA;URBANO;NO CORRESPONDE;-7.159154;DESPEJADO;ESCOLAR;TRAMO RECTO;PLANA ;ASFALTADA;NULL;NULL;NULL;NULL;IMPRUDENCIA DEL CONDUCTOR;OTRO (IMPRUDENCIA DEL CONDUCTOR);Avenida Juan Velasco Alvarado;3/6/2024;-79.444127
A-2024-06-20;30:00.0;CHOQUE;1;0;3;LA LIBERTAD;TRUJILLO;TRUJILLO;RURAL;CARRETERA;NACIONAL;PE-10A;-8.126917;DESPEJADO;RURAL;TRAMO RECTO;PLANA ;ASFALTADA;NULL;NULL;NULL;NULL;IMPRUDENCIA DEL CONDUCTOR;OTRO (IMPRUDENCIA DEL CONDUCTOR);Carretera Industrial;4/6/2024;-79.010467
A-2024-06-39;30:00.0;DESPISTE;1;3;2;AREQUIPA;AREQUIPA;SAN JUAN DE TARUCANI;RURAL;CARRETERA;NACIONAL;PE-34A;-16.05142;DESPEJADO;RURAL;CURVA;INCLINADA;ASFALTADA;NO;NULL;NULL;SI;EN PROCESO DE INVESTIGACIÓN;NO CUENTA CON CAUSA ESPECIFICA;Vía Interoceánica Sur - Tramo 5;4/6/2024;-71.338553
A-2024-06-92;00:00.0;ATROPELLO;1;0;NULL;LIMA;LIMA;ATE;URBANA;CARRETERA;NACIONAL;PE-22;-12.004527;DESPEJADO;COMERCIAL;INTERSECCIÓN;PLANA ;ASFALTADA;NULL;NULL;NULL;NULL;IMPRUDENCIA DEL PEATÓN;CRUCE INDEBIDO POR LA CALZADA;Carretera Central;4/6/2024;-76.844404
A-2024-06-40;31:00.0;CAÍDA DE PASAJERO;1;0;0;AREQUIPA;AREQUIPA;VITOR;URBANA;CARRETERA;SIN CLASIFICAR;SIN CLASIFICAR;-16.565759;DESPEJADO;RESIDENCIAL;INTERSECCIÓN;PLANA ;TROCHA;NULL;NULL;NULL;NULL;EN PROCESO DE INVESTIGACIÓN;NO CUENTA CON CAUSA ESPECIFICA;Alto La Cano;4/6/2024;-71.919435
A-2024-06-66;15:00.0;CHOQUE;1;0;2;CUSCO;CHUMBIVILCAS;SANTO TOMAS;URBANA;AVENIDA;URBANO;NO CORRESPONDE;-14.454586;DESPEJADO;RESIDENCIAL;TRAMO RECTO;PLANA ;ASFALTADA;NULL;NULL;NULL;NULL;IMPRUDENCIA DEL CONDUCTOR;ADELANTAR INDEBIDAMENTE;Avenida Perú;4/6/2024;-72.08171
A-2024-06-117;00:00.0;DESPISTE;1;1;1;CAJAMARCA;CHOTA;CHALAMARCA;RURAL;CARRETERA;PROVINCIAL;CA-925;-6.499561;DESPEJADO;RURAL;CURVA;INCLINADA;CASCAJO/RIPIO;NULL;NULL;NULL;NULL;IMPRUDENCIA DEL CONDUCTOR;EXCESO DE VELOCIDAD;CA-925;5/6/2024;-78.536059
A-2024-06-93;30:00.0;ATROPELLO;1;0;NULL;LIMA;LIMA;SAN BORJA;URBANA;CARRETERA;NACIONAL;PE-1S;-12.103942;DESPEJADO;COMERCIAL;TRAMO RECTO;PLANA ;ASFALTADA;NULL;NULL;NULL;NULL;EN PROCESO DE INVESTIGACIÓN;NO CUENTA CON CAUSA ESPECIFICA;Carretera Panamericana Sur;5/6/2024;-76.979231
A-2024-06-115;30:00.0;ATROPELLO;1;2;2;CAJAMARCA;CAJABAMBA;CONDEBAMBA;URBANA;CALLE;URBANO;NO CORRESPONDE;-7.509688;DESPEJADO;COMERCIAL;TRAMO RECTO;PLANA ;AFIRMADO;NULL;NULL;NULL;NULL;IMPRUDENCIA DEL CONDUCTOR;OTRO (IMPRUDENCIA DEL CONDUCTOR);Malcas;5/6/2024;-78.143291
A-2024-06-57;00:00.0;DESPISTE;2;0;1;LIMA;HUAURA;SAYAN;RURAL;CARRETERA;NACIONAL;PE-1NE;-11.12141;DESPEJADO;RURAL;TRAMO RECTO;PLANA ;ASFALTADA;SI;INFORMATIVA (I);REGULADORA (R);NO;IMPRUDENCIA DEL CONDUCTOR;OTRO (IMPRUDENCIA DEL CONDUCTOR);Carretera Huaura - Ambo;5/6/2024;-77.31701
A-2024-06-22;00:00.0;DESPISTE;2;3;1;LA LIBERTAD;VIRU;CHAO;RURAL;CARRETERA;PROVINCIAL;LI-1208;-8.573865;DESPEJADO;RURAL;TRAMO RECTO;PLANA ;ASFALTADA;NULL;NULL;NULL;NULL;EN PROCESO DE INVESTIGACIÓN;NO CUENTA CON CAUSA ESPECIFICA;Chao;5/6/2024;-78.698862
A-2024-06-10;20:00.0;DESPISTE;1;0;1;HUANCAVELICA;CASTROVIRREYNA;AURAHUA;RURAL;CARRETERA;DEPARTAMENTAL;HV-114;-13.053574;DESPEJADO;RURAL;CURVA;PLANA ;ASFALTADA;NULL;NULL;NULL;NULL;EN PROCESO DE INVESTIGACIÓN;NO CUENTA CON CAUSA ESPECIFICA;HV-114;6/6/2024;-75.566835
A-2024-06-3;30:00.0;ATROPELLO FUGA;1;0;NULL;AREQUIPA;CAYLLOMA;MAJES;RURAL;CARRETERA;NACIONAL;PE-1S;-16.375891;SOLEADO;RURAL;TRAMO RECTO;PLANA ;ASFALTADA;NULL;NULL;NULL;NULL;EN PROCESO DE INVESTIGACIÓN;NO CUENTA CON CAUSA ESPECIFICA;Carretera Panamericana Sur;6/6/2024;-72.17704
A-2024-06-23;00:00.0;DESPISTE;1;1;1;LA LIBERTAD;PATAZ;URPAY;RURAL;CARRETERA;NACIONAL;PE-12B;-8.342476;DESPEJADO;RURAL;CURVA;PLANA ;TROCHA;NULL;NULL;NULL;NULL;EN PROCESO DE INVESTIGACIÓN;NO CUENTA CON CAUSA ESPECIFICA;PE-12B;6/6/2024;-77.37977
A-2024-06-87;15:00.0;CHOQUE;1;0;2;PASCO;PASCO;HUARIACA;URBANA;CARRETERA;NACIONAL;PE-3N;-10.457609;DESPEJADO;RURAL;TRAMO RECTO;INCLINADA;ASFALTADA;NULL;NULL;NULL;NULL;IMPRUDENCIA DEL CONDUCTOR;FATIGA Y/O CANSANCIO;Carretera Longitudinal de la Sierra Norte;6/6/2024;-76.179079
A-2024-06-25;30:00.0;CHOQUE;1;0;3;LA LIBERTAD;TRUJILLO;LAREDO;RURAL;CARRETERA;NACIONAL;PE-10A;-8.093294;DESPEJADO;RURAL;TRAMO RECTO;PLANA ;ASFALTADA;NULL;NULL;NULL;NULL;EN PROCESO DE INVESTIGACIÓN;NO CUENTA CON CAUSA ESPECIFICA;Carretera Industrial;6/6/2024;-78.925822
A-2024-06-27;00:00.0;DESPISTE;1;0;1;LA LIBERTAD;SANTIAGO DE CHUCO;QUIRUVILCA;RURAL;CARRETERA;NACIONAL;PE-3N;-8.01122;DESPEJADO;RURAL;TRAMO RECTO;PLANA ;ASFALTADA;NULL;NULL;NULL;NULL;IMPRUDENCIA DEL CONDUCTOR;OTRO (IMPRUDENCIA DEL CONDUCTOR);Carretera Longitudinal de la Sierra Norte;6/6/2024;-78.313323
A-2024-06-24;00:00.0;DESPISTE;1;1;1;LA LIBERTAD;SANCHEZ CARRION;HUAMACHUCO;RURAL;CARRETERA;NACIONAL;PE-3N;-7.889851;DESPEJADO;RURAL;TRAMO RECTO;PLANA ;ASFALTADA;NULL;NULL;NULL;NULL;IMPRUDENCIA DEL CONDUCTOR;OTRO (IMPRUDENCIA DEL CONDUCTOR);Carretera Longitudinal de la Sierra Norte;6/6/2024;-78.126369
A-2024-06-61;00:00.0;CHOQUE;1;0;2;CUSCO;ESPINAR;ESPINAR;URBANA;CARRETERA;NACIONAL;PE-3SW;-14.809723;DESPEJADO;RURAL;TRAMO RECTO;PLANA ;ASFALTADA;NULL;NULL;NULL;NULL;IMPRUDENCIA DEL CONDUCTOR;CONDUCIR EN ESTADO DE EBRIEDAD Y/O DROGADICCIÓN;CU-131;6/6/2024;-71.43073
A-2024-06-73;25:00.0;CHOQUE;1;0;NULL;ICA;PISCO;SAN ANDRES;RURAL;AVENIDA;URBANO;NO CORRESPONDE;-13.712324;DESPEJADO;RURAL;PASE A DESNIVEL;INCLINADA;ASFALTADA;SI;REGULADORA (R);NULL;NO;EN PROCESO DE INVESTIGACIÓN;NO CUENTA CON CAUSA ESPECIFICA;Avenida Fermín Tangüis;6/6/2024;-76.167002
A-2024-06-134;10:00.0;DESPISTE;1;0;NULL;CUSCO;ESPINAR;ESPINAR;URBANA;CARRETERA;DEPARTAMENTAL;CU-130;-14.747783;DESPEJADO;COMERCIAL;TRAMO RECTO;PLANA ;AFIRMADO;NULL;NULL;NULL;NULL;IMPRUDENCIA DEL CONDUCTOR;CONDUCIR EN ESTADO DE EBRIEDAD Y/O DROGADICCIÓN;CU-130;6/6/2024;-71.414441
A-2024-06-1;00:00.0;DESPISTE;1;3;1;PUNO;CHUCUITO;JULI;RURAL;CARRETERA;NACIONAL;PE-3S;-16.217763;DESPEJADO;RURAL;TRAMO RECTO;PLANA ;ASFALTADA;NULL;NULL;NULL;NULL;IMPRUDENCIA DEL CONDUCTOR;CONDUCIR EN ESTADO DE EBRIEDAD Y/O DROGADICCIÓN;Carretera Longitudinal de la Sierra Sur;7/6/2024;-69.493909
A-2024-06-94;30:00.0;ATROPELLO FUGA;1;0;NULL;LIMA;LIMA;CHORRILLOS;URBANA;AVENIDA;URBANO;NO CORRESPONDE;-12.199619;DESPEJADO;COMERCIAL;INTERSECCIÓN;PLANA ;ASFALTADA;SI;PREVENTIVA (P);NULL;SI;EN PROCESO DE INVESTIGACIÓN;NO CUENTA CON CAUSA ESPECIFICA;Avenida Defensores del Morro;7/6/2024;-76.996788
A-2024-06-88;00:00.0;CHOQUE CON OBJETO FIJO;1;0;1;APURIMAC;ANDAHUAYLAS;KISHUARA;RURAL;CARRETERA;NACIONAL;PE-3S;-13.630002;DESPEJADO;RURAL;CURVA;PLANA ;CONCRETO;SI;REGULADORA (R);NULL;NO;IMPRUDENCIA DEL CONDUCTOR;CONDUCIR EN ESTADO DE EBRIEDAD Y/O DROGADICCIÓN;Carretera Longitudinal de la Sierra Sur;7/6/2024;-73.135494
A-2024-06-60;00:00.0;DESPISTE;1;0;1;AYACUCHO;HUAMANGA;CHIARA;RURAL;CARRETERA;NACIONAL;PE-3S;-13.349;DESPEJADO;RURAL;CURVA;PLANA ;ASFALTADA;NULL;NULL;NULL;NULL;IMPRUDENCIA DEL CONDUCTOR;EXCESO DE VELOCIDAD;Carretera Longitudinal de la Sierra Sur;7/6/2024;-74.182
A-2024-06-41;40:00.0;CHOQUE;1;0;2;AREQUIPA;CAYLLOMA;MAJES;URBANA;CALLE;URBANO;NO CORRESPONDE;-16.35972;DESPEJADO;RESIDENCIAL;INTERSECCIÓN;PLANA ;ASFALTADA;NULL;NULL;NULL;NULL;EN PROCESO DE INVESTIGACIÓN;NO CUENTA CON CAUSA ESPECIFICA;El Pedregal;7/6/2024;-72.204468
A-2024-06-2;40:00.0;ATROPELLO;1;0;1;PUNO;CHUCUITO;ZEPITA;RURAL;CARRETERA;DEPARTAMENTAL;PU-130;-16.419187;DESPEJADO;RURAL;TRAMO RECTO;PLANA ;ASFALTADA;NULL;NULL;NULL;NULL;IMPRUDENCIA DEL CONDUCTOR;EXCESO DE VELOCIDAD;PU-130;7/6/2024;-69.056112
A-2024-06-83;20:00.0;DESPISTE;1;0;1;PASCO;PASCO;PAUCARTAMBO;RURAL;CARRETERA;DEPARTAMENTAL;PA-107;-10.766069;NUBLADO;RURAL;TRAMO RECTO;PLANA ;TROCHA;NULL;NULL;NULL;NULL;IMPERICIA DEL CONDUCTOR;NULL;PA-107;7/6/2024;-75.752572
A-2024-06-95;45:00.0;ATROPELLO FUGA;1;0;NULL;LIMA;LIMA;RIMAC;URBANA;CARRETERA;NACIONAL;PE-1N;-12.041357;DESPEJADO;COMERCIAL;TRAMO RECTO;PLANA ;ASFALTADA;SI;REGULADORA (R);NULL;NO;EN PROCESO DE INVESTIGACIÓN;NO CUENTA CON CAUSA ESPECIFICA;Vía de Evitamiento;8/6/2024;-77.033051