CÓDIGO SINIESTRO;HORA SINIESTRO;CLASE SINIESTRO;CANTIDAD DE FALLECIDOS;CANTIDAD DE LESIONADOS;CANTIDAD DE VEHICULOS DAÑADOS;DEPARTAMENTO;PROVINCIA;DISTRITO;ZONA;TIPO DE VÍA;RED VIAL;COD CARRETERA;COORDENADAS LATITUD;CONDICIÓN CLIMÁTICA;ZONIFICACIÓN;CARACTERÍSTICAS DE VÍA;PERFIL LONGITUDINAL VÍA;SUPERFICIE DE CALZADA;¿EXISTE SEÑAL VERTICAL?;CLASIFICACIÓN DE LA SEÑAL VERTICAL Nº 1;CLASIFICACIÓN DE LA SEÑAL VERTICAL Nº 2;¿EXISTE SEÑAL HORIZONTAL?;CAUSA FACTOR PRINCIPAL;CAUSA ESPECÍFICA;UBICACION;FECHA SINIESTRO;COORDENADAS LONGITUD
A-2024-06-4;30:00.0;DESPISTE;1;0;NULL;PUNO;EL COLLAO;SANTA ROSA;RURAL;AVENIDA;URBANO;NO CORRESPONDE;-16.76274;NULL;NULL;NULL;NULL;NULL;NULL;NULL;NULL;NULL;EN PROCESO DE INVESTIGACIÓN;NO CUENTA CON CAUSA ESPECIFICA;Jirón Ilave;8/6/2024;-69.8598
A-2024-06-118;20:00.0;CHOQUE CON OBJETO FIJO;1;0;1;CAJAMARCA;CONTUMAZA;YONAN;URBANA;CARRETERA;NACIONAL;PE-08;-7.248293;DESPEJADO;COMERCIAL;TRAMO RECTO;INCLINADA;ASFALTADA;SI;PREVENTIVA (P);NULL;SI;NEGLIGENCIA DEL CONDUCTOR;CONDUCIR CON FALLAS DE FRENOS;Carretera Ciudad de Dios - Cajamarca;8/6/2024;-79.224654
A-2024-06-96;20:00.0;ATROPELLO;1;0;NULL;LIMA;LIMA;SAN JUAN DE MIRAFLORES;URBANA;AVENIDA;URBANO;NO CORRESPONDE;-12.151845;DESPEJADO;COMERCIAL;TRAMO RECTO;PLANA ;ASFALTADA;NULL;NULL;NULL;NULL;EN PROCESO DE INVESTIGACIÓN;NO CUENTA CON CAUSA ESPECIFICA;Avenida Los Héroes;8/6/2024;-76.976574
A-2024-06-89;50:00.0;CHOQUE;1;2;1;UCAYALI;PADRE ABAD;ALEXANDER VON HUMBOLDT;RURAL;CARRETERA;NACIONAL;PE-5N;-8.825774;DESPEJADO;RURAL;TRAMO RECTO;PLANA ;ASFALTADA;NULL;NULL;NULL;NULL;IMPRUDENCIA DEL CONDUCTOR;EXCESO DE VELOCIDAD;PE-5N;8/6/2024;-75.052376
A-2024-06-74;40:00.0;CHOQUE;1;1;NULL;ICA;ICA;LA TINGUIÑA;RURAL;CARRETERA;NACIONAL;PE-1SC;-13.989206;DESPEJADO;RURAL;TRAMO RECTO;PLANA ;TROCHA;NULL;NULL;NULL;NULL;EN PROCESO DE INVESTIGACIÓN;NO CUENTA CON CAUSA ESPECIFICA;Avenida Victorio Gotuzzo;9/6/2024;-75.694907
A-2024-06-5;30:00.0;CHOQUE;1;0;2;PUNO;PUNO;PICHACANI;RURAL;CARRETERA;NACIONAL;PE-36B;-16.038277;DESPEJADO;RURAL;TRAMO RECTO;PLANA ;ASFALTADA;NULL;NULL;NULL;NULL;IMPRUDENCIA DEL CONDUCTOR;GIRAR IMPRUDENTEMENTE;PE-36B;9/6/2024;-70.008902
A-2024-06-69;30:00.0;CHOQUE;1;0;NULL;CUSCO;PAUCARTAMBO;KOSÑIPATA;RURAL;CARRETERA;DEPARTAMENTAL;CU-113;-12.899366;DESPEJADO;RURAL;TRAMO RECTO;PLANA ;ASFALTADA;NULL;NULL;NULL;NULL;IMPRUDENCIA DEL CONDUCTOR;EXCESO DE VELOCIDAD;Carretera Manu;9/6/2024;-71.395194
A-2024-06-11;00:00.0;DESPISTE;2;8;1;HUANCAVELICA;TAYACAJA;QUICHUAS;RURAL;CARRETERA;PROVINCIAL;HV-636;-12.467492;DESPEJADO;RURAL;TRAMO RECTO;PLANA ;TROCHA;NULL;NULL;NULL;NULL;EN PROCESO DE INVESTIGACIÓN;NO CUENTA CON CAUSA ESPECIFICA;Violetas Accoyanca;9/6/2024;-74.756132
A-2024-06-42;45:00.0;DESPISTE;6;5;1;AREQUIPA;AREQUIPA;LA JOYA;RURAL;CARRETERA;DEPARTAMENTAL;AR-115;-16.542136;DESPEJADO;RURAL;CURVA;PLANA ;ASFALTADA;NULL;NULL;NULL;NULL;EN PROCESO DE INVESTIGACIÓN;NO CUENTA CON CAUSA ESPECIFICA;Carretera Cerro Verde;10/6/2024;-71.71039
A-2024-06-68;30:00.0;ATROPELLO;1;0;1;CUSCO;CUSCO;CUSCO;RURAL;CARRETERA;NACIONAL;PE-28G;-13.50455;DESPEJADO;RURAL;TRAMO RECTO;PLANA ;ASFALTADA;NULL;NULL;NULL;NULL;IMPRUDENCIA DEL CONDUCTOR;ADELANTAR INDEBIDAMENTE;PE-28G;11/6/2024;-71.971385
A-2024-06-97;20:00.0;CAÍDA DE PASAJERO;1;0;NULL;LIMA;LIMA;COMAS;URBANA;AVENIDA;URBANO;NO CORRESPONDE;-11.952685;DESPEJADO;ESCOLAR;INTERSECCIÓN;PLANA ;ASFALTADA;SI;PREVENTIVA (P);NULL;SI;EN PROCESO DE INVESTIGACIÓN;NO CUENTA CON CAUSA ESPECIFICA;Avenida Túpac Amaru;11/6/2024;-77.051178
A-2024-06-98;30:00.0;ATROPELLO;1;0;NULL;LIMA;LIMA;SAN JUAN DE LURIGANCHO;URBANA;AVENIDA;URBANO;NO CORRESPONDE;-11.953665;DESPEJADO;COMERCIAL;TRAMO RECTO;PLANA ;ASFALTADA;NULL;NULL;NULL;NULL;EN PROCESO DE INVESTIGACIÓN;NO CUENTA CON CAUSA ESPECIFICA;Los Tulipanes;12/6/2024;-77.003455
A-2024-06-99;20:00.0;ATROPELLO;1;0;NULL;LIMA;LIMA;VILLA MARIA DEL TRIUNFO;URBANA;JIRÓN;URBANO;NO CORRESPONDE;-12.162791;DESPEJADO;RESIDENCIAL;INTERSECCIÓN;INCLINADA;ASFALTADA;NULL;NULL;NULL;NULL;EN PROCESO DE INVESTIGACIÓN;NO CUENTA CON CAUSA ESPECIFICA;Jirón Progreso;12/6/2024;-76.948337
A-2024-06-6;30:00.0;ATROPELLO FUGA;1;0;NULL;PUNO;PUNO;COATA;RURAL;CARRETERA;DEPARTAMENTAL;PU-118;-15.57207;DESPEJADO;RURAL;TRAMO RECTO;PLANA ;ASFALTADA;NULL;NULL;NULL;NULL;IMPRUDENCIA DEL CONDUCTOR;OTRO (IMPRUDENCIA DEL CONDUCTOR);Carretera Coata - Capachica;12/6/2024;-69.889681
A-2024-06-29;50:00.0;ATROPELLO;1;0;1;LA LIBERTAD;TRUJILLO;VICTOR LARCO HERRERA;URBANA;AVENIDA;URBANO;NO CORRESPONDE;-8.143013;DESPEJADO;RESIDENCIAL;INTERSECCIÓN;PLANA ;ASFALTADA;NULL;NULL;NULL;NULL;EN PROCESO DE INVESTIGACIÓN;NO CUENTA CON CAUSA ESPECIFICA;Avenida Víctor Larco Herrera;12/6/2024;-79.05479
A-2024-06-44;40:00.0;DESPISTE;1;0;1;AREQUIPA;AREQUIPA;CERRO COLORADO;RURAL;CALLE;URBANO;NO CORRESPONDE;-16.352628;SOLEADO;RURAL;CURVA;PLANA ;TROCHA;NULL;NULL;NULL;NULL;EN PROCESO DE INVESTIGACIÓN;NO CUENTA CON CAUSA ESPECIFICA;Villa Tambo;13/6/2024;-71.632921
A-2024-06-119;30:00.0;DESPISTE;3;0;1;CAJAMARCA;SAN MARCOS;JOSE MANUEL QUIROZ;RURAL;CARRETERA;PROVINCIAL;CA-1595;-7.362045;DESPEJADO;RURAL;TRAMO RECTO;PLANA ;AFIRMADO;NULL;NULL;NULL;NULL;IMPRUDENCIA DEL CONDUCTOR;CONDUCIR EN ESTADO DE EBRIEDAD Y/O DROGADICCIÓN;Shirac;14/6/2024;-78.057312
A-2024-06-84;30:00.0;DESPISTE;1;0;1;LIMA;HUARAL;PACARAOS;RURAL;CARRETERA;NACIONAL;PE-20C;-11.127344;NUBLADO;RURAL;CURVA;INCLINADA;ASFALTADA;NULL;NULL;NULL;NULL;IMPRUDENCIA DEL CONDUCTOR;EXCESO DE VELOCIDAD;PE-20C;14/6/2024;-76.626228
A-2024-06-48;00:00.0;DESPISTE;2;3;1;AREQUIPA;AREQUIPA;SAN JUAN DE TARUCANI;RURAL;CARRETERA;NACIONAL;PE-34A;-16.000328;DESPEJADO;RURAL;OTRO;INCLINADA;ASFALTADA;NULL;NULL;NULL;NULL;EN PROCESO DE INVESTIGACIÓN;NO CUENTA CON CAUSA ESPECIFICA;Vía Interoceánica Sur - Tramo 5;14/6/2024;-71.26475
A-2024-06-75;50:00.0;CHOQUE;1;2;NULL;ICA;PISCO;SAN ANDRES;RURAL;CARRETERA;NACIONAL;PE-1S;-13.724629;DESPEJADO;RURAL;TRAMO RECTO;PLANA ;ASFALTADA;NULL;NULL;NULL;NULL;EN PROCESO DE INVESTIGACIÓN;NO CUENTA CON CAUSA ESPECIFICA;Antigua Carretera Panamericana Sur;14/6/2024;-76.156396
A-2024-06-33;20:00.0;ATROPELLO;1;0;2;LA LIBERTAD;SANCHEZ CARRION;HUAMACHUCO;URBANA;JIRÓN;URBANO;NO CORRESPONDE;-7.81457;DESPEJADO;RESIDENCIAL;INTERSECCIÓN;PLANA ;ASFALTADA;NULL;NULL;NULL;NULL;EN PROCESO DE INVESTIGACIÓN;NO CUENTA CON CAUSA ESPECIFICA;Jirón Ascate;14/6/2024;-78.043664
A-2024-06-100;40:00.0;CHOQUE;1;3;NULL;LIMA;LIMA;VILLA MARIA DEL TRIUNFO;URBANA;AVENIDA;URBANO;NO CORRESPONDE;-12.182349;DESPEJADO;COMERCIAL;INTERSECCIÓN;INCLINADA;ASFALTADA;NULL;NULL;NULL;NULL;EN PROCESO DE INVESTIGACIÓN;NO CUENTA CON CAUSA ESPECIFICA;Avenida Pachacútec;14/6/2024;-76.94228
A-2024-06-13;00:00.0;ATROPELLO;1;0;1;HUANCAVELICA;HUAYTARA;PILPICHACA;RURAL;CARRETERA;NACIONAL;PE-28E;-13.331149;SOLEADO;RURAL;TRAMO RECTO;PLANA ;ASFALTADA;NULL;NULL;NULL;NULL;EN PROCESO DE INVESTIGACIÓN;NO CUENTA CON CAUSA ESPECIFICA;Carretera Pilpichaca - Rumichaca;14/6/2024;-74.971501
A-2024-06-65;00:00.0;DESPISTE;1;4;1;CUSCO;URUBAMBA;MARAS;RURAL;CARRETERA;SIN CLASIFICAR;SIN CLASIFICAR;-13.351084;DESPEJADO;RURAL;TRAMO RECTO;PLANA ;ASFALTADA;NULL;NULL;NULL;NULL;IMPRUDENCIA DEL CONDUCTOR;OTRO (IMPRUDENCIA DEL CONDUCTOR);Tocrayacota;14/6/2024;-72.100146
A-2024-06-101;30:00.0;CHOQUE;1;0;NULL;LIMA;LIMA;RIMAC;URBANA;CARRETERA;NACIONAL;PE-1N;-12.042976;DESPEJADO;COMERCIAL;CURVA;PLANA ;ASFALTADA;NULL;NULL;NULL;NULL;EN PROCESO DE INVESTIGACIÓN;NO CUENTA CON CAUSA ESPECIFICA;Vía de Evitamiento;14/6/2024;-77.022661
A-2024-06-120;00:00.0;DESPISTE;1;6;1;CAJAMARCA;JAEN;COLASAY;RURAL;CARRETERA;SIN CLASIFICAR;SIN CLASIFICAR;-5.880095;DESPEJADO;RURAL;TRAMO RECTO;INCLINADA;AFIRMADO;NULL;NULL;NULL;NULL;IMPRUDENCIA DEL CONDUCTOR;OTRO (IMPRUDENCIA DEL CONDUCTOR);CA-678;14/6/2024;-78.99446
A-2024-06-34;20:00.0;DESPISTE;1;0;1;LA LIBERTAD;ASCOPE;RAZURI;RURAL;CARRETERA;NACIONAL;PE-1N;-7.663099;DESPEJADO;RURAL;TRAMO RECTO;PLANA ;ASFALTADA;NULL;NULL;NULL;NULL;EN PROCESO DE INVESTIGACIÓN;NO CUENTA CON CAUSA ESPECIFICA;Carretera Panamericana Norte;14/6/2024;-79.332427
A-2024-06-102;30:00.0;CHOQUE;1;0;NULL;LIMA;LIMA;SANTIAGO DE SURCO;URBANA;CARRETERA;NACIONAL;PE-1S;-12.127299;DESPEJADO;COMERCIAL;CURVA;PLANA ;ASFALTADA;NULL;NULL;NULL;NULL;EN PROCESO DE INVESTIGACIÓN;NO CUENTA CON CAUSA ESPECIFICA;Carretera Panamericana Sur;14/6/2024;-76.977049
A-2024-06-103;00:00.0;ATROPELLO;1;1;NULL;LIMA;LIMA;PUNTA HERMOSA;URBANA;CARRETERA;NACIONAL;PE-1S;-12.324326;DESPEJADO;INDUSTRIAL;TRAMO RECTO;PLANA ;ASFALTADA;NULL;NULL;NULL;NULL;EN PROCESO DE INVESTIGACIÓN;NO CUENTA CON CAUSA ESPECIFICA;Carretera Panamericana Sur;14/6/2024;-76.826094
A-2024-06-81;00:00.0;CHOQUE;1;0;2;ICA;CHINCHA;SUNAMPE;URBANA;CARRETERA;NACIONAL;PE-1S;-13.410226;DESPEJADO;RURAL;INTERSECCIÓN;PLANA ;ASFALTADA;SI;INFORMATIVA (I);REGULADORA (R);SI;IMPRUDENCIA DEL CONDUCTOR;NO ESTABLECER EL DERECHO DE PASO;Sunampe;15/6/2024;-76.164145
A-2024-06-55;30:00.0;ATROPELLO;1;0;0;CUSCO;LA CONVENCION;ECHARATE;RURAL;CARRETERA;SIN CLASIFICAR;SIN CLASIFICAR;-12.65974;DESPEJADO;RURAL;TRAMO RECTO;PLANA ;TROCHA;NULL;NULL;NULL;NULL;IMPERICIA DEL CONDUCTOR;NULL;Kiteni;15/6/2024;-73.065154
A-2024-06-35;20:00.0;ATROPELLO;1;0;1;LA LIBERTAD;TRUJILLO;EL PORVENIR;URBANA;AVENIDA;URBANO;NO CORRESPONDE;-8.085581;DESPEJADO;ESCOLAR;TRAMO RECTO;PLANA ;ASFALTADA;NULL;NULL;NULL;NULL;EN PROCESO DE INVESTIGACIÓN;NO CUENTA CON CAUSA ESPECIFICA;Avenida 26 de Marzo;15/6/2024;-79.015363
A-2024-06-105;00:00.0;CHOQUE;1;0;NULL;LIMA;LIMA;SAN BORJA;URBANA;CARRETERA;NACIONAL;PE-1S;-12.110083;DESPEJADO;RESIDENCIAL;TRAMO RECTO;PLANA ;ASFALTADA;NULL;NULL;NULL;NULL;EN PROCESO DE INVESTIGACIÓN;NO CUENTA CON CAUSA ESPECIFICA;Avenida Panamericana Sur;15/6/2024;-76.978376
A-2024-06-72;55:00.0;DESPISTE;1;0;1;CUSCO;CANCHIS;MARANGANI;RURAL;CARRETERA;NACIONAL;PE-3S;-14.343236;DESPEJADO;RURAL;TRAMO RECTO;PLANA ;ASFALTADA;NULL;NULL;NULL;NULL;IMPRUDENCIA DEL CONDUCTOR;FATIGA Y/O CANSANCIO;Carretera Longitudinal de la Sierra Sur;16/6/2024;-71.18383
A-2024-06-104;30:00.0;DESPISTE;1;0;NULL;LIMA;LIMA;LA VICTORIA;URBANA;VIA EXPRESA;URBANO;NO CORRESPONDE;-12.089135;DESPEJADO;COMERCIAL;TRAMO RECTO;PLANA ;ASFALTADA;NULL;NULL;NULL;NULL;IMPRUDENCIA DEL CONDUCTOR;ADELANTAR INDEBIDAMENTE;Avenida Javier Prado Este;16/6/2024;-77.0102
A-2024-06-67;40:00.0;FERROVIARIO;1;0;0;CUSCO;CUSCO;CUSCO;RURAL;CALLE;URBANO;NO CORRESPONDE;-13.504534;DESPEJADO;RURAL;CURVA;PLANA ;CASCAJO/RIPIO;NULL;NULL;NULL;NULL;IMPRUDENCIA DEL CONDUCTOR;OTRO (IMPRUDENCIA DEL CONDUCTOR);Flor de Ruffo;16/6/2024;-71.995586
A-2024-06-49;00:00.0;DESPISTE;1;0;1;AREQUIPA;ISLAY;COCACHACRA;URBANA;CARRETERA;NACIONAL;PE-1SJ;-17.032696;SOLEADO;RESIDENCIAL;TRAMO RECTO;PLANA ;ASFALTADA;NULL;NULL;NULL;NULL;EN PROCESO DE INVESTIGACIÓN;NO CUENTA CON CAUSA ESPECIFICA;PE-1SJ;16/6/2024;-71.686507
A-2024-06-106;30:00.0;ATROPELLO;1;0;NULL;LIMA;LIMA;SANTIAGO DE SURCO;URBANA;CARRETERA;NACIONAL;PE-1S;-12.153352;DESPEJADO;RESIDENCIAL;CURVA;PLANA ;ASFALTADA;NULL;NULL;NULL;NULL;EN PROCESO DE INVESTIGACIÓN;NO CUENTA CON CAUSA ESPECIFICA;Avenida Panamericana Sur;16/6/2024;-76.983962
A-2024-06-76;30:00.0;DESPISTE;1;4;NULL;ICA;NASCA;MARCONA;RURAL;CARRETERA;NACIONAL;PE-30;-15.286488;DESPEJADO;RURAL;TRAMO RECTO;PLANA ;ASFALTADA;NULL;NULL;NULL;NULL;EN PROCESO DE INVESTIGACIÓN;NO CUENTA CON CAUSA ESPECIFICA;Carretera San Juan de Marcona;16/6/2024;-75.091266
A-2024-06-50;31:00.0;ATROPELLO;1;0;1;AREQUIPA;AREQUIPA;LA JOYA;URBANA;CARRETERA;NACIONAL;PE-1S;-16.499813;DESPEJADO;COMERCIAL;TRAMO RECTO;PLANA ;ASFALTADA;NULL;NULL;NULL;NULL;EN PROCESO DE INVESTIGACIÓN;NO CUENTA CON CAUSA ESPECIFICA;Carretera Panamericana Sur;17/6/2024;-71.831295
A-2024-06-121;00:00.0;DESPISTE;1;0;1;CAJAMARCA;CHOTA;COCHABAMBA;RURAL;CARRETERA;NACIONAL;PE-3N;-6.522869;DESPEJADO;RURAL;TRAMO RECTO;INCLINADA;AFIRMADO;NULL;NULL;NULL;NULL;EN PROCESO DE INVESTIGACIÓN;NO CUENTA CON CAUSA ESPECIFICA;Carretera Longitudinal de la Sierra Norte;17/6/2024;-78.796494
A-2024-06-58;00:00.0;CHOQUE;1;3;2;LIMA;HUAURA;HUACHO;RURAL;CARRETERA;NACIONAL;PE-1N;-11.135933;DESPEJADO;RURAL;TRAMO RECTO;INCLINADA;ASFALTADA;NULL;NULL;NULL;NULL;IMPRUDENCIA DEL CONDUCTOR;CONDUCIR EN SENTIDO CONTRARIO;Carretera Panamericana Norte;17/6/2024;-77.596859
A-2024-06-7;00:00.0;DESPISTE;1;0;NULL;PUNO;EL COLLAO;ILAVE;RURAL;CARRETERA;PROVINCIAL;PU-1149;-16.066761;NULL;NULL;NULL;NULL;NULL;NULL;NULL;NULL;NULL;IMPRUDENCIA DEL CONDUCTOR;EXCESO DE VELOCIDAD;PU-1160;18/6/2024;-69.628724
A-2024-06-51;20:00.0;CHOQUE;1;1;2;AREQUIPA;AREQUIPA;LA JOYA;URBANA;CARRETERA;NACIONAL;PE-1S;-16.493862;SOLEADO;COMERCIAL;TRAMO RECTO;PLANA ;ASFALTADA;NULL;NULL;NULL;NULL;EN PROCESO DE INVESTIGACIÓN;NO CUENTA CON CAUSA ESPECIFICA;El Triunfo;18/6/2024;-71.842076
A-2024-06-12;40:00.0;CHOQUE;2;7;2;HUANCAVELICA;TAYACAJA;ÑAHUIMPUQUIO;RURAL;CARRETERA;NACIONAL;PE-3SD;-12.30544;DESPEJADO;RURAL;TRAMO RECTO;PLANA ;ASFALTADA;NULL;NULL;NULL;NULL;EN PROCESO DE INVESTIGACIÓN;NO CUENTA CON CAUSA ESPECIFICA;PE-3SD;18/6/2024;-75.062555
A-2024-06-77;50:00.0;CHOQUE;1;5;NULL;ICA;PALPA;SANTA CRUZ;RURAL;CARRETERA;NACIONAL;PE-1S;-14.503455;DESPEJADO;RURAL;CURVA;PLANA ;ASFALTADA;NULL;NULL;NULL;NULL;EN PROCESO DE INVESTIGACIÓN;NO CUENTA CON CAUSA ESPECIFICA;Carretera Panamericana Sur;18/6/2024;-75.257135
A-2024-06-107;45:00.0;ATROPELLO FUGA;1;0;NULL;LIMA;LIMA;INDEPENDENCIA;URBANA;AVENIDA;URBANO;NO CORRESPONDE;-12.004343;DESPEJADO;INDUSTRIAL;CURVA;PLANA ;ASFALTADA;SI;REGULADORA (R);NULL;SI;EN PROCESO DE INVESTIGACIÓN;NO CUENTA CON CAUSA ESPECIFICA;Avenida Alfredo Mendiola;19/6/2024;-77.061298
A-2024-06-71;30:00.0;ATROPELLO;1;0;0;CUSCO;LA CONVENCION;ECHARATE;RURAL;CARRETERA;SIN CLASIFICAR;SIN CLASIFICAR;-12.65974;DESPEJADO;RURAL;TRAMO RECTO;PLANA ;TROCHA;NULL;NULL;NULL;NULL;IMPRUDENCIA DEL CONDUCTOR;OTRO (IMPRUDENCIA DEL CONDUCTOR);Kiteni;19/6/2024;-73.065154
A-2024-06-108;30:00.0;ATROPELLO FUGA;1;0;NULL;LIMA;LIMA;LURIGANCHO;URBANA;CALLE;URBANO;NO CORRESPONDE;-12.001653;DESPEJADO;ESCOLAR;TRAMO RECTO;PLANA ;AFIRMADO;NULL;NULL;NULL;NULL;EN PROCESO DE INVESTIGACIÓN;NO CUENTA CON CAUSA ESPECIFICA;Lurigancho;19/6/2024;-76.883595
A-2024-06-56;30:00.0;VOLCADURA;2;0;1;CUSCO;ANTA;ANTA;RURAL;CARRETERA;DEPARTAMENTAL;CU-111;-13.417462;DESPEJADO;RURAL;TRAMO RECTO;PLANA ;ASFALTADA;SI;PREVENTIVA (P);PREVENTIVA (P);NO;IMPRUDENCIA DEL CONDUCTOR;EXCESO DE VELOCIDAD;CU-111;19/6/2024;-72.136983
A-2024-06-109;00:00.0;ATROPELLO;1;0;NULL;LIMA;LIMA;INDEPENDENCIA;URBANA;CARRETERA;NACIONAL;PE-1N;-11.982714;DESPEJADO;RESIDENCIAL;TRAMO RECTO;PLANA ;ASFALTADA;NULL;NULL;NULL;NULL;EN PROCESO DE INVESTIGACIÓN;NO CUENTA CON CAUSA ESPECIFICA;Carretera Panamericana Norte;20/6/2024;-77.065332
A-2024-06-110;30:00.0;ATROPELLO;1;0;NULL;LIMA;LIMA;SAN JUAN DE MIRAFLORES;URBANA;AVENIDA;URBANO;NO CORRESPONDE;-12.1616;DESPEJADO;RESIDENCIAL;TRAMO RECTO;PLANA ;ASFALTADA;NULL;NULL;NULL;NULL;EN PROCESO DE INVESTIGACIÓN;NO CUENTA CON CAUSA ESPECIFICA;Avenida Guillermo Billinghurst;20/6/2024;-76.965244
A-2024-06-8;15:00.0;ATROPELLO;1;0;1;PUNO;PUNO;CHUCUITO;RURAL;CARRETERA;NACIONAL;PE-3S;-15.924097;DESPEJADO;RURAL;TRAMO RECTO;PLANA ;ASFALTADA;NULL;NULL;NULL;NULL;IMPRUDENCIA DEL PEATÓN;CRUCE INDEBIDO POR LA CALZADA;Carretera Longitudinal de la Sierra Sur;20/6/2024;-69.878931
A-2024-06-52;20:00.0;ATROPELLO;1;0;1;AREQUIPA;AREQUIPA;CAYMA;URBANA;CALLE;URBANO;NO CORRESPONDE;-16.372111;DESPEJADO;RESIDENCIAL;INTERSECCIÓN;PLANA ;ASFALTADA;NULL;NULL;NULL;NULL;EN PROCESO DE INVESTIGACIÓN;NO CUENTA CON CAUSA ESPECIFICA;Avenida la Ronda;20/6/2024;-71.537242
A-2024-06-111;00:00.0;CHOQUE;1;0;NULL;LIMA;LIMA;MAGDALENA DEL MAR;URBANA;VIA EXPRESA;URBANO;NO CORRESPONDE;-12.097588;DESPEJADO;COMERCIAL;CURVA;PLANA ;ASFALTADA;SI;REGULADORA (R);NULL;SI;EN PROCESO DE INVESTIGACIÓN;NO CUENTA CON CAUSA ESPECIFICA;Circuito de Playas;21/6/2024;-77.073483
A-2024-06-14;30:00.0;VOLCADURA;1;0;1;HUANCAVELICA;ANGARAES;LIRCAY;RURAL;CARRETERA;DEPARTAMENTAL;HV-108;-12.964584;DESPEJADO;RURAL;TRAMO RECTO;PLANA ;ASFALTADA;NULL;NULL;NULL;NULL;EN PROCESO DE INVESTIGACIÓN;NO CUENTA CON CAUSA ESPECIFICA;HV-108;21/6/2024;-74.705819
A-2024-06-112;40:00.0;DESPISTE;1;1;NULL;LIMA;LIMA;LURIN;URBANA;CARRETERA;NACIONAL;PE-1S;-12.249106;DESPEJADO;INDUSTRIAL;TRAMO RECTO;PLANA ;ASFALTADA;NULL;NULL;NULL;NULL;EN PROCESO DE INVESTIGACIÓN;NO CUENTA CON CAUSA ESPECIFICA;Carretera Panamericana Sur;21/6/2024;-76.932391
A-2024-06-125;20:00.0;DESPISTE;1;0;NULL;LIMA;LIMA;SAN MARTIN DE PORRES;URBANA;AVENIDA;URBANO;NO CORRESPONDE;-12.032593;DESPEJADO;COMERCIAL;TRAMO RECTO;PLANA ;ASFALTADA;NULL;NULL;NULL;NULL;IMPRUDENCIA DEL CONDUCTOR;EXCESO DE VELOCIDAD;Avenida Perú;21/6/2024;-77.062625
A-2024-06-122;20:00.0;CHOQUE;1;0;1;CAJAMARCA;CHOTA;CHOTA;URBANA;JIRÓN;URBANO;NO CORRESPONDE;-6.565185;DESPEJADO;COMERCIAL;TRAMO RECTO;INCLINADA;ASFALTADA;NULL;NULL;NULL;NULL;IMPRUDENCIA DEL CONDUCTOR;CONDUCIR EN ESTADO DE EBRIEDAD Y/O DROGADICCIÓN;Carretera Longitudinal de la Sierra Norte;21/6/2024;-78.65898
A-2024-06-70;00:00.0;VOLCADURA;2;0;1;CUSCO;PARURO;YAURISQUE;RURAL;CARRETERA;DEPARTAMENTAL;CU-117;-13.673586;DESPEJADO;RURAL;TRAMO RECTO;PLANA ;AFIRMADO;NULL;NULL;NULL;NULL;IMPRUDENCIA DEL CONDUCTOR;CONDUCIR EN ESTADO DE EBRIEDAD Y/O DROGADICCIÓN;CU-117;21/6/2024;-71.920159
A-2024-06-113;30:00.0;ATROPELLO FUGA;1;0;NULL;LIMA;LIMA;CHORRILLOS;URBANA;CARRETERA;NACIONAL;PE-1S;-12.201209;DESPEJADO;INDUSTRIAL;TRAMO RECTO;PLANA ;ASFALTADA;NULL;NULL;NULL;NULL;EN PROCESO DE INVESTIGACIÓN;NO CUENTA CON CAUSA ESPECIFICA;Carretera Panamericana Sur;21/6/2024;-76.973922
A-2024-06-126;30:00.0;VOLCADURA;1;1;NULL;LIMA;LIMA;CARABAYLLO;URBANA;CARRETERA;NACIONAL;PE-20A;-11.793795;DESPEJADO;RURAL;CURVA;PLANA ;ASFALTADA;SI;PREVENTIVA (P);NULL;SI;EN PROCESO DE INVESTIGACIÓN;NO CUENTA CON CAUSA ESPECIFICA;Avenida Túpac Amaru;22/6/2024;-76.983156
A-2024-06-9;30:00.0;ATROPELLO FUGA;1;0;NULL;PUNO;PUNO;CHUCUITO;RURAL;CARRETERA;NACIONAL;PE-3S;-15.885767;DESPEJADO;RURAL;TRAMO RECTO;PLANA ;ASFALTADA;NULL;NULL;NULL;NULL;EN PROCESO DE INVESTIGACIÓN;NO CUENTA CON CAUSA ESPECIFICA;Carretera Longitudinal de la Sierra Sur;22/6/2024;-69.898305
A-2024-06-78;00:00.0;DESPISTE;1;1;NULL;HUANCAVELICA;HUAYTARA;QUITO-ARMA;RURAL;CARRETERA;SIN CLASIFICAR;SIN CLASIFICAR;-13.518329;DESPEJADO;RURAL;CURVA;INCLINADA;TROCHA;NULL;NULL;NULL;NULL;EN PROCESO DE INVESTIGACIÓN;NO CUENTA CON CAUSA ESPECIFICA;Quito-Arma;22/6/2024;-75.327399
A-2024-06-45;30:00.0;DESPISTE;1;0;1;SAN MARTIN;MOYOBAMBA;SORITOR;URBANA;CARRETERA;PROVINCIAL;SM-625;-6.132131;DESPEJADO;COMERCIAL;TRAMO RECTO;PLANA ;ASFALTADA;NULL;NULL;NULL;NULL;IMPRUDENCIA DEL CONDUCTOR;OTRO (IMPRUDENCIA DEL CONDUCTOR);SM-625;22/6/2024;-77.110711