CÓDIGO SINIESTRO;HORA SINIESTRO;CLASE SINIESTRO;CANTIDAD DE FALLECIDOS;CANTIDAD DE LESIONADOS;CANTIDAD DE VEHICULOS DAÑADOS;DEPARTAMENTO;PROVINCIA;DISTRITO;ZONA;TIPO DE VÍA;RED VIAL;COD CARRETERA;COORDENADAS LATITUD;CONDICIÓN CLIMÁTICA;ZONIFICACIÓN;CARACTERÍSTICAS DE VÍA;PERFIL LONGITUDINAL VÍA;SUPERFICIE DE CALZADA;¿EXISTE SEÑAL VERTICAL?;CLASIFICACIÓN DE LA SEÑAL VERTICAL Nº 1;CLASIFICACIÓN DE LA SEÑAL VERTICAL Nº 2;¿EXISTE SEÑAL HORIZONTAL?;CAUSA FACTOR PRINCIPAL;CAUSA ESPECÍFICA;UBICACION;FECHA SINIESTRO;COORDENADAS LONGITUD
A-2024-06-162;40:00.0;ATROPELLO FUGA;1;0;NULL;LIMA;LIMA;PUENTE PIEDRA;URBANA;CARRETERA;NACIONAL;PE-1N;-11.899502;DESPEJADO;INDUSTRIAL;TRAMO RECTO;PLANA ;ASFALTADA;NULL;NULL;NULL;NULL;EN PROCESO DE INVESTIGACIÓN;NO CUENTA CON CAUSA ESPECIFICA;Avenida Panamericana Norte;22/6/2024;-77.067748
A-2024-06-127;00:00.0;CHOQUE CON OBJETO FIJO;1;0;NULL;LIMA;LIMA;ATE;URBANA;AVENIDA;URBANO;NO CORRESPONDE;-12.026492;DESPEJADO;ESCOLAR;TRAMO RECTO;PLANA ;ASFALTADA;NULL;NULL;NULL;NULL;EN PROCESO DE INVESTIGACIÓN;NO CUENTA CON CAUSA ESPECIFICA;Avenida Alfonso Ugarte;23/6/2024;-76.892715
A-2024-06-163;00:00.0;ATROPELLO FUGA;1;0;NULL;LIMA;LIMA;LIMA;URBANA;AVENIDA;URBANO;NO CORRESPONDE;-12.059119;DESPEJADO;COMERCIAL;TRAMO RECTO;PLANA ;ASFALTADA;NULL;NULL;NULL;NULL;EN PROCESO DE INVESTIGACIÓN;NO CUENTA CON CAUSA ESPECIFICA;Túnel del Metropolitano;23/6/2024;-77.036173
A-2024-06-64;00:00.0;CHOQUE;1;0;2;CUSCO;QUISPICANCHI;CUSIPATA;RURAL;CARRETERA;NACIONAL;PE-3S;-13.920141;DESPEJADO;RURAL;CURVA;PLANA ;ASFALTADA;NO;NULL;NULL;SI;IMPRUDENCIA DEL CONDUCTOR;INVASIÓN DE CARRIL;Carretera Longitudinal de la Sierra Sur;23/6/2024;-71.505617
A-2024-06-128;15:00.0;ATROPELLO;1;0;NULL;LIMA;LIMA;MIRAFLORES;URBANA;AVENIDA;URBANO;NO CORRESPONDE;-12.120435;DESPEJADO;COMERCIAL;TRAMO RECTO;PLANA ;ASFALTADA;SI;PREVENTIVA (P);NULL;SI;EN PROCESO DE INVESTIGACIÓN;NO CUENTA CON CAUSA ESPECIFICA;Avenida Roosevelt;23/6/2024;-77.018288
A-2024-06-53;50:00.0;VOLCADURA;1;0;1;AREQUIPA;AREQUIPA;PAUCARPATA;URBANA;AVENIDA;URBANO;NO CORRESPONDE;-16.417137;SOLEADO;ESCOLAR;INTERSECCIÓN;INCLINADA;ASFALTADA;NULL;NULL;NULL;NULL;EN PROCESO DE INVESTIGACIÓN;NO CUENTA CON CAUSA ESPECIFICA;Túpac Amaru;24/6/2024;-71.492692
A-2024-06-85;50:00.0;CHOQUE;1;2;2;PASCO;PASCO;CHAUPIMARCA;RURAL;CARRETERA;NACIONAL;PE-3N;-10.699178;NUBLADO;RURAL;CURVA;INCLINADA;ASFALTADA;NULL;NULL;NULL;NULL;IMPRUDENCIA DEL CONDUCTOR;EXCESO DE VELOCIDAD;Carretera Longitudinal de la Sierra Norte;24/6/2024;-76.236824
A-2024-06-54;30:00.0;ATROPELLO;1;0;1;AREQUIPA;AREQUIPA;ALTO SELVA ALEGRE;URBANA;AVENIDA;URBANO;NO CORRESPONDE;-16.362033;DESPEJADO;RESIDENCIAL;TRAMO RECTO;PLANA ;ASFALTADA;NULL;NULL;NULL;NULL;EN PROCESO DE INVESTIGACIÓN;NO CUENTA CON CAUSA ESPECIFICA;Avenida Francisco Mostajo;24/6/2024;-71.517563
A-2024-06-43;20:00.0;ATROPELLO;1;0;0;AREQUIPA;AREQUIPA;SANTA RITA DE SIGUAS;RURAL;CARRETERA;NACIONAL;PE-1S;-16.41794;DESPEJADO;RURAL;TRAMO RECTO;PLANA ;ASFALTADA;NULL;NULL;NULL;NULL;EN PROCESO DE INVESTIGACIÓN;NO CUENTA CON CAUSA ESPECIFICA;Carretera Panamericana Sur;25/6/2024;-72.037985
A-2024-06-46;20:00.0;ATROPELLO;1;0;1;SAN MARTIN;MOYOBAMBA;MOYOBAMBA;URBANA;CARRETERA;NACIONAL;PE-5N;-6.046114;DESPEJADO;RESIDENCIAL;CURVA;INCLINADA;ASFALTADA;NULL;NULL;NULL;NULL;IMPRUDENCIA DEL CONDUCTOR;OTRO (IMPRUDENCIA DEL CONDUCTOR);Carretera Presidente Fernando Belaúnde Terry;25/6/2024;-77.017086
A-2024-06-129;15:00.0;ATROPELLO;1;0;NULL;LIMA;LIMA;INDEPENDENCIA;URBANA;AVENIDA;URBANO;NO CORRESPONDE;-12.007479;DESPEJADO;COMERCIAL;TRAMO RECTO;PLANA ;ASFALTADA;SI;PREVENTIVA (P);NULL;SI;EN PROCESO DE INVESTIGACIÓN;NO CUENTA CON CAUSA ESPECIFICA;Avenida Tomás Valle;25/6/2024;-77.054036
A-2024-06-130;35:00.0;ATROPELLO;1;0;NULL;LIMA;LIMA;MIRAFLORES;URBANA;AVENIDA;URBANO;NO CORRESPONDE;-12.111587;DESPEJADO;ESCOLAR;INTERSECCIÓN;PLANA ;ASFALTADA;SI;REGULADORA (R);NULL;SI;EN PROCESO DE INVESTIGACIÓN;NO CUENTA CON CAUSA ESPECIFICA;Calle Contralimirante Montero;26/6/2024;-77.029154
A-2024-06-30;50:00.0;ATROPELLO;1;0;NULL;PUNO;YUNGUYO;YUNGUYO;RURAL;CARRETERA;DEPARTAMENTAL;PU-151;-16.250587;DESPEJADO;RURAL;TRAMO RECTO;PLANA ;ASFALTADA;NULL;NULL;NULL;NULL;IMPRUDENCIA DEL PEATÓN;CRUCE INDEBIDO POR LA CALZADA;PU-1310;26/6/2024;-69.072994
A-2024-06-47;00:00.0;CHOQUE;1;0;2;SAN MARTIN;RIOJA;AWAJUN;RURAL;CARRETERA;PROVINCIAL;SM-507;-5.698771;DESPEJADO;RURAL;CURVA;INCLINADA;AFIRMADO;NULL;NULL;NULL;NULL;EN PROCESO DE INVESTIGACIÓN;NO CUENTA CON CAUSA ESPECIFICA;Alto Mayo;26/6/2024;-77.44196
A-2024-06-26;00:00.0;CHOQUE;1;0;1;TUMBES;TUMBES;LA CRUZ;RURAL;CARRETERA;NACIONAL;PE-1N;-3.623927;DESPEJADO;RURAL;TRAMO RECTO;PLANA ;ASFALTADA;NULL;NULL;NULL;NULL;IMPRUDENCIA DEL CONDUCTOR;OTRO (IMPRUDENCIA DEL CONDUCTOR);Carretera Panamericana Norte;27/6/2024;-80.561103
A-2024-06-79;00:00.0;DESPISTE;1;0;NULL;ICA;PISCO;HUMAY;RURAL;CARRETERA;PROVINCIAL;IC-574;-13.735702;DESPEJADO;RURAL;TRAMO RECTO;PLANA ;TROCHA;NULL;NULL;NULL;NULL;EN PROCESO DE INVESTIGACIÓN;NO CUENTA CON CAUSA ESPECIFICA;Bernales;27/6/2024;-75.97091
A-2024-06-131;00:00.0;ATROPELLO;1;0;NULL;LIMA;LIMA;ATE;URBANA;AVENIDA;URBANO;NO CORRESPONDE;-12.012446;DESPEJADO;RESIDENCIAL;INTERSECCIÓN;PLANA ;ASFALTADA;NULL;NULL;NULL;NULL;EN PROCESO DE INVESTIGACIÓN;NO CUENTA CON CAUSA ESPECIFICA;Avenida Jaime Zubieta Calderón;27/6/2024;-76.839548
A-2024-06-36;35:00.0;DESPISTE;1;1;1;LA LIBERTAD;PACASMAYO;GUADALUPE;RURAL;CARRETERA;NACIONAL;PE-1N;-7.248234;DESPEJADO;RURAL;TRAMO RECTO;PLANA ;ASFALTADA;NULL;NULL;NULL;NULL;EN PROCESO DE INVESTIGACIÓN;NO CUENTA CON CAUSA ESPECIFICA;Avenida Nila Cerrutti;28/6/2024;-79.473838
A-2024-06-124;30:00.0;ESPECIAL;1;0;1;CAJAMARCA;JAEN;JAEN;RURAL;CARRETERA;NACIONAL;PE-5N;-5.793616;DESPEJADO;RURAL;TRAMO RECTO;PLANA ;ASFALTADA;NULL;NULL;NULL;NULL;EN PROCESO DE INVESTIGACIÓN;NO CUENTA CON CAUSA ESPECIFICA;Carretera Presidente Fernando Belaúnde Terry;28/6/2024;-78.724829
A-2024-06-86;25:00.0;DESPISTE;1;1;1;LIMA;HUARAL;PACARAOS;RURAL;CARRETERA;NACIONAL;PE-20C;-11.12737;DESPEJADO;RURAL;CURVA;INCLINADA;ASFALTADA;NULL;NULL;NULL;NULL;IMPRUDENCIA DEL CONDUCTOR;EXCESO DE VELOCIDAD;PE-20C;28/6/2024;-76.626292
A-2024-06-62;30:00.0;CHOQUE CON OBJETO FIJO;2;0;1;AYACUCHO;HUAMANGA;TAMBILLO;URBANA;AVENIDA;URBANO;NO CORRESPONDE;-13.171463;DESPEJADO;RESIDENCIAL;TRAMO RECTO;INCLINADA;CONCRETO;SI;PREVENTIVA (P);NULL;NO;IMPRUDENCIA DEL CONDUCTOR;CONDUCIR EN ESTADO DE EBRIEDAD Y/O DROGADICCIÓN;Santa Bárbara;29/6/2024;-74.163734
A-2024-06-59;30:00.0;DESPISTE;1;1;1;CUSCO;CHUMBIVILCAS;VELILLE;RURAL;CARRETERA;NACIONAL;PE-3SG;-14.587728;DESPEJADO;RURAL;CURVA;PLANA ;ASFALTADA;NULL;NULL;NULL;NULL;IMPRUDENCIA DEL CONDUCTOR;GIRAR IMPRUDENTEMENTE;PE-3SG;29/6/2024;-71.732388
A-2024-06-32;20:00.0;ATROPELLO FUGA;1;0;NULL;PUNO;EL COLLAO;ILAVE;URBANA;AVENIDA;URBANO;NO CORRESPONDE;-16.085294;DESPEJADO;COMERCIAL;TRAMO RECTO;PLANA ;ASFALTADA;NULL;NULL;NULL;NULL;IMPRUDENCIA DEL PEATÓN;CRUCE INDEBIDO POR LA CALZADA;Avenida Puno;29/6/2024;-69.64155
A-2024-06-31;30:00.0;ATROPELLO;1;0;NULL;PUNO;PUNO;PUNO;URBANA;CARRETERA;NACIONAL;PE-3S;-15.863161;NULL;NULL;NULL;NULL;NULL;NULL;NULL;NULL;NULL;IMPRUDENCIA DEL CONDUCTOR;OTRO (IMPRUDENCIA DEL CONDUCTOR);Carretera Longitudinal de la Sierra Sur;29/6/2024;-69.999587
A-2024-06-63;30:00.0;DESPISTE;1;1;1;AYACUCHO;HUAMANGA;AYACUCHO;RURAL;CARRETERA;PROVINCIAL;AY-781;-13.090232;DESPEJADO;RURAL;CURVA;INCLINADA;TROCHA;SI;PREVENTIVA (P);NULL;NO;IMPRUDENCIA DEL CONDUCTOR;OTRO (IMPRUDENCIA DEL CONDUCTOR);AY-781;29/6/2024;-74.233856
A-2024-06-132;15:00.0;CAÍDA DE PASAJERO;1;0;NULL;LIMA;LIMA;SAN MARTIN DE PORRES;URBANA;CALLE;URBANO;NO CORRESPONDE;-11.985783;DESPEJADO;RESIDENCIAL;TRAMO RECTO;PLANA ;ASFALTADA;NULL;NULL;NULL;NULL;EN PROCESO DE INVESTIGACIÓN;NO CUENTA CON CAUSA ESPECIFICA;La Libertad;30/6/2024;-77.111835
A-2024-06-28;00:00.0;DESPISTE;1;2;1;TUMBES;CONTRALMIRANTE VILLAR;CASITAS;RURAL;CARRETERA;DEPARTAMENTAL;TU-105;-3.961321;DESPEJADO;RURAL;TRAMO RECTO;PLANA ;ASFALTADA;NULL;NULL;NULL;NULL;NEGLIGENCIA DEL CONDUCTOR;CONDUCIR CON FALLAS ELÉCTRICAS;TU-105;30/6/2024;-80.660784
A-2024-06-82;45:00.0;CHOQUE;1;1;2;ICA;ICA;SANTIAGO;URBANA;CARRETERA;NACIONAL;PE-1S;-14.385333;DESPEJADO;RESIDENCIAL;TRAMO RECTO;PLANA ;ASFALTADA;NULL;NULL;NULL;NULL;EN PROCESO DE INVESTIGACIÓN;NO CUENTA CON CAUSA ESPECIFICA;Carretera Panamericana Sur;30/6/2024;-75.61286
A-2024-06-37;00:00.0;DESPISTE;1;0;1;LA LIBERTAD;PACASMAYO;JEQUETEPEQUE;RURAL;CARRETERA;PROVINCIAL;LI-565;-7.330516;DESPEJADO;RURAL;TRAMO RECTO;PLANA ;ASFALTADA;NULL;NULL;NULL;NULL;EN PROCESO DE INVESTIGACIÓN;NO CUENTA CON CAUSA ESPECIFICA;LI-565;30/6/2024;-79.559444
A-2024-06-123;00:00.0;CHOQUE;2;3;2;CAJAMARCA;CONTUMAZA;YONAN;RURAL;CARRETERA;NACIONAL;PE-08;-7.249759;DESPEJADO;RURAL;TRAMO RECTO;PLANA ;ASFALTADA;NULL;NULL;NULL;NULL;IMPRUDENCIA DEL CONDUCTOR;CONDUCIR EN ESTADO DE EBRIEDAD Y/O DROGADICCIÓN;Carretera Ciudad de Dios - Cajamarca;30/6/2024;-79.229893
A-2024-06-133;00:00.0;ATROPELLO;1;0;NULL;LIMA;LIMA;LURIN;URBANA;CARRETERA;NACIONAL;PE-1S;-12.297233;DESPEJADO;RESIDENCIAL;TRAMO RECTO;PLANA ;ASFALTADA;NULL;NULL;NULL;NULL;EN PROCESO DE INVESTIGACIÓN;NO CUENTA CON CAUSA ESPECIFICA;Carretera Panamericana Sur;30/6/2024;-76.855098
A-2024-06-80;30:00.0;CHOQUE FUGA;1;0;NULL;AREQUIPA;AREQUIPA;YURA;RURAL;CARRETERA;NACIONAL;PE-34A;-16.057878;SOLEADO;RURAL;TRAMO RECTO;PLANA ;ASFALTADA;NULL;NULL;NULL;NULL;EN PROCESO DE INVESTIGACIÓN;NO CUENTA CON CAUSA ESPECIFICA;Patahuasi;30/6/2024;-71.414583
A-2024-07-39;50:00.0;CHOQUE;2;2;2;LIMA;HUAURA;HUACHO;RURAL;CARRETERA;NACIONAL;PE-1N;-11.20513;DESPEJADO;RURAL;TRAMO RECTO;PLANA ;ASFALTADA;SI;PREVENTIVA (P);NULL;NO;IMPRUDENCIA DEL CONDUCTOR;CONDUCIR EN ESTADO DE EBRIEDAD Y/O DROGADICCIÓN;Carretera Panamericana Norte;1/7/2024;-77.5615
A-2024-07-2;00:00.0;DESPISTE;1;0;1;HUANCAVELICA;ACOBAMBA;MARCAS;RURAL;CARRETERA;NACIONAL;PE-3SM;-12.870892;SOLEADO;RURAL;TRAMO RECTO;INCLINADA;ASFALTADA;NULL;NULL;NULL;NULL;EN PROCESO DE INVESTIGACIÓN;NO CUENTA CON CAUSA ESPECIFICA;Carretera Acobamba - Huanta;1/7/2024;-74.379126
A-2024-07-50;30:00.0;ATROPELLO;1;0;1;CUSCO;ANTA;ANCAHUASI;RURAL;CARRETERA;NACIONAL;PE-3S;-13.479107;DESPEJADO;RURAL;TRAMO RECTO;PLANA ;ASFALTADA;SI;PREVENTIVA (P);NULL;NO;IMPRUDENCIA DEL PEATÓN;CRUCE INDEBIDO POR LA CALZADA;Carretera Longitudinal de la Sierra Sur;2/7/2024;-72.271813
A-2024-07-79;00:00.0;CHOQUE FUGA;1;1;2;ICA;NASCA;NASCA;URBANA;CARRETERA;NACIONAL;PE-1S;-14.871135;DESPEJADO;COMERCIAL;TRAMO RECTO;PLANA ;ASFALTADA;NULL;NULL;NULL;NULL;EN PROCESO DE INVESTIGACIÓN;NO CUENTA CON CAUSA ESPECIFICA;Carretera Panamericana Sur;2/7/2024;-74.988225
A-2024-07-91;15:00.0;ATROPELLO FUGA;1;0;NULL;LIMA;LIMA;PUENTE PIEDRA;URBANA;AVENIDA;URBANO;NO CORRESPONDE;-11.840908;DESPEJADO;INDUSTRIAL;TRAMO RECTO;PLANA ;ASFALTADA;NULL;NULL;NULL;NULL;EN PROCESO DE INVESTIGACIÓN;NO CUENTA CON CAUSA ESPECIFICA;Avenida Coronel Nestor Gambetta;3/7/2024;-77.11424
A-2024-07-8;35:00.0;DESPISTE;1;0;1;SAN MARTIN;MOYOBAMBA;MOYOBAMBA;URBANA;JIRÓN;URBANO;NO CORRESPONDE;-6.035303;DESPEJADO;RESIDENCIAL;INTERSECCIÓN;PLANA ;ASFALTADA;NULL;NULL;NULL;NULL;IMPRUDENCIA DEL CONDUCTOR;OTRO (IMPRUDENCIA DEL CONDUCTOR);Jirón Damián Nájar;3/7/2024;-76.978218
A-2024-07-85;20:00.0;CAÍDA DE PASAJERO;1;0;NULL;APURIMAC;ANDAHUAYLAS;HUANCARAMA;RURAL;CARRETERA;PROVINCIAL;AP-597;-13.649158;DESPEJADO;RURAL;TRAMO RECTO;PLANA ;AFIRMADO;NULL;NULL;NULL;NULL;EN PROCESO DE INVESTIGACIÓN;NO CUENTA CON CAUSA ESPECIFICA;Acco;3/7/2024;-73.082413
A-2024-07-19;05:00.0;CHOQUE;1;0;1;LA LIBERTAD;ASCOPE;CHOCOPE;RURAL;CARRETERA;NACIONAL;PE-1N;-7.774306;DESPEJADO;RURAL;TRAMO RECTO;PLANA ;ASFALTADA;NULL;NULL;NULL;NULL;EN PROCESO DE INVESTIGACIÓN;NO CUENTA CON CAUSA ESPECIFICA;Panamericana Norte;3/7/2024;-79.253608
A-2024-07-97;30:00.0;CAÍDA DE PASAJERO;1;0;1;CAJAMARCA;CUTERVO;QUEROCOTILLO;RURAL;CARRETERA;PROVINCIAL;CA-824;-6.170657;DESPEJADO;RURAL;CURVA;INCLINADA;ASFALTADA;NULL;NULL;NULL;NULL;IMPRUDENCIA DEL CONDUCTOR;OTRO (IMPRUDENCIA DEL CONDUCTOR);CA-824;4/7/2024;-79.018362
A-2024-07-107;40:00.0;DESPISTE;1;0;NULL;LIMA;LIMA;SAN JUAN DE LURIGANCHO;URBANA;AVENIDA;URBANO;NO CORRESPONDE;-11.921401;DESPEJADO;RESIDENCIAL;TRAMO RECTO;PLANA ;ASFALTADA;NULL;NULL;NULL;NULL;EN PROCESO DE INVESTIGACIÓN;NO CUENTA CON CAUSA ESPECIFICA;Avenida Pachacútec;4/7/2024;-76.960843
A-2024-07-106;40:00.0;ATROPELLO;1;0;NULL;LIMA;LIMA;PUENTE PIEDRA;URBANA;CALLE;URBANO;NO CORRESPONDE;-11.870448;DESPEJADO;RESIDENCIAL;TRAMO RECTO;PLANA ;TROCHA;NULL;NULL;NULL;NULL;EN PROCESO DE INVESTIGACIÓN;NO CUENTA CON CAUSA ESPECIFICA;Puente Piedra;4/7/2024;-77.0647
A-2024-07-1;10:00.0;ATROPELLO;1;0;NULL;CALLAO;CALLAO;CARMEN DE LA LEGUA REYNOSO;URBANA;AVENIDA;URBANO;NO CORRESPONDE;-12.040129;DESPEJADO;RESIDENCIAL;TRAMO RECTO;PLANA ;ASFALTADA;NULL;NULL;NULL;NULL;IMPRUDENCIA DEL CONDUCTOR;OTRO (IMPRUDENCIA DEL CONDUCTOR);Avenida 1º de Mayo;4/7/2024;-77.093483
A-2024-07-108;41:00.0;CHOQUE;1;0;NULL;LIMA;LIMA;SURQUILLO;URBANA;AVENIDA;URBANO;NO CORRESPONDE;-12.105387;DESPEJADO;COMERCIAL;INTERSECCIÓN;PLANA ;ASFALTADA;SI;PREVENTIVA (P);NULL;SI;EN PROCESO DE INVESTIGACIÓN;NO CUENTA CON CAUSA ESPECIFICA;Avenida Domingo Orué;4/7/2024;-77.017809
A-2024-07-3;45:00.0;CHOQUE;1;2;2;PUNO;CHUCUITO;ZEPITA;RURAL;CARRETERA;NACIONAL;PE-3S;-16.460345;DESPEJADO;RURAL;TRAMO RECTO;PLANA ;ASFALTADA;NULL;NULL;NULL;NULL;IMPRUDENCIA DEL CONDUCTOR;OTRO (IMPRUDENCIA DEL CONDUCTOR);Carretera Longitudinal de la Sierra Sur;4/7/2024;-69.138111
A-2024-07-4;30:00.0;ATROPELLO FUGA;1;0;NULL;PUNO;EL COLLAO;ILAVE;RURAL;CARRETERA;PROVINCIAL;PU-1160;-16.025852;NULL;NULL;NULL;NULL;NULL;NULL;NULL;NULL;NULL;EN PROCESO DE INVESTIGACIÓN;NO CUENTA CON CAUSA ESPECIFICA;PU-1160;5/7/2024;-69.490229
A-2024-07-63;20:00.0;CHOQUE CON OBJETO FIJO;1;0;NULL;AREQUIPA;AREQUIPA;PAUCARPATA;RURAL;AVENIDA;URBANO;NO CORRESPONDE;-16.410952;SOLEADO;RURAL;INTERSECCIÓN;PLANA ;ASFALTADA;NULL;NULL;NULL;NULL;EN PROCESO DE INVESTIGACIÓN;NO CUENTA CON CAUSA ESPECIFICA;Avenida los Incas;5/7/2024;-71.513568
A-2024-07-5;30:00.0;ATROPELLO;1;0;1;PUNO;EL COLLAO;ILAVE;RURAL;CARRETERA;NACIONAL;PE-38A;-16.093481;DESPEJADO;RURAL;TRAMO RECTO;PLANA ;ASFALTADA;NULL;NULL;NULL;NULL;IMPRUDENCIA DEL PEATÓN;CRUCE INDEBIDO POR LA CALZADA;Carretera Longitudinal de la Sierra Sur;5/7/2024;-69.626387
A-2024-07-109;30:00.0;ATROPELLO;1;0;NULL;LIMA;LIMA;VILLA EL SALVADOR;URBANA;AVENIDA;URBANO;NO CORRESPONDE;-12.211305;DESPEJADO;COMERCIAL;INTERSECCIÓN;PLANA ;ASFALTADA;NULL;NULL;NULL;NULL;EN PROCESO DE INVESTIGACIÓN;NO CUENTA CON CAUSA ESPECIFICA;Avenida Juan Velasco Alvarado;5/7/2024;-76.944643
A-2024-07-110;50:00.0;ATROPELLO;1;0;NULL;LIMA;LIMA;VILLA MARIA DEL TRIUNFO;URBANA;AVENIDA;URBANO;NO CORRESPONDE;-12.140738;DESPEJADO;COMERCIAL;TRAMO RECTO;INCLINADA;ASFALTADA;NULL;NULL;NULL;NULL;EN PROCESO DE INVESTIGACIÓN;NO CUENTA CON CAUSA ESPECIFICA;Avenida José Carlos Mariátegui;6/7/2024;-76.948739
A-2024-07-49;30:00.0;DESPISTE;3;0;1;CUSCO;PAUCARTAMBO;KOSÑIPATA;RURAL;CARRETERA;DEPARTAMENTAL;CU-113;-13.079605;DESPEJADO;RURAL;CURVA;PLANA ;AFIRMADO;NULL;NULL;NULL;NULL;IMPRUDENCIA DEL CONDUCTOR;FATIGA Y/O CANSANCIO;CU-113;6/7/2024;-71.559882
A-2024-07-61;00:00.0;DESPISTE;1;4;1;CUSCO;CHUMBIVILCAS;SANTO TOMAS;URBANA;CARRETERA;NACIONAL;PE-3SG;-14.470243;DESPEJADO;RURAL;TRAMO RECTO;PLANA ;AFIRMADO;NULL;NULL;NULL;NULL;IMPRUDENCIA DEL CONDUCTOR;OTRO (IMPRUDENCIA DEL CONDUCTOR);PE-3SG;7/7/2024;-72.097836
A-2024-07-11;00:00.0;DESPISTE;1;1;1;HUANCAVELICA;ACOBAMBA;ACOBAMBA;RURAL;CARRETERA;NACIONAL;PE-3SM;-12.804603;DESPEJADO;RURAL;TRAMO RECTO;PLANA ;ASFALTADA;NULL;NULL;NULL;NULL;EN PROCESO DE INVESTIGACIÓN;NO CUENTA CON CAUSA ESPECIFICA;Carretera Acobamba - Huancavelica;7/7/2024;-74.583633
A-2024-07-35;00:00.0;CHOQUE FUGA;1;1;2;TUMBES;ZARUMILLA;ZARUMILLA;URBANA;CARRETERA;NACIONAL;PE-1NO;-3.492201;DESPEJADO;RURAL;TRAMO RECTO;PLANA ;ASFALTADA;NULL;NULL;NULL;NULL;IMPRUDENCIA DEL CONDUCTOR;CONDUCIR EN ESTADO DE EBRIEDAD Y/O DROGADICCIÓN;Carretera Panamericana Norte;7/7/2024;-80.268554
A-2024-07-6;40:00.0;ATROPELLO;1;0;1;PUNO;EL COLLAO;ILAVE;RURAL;CARRETERA;PROVINCIAL;PU-1153;-16.01711;DESPEJADO;RURAL;TRAMO RECTO;PLANA ;ASFALTADA;NULL;NULL;NULL;NULL;IMPRUDENCIA DEL PEATÓN;CRUCE INDEBIDO POR LA CALZADA;Camicachi;7/7/2024;-69.576786
A-2024-07-92;30:00.0;ATROPELLO;1;0;1;CAJAMARCA;SAN IGNACIO;SAN IGNACIO;URBANA;JIRÓN;URBANO;NO CORRESPONDE;-5.143478;DESPEJADO;ESCOLAR;CURVA;INCLINADA;CONCRETO;NULL;NULL;NULL;NULL;IMPRUDENCIA DEL PEATÓN;ESTADO DE EBRIEDAD Y/O DROGADICCIÓN;Jirón Huáscar;7/7/2024;-79.000694
A-2024-07-7;40:00.0;ATROPELLO;1;0;1;PUNO;PUNO;CAPACHICA;RURAL;CARRETERA;DEPARTAMENTAL;PU-119;-15.634109;DESPEJADO;RURAL;TRAMO RECTO;PLANA ;ASFALTADA;NULL;NULL;NULL;NULL;IMPRUDENCIA DEL PEATÓN;CRUCE INDEBIDO POR LA CALZADA;PU-119;7/7/2024;-69.832689
A-2024-07-78;00:00.0;DESPISTE;1;3;1;AYACUCHO;LUCANAS;LLAUTA;RURAL;CARRETERA;DEPARTAMENTAL;AY-111;-14.230018;DESPEJADO;RURAL;SINUOSA;INCLINADA;TROCHA;NULL;NULL;NULL;NULL;EN PROCESO DE INVESTIGACIÓN;NO CUENTA CON CAUSA ESPECIFICA;PE-30D;7/7/2024;-74.894765
A-2024-07-62;30:00.0;ATROPELLO;1;0;0;CUSCO;PARURO;CCAPI;RURAL;CARRETERA;PROVINCIAL;CU-1526;-13.894644;DESPEJADO;RURAL;TRAMO RECTO;PLANA ;AFIRMADO;NULL;NULL;NULL;NULL;IMPRUDENCIA DEL PEATÓN;DESACATO DE SEÑAL DE TRÁNSITO;CU-1526;7/7/2024;-72.039359
A-2024-07-20;40:00.0;ATROPELLO;1;0;1;LA LIBERTAD;PATAZ;PATAZ;RURAL;CARRETERA;DEPARTAMENTAL;LI-124;-7.821042;DESPEJADO;RURAL;TRAMO RECTO;PLANA ;TROCHA;NULL;NULL;NULL;NULL;EN PROCESO DE INVESTIGACIÓN;NO CUENTA CON CAUSA ESPECIFICA;LI-124;7/7/2024;-77.639781
A-2024-07-93;20:00.0;CHOQUE;2;0;2;CAJAMARCA;JAEN;JAEN;URBANA;CARRETERA;NACIONAL;PE-5N;-5.677865;DESPEJADO;COMERCIAL;TRAMO RECTO;INCLINADA;ASFALTADA;SI;PREVENTIVA (P);NULL;NO;IMPRUDENCIA DEL CONDUCTOR;EXCESO DE VELOCIDAD;PE-5N;8/7/2024;-78.780607
A-2024-07-99;00:00.0;DESPISTE;1;3;1;CAJAMARCA;CAJABAMBA;SITACOCHA;RURAL;CARRETERA;SIN CLASIFICAR;SIN CLASIFICAR;-7.365094;DESPEJADO;RURAL;TRAMO RECTO;PLANA ;AFIRMADO;NULL;NULL;NULL;NULL;IMPRUDENCIA DEL CONDUCTOR;OTRO (IMPRUDENCIA DEL CONDUCTOR);Sitacocha;8/7/2024;-77.921702
A-2024-07-88;45:00.0;CHOQUE FUGA;1;0;NULL;UCAYALI;CORONEL PORTILLO;YARINACOCHA;URBANA;CARRETERA;NACIONAL;PE-18C;-8.388407;DESPEJADO;COMERCIAL;INTERSECCIÓN;PLANA ;CONCRETO;NULL;NULL;NULL;NULL;IMPRUDENCIA DEL CONDUCTOR;OTRO (IMPRUDENCIA DEL CONDUCTOR);Centenario;8/7/2024;-74.564987
A-2024-07-95;00:00.0;VOLCADURA;1;0;1;CAJAMARCA;CAJAMARCA;CAJAMARCA;RURAL;CARRETERA;NACIONAL;PE-08;-7.238167;DESPEJADO;RURAL;CURVA;INCLINADA;ASFALTADA;NULL;NULL;NULL;NULL;IMPRUDENCIA DEL CONDUCTOR;EXCESO DE VELOCIDAD;Carretera Ciudad de Dios - Cajamarca;8/7/2024;-78.477142