CÓDIGO SINIESTRO;HORA SINIESTRO;CLASE SINIESTRO;CANTIDAD DE FALLECIDOS;CANTIDAD DE LESIONADOS;CANTIDAD DE VEHICULOS DAÑADOS;DEPARTAMENTO;PROVINCIA;DISTRITO;ZONA;TIPO DE VÍA;RED VIAL;COD CARRETERA;COORDENADAS LATITUD;CONDICIÓN CLIMÁTICA;ZONIFICACIÓN;CARACTERÍSTICAS DE VÍA;PERFIL LONGITUDINAL VÍA;SUPERFICIE DE CALZADA;¿EXISTE SEÑAL VERTICAL?;CLASIFICACIÓN DE LA SEÑAL VERTICAL Nº 1;CLASIFICACIÓN DE LA SEÑAL VERTICAL Nº 2;¿EXISTE SEÑAL HORIZONTAL?;CAUSA FACTOR PRINCIPAL;CAUSA ESPECÍFICA;UBICACION;FECHA SINIESTRO;COORDENADAS LONGITUD
A-2024-07-58;30:00.0;CHOQUE;1;21;2;CUSCO;CUSCO;SANTIAGO;RURAL;CARRETERA;DEPARTAMENTAL;CU-117;-13.613335;DESPEJADO;RURAL;TRAMO RECTO;PLANA ;ASFALTADA;NULL;NULL;NULL;NULL;IMPRUDENCIA DEL CONDUCTOR;INVASIÓN DE CARRIL;CU-117;8/7/2024;-71.945402
A-2024-07-57;00:00.0;ATROPELLO FUGA;1;0;0;CUSCO;CHUMBIVILCAS;CHAMACA;RURAL;CARRETERA;NACIONAL;PE-3SY;-14.365861;DESPEJADO;RURAL;TRAMO RECTO;PLANA ;ASFALTADA;NULL;NULL;NULL;NULL;IMPRUDENCIA DEL CONDUCTOR;OTRO (IMPRUDENCIA DEL CONDUCTOR);PE-3SY;8/7/2024;-71.97692
A-2024-07-16;30:00.0;CHOQUE;1;1;2;SAN MARTIN;RIOJA;NUEVA CAJAMARCA;URBANA;CARRETERA;NACIONAL;PE-5N;-5.8122;DESPEJADO;RESIDENCIAL;TRAMO RECTO;PLANA ;ASFALTADA;NULL;NULL;NULL;NULL;IMPRUDENCIA DEL CONDUCTOR;OTRO (IMPRUDENCIA DEL CONDUCTOR);Carretera Presidente Fernando Belaúnde Terry;8/7/2024;-77.390418
A-2024-07-111;45:00.0;ATROPELLO;1;0;NULL;LIMA;LIMA;SAN JUAN DE LURIGANCHO;URBANA;AVENIDA;URBANO;NO CORRESPONDE;-11.923019;DESPEJADO;COMERCIAL;TRAMO RECTO;PLANA ;ASFALTADA;NULL;NULL;NULL;NULL;EN PROCESO DE INVESTIGACIÓN;NO CUENTA CON CAUSA ESPECIFICA;Huayna Cápac;8/7/2024;-76.960346
A-2024-07-36;45:00.0;DESPISTE;1;1;1;TUMBES;ZARUMILLA;ZARUMILLA;URBANA;CARRETERA;NACIONAL;PE-1NO;-3.497782;DESPEJADO;ESCOLAR;TRAMO RECTO;PLANA ;ASFALTADA;NULL;NULL;NULL;NULL;IMPRUDENCIA DEL CONDUCTOR;OTRO (IMPRUDENCIA DEL CONDUCTOR);Carretera Panamericana Norte;8/7/2024;-80.275164
A-2024-07-51;00:00.0;DESPISTE;2;2;1;CUSCO;QUISPICANCHI;ANDAHUAYLILLAS;RURAL;CARRETERA;NACIONAL;PE-3S;-13.665202;DESPEJADO;RURAL;CURVA;PLANA ;ASFALTADA;SI;PREVENTIVA (P);PREVENTIVA (P);NO;NEGLIGENCIA DEL CONDUCTOR;OTRO (NEGLIGENCIA DEL CONDUCTOR);Carretera Longitudinal de la Sierra Sur;9/7/2024;-71.679549
A-2024-07-72;40:00.0;DESPISTE;2;0;1;ICA;CHINCHA;TAMBO DE MORA;RURAL;CARRETERA;NACIONAL;PE-1SE;-13.43467;DESPEJADO;RURAL;TRAMO RECTO;PLANA ;ASFALTADA;NULL;NULL;NULL;NULL;IMPRUDENCIA DEL CONDUCTOR;OTRO (IMPRUDENCIA DEL CONDUCTOR);Carretera Panamericana Sur;9/7/2024;-76.181633
A-2024-07-86;40:00.0;CHOQUE FUGA;1;0;NULL;APURIMAC;CHINCHEROS;ANCO_HUALLO;URBANA;CARRETERA;NACIONAL;PE-3S;-13.541407;DESPEJADO;RURAL;CURVA;INCLINADA;AFIRMADO;NULL;NULL;NULL;NULL;IMPRUDENCIA DEL CONDUCTOR;EXCESO DE VELOCIDAD;Carretera Longitudinal de la Sierra Sur;9/7/2024;-73.66316
A-2024-07-112;00:00.0;ATROPELLO;1;0;NULL;LIMA;LIMA;LURIN;URBANA;CARRETERA;NACIONAL;PE-1S;-12.25747;DESPEJADO;INDUSTRIAL;TRAMO RECTO;PLANA ;ASFALTADA;NULL;NULL;NULL;NULL;EN PROCESO DE INVESTIGACIÓN;NO CUENTA CON CAUSA ESPECIFICA;Carretera Panamericana Sur;10/7/2024;-76.919636
A-2024-07-17;40:00.0;CHOQUE;1;0;2;SAN MARTIN;MOYOBAMBA;MOYOBAMBA;RURAL;CARRETERA;NACIONAL;PE-5N;-6.080939;DESPEJADO;RURAL;TRAMO RECTO;INCLINADA;ASFALTADA;NULL;NULL;NULL;NULL;EN PROCESO DE INVESTIGACIÓN;NO CUENTA CON CAUSA ESPECIFICA;Carretera Presidente Fernando Belaúnde Terry;10/7/2024;-76.887707
A-2024-07-9;30:00.0;CHOQUE;2;0;2;PUNO;PUNO;ACORA;RURAL;CARRETERA;NACIONAL;PE-3S;-16.000405;DESPEJADO;RURAL;TRAMO RECTO;PLANA ;ASFALTADA;NULL;NULL;NULL;NULL;IMPRUDENCIA DEL CONDUCTOR;OTRO (IMPRUDENCIA DEL CONDUCTOR);Carretera Longitudinal de la Sierra Sur;10/7/2024;-69.765805
A-2024-07-113;51:00.0;ATROPELLO;1;0;NULL;LIMA;LIMA;LIMA;URBANA;AVENIDA;URBANO;NO CORRESPONDE;-12.03831;DESPEJADO;COMERCIAL;INTERSECCIÓN;PLANA ;ASFALTADA;NULL;NULL;NULL;NULL;EN PROCESO DE INVESTIGACIÓN;NO CUENTA CON CAUSA ESPECIFICA;Avenida Nicolás Dueñas;10/7/2024;-77.065954
A-2024-07-94;00:00.0;CHOQUE;1;0;1;CAJAMARCA;CAJAMARCA;CAJAMARCA;RURAL;CARRETERA;NACIONAL;PE-3N;-6.970766;DESPEJADO;RURAL;TRAMO RECTO;INCLINADA;ASFALTADA;SI;PREVENTIVA (P);NULL;SI;NEGLIGENCIA DEL CONDUCTOR;OTRO (NEGLIGENCIA DEL CONDUCTOR);Carretera Longitudinal de la Sierra Norte;11/7/2024;-78.569055
A-2024-07-114;20:00.0;CAÍDA DE PASAJERO;1;0;NULL;LIMA;LIMA;PUENTE PIEDRA;URBANA;AVENIDA;URBANO;NO CORRESPONDE;-11.874062;DESPEJADO;RESIDENCIAL;TRAMO RECTO;PLANA ;ASFALTADA;NULL;NULL;NULL;NULL;EN PROCESO DE INVESTIGACIÓN;NO CUENTA CON CAUSA ESPECIFICA;Avenida San Juan de Villa;11/7/2024;-77.060498
A-2024-07-115;30:00.0;ATROPELLO;1;0;NULL;LIMA;LIMA;VILLA EL SALVADOR;URBANA;AVENIDA;URBANO;NO CORRESPONDE;-12.225486;DESPEJADO;COMERCIAL;INTERSECCIÓN;PLANA ;ASFALTADA;NULL;NULL;NULL;NULL;EN PROCESO DE INVESTIGACIÓN;NO CUENTA CON CAUSA ESPECIFICA;Avenida José Carlos Mariátegui;11/7/2024;-76.939548
A-2024-07-98;15:00.0;ESPECIAL;1;4;1;CAJAMARCA;CHOTA;CHOTA;URBANA;AVENIDA;URBANO;NO CORRESPONDE;-6.556277;DESPEJADO;COMERCIAL;TRAMO RECTO;INCLINADA;ASFALTADA;NULL;NULL;NULL;NULL;NEGLIGENCIA DEL CONDUCTOR;CONDUCIR CON FALLAS DE FRENOS;Avenida Inca Garcilaso de la Vega;11/7/2024;-78.661087
A-2024-07-96;45:00.0;ATROPELLO;1;0;1;CAJAMARCA;CAJAMARCA;ENCAÑADA;URBANA;CARRETERA;NACIONAL;PE-08B;-7.090496;DESPEJADO;ESCOLAR;TRAMO RECTO;INCLINADA;ASFALTADA;NULL;NULL;NULL;NULL;IMPRUDENCIA DEL PEATÓN;OTRO (IMPRUDENCIA DEL PEATÓN);Carretera Baños del Inca - Encañada;11/7/2024;-78.345056
A-2024-07-80;10:00.0;ATROPELLO;1;1;1;ICA;ICA;SANTIAGO;URBANA;CARRETERA;NACIONAL;PE-1S;-14.275158;DESPEJADO;RURAL;TRAMO RECTO;PLANA ;ASFALTADA;NULL;NULL;NULL;NULL;EN PROCESO DE INVESTIGACIÓN;NO CUENTA CON CAUSA ESPECIFICA;Carretera Panamericana Sur;11/7/2024;-75.683589
A-2024-07-64;40:00.0;VOLCADURA;1;0;1;AREQUIPA;AREQUIPA;VITOR;RURAL;CARRETERA;NACIONAL;PE-1S;-16.425045;DESPEJADO;RURAL;TRAMO RECTO;PLANA ;ASFALTADA;NULL;NULL;NULL;NULL;EN PROCESO DE INVESTIGACIÓN;NO CUENTA CON CAUSA ESPECIFICA;Carretera Panamericana Sur;12/7/2024;-72.021894
A-2024-07-23;40:00.0;CHOQUE;1;0;2;LA LIBERTAD;PACASMAYO;GUADALUPE;RURAL;CARRETERA;NACIONAL;PE-1N;-7.308957;DESPEJADO;RURAL;TRAMO RECTO;PLANA ;ASFALTADA;NULL;NULL;NULL;NULL;EN PROCESO DE INVESTIGACIÓN;NO CUENTA CON CAUSA ESPECIFICA;Carretera Panamericana Norte;12/7/2024;-79.480583
A-2024-07-10;15:00.0;DESPISTE;1;1;1;PUNO;PUNO;VILQUE;RURAL;CARRETERA;DEPARTAMENTAL;PU-122;-15.77466;DESPEJADO;RURAL;TRAMO RECTO;PLANA ;ASFALTADA;NULL;NULL;NULL;NULL;IMPRUDENCIA DEL CONDUCTOR;OTRO (IMPRUDENCIA DEL CONDUCTOR);PU-122;12/7/2024;-70.23522
A-2024-07-47;30:00.0;DESPISTE;1;0;NULL;CUSCO;PARURO;CCAPI;RURAL;CALLE;URBANO;NO CORRESPONDE;-13.853426;DESPEJADO;RURAL;CURVA;PLANA ;AFIRMADO;NULL;NULL;NULL;NULL;IMPRUDENCIA DEL PEATÓN;CRUCE INDEBIDO POR LA CALZADA;Ccapi;12/7/2024;-72.084189
A-2024-07-65;00:00.0;DESPISTE;1;0;NULL;AREQUIPA;CAYLLOMA;CABANACONDE;RURAL;CARRETERA;PROVINCIAL;AR-680;-15.612989;DESPEJADO;RURAL;CURVA;PLANA ;ASFALTADA;NULL;NULL;NULL;NULL;EN PROCESO DE INVESTIGACIÓN;NO CUENTA CON CAUSA ESPECIFICA;Cabanaconde;13/7/2024;-71.970374
A-2024-07-24;40:00.0;CHOQUE;1;0;2;LA LIBERTAD;ASCOPE;CHICAMA;RURAL;CARRETERA;NACIONAL;PE-1N;-7.876256;DESPEJADO;RURAL;TRAMO RECTO;PLANA ;ASFALTADA;NULL;NULL;NULL;NULL;EN PROCESO DE INVESTIGACIÓN;NO CUENTA CON CAUSA ESPECIFICA;Carretera Panamericana Norte;13/7/2024;-79.131828
A-2024-07-76;30:00.0;ATROPELLO;1;0;1;ICA;CHINCHA;GROCIO PRADO;RURAL;CARRETERA;NACIONAL;PE-1S;-13.385914;DESPEJADO;RURAL;TRAMO RECTO;PLANA ;ASFALTADA;NO;NULL;NULL;NO;EN PROCESO DE INVESTIGACIÓN;NO CUENTA CON CAUSA ESPECIFICA;Carretera Panamericana Sur;13/7/2024;-76.202769
A-2024-07-100;09:00.0;ATROPELLO;2;0;1;CAJAMARCA;CAJAMARCA;CAJAMARCA;URBANA;CARRETERA;NACIONAL;PE-08;-7.189149;DESPEJADO;COMERCIAL;CURVA;INCLINADA;ASFALTADA;NULL;NULL;NULL;NULL;EN PROCESO DE INVESTIGACIÓN;NO CUENTA CON CAUSA ESPECIFICA;Carretera Ciudad de Dios - Cajamarca;14/7/2024;-78.510819
A-2024-07-40;30:00.0;ATROPELLO FUGA;1;0;1;LIMA;HUAURA;VEGUETA;RURAL;CARRETERA;NACIONAL;PE-1N;-11.0062;DESPEJADO;RURAL;TRAMO RECTO;PLANA ;ASFALTADA;NULL;NULL;NULL;NULL;EN PROCESO DE INVESTIGACIÓN;NO CUENTA CON CAUSA ESPECIFICA;Carretera Panamericana Norte;14/7/2024;-77.61288
A-2024-07-81;30:00.0;CHOQUE;1;1;2;ICA;NASCA;NASCA;URBANA;AVENIDA;URBANO;NO CORRESPONDE;-14.837546;DESPEJADO;COMERCIAL;TRAMO RECTO;PLANA ;ASFALTADA;NULL;NULL;NULL;NULL;IMPRUDENCIA DEL CONDUCTOR;EXCESO DE VELOCIDAD;Avenida Los Paredones;14/7/2024;-74.935796
A-2024-07-25;00:00.0;ATROPELLO FUGA;1;0;NULL;LA LIBERTAD;SANCHEZ CARRION;HUAMACHUCO;RURAL;CARRETERA;NACIONAL;PE-3N;-7.831102;DESPEJADO;RURAL;TRAMO RECTO;PLANA ;ASFALTADA;NULL;NULL;NULL;NULL;EN PROCESO DE INVESTIGACIÓN;NO CUENTA CON CAUSA ESPECIFICA;Carretera Longitudinal de la Sierra Norte;14/7/2024;-78.065045
A-2024-07-82;10:00.0;ATROPELLO;1;0;1;ICA;PISCO;SAN CLEMENTE;RURAL;CARRETERA;NACIONAL;PE-1SE;-13.679126;DESPEJADO;INDUSTRIAL;TRAMO RECTO;PLANA ;ASFALTADA;NULL;NULL;NULL;NULL;EN PROCESO DE INVESTIGACIÓN;NO CUENTA CON CAUSA ESPECIFICA;Carretera Panamericana Sur;14/7/2024;-76.163569
A-2024-07-101;30:00.0;CHOQUE;1;0;2;CAJAMARCA;SAN IGNACIO;SAN IGNACIO;RURAL;CARRETERA;NACIONAL;PE-5N;-5.174859;DESPEJADO;RURAL;TRAMO RECTO;PLANA ;ASFALTADA;SI;PREVENTIVA (P);NULL;NO;IMPRUDENCIA DEL CONDUCTOR;EXCESO DE VELOCIDAD;Mariano Melgar;14/7/2024;-78.902342
A-2024-07-18;00:00.0;CHOQUE;1;2;2;SAN MARTIN;RIOJA;RIOJA;RURAL;CARRETERA;NACIONAL;PE-5N;-6.016687;DESPEJADO;RURAL;TRAMO RECTO;PLANA ;ASFALTADA;NULL;NULL;NULL;NULL;IMPRUDENCIA DEL CONDUCTOR;OTRO (IMPRUDENCIA DEL CONDUCTOR);Carretera Presidente Fernando Belaúnde Terry;15/7/2024;-77.233884
A-2024-07-66;00:00.0;CHOQUE;1;0;2;AREQUIPA;AREQUIPA;UCHUMAYO;RURAL;CARRETERA;NACIONAL;PE-34A;-16.427268;DESPEJADO;RURAL;CURVA;INCLINADA;ASFALTADA;NULL;NULL;NULL;NULL;EN PROCESO DE INVESTIGACIÓN;NO CUENTA CON CAUSA ESPECIFICA;Carretera Interoceánica Sur;15/7/2024;-71.65209
A-2024-07-120;00:00.0;ATROPELLO FUGA;1;0;NULL;LIMA;LIMA;BARRANCO;URBANA;AVENIDA;URBANO;NO CORRESPONDE;-12.144538;DESPEJADO;RESIDENCIAL;TRAMO RECTO;PLANA ;ASFALTADA;NULL;NULL;NULL;NULL;EN PROCESO DE INVESTIGACIÓN;NO CUENTA CON CAUSA ESPECIFICA;Avenida Coronel Fransisco Bolognesi;15/7/2024;-77.018758
A-2024-07-12;40:00.0;DESPISTE;2;0;1;HUANCAVELICA;TAYACAJA;QUICHUAS;RURAL;CARRETERA;NACIONAL;PE-3S;-12.503217;DESPEJADO;RURAL;CURVA;PLANA ;TROCHA;NULL;NULL;NULL;NULL;EN PROCESO DE INVESTIGACIÓN;NO CUENTA CON CAUSA ESPECIFICA;Carretera Longitudinal de la Sierra Sur;15/7/2024;-74.716419
A-2024-07-46;30:00.0;DESPISTE;25;17;1;HUANCAVELICA;HUAYTARA;PILPICHACA;RURAL;CARRETERA;NACIONAL;PE-28A;-13.41;DESPEJADO;RURAL;SINUOSA;INCLINADA;ASFALTADA;SI;PREVENTIVA (P);REGULADORA (R);NO;IMPRUDENCIA DEL CONDUCTOR;FATIGA Y/O CANSANCIO;Vía de los Libertadores;16/7/2024;-74.925
A-2024-07-116;00:00.0;ATROPELLO;1;0;NULL;LIMA;LIMA;COMAS;URBANA;AVENIDA;URBANO;NO CORRESPONDE;-11.925077;DESPEJADO;COMERCIAL;TRAMO RECTO;PLANA ;ASFALTADA;NULL;NULL;NULL;NULL;EN PROCESO DE INVESTIGACIÓN;NO CUENTA CON CAUSA ESPECIFICA;Avenida Almirante Miguel Grau;16/7/2024;-77.040181
A-2024-07-87;29:00.0;DESPISTE;1;0;NULL;APURIMAC;ANDAHUAYLAS;ANDAHUAYLAS;RURAL;CALLE;URBANO;NO CORRESPONDE;-13.652525;DESPEJADO;RURAL;TRAMO RECTO;INCLINADA;TROCHA;NULL;NULL;NULL;NULL;IMPRUDENCIA DEL CONDUCTOR;CONDUCIR EN ESTADO DE EBRIEDAD Y/O DROGADICCIÓN;Llantuyhuanca;17/7/2024;-73.412566
A-2024-07-13;10:00.0;ATROPELLO;1;0;1;PUNO;PUNO;PUNO;RURAL;CARRETERA;NACIONAL;PE-3S;-15.853614;DESPEJADO;RURAL;TRAMO RECTO;PLANA ;ASFALTADA;NULL;NULL;NULL;NULL;IMPRUDENCIA DEL PEATÓN;CRUCE INDEBIDO POR LA CALZADA;Carretera Longitudinal de la Sierra Sur;17/7/2024;-69.964506
A-2024-07-67;00:00.0;DESPISTE;1;0;NULL;AREQUIPA;AREQUIPA;YURA;RURAL;CARRETERA;NACIONAL;PE-34A;-16.243167;NULL;NULL;NULL;NULL;NULL;NULL;NULL;NULL;NULL;EN PROCESO DE INVESTIGACIÓN;NO CUENTA CON CAUSA ESPECIFICA;Vía Interoceánica Sur - Tramo 5;17/7/2024;-71.670389
A-2024-07-117;30:00.0;CHOQUE;1;11;NULL;LIMA;LIMA;LOS OLIVOS;URBANA;AVENIDA;URBANO;NO CORRESPONDE;-11.952789;DESPEJADO;COMERCIAL;TRAMO RECTO;PLANA ;ASFALTADA;NULL;NULL;NULL;NULL;EN PROCESO DE INVESTIGACIÓN;NO CUENTA CON CAUSA ESPECIFICA;Avenida Alfredo Mendiola;17/7/2024;-77.07007
A-2022-06-140;45:00.0;CHOQUE;1;4;NULL;PIURA;SECHURA;SECHURA;RURAL;CARRETERA;NACIONAL;PE-1N;-5.78526;DESPEJADO;RURAL;TRAMO RECTO;PLANA ;ASFALTADA;NULL;NULL;NULL;NULL;EN PROCESO DE INVESTIGACIÓN;NO CUENTA CON CAUSA ESPECIFICA;Carretera Panamericana Norte;15/6/2022;-80.544164
A-2022-06-49;35:00.0;CAÍDA DE PASAJERO;1;0;1;LA LIBERTAD;TRUJILLO;LA ESPERANZA;URBANA;AVENIDA;URBANO;NO CORRESPONDE;-8.065278;DESPEJADO;RURAL;TRAMO RECTO;PLANA ;ASFALTADA;NULL;NULL;NULL;NULL;IMPRUDENCIA DEL CONDUCTOR;GIRAR IMPRUDENTEMENTE;Avenida José Gabriel Condorcanqui;15/6/2022;-79.051389
A-2022-06-211;30:00.0;ATROPELLO;1;0;NULL;LIMA;LIMA;LIMA;URBANA;AVENIDA;URBANO;NO CORRESPONDE;-12.046334;DESPEJADO;COMERCIAL;INTERSECCIÓN;PLANA ;ASFALTADA;NULL;NULL;NULL;NULL;EN PROCESO DE INVESTIGACIÓN;NO CUENTA CON CAUSA ESPECIFICA;Avenida Tacna;16/6/2022;-77.037608
A-2022-06-24;00:00.0;ATROPELLO FUGA;1;0;NULL;PUNO;YUNGUYO;YUNGUYO;RURAL;CARRETERA;DEPARTAMENTAL;PU-130;-16.258401;NULL;NULL;NULL;NULL;NULL;NULL;NULL;NULL;NULL;EN PROCESO DE INVESTIGACIÓN;NO CUENTA CON CAUSA ESPECIFICA;PU-130;16/6/2022;-69.080211
A-2022-06-210;00:00.0;ATROPELLO;1;0;NULL;LIMA;LIMA;VILLA EL SALVADOR;URBANA;AVENIDA;URBANO;NO CORRESPONDE;-12.217266;DESPEJADO;INDUSTRIAL;INTERSECCIÓN;PLANA ;ASFALTADA;NULL;NULL;NULL;NULL;EN PROCESO DE INVESTIGACIÓN;NO CUENTA CON CAUSA ESPECIFICA;Avenida Separadora Agroindustrial;16/6/2022;-76.954835
A-2022-06-231;45:00.0;CAÍDA DE PASAJERO;1;0;NULL;JUNIN;SATIPO;PANGOA;RURAL;CARRETERA;NACIONAL;PE-28C;-11.424302;NULL;NULL;NULL;NULL;NULL;NULL;NULL;NULL;NULL;EN PROCESO DE INVESTIGACIÓN;NO CUENTA CON CAUSA ESPECIFICA;Avenida Pangoa;16/6/2022;-74.490287
A-2022-06-25;30:00.0;ATROPELLO;1;0;NULL;PUNO;EL COLLAO;ILAVE;RURAL;CARRETERA;NACIONAL;PE-3S;-16.093211;DESPEJADO;RURAL;TRAMO RECTO;PLANA ;ASFALTADA;NULL;NULL;NULL;NULL;IMPRUDENCIA DEL PEATÓN;CRUCE INDEBIDO POR LA CALZADA;Carretera Longitudinal de la Sierra Sur;16/6/2022;-69.626852
A-2022-06-106;00:00.0;CHOQUE;1;3;2;TACNA;TACNA;POCOLLAY;URBANA;AVENIDA;URBANO;NO CORRESPONDE;-18.002334;DESPEJADO;INDUSTRIAL;TRAMO RECTO;PLANA ;ASFALTADA;NO;NULL;NULL;SI;IMPRUDENCIA DEL CONDUCTOR;EXCESO DE VELOCIDAD;Celestino Vargas;16/6/2022;-70.231266
A-2022-06-243;00:00.0;DESPISTE;1;0;1;PIURA;SULLANA;MARCAVELICA;RURAL;CARRETERA;SIN CLASIFICAR;SIN CLASIFICAR;-4.848;DESPEJADO;RURAL;TRAMO RECTO;PLANA ;AFIRMADO;NULL;NULL;NULL;NULL;EN PROCESO DE INVESTIGACIÓN;NO CUENTA CON CAUSA ESPECIFICA;La Golondrina;16/6/2022;-80.809
A-2022-06-46;55:00.0;ATROPELLO FUGA;1;0;1;AREQUIPA;AREQUIPA;UCHUMAYO;URBANA;CARRETERA;NACIONAL;PE-34A;-16.407605;DESPEJADO;COMERCIAL;TRAMO RECTO;PLANA ;ASFALTADA;NO;NULL;NULL;SI;EN PROCESO DE INVESTIGACIÓN;NO CUENTA CON CAUSA ESPECIFICA;Carretera Interoceánica Sur;17/6/2022;-71.606911
A-2022-06-250;15:00.0;ATROPELLO;1;0;NULL;JUNIN;JUNIN;JUNIN;URBANA;CARRETERA;NACIONAL;PE-3N;-11.156064;DESPEJADO;INDUSTRIAL;TRAMO RECTO;PLANA ;TROCHA;NULL;NULL;NULL;NULL;IMPRUDENCIA DEL CONDUCTOR;OTRO (IMPRUDENCIA DEL CONDUCTOR);Avenida Manuel Prado;17/6/2022;-75.98931
A-2022-06-209;00:00.0;ATROPELLO;1;0;NULL;LIMA;LIMA;LA VICTORIA;URBANA;JIRÓN;URBANO;NO CORRESPONDE;-12.068373;DESPEJADO;COMERCIAL;TRAMO RECTO;PLANA ;ASFALTADA;NULL;NULL;NULL;NULL;EN PROCESO DE INVESTIGACIÓN;NO CUENTA CON CAUSA ESPECIFICA;Pasaje Pisagua;17/6/2022;-77.009708
A-2022-06-78;20:00.0;ATROPELLO;2;0;NULL;LAMBAYEQUE;LAMBAYEQUE;SALAS;RURAL;CARRETERA;DEPARTAMENTAL;LA-102;-6.247488;NIEBLA;RURAL;OTRO;INCLINADA;AFIRMADO;NULL;NULL;NULL;NULL;EN PROCESO DE INVESTIGACIÓN;NO CUENTA CON CAUSA ESPECIFICA;LA-102;17/6/2022;-79.547554
A-2022-06-51;40:00.0;CHOQUE;1;0;2;LA LIBERTAD;TRUJILLO;LA ESPERANZA;URBANA;AVENIDA;URBANO;NO CORRESPONDE;-8.051105;DESPEJADO;INDUSTRIAL;INTERSECCIÓN;PLANA ;ASFALTADA;NULL;NULL;NULL;NULL;IMPRUDENCIA DEL CONDUCTOR;OTRO (IMPRUDENCIA DEL CONDUCTOR);Avenida José Gabriel Condorcanqui;17/6/2022;-79.056524
A-2022-06-187;15:00.0;ATROPELLO;1;0;NULL;AYACUCHO;HUAMANGA;VINCHOS;RURAL;CARRETERA;PROVINCIAL;AY-810;-13.245492;NUBLADO;RURAL;TRAMO RECTO;PLANA ;ASFALTADA;NULL;NULL;NULL;NULL;IMPRUDENCIA DEL CONDUCTOR;EXCESO DE VELOCIDAD;Vinchos;17/6/2022;-74.357465
A-2022-06-108;50:00.0;CHOQUE;1;0;2;TACNA;TACNA;CIUDAD NUEVA;RURAL;CARRETERA;NACIONAL;PE-38;-17.858707;DESPEJADO;RURAL;TRAMO RECTO;PLANA ;ASFALTADA;NULL;NULL;NULL;NULL;IMPRUDENCIA DEL CONDUCTOR;CONDUCIR EN SENTIDO CONTRARIO;Carretera Tacna - Tarata;17/6/2022;-70.234566
A-2022-06-70;50:00.0;ATROPELLO FUGA;1;0;1;LAMBAYEQUE;CHICLAYO;PIMENTEL;URBANA;CARRETERA;DEPARTAMENTAL;LA-109;-6.769098;DESPEJADO;RURAL;TRAMO RECTO;PLANA ;ASFALTADA;NULL;NULL;NULL;NULL;EN PROCESO DE INVESTIGACIÓN;NO CUENTA CON CAUSA ESPECIFICA;Avenida San Jose;17/6/2022;-79.905787
A-2022-06-107;30:00.0;CHOQUE;1;0;NULL;TACNA;TACNA;TACNA;URBANA;AVENIDA;URBANO;NO CORRESPONDE;-17.997207;DESPEJADO;COMERCIAL;TRAMO RECTO;PLANA ;ASFALTADA;NULL;NULL;NULL;NULL;IMPRUDENCIA DEL CONDUCTOR;CONDUCIR EN ESTADO DE EBRIEDAD Y/O DROGADICCIÓN;Avenida Industrial;18/6/2022;-70.240227
A-2022-06-232;20:00.0;CHOQUE;2;0;NULL;JUNIN;CHANCHAMAYO;PERENE;RURAL;CARRETERA;NACIONAL;PE-5S;-10.892475;NULL;NULL;NULL;NULL;NULL;NULL;NULL;NULL;NULL;EN PROCESO DE INVESTIGACIÓN;NO CUENTA CON CAUSA ESPECIFICA;Avenida Central;18/6/2022;-74.920105
A-2022-06-206;15:00.0;CHOQUE;1;1;NULL;LIMA;LIMA;ANCON;URBANA;CARRETERA;NACIONAL;PE-1N;-11.783714;DESPEJADO;INDUSTRIAL;TRAMO RECTO;PLANA ;ASFALTADA;NULL;NULL;NULL;NULL;EN PROCESO DE INVESTIGACIÓN;NO CUENTA CON CAUSA ESPECIFICA;Carretera Panamericana Norte;18/6/2022;-77.155845
A-2022-06-173;45:00.0;CHOQUE;2;0;NULL;ANCASH;CASMA;CASMA;RURAL;CARRETERA;NACIONAL;PE-1N;-9.537932;DESPEJADO;RURAL;TRAMO RECTO;PLANA ;ASFALTADA;NULL;NULL;NULL;NULL;EN PROCESO DE INVESTIGACIÓN;NO CUENTA CON CAUSA ESPECIFICA;Panamericana Norte;18/6/2022;-78.274699
A-2022-06-28;40:00.0;ATROPELLO;1;0;NULL;PUNO;EL COLLAO;ILAVE;RURAL;CARRETERA;NACIONAL;PE-38A;-16.279052;DESPEJADO;RURAL;TRAMO RECTO;PLANA ;ASFALTADA;NULL;NULL;NULL;NULL;IMPRUDENCIA DEL PEATÓN;CRUCE INDEBIDO POR LA CALZADA;Carretera Mazocruz - Ilave;18/6/2022;-69.685407
A-2022-06-205;00:00.0;ATROPELLO;1;0;NULL;LIMA;LIMA;SAN MARTIN DE PORRES;URBANA;AVENIDA;URBANO;NO CORRESPONDE;-12.02443;DESPEJADO;COMERCIAL;TRAMO RECTO;PLANA ;ASFALTADA;NULL;NULL;NULL;NULL;EN PROCESO DE INVESTIGACIÓN;NO CUENTA CON CAUSA ESPECIFICA;Avenida Eduardo de Habich;18/6/2022;-77.051427