CÓDIGO SINIESTRO;HORA SINIESTRO;CLASE SINIESTRO;CANTIDAD DE FALLECIDOS;CANTIDAD DE LESIONADOS;CANTIDAD DE VEHICULOS DAÑADOS;DEPARTAMENTO;PROVINCIA;DISTRITO;ZONA;TIPO DE VÍA;RED VIAL;COD CARRETERA;COORDENADAS LATITUD;CONDICIÓN CLIMÁTICA;ZONIFICACIÓN;CARACTERÍSTICAS DE VÍA;PERFIL LONGITUDINAL VÍA;SUPERFICIE DE CALZADA;¿EXISTE SEÑAL VERTICAL?;CLASIFICACIÓN DE LA SEÑAL VERTICAL Nº 1;CLASIFICACIÓN DE LA SEÑAL VERTICAL Nº 2;¿EXISTE SEÑAL HORIZONTAL?;CAUSA FACTOR PRINCIPAL;CAUSA ESPECÍFICA;UBICACION;FECHA SINIESTRO;COORDENADAS LONGITUD
A-2022-06-56;00:00.0;ATROPELLO;1;0;0;CUSCO;CUSCO;SAN SEBASTIAN;URBANA;CALLE;URBANO;NO CORRESPONDE;-13.535652;SOLEADO;COMERCIAL;CURVA;INCLINADA;ASFALTADA;NULL;NULL;NULL;NULL;IMPRUDENCIA DEL PEATÓN;ESTADO DE EBRIEDAD Y/O DROGADICCIÓN;San Sebastián;18/6/2022;-71.912551
A-2022-06-55;30:00.0;CHOQUE;1;0;2;CUSCO;URUBAMBA;CHINCHERO;URBANA;AVENIDA;URBANO;NO CORRESPONDE;-13.387111;DESPEJADO;RURAL;TRAMO RECTO;PLANA ;ASFALTADA;NULL;NULL;NULL;NULL;IMPRUDENCIA DEL CONDUCTOR;GIRAR IMPRUDENTEMENTE;Avenida Querapata;18/6/2022;-72.054058
A-2022-06-207;20:00.0;ATROPELLO;1;0;NULL;LIMA;LIMA;SANTA ANITA;URBANA;AVENIDA;URBANO;NO CORRESPONDE;-12.036156;DESPEJADO;COMERCIAL;TRAMO RECTO;PLANA ;ASFALTADA;NULL;NULL;NULL;NULL;EN PROCESO DE INVESTIGACIÓN;NO CUENTA CON CAUSA ESPECIFICA;Avenida Los Chancas de Andahuaylas;18/6/2022;-76.960575
A-2022-06-227;30:00.0;ATROPELLO FUGA;1;0;NULL;JUNIN;JAUJA;PARCO;URBANA;CARRETERA;NACIONAL;PE-3S;-11.800012;DESPEJADO;RURAL;TRAMO RECTO;PLANA ;CONCRETO;NULL;NULL;NULL;NULL;EN PROCESO DE INVESTIGACIÓN;NO CUENTA CON CAUSA ESPECIFICA;Carretera Longitudinal de la Sierra Sur;18/6/2022;-75.543203
A-2022-06-65;00:00.0;DESPISTE;1;0;1;CUSCO;ANTA;CHINCHAYPUJIO;RURAL;CARRETERA;NACIONAL;PE-3SF;-13.690524;DESPEJADO;RURAL;CURVA;INCLINADA;ASFALTADA;SI;PREVENTIVA (P);NULL;NO;IMPRUDENCIA DEL CONDUCTOR;FATIGA Y/O CANSANCIO;PE-3SF;18/6/2022;-72.320576
A-2022-06-208;00:00.0;ATROPELLO;1;0;NULL;LIMA;LIMA;SAN JUAN DE LURIGANCHO;URBANA;AVENIDA;URBANO;NO CORRESPONDE;-12.016035;DESPEJADO;COMERCIAL;INTERSECCIÓN;PLANA ;ASFALTADA;NULL;NULL;NULL;NULL;EN PROCESO DE INVESTIGACIÓN;NO CUENTA CON CAUSA ESPECIFICA;Avenida Los Próceres;18/6/2022;-76.965532
A-2022-06-226;00:00.0;ATROPELLO FUGA;1;0;NULL;JUNIN;CONCEPCION;CONCEPCION;URBANA;AVENIDA;URBANO;NO CORRESPONDE;-11.903667;DESPEJADO;RURAL;TRAMO RECTO;PLANA ;CONCRETO;NULL;NULL;NULL;NULL;EN PROCESO DE INVESTIGACIÓN;NO CUENTA CON CAUSA ESPECIFICA;Concepción;18/6/2022;-75.308881
A-2022-06-71;20:00.0;CHOQUE;1;0;2;LAMBAYEQUE;CHICLAYO;LAGUNAS;RURAL;CARRETERA;NACIONAL;PE-1N;-6.99424;DESPEJADO;INDUSTRIAL;TRAMO RECTO;PLANA ;ASFALTADA;NULL;NULL;NULL;NULL;EN PROCESO DE INVESTIGACIÓN;NO CUENTA CON CAUSA ESPECIFICA;Carretera Panamericana Norte;18/6/2022;-79.6189
A-2022-06-246;30:00.0;CHOQUE FUGA;1;0;1;PIURA;TALARA;PARIÑAS;RURAL;CARRETERA;NACIONAL;PE-1N;-4.588343;DESPEJADO;RURAL;TRAMO RECTO;PLANA ;AFIRMADO;NULL;NULL;NULL;NULL;EN PROCESO DE INVESTIGACIÓN;NO CUENTA CON CAUSA ESPECIFICA;Carretera Panamericana Norte;19/6/2022;-81.182141
A-2022-06-204;00:00.0;ATROPELLO FUGA;1;0;NULL;LIMA;LIMA;LURIGANCHO;URBANA;CARRETERA;NACIONAL;PE-22;-12.021297;DESPEJADO;COMERCIAL;CURVA;PLANA ;ASFALTADA;NULL;NULL;NULL;NULL;EN PROCESO DE INVESTIGACIÓN;NO CUENTA CON CAUSA ESPECIFICA;Autopista Ramiro Prialé;19/6/2022;-76.925341
A-2022-06-245;00:00.0;DESPISTE;1;0;1;PIURA;SULLANA;MARCAVELICA;RURAL;CARRETERA;SIN CLASIFICAR;SIN CLASIFICAR;-4.858;DESPEJADO;RURAL;TRAMO RECTO;PLANA ;AFIRMADO;NULL;NULL;NULL;NULL;EN PROCESO DE INVESTIGACIÓN;NO CUENTA CON CAUSA ESPECIFICA;Mallaritos;19/6/2022;-80.719
A-2022-06-47;30:00.0;ATROPELLO FUGA;1;0;1;AREQUIPA;ISLAY;COCACHACRA;URBANA;CARRETERA;PROVINCIAL;AR-832;-17.090974;DESPEJADO;RESIDENCIAL;TRAMO RECTO;PLANA ;ASFALTADA;NO;NULL;NULL;SI;EN PROCESO DE INVESTIGACIÓN;NO CUENTA CON CAUSA ESPECIFICA;Calle Mateo Pumacahua;19/6/2022;-71.774955
A-2022-06-52;30:00.0;CHOQUE;1;0;2;LA LIBERTAD;VIRU;CHAO;RURAL;CARRETERA;NACIONAL;PE-1N;-8.500596;DESPEJADO;RURAL;TRAMO RECTO;PLANA ;ASFALTADA;NULL;NULL;NULL;NULL;EN PROCESO DE INVESTIGACIÓN;NO CUENTA CON CAUSA ESPECIFICA;Panamericana Norte;19/6/2022;-78.69027
A-2022-06-109;35:00.0;ATROPELLO FUGA;1;0;NULL;TACNA;TACNA;LA YARADA LOS PALOS;RURAL;CARRETERA;PROVINCIAL;TA-642;-18.217162;DESPEJADO;COMERCIAL;TRAMO RECTO;PLANA ;ASFALTADA;NULL;NULL;NULL;NULL;IMPRUDENCIA DEL PEATÓN;ESTADO DE EBRIEDAD Y/O DROGADICCIÓN;Carretera La Yarada - Los Palos;19/6/2022;-70.412151
A-2022-06-180;30:00.0;DESPISTE;1;0;1;HUANUCO;PACHITEA;PANAO;RURAL;CARRETERA;NACIONAL;PE-18B;-9.904127;DESPEJADO;RURAL;CURVA;INCLINADA;TROCHA;NULL;NULL;NULL;NULL;IMPRUDENCIA DEL CONDUCTOR;EXCESO DE VELOCIDAD;PE-18B;19/6/2022;-76.005707
A-2022-06-203;00:00.0;ATROPELLO FUGA;1;0;NULL;LIMA;LIMA;LA VICTORIA;URBANA;AVENIDA;URBANO;NO CORRESPONDE;-12.064423;DESPEJADO;COMERCIAL;INTERSECCIÓN;PLANA ;ASFALTADA;NULL;NULL;NULL;NULL;EN PROCESO DE INVESTIGACIÓN;NO CUENTA CON CAUSA ESPECIFICA;Avenida Jaime Bausate y Meza;19/6/2022;-77.027764
A-2022-06-74;45:00.0;CHOQUE;2;0;2;CUSCO;CANAS;KUNTURKANKI;RURAL;CARRETERA;PROVINCIAL;CU-1779;-14.584799;DESPEJADO;RURAL;SINUOSA;INCLINADA;ASFALTADA;SI;PREVENTIVA (P);NULL;SI;IMPRUDENCIA DEL CONDUCTOR;INVASIÓN DE CARRIL;Kunturkanki;19/6/2022;-71.379614
A-2022-06-39;20:00.0;CHOQUE;1;1;2;SAN MARTIN;RIOJA;ELIAS SOPLIN VARGAS;RURAL;CARRETERA;NACIONAL;PE-5N;-5.999937;DESPEJADO;RURAL;TRAMO RECTO;PLANA ;ASFALTADA;NULL;NULL;NULL;NULL;IMPRUDENCIA DEL CONDUCTOR;INVASIÓN DE CARRIL;Carretera Presidente Fernando Belaúnde Terry;19/6/2022;-77.264614
A-2022-06-141;40:00.0;DESPISTE;2;2;1;LIMA;CAJATAMBO;CAJATAMBO;RURAL;CARRETERA;NACIONAL;PE-16A;-10.464184;DESPEJADO;RURAL;TRAMO RECTO;INCLINADA;ASFALTADA;NULL;NULL;NULL;NULL;EN PROCESO DE INVESTIGACIÓN;NO CUENTA CON CAUSA ESPECIFICA;PE-16A;19/6/2022;-77.072417
A-2022-06-63;30:00.0;ATROPELLO;1;0;0;CUSCO;CUSCO;SAN JERONIMO;URBANA;OTRO;URBANO;NO CORRESPONDE;-13.549759;DESPEJADO;RESIDENCIAL;INTERSECCIÓN;PLANA ;AFIRMADO;NULL;NULL;NULL;NULL;EN PROCESO DE INVESTIGACIÓN;NO CUENTA CON CAUSA ESPECIFICA;San Jerónimo;19/6/2022;-71.870687
A-2022-06-143;30:00.0;CHOQUE;1;0;2;CUSCO;LA CONVENCION;ECHARATE;RURAL;CARRETERA;NACIONAL;PE-28B;-12.649021;DESPEJADO;RURAL;TRAMO RECTO;PLANA ;ASFALTADA;NULL;NULL;NULL;NULL;IMPRUDENCIA DEL CONDUCTOR;OTRO (IMPRUDENCIA DEL CONDUCTOR);Kiteni;19/6/2022;-73.048723
A-2022-06-53;00:00.0;CHOQUE;1;0;2;LA LIBERTAD;PACASMAYO;GUADALUPE;RURAL;CARRETERA;NACIONAL;PE-1N;-7.250215;DESPEJADO;RURAL;TRAMO RECTO;PLANA ;ASFALTADA;NULL;NULL;NULL;NULL;IMPRUDENCIA DEL CONDUCTOR;CONDUCIR EN SENTIDO CONTRARIO;Avenida América;19/6/2022;-79.479839
A-2022-06-59;20:00.0;ATROPELLO;1;1;1;SAN MARTIN;RIOJA;NUEVA CAJAMARCA;RURAL;CARRETERA;NACIONAL;PE-5N;-5.869872;DESPEJADO;RURAL;TRAMO RECTO;INCLINADA;ASFALTADA;NULL;NULL;NULL;NULL;IMPRUDENCIA DEL PEATÓN;OTRO (IMPRUDENCIA DEL PEATÓN);Carretera Presidente Fernando Belaúnde Terry;19/6/2022;-77.343031
A-2022-06-89;45:00.0;DESPISTE;1;0;1;LA LIBERTAD;PACASMAYO;JEQUETEPEQUE;RURAL;CARRETERA;PROVINCIAL;LI-570;-7.341714;DESPEJADO;RURAL;TRAMO RECTO;PLANA ;ASFALTADA;NULL;NULL;NULL;NULL;EN PROCESO DE INVESTIGACIÓN;NO CUENTA CON CAUSA ESPECIFICA;LI-570;19/6/2022;-79.574975
A-2022-06-202;50:00.0;ATROPELLO FUGA;1;0;NULL;LIMA;LIMA;PUENTE PIEDRA;URBANA;CARRETERA;NACIONAL;PE-1N;-11.84886;DESPEJADO;COMERCIAL;TRAMO RECTO;PLANA ;ASFALTADA;NULL;NULL;NULL;NULL;EN PROCESO DE INVESTIGACIÓN;NO CUENTA CON CAUSA ESPECIFICA;Carretera Panamericana Norte;19/6/2022;-77.09431
A-2022-06-91;40:00.0;DESPISTE;1;0;1;LA LIBERTAD;TRUJILLO;HUANCHACO;RURAL;CARRETERA;PROVINCIAL;LI-725;-8.071428;DESPEJADO;RURAL;TRAMO RECTO;PLANA ;AFIRMADO;NULL;NULL;NULL;NULL;IMPRUDENCIA DEL CONDUCTOR;FATIGA Y/O CANSANCIO;Avenida Cerrito de la Virgen;20/6/2022;-79.11348
A-2022-06-254;00:00.0;ATROPELLO FUGA;1;0;NULL;MADRE DE DIOS;TAMBOPATA;INAMBARI;URBANA;CARRETERA;NACIONAL;PE-30C;-12.884931;NULL;NULL;NULL;NULL;NULL;NULL;NULL;NULL;NULL;EN PROCESO DE INVESTIGACIÓN;NO CUENTA CON CAUSA ESPECIFICA;Interoceánica Sur;20/6/2022;-70.024299
A-2022-06-88;00:00.0;DESPISTE;1;0;1;LA LIBERTAD;TRUJILLO;SIMBAL;RURAL;CARRETERA;DEPARTAMENTAL;LI-105;-7.985534;DESPEJADO;RURAL;TRAMO RECTO;PLANA ;ASFALTADA;NULL;NULL;NULL;NULL;IMPRUDENCIA DEL CONDUCTOR;OTRO (IMPRUDENCIA DEL CONDUCTOR);LI-105;20/6/2022;-78.818657
A-2022-06-169;40:00.0;DESPISTE;1;3;1;PUNO;LAMPA;PUCARA;RURAL;CARRETERA;PROVINCIAL;PU-727;-15.032705;DESPEJADO;RURAL;TRAMO RECTO;PLANA ;TROCHA;NULL;NULL;NULL;NULL;IMPERICIA DEL CONDUCTOR;NULL;Chijnaya;20/6/2022;-70.380253
A-2022-06-73;00:00.0;ATROPELLO;1;0;1;CUSCO;ESPINAR;COPORAQUE;RURAL;CARRETERA;SIN CLASIFICAR;SIN CLASIFICAR;-14.718689;DESPEJADO;RURAL;TRAMO RECTO;PLANA ;TROCHA;NULL;NULL;NULL;NULL;IMPERICIA DEL CONDUCTOR;NULL;Coporaque;20/6/2022;-71.587381
A-2022-06-148;00:00.0;DESPISTE;1;6;1;PIURA;HUANCABAMBA;HUARMACA;RURAL;CARRETERA;NACIONAL;PE-3N;-5.787842;DESPEJADO;RURAL;CURVA;INCLINADA;TROCHA;SI;PREVENTIVA (P);NULL;NO;IMPRUDENCIA DEL CONDUCTOR;FATIGA Y/O CANSANCIO;Carretera Longitudinal de la Sierra Norte;20/6/2022;-79.445615
A-2022-06-35;23:00.0;DESPISTE;1;0;1;ICA;ICA;ICA;URBANA;AVENIDA;URBANO;NO CORRESPONDE;-14.069268;DESPEJADO;RESIDENCIAL;TRAMO RECTO;PLANA ;ASFALTADA;NULL;NULL;NULL;NULL;EN PROCESO DE INVESTIGACIÓN;NO CUENTA CON CAUSA ESPECIFICA;Avenida Túpac Amaru;20/6/2022;-75.735427
A-2022-06-199;30:00.0;ATROPELLO FUGA;1;0;NULL;LIMA;LIMA;SAN JUAN DE MIRAFLORES;URBANA;CARRETERA;NACIONAL;PE-1S;-12.14478;DESPEJADO;INDUSTRIAL;TRAMO RECTO;PLANA ;ASFALTADA;NULL;NULL;NULL;NULL;EN PROCESO DE INVESTIGACIÓN;NO CUENTA CON CAUSA ESPECIFICA;Avenida Panamericana Sur;21/6/2022;-76.98172
A-2022-06-90;00:00.0;DESPISTE;1;0;1;LA LIBERTAD;TRUJILLO;LA ESPERANZA;URBANA;AVENIDA;URBANO;NO CORRESPONDE;-8.060037;DESPEJADO;COMERCIAL;TRAMO RECTO;PLANA ;ASFALTADA;NULL;NULL;NULL;NULL;EN PROCESO DE INVESTIGACIÓN;NO CUENTA CON CAUSA ESPECIFICA;Avenida José Gabriel Condorcanqui;21/6/2022;-79.053188
A-2022-06-200;40:00.0;DESPISTE;1;0;NULL;LIMA;LIMA;LOS OLIVOS;URBANA;AVENIDA;URBANO;NO CORRESPONDE;-11.949958;DESPEJADO;COMERCIAL;TRAMO RECTO;PLANA ;ASFALTADA;NULL;NULL;NULL;NULL;EN PROCESO DE INVESTIGACIÓN;NO CUENTA CON CAUSA ESPECIFICA;Avenida 2 de Octubre;21/6/2022;-77.084042
A-2022-06-144;00:00.0;DESPISTE;1;0;1;PIURA;MORROPON;CHALACO;RURAL;CARRETERA;NACIONAL;PE-1NR;-5.021568;DESPEJADO;RURAL;TRAMO RECTO;INCLINADA;ASFALTADA;SI;REGULADORA (R);NULL;NO;IMPRUDENCIA DEL CONDUCTOR;FATIGA Y/O CANSANCIO;PE-1NR;21/6/2022;-79.734421
A-2022-06-118;30:00.0;VOLCADURA;1;0;1;CAJAMARCA;CONTUMAZA;CHILETE;URBANA;CARRETERA;NACIONAL;PE-1NF;-7.226389;DESPEJADO;RURAL;TRAMO RECTO;INCLINADA;CONCRETO;NULL;NULL;NULL;NULL;EN PROCESO DE INVESTIGACIÓN;NO CUENTA CON CAUSA ESPECIFICA;PE-1NF;21/6/2022;-78.838611
A-2022-06-120;00:00.0;DESPISTE;4;0;1;CAJAMARCA;CHOTA;QUEROCOTO;RURAL;CARRETERA;PROVINCIAL;CA-827;-6.404719;DESPEJADO;RURAL;CURVA;INCLINADA;AFIRMADO;NULL;NULL;NULL;NULL;EN PROCESO DE INVESTIGACIÓN;NO CUENTA CON CAUSA ESPECIFICA;CA-827;21/6/2022;-79.042296
A-2022-06-48;00:00.0;CHOQUE;1;0;2;AREQUIPA;AREQUIPA;CERRO COLORADO;URBANA;AVENIDA;URBANO;NO CORRESPONDE;-16.393908;SOLEADO;RESIDENCIAL;INTERSECCIÓN;PLANA ;ASFALTADA;SI;REGULADORA (R);PREVENTIVA (P);NO;EN PROCESO DE INVESTIGACIÓN;NO CUENTA CON CAUSA ESPECIFICA;Avenida Mariscal Ramon Castilla;21/6/2022;-71.570324
A-2022-06-201;50:00.0;CHOQUE;1;4;NULL;LIMA;LIMA;LOS OLIVOS;URBANA;AVENIDA;URBANO;NO CORRESPONDE;-11.962559;DESPEJADO;ESCOLAR;TRAMO RECTO;PLANA ;ASFALTADA;NULL;NULL;NULL;NULL;EN PROCESO DE INVESTIGACIÓN;NO CUENTA CON CAUSA ESPECIFICA;Avenida A;21/6/2022;-77.080604
A-2022-06-247;20:00.0;ATROPELLO;1;1;1;LIMA;HUAURA;HUALMAY;URBANA;AVENIDA;URBANO;NO CORRESPONDE;-11.10017;DESPEJADO;RESIDENCIAL;TRAMO RECTO;PLANA ;ASFALTADA;NULL;NULL;NULL;NULL;IMPRUDENCIA DEL PEATÓN;CRUCE INDEBIDO POR LA CALZADA;Avenida Puquio Cano;21/6/2022;-77.59648
A-2022-06-100;50:00.0;ATROPELLO;1;0;1;ICA;PISCO;TUPAC AMARU INCA;URBANA;CARRETERA;NACIONAL;PE-1S;-13.711096;DESPEJADO;RURAL;TRAMO RECTO;PLANA ;ASFALTADA;NO;NULL;NULL;NO;EN PROCESO DE INVESTIGACIÓN;NO CUENTA CON CAUSA ESPECIFICA;Antigua Carretera Panamericana Sur;21/6/2022;-76.152763
A-2022-06-248;30:00.0;VOLCADURA;1;0;1;JUNIN;CHANCHAMAYO;SAN RAMON;RURAL;CARRETERA;NACIONAL;PE-22B;-11.165123;DESPEJADO;RURAL;CURVA;PLANA ;ASFALTADA;NULL;NULL;NULL;NULL;IMPRUDENCIA DEL CONDUCTOR;FATIGA Y/O CANSANCIO;Carretera Central;22/6/2022;-75.428293
A-2022-06-235;00:00.0;ATROPELLO FUGA;1;0;1;PIURA;SECHURA;BERNAL;URBANA;CARRETERA;PROVINCIAL;PI-1040;-5.448407;DESPEJADO;ESCOLAR;TRAMO RECTO;PLANA ;ASFALTADA;NULL;NULL;NULL;NULL;IMPRUDENCIA DEL CONDUCTOR;EXCESO DE VELOCIDAD;Carretera San Clemente - Bernal;22/6/2022;-80.739346
A-2022-06-168;29:00.0;CHOQUE;1;0;NULL;PIURA;SECHURA;SECHURA;URBANA;CARRETERA;PROVINCIAL;PI-1058;-5.567854;DESPEJADO;RURAL;INTERSECCIÓN;PLANA ;ASFALTADA;NO;NULL;NULL;SI;IMPRUDENCIA DEL CONDUCTOR;OTRO (IMPRUDENCIA DEL CONDUCTOR);Avenida Argentina;22/6/2022;-80.81443
A-2022-06-102;30:00.0;DESPISTE;1;1;NULL;ICA;PISCO;PISCO;URBANA;AVENIDA;URBANO;NO CORRESPONDE;-13.717682;DESPEJADO;COMERCIAL;CURVA;PLANA ;ASFALTADA;NULL;NULL;NULL;NULL;EN PROCESO DE INVESTIGACIÓN;NO CUENTA CON CAUSA ESPECIFICA;Avenida Las Américas;23/6/2022;-76.194882
A-2022-06-41;19:00.0;CHOQUE;1;0;0;PUNO;EL COLLAO;PILCUYO;RURAL;CARRETERA;DEPARTAMENTAL;PU-127;-16.098306;DESPEJADO;RURAL;TRAMO RECTO;PLANA ;ASFALTADA;NULL;NULL;NULL;NULL;IMPRUDENCIA DEL CONDUCTOR;CONDUCIR EN SENTIDO CONTRARIO;PU-127;23/6/2022;-69.547939
A-2022-06-149;30:00.0;DESPISTE;1;1;NULL;PIURA;PIURA;CURA MORI;RURAL;CARRETERA;NACIONAL;PE-1N;-5.394321;DESPEJADO;RURAL;TRAMO RECTO;PLANA ;AFIRMADO;NULL;NULL;NULL;NULL;EN PROCESO DE INVESTIGACIÓN;NO CUENTA CON CAUSA ESPECIFICA;Carretera Panamericana Norte;23/6/2022;-80.613814
A-2022-06-150;30:00.0;CHOQUE;1;0;NULL;PIURA;PIURA;PIURA;URBANA;CARRETERA;NACIONAL;PE-1N;-5.208412;DESPEJADO;COMERCIAL;TRAMO RECTO;PLANA ;ASFALTADA;NULL;NULL;NULL;NULL;EN PROCESO DE INVESTIGACIÓN;NO CUENTA CON CAUSA ESPECIFICA;Avenida Guillermo Gullman;23/6/2022;-80.649925
A-2022-06-92;20:00.0;ATROPELLO;1;0;1;LA LIBERTAD;TRUJILLO;TRUJILLO;URBANA;AVENIDA;URBANO;NO CORRESPONDE;-8.093435;DESPEJADO;COMERCIAL;INTERSECCIÓN;PLANA ;ASFALTADA;NULL;NULL;NULL;NULL;EN PROCESO DE INVESTIGACIÓN;NO CUENTA CON CAUSA ESPECIFICA;Avenida Libertad;23/6/2022;-78.996373
A-2022-06-101;20:00.0;ATROPELLO FUGA;1;0;NULL;ICA;ICA;SALAS;URBANA;CARRETERA;NACIONAL;PE-1S;-13.971264;NIEBLA;RESIDENCIAL;TRAMO RECTO;PLANA ;ASFALTADA;NULL;NULL;NULL;NULL;EN PROCESO DE INVESTIGACIÓN;NO CUENTA CON CAUSA ESPECIFICA;Carretera Panamericana Sur;24/6/2022;-75.77885
A-2022-06-151;45:00.0;DESPISTE;1;1;1;PIURA;MORROPON;CHULUCANAS;RURAL;CARRETERA;SIN CLASIFICAR;SIN CLASIFICAR;-5.240558;DESPEJADO;RURAL;TRAMO RECTO;PLANA ;AFIRMADO;NULL;NULL;NULL;NULL;EN PROCESO DE INVESTIGACIÓN;NO CUENTA CON CAUSA ESPECIFICA;Alto el Gallo;24/6/2022;-80.21436
A-2022-06-119;00:00.0;ATROPELLO;1;0;NULL;CAJAMARCA;CAJAMARCA;CAJAMARCA;URBANA;CARRETERA;SIN CLASIFICAR;SIN CLASIFICAR;-7.219023;DESPEJADO;RURAL;CURVA;INCLINADA;AFIRMADO;NULL;NULL;NULL;NULL;EN PROCESO DE INVESTIGACIÓN;NO CUENTA CON CAUSA ESPECIFICA;Pariamarca;24/6/2022;-78.486283
A-2022-06-99;00:00.0;DESPISTE;1;0;1;APURIMAC;CHINCHEROS;OCOBAMBA;RURAL;CARRETERA;DEPARTAMENTAL;AP-102;-13.548515;SOLEADO;RURAL;TRAMO RECTO;INCLINADA;AFIRMADO;NULL;NULL;NULL;NULL;IMPRUDENCIA DEL CONDUCTOR;FATIGA Y/O CANSANCIO;AP-102;24/6/2022;-73.486536
A-2022-06-183;30:00.0;ATROPELLO;1;0;NULL;AYACUCHO;HUANTA;HUANTA;URBANA;JIRÓN;URBANO;NO CORRESPONDE;-12.934993;DESPEJADO;RESIDENCIAL;INTERSECCIÓN;INCLINADA;ASFALTADA;NULL;NULL;NULL;NULL;IMPRUDENCIA DEL CONDUCTOR;OTRO (IMPRUDENCIA DEL CONDUCTOR);Jirón Puno;24/6/2022;-74.249351
A-2022-06-76;30:00.0;DESPISTE;1;0;1;LAMBAYEQUE;LAMBAYEQUE;MOTUPE;RURAL;CARRETERA;NACIONAL;PE-1NJ;-6.24051;DESPEJADO;RURAL;TRAMO RECTO;PLANA ;ASFALTADA;NULL;NULL;NULL;NULL;EN PROCESO DE INVESTIGACIÓN;NO CUENTA CON CAUSA ESPECIFICA;Carretera Lambayegue - Olmos;24/6/2022;-79.71961
A-2022-06-77;00:00.0;VOLCADURA;1;1;1;LAMBAYEQUE;FERREÑAFE;PITIPO;RURAL;CARRETERA;SIN CLASIFICAR;SIN CLASIFICAR;-6.465464;LLUVIOSO;RURAL;TRAMO RECTO;PLANA ;AFIRMADO;NULL;NULL;NULL;NULL;EN PROCESO DE INVESTIGACIÓN;NO CUENTA CON CAUSA ESPECIFICA;Batán Grande;24/6/2022;-79.646114
A-2022-06-174;40:00.0;ATROPELLO;2;0;NULL;ANCASH;CASMA;CASMA;URBANA;CARRETERA;NACIONAL;PE-1N;-9.476351;DESPEJADO;COMERCIAL;INTERSECCIÓN;PLANA ;ASFALTADA;NULL;NULL;NULL;NULL;EN PROCESO DE INVESTIGACIÓN;NO CUENTA CON CAUSA ESPECIFICA;Casma;24/6/2022;-78.303291
A-2022-06-58;20:00.0;DESPISTE;1;3;1;CUSCO;CUSCO;SAN JERONIMO;URBANA;AVENIDA;URBANO;NO CORRESPONDE;-13.557424;DESPEJADO;RESIDENCIAL;TRAMO RECTO;PLANA ;ASFALTADA;SI;PREVENTIVA (P);REGULADORA (R);SI;IMPRUDENCIA DEL CONDUCTOR;CONDUCIR EN ESTADO DE EBRIEDAD Y/O DROGADICCIÓN;San Jerónimo;25/6/2022;-71.861211
A-2022-06-83;05:00.0;DESPISTE;1;0;1;PUNO;YUNGUYO;CUTURAPI;RURAL;CARRETERA;DEPARTAMENTAL;PU-130;-16.270169;DESPEJADO;RURAL;TRAMO RECTO;PLANA ;AFIRMADO;NULL;NULL;NULL;NULL;IMPRUDENCIA DEL CONDUCTOR;EXCESO DE VELOCIDAD;PU-130;25/6/2022;-69.193323
A-2022-06-228;30:00.0;DESPISTE;1;0;1;JUNIN;YAULI;LA OROYA;RURAL;CARRETERA;NACIONAL;PE-3S;-11.737881;DESPEJADO;RURAL;TRAMO RECTO;PLANA ;ASFALTADA;NULL;NULL;NULL;NULL;IMPRUDENCIA DEL CONDUCTOR;CONDUCIR EN ESTADO DE EBRIEDAD Y/O DROGADICCIÓN;Carretera Longitudinal de la Sierra Sur;25/6/2022;-75.743432
A-2022-06-198;00:00.0;ATROPELLO;1;0;NULL;LIMA;LIMA;ATE;URBANA;AVENIDA;URBANO;NO CORRESPONDE;-12.034892;DESPEJADO;COMERCIAL;TRAMO RECTO;PLANA ;ASFALTADA;NULL;NULL;NULL;NULL;EN PROCESO DE INVESTIGACIÓN;NO CUENTA CON CAUSA ESPECIFICA;Avenida Los Ángeles;25/6/2022;-76.931682
A-2022-06-86;00:00.0;DESPISTE;2;32;1;ANCASH;MARISCAL LUZURIAGA;PISCOBAMBA;RURAL;CARRETERA;NACIONAL;PE-14C;-8.865948;DESPEJADO;RURAL;SINUOSA;INCLINADA;AFIRMADO;NULL;NULL;NULL;NULL;NEGLIGENCIA DEL CONDUCTOR;CONDUCIR CON FALLAS DE DIRECCIÓN;Carretera Longitudinal de Conchucos;25/6/2022;-77.353293
A-2022-06-95;00:00.0;CHOQUE;1;0;1;LA LIBERTAD;PACASMAYO;SAN PEDRO DE LLOC;RURAL;CARRETERA;NACIONAL;PE-1N;-7.460453;DESPEJADO;RURAL;TRAMO RECTO;PLANA ;ASFALTADA;NULL;NULL;NULL;NULL;IMPRUDENCIA DEL CONDUCTOR;OTRO (IMPRUDENCIA DEL CONDUCTOR);Panamericana Norte;25/6/2022;-79.451174
A-2022-06-253;20:00.0;CHOQUE;1;0;2;CAJAMARCA;CAJAMARCA;CAJAMARCA;RURAL;CARRETERA;NACIONAL;PE-3N;-6.988088;DESPEJADO;RURAL;CURVA;INCLINADA;ASFALTADA;NO;NULL;NULL;NO;IMPRUDENCIA DEL CONDUCTOR;EXCESO DE VELOCIDAD;Carretera Longitudinal de la Sierra Norte;25/6/2022;-78.573846
A-2022-06-121;00:00.0;DESPISTE;1;0;1;CAJAMARCA;CELENDIN;CELENDIN;RURAL;CARRETERA;NACIONAL;PE-08B;-6.887667;DESPEJADO;RURAL;TRAMO RECTO;INCLINADA;ASFALTADA;NULL;NULL;NULL;NULL;EN PROCESO DE INVESTIGACIÓN;NO CUENTA CON CAUSA ESPECIFICA;PE-08B;25/6/2022;-78.116782