CÓDIGO SINIESTRO;HORA SINIESTRO;CLASE SINIESTRO;CANTIDAD DE FALLECIDOS;CANTIDAD DE LESIONADOS;CANTIDAD DE VEHICULOS DAÑADOS;DEPARTAMENTO;PROVINCIA;DISTRITO;ZONA;TIPO DE VÍA;RED VIAL;COD CARRETERA;COORDENADAS LATITUD;CONDICIÓN CLIMÁTICA;ZONIFICACIÓN;CARACTERÍSTICAS DE VÍA;PERFIL LONGITUDINAL VÍA;SUPERFICIE DE CALZADA;¿EXISTE SEÑAL VERTICAL?;CLASIFICACIÓN DE LA SEÑAL VERTICAL Nº 1;CLASIFICACIÓN DE LA SEÑAL VERTICAL Nº 2;¿EXISTE SEÑAL HORIZONTAL?;CAUSA FACTOR PRINCIPAL;CAUSA ESPECÍFICA;UBICACION;FECHA SINIESTRO;COORDENADAS LONGITUD
A-2022-06-110;20:00.0;CHOQUE;1;0;2;TACNA;TACNA;SAMA;RURAL;CARRETERA;NACIONAL;PE-1S;-17.838757;DESPEJADO;RURAL;INTERSECCIÓN;PLANA ;ASFALTADA;NULL;NULL;NULL;NULL;IMPRUDENCIA DEL CONDUCTOR;NO ESTABLECER EL DERECHO DE PASO;Carretera Panamericana Sur;25/6/2022;-70.526377
A-2022-06-111;56:00.0;CHOQUE;1;0;2;TACNA;TACNA;CORONEL GREGORIO ALBARRACIN LANCHIPA;URBANA;AVENIDA;URBANO;NO CORRESPONDE;-18.041124;NUBLADO;RESIDENCIAL;TRAMO RECTO;PLANA ;ASFALTADA;NO;NULL;NULL;SI;IMPRUDENCIA DEL CONDUCTOR;GIRAR IMPRUDENTEMENTE;Avenida Los Poetas;25/6/2022;-70.260414
A-2022-06-103;15:00.0;ATROPELLO FUGA;1;0;NULL;ICA;PISCO;INDEPENDENCIA;URBANA;CARRETERA;NACIONAL;PE-28A;-13.683217;DESPEJADO;ESCOLAR;TRAMO RECTO;PLANA ;ASFALTADA;NULL;NULL;NULL;NULL;EN PROCESO DE INVESTIGACIÓN;NO CUENTA CON CAUSA ESPECIFICA;Vía de los Libertadores;25/6/2022;-76.064119
A-2022-06-182;50:00.0;CHOQUE;1;0;2;UCAYALI;CORONEL PORTILLO;CALLERIA;RURAL;CARRETERA;NACIONAL;PE-18C;-8.40348;DESPEJADO;RURAL;TRAMO RECTO;PLANA ;ASFALTADA;NULL;NULL;NULL;NULL;IMPRUDENCIA DEL CONDUCTOR;CONDUCIR EN SENTIDO CONTRARIO;Centenario;25/6/2022;-74.625249
A-2022-06-81;38:00.0;ATROPELLO FUGA;1;0;NULL;LAMBAYEQUE;CHICLAYO;POMALCA;URBANA;CARRETERA;PROVINCIAL;LA-816;-6.770087;DESPEJADO;RURAL;TRAMO RECTO;PLANA ;ASFALTADA;NULL;NULL;NULL;NULL;EN PROCESO DE INVESTIGACIÓN;NO CUENTA CON CAUSA ESPECIFICA;Avenida San Francisco de Asís;26/6/2022;-79.778726
A-2022-06-96;00:00.0;DESPISTE;2;0;1;LA LIBERTAD;PATAZ;PARCOY;RURAL;CARRETERA;SIN CLASIFICAR;SIN CLASIFICAR;-8.006154;DESPEJADO;RURAL;TRAMO RECTO;PLANA ;AFIRMADO;NULL;NULL;NULL;NULL;EN PROCESO DE INVESTIGACIÓN;NO CUENTA CON CAUSA ESPECIFICA;Parcoy;26/6/2022;-77.492637
A-2022-06-112;45:00.0;CHOQUE;1;0;2;TACNA;TACNA;CORONEL GREGORIO ALBARRACIN LANCHIPA;URBANA;AVENIDA;URBANO;NO CORRESPONDE;-18.087744;DESPEJADO;RESIDENCIAL;TRAMO RECTO;PLANA ;ASFALTADA;NO;NULL;NULL;SI;IMPRUDENCIA DEL CONDUCTOR;GIRAR IMPRUDENTEMENTE;Prolongación Avenida Municipal;26/6/2022;-70.276741
A-2022-06-240;00:00.0;CHOQUE;1;0;2;JUNIN;CHUPACA;SAN JUAN DE ISCOS;RURAL;CARRETERA;PROVINCIAL;JU-909;-12.103181;DESPEJADO;RURAL;TRAMO RECTO;PLANA ;ASFALTADA;NULL;NULL;NULL;NULL;IMPRUDENCIA DEL CONDUCTOR;EXCESO DE VELOCIDAD;Tres de Diciembre;26/6/2022;-75.275315
A-2022-06-256;00:00.0;ATROPELLO;1;1;NULL;MADRE DE DIOS;TAMBOPATA;TAMBOPATA;URBANA;JIRÓN;URBANO;NO CORRESPONDE;-12.585664;NULL;NULL;NULL;NULL;NULL;NULL;NULL;NULL;NULL;EN PROCESO DE INVESTIGACIÓN;NO CUENTA CON CAUSA ESPECIFICA;Puerto Maldonado;26/6/2022;-69.199273
A-2022-06-152;00:00.0;ESPECIAL;1;0;NULL;PIURA;MORROPON;CHULUCANAS;RURAL;CARRETERA;SIN CLASIFICAR;SIN CLASIFICAR;-5.063142;DESPEJADO;RURAL;OTRO;INCLINADA;AFIRMADO;NULL;NULL;NULL;NULL;EN PROCESO DE INVESTIGACIÓN;NO CUENTA CON CAUSA ESPECIFICA;Yapatera;26/6/2022;-80.145299
A-2022-06-64;30:00.0;DESPISTE;1;0;1;CUSCO;CANCHIS;MARANGANI;RURAL;CARRETERA;NACIONAL;PE-3S;-14.395139;DESPEJADO;RURAL;TRAMO RECTO;PLANA ;ASFALTADA;SI;PREVENTIVA (P);NULL;SI;IMPRUDENCIA DEL CONDUCTOR;CONDUCIR EN ESTADO DE EBRIEDAD Y/O DROGADICCIÓN;Carretera Longitudinal de la Sierra Sur;26/6/2022;-71.134351
A-2022-06-196;45:00.0;ATROPELLO;1;0;NULL;LIMA;LIMA;SAN JUAN DE MIRAFLORES;URBANA;CARRETERA;NACIONAL;PE-1S;-12.175226;DESPEJADO;COMERCIAL;TRAMO RECTO;PLANA ;ASFALTADA;NULL;NULL;NULL;NULL;EN PROCESO DE INVESTIGACIÓN;NO CUENTA CON CAUSA ESPECIFICA;Avenida Panamericana Sur;26/6/2022;-76.977746
A-2022-06-142;10:00.0;CHOQUE;1;0;2;LIMA;BARRANCA;PARAMONGA;RURAL;CARRETERA;NACIONAL;PE-16;-10.64215;DESPEJADO;RURAL;TRAMO RECTO;PLANA ;ASFALTADA;NULL;NULL;NULL;NULL;EN PROCESO DE INVESTIGACIÓN;NO CUENTA CON CAUSA ESPECIFICA;Carretera a Huaraz;26/6/2022;-77.801678
A-2022-06-255;15:00.0;CHOQUE;1;0;NULL;MADRE DE DIOS;TAHUAMANU;TAHUAMANU;RURAL;CARRETERA;NACIONAL;PE-30C;-11.811876;NULL;NULL;NULL;NULL;NULL;NULL;NULL;NULL;NULL;EN PROCESO DE INVESTIGACIÓN;NO CUENTA CON CAUSA ESPECIFICA;Transoceánica;26/6/2022;-69.180757
A-2022-06-97;45:00.0;CHOQUE;1;0;2;LA LIBERTAD;CHEPEN;PACANGA;RURAL;CARRETERA;NACIONAL;PE-1N;-7.13939;DESPEJADO;RURAL;TRAMO RECTO;PLANA ;ASFALTADA;NULL;NULL;NULL;NULL;IMPRUDENCIA DEL CONDUCTOR;CONDUCIR EN ESTADO DE EBRIEDAD Y/O DROGADICCIÓN;Carretera Panamericana Norte;26/6/2022;-79.463869
A-2022-06-193;00:00.0;ATROPELLO FUGA;1;0;NULL;LIMA;LIMA;EL AGUSTINO;RURAL;CARRETERA;NACIONAL;PE-22;-12.031869;DESPEJADO;RURAL;TRAMO RECTO;PLANA ;ASFALTADA;NULL;NULL;NULL;NULL;EN PROCESO DE INVESTIGACIÓN;NO CUENTA CON CAUSA ESPECIFICA;Calle Río Rímac;27/6/2022;-76.988486
A-2022-06-194;00:00.0;DESPISTE;1;0;NULL;LIMA;LIMA;CHACLACAYO;URBANA;CARRETERA;NACIONAL;PE-22;-11.978428;DESPEJADO;INDUSTRIAL;TRAMO RECTO;PLANA ;ASFALTADA;NULL;NULL;NULL;NULL;EN PROCESO DE INVESTIGACIÓN;NO CUENTA CON CAUSA ESPECIFICA;Carretera Central;27/6/2022;-76.782079
A-2022-06-195;40:00.0;DESPISTE;1;1;NULL;LIMA;LIMA;SAN BORJA;URBANA;AVENIDA;URBANO;NO CORRESPONDE;-12.111403;DESPEJADO;COMERCIAL;TRAMO RECTO;PLANA ;ASFALTADA;NULL;NULL;NULL;NULL;EN PROCESO DE INVESTIGACIÓN;NO CUENTA CON CAUSA ESPECIFICA;Avenida Primavera;27/6/2022;-76.995903
A-2022-06-170;30:00.0;DESPISTE;1;0;1;PUNO;LAMPA;SANTA LUCIA;RURAL;CARRETERA;NACIONAL;PE-34A;-15.688031;DESPEJADO;RURAL;CURVA;PLANA ;ASFALTADA;NO;NULL;NULL;SI;IMPRUDENCIA DEL CONDUCTOR;EXCESO DE VELOCIDAD;Vía Interoceánica Sur - Tramo 5;27/6/2022;-70.810204
A-2022-06-146;50:00.0;DESPISTE;1;0;1;LAMBAYEQUE;LAMBAYEQUE;LAMBAYEQUE;RURAL;CARRETERA;NACIONAL;PE-1N;-6.648391;DESPEJADO;RURAL;TRAMO RECTO;PLANA ;ASFALTADA;NULL;NULL;NULL;NULL;EN PROCESO DE INVESTIGACIÓN;NO CUENTA CON CAUSA ESPECIFICA;Lambayeque;27/6/2022;-79.942871
A-2022-06-265;00:00.0;DESPISTE;1;2;1;AYACUCHO;HUANCA SANCOS;CARAPO;RURAL;CARRETERA;NACIONAL;PE-30D;-13.777376;DESPEJADO;RURAL;CURVA;INCLINADA;AFIRMADO;SI;PREVENTIVA (P);NULL;NO;NEGLIGENCIA DEL CONDUCTOR;CONDUCIR CON FALLAS DE FRENOS;PE-30D;27/6/2022;-74.325962
A-2022-06-98;00:00.0;CHOQUE;1;0;2;LA LIBERTAD;SANTIAGO DE CHUCO;QUIRUVILCA;RURAL;CARRETERA;NACIONAL;PE-3N;-7.998345;DESPEJADO;RURAL;TRAMO RECTO;PLANA ;ASFALTADA;NULL;NULL;NULL;NULL;EN PROCESO DE INVESTIGACIÓN;NO CUENTA CON CAUSA ESPECIFICA;Carretera Longitudinal de la Sierra Norte;27/6/2022;-78.307615
A-2022-06-230;00:00.0;ATROPELLO;1;0;1;JUNIN;HUANCAYO;HUALHUAS;RURAL;CARRETERA;NACIONAL;PE-3S;-11.982411;DESPEJADO;RURAL;TRAMO RECTO;PLANA ;ASFALTADA;NULL;NULL;NULL;NULL;IMPRUDENCIA DEL PEATÓN;CRUCE INDEBIDO POR LA CALZADA;Carretera Longitudinal de la Sierra Sur;27/6/2022;-75.262406
A-2022-06-233;40:00.0;CHOQUE;1;0;NULL;JUNIN;SATIPO;PANGOA;URBANA;CARRETERA;NACIONAL;PE-28C;-11.443064;NULL;NULL;NULL;NULL;NULL;NULL;NULL;NULL;NULL;EN PROCESO DE INVESTIGACIÓN;NO CUENTA CON CAUSA ESPECIFICA;Avenida Pangoa;28/6/2022;-74.491917
A-2022-06-191;48:00.0;ATROPELLO FUGA;1;0;NULL;LIMA;LIMA;LURIN;RURAL;CARRETERA;NACIONAL;PE-1S;-12.250331;DESPEJADO;INDUSTRIAL;TRAMO RECTO;PLANA ;ASFALTADA;NULL;NULL;NULL;NULL;EN PROCESO DE INVESTIGACIÓN;NO CUENTA CON CAUSA ESPECIFICA;Carretera Panamericana Sur;28/6/2022;-76.930513
A-2022-06-192;45:00.0;DESPISTE;2;2;NULL;LIMA;LIMA;VILLA EL SALVADOR;RURAL;CARRETERA;NACIONAL;PE-1N;-12.222231;DESPEJADO;INDUSTRIAL;INTERSECCIÓN;PLANA ;ASFALTADA;NULL;NULL;NULL;NULL;EN PROCESO DE INVESTIGACIÓN;NO CUENTA CON CAUSA ESPECIFICA;Antigua Panamericana Sur;28/6/2022;-76.974442
A-2022-06-229;00:00.0;CHOQUE;1;3;2;JUNIN;JAUJA;CURICACA;RURAL;CARRETERA;NACIONAL;PE-3S;-11.78715;DESPEJADO;RURAL;TRAMO RECTO;PLANA ;ASFALTADA;NULL;NULL;NULL;NULL;IMPRUDENCIA DEL CONDUCTOR;EXCESO DE VELOCIDAD;Carretera Longitudinal de la Sierra Sur;28/6/2022;-75.67505
A-2022-06-104;23:00.0;DESPISTE;1;0;1;ICA;ICA;ICA;URBANA;AVENIDA;URBANO;NO CORRESPONDE;-14.08007;DESPEJADO;RESIDENCIAL;TRAMO RECTO;PLANA ;ASFALTADA;NULL;NULL;NULL;NULL;EN PROCESO DE INVESTIGACIÓN;NO CUENTA CON CAUSA ESPECIFICA;Avenida Manuel Santana Chiri;28/6/2022;-75.721941
A-2022-06-84;29:00.0;DESPISTE;1;0;NULL;PUNO;EL COLLAO;ILAVE;RURAL;CARRETERA;NACIONAL;PE-3S;-16.121151;DESPEJADO;RURAL;TRAMO RECTO;PLANA ;ASFALTADA;NULL;NULL;NULL;NULL;IMPRUDENCIA DEL CONDUCTOR;CONDUCIR EN SENTIDO CONTRARIO;Carretera Longitudinal de la Sierra Sur;29/6/2022;-69.589695
A-2022-06-93;20:00.0;CHOQUE;1;1;2;SAN MARTIN;RIOJA;RIOJA;RURAL;CARRETERA;NACIONAL;PE-5N;-6.029269;DESPEJADO;RURAL;TRAMO RECTO;PLANA ;ASFALTADA;NULL;NULL;NULL;NULL;IMPRUDENCIA DEL CONDUCTOR;OTRO (IMPRUDENCIA DEL CONDUCTOR);Carretera Presidente Fernando Belaúnde Terry;29/6/2022;-77.210712
A-2022-06-175;00:00.0;DESPISTE;1;1;NULL;APURIMAC;AYMARAES;CHAPIMARCA;RURAL;CARRETERA;PROVINCIAL;AP-821;-13.996839;NULL;NULL;NULL;NULL;NULL;NULL;NULL;NULL;NULL;EN PROCESO DE INVESTIGACIÓN;NO CUENTA CON CAUSA ESPECIFICA;AP-821;29/6/2022;-73.087573
A-2022-06-239;15:00.0;ATROPELLO FUGA;1;0;NULL;JUNIN;JAUJA;JAUJA;RURAL;CARRETERA;NACIONAL;PE-3SA;-11.779745;DESPEJADO;RURAL;TRAMO RECTO;PLANA ;ASFALTADA;NULL;NULL;NULL;NULL;EN PROCESO DE INVESTIGACIÓN;NO CUENTA CON CAUSA ESPECIFICA;Avenida Evitamiento;29/6/2022;-75.482293
A-2022-06-244;00:00.0;CHOQUE CON OBJETO FIJO;1;0;1;ICA;CHINCHA;CHINCHA BAJA;RURAL;CARRETERA;PROVINCIAL;IC-520;-13.5409;DESPEJADO;RURAL;TRAMO RECTO;PLANA ;ASFALTADA;NULL;NULL;NULL;NULL;NEGLIGENCIA DEL CONDUCTOR;OTRO (NEGLIGENCIA DEL CONDUCTOR);IC-520;29/6/2022;-76.17729
A-2022-06-147;20:00.0;CHOQUE;1;2;2;LAMBAYEQUE;LAMBAYEQUE;MOCHUMI;RURAL;CARRETERA;SIN CLASIFICAR;SIN CLASIFICAR;-6.542156;DESPEJADO;RURAL;CURVA;PLANA ;ASFALTADA;NULL;NULL;NULL;NULL;EN PROCESO DE INVESTIGACIÓN;NO CUENTA CON CAUSA ESPECIFICA;Mochumí;29/6/2022;-79.870673
A-2022-06-190;50:00.0;ATROPELLO FUGA;1;0;NULL;LIMA;LIMA;MIRAFLORES;URBANA;OTRO;URBANO;NO CORRESPONDE;-12.127245;DESPEJADO;COMERCIAL;CURVA;PLANA ;ASFALTADA;NULL;NULL;NULL;NULL;EN PROCESO DE INVESTIGACIÓN;NO CUENTA CON CAUSA ESPECIFICA;Circuito de Playas;30/6/2022;-77.037109
A-2022-06-189;00:00.0;ATROPELLO FUGA;1;0;NULL;LIMA;LIMA;LURIN;URBANA;CARRETERA;NACIONAL;PE-1S;-12.254755;DESPEJADO;RURAL;TRAMO RECTO;PLANA ;ASFALTADA;NULL;NULL;NULL;NULL;EN PROCESO DE INVESTIGACIÓN;NO CUENTA CON CAUSA ESPECIFICA;Carretera Panamericana Sur;30/6/2022;-76.924147
A-2022-06-249;40:00.0;ATROPELLO FUGA;1;0;NULL;JUNIN;JUNIN;CARHUAMAYO;URBANA;CARRETERA;NACIONAL;PE-3N;-10.904988;DESPEJADO;COMERCIAL;TRAMO RECTO;PLANA ;ASFALTADA;NO;NULL;NULL;SI;EN PROCESO DE INVESTIGACIÓN;NO CUENTA CON CAUSA ESPECIFICA;Carretera Longitudinal de la Sierra Norte;30/6/2022;-76.070066
A-2022-06-113;10:00.0;CHOQUE;1;0;2;TACNA;TACNA;LA YARADA LOS PALOS;RURAL;CARRETERA;NACIONAL;PE-1SD;-18.175923;NUBLADO;RURAL;TRAMO RECTO;PLANA ;ASFALTADA;NO;NULL;NULL;SI;IMPRUDENCIA DEL CONDUCTOR;EXCESO DE VELOCIDAD;Carretera Costanera Sur;30/6/2022;-70.500395
A-2022-06-221;30:00.0;CHOQUE;1;0;2;LIMA;HUAURA;SAYAN;RURAL;CARRETERA;PROVINCIAL;LM-665;-11.250096;DESPEJADO;RURAL;TRAMO RECTO;PLANA ;ASFALTADA;NULL;NULL;NULL;NULL;IMPRUDENCIA DEL CONDUCTOR;INVASIÓN DE CARRIL;LM-665;30/6/2022;-77.357472
A-2022-06-188;46:00.0;ATROPELLO FUGA;1;0;NULL;LIMA;LIMA;ANCON;URBANA;CARRETERA;NACIONAL;PE-1N;-11.770736;DESPEJADO;COMERCIAL;TRAMO RECTO;PLANA ;ASFALTADA;NULL;NULL;NULL;NULL;EN PROCESO DE INVESTIGACIÓN;NO CUENTA CON CAUSA ESPECIFICA;Carretera Panamericana Norte;30/6/2022;-77.15902
A-2022-06-87;40:00.0;VOLCADURA;1;1;1;AREQUIPA;ISLAY;ISLAY;URBANA;CALLE;URBANO;NO CORRESPONDE;-17.001495;DESPEJADO;RESIDENCIAL;TRAMO RECTO;INCLINADA;TROCHA;NULL;NULL;NULL;NULL;EN PROCESO DE INVESTIGACIÓN;NO CUENTA CON CAUSA ESPECIFICA;Avenida Industrial;30/6/2022;-72.08726
A-2022-06-179;10:00.0;CHOQUE;1;2;2;CAJAMARCA;SAN IGNACIO;SAN IGNACIO;RURAL;CARRETERA;NACIONAL;PE-5N;-5.100353;DESPEJADO;RURAL;TRAMO RECTO;PLANA ;ASFALTADA;NULL;NULL;NULL;NULL;EN PROCESO DE INVESTIGACIÓN;NO CUENTA CON CAUSA ESPECIFICA;PE-5N;30/6/2022;-79.045537
A-2022-07-7;30:00.0;DESPISTE;1;1;1;CUSCO;CHUMBIVILCAS;SANTO TOMAS;URBANA;CARRETERA;NACIONAL;PE-3SG;-14.482173;DESPEJADO;RURAL;CURVA;INCLINADA;ASFALTADA;SI;REGULADORA (R);PREVENTIVA (P);SI;IMPRUDENCIA DEL CONDUCTOR;EXCESO DE VELOCIDAD;PE-3SG;1/7/2022;-72.093838
A-2022-07-13;50:00.0;CHOQUE;1;0;NULL;CAJAMARCA;HUALGAYOC;BAMBAMARCA;NULL;CARRETERA;NACIONAL;PE-3N;-6.691349;NULL;NULL;NULL;NULL;NULL;NULL;NULL;NULL;NULL;EN PROCESO DE INVESTIGACIÓN;NO CUENTA CON CAUSA ESPECIFICA;Carretera Longitudinal de la Sierra Norte;1/7/2022;-78.541895
A-2022-07-92;06:00.0;ATROPELLO;1;0;1;LAMBAYEQUE;LAMBAYEQUE;MOTUPE;RURAL;CARRETERA;NACIONAL;PE-1N;-6.148171;DESPEJADO;RURAL;TRAMO RECTO;PLANA ;ASFALTADA;NULL;NULL;NULL;NULL;EN PROCESO DE INVESTIGACIÓN;NO CUENTA CON CAUSA ESPECIFICA;Carretera Lambayegue - Olmos;1/7/2022;-79.715691
A-2022-07-87;00:00.0;DESPISTE;1;0;1;CUSCO;CANAS;CHECCA;RURAL;CARRETERA;SIN CLASIFICAR;SIN CLASIFICAR;-14.494503;DESPEJADO;RURAL;TRAMO RECTO;INCLINADA;TROCHA;NULL;NULL;NULL;NULL;IMPERICIA DEL CONDUCTOR;NULL;Checca;1/7/2022;-71.46394
A-2022-07-69;05:00.0;DESPISTE;1;0;1;APURIMAC;CHINCHEROS;CHINCHEROS;URBANA;CARRETERA;NACIONAL;PE-3S;-13.499955;SOLEADO;RURAL;CURVA;PLANA ;ASFALTADA;SI;REGULADORA (R);PREVENTIVA (P);SI;IMPRUDENCIA DEL CONDUCTOR;CONDUCIR EN ESTADO DE EBRIEDAD Y/O DROGADICCIÓN;Carretera Longitudinal de la Sierra Sur;1/7/2022;-73.808258
A-2022-07-4;55:00.0;ATROPELLO;1;1;1;SAN MARTIN;MOYOBAMBA;MOYOBAMBA;URBANA;CARRETERA;NACIONAL;PE-5N;-6.046127;DESPEJADO;RURAL;TRAMO RECTO;PLANA ;ASFALTADA;NULL;NULL;NULL;NULL;IMPRUDENCIA DEL PEATÓN;OTRO (IMPRUDENCIA DEL PEATÓN);Carretera Presidente Fernando Belaúnde Terry;1/7/2022;-77.017082
A-2022-07-200;00:00.0;DESPISTE;1;0;NULL;ANCASH;SANTA;CHIMBOTE;RURAL;CARRETERA;NACIONAL;PE-12;-8.907639;DESPEJADO;RURAL;CURVA;INCLINADA;ASFALTADA;NULL;NULL;NULL;NULL;EN PROCESO DE INVESTIGACIÓN;NO CUENTA CON CAUSA ESPECIFICA;PE-12;1/7/2022;-78.567464
A-2022-07-34;00:00.0;CHOQUE;1;0;2;LA LIBERTAD;TRUJILLO;EL PORVENIR;URBANA;CALLE;URBANO;NO CORRESPONDE;-8.074545;DESPEJADO;COMERCIAL;INTERSECCIÓN;PLANA ;ASFALTADA;NULL;NULL;NULL;NULL;IMPRUDENCIA DEL CONDUCTOR;NO ESTABLECER EL DERECHO DE PASO;Calle 17 de Diciembre;1/7/2022;-79.022619
A-2022-07-186;30:00.0;ATROPELLO FUGA;1;0;NULL;LIMA;LIMA;LURIN;URBANA;AVENIDA;URBANO;NO CORRESPONDE;-12.2439;DESPEJADO;COMERCIAL;TRAMO RECTO;PLANA ;ASFALTADA;NULL;NULL;NULL;NULL;EN PROCESO DE INVESTIGACIÓN;NO CUENTA CON CAUSA ESPECIFICA;Calle 38;2/7/2022;-76.909518
A-2022-07-187;50:00.0;ATROPELLO FUGA;1;0;NULL;LIMA;LIMA;PUEBLO LIBRE;URBANA;AVENIDA;URBANO;NO CORRESPONDE;-12.078181;DESPEJADO;COMERCIAL;TRAMO RECTO;PLANA ;ASFALTADA;NULL;NULL;NULL;NULL;EN PROCESO DE INVESTIGACIÓN;NO CUENTA CON CAUSA ESPECIFICA;Avenida de La Marina;2/7/2022;-77.080338
A-2022-07-252;40:00.0;ATROPELLO;1;0;NULL;JUNIN;CONCEPCION;CHAMBARA;RURAL;CARRETERA;NACIONAL;PE-24;-12.025631;DESPEJADO;RURAL;TRAMO RECTO;PLANA ;ASFALTADA;NULL;NULL;NULL;NULL;IMPRUDENCIA DEL CONDUCTOR;EXCESO DE VELOCIDAD;PE-24;2/7/2022;-75.420456
A-2022-07-97;30:00.0;ATROPELLO FUGA;1;1;1;LAMBAYEQUE;CHICLAYO;REQUE;RURAL;CARRETERA;NACIONAL;PE-1N;-6.888183;DESPEJADO;RURAL;TRAMO RECTO;PLANA ;ASFALTADA;NULL;NULL;NULL;NULL;EN PROCESO DE INVESTIGACIÓN;NO CUENTA CON CAUSA ESPECIFICA;Carretera Panamericana Norte;2/7/2022;-79.804553
A-2022-07-261;30:00.0;CHOQUE;3;6;5;ICA;CHINCHA;GROCIO PRADO;RURAL;CARRETERA;NACIONAL;PE-1S;-13.387074;DESPEJADO;RURAL;TRAMO RECTO;PLANA ;ASFALTADA;NULL;NULL;NULL;NULL;IMPRUDENCIA DEL CONDUCTOR;FATIGA Y/O CANSANCIO;Carretera Panamericana Sur;3/7/2022;-76.202036
A-2022-07-3;30:00.0;ATROPELLO;1;0;NULL;CALLAO;CALLAO;CALLAO;URBANA;AVENIDA;URBANO;NO CORRESPONDE;-12.062088;DESPEJADO;COMERCIAL;TRAMO RECTO;PLANA ;ASFALTADA;NO;NULL;NULL;SI;IMPRUDENCIA DEL CONDUCTOR;OTRO (IMPRUDENCIA DEL CONDUCTOR);Calle Marco Polo;3/7/2022;-77.142767
A-2022-07-213;30:00.0;VOLCADURA;2;1;NULL;APURIMAC;COTABAMBAS;MARA;RURAL;CARRETERA;SIN CLASIFICAR;SIN CLASIFICAR;-14.033949;NULL;NULL;NULL;NULL;NULL;NULL;NULL;NULL;NULL;EN PROCESO DE INVESTIGACIÓN;NO CUENTA CON CAUSA ESPECIFICA;Huaraqueray;3/7/2022;-72.146365
A-2022-07-61;00:00.0;DESPISTE;3;0;1;LA LIBERTAD;PATAZ;PATAZ;RURAL;CARRETERA;PROVINCIAL;LI-861;-7.788201;DESPEJADO;RURAL;TRAMO RECTO;PLANA ;AFIRMADO;NULL;NULL;NULL;NULL;IMPRUDENCIA DEL CONDUCTOR;OTRO (IMPRUDENCIA DEL CONDUCTOR);LI-860;3/7/2022;-77.595033
A-2022-07-36;30:00.0;ATROPELLO;1;0;1;LA LIBERTAD;ASCOPE;CHICAMA;RURAL;CARRETERA;NACIONAL;PE-1N;-7.875792;DESPEJADO;RURAL;TRAMO RECTO;PLANA ;ASFALTADA;NULL;NULL;NULL;NULL;IMPRUDENCIA DEL CONDUCTOR;ADELANTAR INDEBIDAMENTE;Carretera Panamericana Norte;3/7/2022;-79.132153
A-2022-07-44;10:00.0;DESPISTE;1;0;1;LIMA;BARRANCA;PATIVILCA;URBANA;CARRETERA;NACIONAL;PE-16A;-10.661403;NUBLADO;RURAL;TRAMO RECTO;PLANA ;ASFALTADA;NULL;NULL;NULL;NULL;EN PROCESO DE INVESTIGACIÓN;NO CUENTA CON CAUSA ESPECIFICA;Carretera Barranca - Ocros;3/7/2022;-77.772163
A-2022-07-62;00:00.0;DESPISTE;2;2;1;LA LIBERTAD;PATAZ;ONGON;RURAL;CARRETERA;DEPARTAMENTAL;LI-129;-8.194369;DESPEJADO;RURAL;TRAMO RECTO;INCLINADA;AFIRMADO;NULL;NULL;NULL;NULL;IMPRUDENCIA DEL CONDUCTOR;EXCESO DE VELOCIDAD;Ongón;3/7/2022;-76.982986
A-2022-07-246;30:00.0;CHOQUE;1;0;NULL;JUNIN;SATIPO;RIO NEGRO;RURAL;CARRETERA;NACIONAL;PE-5S;-11.211969;NULL;NULL;NULL;NULL;NULL;NULL;NULL;NULL;NULL;EN PROCESO DE INVESTIGACIÓN;NO CUENTA CON CAUSA ESPECIFICA;Carretera Longitudinal de la Selva Sur;3/7/2022;-74.657673
A-2022-07-185;50:00.0;CHOQUE CON OBJETO FIJO;1;0;1;LIMA;LIMA;BARRANCO;URBANA;OTRO;URBANO;NO CORRESPONDE;-12.152215;DESPEJADO;RESIDENCIAL;TRAMO RECTO;PLANA ;ASFALTADA;NULL;NULL;NULL;NULL;EN PROCESO DE INVESTIGACIÓN;NO CUENTA CON CAUSA ESPECIFICA;Circuito de Playas;4/7/2022;-77.02446
A-2022-07-142;40:00.0;DESPISTE;1;0;NULL;PIURA;PIURA;VEINTISEIS DE OCTUBRE;URBANA;AVENIDA;URBANO;NO CORRESPONDE;-5.183466;DESPEJADO;RURAL;TRAMO RECTO;PLANA ;ASFALTADA;NULL;NULL;NULL;NULL;EN PROCESO DE INVESTIGACIÓN;NO CUENTA CON CAUSA ESPECIFICA;Avenida Grau;4/7/2022;-80.664198
A-2022-07-35;30:00.0;CHOQUE;2;3;2;AREQUIPA;ISLAY;MOLLENDO;RURAL;CARRETERA;NACIONAL;PE-1S;-16.867949;DESPEJADO;RURAL;TRAMO RECTO;PLANA ;ASFALTADA;SI;REGULADORA (R);NULL;SI;EN PROCESO DE INVESTIGACIÓN;NO CUENTA CON CAUSA ESPECIFICA;Carretera Panamericana Sur;5/7/2022;-71.851756