CÓDIGO SINIESTRO;HORA SINIESTRO;CLASE SINIESTRO;CANTIDAD DE FALLECIDOS;CANTIDAD DE LESIONADOS;CANTIDAD DE VEHICULOS DAÑADOS;DEPARTAMENTO;PROVINCIA;DISTRITO;ZONA;TIPO DE VÍA;RED VIAL;COD CARRETERA;COORDENADAS LATITUD;CONDICIÓN CLIMÁTICA;ZONIFICACIÓN;CARACTERÍSTICAS DE VÍA;PERFIL LONGITUDINAL VÍA;SUPERFICIE DE CALZADA;¿EXISTE SEÑAL VERTICAL?;CLASIFICACIÓN DE LA SEÑAL VERTICAL Nº 1;CLASIFICACIÓN DE LA SEÑAL VERTICAL Nº 2;¿EXISTE SEÑAL HORIZONTAL?;CAUSA FACTOR PRINCIPAL;CAUSA ESPECÍFICA;UBICACION;FECHA SINIESTRO;COORDENADAS LONGITUD
A-2022-07-93;15:00.0;CHOQUE;1;3;2;LAMBAYEQUE;LAMBAYEQUE;LAMBAYEQUE;RURAL;CARRETERA;NACIONAL;PE-1N;-6.725805;DESPEJADO;RURAL;TRAMO RECTO;PLANA ;ASFALTADA;NULL;NULL;NULL;NULL;EN PROCESO DE INVESTIGACIÓN;NO CUENTA CON CAUSA ESPECIFICA;Panamericana Norte;5/7/2022;-79.891082
A-2022-07-184;45:00.0;DESPISTE;1;0;1;LIMA;LIMA;CHORRILLOS;URBANA;AVENIDA;URBANO;NO CORRESPONDE;-12.189429;DESPEJADO;COMERCIAL;TRAMO RECTO;PLANA ;ASFALTADA;NULL;NULL;NULL;NULL;EN PROCESO DE INVESTIGACIÓN;NO CUENTA CON CAUSA ESPECIFICA;Avenida Defensores del Morro;5/7/2022;-77.007245
A-2022-07-183;00:00.0;ATROPELLO;1;0;NULL;LIMA;LIMA;SAN MARTIN DE PORRES;URBANA;AVENIDA;URBANO;NO CORRESPONDE;-11.991583;DESPEJADO;COMERCIAL;TRAMO RECTO;PLANA ;ASFALTADA;NULL;NULL;NULL;NULL;EN PROCESO DE INVESTIGACIÓN;NO CUENTA CON CAUSA ESPECIFICA;Avenida Canta Callao;5/7/2022;-77.107768
A-2022-07-180;45:00.0;ATROPELLO;1;0;NULL;LIMA;LIMA;RIMAC;URBANA;AVENIDA;URBANO;NO CORRESPONDE;-12.030284;DESPEJADO;COMERCIAL;TRAMO RECTO;PLANA ;ASFALTADA;NULL;NULL;NULL;NULL;IMPRUDENCIA DEL CONDUCTOR;CONDUCIR EN SENTIDO CONTRARIO;Avenida Samuel Alcázar;5/7/2022;-77.029465
A-2022-07-14;30:00.0;CHOQUE;1;2;2;CAJAMARCA;SAN PABLO;SAN BERNARDINO;RURAL;CARRETERA;NACIONAL;PE-08;-7.218075;DESPEJADO;RURAL;TRAMO RECTO;PLANA ;ASFALTADA;NULL;NULL;NULL;NULL;EN PROCESO DE INVESTIGACIÓN;NO CUENTA CON CAUSA ESPECIFICA;Carretera Ciudad de Dios - Cajamarca;6/7/2022;-78.749257
A-2022-07-63;20:00.0;ATROPELLO FUGA;1;0;1;LA LIBERTAD;TRUJILLO;LAREDO;RURAL;CARRETERA;NACIONAL;PE-10A;-8.097352;DESPEJADO;RURAL;TRAMO RECTO;PLANA ;ASFALTADA;NULL;NULL;NULL;NULL;EN PROCESO DE INVESTIGACIÓN;NO CUENTA CON CAUSA ESPECIFICA;Carretera Industrial;6/7/2022;-78.974404
A-2022-07-266;50:00.0;ATROPELLO;1;0;2;ICA;CHINCHA;ALTO LARAN;RURAL;CARRETERA;PROVINCIAL;IC-514;-13.452454;DESPEJADO;RURAL;OTRO;INCLINADA;TROCHA;NULL;NULL;NULL;NULL;IMPRUDENCIA DEL PEATÓN;OTRO (IMPRUDENCIA DEL PEATÓN);Alto Larán;6/7/2022;-76.126608
A-2022-07-150;45:00.0;ATROPELLO;1;0;NULL;PIURA;PIURA;VEINTISEIS DE OCTUBRE;URBANA;CARRETERA;NACIONAL;PE-1N;-5.173715;DESPEJADO;INDUSTRIAL;TRAMO RECTO;PLANA ;ASFALTADA;NULL;NULL;NULL;NULL;EN PROCESO DE INVESTIGACIÓN;NO CUENTA CON CAUSA ESPECIFICA;Avenida Sánchez Cerro;6/7/2022;-80.680308
A-2022-07-148;05:00.0;ATROPELLO;1;0;0;PASCO;PASCO;NINACACA;URBANA;OTRO;URBANO;NO CORRESPONDE;-10.852161;DESPEJADO;RESIDENCIAL;OTRO;PLANA ;AFIRMADO;NULL;NULL;NULL;NULL;IMPRUDENCIA DEL CONDUCTOR;OTRO (IMPRUDENCIA DEL CONDUCTOR);Jirón Bolívar;6/7/2022;-76.114161
A-2022-07-258;00:00.0;DESPISTE;1;0;1;AYACUCHO;HUANTA;HUAMANGUILLA;RURAL;CARRETERA;NACIONAL;PE-3S;-13.029388;DESPEJADO;RURAL;CURVA;INCLINADA;ASFALTADA;SI;PREVENTIVA (P);NULL;NO;IMPRUDENCIA DEL CONDUCTOR;CONDUCIR EN ESTADO DE EBRIEDAD Y/O DROGADICCIÓN;Carretera Longitudinal de la Sierra Sur;6/7/2022;-74.217308
A-2022-07-76;00:00.0;DESPISTE;1;1;1;CUSCO;CANAS;KUNTURKANKI;RURAL;CARRETERA;NACIONAL;PE-34F;-14.641781;DESPEJADO;RURAL;TRAMO RECTO;PLANA ;ASFALTADA;NULL;NULL;NULL;NULL;IMPRUDENCIA DEL CONDUCTOR;FATIGA Y/O CANSANCIO;Carretera Espinar - Sicuani;6/7/2022;-71.276429
A-2022-07-33;10:00.0;DESPISTE;2;1;1;ANCASH;HUARAZ;JANGAS;RURAL;CARRETERA;PROVINCIAL;AN-1115;-9.419448;DESPEJADO;RURAL;CURVA;INCLINADA;AFIRMADO;NULL;NULL;NULL;NULL;EN PROCESO DE INVESTIGACIÓN;NO CUENTA CON CAUSA ESPECIFICA;Jahua;6/7/2022;-77.592997
A-2022-07-151;00:00.0;DESPISTE;1;0;NULL;PIURA;PIURA;PIURA;URBANA;AVENIDA;URBANO;NO CORRESPONDE;-5.184283;DESPEJADO;RURAL;TRAMO RECTO;PLANA ;ASFALTADA;NULL;NULL;NULL;NULL;EN PROCESO DE INVESTIGACIÓN;NO CUENTA CON CAUSA ESPECIFICA;Avenida Fortunato Chirichigno;7/7/2022;-80.625083
A-2022-07-243;50:00.0;CHOQUE;1;0;2;LIMA;HUAURA;HUACHO;RURAL;CARRETERA;NACIONAL;PE-1N;-11.150481;DESPEJADO;RURAL;INTERSECCIÓN;PLANA ;ASFALTADA;SI;REGULADORA (R);REGULADORA (R);NO;IMPRUDENCIA DEL CONDUCTOR;NO ESTABLECER EL DERECHO DE PASO;Huacho;7/7/2022;-77.596575
A-2022-07-201;30:00.0;CHOQUE;2;2;NULL;ANCASH;SANTA;NEPEÑA;RURAL;CARRETERA;NACIONAL;PE-1N;-9.232379;DESPEJADO;RURAL;TRAMO RECTO;PLANA ;ASFALTADA;NULL;NULL;NULL;NULL;EN PROCESO DE INVESTIGACIÓN;NO CUENTA CON CAUSA ESPECIFICA;Panamericana Norte;7/7/2022;-78.448749
A-2022-07-198;58:00.0;ATROPELLO;1;0;NULL;LIMA;LIMA;MIRAFLORES;URBANA;AVENIDA;URBANO;NO CORRESPONDE;-12.129913;DESPEJADO;RESIDENCIAL;INTERSECCIÓN;PLANA ;ASFALTADA;NULL;NULL;NULL;NULL;EN PROCESO DE INVESTIGACIÓN;NO CUENTA CON CAUSA ESPECIFICA;Calle José Gonzales;7/7/2022;-77.026447
A-2022-07-12;30:00.0;ATROPELLO;1;0;1;SAN MARTIN;RIOJA;PARDO MIGUEL;RURAL;CARRETERA;NACIONAL;PE-5N;-5.730581;DESPEJADO;RURAL;TRAMO RECTO;PLANA ;ASFALTADA;NULL;NULL;NULL;NULL;IMPRUDENCIA DEL CONDUCTOR;OTRO (IMPRUDENCIA DEL CONDUCTOR);Carretera Presidente Fernando Belaúnde Terry;7/7/2022;-77.514495
A-2022-07-46;00:00.0;CAÍDA DE PASAJERO;1;0;NULL;AREQUIPA;AREQUIPA;PAUCARPATA;URBANA;CALLE;URBANO;NO CORRESPONDE;-16.418162;DESPEJADO;RESIDENCIAL;TRAMO RECTO;PLANA ;ASFALTADA;NO;NULL;NULL;SI;EN PROCESO DE INVESTIGACIÓN;NO CUENTA CON CAUSA ESPECIFICA;César Vallejo;7/7/2022;-71.506057
A-2022-07-152;30:00.0;ATROPELLO;1;0;NULL;PIURA;PIURA;PIURA;URBANA;AVENIDA;URBANO;NO CORRESPONDE;-5.16802;DESPEJADO;RURAL;TRAMO RECTO;PLANA ;ASFALTADA;SI;PREVENTIVA (P);NULL;NO;EN PROCESO DE INVESTIGACIÓN;NO CUENTA CON CAUSA ESPECIFICA;Avenida José E. Aguilar Santisteban;8/7/2022;-80.648719
A-2022-07-179;55:00.0;DESPISTE;1;0;NULL;LIMA;LIMA;MIRAFLORES;URBANA;AVENIDA;URBANO;NO CORRESPONDE;-12.123954;DESPEJADO;RESIDENCIAL;TRAMO RECTO;PLANA ;ASFALTADA;NULL;NULL;NULL;NULL;EN PROCESO DE INVESTIGACIÓN;NO CUENTA CON CAUSA ESPECIFICA;Ruta de buses Tomás Marsano;8/7/2022;-77.004534
A-2022-07-154;30:00.0;DESPISTE;1;0;1;PUNO;HUANCANE;COJATA;RURAL;CARRETERA;NACIONAL;PE-34L;-15.066031;SOLEADO;RURAL;TRAMO RECTO;PLANA ;ASFALTADA;NULL;NULL;NULL;NULL;IMPRUDENCIA DEL CONDUCTOR;OTRO (IMPRUDENCIA DEL CONDUCTOR);PE-34L;8/7/2022;-69.427497
A-2022-07-219;30:00.0;CHOQUE;1;2;2;UCAYALI;CORONEL PORTILLO;CALLERIA;URBANA;AVENIDA;URBANO;NO CORRESPONDE;-8.369551;DESPEJADO;COMERCIAL;TRAMO RECTO;PLANA ;ASFALTADA;SI;REGULADORA (R);NULL;NO;IMPRUDENCIA DEL CONDUCTOR;OTRO (IMPRUDENCIA DEL CONDUCTOR);Avenida Miraflores;8/7/2022;-74.549133
A-2022-07-153;50:00.0;ESPECIAL;1;1;NULL;PIURA;MORROPON;SAN JUAN DE BIGOTE;RURAL;CARRETERA;PROVINCIAL;PI-883;-5.316476;DESPEJADO;RURAL;TRAMO RECTO;INCLINADA;AFIRMADO;NULL;NULL;NULL;NULL;EN PROCESO DE INVESTIGACIÓN;NO CUENTA CON CAUSA ESPECIFICA;La Pareja;9/7/2022;-79.749585
A-2022-07-15;40:00.0;CHOQUE FUGA;1;3;2;SAN MARTIN;RIOJA;PARDO MIGUEL;URBANA;CARRETERA;NACIONAL;PE-5N;-5.738795;DESPEJADO;COMERCIAL;TRAMO RECTO;PLANA ;ASFALTADA;NULL;NULL;NULL;NULL;IMPRUDENCIA DEL CONDUCTOR;OTRO (IMPRUDENCIA DEL CONDUCTOR);Carretera Presidente Fernando Belaúnde Terry;10/7/2022;-77.501768
A-2022-07-203;30:00.0;ATROPELLO FUGA;1;0;NULL;ANCASH;SANTA;CHIMBOTE;URBANA;CARRETERA;NACIONAL;PE-1N;-9.10585;DESPEJADO;INDUSTRIAL;TRAMO RECTO;PLANA ;ASFALTADA;NULL;NULL;NULL;NULL;EN PROCESO DE INVESTIGACIÓN;NO CUENTA CON CAUSA ESPECIFICA;Avenida Francisco Bolognesi;10/7/2022;-78.555731
A-2022-07-264;50:00.0;CHOQUE CON OBJETO FIJO;1;1;1;LIMA;HUAURA;HUAURA;RURAL;CARRETERA;DEPARTAMENTAL;LM-101;-11.055576;DESPEJADO;RURAL;TRAMO RECTO;PLANA ;ASFALTADA;NULL;NULL;NULL;NULL;IMPRUDENCIA DEL CONDUCTOR;CONDUCIR EN ESTADO DE EBRIEDAD Y/O DROGADICCIÓN;Antigua Panamericana Norte;10/7/2022;-77.601221
A-2022-07-204;40:00.0;DESPISTE;1;0;NULL;ANCASH;SANTA;NUEVO CHIMBOTE;RURAL;AVENIDA;URBANO;NO CORRESPONDE;-9.128416;DESPEJADO;COMERCIAL;TRAMO RECTO;PLANA ;ASFALTADA;NULL;NULL;NULL;NULL;EN PROCESO DE INVESTIGACIÓN;NO CUENTA CON CAUSA ESPECIFICA;Avenida Pacífico;10/7/2022;-78.518498
A-2022-07-16;00:00.0;ATROPELLO;1;0;1;SAN MARTIN;RIOJA;AWAJUN;URBANA;CARRETERA;NACIONAL;PE-5N;-5.818199;DESPEJADO;COMERCIAL;TRAMO RECTO;PLANA ;ASFALTADA;NO;NULL;NULL;NO;IMPRUDENCIA DEL PEATÓN;OTRO (IMPRUDENCIA DEL PEATÓN);Bajo Naranjillo;10/7/2022;-77.382588
A-2022-07-49;19:00.0;ATROPELLO;1;0;1;CUSCO;QUISPICANCHI;HUARO;RURAL;CARRETERA;NACIONAL;PE-3S;-13.682358;DESPEJADO;RURAL;OTRO;PLANA ;ASFALTADA;NO;NULL;NULL;SI;IMPRUDENCIA DEL PEATÓN;ESTADO DE EBRIEDAD Y/O DROGADICCIÓN;Carretera Longitudinal de la Sierra Sur;10/7/2022;-71.65419
A-2022-07-17;20:00.0;CHOQUE FUGA;1;0;1;SAN MARTIN;RIOJA;AWAJUN;URBANA;CARRETERA;NACIONAL;PE-5N;-5.81718;DESPEJADO;COMERCIAL;TRAMO RECTO;PLANA ;ASFALTADA;NULL;NULL;NULL;NULL;IMPRUDENCIA DEL CONDUCTOR;OTRO (IMPRUDENCIA DEL CONDUCTOR);Carretera Presidente Fernando Belaúnde Terry;10/7/2022;-77.383978
A-2022-07-202;45:00.0;ATROPELLO;1;0;NULL;ANCASH;SANTA;CHIMBOTE;URBANA;CARRETERA;NACIONAL;PE-1N;-9.105898;DESPEJADO;INDUSTRIAL;TRAMO RECTO;PLANA ;ASFALTADA;NULL;NULL;NULL;NULL;IMPRUDENCIA DEL CONDUCTOR;CONDUCIR EN ESTADO DE EBRIEDAD Y/O DROGADICCIÓN;Avenida Francisco Bolognesi;10/7/2022;-78.555773
A-2022-07-64;30:00.0;CHOQUE;1;0;2;LA LIBERTAD;PACASMAYO;GUADALUPE;RURAL;CARRETERA;NACIONAL;PE-1N;-7.303484;DESPEJADO;RURAL;TRAMO RECTO;PLANA ;ASFALTADA;NULL;NULL;NULL;NULL;IMPRUDENCIA DEL CONDUCTOR;CONDUCIR EN ESTADO DE EBRIEDAD Y/O DROGADICCIÓN;Carretera Panamericana Norte;10/7/2022;-79.478253
A-2022-07-86;00:00.0;DESPISTE;1;0;1;CUSCO;CHUMBIVILCAS;LIVITACA;RURAL;CARRETERA;DEPARTAMENTAL;CU-126;-14.305599;DESPEJADO;RURAL;TRAMO RECTO;PLANA ;AFIRMADO;NULL;NULL;NULL;NULL;IMPRUDENCIA DEL CONDUCTOR;CONDUCIR EN ESTADO DE EBRIEDAD Y/O DROGADICCIÓN;CU-126;10/7/2022;-71.674153
A-2022-07-118;30:00.0;DESPISTE;1;5;1;CAJAMARCA;CAJAMARCA;ENCAÑADA;RURAL;CARRETERA;PROVINCIAL;CA-1089;-7.073267;DESPEJADO;RURAL;SINUOSA;INCLINADA;AFIRMADO;NULL;NULL;NULL;NULL;EN PROCESO DE INVESTIGACIÓN;NO CUENTA CON CAUSA ESPECIFICA;Encañada;10/7/2022;-78.344291
A-2022-07-270;00:00.0;CHOQUE;1;1;NULL;MADRE DE DIOS;TAMBOPATA;INAMBARI;RURAL;CARRETERA;NACIONAL;PE-30C;-12.891986;NULL;NULL;NULL;NULL;NULL;NULL;NULL;NULL;NULL;EN PROCESO DE INVESTIGACIÓN;NO CUENTA CON CAUSA ESPECIFICA;Interoceánica Sur;10/7/2022;-70.065377
A-2022-07-41;40:00.0;CHOQUE;1;0;NULL;CUSCO;QUISPICANCHI;QUIQUIJANA;URBANA;CARRETERA;NACIONAL;PE-3S;-13.827841;DESPEJADO;RURAL;TRAMO RECTO;PLANA ;ASFALTADA;SI;PREVENTIVA (P);NULL;SI;IMPRUDENCIA DEL CONDUCTOR;OTRO (IMPRUDENCIA DEL CONDUCTOR);Quiquijana;10/7/2022;-71.539662
A-2022-07-51;45:00.0;CHOQUE;1;0;2;CUSCO;QUISPICANCHI;URCOS;URBANA;CARRETERA;NACIONAL;PE-3S;-13.686603;DESPEJADO;COMERCIAL;CURVA;INCLINADA;ASFALTADA;SI;PREVENTIVA (P);NULL;SI;IMPRUDENCIA DEL CONDUCTOR;INVASIÓN DE CARRIL;Carretera Longitudinal de la Sierra Sur;10/7/2022;-71.611283
A-2022-07-178;20:00.0;ATROPELLO;1;0;NULL;LIMA;LIMA;SANTA ANITA;URBANA;AVENIDA;URBANO;NO CORRESPONDE;-12.040451;DESPEJADO;COMERCIAL;TRAMO RECTO;PLANA ;ASFALTADA;NULL;NULL;NULL;NULL;EN PROCESO DE INVESTIGACIÓN;NO CUENTA CON CAUSA ESPECIFICA;Avenida Imperial;10/7/2022;-76.964255
A-2022-07-11;00:00.0;ATROPELLO FUGA;1;0;NULL;PUNO;CHUCUITO;ZEPITA;RURAL;CARRETERA;DEPARTAMENTAL;PU-130;-16.41654;DESPEJADO;RURAL;TRAMO RECTO;PLANA ;ASFALTADA;NULL;NULL;NULL;NULL;EN PROCESO DE INVESTIGACIÓN;NO CUENTA CON CAUSA ESPECIFICA;PU-130;10/7/2022;-69.053983
A-2022-07-65;15:00.0;CHOQUE;1;1;2;LA LIBERTAD;TRUJILLO;LAREDO;RURAL;CARRETERA;NACIONAL;PE-10A;-8.052487;DESPEJADO;RURAL;TRAMO RECTO;PLANA ;ASFALTADA;NULL;NULL;NULL;NULL;IMPRUDENCIA DEL CONDUCTOR;INVASIÓN DE CARRIL;Carretera Industrial;10/7/2022;-78.851766
A-2022-07-159;30:00.0;CHOQUE;1;3;NULL;PIURA;PIURA;LA UNION;RURAL;CARRETERA;SIN CLASIFICAR;SIN CLASIFICAR;-5.393315;NULL;NULL;NULL;NULL;NULL;NULL;NULL;NULL;NULL;EN PROCESO DE INVESTIGACIÓN;NO CUENTA CON CAUSA ESPECIFICA;Tablazo Sur;10/7/2022;-80.756073
A-2022-07-45;30:00.0;ATROPELLO FUGA;1;0;1;ICA;PISCO;HUANCANO;URBANA;CARRETERA;NACIONAL;PE-28A;-13.60534;LLUVIOSO;COMERCIAL;CURVA;PLANA ;ASFALTADA;NULL;NULL;NULL;NULL;EN PROCESO DE INVESTIGACIÓN;NO CUENTA CON CAUSA ESPECIFICA;Vía de los Libertadores;11/7/2022;-75.623033
A-2022-07-240;00:00.0;ATROPELLO;1;0;NULL;LORETO;MAYNAS;SAN JUAN BAUTISTA;URBANA;CARRETERA;DEPARTAMENTAL;LO-103;-3.792825;DESPEJADO;RURAL;TRAMO RECTO;PLANA ;ASFALTADA;NULL;NULL;NULL;NULL;IMPRUDENCIA DEL CONDUCTOR;EXCESO DE VELOCIDAD;Carretera Iquitos - Nauta;11/7/2022;-73.299278
A-2022-07-77;00:00.0;CHOQUE;1;0;2;LAMBAYEQUE;LAMBAYEQUE;MORROPE;RURAL;CARRETERA;DEPARTAMENTAL;LA-105;-6.506989;DESPEJADO;RURAL;TRAMO RECTO;PLANA ;ASFALTADA;SI;REGULADORA (R);NULL;NO;EN PROCESO DE INVESTIGACIÓN;NO CUENTA CON CAUSA ESPECIFICA;Prolongación Calle San Antonio;11/7/2022;-80.007284
A-2022-07-119;38:00.0;VOLCADURA;1;14;1;CAJAMARCA;CHOTA;LLAMA;RURAL;CARRETERA;NACIONAL;PE-06A;-6.510966;DESPEJADO;RURAL;CURVA;INCLINADA;ASFALTADA;NULL;NULL;NULL;NULL;EN PROCESO DE INVESTIGACIÓN;NO CUENTA CON CAUSA ESPECIFICA;PE-06A;11/7/2022;-79.118425
A-2022-07-66;30:00.0;ATROPELLO FUGA;1;0;1;LA LIBERTAD;TRUJILLO;MOCHE;RURAL;CARRETERA;PROVINCIAL;LI-1093;-8.15069;DESPEJADO;RURAL;TRAMO RECTO;PLANA ;ASFALTADA;NULL;NULL;NULL;NULL;IMPRUDENCIA DEL PEATÓN;OTRO (IMPRUDENCIA DEL PEATÓN);Calle Entrada a La Campiña;11/7/2022;-79.010301
A-2022-07-214;40:00.0;DESPISTE;1;0;NULL;APURIMAC;AYMARAES;TINTAY;RURAL;CARRETERA;NACIONAL;PE-30A;-13.951929;NULL;NULL;NULL;NULL;NULL;NULL;NULL;NULL;NULL;EN PROCESO DE INVESTIGACIÓN;NO CUENTA CON CAUSA ESPECIFICA;Carretera Nasca - Abancay;12/7/2022;-73.14034
A-2022-07-189;20:00.0;DESPISTE;1;0;NULL;CAJAMARCA;CUTERVO;SOCOTA;NULL;CARRETERA;NACIONAL;PE-3ND;-6.328728;NULL;NULL;NULL;NULL;NULL;NULL;NULL;NULL;NULL;EN PROCESO DE INVESTIGACIÓN;NO CUENTA CON CAUSA ESPECIFICA;PE-3ND;12/7/2022;-78.713119
A-2022-07-238;30:00.0;ATROPELLO FUGA;1;0;NULL;CALLAO;CALLAO;CALLAO;URBANA;CALLE;URBANO;NO CORRESPONDE;-12.021652;DESPEJADO;COMERCIAL;TRAMO RECTO;PLANA ;ASFALTADA;SI;REGULADORA (R);NULL;SI;EN PROCESO DE INVESTIGACIÓN;NO CUENTA CON CAUSA ESPECIFICA;Jirón Inmaculada Concepción;12/7/2022;-77.1366
A-2022-07-67;30:00.0;DESPISTE;2;0;1;LA LIBERTAD;VIRU;GUADALUPITO;RURAL;CARRETERA;NACIONAL;PE-1N;-8.702087;DESPEJADO;RURAL;TRAMO RECTO;PLANA ;ASFALTADA;NULL;NULL;NULL;NULL;IMPRUDENCIA DEL CONDUCTOR;EXCESO DE VELOCIDAD;Panamericana Norte;12/7/2022;-78.639476
A-2022-07-216;00:00.0;CHOQUE;1;0;NULL;CAJAMARCA;CUTERVO;CUTERVO;RURAL;CARRETERA;NACIONAL;PE-3ND;-6.368741;DESPEJADO;RURAL;CURVA;INCLINADA;ASFALTADA;NULL;NULL;NULL;NULL;EN PROCESO DE INVESTIGACIÓN;NO CUENTA CON CAUSA ESPECIFICA;PE-3ND;12/7/2022;-78.779169
A-2022-07-177;45:00.0;ATROPELLO FUGA;1;0;NULL;LIMA;LIMA;SAN MARTIN DE PORRES;URBANA;AVENIDA;URBANO;NO CORRESPONDE;-12.031978;DESPEJADO;COMERCIAL;TRAMO RECTO;PLANA ;ASFALTADA;NULL;NULL;NULL;NULL;EN PROCESO DE INVESTIGACIÓN;NO CUENTA CON CAUSA ESPECIFICA;Avenida Perú;12/7/2022;-77.075017
A-2022-07-176;15:00.0;CHOQUE;1;0;2;LIMA;LIMA;SAN JUAN DE MIRAFLORES;URBANA;AVENIDA;URBANO;NO CORRESPONDE;-12.156406;DESPEJADO;COMERCIAL;TRAMO RECTO;PLANA ;ASFALTADA;NULL;NULL;NULL;NULL;EN PROCESO DE INVESTIGACIÓN;NO CUENTA CON CAUSA ESPECIFICA;Avenida Los Héroes;13/7/2022;-76.966686
A-2022-07-217;30:00.0;DESPISTE;1;5;NULL;CAJAMARCA;CAJAMARCA;ENCAÑADA;URBANA;CARRETERA;SIN CLASIFICAR;SIN CLASIFICAR;-6.821649;DESPEJADO;RURAL;TRAMO RECTO;PLANA ;AFIRMADO;NULL;NULL;NULL;NULL;EN PROCESO DE INVESTIGACIÓN;NO CUENTA CON CAUSA ESPECIFICA;Encañada;13/7/2022;-78.526006
A-2022-07-175;39:00.0;CHOQUE FUGA;1;0;2;LIMA;LIMA;CHORRILLOS;URBANA;AVENIDA;URBANO;NO CORRESPONDE;-12.189487;DESPEJADO;COMERCIAL;TRAMO RECTO;PLANA ;ASFALTADA;NULL;NULL;NULL;NULL;EN PROCESO DE INVESTIGACIÓN;NO CUENTA CON CAUSA ESPECIFICA;Avenida Santa Anita;13/7/2022;-77.014457
A-2022-07-155;00:00.0;DESPISTE;3;0;1;PUNO;SAN ANTONIO DE PUTINA;QUILCAPUNCU;RURAL;CARRETERA;PROVINCIAL;PU-844;-14.915628;DESPEJADO;RURAL;CURVA;PLANA ;ASFALTADA;NULL;NULL;NULL;NULL;IMPRUDENCIA DEL CONDUCTOR;EXCESO DE VELOCIDAD;PU-844;13/7/2022;-69.689361
A-2022-07-174;00:00.0;DESPISTE;1;1;1;LIMA;CAÑETE;CHILCA;URBANA;CARRETERA;NACIONAL;PE-1S;-12.467895;DESPEJADO;RESIDENCIAL;CURVA;PLANA ;ASFALTADA;NULL;NULL;NULL;NULL;EN PROCESO DE INVESTIGACIÓN;NO CUENTA CON CAUSA ESPECIFICA;Papa León X III;14/7/2022;-76.750408
A-2022-07-80;30:00.0;CHOQUE;1;0;2;LA LIBERTAD;OTUZCO;USQUIL;RURAL;CARRETERA;PROVINCIAL;LI-787;-7.861108;DESPEJADO;RURAL;TRAMO RECTO;PLANA ;AFIRMADO;NULL;NULL;NULL;NULL;EN PROCESO DE INVESTIGACIÓN;NO CUENTA CON CAUSA ESPECIFICA;Usquil;14/7/2022;-78.478932
A-2022-07-210;00:00.0;CHOQUE;1;1;NULL;TACNA;JORGE BASADRE;LOCUMBA;RURAL;CARRETERA;PROVINCIAL;TA-573;-17.614852;NULL;NULL;NULL;NULL;NULL;NULL;NULL;NULL;NULL;EN PROCESO DE INVESTIGACIÓN;NO CUENTA CON CAUSA ESPECIFICA;Avenida Circunvalación;15/7/2022;-70.761441
A-2022-07-18;30:00.0;ATROPELLO FUGA;1;0;NULL;PUNO;CHUCUITO;JULI;RURAL;CARRETERA;NACIONAL;PE-3S;-16.236553;DESPEJADO;RURAL;TRAMO RECTO;PLANA ;ASFALTADA;NULL;NULL;NULL;NULL;IMPERICIA DEL CONDUCTOR;NULL;Carretera Longitudinal de la Sierra Sur;15/7/2022;-69.376548
A-2022-07-40;10:00.0;CHOQUE;1;1;2;SAN MARTIN;RIOJA;NUEVA CAJAMARCA;URBANA;CARRETERA;NACIONAL;PE-5N;-5.935687;DESPEJADO;RESIDENCIAL;TRAMO RECTO;PLANA ;ASFALTADA;NULL;NULL;NULL;NULL;IMPRUDENCIA DEL CONDUCTOR;OTRO (IMPRUDENCIA DEL CONDUCTOR);Carretera Presidente Fernando Belaúnde Terry;15/7/2022;-77.309991
A-2022-07-81;30:00.0;DESPISTE;1;0;1;LA LIBERTAD;GRAN CHIMU;CASCAS;RURAL;CARRETERA;PROVINCIAL;LI-697;-7.489935;DESPEJADO;RURAL;CURVA;PLANA ;AFIRMADO;NULL;NULL;NULL;NULL;EN PROCESO DE INVESTIGACIÓN;NO CUENTA CON CAUSA ESPECIFICA;Cascas;15/7/2022;-78.815109
A-2022-07-112;30:00.0;DESPISTE;1;3;1;HUANCAVELICA;CASTROVIRREYNA;AURAHUA;RURAL;CARRETERA;DEPARTAMENTAL;HV-114;-13.033097;DESPEJADO;RURAL;CURVA;INCLINADA;AFIRMADO;NULL;NULL;NULL;NULL;EN PROCESO DE INVESTIGACIÓN;NO CUENTA CON CAUSA ESPECIFICA;HV-114;15/7/2022;-75.57604
A-2022-07-205;30:00.0;DESPISTE;1;0;NULL;ANCASH;HUARAZ;PAMPAS GRANDE;RURAL;CARRETERA;PROVINCIAL;AN-1136;-9.633328;DESPEJADO;RURAL;OTRO;INCLINADA;TROCHA;NULL;NULL;NULL;NULL;EN PROCESO DE INVESTIGACIÓN;NO CUENTA CON CAUSA ESPECIFICA;AN-742;15/7/2022;-77.813508
A-2022-07-98;50:00.0;CAÍDA DE PASAJERO;1;0;2;LA LIBERTAD;VIRU;VIRU;RURAL;CARRETERA;NACIONAL;PE-1N;-8.411636;DESPEJADO;RURAL;TRAMO RECTO;PLANA ;ASFALTADA;NULL;NULL;NULL;NULL;EN PROCESO DE INVESTIGACIÓN;NO CUENTA CON CAUSA ESPECIFICA;Carretera Panamericana Norte;15/7/2022;-78.802653