CÓDIGO SINIESTRO;HORA SINIESTRO;CLASE SINIESTRO;CANTIDAD DE FALLECIDOS;CANTIDAD DE LESIONADOS;CANTIDAD DE VEHICULOS DAÑADOS;DEPARTAMENTO;PROVINCIA;DISTRITO;ZONA;TIPO DE VÍA;RED VIAL;COD CARRETERA;COORDENADAS LATITUD;CONDICIÓN CLIMÁTICA;ZONIFICACIÓN;CARACTERÍSTICAS DE VÍA;PERFIL LONGITUDINAL VÍA;SUPERFICIE DE CALZADA;¿EXISTE SEÑAL VERTICAL?;CLASIFICACIÓN DE LA SEÑAL VERTICAL Nº 1;CLASIFICACIÓN DE LA SEÑAL VERTICAL Nº 2;¿EXISTE SEÑAL HORIZONTAL?;CAUSA FACTOR PRINCIPAL;CAUSA ESPECÍFICA;UBICACION;FECHA SINIESTRO;COORDENADAS LONGITUD
A-2022-07-47;10:00.0;ATROPELLO;1;1;1;AREQUIPA;ISLAY;COCACHACRA;RURAL;CARRETERA;NACIONAL;PE-1SJ;-17.065689;DESPEJADO;RURAL;TRAMO RECTO;PLANA ;ASFALTADA;NO;NULL;NULL;SI;EN PROCESO DE INVESTIGACIÓN;NO CUENTA CON CAUSA ESPECIFICA;PE-1SJ;15/7/2022;-71.720833
A-2022-07-206;28:00.0;CHOQUE;1;0;NULL;ANCASH;CASMA;CASMA;RURAL;CARRETERA;NACIONAL;PE-1N;-9.451092;DESPEJADO;RURAL;CURVA;PLANA ;ASFALTADA;NULL;NULL;NULL;NULL;EN PROCESO DE INVESTIGACIÓN;NO CUENTA CON CAUSA ESPECIFICA;Panamericana Norte;16/7/2022;-78.345081
A-2022-07-54;00:00.0;DESPISTE;3;0;1;CUSCO;PAUCARTAMBO;CHALLABAMBA;RURAL;CARRETERA;DEPARTAMENTAL;CU-113;-13.239771;DESPEJADO;RURAL;CURVA;PLANA ;AFIRMADO;NULL;NULL;NULL;NULL;NEGLIGENCIA DEL CONDUCTOR;OTRO (NEGLIGENCIA DEL CONDUCTOR);Jajahuana;16/7/2022;-71.617416
A-2022-07-31;20:00.0;CHOQUE;1;0;1;PUNO;CHUCUITO;JULI;RURAL;CARRETERA;NACIONAL;PE-3S;-16.220431;DESPEJADO;RURAL;TRAMO RECTO;PLANA ;ASFALTADA;NULL;NULL;NULL;NULL;IMPRUDENCIA DEL CONDUCTOR;INVASIÓN DE CARRIL;Carretera Longitudinal de la Sierra Sur;16/7/2022;-69.391403
A-2022-07-43;40:00.0;CHOQUE;2;0;2;SAN MARTIN;RIOJA;RIOJA;URBANA;CARRETERA;NACIONAL;PE-5N;-6.054252;DESPEJADO;COMERCIAL;CURVA;PLANA ;ASFALTADA;SI;PREVENTIVA (P);PREVENTIVA (P);NO;IMPRUDENCIA DEL CONDUCTOR;EXCESO DE VELOCIDAD;Las Palmeras;16/7/2022;-77.165076
A-2022-07-172;30:00.0;ATROPELLO;1;0;NULL;LIMA;LIMA;INDEPENDENCIA;URBANA;CALLE;URBANO;NO CORRESPONDE;-11.974441;DESPEJADO;RESIDENCIAL;TRAMO RECTO;PLANA ;TROCHA;NULL;NULL;NULL;NULL;EN PROCESO DE INVESTIGACIÓN;NO CUENTA CON CAUSA ESPECIFICA;Avenida Santa Rosa;16/7/2022;-77.055803
A-2022-07-259;55:00.0;DESPISTE;1;0;1;PIURA;SULLANA;SULLANA;RURAL;CARRETERA;PROVINCIAL;PI-986;-4.931;DESPEJADO;RURAL;TRAMO RECTO;PLANA ;AFIRMADO;NULL;NULL;NULL;NULL;EN PROCESO DE INVESTIGACIÓN;NO CUENTA CON CAUSA ESPECIFICA;PI-986;16/7/2022;-80.631
A-2022-07-173;00:00.0;ATROPELLO;1;0;0;LIMA;LIMA;RIMAC;URBANA;CARRETERA;NACIONAL;PE-1N;-12.041446;DESPEJADO;COMERCIAL;TRAMO RECTO;PLANA ;ASFALTADA;NULL;NULL;NULL;NULL;EN PROCESO DE INVESTIGACIÓN;NO CUENTA CON CAUSA ESPECIFICA;Vía de Evitamiento;17/7/2022;-77.032747
A-2022-07-220;10:00.0;CHOQUE CON OBJETO FIJO;1;0;1;UCAYALI;CORONEL PORTILLO;CALLERIA;RURAL;CARRETERA;NACIONAL;PE-18C;-8.397753;DESPEJADO;RURAL;TRAMO RECTO;PLANA ;ASFALTADA;NULL;NULL;NULL;NULL;IMPRUDENCIA DEL CONDUCTOR;CONDUCIR EN ESTADO DE EBRIEDAD Y/O DROGADICCIÓN;Carretera Federico Basadre;17/7/2022;-74.602609
A-2022-07-94;00:00.0;ATROPELLO FUGA;1;0;1;LAMBAYEQUE;LAMBAYEQUE;LAMBAYEQUE;URBANA;CARRETERA;NACIONAL;PE-1N;-6.689793;DESPEJADO;INDUSTRIAL;TRAMO RECTO;PLANA ;ASFALTADA;NULL;NULL;NULL;NULL;EN PROCESO DE INVESTIGACIÓN;NO CUENTA CON CAUSA ESPECIFICA;Ruta Panamericana Norte;17/7/2022;-79.903521
A-2022-07-99;30:00.0;DESPISTE;1;0;1;LA LIBERTAD;SANCHEZ CARRION;SARTIMBAMBA;RURAL;CARRETERA;SIN CLASIFICAR;SIN CLASIFICAR;-7.512884;DESPEJADO;RURAL;TRAMO RECTO;PLANA ;TROCHA;NULL;NULL;NULL;NULL;IMPRUDENCIA DEL CONDUCTOR;OTRO (IMPRUDENCIA DEL CONDUCTOR);Sartimbamba;17/7/2022;-77.825579
A-2022-07-218;00:00.0;DESPISTE;1;0;1;CAJAMARCA;CAJAMARCA;COSPAN;URBANA;CARRETERA;SIN CLASIFICAR;SIN CLASIFICAR;-7.475532;DESPEJADO;RURAL;TRAMO RECTO;PLANA ;ASFALTADA;NULL;NULL;NULL;NULL;EN PROCESO DE INVESTIGACIÓN;NO CUENTA CON CAUSA ESPECIFICA;Cospán;17/7/2022;-78.483394
A-2022-07-253;30:00.0;CHOQUE;2;2;4;JUNIN;HUANCAYO;PILCOMAYO;URBANA;AVENIDA;URBANO;NO CORRESPONDE;-12.05565;DESPEJADO;COMERCIAL;TRAMO RECTO;PLANA ;ASFALTADA;NULL;NULL;NULL;NULL;IMPRUDENCIA DEL CONDUCTOR;CONDUCIR EN ESTADO DE EBRIEDAD Y/O DROGADICCIÓN;Pilcomayo;17/7/2022;-75.263566
A-2022-07-32;45:00.0;ATROPELLO;1;2;1;PUNO;PUNO;PUNO;URBANA;CARRETERA;PROVINCIAL;PU-1093;-15.827552;DESPEJADO;COMERCIAL;TRAMO RECTO;PLANA ;ASFALTADA;NULL;NULL;NULL;NULL;IMPRUDENCIA DEL PEATÓN;ESTADO DE EBRIEDAD Y/O DROGADICCIÓN;PU-1094;17/7/2022;-70.039998
A-2022-07-171;30:00.0;ATROPELLO FUGA;1;0;NULL;LIMA;LIMA;VILLA EL SALVADOR;URBANA;CARRETERA;NACIONAL;PE-1S;-12.195246;DESPEJADO;COMERCIAL;TRAMO RECTO;PLANA ;ASFALTADA;NULL;NULL;NULL;NULL;EN PROCESO DE INVESTIGACIÓN;NO CUENTA CON CAUSA ESPECIFICA;Carretera Panamericana Sur;18/7/2022;-76.972876
A-2022-07-50;20:00.0;CHOQUE;1;0;2;SAN MARTIN;RIOJA;RIOJA;RURAL;CARRETERA;NACIONAL;PE-5N;-6.035245;NUBLADO;RURAL;TRAMO RECTO;PLANA ;ASFALTADA;NULL;NULL;NULL;NULL;IMPRUDENCIA DEL CONDUCTOR;OTRO (IMPRUDENCIA DEL CONDUCTOR);Carretera Presidente Fernando Belaúnde Terry;18/7/2022;-77.199399
A-2022-07-114;10:00.0;DESPISTE;2;3;1;HUANCAVELICA;HUANCAVELICA;ACORIA;RURAL;CARRETERA;SIN CLASIFICAR;SIN CLASIFICAR;-12.602246;DESPEJADO;RURAL;CURVA;INCLINADA;AFIRMADO;NULL;NULL;NULL;NULL;EN PROCESO DE INVESTIGACIÓN;NO CUENTA CON CAUSA ESPECIFICA;PE-26;18/7/2022;-74.89356
A-2022-07-113;30:00.0;DESPISTE;1;2;1;HUANCAVELICA;ANGARAES;HUANCA-HUANCA;RURAL;CARRETERA;DEPARTAMENTAL;HV-108;-12.92037;DESPEJADO;RURAL;CURVA;INCLINADA;CASCAJO/RIPIO;NULL;NULL;NULL;NULL;EN PROCESO DE INVESTIGACIÓN;NO CUENTA CON CAUSA ESPECIFICA;HV-108;18/7/2022;-74.60971
A-2022-07-48;30:00.0;ATROPELLO;1;2;1;CUSCO;ANTA;ANCAHUASI;RURAL;CARRETERA;NACIONAL;PE-3S;-13.462534;DESPEJADO;RURAL;TRAMO RECTO;INCLINADA;ASFALTADA;SI;REGULADORA (R);NULL;SI;IMPRUDENCIA DEL PEATÓN;ESTADO DE EBRIEDAD Y/O DROGADICCIÓN;Carretera Longitudinal de la Sierra Sur;18/7/2022;-72.28729
A-2022-07-156;05:00.0;ATROPELLO;1;0;1;PUNO;PUNO;PAUCARCOLLA;RURAL;CARRETERA;NACIONAL;PE-3S;-15.643685;SOLEADO;RURAL;TRAMO RECTO;PLANA ;ASFALTADA;NULL;NULL;NULL;NULL;IMPRUDENCIA DEL PEATÓN;CRUCE INDEBIDO POR LA CALZADA;Avenida Circunvalación;18/7/2022;-70.08291
A-2022-07-38;00:00.0;DESPISTE;1;0;1;PUNO;CHUCUITO;PISACOMA;RURAL;CARRETERA;DEPARTAMENTAL;PU-152;-16.84497;DESPEJADO;RURAL;TRAMO RECTO;PLANA ;ASFALTADA;NULL;NULL;NULL;NULL;IMPRUDENCIA DEL CONDUCTOR;EXCESO DE VELOCIDAD;PU-152;19/7/2022;-69.320417
A-2022-07-100;00:00.0;DESPISTE;2;2;1;LA LIBERTAD;SANCHEZ CARRION;CHUGAY;RURAL;CARRETERA;PROVINCIAL;LI-901;-7.894453;DESPEJADO;RURAL;TRAMO RECTO;PLANA ;TROCHA;NULL;NULL;NULL;NULL;IMPRUDENCIA DEL CONDUCTOR;OTRO (IMPRUDENCIA DEL CONDUCTOR);LI-901;19/7/2022;-77.737723
A-2022-07-248;00:00.0;ATROPELLO;1;0;NULL;JUNIN;CHANCHAMAYO;PICHANAQUI;URBANA;JIRÓN;URBANO;NO CORRESPONDE;-10.925326;NULL;NULL;NULL;NULL;NULL;NULL;NULL;NULL;NULL;EN PROCESO DE INVESTIGACIÓN;NO CUENTA CON CAUSA ESPECIFICA;Pasaje Las Almendras;19/7/2022;-74.868865
A-2022-07-170;00:00.0;ATROPELLO FUGA;1;0;NULL;LIMA;LIMA;SANTA ANITA;URBANA;AVENIDA;URBANO;NO CORRESPONDE;-12.042063;DESPEJADO;COMERCIAL;TRAMO RECTO;PLANA ;ASFALTADA;NULL;NULL;NULL;NULL;EN PROCESO DE INVESTIGACIÓN;NO CUENTA CON CAUSA ESPECIFICA;Avenida Huancaray;19/7/2022;-76.965757
A-2022-07-233;30:00.0;CHOQUE;1;0;2;LIMA;HUAURA;HUACHO;URBANA;CARRETERA;NACIONAL;PE-1N;-11.12019;DESPEJADO;RESIDENCIAL;INTERSECCIÓN;PLANA ;ASFALTADA;SI;REGULADORA (R);PREVENTIVA (P);NO;IMPRUDENCIA DEL CONDUCTOR;NO ESTABLECER EL DERECHO DE PASO;Carretera Panamericana Norte;20/7/2022;-77.593972
A-2022-07-169;30:00.0;ATROPELLO;1;0;1;LIMA;LIMA;SAN JUAN DE MIRAFLORES;URBANA;AVENIDA;URBANO;NO CORRESPONDE;-12.167517;DESPEJADO;COMERCIAL;TRAMO RECTO;PLANA ;ASFALTADA;SI;PREVENTIVA (P);NULL;NO;EN PROCESO DE INVESTIGACIÓN;NO CUENTA CON CAUSA ESPECIFICA;Avenida Alipio Ponce;20/7/2022;-76.978599
A-2022-07-254;20:00.0;ATROPELLO;1;0;1;JUNIN;HUANCAYO;EL TAMBO;RURAL;CARRETERA;NACIONAL;PE-3S;-12.053836;DESPEJADO;COMERCIAL;TRAMO RECTO;PLANA ;ASFALTADA;NULL;NULL;NULL;NULL;IMPRUDENCIA DEL PEATÓN;CRUCE INDEBIDO POR LA CALZADA;Avenida Huancavelica;20/7/2022;-75.224944
A-2022-07-52;30:00.0;DESPISTE;1;0;1;CUSCO;LA CONVENCION;SANTA TERESA;RURAL;CARRETERA;DEPARTAMENTAL;CU-109;-13.278696;DESPEJADO;RURAL;CURVA;INCLINADA;AFIRMADO;NULL;NULL;NULL;NULL;IMPRUDENCIA DEL CONDUCTOR;OTRO (IMPRUDENCIA DEL CONDUCTOR);CU-109;20/7/2022;-72.650631
A-2022-07-272;03:00.0;CHOQUE;1;0;2;UCAYALI;CORONEL PORTILLO;CALLERIA;RURAL;CARRETERA;NACIONAL;PE-18C;-8.395968;DESPEJADO;RURAL;TRAMO RECTO;PLANA ;ASFALTADA;NULL;NULL;NULL;NULL;IMPRUDENCIA DEL CONDUCTOR;ADELANTAR INDEBIDAMENTE;Carretera Federico Basadre;20/7/2022;-74.595744
A-2022-07-70;00:00.0;CHOQUE;1;1;2;ICA;PISCO;SAN CLEMENTE;RURAL;CARRETERA;NACIONAL;PE-1SE;-13.654171;DESPEJADO;RURAL;TRAMO RECTO;PLANA ;ASFALTADA;NULL;NULL;NULL;NULL;IMPRUDENCIA DEL CONDUCTOR;ADELANTAR INDEBIDAMENTE;Carretera Panamericana Sur;20/7/2022;-76.17378
A-2022-07-121;10:00.0;CHOQUE;1;0;2;CUSCO;ESPINAR;OCORURO;RURAL;CARRETERA;NACIONAL;PE-34J;-15.131395;DESPEJADO;RURAL;TRAMO RECTO;PLANA ;ASFALTADA;NULL;NULL;NULL;NULL;IMPRUDENCIA DEL CONDUCTOR;EXCESO DE VELOCIDAD;Carretera Alto Marquiri - Occoruro;20/7/2022;-71.111884
A-2024-07-22;50:00.0;CHOQUE;1;0;2;SAN MARTIN;RIOJA;PARDO MIGUEL;URBANA;CARRETERA;NACIONAL;PE-5N;-5.739921;DESPEJADO;RESIDENCIAL;TRAMO RECTO;INCLINADA;ASFALTADA;NULL;NULL;NULL;NULL;EN PROCESO DE INVESTIGACIÓN;NO CUENTA CON CAUSA ESPECIFICA;Carretera Presidente Fernando Belaúnde Terry;17/7/2024;-77.50078
A-2024-07-83;00:00.0;DESPISTE;3;5;1;HUANCAVELICA;HUAYTARA;SANTIAGO DE CHOCORVOS;RURAL;CARRETERA;DEPARTAMENTAL;HV-118;-13.837238;NUBLADO;RURAL;CURVA;INCLINADA;TROCHA;NULL;NULL;NULL;NULL;INFRAESTRUCTURA Y ENTORNO VIAL;SUPERFICIE DETERIORADA;HV-118;17/7/2024;-75.307111
A-2024-07-56;00:00.0;DESPISTE;1;0;1;CUSCO;PAUCARTAMBO;PAUCARTAMBO;RURAL;CARRETERA;PROVINCIAL;CU-979;-13.309077;DESPEJADO;RURAL;CURVA;PLANA ;TROCHA;NULL;NULL;NULL;NULL;IMPRUDENCIA DEL CONDUCTOR;EXCESO DE VELOCIDAD;San Isidro;17/7/2024;-71.599091
A-2024-07-48;30:00.0;ATROPELLO FUGA;1;0;0;CUSCO;QUISPICANCHI;QUIQUIJANA;RURAL;CARRETERA;NACIONAL;PE-3S;-13.780265;DESPEJADO;RURAL;TRAMO RECTO;PLANA ;ASFALTADA;SI;PREVENTIVA (P);INFORMATIVA (I);NO;IMPRUDENCIA DEL PEATÓN;ESTADO DE EBRIEDAD Y/O DROGADICCIÓN;Carretera Longitudinal de la Sierra Sur;17/7/2024;-71.5716
A-2024-07-15;00:00.0;CHOQUE;1;0;NULL;CALLAO;CALLAO;CALLAO;URBANA;CARRETERA;NACIONAL;PE-20;-12.038343;DESPEJADO;COMERCIAL;TRAMO RECTO;PLANA ;ASFALTADA;NULL;NULL;NULL;NULL;IMPRUDENCIA DEL CONDUCTOR;OTRO (IMPRUDENCIA DEL CONDUCTOR);Avenida Coronel Nestor Gambetta;18/7/2024;-77.127157
A-2024-07-14;40:00.0;CHOQUE FUGA;1;0;NULL;PUNO;PUNO;ATUNCOLLA;RURAL;CARRETERA;PROVINCIAL;PU-1047;-15.695915;NULL;NULL;NULL;NULL;NULL;NULL;NULL;NULL;NULL;IMPRUDENCIA DEL CONDUCTOR;OTRO (IMPRUDENCIA DEL CONDUCTOR);PU-1047;18/7/2024;-70.146984
A-2024-07-26;10:00.0;ATROPELLO FUGA;1;0;NULL;LA LIBERTAD;TRUJILLO;HUANCHACO;URBANA;CARRETERA;NACIONAL;PE-1N;-8.053668;DESPEJADO;INDUSTRIAL;TRAMO RECTO;PLANA ;ASFALTADA;NULL;NULL;NULL;NULL;IMPRUDENCIA DEL CONDUCTOR;OTRO (IMPRUDENCIA DEL CONDUCTOR);Carretera Panamericana Norte;19/7/2024;-79.087588
A-2024-07-84;00:00.0;ATROPELLO;1;1;1;ICA;ICA;SANTIAGO;RURAL;CARRETERA;NACIONAL;PE-1S;-14.263935;DESPEJADO;RURAL;TRAMO RECTO;PLANA ;ASFALTADA;NULL;NULL;NULL;NULL;EN PROCESO DE INVESTIGACIÓN;NO CUENTA CON CAUSA ESPECIFICA;Carretera Panamericana Sur;19/7/2024;-75.685721
A-2024-07-27;15:00.0;ATROPELLO FUGA;1;0;NULL;LA LIBERTAD;TRUJILLO;TRUJILLO;URBANA;AVENIDA;URBANO;NO CORRESPONDE;-8.099196;DESPEJADO;COMERCIAL;TRAMO RECTO;PLANA ;ASFALTADA;NULL;NULL;NULL;NULL;EN PROCESO DE INVESTIGACIÓN;NO CUENTA CON CAUSA ESPECIFICA;Calle las Gemas;19/7/2024;-79.037238
A-2024-07-68;20:00.0;DESPISTE;2;1;NULL;AREQUIPA;AREQUIPA;LA JOYA;RURAL;CARRETERA;PROVINCIAL;AR-799;-16.694413;NULL;NULL;NULL;NULL;NULL;NULL;NULL;NULL;NULL;EN PROCESO DE INVESTIGACIÓN;NO CUENTA CON CAUSA ESPECIFICA;AR-799;20/7/2024;-71.880678
A-2024-07-118;00:00.0;ATROPELLO;1;0;NULL;LIMA;LIMA;SAN MARTIN DE PORRES;URBANA;AVENIDA;URBANO;NO CORRESPONDE;-12.032206;DESPEJADO;RESIDENCIAL;TRAMO RECTO;PLANA ;ASFALTADA;NULL;NULL;NULL;NULL;EN PROCESO DE INVESTIGACIÓN;NO CUENTA CON CAUSA ESPECIFICA;Avenida 10 de Junio;20/7/2024;-77.049695
A-2024-07-77;30:00.0;CHOQUE;1;5;2;AMAZONAS;CHACHAPOYAS;HUANCAS;RURAL;CARRETERA;NACIONAL;PE-08C;-6.157213;DESPEJADO;RURAL;TRAMO RECTO;PLANA ;ASFALTADA;NULL;NULL;NULL;NULL;EN PROCESO DE INVESTIGACIÓN;NO CUENTA CON CAUSA ESPECIFICA;PE-08C;20/7/2024;-77.90571
A-2024-07-41;40:00.0;ATROPELLO;1;0;1;LIMA;HUAURA;HUAURA;RURAL;AVENIDA;URBANO;NO CORRESPONDE;-11.02985;DESPEJADO;RURAL;TRAMO RECTO;PLANA ;TROCHA;NULL;NULL;NULL;NULL;IMPRUDENCIA DEL PEATÓN;OTRO (IMPRUDENCIA DEL PEATÓN);La Muralla;20/7/2024;-77.57271
A-2024-07-119;30:00.0;ATROPELLO;1;0;NULL;LIMA;LIMA;VILLA EL SALVADOR;URBANA;AVENIDA;URBANO;NO CORRESPONDE;-12.221428;DESPEJADO;RESIDENCIAL;TRAMO RECTO;INCLINADA;ASFALTADA;SI;PREVENTIVA (P);NULL;NO;EN PROCESO DE INVESTIGACIÓN;NO CUENTA CON CAUSA ESPECIFICA;Avenida Pachacútec;20/7/2024;-76.9206
A-2024-07-34;20:00.0;ATROPELLO;1;0;1;SAN MARTIN;RIOJA;NUEVA CAJAMARCA;URBANA;CARRETERA;NACIONAL;PE-5N;-5.94305;DESPEJADO;COMERCIAL;INTERSECCIÓN;PLANA ;ASFALTADA;NULL;NULL;NULL;NULL;EN PROCESO DE INVESTIGACIÓN;NO CUENTA CON CAUSA ESPECIFICA;Carretera Presidente Fernando Belaúnde Terry;20/7/2024;-77.30642
A-2024-07-121;30:00.0;CHOQUE;1;1;NULL;LIMA;LIMA;CHORRILLOS;URBANA;CARRETERA;NACIONAL;PE-1S;-12.214799;DESPEJADO;COMERCIAL;TRAMO RECTO;PLANA ;ASFALTADA;NULL;NULL;NULL;NULL;EN PROCESO DE INVESTIGACIÓN;NO CUENTA CON CAUSA ESPECIFICA;Carretera Panamericana Sur;21/7/2024;-76.976562
A-2024-07-122;50:00.0;ATROPELLO FUGA;1;0;NULL;LIMA;LIMA;SAN JUAN DE LURIGANCHO;URBANA;AVENIDA;URBANO;NO CORRESPONDE;-12.005756;DESPEJADO;COMERCIAL;TRAMO RECTO;PLANA ;ASFALTADA;NULL;NULL;NULL;NULL;EN PROCESO DE INVESTIGACIÓN;NO CUENTA CON CAUSA ESPECIFICA;Avenida Próceres de la Independencia;21/7/2024;-77.006304
A-2024-07-123;30:00.0;CHOQUE;1;0;NULL;LIMA;LIMA;LA MOLINA;URBANA;CARRETERA;NACIONAL;PE-1S;-12.076388;DESPEJADO;COMERCIAL;TRAMO RECTO;PLANA ;ASFALTADA;SI;PREVENTIVA (P);NULL;NO;EN PROCESO DE INVESTIGACIÓN;NO CUENTA CON CAUSA ESPECIFICA;Vía de Evitamiento;21/7/2024;-76.975145
A-2024-07-28;40:00.0;ATROPELLO FUGA;1;0;1;LA LIBERTAD;TRUJILLO;EL PORVENIR;URBANA;AVENIDA;URBANO;NO CORRESPONDE;-8.067177;DESPEJADO;COMERCIAL;TRAMO RECTO;PLANA ;ASFALTADA;NULL;NULL;NULL;NULL;EN PROCESO DE INVESTIGACIÓN;NO CUENTA CON CAUSA ESPECIFICA;Avenida José Faustino Sánchez Carrión;22/7/2024;-78.996024
A-2024-07-69;40:00.0;ATROPELLO;1;1;NULL;AREQUIPA;AREQUIPA;VITOR;URBANA;CALLE;URBANO;NO CORRESPONDE;-16.527022;NULL;NULL;NULL;NULL;NULL;NULL;NULL;NULL;NULL;EN PROCESO DE INVESTIGACIÓN;NO CUENTA CON CAUSA ESPECIFICA;La Cano;22/7/2024;-71.917742
A-2024-07-125;55:00.0;CHOQUE;1;2;NULL;LIMA;LIMA;SAN MARTIN DE PORRES;URBANA;AVENIDA;URBANO;NO CORRESPONDE;-12.031196;DESPEJADO;COMERCIAL;TRAMO RECTO;PLANA ;ASFALTADA;NULL;NULL;NULL;NULL;EN PROCESO DE INVESTIGACIÓN;NO CUENTA CON CAUSA ESPECIFICA;Avenida Perú;22/7/2024;-77.08247
A-2024-07-124;00:00.0;CHOQUE;1;0;NULL;LIMA;LIMA;PUNTA HERMOSA;URBANA;CARRETERA;NACIONAL;PE-1S;-12.308683;DESPEJADO;INDUSTRIAL;TRAMO RECTO;PLANA ;ASFALTADA;SI;INFORMATIVA (I);NULL;NO;EN PROCESO DE INVESTIGACIÓN;NO CUENTA CON CAUSA ESPECIFICA;Carretera Panamericana Sur;22/7/2024;-76.836377
A-2024-07-53;30:00.0;ATROPELLO;1;0;1;CUSCO;CANCHIS;MARANGANI;RURAL;CARRETERA;NACIONAL;PE-3S;-14.412777;DESPEJADO;RURAL;TRAMO RECTO;PLANA ;ASFALTADA;NULL;NULL;NULL;NULL;IMPRUDENCIA DEL PEATÓN;CRUCE INDEBIDO POR LA CALZADA;Carretera Longitudinal de la Sierra Sur;23/7/2024;-71.11768
A-2024-07-29;00:00.0;DESPISTE;1;0;2;LA LIBERTAD;TRUJILLO;HUANCHACO;RURAL;CARRETERA;NACIONAL;PE-1N;-8.07188;DESPEJADO;RURAL;TRAMO RECTO;PLANA ;ASFALTADA;NULL;NULL;NULL;NULL;EN PROCESO DE INVESTIGACIÓN;NO CUENTA CON CAUSA ESPECIFICA;Carretera Panamericana Norte;23/7/2024;-79.092402
A-2024-07-126;10:00.0;ATROPELLO;1;0;NULL;LIMA;LIMA;EL AGUSTINO;URBANA;AVENIDA;URBANO;NO CORRESPONDE;-12.034956;DESPEJADO;COMERCIAL;TRAMO RECTO;PLANA ;ASFALTADA;NULL;NULL;NULL;NULL;EN PROCESO DE INVESTIGACIÓN;NO CUENTA CON CAUSA ESPECIFICA;Las Magnolias;24/7/2024;-77.003843
A-2024-07-128;45:00.0;CHOQUE;1;0;NULL;LIMA;LIMA;PUEBLO LIBRE;URBANA;AVENIDA;URBANO;NO CORRESPONDE;-12.078733;DESPEJADO;RESIDENCIAL;TRAMO RECTO;PLANA ;ASFALTADA;NULL;NULL;NULL;NULL;EN PROCESO DE INVESTIGACIÓN;NO CUENTA CON CAUSA ESPECIFICA;Avenida Manuel Cipriano Dulanto;24/7/2024;-77.066054
A-2024-07-42;00:00.0;DESPISTE;2;5;1;LIMA;HUAURA;CHECRAS;RURAL;CARRETERA;DEPARTAMENTAL;LM-107;-10.8723;DESPEJADO;RURAL;TRAMO RECTO;INCLINADA;AFIRMADO;NULL;NULL;NULL;NULL;IMPRUDENCIA DEL CONDUCTOR;FATIGA Y/O CANSANCIO;LM-107;24/7/2024;-76.8519
A-2024-07-127;20:00.0;CHOQUE;1;1;NULL;LIMA;LIMA;EL AGUSTINO;URBANA;CARRETERA;NACIONAL;PE-1N;-12.031614;DESPEJADO;COMERCIAL;TRAMO RECTO;PLANA ;ASFALTADA;NULL;NULL;NULL;NULL;EN PROCESO DE INVESTIGACIÓN;NO CUENTA CON CAUSA ESPECIFICA;Vía de Evitamiento;25/7/2024;-77.004458
A-2024-07-70;30:00.0;CHOQUE;1;0;NULL;AREQUIPA;AREQUIPA;VITOR;RURAL;CARRETERA;PROVINCIAL;AR-727;-16.413098;NULL;NULL;NULL;NULL;NULL;NULL;NULL;NULL;NULL;EN PROCESO DE INVESTIGACIÓN;NO CUENTA CON CAUSA ESPECIFICA;AR-727;25/7/2024;-71.911865
A-2024-07-89;00:00.0;DESPISTE;1;4;1;AYACUCHO;LUCANAS;PUQUIO;RURAL;CARRETERA;NACIONAL;PE-34A;-14.63538;DESPEJADO;RURAL;CURVA;PLANA ;ASFALTADA;NULL;NULL;NULL;NULL;IMPRUDENCIA DEL CONDUCTOR;FATIGA Y/O CANSANCIO;Carretera Nasca - Abancay;25/7/2024;-74.03487
A-2024-07-129;20:00.0;ATROPELLO FUGA;1;0;NULL;LIMA;LIMA;SAN JUAN DE LURIGANCHO;URBANA;AVENIDA;URBANO;NO CORRESPONDE;-11.961057;DESPEJADO;COMERCIAL;INTERSECCIÓN;PLANA ;ASFALTADA;NULL;NULL;NULL;NULL;EN PROCESO DE INVESTIGACIÓN;NO CUENTA CON CAUSA ESPECIFICA;Avenida Fernando Wiesse;25/7/2024;-76.988301
A-2024-07-52;31:00.0;ATROPELLO;1;0;1;CUSCO;QUISPICANCHI;OCONGATE;RURAL;CARRETERA;NACIONAL;PE-30C;-13.661707;DESPEJADO;RURAL;TRAMO RECTO;PLANA ;ASFALTADA;SI;PREVENTIVA (P);NULL;NO;IMPRUDENCIA DEL PEATÓN;ESTADO DE EBRIEDAD Y/O DROGADICCIÓN;Interoceánica Sur;25/7/2024;-71.433908
A-2024-07-21;00:00.0;ATROPELLO FUGA;1;0;NULL;PUNO;EL COLLAO;ILAVE;RURAL;CARRETERA;NACIONAL;PE-3S;-16.172154;DESPEJADO;RURAL;TRAMO RECTO;PLANA ;ASFALTADA;NULL;NULL;NULL;NULL;EN PROCESO DE INVESTIGACIÓN;NO CUENTA CON CAUSA ESPECIFICA;Carretera Longitudinal de la Sierra Sur;25/7/2024;-69.536041
A-2024-07-130;45:00.0;CHOQUE;1;31;NULL;LIMA;LIMA;MAGDALENA DEL MAR;URBANA;AVENIDA;URBANO;NO CORRESPONDE;-12.089715;DESPEJADO;COMERCIAL;INTERSECCIÓN;PLANA ;ASFALTADA;NULL;NULL;NULL;NULL;EN PROCESO DE INVESTIGACIÓN;NO CUENTA CON CAUSA ESPECIFICA;Avenida Brasil;26/7/2024;-77.065913