CÓDIGO SINIESTRO;HORA SINIESTRO;CLASE SINIESTRO;CANTIDAD DE FALLECIDOS;CANTIDAD DE LESIONADOS;CANTIDAD DE VEHICULOS DAÑADOS;DEPARTAMENTO;PROVINCIA;DISTRITO;ZONA;TIPO DE VÍA;RED VIAL;COD CARRETERA;COORDENADAS LATITUD;CONDICIÓN CLIMÁTICA;ZONIFICACIÓN;CARACTERÍSTICAS DE VÍA;PERFIL LONGITUDINAL VÍA;SUPERFICIE DE CALZADA;¿EXISTE SEÑAL VERTICAL?;CLASIFICACIÓN DE LA SEÑAL VERTICAL Nº 1;CLASIFICACIÓN DE LA SEÑAL VERTICAL Nº 2;¿EXISTE SEÑAL HORIZONTAL?;CAUSA FACTOR PRINCIPAL;CAUSA ESPECÍFICA;UBICACION;FECHA SINIESTRO;COORDENADAS LONGITUD
A-2024-07-75;00:00.0;VOLCADURA;1;0;1;PASCO;PASCO;HUAYLLAY;RURAL;CARRETERA;NACIONAL;PE-20A;-11.034332;NUBLADO;RURAL;TRAMO RECTO;PLANA ;ASFALTADA;NULL;NULL;NULL;NULL;IMPRUDENCIA DEL CONDUCTOR;EXCESO DE VELOCIDAD;Carretera Vencedores de Sángrar;27/7/2024;-76.38869
A-2024-07-38;15:00.0;CHOQUE FUGA;1;0;2;SAN MARTIN;MOYOBAMBA;MOYOBAMBA;URBANA;JIRÓN;URBANO;NO CORRESPONDE;-6.034733;DESPEJADO;COMERCIAL;INTERSECCIÓN;PLANA ;ASFALTADA;NULL;NULL;NULL;NULL;EN PROCESO DE INVESTIGACIÓN;NO CUENTA CON CAUSA ESPECIFICA;Jirón Callao;27/7/2024;-76.972679
A-2024-07-131;00:00.0;DESPISTE;1;0;NULL;LIMA;LIMA;CARABAYLLO;URBANA;AVENIDA;URBANO;NO CORRESPONDE;-11.893331;DESPEJADO;COMERCIAL;INTERSECCIÓN;INCLINADA;ASFALTADA;NULL;NULL;NULL;NULL;EN PROCESO DE INVESTIGACIÓN;NO CUENTA CON CAUSA ESPECIFICA;Avenida Túpac Amaru;27/7/2024;-77.02888
A-2024-07-105;20:00.0;CHOQUE;1;0;2;CAJAMARCA;CUTERVO;SANTO TOMAS;RURAL;CARRETERA;SIN CLASIFICAR;SIN CLASIFICAR;-6.077177;DESPEJADO;RURAL;TRAMO RECTO;INCLINADA;AFIRMADO;NULL;NULL;NULL;NULL;IMPRUDENCIA DEL CONDUCTOR;EXCESO DE VELOCIDAD;Santo Tomás;27/7/2024;-78.657946
A-2024-07-103;30:00.0;CHOQUE;1;1;2;CAJAMARCA;CONTUMAZA;YONAN;RURAL;CARRETERA;NACIONAL;PE-08;-7.270612;DESPEJADO;RURAL;TRAMO RECTO;INCLINADA;ASFALTADA;NULL;NULL;NULL;NULL;IMPRUDENCIA DEL CONDUCTOR;CONDUCIR EN ESTADO DE EBRIEDAD Y/O DROGADICCIÓN;Carretera Ciudad de Dios - Cajamarca;27/7/2024;-79.260921
A-2024-07-30;40:00.0;CHOQUE;1;0;2;LA LIBERTAD;PACASMAYO;GUADALUPE;RURAL;CARRETERA;NACIONAL;PE-1N;-7.324845;DESPEJADO;RURAL;TRAMO RECTO;PLANA ;ASFALTADA;NULL;NULL;NULL;NULL;EN PROCESO DE INVESTIGACIÓN;NO CUENTA CON CAUSA ESPECIFICA;Carretera Panamericana Norte;27/7/2024;-79.480854
A-2024-07-59;30:00.0;DESPISTE;1;1;1;CUSCO;ANTA;CHINCHAYPUJIO;RURAL;CARRETERA;NACIONAL;PE-3SF;-13.656946;DESPEJADO;RURAL;CURVA;INCLINADA;ASFALTADA;SI;PREVENTIVA (P);INFORMATIVA (I);NO;IMPRUDENCIA DEL PEATÓN;CRUCE INDEBIDO POR LA CALZADA;PE-3SF;28/7/2024;-72.287216
A-2024-07-132;55:00.0;ATROPELLO FUGA;1;0;NULL;LIMA;LIMA;LURIN;URBANA;CARRETERA;NACIONAL;PE-1S;-12.275512;DESPEJADO;INDUSTRIAL;TRAMO RECTO;PLANA ;ASFALTADA;NULL;NULL;NULL;NULL;EN PROCESO DE INVESTIGACIÓN;NO CUENTA CON CAUSA ESPECIFICA;Carretera Panamericana Sur;28/7/2024;-76.890968
A-2024-07-104;30:00.0;CHOQUE;1;1;2;CAJAMARCA;JAEN;SANTA ROSA;RURAL;CARRETERA;PROVINCIAL;CA-712;-5.393828;DESPEJADO;RURAL;CURVA;INCLINADA;CASCAJO/RIPIO;NULL;NULL;NULL;NULL;IMPRUDENCIA DEL CONDUCTOR;EXCESO DE VELOCIDAD;Santa Rosa;28/7/2024;-78.625466
A-2024-07-102;24:00.0;CHOQUE;3;2;2;CAJAMARCA;SAN MIGUEL;SAN MIGUEL;RURAL;CARRETERA;PROVINCIAL;CA-1212;-6.993696;DESPEJADO;RURAL;CURVA;INCLINADA;CASCAJO/RIPIO;SI;PREVENTIVA (P);NULL;NO;IMPRUDENCIA DEL CONDUCTOR;EXCESO DE VELOCIDAD;CA-1212;28/7/2024;-78.85229
A-2024-07-133;50:00.0;ATROPELLO;1;0;NULL;LIMA;LIMA;SAN JUAN DE MIRAFLORES;URBANA;CARRETERA;NACIONAL;PE-1S;-12.139991;DESPEJADO;COMERCIAL;TRAMO RECTO;PLANA ;ASFALTADA;NULL;NULL;NULL;NULL;EN PROCESO DE INVESTIGACIÓN;NO CUENTA CON CAUSA ESPECIFICA;Carretera Panamericana Sur;28/7/2024;-76.980926
A-2024-07-45;45:00.0;CHOQUE;1;0;2;SAN MARTIN;MOYOBAMBA;CALZADA;RURAL;CARRETERA;NACIONAL;PE-5N;-6.044053;DESPEJADO;RURAL;TRAMO RECTO;PLANA ;ASFALTADA;NULL;NULL;NULL;NULL;IMPRUDENCIA DEL CONDUCTOR;OTRO (IMPRUDENCIA DEL CONDUCTOR);Carretera Presidente Fernando Belaúnde Terry;28/7/2024;-77.143859
A-2024-07-31;00:00.0;CHOQUE;1;0;2;LA LIBERTAD;VIRU;CHAO;RURAL;CARRETERA;NACIONAL;PE-1N;-8.536726;DESPEJADO;RURAL;TRAMO RECTO;PLANA ;ASFALTADA;NULL;NULL;NULL;NULL;EN PROCESO DE INVESTIGACIÓN;NO CUENTA CON CAUSA ESPECIFICA;Carretera Panamericana Norte;29/7/2024;-78.679569
A-2024-07-32;00:00.0;DESPISTE;1;0;1;LA LIBERTAD;PATAZ;PARCOY;RURAL;CARRETERA;PROVINCIAL;LI-894;-7.958368;DESPEJADO;RURAL;TRAMO RECTO;PLANA ;TROCHA;NULL;NULL;NULL;NULL;IMPRUDENCIA DEL CONDUCTOR;FATIGA Y/O CANSANCIO;LI-894;29/7/2024;-77.524315
A-2024-07-90;40:00.0;DESPISTE;3;31;1;AYACUCHO;LUCANAS;CHIPAO;RURAL;CARRETERA;NACIONAL;PE-30A;-14.630769;DESPEJADO;RURAL;CURVA;INCLINADA;ASFALTADA;SI;PREVENTIVA (P);REGULADORA (R);NO;IMPRUDENCIA DEL CONDUCTOR;EXCESO DE VELOCIDAD;Carretera Nasca - Abancay;29/7/2024;-73.800007
A-2024-07-33;00:00.0;DESPISTE;1;0;1;LA LIBERTAD;SANCHEZ CARRION;COCHORCO;RURAL;CARRETERA;NACIONAL;PE-10C;-7.820686;DESPEJADO;RURAL;TRAMO RECTO;PLANA ;TROCHA;NULL;NULL;NULL;NULL;EN PROCESO DE INVESTIGACIÓN;NO CUENTA CON CAUSA ESPECIFICA;PE-10C;29/7/2024;-77.683999
A-2024-07-60;10:00.0;ATROPELLO;1;0;1;CUSCO;QUISPICANCHI;OROPESA;URBANA;CARRETERA;NACIONAL;PE-3S;-13.600589;DESPEJADO;COMERCIAL;TRAMO RECTO;PLANA ;ASFALTADA;NULL;NULL;NULL;NULL;IMPRUDENCIA DEL PEATÓN;CRUCE INDEBIDO POR LA CALZADA;Carretera Longitudinal de la Sierra Sur;29/7/2024;-71.765022
A-2024-07-54;30:00.0;DESPISTE;1;0;1;CUSCO;CHUMBIVILCAS;QUIÑOTA;RURAL;CARRETERA;NACIONAL;PE-3SG;-14.295348;DESPEJADO;RURAL;TRAMO RECTO;PLANA ;CONCRETO;NULL;NULL;NULL;NULL;IMPRUDENCIA DEL CONDUCTOR;EXCESO DE VELOCIDAD;PE-3SG;29/7/2024;-72.139363
A-2024-07-73;30:00.0;ATROPELLO;1;0;1;ICA;CHINCHA;CHINCHA ALTA;URBANA;CARRETERA;NACIONAL;PE-1S;-13.437039;DESPEJADO;COMERCIAL;TRAMO RECTO;PLANA ;ASFALTADA;NULL;NULL;NULL;NULL;EN PROCESO DE INVESTIGACIÓN;NO CUENTA CON CAUSA ESPECIFICA;Antigua Carretera Panamericana Sur;30/7/2024;-76.134847
A-2024-07-37;30:00.0;CHOQUE;1;0;1;TUMBES;CONTRALMIRANTE VILLAR;CANOAS DE PUNTA SAL;URBANA;CARRETERA;NACIONAL;PE-1N;-3.990872;DESPEJADO;RURAL;TRAMO RECTO;PLANA ;ASFALTADA;NULL;NULL;NULL;NULL;IMPRUDENCIA DEL CONDUCTOR;INVASIÓN DE CARRIL;Carretera Panamericana Norte;30/7/2024;-80.972747
A-2024-07-43;15:00.0;CHOQUE;1;0;2;LIMA;HUAURA;HUACHO;RURAL;CARRETERA;NACIONAL;PE-1N;-11.179285;DESPEJADO;RURAL;TRAMO RECTO;INCLINADA;ASFALTADA;NULL;NULL;NULL;NULL;IMPRUDENCIA DEL CONDUCTOR;OTRO (IMPRUDENCIA DEL CONDUCTOR);Carretera Panamericana Norte;30/7/2024;-77.579784
A-2024-07-134;48:00.0;ATROPELLO;1;0;NULL;LIMA;LIMA;SAN MARTIN DE PORRES;URBANA;AVENIDA;URBANO;NO CORRESPONDE;-12.01415;DESPEJADO;COMERCIAL;TRAMO RECTO;PLANA ;ASFALTADA;NULL;NULL;NULL;NULL;IMPRUDENCIA DEL PEATÓN;ESTADO DE EBRIEDAD Y/O DROGADICCIÓN;Avenida 12 de Octubre;30/7/2024;-77.087119
A-2024-07-44;00:00.0;DESPISTE;2;0;1;LIMA;OYON;OYON;RURAL;CARRETERA;NACIONAL;PE-16A;-10.65123;DESPEJADO;RURAL;TRAMO RECTO;PLANA ;AFIRMADO;NULL;NULL;NULL;NULL;EN PROCESO DE INVESTIGACIÓN;NO CUENTA CON CAUSA ESPECIFICA;PE-16A;31/7/2024;-76.77769
A-2024-08-51;30:00.0;CHOQUE;1;2;1;AREQUIPA;CAYLLOMA;SAN ANTONIO DE CHUCA;URBANA;CARRETERA;NACIONAL;PE-34A;-15.86526;DESPEJADO;COMERCIAL;TRAMO RECTO;PLANA ;ASFALTADA;NULL;NULL;NULL;NULL;EN PROCESO DE INVESTIGACIÓN;NO CUENTA CON CAUSA ESPECIFICA;Vía Interoceánica Sur - Tramo 5;1/8/2024;-71.130362
A-2024-08-105;00:00.0;DESPISTE;4;16;NULL;LIMA;LIMA;LURIN;URBANA;CARRETERA;NACIONAL;PE-1S;-12.297117;DESPEJADO;INDUSTRIAL;TRAMO RECTO;PLANA ;ASFALTADA;NULL;NULL;NULL;NULL;EN PROCESO DE INVESTIGACIÓN;NO CUENTA CON CAUSA ESPECIFICA;Carretera Panamericana Sur;1/8/2024;-76.855787
A-2024-08-50;30:00.0;CHOQUE;1;4;NULL;CUSCO;ANTA;LIMATAMBO;RURAL;CARRETERA;NACIONAL;PE-3S;-13.455667;DESPEJADO;COMERCIAL;CURVA;PLANA ;ASFALTADA;NULL;NULL;NULL;NULL;IMPRUDENCIA DEL CONDUCTOR;INVASIÓN DE CARRIL;Carretera Longitudinal de la Sierra Sur;1/8/2024;-72.397139
A-2024-08-106;30:00.0;DESPISTE;1;4;NULL;LIMA;LIMA;PUENTE PIEDRA;URBANA;CALLE;URBANO;NO CORRESPONDE;-11.866432;DESPEJADO;RESIDENCIAL;TRAMO RECTO;INCLINADA;AFIRMADO;NULL;NULL;NULL;NULL;EN PROCESO DE INVESTIGACIÓN;NO CUENTA CON CAUSA ESPECIFICA;Puente Piedra;1/8/2024;-77.09008
A-2024-08-8;00:00.0;DESPISTE;2;2;1;LA LIBERTAD;PATAZ;PATAZ;RURAL;CARRETERA;NACIONAL;PE-10C;-7.838149;DESPEJADO;RURAL;TRAMO RECTO;PLANA ;AFIRMADO;NULL;NULL;NULL;NULL;EN PROCESO DE INVESTIGACIÓN;NO CUENTA CON CAUSA ESPECIFICA;PE-10C;1/8/2024;-77.633664
A-2024-08-84;20:00.0;CHOQUE FUGA;1;0;NULL;APURIMAC;ANDAHUAYLAS;ANDAHUAYLAS;URBANA;AVENIDA;URBANO;NO CORRESPONDE;-13.660015;DESPEJADO;RESIDENCIAL;TRAMO RECTO;PLANA ;ASFALTADA;NULL;NULL;NULL;NULL;IMPRUDENCIA DEL CONDUCTOR;ADELANTAR INDEBIDAMENTE;San José;1/8/2024;-73.373449
A-2024-08-108;00:00.0;ATROPELLO;1;0;NULL;LIMA;LIMA;ATE;URBANA;CARRETERA;NACIONAL;PE-22;-12.008021;DESPEJADO;COMERCIAL;TRAMO RECTO;PLANA ;ASFALTADA;NULL;NULL;NULL;NULL;EN PROCESO DE INVESTIGACIÓN;NO CUENTA CON CAUSA ESPECIFICA;Carretera Central;2/8/2024;-76.859382
A-2024-08-107;50:00.0;ATROPELLO;1;1;NULL;LIMA;LIMA;SAN JUAN DE LURIGANCHO;URBANA;AVENIDA;URBANO;NO CORRESPONDE;-11.933321;DESPEJADO;COMERCIAL;INTERSECCIÓN;PLANA ;ASFALTADA;NULL;NULL;NULL;NULL;EN PROCESO DE INVESTIGACIÓN;NO CUENTA CON CAUSA ESPECIFICA;Avenida Fernando Wiesse;2/8/2024;-76.968825
A-2024-08-2;12:00.0;CHOQUE FUGA;1;1;NULL;PUNO;YUNGUYO;YUNGUYO;RURAL;CARRETERA;PROVINCIAL;PU-1309;-16.233721;NULL;NULL;NULL;NULL;NULL;NULL;NULL;NULL;NULL;EN PROCESO DE INVESTIGACIÓN;NO CUENTA CON CAUSA ESPECIFICA;PU-1309;2/8/2024;-69.093715
A-2024-08-70;57:00.0;CHOQUE;1;0;2;ICA;ICA;SUBTANJALLA;URBANA;CARRETERA;NACIONAL;PE-1S;-14.041881;DESPEJADO;COMERCIAL;INTERSECCIÓN;PLANA ;ASFALTADA;SI;REGULADORA (R);REGULADORA (R);NO;IMPRUDENCIA DEL CONDUCTOR;GIRAR IMPRUDENTEMENTE;La Angostura;3/8/2024;-75.752039
A-2024-08-132;00:00.0;ATROPELLO;1;0;NULL;LIMA;LIMA;BREÑA;URBANA;AVENIDA;URBANO;NO CORRESPONDE;-12.06242;DESPEJADO;COMERCIAL;TRAMO RECTO;PLANA ;ASFALTADA;NULL;NULL;NULL;NULL;EN PROCESO DE INVESTIGACIÓN;NO CUENTA CON CAUSA ESPECIFICA;Avenida Tingo María;3/8/2024;-77.059393
A-2024-08-54;15:00.0;CHOQUE;1;0;NULL;AREQUIPA;AREQUIPA;YANAHUARA;URBANA;CALLE;URBANO;NO CORRESPONDE;-16.4063;DESPEJADO;RESIDENCIAL;INTERSECCIÓN;PLANA ;ASFALTADA;NULL;NULL;NULL;NULL;EN PROCESO DE INVESTIGACIÓN;NO CUENTA CON CAUSA ESPECIFICA;José Antonio Taboada;3/8/2024;-71.563236
A-2024-08-53;30:00.0;CHOQUE;1;0;NULL;AREQUIPA;AREQUIPA;LA JOYA;URBANA;CARRETERA;NACIONAL;PE-1S;-16.720955;DESPEJADO;RESIDENCIAL;TRAMO RECTO;PLANA ;ASFALTADA;NULL;NULL;NULL;NULL;EN PROCESO DE INVESTIGACIÓN;NO CUENTA CON CAUSA ESPECIFICA;Carretera Panamericana Sur;3/8/2024;-71.870042
A-2024-08-55;20:00.0;ATROPELLO FUGA;1;0;NULL;AREQUIPA;AREQUIPA;LA JOYA;URBANA;CARRETERA;NACIONAL;PE-1S;-16.502307;DESPEJADO;INDUSTRIAL;TRAMO RECTO;PLANA ;ASFALTADA;NULL;NULL;NULL;NULL;EN PROCESO DE INVESTIGACIÓN;NO CUENTA CON CAUSA ESPECIFICA;Carretera Panamericana Sur;4/8/2024;-71.827055
A-2024-08-111;30:00.0;ATROPELLO;1;0;NULL;LIMA;LIMA;COMAS;URBANA;AVENIDA;URBANO;NO CORRESPONDE;-11.916075;DESPEJADO;COMERCIAL;INTERSECCIÓN;INCLINADA;ASFALTADA;NULL;NULL;NULL;NULL;EN PROCESO DE INVESTIGACIÓN;NO CUENTA CON CAUSA ESPECIFICA;Avenida Túpac Amaru;4/8/2024;-77.040922
A-2024-08-38;45:00.0;CHOQUE;1;6;2;CUSCO;QUISPICANCHI;OROPESA;RURAL;CARRETERA;NACIONAL;PE-3S;-13.600333;DESPEJADO;RURAL;TRAMO RECTO;PLANA ;ASFALTADA;NULL;NULL;NULL;NULL;IMPERICIA DEL CONDUCTOR;NULL;Carretera Longitudinal de la Sierra Sur;4/8/2024;-71.765632
A-2024-08-41;00:00.0;DESPISTE;1;1;1;CUSCO;CHUMBIVILCAS;LLUSCO;RURAL;CARRETERA;NACIONAL;PE-3SG;-14.350607;DESPEJADO;RURAL;CURVA;PLANA ;TROCHA;NULL;NULL;NULL;NULL;IMPRUDENCIA DEL CONDUCTOR;EXCESO DE VELOCIDAD;PE-3SG;4/8/2024;-72.110358
A-2024-08-109;50:00.0;ATROPELLO;1;0;NULL;LIMA;LIMA;ATE;URBANA;AVENIDA;URBANO;NO CORRESPONDE;-12.042298;DESPEJADO;RESIDENCIAL;INTERSECCIÓN;INCLINADA;ASFALTADA;NULL;NULL;NULL;NULL;EN PROCESO DE INVESTIGACIÓN;NO CUENTA CON CAUSA ESPECIFICA;Vitarte;4/8/2024;-76.90488
A-2024-08-110;00:00.0;CHOQUE;1;0;NULL;LIMA;LIMA;LOS OLIVOS;URBANA;CARRETERA;NACIONAL;PE-1N;-11.945619;DESPEJADO;COMERCIAL;TRAMO RECTO;INCLINADA;ASFALTADA;NULL;NULL;NULL;NULL;EN PROCESO DE INVESTIGACIÓN;NO CUENTA CON CAUSA ESPECIFICA;Avenida Panamericana Norte;4/8/2024;-77.071064
A-2024-08-112;30:00.0;DESPISTE;1;0;NULL;LIMA;LIMA;LIMA;URBANA;JIRÓN;URBANO;NO CORRESPONDE;-12.055282;DESPEJADO;RESIDENCIAL;TRAMO RECTO;PLANA ;ASFALTADA;NULL;NULL;NULL;NULL;EN PROCESO DE INVESTIGACIÓN;NO CUENTA CON CAUSA ESPECIFICA;Francisco Moreyra y Riglos;4/8/2024;-77.078599
A-2024-08-113;30:00.0;DESPISTE;1;0;NULL;LIMA;LIMA;MAGDALENA DEL MAR;URBANA;VIA EXPRESA;URBANO;NO CORRESPONDE;-12.101665;DESPEJADO;COMERCIAL;TRAMO RECTO;PLANA ;ASFALTADA;NULL;NULL;NULL;NULL;EN PROCESO DE INVESTIGACIÓN;NO CUENTA CON CAUSA ESPECIFICA;Circuito de Playas;4/8/2024;-77.066507
A-2024-08-39;30:00.0;CHOQUE;1;0;1;CUSCO;CANCHIS;COMBAPATA;RURAL;CARRETERA;NACIONAL;PE-3S;-14.081421;DESPEJADO;RURAL;CURVA;PLANA ;ASFALTADA;SI;PREVENTIVA (P);REGULADORA (R);SI;IMPRUDENCIA DEL CONDUCTOR;CONDUCIR EN ESTADO DE EBRIEDAD Y/O DROGADICCIÓN;Carretera Longitudinal de la Sierra Sur;4/8/2024;-71.437582
A-2024-08-93;45:00.0;DESPISTE;1;0;1;CAJAMARCA;CHOTA;LLAMA;RURAL;CARRETERA;NACIONAL;PE-06A;-6.512859;DESPEJADO;RURAL;CURVA;INCLINADA;ASFALTADA;SI;PREVENTIVA (P);NULL;NO;IMPRUDENCIA DEL CONDUCTOR;EXCESO DE VELOCIDAD;PE-06A;4/8/2024;-79.127954
A-2024-08-4;00:00.0;DESPISTE;1;0;1;SAN MARTIN;LAMAS;ALONSO DE ALVARADO;URBANA;CARRETERA;NACIONAL;PE-5N;-6.264242;DESPEJADO;RESIDENCIAL;TRAMO RECTO;PLANA ;ASFALTADA;NULL;NULL;NULL;NULL;EN PROCESO DE INVESTIGACIÓN;NO CUENTA CON CAUSA ESPECIFICA;Carretera Presidente Fernando Belaúnde Terry;4/8/2024;-76.778603
A-2024-08-12;45:00.0;CHOQUE;1;0;2;LA LIBERTAD;TRUJILLO;LAREDO;URBANA;CARRETERA;NACIONAL;PE-10A;-8.096758;DESPEJADO;INDUSTRIAL;TRAMO RECTO;PLANA ;ASFALTADA;NULL;NULL;NULL;NULL;EN PROCESO DE INVESTIGACIÓN;NO CUENTA CON CAUSA ESPECIFICA;Carretera Industrial;4/8/2024;-78.971172
A-2024-08-114;30:00.0;VOLCADURA;1;0;NULL;LIMA;LIMA;SAN JUAN DE MIRAFLORES;URBANA;CARRETERA;NACIONAL;PE-1S;-12.140164;DESPEJADO;COMERCIAL;TRAMO RECTO;PLANA ;ASFALTADA;NULL;NULL;NULL;NULL;EN PROCESO DE INVESTIGACIÓN;NO CUENTA CON CAUSA ESPECIFICA;Carretera Panamericana Sur;5/8/2024;-76.980915
A-2024-08-92;30:00.0;DESPISTE;1;0;1;CAJAMARCA;CAJABAMBA;CONDEBAMBA;RURAL;CARRETERA;NACIONAL;PE-3N;-7.525225;DESPEJADO;RURAL;CURVA;INCLINADA;ASFALTADA;NULL;NULL;NULL;NULL;IMPRUDENCIA DEL CONDUCTOR;CONDUCIR EN ESTADO DE EBRIEDAD Y/O DROGADICCIÓN;Carretera Longitudinal de la Sierra Norte;5/8/2024;-78.147488
A-2024-08-56;00:00.0;DESPISTE;1;0;NULL;AREQUIPA;AREQUIPA;CAYMA;RURAL;CARRETERA;DEPARTAMENTAL;AR-116;-16.291301;DESPEJADO;RURAL;CURVA;PLANA ;ASFALTADA;NULL;NULL;NULL;NULL;EN PROCESO DE INVESTIGACIÓN;NO CUENTA CON CAUSA ESPECIFICA;AR-116;5/8/2024;-71.518947
A-2024-08-42;30:00.0;CHOQUE;2;3;2;CUSCO;CANCHIS;MARANGANI;RURAL;CARRETERA;NACIONAL;PE-3S;-14.408685;DESPEJADO;RURAL;CURVA;PLANA ;ASFALTADA;NULL;NULL;NULL;NULL;IMPRUDENCIA DEL CONDUCTOR;INVASIÓN DE CARRIL;Carretera Longitudinal de la Sierra Sur;5/8/2024;-71.123475
A-2024-08-115;30:00.0;ATROPELLO;2;0;NULL;LIMA;LIMA;RIMAC;URBANA;CARRETERA;NACIONAL;PE-1N;-12.038361;DESPEJADO;RESIDENCIAL;TRAMO RECTO;PLANA ;ASFALTADA;NULL;NULL;NULL;NULL;EN PROCESO DE INVESTIGACIÓN;NO CUENTA CON CAUSA ESPECIFICA;Vía de Evitamiento;6/8/2024;-77.014205
A-2024-08-13;20:00.0;ATROPELLO;1;0;1;LA LIBERTAD;OTUZCO;SALPO;RURAL;CARRETERA;PROVINCIAL;LI-1062;-8.024767;DESPEJADO;RURAL;TRAMO RECTO;PLANA ;AFIRMADO;NULL;NULL;NULL;NULL;EN PROCESO DE INVESTIGACIÓN;NO CUENTA CON CAUSA ESPECIFICA;Salpo;6/8/2024;-78.570955
A-2024-08-57;00:00.0;ATROPELLO FUGA;1;0;NULL;AREQUIPA;AREQUIPA;LA JOYA;URBANA;CARRETERA;NACIONAL;PE-1S;-16.510254;DESPEJADO;INDUSTRIAL;TRAMO RECTO;PLANA ;ASFALTADA;NULL;NULL;NULL;NULL;EN PROCESO DE INVESTIGACIÓN;NO CUENTA CON CAUSA ESPECIFICA;Carretera Panamericana Sur;6/8/2024;-71.813171
A-2024-08-85;15:00.0;ATROPELLO FUGA;1;0;NULL;APURIMAC;ANDAHUAYLAS;SANTA MARIA DE CHICMO;URBANA;CARRETERA;NACIONAL;PE-3S;-13.649844;SOLEADO;RURAL;TRAMO RECTO;PLANA ;ASFALTADA;NULL;NULL;NULL;NULL;EN PROCESO DE INVESTIGACIÓN;NO CUENTA CON CAUSA ESPECIFICA;Carretera Longitudinal de la Sierra Sur;6/8/2024;-73.518588
A-2024-08-37;37:00.0;CHOQUE;1;1;2;CUSCO;QUISPICANCHI;CAMANTI;RURAL;CARRETERA;NACIONAL;PE-30C;-13.257911;DESPEJADO;RURAL;CURVA;PLANA ;ASFALTADA;NULL;NULL;NULL;NULL;IMPRUDENCIA DEL CONDUCTOR;ADELANTAR INDEBIDAMENTE;Interoceánica Sur;7/8/2024;-70.779925
A-2024-08-46;30:00.0;VOLCADURA;1;5;1;AYACUCHO;LA MAR;SAMUGARI;RURAL;CARRETERA;PROVINCIAL;CU-558;-12.770267;DESPEJADO;RURAL;TRAMO RECTO;INCLINADA;TROCHA;NULL;NULL;NULL;NULL;IMPRUDENCIA DEL CONDUCTOR;OTRO (IMPRUDENCIA DEL CONDUCTOR);CU-558;8/8/2024;-73.661526
A-2024-08-67;00:00.0;ATROPELLO FUGA;1;0;0;CALLAO;CALLAO;VENTANILLA;URBANA;AVENIDA;URBANO;NO CORRESPONDE;-11.836109;DESPEJADO;RESIDENCIAL;INTERSECCIÓN;PLANA ;ASFALTADA;NULL;NULL;NULL;NULL;EN PROCESO DE INVESTIGACIÓN;NO CUENTA CON CAUSA ESPECIFICA;Pachacútec;8/8/2024;-77.146317
A-2024-08-14;30:00.0;DESPISTE;2;3;1;LA LIBERTAD;BOLIVAR;UCHUMARCA;RURAL;CARRETERA;SIN CLASIFICAR;SIN CLASIFICAR;-7.057702;DESPEJADO;RURAL;TRAMO RECTO;PLANA ;TROCHA;NULL;NULL;NULL;NULL;EN PROCESO DE INVESTIGACIÓN;NO CUENTA CON CAUSA ESPECIFICA;Uchumarca;8/8/2024;-77.766329
A-2024-08-94;40:00.0;DESPISTE;1;0;1;CAJAMARCA;CUTERVO;CALLAYUC;RURAL;CARRETERA;NACIONAL;PE-3N;-6.10063;DESPEJADO;RURAL;CURVA;PLANA ;AFIRMADO;NULL;NULL;NULL;NULL;IMPRUDENCIA DEL CONDUCTOR;OTRO (IMPRUDENCIA DEL CONDUCTOR);Carretera Longitudinal de la Sierra Norte;8/8/2024;-78.888278
A-2024-08-5;45:00.0;DESPISTE;1;0;1;SAN MARTIN;MOYOBAMBA;MOYOBAMBA;URBANA;CARRETERA;PROVINCIAL;SM-650;-6.043009;SOLEADO;INDUSTRIAL;TRAMO RECTO;INCLINADA;CONCRETO;NULL;NULL;NULL;NULL;IMPRUDENCIA DEL CONDUCTOR;OTRO (IMPRUDENCIA DEL CONDUCTOR);Intercambio vial Doñe;8/8/2024;-76.961652
A-2024-08-1;00:00.0;ATROPELLO FUGA;1;0;1;LIMA;HUAURA;HUACHO;RURAL;CARRETERA;NACIONAL;PE-1N;-11.15272;DESPEJADO;RURAL;TRAMO RECTO;PLANA ;ASFALTADA;NULL;NULL;NULL;NULL;EN PROCESO DE INVESTIGACIÓN;NO CUENTA CON CAUSA ESPECIFICA;Carretera Panamericana Norte;8/8/2024;-77.59578
A-2024-08-58;30:00.0;ATROPELLO FUGA;1;0;NULL;AREQUIPA;ISLAY;PUNTA DE BOMBON;RURAL;CARRETERA;NACIONAL;PE-1SD;-17.145438;DESPEJADO;RURAL;TRAMO RECTO;PLANA ;ASFALTADA;NULL;NULL;NULL;NULL;EN PROCESO DE INVESTIGACIÓN;NO CUENTA CON CAUSA ESPECIFICA;Carretera Costanera Sur;8/8/2024;-71.797702
A-2024-08-104;10:00.0;VOLCADURA;1;0;1;AYACUCHO;HUAMANGA;AYACUCHO;URBANA;JIRÓN;URBANO;NO CORRESPONDE;-13.149996;DESPEJADO;RESIDENCIAL;TRAMO RECTO;INCLINADA;ASFALTADA;NULL;NULL;NULL;NULL;IMPRUDENCIA DEL CONDUCTOR;CONDUCIR EN ESTADO DE EBRIEDAD Y/O DROGADICCIÓN;Parque de la Memoria;9/8/2024;-74.22792