CÓDIGO SINIESTRO;HORA SINIESTRO;CLASE SINIESTRO;CANTIDAD DE FALLECIDOS;CANTIDAD DE LESIONADOS;CANTIDAD DE VEHICULOS DAÑADOS;DEPARTAMENTO;PROVINCIA;DISTRITO;ZONA;TIPO DE VÍA;RED VIAL;COD CARRETERA;COORDENADAS LATITUD;CONDICIÓN CLIMÁTICA;ZONIFICACIÓN;CARACTERÍSTICAS DE VÍA;PERFIL LONGITUDINAL VÍA;SUPERFICIE DE CALZADA;¿EXISTE SEÑAL VERTICAL?;CLASIFICACIÓN DE LA SEÑAL VERTICAL Nº 1;CLASIFICACIÓN DE LA SEÑAL VERTICAL Nº 2;¿EXISTE SEÑAL HORIZONTAL?;CAUSA FACTOR PRINCIPAL;CAUSA ESPECÍFICA;UBICACION;FECHA SINIESTRO;COORDENADAS LONGITUD
A-2024-08-116;50:00.0;ATROPELLO;1;0;NULL;LIMA;LIMA;SAN MARTIN DE PORRES;URBANA;CARRETERA;NACIONAL;PE-1N;-12.03548;DESPEJADO;COMERCIAL;TRAMO RECTO;PLANA ;ASFALTADA;NULL;NULL;NULL;NULL;IMPRUDENCIA DEL PEATÓN;ESTADO DE EBRIEDAD Y/O DROGADICCIÓN;Vía de Evitamiento;10/8/2024;-77.047809
A-2024-08-117;40:00.0;ATROPELLO FUGA;1;0;NULL;LIMA;LIMA;VILLA MARIA DEL TRIUNFO;URBANA;JIRÓN;URBANO;NO CORRESPONDE;-12.206872;DESPEJADO;RESIDENCIAL;INTERSECCIÓN;PLANA ;ASFALTADA;NULL;NULL;NULL;NULL;EN PROCESO DE INVESTIGACIÓN;NO CUENTA CON CAUSA ESPECIFICA;Jirón Loreto;10/8/2024;-76.906408
A-2024-08-3;00:00.0;CHOQUE FUGA;1;0;1;PUNO;EL COLLAO;ILAVE;RURAL;CARRETERA;PROVINCIAL;PU-1149;-16.056607;DESPEJADO;RURAL;TRAMO RECTO;PLANA ;ASFALTADA;NULL;NULL;NULL;NULL;IMPRUDENCIA DEL CONDUCTOR;INVASIÓN DE CARRIL;PU-1160;10/8/2024;-69.618408
A-2024-08-29;40:00.0;CHOQUE;1;1;1;TUMBES;ZARUMILLA;ZARUMILLA;RURAL;CARRETERA;DEPARTAMENTAL;TU-101;-3.518699;DESPEJADO;RURAL;TRAMO RECTO;PLANA ;ASFALTADA;NULL;NULL;NULL;NULL;IMPRUDENCIA DEL CONDUCTOR;OTRO (IMPRUDENCIA DEL CONDUCTOR);TU-101;10/8/2024;-80.258657
A-2024-08-71;15:00.0;CHOQUE;2;0;2;ICA;ICA;SALAS;RURAL;CARRETERA;NACIONAL;PE-1S;-13.943369;DESPEJADO;RURAL;TRAMO RECTO;PLANA ;ASFALTADA;NULL;NULL;NULL;NULL;EN PROCESO DE INVESTIGACIÓN;NO CUENTA CON CAUSA ESPECIFICA;Carretera Panamericana Sur;10/8/2024;-75.809245
A-2024-08-119;50:00.0;ATROPELLO;1;0;NULL;LIMA;LIMA;SANTA ANITA;URBANA;AVENIDA;URBANO;NO CORRESPONDE;-12.050783;DESPEJADO;COMERCIAL;TRAMO RECTO;PLANA ;ASFALTADA;NULL;NULL;NULL;NULL;EN PROCESO DE INVESTIGACIÓN;NO CUENTA CON CAUSA ESPECIFICA;Avenida Santa Rosa;10/8/2024;-76.962022
A-2024-08-72;15:00.0;CHOQUE;1;0;2;ICA;ICA;SANTIAGO;URBANA;CARRETERA;NACIONAL;PE-1S;-14.262816;DESPEJADO;COMERCIAL;TRAMO RECTO;PLANA ;ASFALTADA;NULL;NULL;NULL;NULL;EN PROCESO DE INVESTIGACIÓN;NO CUENTA CON CAUSA ESPECIFICA;Carretera Panamericana Sur;11/8/2024;-75.686041
A-2024-08-121;40:00.0;CHOQUE;1;0;NULL;LIMA;LIMA;SAN LUIS;URBANA;JIRÓN;URBANO;NO CORRESPONDE;-12.067422;DESPEJADO;INDUSTRIAL;TRAMO RECTO;PLANA ;ASFALTADA;NULL;NULL;NULL;NULL;EN PROCESO DE INVESTIGACIÓN;NO CUENTA CON CAUSA ESPECIFICA;Avenida Mariscal Agustin Gamarra;11/8/2024;-76.990022
A-2024-08-120;00:00.0;ATROPELLO;1;0;NULL;LIMA;LIMA;CHORRILLOS;URBANA;CARRETERA;NACIONAL;PE-1S;-12.205816;DESPEJADO;INDUSTRIAL;TRAMO RECTO;PLANA ;ASFALTADA;NULL;NULL;NULL;NULL;EN PROCESO DE INVESTIGACIÓN;NO CUENTA CON CAUSA ESPECIFICA;Carretera Panamericana Sur;11/8/2024;-76.974754
A-2024-08-118;50:00.0;ATROPELLO;1;1;NULL;LIMA;LIMA;LA VICTORIA;URBANA;AVENIDA;URBANO;NO CORRESPONDE;-12.074054;DESPEJADO;COMERCIAL;TRAMO RECTO;PLANA ;ASFALTADA;NULL;NULL;NULL;NULL;EN PROCESO DE INVESTIGACIÓN;NO CUENTA CON CAUSA ESPECIFICA;Avenida Aviación;11/8/2024;-77.011085
A-2024-08-97;00:00.0;DESPISTE;1;0;1;CAJAMARCA;SAN IGNACIO;CHIRINOS;RURAL;CARRETERA;NACIONAL;PE-5N;-5.423696;DESPEJADO;RURAL;CURVA;INCLINADA;ASFALTADA;NULL;NULL;NULL;NULL;IMPRUDENCIA DEL CONDUCTOR;EXCESO DE VELOCIDAD;PE-5N;11/8/2024;-78.785651
A-2024-08-73;30:00.0;DESPISTE;1;2;1;ICA;ICA;OCUCAJE;RURAL;CARRETERA;NACIONAL;PE-1S;-14.371367;SOLEADO;RURAL;TRAMO RECTO;PLANA ;ASFALTADA;NULL;NULL;NULL;NULL;IMPRUDENCIA DEL CONDUCTOR;CONDUCIR EN ESTADO DE EBRIEDAD Y/O DROGADICCIÓN;Carretera Panamericana Sur;11/8/2024;-75.624532
A-2024-08-122;45:00.0;VOLCADURA;1;0;NULL;LIMA;LIMA;RIMAC;URBANA;CARRETERA;NACIONAL;PE-1N;-12.041788;DESPEJADO;COMERCIAL;TRAMO RECTO;INCLINADA;ASFALTADA;SI;REGULADORA (R);NULL;NO;EN PROCESO DE INVESTIGACIÓN;NO CUENTA CON CAUSA ESPECIFICA;Vía de Evitamiento;11/8/2024;-77.019768
A-2024-08-123;30:00.0;CHOQUE;1;0;NULL;LIMA;LIMA;SAN ISIDRO;URBANA;AVENIDA;URBANO;NO CORRESPONDE;-12.099375;DESPEJADO;RESIDENCIAL;TRAMO RECTO;PLANA ;ASFALTADA;NULL;NULL;NULL;NULL;EN PROCESO DE INVESTIGACIÓN;NO CUENTA CON CAUSA ESPECIFICA;Avenida Pablo Carriquirry Maurer;12/8/2024;-77.018196
A-2024-08-69;05:00.0;DESPISTE;1;2;NULL;LIMA;HUAURA;HUACHO;NULL;CARRETERA;NACIONAL;PE-1N;-11.39602;NULL;NULL;NULL;NULL;NULL;NULL;NULL;NULL;NULL;EN PROCESO DE INVESTIGACIÓN;NO CUENTA CON CAUSA ESPECIFICA;Carretera Panamericana Norte;12/8/2024;-77.39377
A-2024-08-124;12:00.0;FERROVIARIO;1;0;NULL;LIMA;LIMA;ATE;URBANA;AVENIDA;URBANO;NO CORRESPONDE;-12.008453;DESPEJADO;COMERCIAL;TRAMO RECTO;PLANA ;ASFALTADA;NULL;NULL;NULL;NULL;EN PROCESO DE INVESTIGACIÓN;NO CUENTA CON CAUSA ESPECIFICA;Santa Clara;12/8/2024;-76.86224
A-2024-08-59;55:00.0;CHOQUE;1;0;NULL;AREQUIPA;AREQUIPA;CERRO COLORADO;RURAL;CARRETERA;NACIONAL;PE-34A;-16.384865;DESPEJADO;INDUSTRIAL;TRAMO RECTO;PLANA ;ASFALTADA;NULL;NULL;NULL;NULL;EN PROCESO DE INVESTIGACIÓN;NO CUENTA CON CAUSA ESPECIFICA;Vía de Evitamiento;12/8/2024;-71.579321
A-2024-08-60;30:00.0;ATROPELLO;1;0;NULL;AREQUIPA;AREQUIPA;AREQUIPA;URBANA;AVENIDA;URBANO;NO CORRESPONDE;-16.405306;DESPEJADO;RESIDENCIAL;TRAMO RECTO;PLANA ;ASFALTADA;NULL;NULL;NULL;NULL;EN PROCESO DE INVESTIGACIÓN;NO CUENTA CON CAUSA ESPECIFICA;Avenida Jorge Chávez;12/8/2024;-71.532888
A-2024-08-15;30:00.0;DESPISTE;1;0;1;LA LIBERTAD;PATAZ;PATAZ;RURAL;CARRETERA;NACIONAL;PE-10C;-7.838123;DESPEJADO;RURAL;TRAMO RECTO;PLANA ;TROCHA;NULL;NULL;NULL;NULL;EN PROCESO DE INVESTIGACIÓN;NO CUENTA CON CAUSA ESPECIFICA;PE-10C;12/8/2024;-77.633667
A-2024-08-74;40:00.0;CHOQUE;1;0;2;ICA;ICA;ICA;URBANA;CARRETERA;NACIONAL;PE-1S;-14.060311;DESPEJADO;COMERCIAL;INTERSECCIÓN;PLANA ;ASFALTADA;NULL;NULL;NULL;NULL;EN PROCESO DE INVESTIGACIÓN;NO CUENTA CON CAUSA ESPECIFICA;Carretera Panamericana Sur;12/8/2024;-75.741965
A-2024-08-125;00:00.0;ATROPELLO;1;0;NULL;LIMA;LIMA;RIMAC;URBANA;AVENIDA;URBANO;NO CORRESPONDE;-12.039872;DESPEJADO;RESIDENCIAL;INTERSECCIÓN;PLANA ;ASFALTADA;NULL;NULL;NULL;NULL;EN PROCESO DE INVESTIGACIÓN;NO CUENTA CON CAUSA ESPECIFICA;Avenida Francisco Pizarro;12/8/2024;-77.030269
A-2024-08-126;55:00.0;ATROPELLO;1;0;NULL;LIMA;LIMA;CARABAYLLO;URBANA;AVENIDA;URBANO;NO CORRESPONDE;-11.886574;DESPEJADO;COMERCIAL;TRAMO RECTO;PLANA ;ASFALTADA;NULL;NULL;NULL;NULL;EN PROCESO DE INVESTIGACIÓN;NO CUENTA CON CAUSA ESPECIFICA;Avenida Universitaria;13/8/2024;-77.031805
A-2024-08-95;30:00.0;ATROPELLO;1;0;1;CAJAMARCA;HUALGAYOC;BAMBAMARCA;URBANA;JIRÓN;URBANO;NO CORRESPONDE;-6.682778;DESPEJADO;COMERCIAL;TRAMO RECTO;INCLINADA;ASFALTADA;NULL;NULL;NULL;NULL;IMPRUDENCIA DEL CONDUCTOR;EXCESO DE VELOCIDAD;Jirón 7 de Junio;13/8/2024;-78.520907
A-2024-08-34;30:00.0;DESPISTE;1;1;1;HUANCAVELICA;HUANCAVELICA;HUACHOCOLPA;RURAL;CARRETERA;DEPARTAMENTAL;HV-115;-13.073191;SOLEADO;RURAL;CURVA;PLANA ;ASFALTADA;NULL;NULL;NULL;NULL;EN PROCESO DE INVESTIGACIÓN;NO CUENTA CON CAUSA ESPECIFICA;HV-115;14/8/2024;-75.00267
A-2024-08-17;40:00.0;ATROPELLO;1;0;1;LA LIBERTAD;CHEPEN;PACANGA;RURAL;CARRETERA;NACIONAL;PE-1N;-7.160244;DESPEJADO;RURAL;TRAMO RECTO;PLANA ;ASFALTADA;NULL;NULL;NULL;NULL;IMPRUDENCIA DEL CONDUCTOR;OTRO (IMPRUDENCIA DEL CONDUCTOR);Carretera Panamericana Norte;14/8/2024;-79.441399
A-2024-08-96;30:00.0;VOLCADURA;1;0;1;CAJAMARCA;CHOTA;CHOTA;RURAL;CARRETERA;PROVINCIAL;CA-899;-6.543927;DESPEJADO;RURAL;CURVA;INCLINADA;ASFALTADA;NULL;NULL;NULL;NULL;IMPRUDENCIA DEL CONDUCTOR;EXCESO DE VELOCIDAD;CA-899;14/8/2024;-78.650905
A-2024-08-18;00:00.0;ATROPELLO;1;0;1;LA LIBERTAD;TRUJILLO;LA ESPERANZA;URBANA;CALLE;URBANO;NO CORRESPONDE;-8.0538;DESPEJADO;ESCOLAR;TRAMO RECTO;PLANA ;CONCRETO;NULL;NULL;NULL;NULL;EN PROCESO DE INVESTIGACIÓN;NO CUENTA CON CAUSA ESPECIFICA;Calle 3;14/8/2024;-79.054329
A-2024-08-127;00:00.0;ATROPELLO FUGA;1;0;NULL;LIMA;LIMA;ATE;URBANA;CARRETERA;NACIONAL;PE-22;-12.006444;DESPEJADO;COMERCIAL;TRAMO RECTO;PLANA ;ASFALTADA;NULL;NULL;NULL;NULL;EN PROCESO DE INVESTIGACIÓN;NO CUENTA CON CAUSA ESPECIFICA;Avenida Primavera;15/8/2024;-76.850091
A-2024-08-128;30:00.0;CHOQUE;1;0;NULL;LIMA;LIMA;SAN JUAN DE LURIGANCHO;URBANA;AVENIDA;URBANO;NO CORRESPONDE;-11.947234;DESPEJADO;COMERCIAL;INTERSECCIÓN;PLANA ;ASFALTADA;NULL;NULL;NULL;NULL;EN PROCESO DE INVESTIGACIÓN;NO CUENTA CON CAUSA ESPECIFICA;Avenida El Muro Oeste;15/8/2024;-76.9856
A-2024-08-19;30:00.0;ATROPELLO;1;0;1;LA LIBERTAD;ASCOPE;CHICAMA;RURAL;CARRETERA;PROVINCIAL;LI-667;-7.873913;DESPEJADO;RURAL;TRAMO RECTO;PLANA ;ASFALTADA;NULL;NULL;NULL;NULL;EN PROCESO DE INVESTIGACIÓN;NO CUENTA CON CAUSA ESPECIFICA;Carretera Chiclín - Cartavio;15/8/2024;-79.19139
A-2024-08-98;00:00.0;VOLCADURA;1;1;1;CAJAMARCA;CHOTA;COCHABAMBA;URBANA;JIRÓN;URBANO;NO CORRESPONDE;-6.473555;DESPEJADO;COMERCIAL;CURVA;INCLINADA;CONCRETO;NULL;NULL;NULL;NULL;IMPRUDENCIA DEL CONDUCTOR;CONDUCIR EN ESTADO DE EBRIEDAD Y/O DROGADICCIÓN;Jirón Lima;15/8/2024;-78.887405
A-2024-08-9;20:00.0;ATROPELLO;1;0;1;CUSCO;CUSCO;SAN JERONIMO;RURAL;VIA EXPRESA;URBANO;NO CORRESPONDE;-13.54699;DESPEJADO;RURAL;TRAMO RECTO;PLANA ;ASFALTADA;NO;NULL;NULL;NO;IMPRUDENCIA DEL PEATÓN;CRUCE INDEBIDO POR LA CALZADA;San Jerónimo;15/8/2024;-71.894801
A-2024-08-129;15:00.0;ATROPELLO;1;0;NULL;LIMA;LIMA;SAN MARTIN DE PORRES;URBANA;AVENIDA;URBANO;NO CORRESPONDE;-12.00804;DESPEJADO;RESIDENCIAL;TRAMO RECTO;PLANA ;ASFALTADA;NULL;NULL;NULL;NULL;EN PROCESO DE INVESTIGACIÓN;NO CUENTA CON CAUSA ESPECIFICA;Avenida Angélica Gamarra;15/8/2024;-77.085686
A-2024-08-35;00:00.0;DESPISTE;1;2;1;HUANCAVELICA;HUANCAVELICA;HUANCAVELICA;RURAL;CARRETERA;NACIONAL;PE-26B;-12.809154;SOLEADO;RURAL;TRAMO RECTO;PLANA ;ASFALTADA;NULL;NULL;NULL;NULL;EN PROCESO DE INVESTIGACIÓN;NO CUENTA CON CAUSA ESPECIFICA;PE-26B;16/8/2024;-74.925197
A-2024-08-20;30:00.0;ATROPELLO;1;0;1;LA LIBERTAD;CHEPEN;PACANGA;URBANA;CARRETERA;NACIONAL;PE-1N;-7.156506;DESPEJADO;INDUSTRIAL;TRAMO RECTO;PLANA ;ASFALTADA;NULL;NULL;NULL;NULL;EN PROCESO DE INVESTIGACIÓN;NO CUENTA CON CAUSA ESPECIFICA;Carretera Panamericana Norte;16/8/2024;-79.44367
A-2024-08-130;50:00.0;VOLCADURA;1;0;NULL;LIMA;LIMA;ATE;URBANA;CARRETERA;NACIONAL;PE-1S;-12.05893;DESPEJADO;COMERCIAL;TRAMO RECTO;INCLINADA;ASFALTADA;NULL;NULL;NULL;NULL;EN PROCESO DE INVESTIGACIÓN;NO CUENTA CON CAUSA ESPECIFICA;Vía de Evitamiento;16/8/2024;-76.973031
A-2024-08-90;00:00.0;DESPISTE;1;2;1;AYACUCHO;SUCRE;QUEROBAMBA;URBANA;CARRETERA;NACIONAL;PE-32A;-14.01995;DESPEJADO;RESIDENCIAL;TRAMO RECTO;PLANA ;ASFALTADA;NULL;NULL;NULL;NULL;IMPRUDENCIA DEL CONDUCTOR;CONDUCIR EN ESTADO DE EBRIEDAD Y/O DROGADICCIÓN;Avenida Huascar;17/8/2024;-73.843152
A-2024-08-75;40:00.0;CHOQUE;1;0;2;ICA;ICA;SALAS;URBANA;CARRETERA;NACIONAL;PE-1S;-13.978744;DESPEJADO;COMERCIAL;INTERSECCIÓN;INCLINADA;ASFALTADA;SI;REGULADORA (R);NULL;NO;IMPRUDENCIA DEL CONDUCTOR;INVASIÓN DE CARRIL;Carretera Panamericana Sur;17/8/2024;-75.775079
A-2024-08-76;40:00.0;CHOQUE;1;1;2;ICA;NASCA;NASCA;URBANA;AVENIDA;URBANO;NO CORRESPONDE;-14.837475;DESPEJADO;COMERCIAL;TRAMO RECTO;PLANA ;ASFALTADA;NULL;NULL;NULL;NULL;IMPRUDENCIA DEL CONDUCTOR;CONDUCIR EN ESTADO DE EBRIEDAD Y/O DROGADICCIÓN;Avenida Los Paredones;17/8/2024;-74.935806
A-2024-08-6;12:00.0;DESPISTE;1;1;1;PUNO;PUNO;PICHACANI;RURAL;CARRETERA;NACIONAL;PE-36B;-16.215869;DESPEJADO;RURAL;CURVA;INCLINADA;ASFALTADA;NULL;NULL;NULL;NULL;IMPRUDENCIA DEL CONDUCTOR;OTRO (IMPRUDENCIA DEL CONDUCTOR);PE-36B;17/8/2024;-70.121661
A-2024-08-86;00:00.0;ESPECIAL;1;0;NULL;APURIMAC;ANDAHUAYLAS;KISHUARA;RURAL;CARRETERA;NACIONAL;PE-3S;-13.687179;SOLEADO;RURAL;INTERSECCIÓN;INCLINADA;TROCHA;NULL;NULL;NULL;NULL;IMPRUDENCIA DEL PEATÓN;OTRO (IMPRUDENCIA DEL PEATÓN);Carretera Longitudinal de la Sierra Sur;17/8/2024;-73.112132
A-2024-08-43;46:00.0;CHOQUE;1;0;2;CUSCO;QUISPICANCHI;OROPESA;RURAL;CARRETERA;NACIONAL;PE-3S;-13.598651;DESPEJADO;RURAL;TRAMO RECTO;PLANA ;ASFALTADA;SI;REGULADORA (R);REGULADORA (R);NO;IMPRUDENCIA DEL CONDUCTOR;EXCESO DE VELOCIDAD;Carretera Longitudinal de la Sierra Sur;17/8/2024;-71.771172
A-2024-08-61;30:00.0;CHOQUE;1;0;NULL;AREQUIPA;AREQUIPA;LA JOYA;RURAL;CARRETERA;PROVINCIAL;AR-798;-16.688667;DESPEJADO;INDUSTRIAL;INTERSECCIÓN;PLANA ;ASFALTADA;NULL;NULL;NULL;NULL;EN PROCESO DE INVESTIGACIÓN;NO CUENTA CON CAUSA ESPECIFICA;AR-798;17/8/2024;-71.893296
A-2024-08-7;11:00.0;CHOQUE;1;0;2;PUNO;PUNO;COATA;RURAL;CARRETERA;DEPARTAMENTAL;PU-118;-15.591975;DESPEJADO;RURAL;TRAMO RECTO;PLANA ;ASFALTADA;NULL;NULL;NULL;NULL;IMPRUDENCIA DEL CONDUCTOR;INVASIÓN DE CARRIL;Carretera Huatta - Coata;18/8/2024;-69.962371
A-2024-08-131;30:00.0;ATROPELLO;1;0;NULL;LIMA;LIMA;COMAS;URBANA;CARRETERA;NACIONAL;PE-1N;-11.937691;DESPEJADO;COMERCIAL;INTERSECCIÓN;PLANA ;ASFALTADA;NULL;NULL;NULL;NULL;EN PROCESO DE INVESTIGACIÓN;NO CUENTA CON CAUSA ESPECIFICA;Avenida Los Próceres de Huandoy;18/8/2024;-77.07166
A-2024-08-99;35:00.0;DESPISTE;1;0;1;CAJAMARCA;CAJAMARCA;CAJAMARCA;URBANA;CARRETERA;NACIONAL;PE-3N;-7.126816;DESPEJADO;COMERCIAL;CURVA;INCLINADA;ASFALTADA;NULL;NULL;NULL;NULL;IMPRUDENCIA DEL CONDUCTOR;CONDUCIR EN ESTADO DE EBRIEDAD Y/O DROGADICCIÓN;Carretera Longitudinal de la Sierra Norte;18/8/2024;-78.523474
A-2024-08-133;40:00.0;DESPISTE;1;0;NULL;LIMA;LIMA;SAN BORJA;URBANA;CARRETERA;NACIONAL;PE-1S;-12.102551;DESPEJADO;COMERCIAL;TRAMO RECTO;PLANA ;ASFALTADA;NULL;NULL;NULL;NULL;EN PROCESO DE INVESTIGACIÓN;NO CUENTA CON CAUSA ESPECIFICA;Carretera Panamericana Sur;18/8/2024;-76.979388
A-2024-08-100;00:00.0;DESPISTE;2;1;1;CAJAMARCA;HUALGAYOC;BAMBAMARCA;RURAL;CARRETERA;SIN CLASIFICAR;SIN CLASIFICAR;-6.643021;DESPEJADO;RURAL;CURVA;INCLINADA;ASFALTADA;NULL;NULL;NULL;NULL;IMPRUDENCIA DEL CONDUCTOR;EXCESO DE VELOCIDAD;San Antonio Bajo;18/8/2024;-78.548214
A-2024-08-77;30:00.0;CHOQUE;1;0;2;ICA;ICA;SANTIAGO;URBANA;CARRETERA;NACIONAL;PE-1S;-14.254273;DESPEJADO;COMERCIAL;TRAMO RECTO;PLANA ;ASFALTADA;NULL;NULL;NULL;NULL;EN PROCESO DE INVESTIGACIÓN;NO CUENTA CON CAUSA ESPECIFICA;Carretera Panamericana Sur;18/8/2024;-75.688546
A-2024-08-134;45:00.0;ATROPELLO;1;0;NULL;LIMA;LIMA;BREÑA;URBANA;AVENIDA;URBANO;NO CORRESPONDE;-12.068132;DESPEJADO;RESIDENCIAL;INTERSECCIÓN;PLANA ;ASFALTADA;NULL;NULL;NULL;NULL;EN PROCESO DE INVESTIGACIÓN;NO CUENTA CON CAUSA ESPECIFICA;Avenida Brasil;19/8/2024;-77.048199
A-2024-08-135;40:00.0;CHOQUE;1;2;NULL;LIMA;LIMA;PUENTE PIEDRA;URBANA;CARRETERA;NACIONAL;PE-1N;-11.880178;DESPEJADO;COMERCIAL;TRAMO RECTO;PLANA ;ASFALTADA;NULL;NULL;NULL;NULL;EN PROCESO DE INVESTIGACIÓN;NO CUENTA CON CAUSA ESPECIFICA;Carretera Panamericana Norte;20/8/2024;-77.068824
A-2024-08-78;20:00.0;ATROPELLO;1;1;1;ICA;ICA;PUEBLO NUEVO;URBANA;CARRETERA;NACIONAL;PE-1S;-14.109918;DESPEJADO;COMERCIAL;CURVA;PLANA ;ASFALTADA;NULL;NULL;NULL;NULL;EN PROCESO DE INVESTIGACIÓN;NO CUENTA CON CAUSA ESPECIFICA;Carretera Panamericana Sur;20/8/2024;-75.717943
A-2024-08-79;15:00.0;CHOQUE;1;0;2;ICA;PISCO;SAN CLEMENTE;URBANA;CARRETERA;NACIONAL;PE-28A;-13.68241;DESPEJADO;COMERCIAL;CURVA;INCLINADA;ASFALTADA;SI;PREVENTIVA (P);REGULADORA (R);NO;EN PROCESO DE INVESTIGACIÓN;NO CUENTA CON CAUSA ESPECIFICA;PE-28A;20/8/2024;-76.159353
A-2024-08-21;10:00.0;DESPISTE;4;1;1;LA LIBERTAD;PATAZ;PATAZ;RURAL;CARRETERA;DEPARTAMENTAL;LI-124;-7.75207;DESPEJADO;RURAL;TRAMO RECTO;PLANA ;TROCHA;NULL;NULL;NULL;NULL;IMPRUDENCIA DEL CONDUCTOR;OTRO (IMPRUDENCIA DEL CONDUCTOR);LI-124;21/8/2024;-77.659848
A-2024-08-136;10:00.0;CHOQUE;1;1;NULL;LIMA;LIMA;SANTIAGO DE SURCO;URBANA;CARRETERA;NACIONAL;PE-1S;-12.118813;DESPEJADO;RESIDENCIAL;TRAMO RECTO;PLANA ;ASFALTADA;NULL;NULL;NULL;NULL;EN PROCESO DE INVESTIGACIÓN;NO CUENTA CON CAUSA ESPECIFICA;Carretera Panamericana Sur;21/8/2024;-76.9773
A-2024-08-137;30:00.0;ATROPELLO;1;0;NULL;LIMA;LIMA;LA VICTORIA;URBANA;AVENIDA;URBANO;NO CORRESPONDE;-12.067248;DESPEJADO;COMERCIAL;INTERSECCIÓN;PLANA ;ASFALTADA;NULL;NULL;NULL;NULL;EN PROCESO DE INVESTIGACIÓN;NO CUENTA CON CAUSA ESPECIFICA;Avenida Pablo Patron;21/8/2024;-76.99729
A-2024-08-138;30:00.0;CHOQUE;1;0;NULL;LIMA;LIMA;LOS OLIVOS;URBANA;AVENIDA;URBANO;NO CORRESPONDE;-11.947555;DESPEJADO;COMERCIAL;TRAMO RECTO;PLANA ;ASFALTADA;NULL;NULL;NULL;NULL;EN PROCESO DE INVESTIGACIÓN;NO CUENTA CON CAUSA ESPECIFICA;Avenida Santa Elvira;22/8/2024;-77.07392
A-2024-08-101;30:00.0;DESPISTE;2;6;1;CAJAMARCA;CAJABAMBA;CACHACHI;RURAL;CARRETERA;SIN CLASIFICAR;SIN CLASIFICAR;-7.676618;DESPEJADO;RURAL;CURVA;INCLINADA;AFIRMADO;NULL;NULL;NULL;NULL;IMPRUDENCIA DEL CONDUCTOR;OTRO (IMPRUDENCIA DEL CONDUCTOR);Cachachi;22/8/2024;-78.144938
A-2024-08-102;30:00.0;DESPISTE;1;0;1;CAJAMARCA;CHOTA;LAJAS;RURAL;CARRETERA;PROVINCIAL;CA-886;-6.593192;DESPEJADO;RURAL;TRAMO RECTO;INCLINADA;CASCAJO/RIPIO;NULL;NULL;NULL;NULL;IMPRUDENCIA DEL CONDUCTOR;CONDUCIR EN ESTADO DE EBRIEDAD Y/O DROGADICCIÓN;Lajas;23/8/2024;-78.7223
A-2024-08-64;00:00.0;DESPISTE;1;0;1;LIMA;HUARAL;PACARAOS;RURAL;CARRETERA;NACIONAL;PE-20C;-11.127387;DESPEJADO;RURAL;CURVA;INCLINADA;ASFALTADA;NULL;NULL;NULL;NULL;IMPRUDENCIA DEL CONDUCTOR;EXCESO DE VELOCIDAD;PE-20C;23/8/2024;-76.626156
A-2024-08-139;40:00.0;ATROPELLO;1;0;NULL;LIMA;LIMA;LIMA;URBANA;JIRÓN;URBANO;NO CORRESPONDE;-12.048476;DESPEJADO;RESIDENCIAL;TRAMO RECTO;PLANA ;ASFALTADA;SI;PREVENTIVA (P);NULL;NO;EN PROCESO DE INVESTIGACIÓN;NO CUENTA CON CAUSA ESPECIFICA;Jirón Zepita;23/8/2024;-77.042111
A-2024-08-80;00:00.0;ATROPELLO;2;1;1;ICA;ICA;SALAS;RURAL;CARRETERA;NACIONAL;PE-1S;-13.909978;DESPEJADO;RURAL;TRAMO RECTO;PLANA ;ASFALTADA;NULL;NULL;NULL;NULL;EN PROCESO DE INVESTIGACIÓN;NO CUENTA CON CAUSA ESPECIFICA;Carretera Panamericana Sur;24/8/2024;-76.016719
A-2024-08-22;40:00.0;ATROPELLO FUGA;1;0;1;LA LIBERTAD;TRUJILLO;TRUJILLO;URBANA;CARRETERA;NACIONAL;PE-1N;-8.130269;DESPEJADO;COMERCIAL;ÓVALO;PLANA ;ASFALTADA;NULL;NULL;NULL;NULL;IMPRUDENCIA DEL PASAJERO/OCUPANTE;SUBIR Y BAJAR DEL VEHÍCULO EN MOVIMIENTO;Avenida la Marina;24/8/2024;-79.021291
A-2024-08-23;00:00.0;DESPISTE;1;1;1;LA LIBERTAD;VIRU;GUADALUPITO;RURAL;CARRETERA;NACIONAL;PE-1N;-8.964383;DESPEJADO;RURAL;TRAMO RECTO;PLANA ;ASFALTADA;NULL;NULL;NULL;NULL;EN PROCESO DE INVESTIGACIÓN;NO CUENTA CON CAUSA ESPECIFICA;Panamericana Norte;24/8/2024;-78.623915
A-2024-08-49;30:00.0;DESPISTE;4;9;1;AYACUCHO;HUANCA SANCOS;SANCOS;RURAL;CARRETERA;NACIONAL;PE-30D;-14.095562;DESPEJADO;RURAL;CURVA;PLANA ;ASFALTADA;NULL;NULL;NULL;NULL;IMPRUDENCIA DEL CONDUCTOR;EXCESO DE VELOCIDAD;PE-30D;24/8/2024;-74.597812