CÓDIGO SINIESTRO;HORA SINIESTRO;CLASE SINIESTRO;CANTIDAD DE FALLECIDOS;CANTIDAD DE LESIONADOS;CANTIDAD DE VEHICULOS DAÑADOS;DEPARTAMENTO;PROVINCIA;DISTRITO;ZONA;TIPO DE VÍA;RED VIAL;COD CARRETERA;COORDENADAS LATITUD;CONDICIÓN CLIMÁTICA;ZONIFICACIÓN;CARACTERÍSTICAS DE VÍA;PERFIL LONGITUDINAL VÍA;SUPERFICIE DE CALZADA;¿EXISTE SEÑAL VERTICAL?;CLASIFICACIÓN DE LA SEÑAL VERTICAL Nº 1;CLASIFICACIÓN DE LA SEÑAL VERTICAL Nº 2;¿EXISTE SEÑAL HORIZONTAL?;CAUSA FACTOR PRINCIPAL;CAUSA ESPECÍFICA;UBICACION;FECHA SINIESTRO;COORDENADAS LONGITUD
A-2024-08-10;05:00.0;CHOQUE;2;0;2;CUSCO;CALCA;CALCA;RURAL;CARRETERA;NACIONAL;PE-28B;-13.31614;DESPEJADO;RURAL;CURVA;PLANA ;ASFALTADA;NO;NULL;NULL;NO;IMPRUDENCIA DEL CONDUCTOR;FATIGA Y/O CANSANCIO;PE-28B;24/8/2024;-71.994334
A-2024-08-140;45:00.0;DESPISTE;1;1;NULL;LIMA;LIMA;COMAS;URBANA;AVENIDA;URBANO;NO CORRESPONDE;-11.930439;DESPEJADO;COMERCIAL;TRAMO RECTO;PLANA ;ASFALTADA;NULL;NULL;NULL;NULL;EN PROCESO DE INVESTIGACIÓN;NO CUENTA CON CAUSA ESPECIFICA;Avenida Micaela Bastidas;25/8/2024;-77.052631
A-2024-08-11;00:00.0;VOLCADURA;1;0;1;CUSCO;PAUCARTAMBO;CHALLABAMBA;URBANA;CARRETERA;PROVINCIAL;CU-952;-13.207115;DESPEJADO;RURAL;CURVA;PLANA ;ASFALTADA;SI;INFORMATIVA (I);PREVENTIVA (P);NO;IMPRUDENCIA DEL CONDUCTOR;CONDUCIR EN ESTADO DE EBRIEDAD Y/O DROGADICCIÓN;CU-991;25/8/2024;-71.657509
A-2024-08-24;30:00.0;DESPISTE;1;1;1;LA LIBERTAD;VIRU;GUADALUPITO;RURAL;CARRETERA;SIN CLASIFICAR;SIN CLASIFICAR;-8.930309;DESPEJADO;RURAL;ÓVALO;PLANA ;ASFALTADA;NULL;NULL;NULL;NULL;EN PROCESO DE INVESTIGACIÓN;NO CUENTA CON CAUSA ESPECIFICA;Panamericana Norte;25/8/2024;-78.635894
A-2024-08-32;45:00.0;DESPISTE;1;0;1;SAN MARTIN;RIOJA;AWAJUN;RURAL;CARRETERA;PROVINCIAL;SM-513;-5.791161;DESPEJADO;RURAL;TRAMO RECTO;PLANA ;AFIRMADO;NULL;NULL;NULL;NULL;IMPRUDENCIA DEL CONDUCTOR;CONDUCIR EN ESTADO DE EBRIEDAD Y/O DROGADICCIÓN;Carretera a San Francisco;25/8/2024;-77.389944
A-2024-08-36;00:00.0;ATROPELLO;1;1;1;HUANCAVELICA;ANGARAES;ANCHONGA;URBANA;CARRETERA;DEPARTAMENTAL;HV-107;-12.877789;SOLEADO;RURAL;TRAMO RECTO;PLANA ;AFIRMADO;NULL;NULL;NULL;NULL;EN PROCESO DE INVESTIGACIÓN;NO CUENTA CON CAUSA ESPECIFICA;HV-116;25/8/2024;-74.686615
A-2024-08-91;15:00.0;ATROPELLO FUGA;1;0;NULL;LIMA;LIMA;SAN JUAN DE LURIGANCHO;URBANA;AVENIDA;URBANO;NO CORRESPONDE;-11.970604;DESPEJADO;COMERCIAL;INTERSECCIÓN;PLANA ;ASFALTADA;NULL;NULL;NULL;NULL;EN PROCESO DE INVESTIGACIÓN;NO CUENTA CON CAUSA ESPECIFICA;Avenida Las Flores;25/8/2024;-77.005736
A-2024-08-30;30:00.0;VOLCADURA;1;0;1;TUMBES;CONTRALMIRANTE VILLAR;CANOAS DE PUNTA SAL;RURAL;CARRETERA;NACIONAL;PE-1N;-3.932347;DESPEJADO;RURAL;TRAMO RECTO;PLANA ;ASFALTADA;NULL;NULL;NULL;NULL;IMPRUDENCIA DEL CONDUCTOR;CONDUCIR EN ESTADO DE EBRIEDAD Y/O DROGADICCIÓN;Carretera Panamericana Norte;26/8/2024;-80.916715
A-2024-08-25;40:00.0;ATROPELLO;1;0;1;LA LIBERTAD;TRUJILLO;LA ESPERANZA;URBANA;AVENIDA;URBANO;NO CORRESPONDE;-8.065363;DESPEJADO;ESCOLAR;TRAMO RECTO;PLANA ;ASFALTADA;NULL;NULL;NULL;NULL;EN PROCESO DE INVESTIGACIÓN;NO CUENTA CON CAUSA ESPECIFICA;Avenida José Gabriel Condorcanqui;26/8/2024;-79.051325
A-2024-08-16;05:00.0;CHOQUE;1;0;2;PUNO;PUNO;PUNO;RURAL;CARRETERA;NACIONAL;PE-3S;-15.86475;DESPEJADO;RURAL;TRAMO RECTO;PLANA ;ASFALTADA;NULL;NULL;NULL;NULL;IMPRUDENCIA DEL CONDUCTOR;GIRAR IMPRUDENTEMENTE;Carretera Longitudinal de la Sierra Sur;26/8/2024;-69.995079
A-2024-08-141;00:00.0;CHOQUE;1;0;NULL;LIMA;LIMA;SANTIAGO DE SURCO;URBANA;CARRETERA;NACIONAL;PE-1S;-12.110327;DESPEJADO;RESIDENCIAL;TRAMO RECTO;INCLINADA;ASFALTADA;NULL;NULL;NULL;NULL;EN PROCESO DE INVESTIGACIÓN;NO CUENTA CON CAUSA ESPECIFICA;Avenida Panamericana Sur;26/8/2024;-76.978161
A-2024-08-142;30:00.0;ATROPELLO FUGA;1;0;NULL;LIMA;LIMA;PACHACAMAC;URBANA;CALLE;URBANO;NO CORRESPONDE;-12.219039;DESPEJADO;RESIDENCIAL;TRAMO RECTO;PLANA ;AFIRMADO;NULL;NULL;NULL;NULL;EN PROCESO DE INVESTIGACIÓN;NO CUENTA CON CAUSA ESPECIFICA;Calle El Olivo;27/8/2024;-76.855884
A-2024-08-143;20:00.0;CAÍDA DE PASAJERO;1;0;NULL;LIMA;LIMA;SANTIAGO DE SURCO;URBANA;AVENIDA;URBANO;NO CORRESPONDE;-12.113098;DESPEJADO;COMERCIAL;INTERSECCIÓN;PLANA ;ASFALTADA;NULL;NULL;NULL;NULL;EN PROCESO DE INVESTIGACIÓN;NO CUENTA CON CAUSA ESPECIFICA;Avenida Caminos del Inca;27/8/2024;-76.992497
A-2024-08-26;20:00.0;DESPISTE;1;0;NULL;PUNO;EL COLLAO;ILAVE;RURAL;CARRETERA;PROVINCIAL;PU-1160;-16.050076;NULL;NULL;NULL;NULL;NULL;NULL;NULL;NULL;NULL;EN PROCESO DE INVESTIGACIÓN;NO CUENTA CON CAUSA ESPECIFICA;PU-1160;27/8/2024;-69.610164
A-2024-08-148;15:00.0;CAÍDA DE PASAJERO;1;0;NULL;LIMA;LIMA;ATE;URBANA;AVENIDA;URBANO;NO CORRESPONDE;-12.028884;DESPEJADO;COMERCIAL;INTERSECCIÓN;PLANA ;ASFALTADA;NULL;NULL;NULL;NULL;EN PROCESO DE INVESTIGACIÓN;NO CUENTA CON CAUSA ESPECIFICA;Marcos Puente Llanos;28/8/2024;-76.9239
A-2024-08-144;30:00.0;DESPISTE;1;0;NULL;LIMA;LIMA;EL AGUSTINO;URBANA;AVENIDA;URBANO;NO CORRESPONDE;-12.034889;DESPEJADO;RESIDENCIAL;CURVA;INCLINADA;ASFALTADA;NULL;NULL;NULL;NULL;EN PROCESO DE INVESTIGACIÓN;NO CUENTA CON CAUSA ESPECIFICA;Avenida Ferrocarril;28/8/2024;-76.994666
A-2024-08-145;14:00.0;ATROPELLO FUGA;1;0;NULL;LIMA;LIMA;JESUS MARIA;URBANA;AVENIDA;URBANO;NO CORRESPONDE;-12.079343;DESPEJADO;RESIDENCIAL;TRAMO RECTO;PLANA ;ASFALTADA;SI;PREVENTIVA (P);NULL;NO;EN PROCESO DE INVESTIGACIÓN;NO CUENTA CON CAUSA ESPECIFICA;Avenida Húsares de Junín;28/8/2024;-77.048244
A-2024-08-146;20:00.0;ATROPELLO;1;0;NULL;LIMA;LIMA;CARABAYLLO;URBANA;AVENIDA;URBANO;NO CORRESPONDE;-11.846589;DESPEJADO;ESCOLAR;TRAMO RECTO;INCLINADA;AFIRMADO;NULL;NULL;NULL;NULL;EN PROCESO DE INVESTIGACIÓN;NO CUENTA CON CAUSA ESPECIFICA;Carabayllo;28/8/2024;-76.996042
A-2024-08-62;45:00.0;ATROPELLO;1;0;NULL;AREQUIPA;AREQUIPA;CERRO COLORADO;URBANA;AVENIDA;URBANO;NO CORRESPONDE;-16.392358;DESPEJADO;COMERCIAL;INTERSECCIÓN;PLANA ;ASFALTADA;NULL;NULL;NULL;NULL;EN PROCESO DE INVESTIGACIÓN;NO CUENTA CON CAUSA ESPECIFICA;Avenida Nicolás de Pierola;28/8/2024;-71.564029
A-2024-08-40;30:00.0;ATROPELLO;1;0;1;CUSCO;QUISPICANCHI;CCATCA;RURAL;CARRETERA;NACIONAL;PE-30C;-13.635461;DESPEJADO;RURAL;CURVA;PLANA ;ASFALTADA;NULL;NULL;NULL;NULL;IMPRUDENCIA DEL CONDUCTOR;CONDUCIR EN ESTADO DE EBRIEDAD Y/O DROGADICCIÓN;Carretera Interocéanica Sur;29/8/2024;-71.589264
A-2024-08-147;50:00.0;CHOQUE;1;0;NULL;LIMA;LIMA;CARABAYLLO;URBANA;CARRETERA;PROVINCIAL;LM-691;-11.858754;DESPEJADO;RESIDENCIAL;INTERSECCIÓN;PLANA ;ASFALTADA;NULL;NULL;NULL;NULL;EN PROCESO DE INVESTIGACIÓN;NO CUENTA CON CAUSA ESPECIFICA;Avenida Las Casuarinas;29/8/2024;-77.045235
A-2024-08-31;20:00.0;CHOQUE;1;1;NULL;PUNO;CHUCUITO;POMATA;RURAL;CARRETERA;NACIONAL;PE-3S;-16.260636;NULL;NULL;NULL;NULL;NULL;NULL;NULL;NULL;NULL;IMPRUDENCIA DEL CONDUCTOR;INVASIÓN DE CARRIL;Carretera Longitudinal de la Sierra Sur;29/8/2024;-69.296216
A-2024-08-87;45:00.0;VOLCADURA;1;0;NULL;APURIMAC;ANDAHUAYLAS;ANDAHUAYLAS;RURAL;CARRETERA;PROVINCIAL;AP-564;-13.650527;LLUVIOSO;RURAL;TRAMO RECTO;INCLINADA;TROCHA;NULL;NULL;NULL;NULL;IMPRUDENCIA DEL CONDUCTOR;CONDUCIR EN ESTADO DE EBRIEDAD Y/O DROGADICCIÓN;Ccarancalla;29/8/2024;-73.408478
A-2024-08-27;40:00.0;CHOQUE;1;0;NULL;LA LIBERTAD;ASCOPE;CHICAMA;RURAL;CARRETERA;NACIONAL;PE-1N;-7.943393;NULL;NULL;NULL;NULL;NULL;NULL;NULL;NULL;NULL;EN PROCESO DE INVESTIGACIÓN;NO CUENTA CON CAUSA ESPECIFICA;Carretera Panamericana Norte;30/8/2024;-79.09555
A-2024-08-33;40:00.0;VOLCADURA;1;0;1;SAN MARTIN;MOYOBAMBA;MOYOBAMBA;URBANA;CARRETERA;NACIONAL;PE-5N;-6.047733;DESPEJADO;RESIDENCIAL;TRAMO RECTO;INCLINADA;ASFALTADA;SI;REGULADORA (R);PREVENTIVA (P);NO;IMPRUDENCIA DEL CONDUCTOR;OTRO (IMPRUDENCIA DEL CONDUCTOR);Carretera Presidente Fernando Belaúnde Terry;30/8/2024;-76.991195
A-2024-08-65;30:00.0;CHOQUE;1;0;2;PASCO;PASCO;TINYAHUARCO;RURAL;CARRETERA;NACIONAL;PE-3N;-10.77901;NUBLADO;RURAL;TRAMO RECTO;PLANA ;ASFALTADA;NULL;NULL;NULL;NULL;IMPRUDENCIA DEL CONDUCTOR;EXCESO DE VELOCIDAD;Carretera Longitudinal de la Sierra Norte;30/8/2024;-76.247402
A-2024-08-52;00:00.0;CHOQUE;1;1;2;CUSCO;CUSCO;POROY;URBANA;CARRETERA;NACIONAL;PE-3S;-13.495498;DESPEJADO;RESIDENCIAL;TRAMO RECTO;PLANA ;ASFALTADA;SI;REGULADORA (R);PREVENTIVA (P);NO;IMPRUDENCIA DEL CONDUCTOR;INVASIÓN DE CARRIL;Carretera Longitudinal de la Sierra Sur;30/8/2024;-72.042298
A-2024-08-44;30:00.0;DESPISTE;1;0;NULL;CUSCO;QUISPICANCHI;CCATCA;NULL;CARRETERA;PROVINCIAL;CU-1387;-13.6467;NULL;NULL;NULL;NULL;NULL;NULL;NULL;NULL;NULL;EN PROCESO DE INVESTIGACIÓN;NO CUENTA CON CAUSA ESPECIFICA;Cachira;30/8/2024;-71.507133
A-2024-08-149;00:00.0;ATROPELLO FUGA;1;0;NULL;LIMA;LIMA;SAN MARTIN DE PORRES;URBANA;CALLE;URBANO;NO CORRESPONDE;-11.991151;DESPEJADO;RESIDENCIAL;INTERSECCIÓN;PLANA ;ASFALTADA;NULL;NULL;NULL;NULL;EN PROCESO DE INVESTIGACIÓN;NO CUENTA CON CAUSA ESPECIFICA;San Martín de Porres;30/8/2024;-77.102427
A-2024-08-151;20:00.0;ATROPELLO;1;0;NULL;LIMA;LIMA;SAN JUAN DE LURIGANCHO;URBANA;AVENIDA;URBANO;NO CORRESPONDE;-11.97488;DESPEJADO;ESCOLAR;TRAMO RECTO;PLANA ;ASFALTADA;NULL;NULL;NULL;NULL;EN PROCESO DE INVESTIGACIÓN;NO CUENTA CON CAUSA ESPECIFICA;Avenida Fernando Wiesse;30/8/2024;-77.000045
A-2024-08-45;30:00.0;DESPISTE;3;10;1;CUSCO;ANTA;LIMATAMBO;RURAL;CARRETERA;SIN CLASIFICAR;SIN CLASIFICAR;-13.455618;DESPEJADO;RURAL;CURVA;INCLINADA;AFIRMADO;NULL;NULL;NULL;NULL;NEGLIGENCIA DEL CONDUCTOR;CONDUCIR CON FALLAS DE FRENOS;Limatambo;30/8/2024;-72.468051
A-2024-08-63;20:00.0;ATROPELLO FUGA;1;0;NULL;ICA;CHINCHA;EL CARMEN;RURAL;CARRETERA;NACIONAL;PE-1SE;-13.554542;DESPEJADO;RURAL;TRAMO RECTO;PLANA ;ASFALTADA;NULL;NULL;NULL;NULL;EN PROCESO DE INVESTIGACIÓN;NO CUENTA CON CAUSA ESPECIFICA;Carretera Panamericana Sur;30/8/2024;-76.180823
A-2024-08-28;30:00.0;DESPISTE;1;0;1;LA LIBERTAD;PATAZ;TAYABAMBA;URBANA;JIRÓN;URBANO;NO CORRESPONDE;-8.274457;DESPEJADO;RESIDENCIAL;INTERSECCIÓN;PLANA ;CONCRETO;NULL;NULL;NULL;NULL;EN PROCESO DE INVESTIGACIÓN;NO CUENTA CON CAUSA ESPECIFICA;Jirón Cesar Vallejo;30/8/2024;-77.297001
A-2024-08-103;30:00.0;VOLCADURA;1;0;1;CAJAMARCA;CELENDIN;CELENDIN;URBANA;AVENIDA;URBANO;NO CORRESPONDE;-6.875352;DESPEJADO;COMERCIAL;TRAMO RECTO;INCLINADA;CASCAJO/RIPIO;NULL;NULL;NULL;NULL;IMPRUDENCIA DEL CONDUCTOR;EXCESO DE VELOCIDAD;El Cumbe;31/8/2024;-78.141947
A-2024-08-89;30:00.0;DESPISTE;1;1;NULL;CUSCO;LA CONVENCION;VILCABAMBA;RURAL;CARRETERA;DEPARTAMENTAL;CU-100;-13.04849;DESPEJADO;RURAL;CURVA;INCLINADA;TROCHA;NULL;NULL;NULL;NULL;IMPRUDENCIA DEL CONDUCTOR;EXCESO DE VELOCIDAD;CU-100;31/8/2024;-72.895977
A-2024-08-82;00:00.0;DESPISTE;1;3;1;AYACUCHO;LUCANAS;LLAUTA;RURAL;CARRETERA;DEPARTAMENTAL;AY-113;-14.261638;DESPEJADO;RURAL;SINUOSA;PLANA ;TROCHA;NULL;NULL;NULL;NULL;EN PROCESO DE INVESTIGACIÓN;NO CUENTA CON CAUSA ESPECIFICA;AY-113;31/8/2024;-74.96396
A-2024-08-66;00:00.0;ATROPELLO FUGA;1;0;NULL;CALLAO;CALLAO;VENTANILLA;URBANA;CARRETERA;NACIONAL;PE-20;-11.877639;NULL;NULL;NULL;NULL;NULL;NULL;NULL;NULL;NULL;EN PROCESO DE INVESTIGACIÓN;NO CUENTA CON CAUSA ESPECIFICA;Avenida Coronel Nestor Gambetta;31/8/2024;-77.12691
A-2024-08-81;45:00.0;CHOQUE;1;0;2;ICA;NASCA;VISTA ALEGRE;URBANA;CARRETERA;NACIONAL;PE-1S;-14.849794;DESPEJADO;COMERCIAL;TRAMO RECTO;PLANA ;ASFALTADA;NULL;NULL;NULL;NULL;EN PROCESO DE INVESTIGACIÓN;NO CUENTA CON CAUSA ESPECIFICA;Carretera Panamericana Sur;31/8/2024;-74.953574
A-2024-08-48;30:00.0;CHOQUE;1;2;2;AYACUCHO;LUCANAS;SAN JUAN;RURAL;CARRETERA;NACIONAL;PE-30A;-14.650289;DESPEJADO;RURAL;CURVA;INCLINADA;ASFALTADA;SI;PREVENTIVA (P);PREVENTIVA (P);NO;IMPRUDENCIA DEL CONDUCTOR;INVASIÓN DE CARRIL;Carretera Nasca - Abancay;31/8/2024;-74.187799
A-2024-08-68;30:00.0;VOLCADURA;8;15;1;AMAZONAS;LUYA;OCUMAL;RURAL;CARRETERA;SIN CLASIFICAR;SIN CLASIFICAR;-6.322234;DESPEJADO;RURAL;CURVA;INCLINADA;TROCHA;NULL;NULL;NULL;NULL;EN PROCESO DE INVESTIGACIÓN;NO CUENTA CON CAUSA ESPECIFICA;Ocumal;31/8/2024;-78.13609
A-2024-08-150;30:00.0;ATROPELLO;1;1;NULL;LIMA;LIMA;CHORRILLOS;URBANA;AVENIDA;URBANO;NO CORRESPONDE;-12.198479;DESPEJADO;ESCOLAR;INTERSECCIÓN;PLANA ;ASFALTADA;NULL;NULL;NULL;NULL;EN PROCESO DE INVESTIGACIÓN;NO CUENTA CON CAUSA ESPECIFICA;Avenida 24 de Octubre;31/8/2024;-76.980959
A-2024-08-83;40:00.0;VOLCADURA;1;0;1;ICA;NASCA;NASCA;RURAL;CARRETERA;SIN CLASIFICAR;SIN CLASIFICAR;-14.843273;DESPEJADO;RURAL;TRAMO RECTO;PLANA ;TROCHA;NULL;NULL;NULL;NULL;EN PROCESO DE INVESTIGACIÓN;NO CUENTA CON CAUSA ESPECIFICA;Uncumayito;31/8/2024;-74.989896
A-2024-08-152;45:00.0;ATROPELLO FUGA;1;0;NULL;MOQUEGUA;MARISCAL NIETO;SAMEGUA;RURAL;CARRETERA;NACIONAL;PE-36A;-17.130627;NULL;NULL;NULL;NULL;NULL;NULL;NULL;NULL;NULL;EN PROCESO DE INVESTIGACIÓN;NO CUENTA CON CAUSA ESPECIFICA;Carretera Binacional;31/8/2024;-70.839647
A-2024-09-15;30:00.0;CHOQUE;3;15;NULL;AREQUIPA;CAYLLOMA;SAN ANTONIO DE CHUCA;RURAL;CARRETERA;NACIONAL;PE-34A;-15.852786;DESPEJADO;RURAL;TRAMO RECTO;PLANA ;ASFALTADA;NULL;NULL;NULL;NULL;EN PROCESO DE INVESTIGACIÓN;NO CUENTA CON CAUSA ESPECIFICA;Vía Interoceánica Sur - Tramo 5;1/9/2024;-71.116678
A-2024-09-95;30:00.0;ATROPELLO;1;0;NULL;LIMA;LIMA;VILLA EL SALVADOR;URBANA;AVENIDA;URBANO;NO CORRESPONDE;-12.244649;DESPEJADO;ESCOLAR;TRAMO RECTO;INCLINADA;ASFALTADA;SI;PREVENTIVA (P);NULL;NO;EN PROCESO DE INVESTIGACIÓN;NO CUENTA CON CAUSA ESPECIFICA;Avenida María Reiche;1/9/2024;-76.920683
A-2024-09-38;15:00.0;CHOQUE;1;0;2;TUMBES;TUMBES;TUMBES;RURAL;AVENIDA;URBANO;NO CORRESPONDE;-3.588083;DESPEJADO;RURAL;TRAMO RECTO;PLANA ;ASFALTADA;NULL;NULL;NULL;NULL;IMPRUDENCIA DEL CONDUCTOR;INVASIÓN DE CARRIL;Avenida Presidente Fernando Belaúnde Terry;1/9/2024;-80.421859
A-2024-09-96;50:00.0;DESPISTE;2;5;NULL;LIMA;LIMA;SAN BARTOLO;URBANA;CARRETERA;NACIONAL;PE-1S;-12.384194;DESPEJADO;INDUSTRIAL;TRAMO RECTO;PLANA ;ASFALTADA;NULL;NULL;NULL;NULL;EN PROCESO DE INVESTIGACIÓN;NO CUENTA CON CAUSA ESPECIFICA;Carretera Panamericana Sur;1/9/2024;-76.771186
A-2024-09-97;50:00.0;ATROPELLO FUGA;1;0;NULL;LIMA;LIMA;CHORRILLOS;URBANA;CARRETERA;NACIONAL;PE-1S;-12.19708;DESPEJADO;COMERCIAL;TRAMO RECTO;PLANA ;ASFALTADA;NULL;NULL;NULL;NULL;EN PROCESO DE INVESTIGACIÓN;NO CUENTA CON CAUSA ESPECIFICA;Carretera Panamericana Sur;1/9/2024;-76.973294
A-2024-09-98;58:00.0;ATROPELLO FUGA;1;0;NULL;LIMA;LIMA;ATE;URBANA;CARRETERA;NACIONAL;PE-22;-12.007655;DESPEJADO;COMERCIAL;TRAMO RECTO;PLANA ;ASFALTADA;NULL;NULL;NULL;NULL;EN PROCESO DE INVESTIGACIÓN;NO CUENTA CON CAUSA ESPECIFICA;Carretera Central;1/9/2024;-76.856776
A-2024-09-59;10:00.0;DESPISTE;1;3;NULL;ICA;CHINCHA;PUEBLO NUEVO;URBANA;CARRETERA;PROVINCIAL;IC-505;-13.376524;DESPEJADO;RURAL;CURVA;PLANA ;ASFALTADA;NULL;NULL;NULL;NULL;EN PROCESO DE INVESTIGACIÓN;NO CUENTA CON CAUSA ESPECIFICA;Pueblo Nuevo;2/9/2024;-76.13058
A-2024-09-43;10:00.0;CHOQUE;1;3;2;CUSCO;CHUMBIVILCAS;LIVITACA;RURAL;CARRETERA;PROVINCIAL;CU-1589;-14.194165;DESPEJADO;RURAL;CURVA;PLANA ;ASFALTADA;NULL;NULL;NULL;NULL;IMPRUDENCIA DEL CONDUCTOR;EXCESO DE VELOCIDAD;CU-1589;2/9/2024;-71.624747
A-2024-09-80;30:00.0;ATROPELLO;1;0;NULL;CUSCO;CUSCO;SAYLLA;NULL;CARRETERA;NACIONAL;PE-3S;-13.557305;NULL;NULL;NULL;NULL;NULL;NULL;NULL;NULL;NULL;IMPRUDENCIA DEL CONDUCTOR;EXCESO DE VELOCIDAD;Carretera Longitudinal de la Sierra Sur;2/9/2024;-71.853933
A-2024-09-6;25:00.0;CHOQUE FUGA;1;1;1;LA LIBERTAD;TRUJILLO;HUANCHACO;URBANA;AVENIDA;URBANO;NO CORRESPONDE;-8.024623;DESPEJADO;INDUSTRIAL;INTERSECCIÓN;PLANA ;ASFALTADA;NULL;NULL;NULL;NULL;EN PROCESO DE INVESTIGACIÓN;NO CUENTA CON CAUSA ESPECIFICA;Avenida Miguel Grau;2/9/2024;-79.064435
A-2024-09-56;00:00.0;DESPISTE;1;0;NULL;CUSCO;PAUCARTAMBO;PAUCARTAMBO;RURAL;CARRETERA;PROVINCIAL;CU-1020;-13.382111;DESPEJADO;RURAL;CURVA;PLANA ;AFIRMADO;NULL;NULL;NULL;NULL;IMPRUDENCIA DEL CONDUCTOR;EXCESO DE VELOCIDAD;CU-1020;2/9/2024;-71.504325
A-2024-09-62;40:00.0;ATROPELLO FUGA;1;0;1;ICA;ICA;SANTIAGO;RURAL;CARRETERA;NACIONAL;PE-1S;-14.474002;DESPEJADO;RURAL;TRAMO RECTO;PLANA ;ASFALTADA;NULL;NULL;NULL;NULL;EN PROCESO DE INVESTIGACIÓN;NO CUENTA CON CAUSA ESPECIFICA;Carretera Panamericana Sur;3/9/2024;-75.367979
A-2024-09-7;10:00.0;ATROPELLO;1;0;1;LA LIBERTAD;SANCHEZ CARRION;HUAMACHUCO;URBANA;JIRÓN;URBANO;NO CORRESPONDE;-7.816307;DESPEJADO;COMERCIAL;INTERSECCIÓN;PLANA ;ASFALTADA;NULL;NULL;NULL;NULL;EN PROCESO DE INVESTIGACIÓN;NO CUENTA CON CAUSA ESPECIFICA;Jirón Andrés Avelino Cáceres;3/9/2024;-78.040553
A-2024-09-16;30:00.0;DESPISTE;1;1;1;AREQUIPA;CAYLLOMA;MAJES;URBANA;CALLE;URBANO;NO CORRESPONDE;-16.298972;DESPEJADO;COMERCIAL;TRAMO RECTO;PLANA ;ASFALTADA;NULL;NULL;NULL;NULL;EN PROCESO DE INVESTIGACIÓN;NO CUENTA CON CAUSA ESPECIFICA;E4;3/9/2024;-72.198056
A-2024-09-63;30:00.0;ATROPELLO FUGA;1;0;1;ICA;ICA;LA TINGUIÑA;URBANA;CARRETERA;NACIONAL;PE-1S;-14.033174;DESPEJADO;RESIDENCIAL;TRAMO RECTO;PLANA ;ASFALTADA;NULL;NULL;NULL;NULL;EN PROCESO DE INVESTIGACIÓN;NO CUENTA CON CAUSA ESPECIFICA;Avenida Victorio Gotuzzo;3/9/2024;-75.709834
A-2024-09-57;30:00.0;DESPISTE;1;0;1;CUSCO;QUISPICANCHI;QUIQUIJANA;RURAL;CARRETERA;PROVINCIAL;CU-1333;-13.862981;DESPEJADO;RURAL;TRAMO RECTO;PLANA ;AFIRMADO;NULL;NULL;NULL;NULL;IMPRUDENCIA DEL CONDUCTOR;EXCESO DE VELOCIDAD;Antisuyo;5/9/2024;-71.551294
A-2024-09-64;00:00.0;VOLCADURA;1;0;1;ICA;PISCO;HUMAY;RURAL;CARRETERA;NACIONAL;PE-28A;-13.714214;DESPEJADO;RURAL;CURVA;PLANA ;ASFALTADA;NULL;NULL;NULL;NULL;EN PROCESO DE INVESTIGACIÓN;NO CUENTA CON CAUSA ESPECIFICA;Vía de los Libertadores;6/9/2024;-75.855805
A-2024-09-99;45:00.0;ATROPELLO;1;0;NULL;LIMA;LIMA;SAN JUAN DE MIRAFLORES;URBANA;AVENIDA;URBANO;NO CORRESPONDE;-12.150806;DESPEJADO;COMERCIAL;TRAMO RECTO;INCLINADA;ASFALTADA;NULL;NULL;NULL;NULL;EN PROCESO DE INVESTIGACIÓN;NO CUENTA CON CAUSA ESPECIFICA;Avenida Los Héroes;7/9/2024;-76.979242
A-2024-09-8;30:00.0;DESPISTE;1;2;1;LA LIBERTAD;PATAZ;TAYABAMBA;RURAL;CARRETERA;NACIONAL;PE-12B;-8.292057;DESPEJADO;RURAL;TRAMO RECTO;PLANA ;AFIRMADO;NULL;NULL;NULL;NULL;EN PROCESO DE INVESTIGACIÓN;NO CUENTA CON CAUSA ESPECIFICA;PE-12B;7/9/2024;-77.309852
A-2024-09-9;20:00.0;DESPISTE;1;0;1;LA LIBERTAD;VIRU;VIRU;RURAL;CARRETERA;PROVINCIAL;LI-1178;-8.43136;DESPEJADO;RURAL;TRAMO RECTO;PLANA ;AFIRMADO;NULL;NULL;NULL;NULL;EN PROCESO DE INVESTIGACIÓN;NO CUENTA CON CAUSA ESPECIFICA;LI-1178;7/9/2024;-78.747715
A-2024-09-54;30:00.0;DESPISTE;1;0;1;AYACUCHO;HUAMANGA;VINCHOS;RURAL;CARRETERA;NACIONAL;PE-28A;-13.357;DESPEJADO;RURAL;CURVA;INCLINADA;ASFALTADA;NULL;NULL;NULL;NULL;IMPRUDENCIA DEL CONDUCTOR;EXCESO DE VELOCIDAD;Vía de los Libertadores;7/9/2024;-74.412
A-2024-09-84;15:00.0;DESPISTE;1;0;1;CAJAMARCA;CAJAMARCA;MATARA;RURAL;CARRETERA;NACIONAL;PE-3N;-7.283624;DESPEJADO;RURAL;CURVA;INCLINADA;ASFALTADA;NO;NULL;NULL;NO;IMPRUDENCIA DEL CONDUCTOR;EXCESO DE VELOCIDAD;Carretera Longitudinal de la Sierra Norte;7/9/2024;-78.22294