CÓDIGO SINIESTRO;HORA SINIESTRO;CLASE SINIESTRO;CANTIDAD DE FALLECIDOS;CANTIDAD DE LESIONADOS;CANTIDAD DE VEHICULOS DAÑADOS;DEPARTAMENTO;PROVINCIA;DISTRITO;ZONA;TIPO DE VÍA;RED VIAL;COD CARRETERA;COORDENADAS LATITUD;CONDICIÓN CLIMÁTICA;ZONIFICACIÓN;CARACTERÍSTICAS DE VÍA;PERFIL LONGITUDINAL VÍA;SUPERFICIE DE CALZADA;¿EXISTE SEÑAL VERTICAL?;CLASIFICACIÓN DE LA SEÑAL VERTICAL Nº 1;CLASIFICACIÓN DE LA SEÑAL VERTICAL Nº 2;¿EXISTE SEÑAL HORIZONTAL?;CAUSA FACTOR PRINCIPAL;CAUSA ESPECÍFICA;UBICACION;FECHA SINIESTRO;COORDENADAS LONGITUD
A-2024-09-10;00:00.0;DESPISTE;2;3;1;LA LIBERTAD;SANCHEZ CARRION;CHUGAY;RURAL;CARRETERA;PROVINCIAL;LI-901;-7.936024;DESPEJADO;RURAL;TRAMO RECTO;PLANA ;TROCHA;NULL;NULL;NULL;NULL;EN PROCESO DE INVESTIGACIÓN;NO CUENTA CON CAUSA ESPECIFICA;LI-901;7/9/2024;-77.734499
A-2024-09-101;30:00.0;ATROPELLO;1;0;NULL;LIMA;LIMA;SAN JUAN DE LURIGANCHO;URBANA;AVENIDA;URBANO;NO CORRESPONDE;-11.963466;DESPEJADO;COMERCIAL;TRAMO RECTO;PLANA ;ASFALTADA;NULL;NULL;NULL;NULL;EN PROCESO DE INVESTIGACIÓN;NO CUENTA CON CAUSA ESPECIFICA;Avenida Héroes del Cenepa Oeste;7/9/2024;-76.979809
A-2024-09-100;00:00.0;DESPISTE;1;0;NULL;LIMA;LIMA;CHORRILLOS;URBANA;AVENIDA;URBANO;NO CORRESPONDE;-12.200617;DESPEJADO;INDUSTRIAL;INTERSECCIÓN;PLANA ;ASFALTADA;NULL;NULL;NULL;NULL;EN PROCESO DE INVESTIGACIÓN;NO CUENTA CON CAUSA ESPECIFICA;Avenida Prolongación Defensores del Morro;7/9/2024;-76.996248
A-2024-09-65;30:00.0;CHOQUE;2;20;2;ICA;PISCO;HUANCANO;RURAL;CARRETERA;NACIONAL;PE-28A;-13.650391;DESPEJADO;RURAL;CURVA;INCLINADA;ASFALTADA;NULL;NULL;NULL;NULL;EN PROCESO DE INVESTIGACIÓN;NO CUENTA CON CAUSA ESPECIFICA;Vía de los Libertadores;8/9/2024;-75.735952
A-2024-09-3;00:00.0;ATROPELLO FUGA;1;0;NULL;AREQUIPA;ISLAY;MOLLENDO;RURAL;CARRETERA;NACIONAL;PE-34;-16.708444;NULL;NULL;NULL;NULL;NULL;NULL;NULL;NULL;NULL;EN PROCESO DE INVESTIGACIÓN;NO CUENTA CON CAUSA ESPECIFICA;Carretera Interoceánica Sur;8/9/2024;-71.931881
A-2024-09-1;30:00.0;CHOQUE;1;0;2;PUNO;CHUCUITO;DESAGUADERO;RURAL;CARRETERA;NACIONAL;PE-36A;-16.61945;DESPEJADO;RURAL;TRAMO RECTO;PLANA ;ASFALTADA;NULL;NULL;NULL;NULL;IMPRUDENCIA DEL CONDUCTOR;EXCESO DE VELOCIDAD;Carretera Binacional;8/9/2024;-69.148003
A-2024-09-66;00:00.0;CHOQUE;1;0;2;ICA;NASCA;EL INGENIO;RURAL;CARRETERA;DEPARTAMENTAL;IC-113;-14.657882;DESPEJADO;RURAL;TRAMO RECTO;PLANA ;ASFALTADA;NULL;NULL;NULL;NULL;EN PROCESO DE INVESTIGACIÓN;NO CUENTA CON CAUSA ESPECIFICA;Carretera El Ingenio;8/9/2024;-75.109083
A-2024-09-11;30:00.0;CHOQUE;1;0;2;LA LIBERTAD;SANTIAGO DE CHUCO;SANTIAGO DE CHUCO;RURAL;CARRETERA;NACIONAL;PE-3N;-8.143784;DESPEJADO;RURAL;TRAMO RECTO;PLANA ;AFIRMADO;NULL;NULL;NULL;NULL;EN PROCESO DE INVESTIGACIÓN;NO CUENTA CON CAUSA ESPECIFICA;Carretera Longitudinal de la Sierra Norte;8/9/2024;-78.180144
A-2024-09-12;30:00.0;DESPISTE;1;1;1;LA LIBERTAD;OTUZCO;USQUIL;RURAL;CARRETERA;DEPARTAMENTAL;LI-111;-7.829689;DESPEJADO;RURAL;TRAMO RECTO;PLANA ;AFIRMADO;NULL;NULL;NULL;NULL;INFRAESTRUCTURA Y ENTORNO VIAL;SUPERFICIE DETERIORADA;LI-111;10/9/2024;-78.390369
A-2024-09-14;00:00.0;CHOQUE;1;0;2;LA LIBERTAD;PACASMAYO;GUADALUPE;RURAL;CARRETERA;NACIONAL;PE-1N;-7.3106;DESPEJADO;RURAL;TRAMO RECTO;PLANA ;ASFALTADA;NULL;NULL;NULL;NULL;EN PROCESO DE INVESTIGACIÓN;NO CUENTA CON CAUSA ESPECIFICA;Carretera Panamericana Norte;11/9/2024;-79.480851
A-2024-09-102;20:00.0;ATROPELLO;1;0;NULL;LIMA;LIMA;VILLA EL SALVADOR;URBANA;AVENIDA;URBANO;NO CORRESPONDE;-12.223876;DESPEJADO;ESCOLAR;TRAMO RECTO;INCLINADA;ASFALTADA;SI;PREVENTIVA (P);NULL;NO;EN PROCESO DE INVESTIGACIÓN;NO CUENTA CON CAUSA ESPECIFICA;Avenida Pachacútec;11/9/2024;-76.919885
A-2024-09-85;00:00.0;CHOQUE;1;1;1;CAJAMARCA;SAN PABLO;SAN PABLO;RURAL;CARRETERA;PROVINCIAL;CA-1277;-7.053289;DESPEJADO;RURAL;TRAMO RECTO;PLANA ;ASFALTADA;SI;PREVENTIVA (P);NULL;NO;IMPRUDENCIA DEL CONDUCTOR;EXCESO DE VELOCIDAD;PE-08A;11/9/2024;-78.792863
A-2024-09-22;30:00.0;CHOQUE;1;0;NULL;AREQUIPA;AREQUIPA;SACHACA;URBANA;CARRETERA;NACIONAL;PE-34C;-16.404694;NULL;NULL;NULL;NULL;NULL;NULL;NULL;NULL;NULL;EN PROCESO DE INVESTIGACIÓN;NO CUENTA CON CAUSA ESPECIFICA;Variante Uchumayo Auxiliar;12/9/2024;-71.567306
A-2024-09-17;20:00.0;CHOQUE;1;1;2;LA LIBERTAD;TRUJILLO;SALAVERRY;URBANA;CARRETERA;NACIONAL;PE-10;-8.19383;DESPEJADO;INDUSTRIAL;TRAMO RECTO;PLANA ;ASFALTADA;NULL;NULL;NULL;NULL;EN PROCESO DE INVESTIGACIÓN;NO CUENTA CON CAUSA ESPECIFICA;Avenida de la Marina;13/9/2024;-78.991297
A-2024-09-79;40:00.0;DESPISTE;1;37;1;AYACUCHO;LUCANAS;LUCANAS;RURAL;CARRETERA;NACIONAL;PE-30A;-14.839569;DESPEJADO;RURAL;CURVA;INCLINADA;ASFALTADA;NULL;NULL;NULL;NULL;IMPRUDENCIA DEL CONDUCTOR;OTRO (IMPRUDENCIA DEL CONDUCTOR);Carretera Nasca - Abancay;13/9/2024;-74.733191
A-2024-09-70;00:00.0;VOLCADURA;3;0;NULL;APURIMAC;CHINCHEROS;OCOBAMBA;RURAL;CARRETERA;DEPARTAMENTAL;AP-102;-13.586374;DESPEJADO;RURAL;CURVA;PLANA ;ASFALTADA;NULL;NULL;NULL;NULL;IMPRUDENCIA DEL CONDUCTOR;FATIGA Y/O CANSANCIO;AP-102;13/9/2024;-73.461327
A-2024-09-86;40:00.0;ESPECIAL;1;0;1;CAJAMARCA;CHOTA;ANGUIA;RURAL;CARRETERA;PROVINCIAL;CA-915;-6.351192;DESPEJADO;RURAL;CURVA;INCLINADA;AFIRMADO;NULL;NULL;NULL;NULL;EN PROCESO DE INVESTIGACIÓN;NO CUENTA CON CAUSA ESPECIFICA;CA-915;13/9/2024;-78.609739
A-2024-09-4;00:00.0;ATROPELLO FUGA;1;0;NULL;PUNO;PUNO;ACORA;RURAL;CARRETERA;NACIONAL;PE-3S;-16.044993;NULL;NULL;NULL;NULL;NULL;NULL;NULL;NULL;NULL;IMPRUDENCIA DEL CONDUCTOR;OTRO (IMPRUDENCIA DEL CONDUCTOR);Carretera Longitudinal de la Sierra Sur;13/9/2024;-69.712416
A-2024-09-90;00:00.0;DESPISTE;1;1;1;CAJAMARCA;JAEN;COLASAY;RURAL;CARRETERA;PROVINCIAL;CA-672;-6.013822;DESPEJADO;RURAL;TRAMO RECTO;INCLINADA;AFIRMADO;NULL;NULL;NULL;NULL;IMPRUDENCIA DEL CONDUCTOR;CONDUCIR EN ESTADO DE EBRIEDAD Y/O DROGADICCIÓN;CA-672;13/9/2024;-79.04964
A-2024-09-103;40:00.0;ATROPELLO FUGA;1;0;NULL;LIMA;LIMA;BARRANCO;URBANA;VIA EXPRESA;URBANO;NO CORRESPONDE;-12.144651;DESPEJADO;COMERCIAL;TRAMO RECTO;PLANA ;ASFALTADA;NULL;NULL;NULL;NULL;EN PROCESO DE INVESTIGACIÓN;NO CUENTA CON CAUSA ESPECIFICA;Circuito de Playas;14/9/2024;-77.025397
A-2024-09-92;00:00.0;DESPISTE;1;0;1;CAJAMARCA;JAEN;JAEN;URBANA;CARRETERA;NACIONAL;PE-5N;-5.699007;DESPEJADO;COMERCIAL;TRAMO RECTO;PLANA ;ASFALTADA;NULL;NULL;NULL;NULL;IMPRUDENCIA DEL CONDUCTOR;EXCESO DE VELOCIDAD;Jaén;14/9/2024;-78.806465
A-2022-07-75;00:00.0;CHOQUE;1;0;2;CUSCO;ESPINAR;ESPINAR;RURAL;CARRETERA;NACIONAL;PE-3SW;-14.821055;DESPEJADO;RURAL;TRAMO RECTO;PLANA ;ASFALTADA;NULL;NULL;NULL;NULL;IMPRUDENCIA DEL CONDUCTOR;INVASIÓN DE CARRIL;CU-131;20/7/2022;-71.44522
A-2022-07-207;10:00.0;CHOQUE;1;0;NULL;ANCASH;CASMA;CASMA;RURAL;CARRETERA;NACIONAL;PE-1N;-9.498109;DESPEJADO;RURAL;TRAMO RECTO;PLANA ;ASFALTADA;NULL;NULL;NULL;NULL;EN PROCESO DE INVESTIGACIÓN;NO CUENTA CON CAUSA ESPECIFICA;Panamericana Norte;20/7/2022;-78.27814
A-2022-07-188;15:00.0;ATROPELLO;1;0;NULL;PIURA;PIURA;CATACAOS;RURAL;CARRETERA;NACIONAL;PE-1NK;-5.271768;DESPEJADO;RURAL;TRAMO RECTO;PLANA ;ASFALTADA;NULL;NULL;NULL;NULL;EN PROCESO DE INVESTIGACIÓN;NO CUENTA CON CAUSA ESPECIFICA;Carretera Piura - Sechura;20/7/2022;-80.673933
A-2022-07-157;30:00.0;CHOQUE;1;0;1;PUNO;HUANCANE;HUANCANE;RURAL;CARRETERA;NACIONAL;PE-34H;-15.143269;DESPEJADO;RURAL;TRAMO RECTO;PLANA ;ASFALTADA;NULL;NULL;NULL;NULL;IMPRUDENCIA DEL CONDUCTOR;EXCESO DE VELOCIDAD;PE-34H;20/7/2022;-69.819849
A-2022-07-71;30:00.0;CHOQUE;1;1;2;ICA;PISCO;SAN ANDRES;URBANA;CARRETERA;NACIONAL;PE-1S;-13.721737;DESPEJADO;RURAL;TRAMO RECTO;PLANA ;ASFALTADA;NULL;NULL;NULL;NULL;IMPRUDENCIA DEL CONDUCTOR;ADELANTAR INDEBIDAMENTE;Antigua Carretera Panamericana Sur;21/7/2022;-76.155629
A-2022-07-42;30:00.0;CHOQUE;1;0;2;PUNO;CHUCUITO;HUACULLANI;RURAL;CARRETERA;NACIONAL;PE-36A;-16.593188;DESPEJADO;RURAL;TRAMO RECTO;PLANA ;ASFALTADA;NULL;NULL;NULL;NULL;IMPRUDENCIA DEL CONDUCTOR;FATIGA Y/O CANSANCIO;Carretera Binacional;21/7/2022;-69.377548
A-2022-07-256;10:00.0;CHOQUE;2;1;2;AYACUCHO;HUAMANGA;CARMEN ALTO;RURAL;CARRETERA;NACIONAL;PE-3S;-13.209896;DESPEJADO;RURAL;CURVA;INCLINADA;ASFALTADA;NULL;NULL;NULL;NULL;IMPRUDENCIA DEL CONDUCTOR;EXCESO DE VELOCIDAD;Carretera Longitudinal de la Sierra Sur;21/7/2022;-74.225907
A-2022-07-158;30:00.0;CHOQUE;1;0;3;PUNO;SAN ROMAN;JULIACA;RURAL;CARRETERA;DEPARTAMENTAL;PU-124;-15.430488;DESPEJADO;RURAL;TRAMO RECTO;PLANA ;ASFALTADA;NULL;NULL;NULL;NULL;IMPRUDENCIA DEL CONDUCTOR;CONDUCIR EN ESTADO DE EBRIEDAD Y/O DROGADICCIÓN;Carretera Unocolla;22/7/2022;-70.300944
A-2022-07-208;00:00.0;ATROPELLO FUGA;1;0;NULL;ANCASH;SANTA;CHIMBOTE;URBANA;AVENIDA;URBANO;NO CORRESPONDE;-9.074448;DESPEJADO;COMERCIAL;TRAMO RECTO;PLANA ;ASFALTADA;NULL;NULL;NULL;NULL;EN PROCESO DE INVESTIGACIÓN;NO CUENTA CON CAUSA ESPECIFICA;Avenida Camino Real;22/7/2022;-78.577106
A-2022-07-101;20:00.0;ATROPELLO;1;0;1;LA LIBERTAD;TRUJILLO;VICTOR LARCO HERRERA;URBANA;CARRETERA;NACIONAL;PE-1N;-8.143138;DESPEJADO;RESIDENCIAL;TRAMO RECTO;PLANA ;ASFALTADA;NULL;NULL;NULL;NULL;NEGLIGENCIA DEL CONDUCTOR;OTRO (NEGLIGENCIA DEL CONDUCTOR);Avenida Manuel Seoane;22/7/2022;-79.049077
A-2022-07-168;00:00.0;DESPISTE;1;0;1;LIMA;LIMA;CARABAYLLO;URBANA;AVENIDA;URBANO;NO CORRESPONDE;-11.856793;DESPEJADO;RESIDENCIAL;TRAMO RECTO;PLANA ;ASFALTADA;NO;NULL;NULL;SI;EN PROCESO DE INVESTIGACIÓN;NO CUENTA CON CAUSA ESPECIFICA;Calle Los Condominios;23/7/2022;-77.043706
A-2022-07-247;25:00.0;DESPISTE;1;2;1;JUNIN;YAULI;LA OROYA;URBANA;CARRETERA;NACIONAL;PE-3S;-11.530043;DESPEJADO;COMERCIAL;TRAMO RECTO;PLANA ;ASFALTADA;NO;NULL;NULL;SI;IMPRUDENCIA DEL CONDUCTOR;EXCESO DE VELOCIDAD;Carretera Longitudinal de la Sierra Sur;23/7/2022;-75.895078
A-2022-07-96;00:00.0;DESPISTE;1;0;1;LAMBAYEQUE;CHICLAYO;PIMENTEL;RURAL;CARRETERA;SIN CLASIFICAR;SIN CLASIFICAR;-6.826392;DESPEJADO;RURAL;TRAMO RECTO;PLANA ;TROCHA;NULL;NULL;NULL;NULL;EN PROCESO DE INVESTIGACIÓN;NO CUENTA CON CAUSA ESPECIFICA;Pimentel;23/7/2022;-79.936177
A-2022-07-102;00:00.0;CHOQUE FUGA;1;1;2;LA LIBERTAD;VIRU;VIRU;RURAL;CARRETERA;NACIONAL;PE-1N;-8.405742;DESPEJADO;RURAL;TRAMO RECTO;PLANA ;ASFALTADA;NULL;NULL;NULL;NULL;IMPRUDENCIA DEL CONDUCTOR;OTRO (IMPRUDENCIA DEL CONDUCTOR);Carretera Panamericana Norte;23/7/2022;-78.826346
A-2022-07-271;00:00.0;ATROPELLO;1;0;NULL;MADRE DE DIOS;TAHUAMANU;IBERIA;URBANA;AVENIDA;URBANO;NO CORRESPONDE;-11.405563;NULL;NULL;NULL;NULL;NULL;NULL;NULL;NULL;NULL;EN PROCESO DE INVESTIGACIÓN;NO CUENTA CON CAUSA ESPECIFICA;Avenida Máximo Rodríguez;23/7/2022;-69.490785
A-2022-07-103;00:00.0;CHOQUE;1;1;2;LA LIBERTAD;VIRU;VIRU;RURAL;CARRETERA;NACIONAL;PE-1N;-8.41161;DESPEJADO;RURAL;TRAMO RECTO;PLANA ;ASFALTADA;NULL;NULL;NULL;NULL;EN PROCESO DE INVESTIGACIÓN;NO CUENTA CON CAUSA ESPECIFICA;Carretera Panamericana Norte;24/7/2022;-78.802798
A-2022-07-273;00:00.0;DESPISTE;1;0;NULL;LORETO;LORETO;NAUTA;URBANA;CARRETERA;DEPARTAMENTAL;LO-103;-4.499127;DESPEJADO;RURAL;TRAMO RECTO;PLANA ;ASFALTADA;NULL;NULL;NULL;NULL;IMPRUDENCIA DEL CONDUCTOR;CONDUCIR EN ESTADO DE EBRIEDAD Y/O DROGADICCIÓN;Carretera Iquitos - Nauta;24/7/2022;-73.590695
A-2022-07-122;40:00.0;CHOQUE;2;0;2;CAJAMARCA;JAEN;JAEN;RURAL;CARRETERA;NACIONAL;PE-5N;-5.67933;DESPEJADO;RURAL;TRAMO RECTO;PLANA ;ASFALTADA;NULL;NULL;NULL;NULL;EN PROCESO DE INVESTIGACIÓN;NO CUENTA CON CAUSA ESPECIFICA;PE-5N;24/7/2022;-78.781723
A-2022-07-250;40:00.0;ATROPELLO;1;0;NULL;JUNIN;CHANCHAMAYO;CHANCHAMAYO;RURAL;CARRETERA;NACIONAL;PE-22B;-11.059214;DESPEJADO;COMERCIAL;INTERSECCIÓN;PLANA ;ASFALTADA;NULL;NULL;NULL;NULL;IMPRUDENCIA DEL PEATÓN;CRUCE INDEBIDO POR LA CALZADA;Avenida Manuel A. Pinto;24/7/2022;-75.334619
A-2022-07-231;00:00.0;DESPISTE;1;0;1;LIMA;HUAURA;SANTA MARIA;RURAL;CARRETERA;NACIONAL;PE-1N;-11.07249;DESPEJADO;RURAL;TRAMO RECTO;PLANA ;ASFALTADA;NULL;NULL;NULL;NULL;EN PROCESO DE INVESTIGACIÓN;NO CUENTA CON CAUSA ESPECIFICA;Carretera Panamericana Norte;24/7/2022;-77.58434
A-2022-07-104;02:00.0;ATROPELLO FUGA;1;0;1;LA LIBERTAD;TRUJILLO;TRUJILLO;URBANA;AVENIDA;URBANO;NO CORRESPONDE;-8.101958;DESPEJADO;COMERCIAL;TRAMO RECTO;PLANA ;ASFALTADA;NULL;NULL;NULL;NULL;IMPRUDENCIA DEL CONDUCTOR;ADELANTAR INDEBIDAMENTE;Avenida César Vallejo;24/7/2022;-79.010376
A-2022-07-165;00:00.0;DESPISTE;1;0;1;LIMA;LIMA;SANTA ROSA;URBANA;AVENIDA;URBANO;NO CORRESPONDE;-11.820244;DESPEJADO;RESIDENCIAL;TRAMO RECTO;INCLINADA;ASFALTADA;NULL;NULL;NULL;NULL;EN PROCESO DE INVESTIGACIÓN;NO CUENTA CON CAUSA ESPECIFICA;Avenida Playa Hondeable;24/7/2022;-77.164711
A-2022-07-78;30:00.0;ATROPELLO;1;0;NULL;LAMBAYEQUE;LAMBAYEQUE;MOTUPE;URBANA;CARRETERA;PROVINCIAL;LA-554;-6.31295;DESPEJADO;RESIDENCIAL;OTRO;PLANA ;AFIRMADO;NULL;NULL;NULL;NULL;EN PROCESO DE INVESTIGACIÓN;NO CUENTA CON CAUSA ESPECIFICA;Motupe;24/7/2022;-79.76329
A-2022-07-53;45:00.0;CHOQUE;1;0;2;CUSCO;LA CONVENCION;SANTA ANA;RURAL;CARRETERA;NACIONAL;PE-28B;-12.89435;DESPEJADO;RURAL;CURVA;INCLINADA;ASFALTADA;SI;PREVENTIVA (P);NULL;SI;IMPRUDENCIA DEL CONDUCTOR;INVASIÓN DE CARRIL;PE-28B;24/7/2022;-72.685834
A-2022-07-164;00:00.0;ATROPELLO;1;0;0;LIMA;LIMA;VILLA EL SALVADOR;URBANA;AVENIDA;URBANO;NO CORRESPONDE;-12.213319;DESPEJADO;COMERCIAL;INTERSECCIÓN;PLANA ;ASFALTADA;NULL;NULL;NULL;NULL;EN PROCESO DE INVESTIGACIÓN;NO CUENTA CON CAUSA ESPECIFICA;Avenida Revolución;24/7/2022;-76.936672
A-2022-07-245;30:00.0;CHOQUE;1;0;2;PIURA;PIURA;PIURA;RURAL;CARRETERA;SIN CLASIFICAR;SIN CLASIFICAR;-5.15771;DESPEJADO;RURAL;TRAMO RECTO;PLANA ;ASFALTADA;NULL;NULL;NULL;NULL;IMPRUDENCIA DEL CONDUCTOR;EXCESO DE VELOCIDAD;Carretera a los Ejidos;24/7/2022;-80.62398
A-2022-07-244;35:00.0;ATROPELLO FUGA;1;0;1;LIMA;HUAURA;HUAURA;RURAL;CARRETERA;NACIONAL;PE-1N;-11.06574;DESPEJADO;RURAL;TRAMO RECTO;PLANA ;ASFALTADA;NULL;NULL;NULL;NULL;IMPRUDENCIA DEL PEATÓN;ESTADO DE EBRIEDAD Y/O DROGADICCIÓN;Carretera Panamericana Norte;24/7/2022;-77.58729
A-2022-07-72;00:00.0;ATROPELLO;1;0;0;ICA;ICA;ICA;URBANA;AVENIDA;URBANO;NO CORRESPONDE;-14.064777;DESPEJADO;ESCOLAR;TRAMO RECTO;PLANA ;ASFALTADA;NULL;NULL;NULL;NULL;IMPRUDENCIA DEL PEATÓN;OTRO (IMPRUDENCIA DEL PEATÓN);Avenida José Matías Manzanilla;25/7/2022;-75.733347
A-2022-07-56;00:00.0;CHOQUE;1;1;2;TUMBES;ZARUMILLA;ZARUMILLA;RURAL;CARRETERA;NACIONAL;PE-1NO;-3.504291;DESPEJADO;RURAL;TRAMO RECTO;PLANA ;ASFALTADA;NULL;NULL;NULL;NULL;IMPRUDENCIA DEL CONDUCTOR;CONDUCIR EN SENTIDO CONTRARIO;Carretera Panamericana Norte;25/7/2022;-80.285012
A-2022-07-195;45:00.0;CHOQUE;1;0;NULL;PIURA;MORROPON;LA MATANZA;RURAL;CARRETERA;NACIONAL;PE-1NJ;-5.199792;DESPEJADO;RURAL;TRAMO RECTO;PLANA ;ASFALTADA;NULL;NULL;NULL;NULL;EN PROCESO DE INVESTIGACIÓN;NO CUENTA CON CAUSA ESPECIFICA;Carretera Interoceánica Norte;25/7/2022;-80.125745
A-2022-07-88;10:00.0;CHOQUE;1;1;2;CUSCO;ESPINAR;COPORAQUE;RURAL;CARRETERA;NACIONAL;PE-3SW;-14.798321;DESPEJADO;RURAL;TRAMO RECTO;INCLINADA;ASFALTADA;NULL;NULL;NULL;NULL;EN PROCESO DE INVESTIGACIÓN;NO CUENTA CON CAUSA ESPECIFICA;PE-3SW;25/7/2022;-71.523037
A-2022-07-260;00:00.0;CHOQUE;1;0;2;PIURA;TALARA;PARIÑAS;URBANA;AVENIDA;URBANO;NO CORRESPONDE;-4.577033;DESPEJADO;RURAL;TRAMO RECTO;PLANA ;ASFALTADA;NULL;NULL;NULL;NULL;IMPRUDENCIA DEL CONDUCTOR;OTRO (IMPRUDENCIA DEL CONDUCTOR);Talara Alta;25/7/2022;-81.264453
A-2022-07-196;25:00.0;DESPISTE;1;0;NULL;PIURA;PIURA;VEINTISEIS DE OCTUBRE;URBANA;AVENIDA;URBANO;NO CORRESPONDE;-5.180676;DESPEJADO;ESCOLAR;TRAMO RECTO;PLANA ;ASFALTADA;SI;REGULADORA (R);NULL;NO;EN PROCESO DE INVESTIGACIÓN;NO CUENTA CON CAUSA ESPECIFICA;Ciclovía Raúl Mata de la Cruz;25/7/2022;-80.663611
A-2022-07-58;45:00.0;ATROPELLO;1;0;1;CUSCO;ANTA;CACHIMAYO;RURAL;CARRETERA;NACIONAL;PE-28F;-13.486858;DESPEJADO;RURAL;TRAMO RECTO;INCLINADA;ASFALTADA;SI;REGULADORA (R);NULL;SI;IMPRUDENCIA DEL PEATÓN;ESTADO DE EBRIEDAD Y/O DROGADICCIÓN;PE-28F;25/7/2022;-72.05602
A-2022-07-89;50:00.0;ATROPELLO FUGA;1;0;NULL;CUSCO;CANCHIS;MARANGANI;RURAL;CARRETERA;NACIONAL;PE-3S;-14.402531;DESPEJADO;RURAL;TRAMO RECTO;PLANA ;ASFALTADA;NULL;NULL;NULL;NULL;EN PROCESO DE INVESTIGACIÓN;NO CUENTA CON CAUSA ESPECIFICA;Carretera Longitudinal de la Sierra Sur;25/7/2022;-71.133024
A-2022-07-79;00:00.0;CHOQUE FUGA;1;0;2;TUMBES;ZARUMILLA;ZARUMILLA;RURAL;CARRETERA;NACIONAL;PE-1N;-3.514079;DESPEJADO;RURAL;TRAMO RECTO;PLANA ;ASFALTADA;NULL;NULL;NULL;NULL;IMPRUDENCIA DEL CONDUCTOR;INVASIÓN DE CARRIL;Carretera Panamericana Norte;25/7/2022;-80.257585
A-2022-07-237;30:00.0;CHOQUE;1;3;NULL;AYACUCHO;HUANTA;LURICOCHA;RURAL;CARRETERA;NACIONAL;PE-3S;-12.906204;DESPEJADO;RURAL;SINUOSA;INCLINADA;ASFALTADA;SI;PREVENTIVA (P);NULL;SI;IMPRUDENCIA DEL CONDUCTOR;EXCESO DE VELOCIDAD;Carretera Longitudinal de la Sierra Sur;26/7/2022;-74.312501
A-2022-07-262;00:00.0;DESPISTE;1;0;1;PIURA;SULLANA;LANCONES;RURAL;CARRETERA;NACIONAL;PE-1NN;-4.512467;DESPEJADO;RURAL;TRAMO RECTO;PLANA ;ASFALTADA;NULL;NULL;NULL;NULL;EN PROCESO DE INVESTIGACIÓN;NO CUENTA CON CAUSA ESPECIFICA;Carretera Sullana - El Alamor;26/7/2022;-80.448809
A-2022-07-161;05:00.0;CHOQUE;1;0;2;LIMA;LIMA;SAN MARTIN DE PORRES;URBANA;AVENIDA;URBANO;NO CORRESPONDE;-11.963909;DESPEJADO;RESIDENCIAL;TRAMO RECTO;PLANA ;ASFALTADA;NULL;NULL;NULL;NULL;EN PROCESO DE INVESTIGACIÓN;NO CUENTA CON CAUSA ESPECIFICA;Avenida Tantamayo;26/7/2022;-77.092627
A-2022-07-60;20:00.0;ATROPELLO;1;0;0;CUSCO;CUSCO;CUSCO;URBANA;AVENIDA;URBANO;NO CORRESPONDE;-13.510613;DESPEJADO;COMERCIAL;TRAMO RECTO;INCLINADA;ASFALTADA;SI;INFORMATIVA (I);PREVENTIVA (P);SI;IMPRUDENCIA DEL PEATÓN;ESTADO DE EBRIEDAD Y/O DROGADICCIÓN;Cuzco;26/7/2022;-71.994318
A-2022-07-105;00:00.0;DESPISTE;1;0;1;LA LIBERTAD;TRUJILLO;MOCHE;URBANA;CARRETERA;NACIONAL;PE-1N;-8.150144;DESPEJADO;COMERCIAL;TRAMO RECTO;PLANA ;ASFALTADA;NULL;NULL;NULL;NULL;EN PROCESO DE INVESTIGACIÓN;NO CUENTA CON CAUSA ESPECIFICA;Panamericana Norte;26/7/2022;-79.011424
A-2022-07-263;20:00.0;CHOQUE FUGA;1;0;2;PIURA;PIURA;LAS LOMAS;RURAL;CARRETERA;NACIONAL;PE-1NL;-4.670242;DESPEJADO;RURAL;TRAMO RECTO;PLANA ;ASFALTADA;NULL;NULL;NULL;NULL;EN PROCESO DE INVESTIGACIÓN;NO CUENTA CON CAUSA ESPECIFICA;Carretera Panamericana;26/7/2022;-80.246345
A-2022-07-83;20:00.0;ATROPELLO FUGA;1;0;1;AREQUIPA;AREQUIPA;YURA;URBANA;CARRETERA;NACIONAL;PE-34A;-16.29761;DESPEJADO;COMERCIAL;TRAMO RECTO;PLANA ;ASFALTADA;NO;NULL;NULL;SI;EN PROCESO DE INVESTIGACIÓN;NO CUENTA CON CAUSA ESPECIFICA;Vía Interoceánica Sur - Tramo 5;26/7/2022;-71.62601
A-2022-07-106;40:00.0;CHOQUE;1;0;2;LA LIBERTAD;TRUJILLO;LA ESPERANZA;URBANA;AVENIDA;URBANO;NO CORRESPONDE;-8.062323;DESPEJADO;COMERCIAL;INTERSECCIÓN;PLANA ;ASFALTADA;NULL;NULL;NULL;NULL;IMPRUDENCIA DEL CONDUCTOR;DESACATO DE SEÑAL DE TRÁNSITO;Avenida José Gabriel Condorcanqui;26/7/2022;-79.052442