CÓDIGO SINIESTRO;HORA SINIESTRO;CLASE SINIESTRO;CANTIDAD DE FALLECIDOS;CANTIDAD DE LESIONADOS;CANTIDAD DE VEHICULOS DAÑADOS;DEPARTAMENTO;PROVINCIA;DISTRITO;ZONA;TIPO DE VÍA;RED VIAL;COD CARRETERA;COORDENADAS LATITUD;CONDICIÓN CLIMÁTICA;ZONIFICACIÓN;CARACTERÍSTICAS DE VÍA;PERFIL LONGITUDINAL VÍA;SUPERFICIE DE CALZADA;¿EXISTE SEÑAL VERTICAL?;CLASIFICACIÓN DE LA SEÑAL VERTICAL Nº 1;CLASIFICACIÓN DE LA SEÑAL VERTICAL Nº 2;¿EXISTE SEÑAL HORIZONTAL?;CAUSA FACTOR PRINCIPAL;CAUSA ESPECÍFICA;UBICACION;FECHA SINIESTRO;COORDENADAS LONGITUD
A-2022-07-57;00:00.0;ATROPELLO FUGA;1;0;NULL;PUNO;PUNO;PICHACANI;RURAL;CARRETERA;NACIONAL;PE-36B;-16.141077;DESPEJADO;RURAL;TRAMO RECTO;PLANA ;ASFALTADA;NULL;NULL;NULL;NULL;IMPRUDENCIA DEL PEATÓN;OTRO (IMPRUDENCIA DEL PEATÓN);PE-36B;26/7/2022;-70.052288
A-2022-07-73;00:00.0;ATROPELLO;1;0;1;ICA;ICA;SALAS;RURAL;CARRETERA;NACIONAL;PE-1S;-13.928337;DESPEJADO;ESCOLAR;TRAMO RECTO;PLANA ;ASFALTADA;NULL;NULL;NULL;NULL;IMPRUDENCIA DEL PEATÓN;OTRO (IMPRUDENCIA DEL PEATÓN);Carretera Panamericana Sur;27/7/2022;-75.974092
A-2022-07-275;50:00.0;CHOQUE;1;0;NULL;LIMA;LIMA;LURIN;URBANA;CARRETERA;NACIONAL;PE-1S;-12.283256;DESPEJADO;INDUSTRIAL;TRAMO RECTO;PLANA ;ASFALTADA;NULL;NULL;NULL;NULL;IMPRUDENCIA DEL CONDUCTOR;OTRO (IMPRUDENCIA DEL CONDUCTOR);Carretera Panamericana Sur;27/7/2022;-76.878624
A-2022-07-107;00:00.0;DESPISTE;1;1;1;LA LIBERTAD;PACASMAYO;SAN PEDRO DE LLOC;RURAL;CARRETERA;NACIONAL;PE-1N;-7.45568;DESPEJADO;RURAL;TRAMO RECTO;PLANA ;ASFALTADA;NULL;NULL;NULL;NULL;IMPRUDENCIA DEL CONDUCTOR;EXCESO DE VELOCIDAD;Panamericana Norte;27/7/2022;-79.4791
A-2022-07-241;30:00.0;CHOQUE;1;0;2;PASCO;PASCO;YANACANCHA;RURAL;CARRETERA;NACIONAL;PE-3N;-10.693986;DESPEJADO;RURAL;TRAMO RECTO;INCLINADA;ASFALTADA;NULL;NULL;NULL;NULL;IMPRUDENCIA DEL CONDUCTOR;EXCESO DE VELOCIDAD;Carretera Longitudinal de la Sierra Norte;27/7/2022;-76.229931
A-2022-07-59;00:00.0;ATROPELLO FUGA;1;0;NULL;PUNO;PUNO;HUATA;RURAL;CARRETERA;DEPARTAMENTAL;PU-118;-15.643571;DESPEJADO;RURAL;TRAMO RECTO;PLANA ;ASFALTADA;NULL;NULL;NULL;NULL;EN PROCESO DE INVESTIGACIÓN;NO CUENTA CON CAUSA ESPECIFICA;Huata;27/7/2022;-70.015719
A-2022-07-269;00:00.0;ATROPELLO;1;0;NULL;LORETO;MAYNAS;SAN JUAN BAUTISTA;URBANA;CARRETERA;DEPARTAMENTAL;LO-103;-4.167457;DESPEJADO;INDUSTRIAL;TRAMO RECTO;PLANA ;ASFALTADA;NULL;NULL;NULL;NULL;IMPRUDENCIA DEL PEATÓN;ESTADO DE EBRIEDAD Y/O DROGADICCIÓN;Carretera Iquitos - Nauta;27/7/2022;-73.4741
A-2022-07-124;20:00.0;ATROPELLO FUGA;1;0;NULL;HUANUCO;LEONCIO PRADO;JOSE CRESPO Y CASTILLO;RURAL;CARRETERA;NACIONAL;PE-5N;-8.856348;DESPEJADO;RURAL;TRAMO RECTO;PLANA ;ASFALTADA;NULL;NULL;NULL;NULL;EN PROCESO DE INVESTIGACIÓN;NO CUENTA CON CAUSA ESPECIFICA;Carretera Presidente Fernando Belaúnde Terry;27/7/2022;-76.107646
A-2022-07-191;00:00.0;DESPISTE;1;0;1;PUNO;SAN ROMAN;CARACOTO;RURAL;CARRETERA;PROVINCIAL;PU-949;-15.58753;DESPEJADO;RURAL;TRAMO RECTO;PLANA ;ASFALTADA;NULL;NULL;NULL;NULL;IMPRUDENCIA DEL CONDUCTOR;CONDUCIR EN ESTADO DE EBRIEDAD Y/O DROGADICCIÓN;PU-949;27/7/2022;-70.062786
A-2022-07-162;30:00.0;ATROPELLO;1;1;1;LIMA;LIMA;SAN MIGUEL;URBANA;OTRO;URBANO;NO CORRESPONDE;-12.089397;DESPEJADO;RESIDENCIAL;OTRO;INCLINADA;ASFALTADA;NULL;NULL;NULL;NULL;EN PROCESO DE INVESTIGACIÓN;NO CUENTA CON CAUSA ESPECIFICA;Ciclovía Avenida La Costanera;27/7/2022;-77.089552
A-2022-07-209;45:00.0;DESPISTE;4;2;NULL;ANCASH;PALLASCA;TAUCA;RURAL;CARRETERA;NACIONAL;PE-3N;-8.43632;DESPEJADO;RURAL;OTRO;INCLINADA;TROCHA;NULL;NULL;NULL;NULL;EN PROCESO DE INVESTIGACIÓN;NO CUENTA CON CAUSA ESPECIFICA;Carretera Longitudinal de la Sierra Norte;28/7/2022;-78.094813
A-2022-07-265;15:00.0;DESPISTE;1;1;1;LIMA;HUAURA;HUACHO;RURAL;CARRETERA;NACIONAL;PE-1N;-11.39592;DESPEJADO;RURAL;TRAMO RECTO;INCLINADA;ASFALTADA;SI;REGULADORA (R);NULL;NO;IMPRUDENCIA DEL CONDUCTOR;EXCESO DE VELOCIDAD;Carretera Panamericana Norte;28/7/2022;-77.39865
A-2022-07-82;00:00.0;DESPISTE;3;1;1;ANCASH;CARLOS FERMIN FITZCARRALD;SAN NICOLAS;RURAL;CARRETERA;PROVINCIAL;AN-625;-8.944728;SOLEADO;RURAL;SINUOSA;INCLINADA;AFIRMADO;NULL;NULL;NULL;NULL;IMPRUDENCIA DEL CONDUCTOR;FATIGA Y/O CANSANCIO;AN 580;28/7/2022;-77.250993
A-2022-07-236;30:00.0;DESPISTE;1;3;NULL;AYACUCHO;CANGALLO;PARAS;RURAL;CARRETERA;NACIONAL;PE-28A;-13.358444;DESPEJADO;RURAL;SINUOSA;PLANA ;ASFALTADA;SI;PREVENTIVA (P);NULL;NO;IMPRUDENCIA DEL CONDUCTOR;EXCESO DE VELOCIDAD;Vía de los Libertadores;28/7/2022;-74.82262
A-2022-07-251;50:00.0;DESPISTE;3;0;NULL;JUNIN;CHANCHAMAYO;SAN RAMON;RURAL;CARRETERA;NACIONAL;PE-22B;-11.177772;DESPEJADO;RURAL;CURVA;INCLINADA;ASFALTADA;NULL;NULL;NULL;NULL;IMPRUDENCIA DEL CONDUCTOR;FATIGA Y/O CANSANCIO;Carretera Central;28/7/2022;-75.452114
A-2022-07-95;00:00.0;CHOQUE;2;1;2;LAMBAYEQUE;LAMBAYEQUE;OLMOS;RURAL;CARRETERA;PROVINCIAL;LA-517;-6.029386;DESPEJADO;RURAL;TRAMO RECTO;PLANA ;TROCHA;NULL;NULL;NULL;NULL;EN PROCESO DE INVESTIGACIÓN;NO CUENTA CON CAUSA ESPECIFICA;Carretera Olmos - Las Norias - Maravilla;28/7/2022;-79.806546
A-2022-07-163;20:00.0;ATROPELLO FUGA;1;0;NULL;LIMA;LIMA;RIMAC;URBANA;CARRETERA;NACIONAL;PE-1N;-12.041213;DESPEJADO;RESIDENCIAL;TRAMO RECTO;PLANA ;ASFALTADA;SI;INFORMATIVA (I);NULL;SI;EN PROCESO DE INVESTIGACIÓN;NO CUENTA CON CAUSA ESPECIFICA;Vía Expresa Línea Amarilla;28/7/2022;-77.032895
A-2022-07-108;30:00.0;ATROPELLO;1;0;1;LA LIBERTAD;VIRU;VIRU;RURAL;CARRETERA;NACIONAL;PE-1N;-8.362982;DESPEJADO;RURAL;TRAMO RECTO;PLANA ;ASFALTADA;NULL;NULL;NULL;NULL;IMPRUDENCIA DEL PEATÓN;CRUCE INDEBIDO POR LA CALZADA;Panamericana Norte;28/7/2022;-78.871678
A-2022-07-109;30:00.0;CHOQUE;1;0;1;LA LIBERTAD;TRUJILLO;LAREDO;RURAL;CARRETERA;NACIONAL;PE-10A;-8.032543;DESPEJADO;RURAL;TRAMO RECTO;PLANA ;ASFALTADA;NULL;NULL;NULL;NULL;IMPRUDENCIA DEL CONDUCTOR;CONDUCIR EN ESTADO DE EBRIEDAD Y/O DROGADICCIÓN;Carretera Industrial;29/7/2022;-78.841541
A-2022-07-90;00:00.0;DESPISTE;1;1;1;CUSCO;CANAS;CHECCA;RURAL;CARRETERA;DEPARTAMENTAL;CU-130;-14.441994;DESPEJADO;RURAL;CURVA;PLANA ;TROCHA;NULL;NULL;NULL;NULL;IMPRUDENCIA DEL CONDUCTOR;CONDUCIR EN ESTADO DE EBRIEDAD Y/O DROGADICCIÓN;CU-130;29/7/2022;-71.42504
A-2022-07-249;00:00.0;ATROPELLO;1;0;NULL;JUNIN;HUANCAYO;HUACRAPUQUIO;RURAL;CARRETERA;NACIONAL;PE-3S;-12.188844;DESPEJADO;RURAL;TRAMO RECTO;INCLINADA;ASFALTADA;NO;NULL;NULL;SI;IMPRUDENCIA DEL PEATÓN;OTRO (IMPRUDENCIA DEL PEATÓN);Carretera Longitudinal de la Sierra Sur;29/7/2022;-75.191767
A-2022-07-160;40:00.0;ATROPELLO FUGA;1;0;0;LIMA;LIMA;CARABAYLLO;URBANA;CARRETERA;PROVINCIAL;LM-691;-11.86221;DESPEJADO;ESCOLAR;TRAMO RECTO;PLANA ;ASFALTADA;NULL;NULL;NULL;NULL;EN PROCESO DE INVESTIGACIÓN;NO CUENTA CON CAUSA ESPECIFICA;Avenida José Saco Rojas;29/7/2022;-77.055719
A-2022-07-110;50:00.0;ATROPELLO;1;0;1;LA LIBERTAD;PACASMAYO;GUADALUPE;RURAL;CARRETERA;NACIONAL;PE-08;-7.30528;DESPEJADO;RURAL;TRAMO RECTO;PLANA ;ASFALTADA;NULL;NULL;NULL;NULL;EN PROCESO DE INVESTIGACIÓN;NO CUENTA CON CAUSA ESPECIFICA;Carretera Ciudad de Dios - Cajamarca;29/7/2022;-79.479145
A-2022-07-68;20:00.0;CHOQUE;1;4;2;PUNO;PUNO;PLATERIA;RURAL;CARRETERA;NACIONAL;PE-3S;-15.954076;DESPEJADO;RURAL;TRAMO RECTO;PLANA ;ASFALTADA;NULL;NULL;NULL;NULL;IMPRUDENCIA DEL CONDUCTOR;USO DE DISPOSITIVOS MÓVILES;Carretera Longitudinal de la Sierra Sur;29/7/2022;-69.825822
A-2022-07-232;00:00.0;ATROPELLO;1;0;1;LIMA;HUAURA;SAYAN;RURAL;CARRETERA;NACIONAL;PE-18;-11.064363;DESPEJADO;RURAL;OTRO;INCLINADA;ASFALTADA;SI;REGULADORA (R);PREVENTIVA (P);NO;IMPRUDENCIA DEL PEATÓN;CRUCE INDEBIDO POR LA CALZADA;Carretera Huaura - Ambo;29/7/2022;-77.140557
A-2022-07-199;00:00.0;CHOQUE;1;1;2;PIURA;PIURA;VEINTISEIS DE OCTUBRE;RURAL;CARRETERA;NACIONAL;PE-1N;-5.184714;DESPEJADO;RURAL;TRAMO RECTO;PLANA ;ASFALTADA;NULL;NULL;NULL;NULL;EN PROCESO DE INVESTIGACIÓN;NO CUENTA CON CAUSA ESPECIFICA;26 de Octubre;29/7/2022;-80.692297
A-2022-07-222;30:00.0;CHOQUE;1;0;2;CAJAMARCA;JAEN;JAEN;URBANA;CARRETERA;NACIONAL;PE-5N;-5.83172;DESPEJADO;RESIDENCIAL;TRAMO RECTO;PLANA ;ASFALTADA;NULL;NULL;NULL;NULL;EN PROCESO DE INVESTIGACIÓN;NO CUENTA CON CAUSA ESPECIFICA;Carretera Presidente Fernando Belaúnde Terry;29/7/2022;-78.7479
A-2022-07-115;21:00.0;CHOQUE;1;0;2;LA LIBERTAD;ASCOPE;CASA GRANDE;RURAL;CARRETERA;PROVINCIAL;LI-619;-7.722465;DESPEJADO;RURAL;TRAMO RECTO;PLANA ;ASFALTADA;NULL;NULL;NULL;NULL;IMPRUDENCIA DEL CONDUCTOR;CONDUCIR EN ESTADO DE EBRIEDAD Y/O DROGADICCIÓN;LI-619;29/7/2022;-79.215931
A-2022-07-193;35:00.0;ATROPELLO;1;0;1;PUNO;AZANGARO;SANTIAGO DE PUPUJA;RURAL;CARRETERA;NACIONAL;PE-34B;-15.016569;DESPEJADO;RURAL;TRAMO RECTO;PLANA ;ASFALTADA;NULL;NULL;NULL;NULL;IMPRUDENCIA DEL PEATÓN;CRUCE INDEBIDO POR LA CALZADA;Carretera Interoceánica Puno - Madre de Dios;29/7/2022;-70.179992
A-2022-07-223;20:00.0;DESPISTE;1;0;NULL;CAJAMARCA;CHOTA;CHIGUIRIP;RURAL;CARRETERA;DEPARTAMENTAL;CA-105;-6.428446;DESPEJADO;RURAL;CURVA;INCLINADA;ASFALTADA;NULL;NULL;NULL;NULL;EN PROCESO DE INVESTIGACIÓN;NO CUENTA CON CAUSA ESPECIFICA;CA-105;29/7/2022;-78.690227
A-2022-07-255;30:00.0;CHOQUE FUGA;2;0;NULL;AMAZONAS;CHACHAPOYAS;CHACHAPOYAS;RURAL;CARRETERA;DEPARTAMENTAL;AM-109;-6.21851;DESPEJADO;RURAL;CURVA;PLANA ;ASFALTADA;NULL;NULL;NULL;NULL;EN PROCESO DE INVESTIGACIÓN;NO CUENTA CON CAUSA ESPECIFICA;Carretera Aeropuerto;29/7/2022;-77.87844
A-2022-07-221;30:00.0;CHOQUE;1;0;NULL;CAJAMARCA;CAJAMARCA;CAJAMARCA;RURAL;CARRETERA;NACIONAL;PE-08B;-7.165169;NULL;NULL;NULL;NULL;NULL;NULL;NULL;NULL;NULL;EN PROCESO DE INVESTIGACIÓN;NO CUENTA CON CAUSA ESPECIFICA;PE-08B;30/7/2022;-78.483394
A-2022-07-91;30:00.0;CHOQUE;1;0;2;CUSCO;ANTA;LIMATAMBO;URBANA;CARRETERA;NACIONAL;PE-3S;-13.526324;DESPEJADO;COMERCIAL;TRAMO RECTO;PLANA ;ASFALTADA;SI;REGULADORA (R);NULL;SI;EN PROCESO DE INVESTIGACIÓN;NO CUENTA CON CAUSA ESPECIFICA;Carretera Longitudinal de la Sierra Sur;30/7/2022;-72.50997
A-2022-07-267;40:00.0;DESPISTE;16;0;NULL;JUNIN;SATIPO;PANGOA;RURAL;CARRETERA;NACIONAL;PE-5S;-11.334123;DESPEJADO;RURAL;TRAMO RECTO;INCLINADA;ASFALTADA;NULL;NULL;NULL;NULL;IMPRUDENCIA DEL CONDUCTOR;EXCESO DE PASAJEROS O CARGA;Carretera Longitudinal de la Selva Sur;30/7/2022;-74.520248
A-2022-07-212;00:00.0;ATROPELLO;1;0;1;TACNA;TACNA;ALTO DE LA ALIANZA;URBANA;CARRETERA;NACIONAL;PE-38;-17.99371;DESPEJADO;COMERCIAL;TRAMO RECTO;PLANA ;ASFALTADA;SI;PREVENTIVA (P);REGULADORA (R);SI;IMPRUDENCIA DEL CONDUCTOR;CONDUCIR EN ESTADO DE EBRIEDAD Y/O DROGADICCIÓN;Avenida Tarata;30/7/2022;-70.252171
A-2022-07-192;30:00.0;CHOQUE;1;0;1;PUNO;HUANCANE;HUANCANE;RURAL;CARRETERA;DEPARTAMENTAL;PU-116;-15.180365;DESPEJADO;RURAL;TRAMO RECTO;PLANA ;ASFALTADA;NO;NULL;NULL;SI;IMPRUDENCIA DEL CONDUCTOR;OTRO (IMPRUDENCIA DEL CONDUCTOR);PU-116;30/7/2022;-69.788836
A-2022-07-242;00:00.0;CHOQUE;1;0;NULL;LORETO;MAYNAS;SAN JUAN BAUTISTA;RURAL;CARRETERA;DEPARTAMENTAL;LO-103;-3.862525;DESPEJADO;RURAL;TRAMO RECTO;PLANA ;ASFALTADA;NULL;NULL;NULL;NULL;IMPRUDENCIA DEL CONDUCTOR;INVASIÓN DE CARRIL;Carretera Iquitos - Nauta;30/7/2022;-73.337078
A-2022-07-84;30:00.0;CHOQUE;1;0;2;AREQUIPA;AREQUIPA;MOLLEBAYA;URBANA;CARRETERA;PROVINCIAL;AR-782;-16.490973;DESPEJADO;RESIDENCIAL;TRAMO RECTO;PLANA ;ASFALTADA;SI;PREVENTIVA (P);REGULADORA (R);SI;EN PROCESO DE INVESTIGACIÓN;NO CUENTA CON CAUSA ESPECIFICA;Avenida General Sánchez Cerro;30/7/2022;-71.50154
A-2022-07-268;30:00.0;ATROPELLO;1;0;NULL;JUNIN;CHANCHAMAYO;SAN RAMON;RURAL;CALLE;URBANO;NO CORRESPONDE;-11.134586;DESPEJADO;RURAL;TRAMO RECTO;PLANA ;TROCHA;NULL;NULL;NULL;NULL;IMPRUDENCIA DEL CONDUCTOR;NO ESTABLECER EL DERECHO DE PASO;Playa Hermosa;30/7/2022;-75.352864
A-2022-07-211;00:00.0;ATROPELLO FUGA;1;0;0;TACNA;TACNA;CALANA;RURAL;CARRETERA;PROVINCIAL;TA-619;-17.960544;DESPEJADO;RURAL;OTRO;INCLINADA;AFIRMADO;NULL;NULL;NULL;NULL;EN PROCESO DE INVESTIGACIÓN;NO CUENTA CON CAUSA ESPECIFICA;Mariano Necochea;30/7/2022;-70.22011
A-2022-07-190;30:00.0;VOLCADURA;1;0;1;PUNO;AZANGARO;AZANGARO;URBANA;CARRETERA;DEPARTAMENTAL;PU-111;-14.914581;DESPEJADO;ESCOLAR;TRAMO RECTO;PLANA ;ASFALTADA;NULL;NULL;NULL;NULL;IMPRUDENCIA DEL CONDUCTOR;EXCESO DE VELOCIDAD;Jirón 9 de Octubre;31/7/2022;-70.19187
A-2022-07-85;30:00.0;ATROPELLO FUGA;1;0;1;AREQUIPA;AREQUIPA;LA JOYA;URBANA;CARRETERA;DEPARTAMENTAL;AR-114;-16.42887;DESPEJADO;RESIDENCIAL;CURVA;PLANA ;ASFALTADA;NO;NULL;NULL;SI;EN PROCESO DE INVESTIGACIÓN;NO CUENTA CON CAUSA ESPECIFICA;Carretera La Joya;31/7/2022;-71.825537
A-2022-07-111;15:00.0;DESPISTE;1;0;1;LA LIBERTAD;GRAN CHIMU;CASCAS;RURAL;CARRETERA;SIN CLASIFICAR;SIN CLASIFICAR;-7.504396;DESPEJADO;RURAL;CURVA;PLANA ;TROCHA;NULL;NULL;NULL;NULL;EN PROCESO DE INVESTIGACIÓN;NO CUENTA CON CAUSA ESPECIFICA;Carretera Chicama - Cascas;31/7/2022;-78.820375
A-2022-07-229;30:00.0;CHOQUE;2;1;NULL;CAJAMARCA;CAJAMARCA;LOS BAÑOS DEL INCA;URBANA;CARRETERA;NACIONAL;PE-08B;-7.150736;NULL;NULL;NULL;NULL;NULL;NULL;NULL;NULL;NULL;EN PROCESO DE INVESTIGACIÓN;NO CUENTA CON CAUSA ESPECIFICA;Avenida Puylucana;31/7/2022;-78.455716
A-2022-07-123;44:00.0;DESPISTE;1;0;1;LAMBAYEQUE;CHICLAYO;CHICLAYO;RURAL;CARRETERA;PROVINCIAL;LA-816;-6.773706;DESPEJADO;RURAL;TRAMO RECTO;PLANA ;ASFALTADA;NULL;NULL;NULL;NULL;EN PROCESO DE INVESTIGACIÓN;NO CUENTA CON CAUSA ESPECIFICA;Avenida San Francisco de Asís;31/7/2022;-79.816592
A-2022-07-230;52:00.0;CHOQUE;1;4;2;CAJAMARCA;JAEN;JAEN;RURAL;CARRETERA;NACIONAL;PE-5N;-5.786813;DESPEJADO;RURAL;TRAMO RECTO;PLANA ;ASFALTADA;NULL;NULL;NULL;NULL;EN PROCESO DE INVESTIGACIÓN;NO CUENTA CON CAUSA ESPECIFICA;Mesones Muro;31/7/2022;-78.783611
A-2022-07-276;50:00.0;CHOQUE;2;6;NULL;LIMA;LIMA;LURIN;URBANA;CARRETERA;NACIONAL;PE-1S;-12.250281;DESPEJADO;COMERCIAL;TRAMO RECTO;PLANA ;ASFALTADA;NULL;NULL;NULL;NULL;EN PROCESO DE INVESTIGACIÓN;NO CUENTA CON CAUSA ESPECIFICA;Carretera Panamericana Sur;31/7/2022;-76.930691
A-2022-08-261;15:00.0;CHOQUE;2;7;NULL;MADRE DE DIOS;TAMBOPATA;TAMBOPATA;RURAL;CARRETERA;NACIONAL;PE-30C;-12.659232;NULL;NULL;NULL;NULL;NULL;NULL;NULL;NULL;NULL;EN PROCESO DE INVESTIGACIÓN;NO CUENTA CON CAUSA ESPECIFICA;Interoceánica Sur;1/8/2022;-69.319099
A-2022-08-252;30:00.0;DESPISTE;1;3;NULL;JUNIN;TARMA;PALCA;RURAL;CARRETERA;PROVINCIAL;JU-604;-11.30555;LLUVIOSO;RURAL;OTRO;INCLINADA;TROCHA;NULL;NULL;NULL;NULL;IMPRUDENCIA DEL CONDUCTOR;OTRO (IMPRUDENCIA DEL CONDUCTOR);Patay;1/8/2022;-75.570145
A-2022-08-6;00:00.0;CHOQUE;1;0;1;LA LIBERTAD;VIRU;VIRU;RURAL;CARRETERA;NACIONAL;PE-1N;-8.471488;DESPEJADO;RURAL;TRAMO RECTO;PLANA ;ASFALTADA;NULL;NULL;NULL;NULL;IMPRUDENCIA DEL CONDUCTOR;ADELANTAR INDEBIDAMENTE;Carretera Panamericana Norte;1/8/2022;-78.711551
A-2022-08-44;30:00.0;CHOQUE;1;0;2;CUSCO;URUBAMBA;MARAS;RURAL;CARRETERA;NACIONAL;PE-28F;-13.375879;DESPEJADO;RURAL;SINUOSA;INCLINADA;ASFALTADA;SI;PREVENTIVA (P);PREVENTIVA (P);SI;IMPRUDENCIA DEL CONDUCTOR;INVASIÓN DE CARRIL;Avenida Mateo Pumacahua;1/8/2022;-72.11607
A-2022-08-127;00:00.0;ATROPELLO FUGA;2;0;0;PUNO;SAN ROMAN;CABANA;RURAL;CARRETERA;NACIONAL;PE-34A;-15.562104;DESPEJADO;RURAL;TRAMO RECTO;PLANA ;ASFALTADA;NULL;NULL;NULL;NULL;IMPRUDENCIA DEL PEATÓN;CRUCE INDEBIDO POR LA CALZADA;Héroes de La Guerra del Pacífico;2/8/2022;-70.24031
A-2022-08-171;45:00.0;DESPISTE;1;0;NULL;PIURA;PIURA;VEINTISEIS DE OCTUBRE;URBANA;CARRETERA;NACIONAL;PE-1N;-5.178632;DESPEJADO;INDUSTRIAL;TRAMO RECTO;PLANA ;ASFALTADA;NULL;NULL;NULL;NULL;EN PROCESO DE INVESTIGACIÓN;NO CUENTA CON CAUSA ESPECIFICA;Avenida Sánchez Cerro;2/8/2022;-80.666543
A-2022-08-1;35:00.0;CHOQUE;1;0;2;CALLAO;CALLAO;CALLAO;URBANA;AVENIDA;URBANO;NO CORRESPONDE;-12.049843;DESPEJADO;INDUSTRIAL;TRAMO RECTO;PLANA ;ASFALTADA;SI;PREVENTIVA (P);NULL;SI;NEGLIGENCIA DEL CONDUCTOR;OTRO (NEGLIGENCIA DEL CONDUCTOR);Avenida Argentina;2/8/2022;-77.114163
A-2022-08-18;15:00.0;CHOQUE;1;1;2;LA LIBERTAD;TRUJILLO;LAREDO;URBANA;CARRETERA;NACIONAL;PE-10A;-8.112546;DESPEJADO;INDUSTRIAL;TRAMO RECTO;PLANA ;ASFALTADA;NULL;NULL;NULL;NULL;EN PROCESO DE INVESTIGACIÓN;NO CUENTA CON CAUSA ESPECIFICA;Avenida Ricardo Palma;2/8/2022;-78.999485
A-2022-08-244;00:00.0;VOLCADURA;1;0;1;PIURA;SULLANA;SULLANA;RURAL;CARRETERA;PROVINCIAL;PI-579;-4.791;DESPEJADO;RURAL;TRAMO RECTO;PLANA ;ASFALTADA;NULL;NULL;NULL;NULL;EN PROCESO DE INVESTIGACIÓN;NO CUENTA CON CAUSA ESPECIFICA;Santa Rosa de Piedra Rodada;2/8/2022;-80.556
A-2022-08-175;40:00.0;ATROPELLO;1;0;NULL;ANCASH;SANTA;CHIMBOTE;RURAL;CARRETERA;SIN CLASIFICAR;SIN CLASIFICAR;-9.02425;DESPEJADO;RURAL;TRAMO RECTO;PLANA ;ASFALTADA;NULL;NULL;NULL;NULL;EN PROCESO DE INVESTIGACIÓN;NO CUENTA CON CAUSA ESPECIFICA;AN-107;3/8/2022;-78.554491
A-2022-08-19;15:00.0;ATROPELLO FUGA;1;0;1;LA LIBERTAD;TRUJILLO;HUANCHACO;RURAL;CARRETERA;NACIONAL;PE-1N;-8.120221;DESPEJADO;RURAL;TRAMO RECTO;PLANA ;ASFALTADA;NULL;NULL;NULL;NULL;EN PROCESO DE INVESTIGACIÓN;NO CUENTA CON CAUSA ESPECIFICA;CarreteraPanamericana Norte;4/8/2022;-79.084022
A-2022-08-64;00:00.0;ATROPELLO;1;1;1;LAMBAYEQUE;CHICLAYO;LA VICTORIA;URBANA;CARRETERA;DEPARTAMENTAL;LA-111;-6.79779;LLUVIOSO;RESIDENCIAL;TRAMO RECTO;PLANA ;ASFALTADA;NULL;NULL;NULL;NULL;EN PROCESO DE INVESTIGACIÓN;NO CUENTA CON CAUSA ESPECIFICA;Avenida Victor Raúl Haya de la Torre;4/8/2022;-79.83071
A-2022-08-176;00:00.0;DESPISTE;1;1;NULL;ANCASH;PALLASCA;SANTA ROSA;RURAL;CARRETERA;NACIONAL;PE-3N;-8.456057;DESPEJADO;RURAL;SINUOSA;INCLINADA;AFIRMADO;NULL;NULL;NULL;NULL;EN PROCESO DE INVESTIGACIÓN;NO CUENTA CON CAUSA ESPECIFICA;Carretera Longitudinal de la Sierra Norte;4/8/2022;-78.081448
A-2022-08-170;00:00.0;ATROPELLO;1;0;NULL;LIMA;LIMA;LA VICTORIA;URBANA;AVENIDA;URBANO;NO CORRESPONDE;-12.064386;DESPEJADO;COMERCIAL;INTERSECCIÓN;PLANA ;ASFALTADA;NO;NULL;NULL;SI;EN PROCESO DE INVESTIGACIÓN;NO CUENTA CON CAUSA ESPECIFICA;Avenida Manco Cápac;4/8/2022;-77.029218
A-2022-08-192;30:00.0;CHOQUE FUGA;1;0;NULL;CAJAMARCA;SAN IGNACIO;CHIRINOS;RURAL;CARRETERA;NACIONAL;PE-5N;-5.358821;DESPEJADO;RURAL;TRAMO RECTO;PLANA ;ASFALTADA;NULL;NULL;NULL;NULL;EN PROCESO DE INVESTIGACIÓN;NO CUENTA CON CAUSA ESPECIFICA;PE-5N;4/8/2022;-78.791773
A-2022-08-2;00:00.0;CAÍDA DE PASAJERO;1;1;NULL;CALLAO;CALLAO;VENTANILLA;URBANA;CARRETERA;NACIONAL;PE-20;-11.889928;DESPEJADO;INDUSTRIAL;OTRO;PLANA ;CONCRETO;NULL;NULL;NULL;NULL;EN PROCESO DE INVESTIGACIÓN;NO CUENTA CON CAUSA ESPECIFICA;Avenida Coronel Nestor Gambetta;4/8/2022;-77.126052
A-2022-08-177;30:00.0;ATROPELLO;1;0;NULL;ANCASH;CASMA;CASMA;RURAL;CARRETERA;NACIONAL;PE-1N;-9.480335;DESPEJADO;RURAL;TRAMO RECTO;INCLINADA;ASFALTADA;SI;REGULADORA (R);NULL;NO;EN PROCESO DE INVESTIGACIÓN;NO CUENTA CON CAUSA ESPECIFICA;Panamericana Norte;5/8/2022;-78.292837
A-2022-08-20;00:00.0;DESPISTE;5;0;1;LA LIBERTAD;GRAN CHIMU;SAYAPULLO;RURAL;CARRETERA;DEPARTAMENTAL;LI-106;-7.596694;DESPEJADO;RURAL;CURVA;PLANA ;AFIRMADO;NULL;NULL;NULL;NULL;IMPRUDENCIA DEL CONDUCTOR;CONDUCIR EN ESTADO DE EBRIEDAD Y/O DROGADICCIÓN;LI-106;5/8/2022;-78.484544