CÓDIGO SINIESTRO;HORA SINIESTRO;CLASE SINIESTRO;CANTIDAD DE FALLECIDOS;CANTIDAD DE LESIONADOS;CANTIDAD DE VEHICULOS DAÑADOS;DEPARTAMENTO;PROVINCIA;DISTRITO;ZONA;TIPO DE VÍA;RED VIAL;COD CARRETERA;COORDENADAS LATITUD;CONDICIÓN CLIMÁTICA;ZONIFICACIÓN;CARACTERÍSTICAS DE VÍA;PERFIL LONGITUDINAL VÍA;SUPERFICIE DE CALZADA;¿EXISTE SEÑAL VERTICAL?;CLASIFICACIÓN DE LA SEÑAL VERTICAL Nº 1;CLASIFICACIÓN DE LA SEÑAL VERTICAL Nº 2;¿EXISTE SEÑAL HORIZONTAL?;CAUSA FACTOR PRINCIPAL;CAUSA ESPECÍFICA;UBICACION;FECHA SINIESTRO;COORDENADAS LONGITUD
A-2022-08-94;10:00.0;CHOQUE;1;2;2;MADRE DE DIOS;MANU;MANU;RURAL;CARRETERA;DEPARTAMENTAL;MD-103;-12.842981;SOLEADO;RURAL;CURVA;PLANA ;ASFALTADA;NULL;NULL;NULL;NULL;IMPRUDENCIA DEL CONDUCTOR;CONDUCIR EN ESTADO DE EBRIEDAD Y/O DROGADICCIÓN;Carretera Manu;5/8/2022;-71.365238
A-2022-08-25;30:00.0;DESPISTE;1;1;1;APURIMAC;ANDAHUAYLAS;KISHUARA;RURAL;CARRETERA;NACIONAL;PE-3S;-13.691124;LLUVIOSO;RURAL;CURVA;PLANA ;ASFALTADA;SI;PREVENTIVA (P);REGULADORA (R);SI;IMPRUDENCIA DEL CONDUCTOR;EXCESO DE VELOCIDAD;Carretera Longitudinal de la Sierra Sur;5/8/2022;-73.169512
A-2022-08-169;50:00.0;CHOQUE;1;0;2;LIMA;LIMA;SANTA ANITA;URBANA;AVENIDA;URBANO;NO CORRESPONDE;-12.040578;DESPEJADO;COMERCIAL;INTERSECCIÓN;PLANA ;ASFALTADA;NULL;NULL;NULL;NULL;EN PROCESO DE INVESTIGACIÓN;NO CUENTA CON CAUSA ESPECIFICA;Avenida César Vallejo;5/8/2022;-76.982714
A-2022-08-41;00:00.0;FERROVIARIO;1;0;NULL;CUSCO;CUSCO;CUSCO;URBANA;OTRO;URBANO;NO CORRESPONDE;-13.506013;DESPEJADO;RURAL;CURVA;INCLINADA;AFIRMADO;SI;PREVENTIVA (P);NULL;NO;IMPRUDENCIA DEL PEATÓN;ESTADO DE EBRIEDAD Y/O DROGADICCIÓN;Cuzco;5/8/2022;-72.000005
A-2022-08-210;00:00.0;DESPISTE;1;2;NULL;AYACUCHO;PAUCAR DEL SARA SARA;PAUSA;RURAL;CARRETERA;NACIONAL;PE-32C;-15.31144;DESPEJADO;RURAL;CURVA;PLANA ;TROCHA;NULL;NULL;NULL;NULL;IMPRUDENCIA DEL CONDUCTOR;CONDUCIR EN ESTADO DE EBRIEDAD Y/O DROGADICCIÓN;PE-32C;6/8/2022;-73.34788
A-2022-08-3;11:00.0;CHOQUE;1;1;2;AREQUIPA;AREQUIPA;SAN JUAN DE TARUCANI;RURAL;CARRETERA;NACIONAL;PE-34A;-16.005391;DESPEJADO;RURAL;TRAMO RECTO;PLANA ;ASFALTADA;NO;NULL;NULL;SI;EN PROCESO DE INVESTIGACIÓN;NO CUENTA CON CAUSA ESPECIFICA;Vía Interoceánica Sur - Tramo 5;6/8/2022;-71.270422
A-2022-08-209;20:00.0;DESPISTE;1;1;1;LIMA;HUAURA;HUAURA;URBANA;CARRETERA;DEPARTAMENTAL;LM-101;-11.06668;DESPEJADO;RESIDENCIAL;TRAMO RECTO;PLANA ;ASFALTADA;NULL;NULL;NULL;NULL;IMPRUDENCIA DEL CONDUCTOR;CONDUCIR EN ESTADO DE EBRIEDAD Y/O DROGADICCIÓN;Antigua Panamericana Norte;6/8/2022;-77.59831
A-2022-08-193;00:00.0;ESPECIAL;1;0;1;CAJAMARCA;CAJAMARCA;CAJAMARCA;URBANA;AVENIDA;URBANO;NO CORRESPONDE;-7.166353;DESPEJADO;RESIDENCIAL;TRAMO RECTO;PLANA ;CONCRETO;NULL;NULL;NULL;NULL;EN PROCESO DE INVESTIGACIÓN;NO CUENTA CON CAUSA ESPECIFICA;Avenida Independencia;6/8/2022;-78.511659
A-2022-08-242;00:00.0;DESPISTE;1;1;NULL;MADRE DE DIOS;TAMBOPATA;LAS PIEDRAS;RURAL;CARRETERA;NACIONAL;PE-30C;-12.554492;DESPEJADO;RURAL;TRAMO RECTO;PLANA ;ASFALTADA;NULL;NULL;NULL;NULL;EN PROCESO DE INVESTIGACIÓN;NO CUENTA CON CAUSA ESPECIFICA;Transoceánica;6/8/2022;-69.147944
A-2022-08-191;36:00.0;DESPISTE;1;0;2;UCAYALI;CORONEL PORTILLO;YARINACOCHA;URBANA;JIRÓN;URBANO;NO CORRESPONDE;-8.357002;LLUVIOSO;COMERCIAL;INTERSECCIÓN;PLANA ;CONCRETO;SI;REGULADORA (R);NULL;NO;IMPRUDENCIA DEL CONDUCTOR;OTRO (IMPRUDENCIA DEL CONDUCTOR);Jirón Callería;6/8/2022;-74.577265
A-2022-08-4;45:00.0;ATROPELLO;1;1;1;ICA;PISCO;PISCO;URBANA;AVENIDA;URBANO;NO CORRESPONDE;-13.717065;DESPEJADO;COMERCIAL;TRAMO RECTO;PLANA ;ASFALTADA;NULL;NULL;NULL;NULL;IMPRUDENCIA DEL CONDUCTOR;CONDUCIR EN ESTADO DE EBRIEDAD Y/O DROGADICCIÓN;Calle Beatita de Humay;6/8/2022;-76.206006
A-2022-08-79;10:00.0;ATROPELLO FUGA;1;0;NULL;ANCASH;CARHUAZ;YUNGAR;URBANA;CARRETERA;NACIONAL;PE-3N;-9.365367;DESPEJADO;RURAL;TRAMO RECTO;PLANA ;ASFALTADA;NO;NULL;NULL;SI;NEGLIGENCIA DEL CONDUCTOR;OTRO (NEGLIGENCIA DEL CONDUCTOR);Carretera Longitudinal de la Sierra Norte;6/8/2022;-77.593914
A-2022-08-7;00:00.0;ATROPELLO;1;0;1;ICA;PISCO;PISCO;URBANA;AVENIDA;URBANO;NO CORRESPONDE;-13.713353;DESPEJADO;COMERCIAL;INTERSECCIÓN;PLANA ;ASFALTADA;NULL;NULL;NULL;NULL;IMPRUDENCIA DEL CONDUCTOR;NO DAR PASO PREFERENTE AL PEATÓN;Pisco;6/8/2022;-76.209889
A-2022-08-69;30:00.0;ATROPELLO FUGA;1;0;1;LAMBAYEQUE;LAMBAYEQUE;LAMBAYEQUE;RURAL;CARRETERA;NACIONAL;PE-1N;-6.66484;NUBLADO;RURAL;TRAMO RECTO;PLANA ;ASFALTADA;NULL;NULL;NULL;NULL;EN PROCESO DE INVESTIGACIÓN;NO CUENTA CON CAUSA ESPECIFICA;Carretera Panamericana Norte;6/8/2022;-79.923696
A-2022-08-245;45:00.0;CHOQUE;1;0;2;PIURA;PIURA;TAMBO GRANDE;RURAL;CARRETERA;NACIONAL;PE-1NL;-4.89084;DESPEJADO;RURAL;TRAMO RECTO;PLANA ;ASFALTADA;NULL;NULL;NULL;NULL;EN PROCESO DE INVESTIGACIÓN;NO CUENTA CON CAUSA ESPECIFICA;Carretera Panamericana;6/8/2022;-80.328582
A-2022-08-174;40:00.0;VOLCADURA;1;0;NULL;PIURA;PIURA;PIURA;URBANA;AVENIDA;URBANO;NO CORRESPONDE;-5.172145;DESPEJADO;RURAL;TRAMO RECTO;PLANA ;ASFALTADA;SI;INFORMATIVA (I);NULL;SI;IMPRUDENCIA DEL CONDUCTOR;EXCESO DE VELOCIDAD;Avenida José E. Aguilar Santisteban;6/8/2022;-80.645
A-2022-08-8;01:00.0;ATROPELLO FUGA;1;0;0;ICA;PISCO;PISCO;URBANA;CARRETERA;NACIONAL;PE-1SE;-13.694991;DESPEJADO;RESIDENCIAL;INTERSECCIÓN;PLANA ;ASFALTADA;NULL;NULL;NULL;NULL;EN PROCESO DE INVESTIGACIÓN;NO CUENTA CON CAUSA ESPECIFICA;Carretera Panamericana Sur;7/8/2022;-76.164035
A-2022-08-77;00:00.0;ATROPELLO FUGA;1;0;NULL;CUSCO;CANCHIS;SAN PABLO;RURAL;CARRETERA;NACIONAL;PE-3S;-14.202807;DESPEJADO;RURAL;TRAMO RECTO;PLANA ;ASFALTADA;SI;PREVENTIVA (P);NULL;SI;IMPRUDENCIA DEL PEATÓN;ESTADO DE EBRIEDAD Y/O DROGADICCIÓN;Carretera Longitudinal de la Sierra Sur;7/8/2022;-71.310083
A-2022-08-194;30:00.0;DESPISTE;6;7;1;CAJAMARCA;HUALGAYOC;CHUGUR;RURAL;CARRETERA;PROVINCIAL;CA-876;-6.679483;DESPEJADO;RURAL;CURVA;PLANA ;AFIRMADO;NULL;NULL;NULL;NULL;EN PROCESO DE INVESTIGACIÓN;NO CUENTA CON CAUSA ESPECIFICA;CA-876;7/8/2022;-78.721445
A-2022-08-5;00:00.0;ATROPELLO FUGA;1;0;NULL;AREQUIPA;AREQUIPA;CERRO COLORADO;URBANA;CARRETERA;DEPARTAMENTAL;AR-123;-16.340633;NUBLADO;RURAL;TRAMO RECTO;PLANA ;ASFALTADA;NULL;NULL;NULL;NULL;EN PROCESO DE INVESTIGACIÓN;NO CUENTA CON CAUSA ESPECIFICA;Autopista La Joya - Arequipa;7/8/2022;-71.601875
A-2022-08-187;00:00.0;CHOQUE FUGA;1;1;1;HUANUCO;HUANUCO;HUANUCO;URBANA;CARRETERA;PROVINCIAL;HU-767;-9.934275;DESPEJADO;COMERCIAL;TRAMO RECTO;PLANA ;ASFALTADA;NULL;NULL;NULL;NULL;IMPRUDENCIA DEL CONDUCTOR;CONDUCIR EN ESTADO DE EBRIEDAD Y/O DROGADICCIÓN;Jirón Mayro;7/8/2022;-76.243538
A-2022-08-256;35:00.0;ATROPELLO FUGA;1;0;1;LIMA;HUAURA;HUACHO;RURAL;CARRETERA;NACIONAL;PE-1N;-11.178727;DESPEJADO;RURAL;TRAMO RECTO;PLANA ;ASFALTADA;NULL;NULL;NULL;NULL;EN PROCESO DE INVESTIGACIÓN;NO CUENTA CON CAUSA ESPECIFICA;Carretera Panamericana Norte;7/8/2022;-77.580106
A-2022-08-26;00:00.0;CHOQUE;1;0;2;LA LIBERTAD;CHEPEN;CHEPEN;RURAL;CARRETERA;NACIONAL;PE-1N;-7.222826;DESPEJADO;COMERCIAL;TRAMO RECTO;PLANA ;ASFALTADA;NULL;NULL;NULL;NULL;IMPRUDENCIA DEL CONDUCTOR;CONDUCIR EN ESTADO DE EBRIEDAD Y/O DROGADICCIÓN;Carretera Panamericana Norte;7/8/2022;-79.438933
A-2022-08-106;10:00.0;DESPISTE;2;1;1;HUANUCO;HUAMALIES;MONZON;RURAL;CARRETERA;NACIONAL;PE-14A;-9.215974;LLUVIOSO;RURAL;CURVA;PLANA ;ASFALTADA;NULL;NULL;NULL;NULL;IMPRUDENCIA DEL CONDUCTOR;FATIGA Y/O CANSANCIO;PE-14A;7/8/2022;-76.253808
A-2022-08-251;00:00.0;DESPISTE;1;4;1;ICA;CHINCHA;GROCIO PRADO;RURAL;CARRETERA;NACIONAL;PE-1S;-13.352225;DESPEJADO;RURAL;TRAMO RECTO;PLANA ;ASFALTADA;NULL;NULL;NULL;NULL;EN PROCESO DE INVESTIGACIÓN;NO CUENTA CON CAUSA ESPECIFICA;Carretera Panamericana Sur;7/8/2022;-76.222516
A-2022-08-229;40:00.0;DESPISTE;1;5;1;PIURA;PIURA;VEINTISEIS DE OCTUBRE;RURAL;CARRETERA;NACIONAL;PE-1N;-5.149578;SOLEADO;RURAL;TRAMO RECTO;PLANA ;ASFALTADA;NULL;NULL;NULL;NULL;IMPRUDENCIA DEL CONDUCTOR;EXCESO DE VELOCIDAD;Carretera Panamericana Norte;7/8/2022;-80.696486
A-2022-08-128;30:00.0;CHOQUE;1;0;2;PUNO;SAN ROMAN;JULIACA;RURAL;CARRETERA;DEPARTAMENTAL;PU-120;-15.512904;DESPEJADO;RURAL;TRAMO RECTO;PLANA ;ASFALTADA;NULL;NULL;NULL;NULL;IMPRUDENCIA DEL CONDUCTOR;OTRO (IMPRUDENCIA DEL CONDUCTOR);Avenida Modesto Borda;7/8/2022;-70.098289
A-2022-08-27;30:00.0;ATROPELLO;1;0;1;LA LIBERTAD;PATAZ;PATAZ;RURAL;CARRETERA;PROVINCIAL;LI-857;-7.718545;DESPEJADO;RURAL;CURVA;INCLINADA;AFIRMADO;NULL;NULL;NULL;NULL;EN PROCESO DE INVESTIGACIÓN;NO CUENTA CON CAUSA ESPECIFICA;LI-857;7/8/2022;-77.634242
A-2022-08-243;31:00.0;CHOQUE CON OBJETO FIJO;1;0;1;MADRE DE DIOS;TAHUAMANU;TAHUAMANU;RURAL;CARRETERA;NACIONAL;PE-30C;-11.859529;DESPEJADO;RURAL;TRAMO RECTO;PLANA ;ASFALTADA;NULL;NULL;NULL;NULL;EN PROCESO DE INVESTIGACIÓN;NO CUENTA CON CAUSA ESPECIFICA;Transoceánica;7/8/2022;-69.147114
A-2022-08-168;50:00.0;ATROPELLO;1;0;NULL;LIMA;LIMA;CHACLACAYO;URBANA;CARRETERA;NACIONAL;PE-22;-11.973726;DESPEJADO;COMERCIAL;TRAMO RECTO;PLANA ;ASFALTADA;NULL;NULL;NULL;NULL;EN PROCESO DE INVESTIGACIÓN;NO CUENTA CON CAUSA ESPECIFICA;Avenida Nicolás Ayllón;7/8/2022;-76.76031
A-2022-08-70;00:00.0;CHOQUE CON OBJETO FIJO;1;3;1;CUSCO;ESPINAR;ESPINAR;RURAL;CARRETERA;NACIONAL;PE-34F;-14.770706;DESPEJADO;RURAL;CURVA;INCLINADA;ASFALTADA;NULL;NULL;NULL;NULL;IMPRUDENCIA DEL CONDUCTOR;CONDUCIR EN ESTADO DE EBRIEDAD Y/O DROGADICCIÓN;Espinar;8/8/2022;-71.387867
A-2022-08-253;10:00.0;CHOQUE;1;0;2;ICA;CHINCHA;CHINCHA BAJA;RURAL;CARRETERA;NACIONAL;PE-1SE;-13.550856;DESPEJADO;RURAL;TRAMO RECTO;PLANA ;ASFALTADA;NULL;NULL;NULL;NULL;IMPRUDENCIA DEL CONDUCTOR;OTRO (IMPRUDENCIA DEL CONDUCTOR);Carretera Panamericana Sur;8/8/2022;-76.181042
A-2022-08-167;30:00.0;DESPISTE;1;0;1;LIMA;LIMA;ANCON;RURAL;CARRETERA;NACIONAL;PE-1N;-11.729108;DESPEJADO;RURAL;TRAMO RECTO;PLANA ;ASFALTADA;NULL;NULL;NULL;NULL;EN PROCESO DE INVESTIGACIÓN;NO CUENTA CON CAUSA ESPECIFICA;Carretera Panamericana Norte;8/8/2022;-77.164855
A-2022-08-40;00:00.0;ATROPELLO FUGA;1;0;NULL;CUSCO;PAUCARTAMBO;KOSÑIPATA;RURAL;CARRETERA;NACIONAL;PE-5S;-12.96502;SOLEADO;RURAL;TRAMO RECTO;PLANA ;AFIRMADO;NULL;NULL;NULL;NULL;EN PROCESO DE INVESTIGACIÓN;NO CUENTA CON CAUSA ESPECIFICA;Patria;8/8/2022;-71.437336
A-2022-08-43;40:00.0;CHOQUE;4;0;2;CUSCO;QUISPICANCHI;QUIQUIJANA;RURAL;CARRETERA;NACIONAL;PE-3S;-13.838127;DESPEJADO;RURAL;CURVA;PLANA ;ASFALTADA;SI;PREVENTIVA (P);NULL;SI;IMPRUDENCIA DEL CONDUCTOR;INVASIÓN DE CARRIL;Carretera Longitudinal de la Sierra Sur;8/8/2022;-71.536362
A-2022-08-9;30:00.0;CAÍDA DE PASAJERO;1;0;0;ICA;ICA;PARCONA;URBANA;CARRETERA;NACIONAL;PE-1SC;-14.053412;DESPEJADO;COMERCIAL;TRAMO RECTO;PLANA ;ASFALTADA;NULL;NULL;NULL;NULL;EN PROCESO DE INVESTIGACIÓN;NO CUENTA CON CAUSA ESPECIFICA;Calle El Huarangal;8/8/2022;-75.705866
A-2022-08-190;00:00.0;CHOQUE;1;3;2;UCAYALI;CORONEL PORTILLO;YARINACOCHA;URBANA;CARRETERA;DEPARTAMENTAL;UC-103;-8.364268;DESPEJADO;COMERCIAL;TRAMO RECTO;INCLINADA;CONCRETO;NULL;NULL;NULL;NULL;EN PROCESO DE INVESTIGACIÓN;NO CUENTA CON CAUSA ESPECIFICA;Avenida Yarinacocha;8/8/2022;-74.566383
A-2022-08-172;30:00.0;DESPISTE;1;0;NULL;PIURA;PIURA;PIURA;URBANA;CARRETERA;PROVINCIAL;PI-993;-5.031625;DESPEJADO;RURAL;TRAMO RECTO;PLANA ;ASFALTADA;NULL;NULL;NULL;NULL;EN PROCESO DE INVESTIGACIÓN;NO CUENTA CON CAUSA ESPECIFICA;PI-519;8/8/2022;-80.662164
A-2022-08-246;00:00.0;DESPISTE;1;0;1;PIURA;SULLANA;SULLANA;RURAL;CARRETERA;NACIONAL;PE-1NL;-4.920598;DESPEJADO;RURAL;TRAMO RECTO;PLANA ;ASFALTADA;NULL;NULL;NULL;NULL;EN PROCESO DE INVESTIGACIÓN;NO CUENTA CON CAUSA ESPECIFICA;Carretera Panamericana Norte;8/8/2022;-80.630197
A-2022-08-102;15:00.0;ATROPELLO;1;0;NULL;CALLAO;CALLAO;CALLAO;URBANA;CARRETERA;NACIONAL;PE-20;-11.995371;DESPEJADO;INDUSTRIAL;TRAMO RECTO;PLANA ;ASFALTADA;SI;INFORMATIVA (I);NULL;SI;EN PROCESO DE INVESTIGACIÓN;NO CUENTA CON CAUSA ESPECIFICA;Avenida Coronel Nestor Gambetta;9/8/2022;-77.125879
A-2022-08-241;10:00.0;CHOQUE;1;1;2;LORETO;MAYNAS;PUNCHANA;URBANA;CALLE;URBANO;NO CORRESPONDE;-3.727686;DESPEJADO;COMERCIAL;INTERSECCIÓN;PLANA ;ASFALTADA;NULL;NULL;NULL;NULL;IMPRUDENCIA DEL CONDUCTOR;INVASIÓN DE CARRIL;Punchana;9/8/2022;-73.248489
A-2022-08-183;10:00.0;DESPISTE;1;0;NULL;APURIMAC;AYMARAES;CHALHUANCA;RURAL;CARRETERA;PROVINCIAL;AP-767;-14.288665;NULL;NULL;NULL;NULL;NULL;NULL;NULL;NULL;NULL;EN PROCESO DE INVESTIGACIÓN;NO CUENTA CON CAUSA ESPECIFICA;Jayo;9/8/2022;-73.270309
A-2022-08-173;30:00.0;DESPISTE;1;0;NULL;PIURA;AYABACA;FRIAS;RURAL;CARRETERA;PROVINCIAL;PI-780;-4.963296;DESPEJADO;RURAL;TRAMO RECTO;PLANA ;AFIRMADO;NULL;NULL;NULL;NULL;EN PROCESO DE INVESTIGACIÓN;NO CUENTA CON CAUSA ESPECIFICA;PI-567;9/8/2022;-80.003708
A-2022-08-195;00:00.0;DESPISTE;1;0;1;CAJAMARCA;HUALGAYOC;BAMBAMARCA;RURAL;CARRETERA;DEPARTAMENTAL;CA-107;-6.634633;DESPEJADO;RURAL;CURVA;PLANA ;AFIRMADO;NULL;NULL;NULL;NULL;EN PROCESO DE INVESTIGACIÓN;NO CUENTA CON CAUSA ESPECIFICA;CA-107;10/8/2022;-78.48987
A-2022-08-13;20:00.0;DESPISTE;1;1;1;AREQUIPA;AREQUIPA;CERRO COLORADO;URBANA;CARRETERA;DEPARTAMENTAL;AR-123;-16.359972;DESPEJADO;RURAL;TRAMO RECTO;PLANA ;ASFALTADA;SI;REGULADORA (R);NULL;NO;EN PROCESO DE INVESTIGACIÓN;NO CUENTA CON CAUSA ESPECIFICA;Autopista La Joya - Arequipa;10/8/2022;-71.617691
A-2022-08-165;45:00.0;ATROPELLO;1;0;NULL;LIMA;LIMA;SAN JUAN DE LURIGANCHO;URBANA;AVENIDA;URBANO;NO CORRESPONDE;-12.014406;DESPEJADO;COMERCIAL;TRAMO RECTO;PLANA ;ASFALTADA;NULL;NULL;NULL;NULL;EN PROCESO DE INVESTIGACIÓN;NO CUENTA CON CAUSA ESPECIFICA;Avenida Las Flores de Primavera;10/8/2022;-77.011683
A-2022-08-166;30:00.0;CHOQUE;2;0;1;LIMA;LIMA;PUNTA HERMOSA;RURAL;AVENIDA;URBANO;NO CORRESPONDE;-12.330224;DESPEJADO;RURAL;TRAMO RECTO;PLANA ;TROCHA;NULL;NULL;NULL;NULL;IMPRUDENCIA DEL CONDUCTOR;CONDUCIR EN SENTIDO CONTRARIO;Avenida Pampa Pacta;10/8/2022;-76.815202
A-2022-08-15;00:00.0;CHOQUE;1;2;2;AREQUIPA;AREQUIPA;MIRAFLORES;URBANA;CALLE;URBANO;NO CORRESPONDE;-16.386142;DESPEJADO;ESCOLAR;TRAMO RECTO;INCLINADA;ASFALTADA;NO;NULL;NULL;SI;EN PROCESO DE INVESTIGACIÓN;NO CUENTA CON CAUSA ESPECIFICA;Calle Calvario;10/8/2022;-71.517844
A-2022-08-28;00:00.0;CHOQUE;2;1;2;LA LIBERTAD;VIRU;CHAO;RURAL;CARRETERA;NACIONAL;PE-1N;-8.499772;DESPEJADO;RURAL;TRAMO RECTO;PLANA ;ASFALTADA;NULL;NULL;NULL;NULL;IMPRUDENCIA DEL CONDUCTOR;ADELANTAR INDEBIDAMENTE;Panamericana Norte;10/8/2022;-78.690465
A-2022-08-207;20:00.0;CHOQUE FUGA;1;0;1;LIMA;HUAURA;SAYAN;RURAL;CARRETERA;PROVINCIAL;LM-665;-11.24199;DESPEJADO;RURAL;TRAMO RECTO;PLANA ;ASFALTADA;NULL;NULL;NULL;NULL;EN PROCESO DE INVESTIGACIÓN;NO CUENTA CON CAUSA ESPECIFICA;LM-665;10/8/2022;-77.36301
A-2022-08-30;30:00.0;CHOQUE;2;0;2;LA LIBERTAD;ASCOPE;CHOCOPE;RURAL;CARRETERA;NACIONAL;PE-1N;-7.772321;DESPEJADO;RURAL;CURVA;PLANA ;ASFALTADA;NULL;NULL;NULL;NULL;IMPRUDENCIA DEL CONDUCTOR;ADELANTAR INDEBIDAMENTE;Panamericana Norte;10/8/2022;-79.255668
A-2022-08-163;05:00.0;ATROPELLO FUGA;1;0;NULL;LIMA;LIMA;LOS OLIVOS;URBANA;AVENIDA;URBANO;NO CORRESPONDE;-11.995092;DESPEJADO;COMERCIAL;TRAMO RECTO;PLANA ;ASFALTADA;NULL;NULL;NULL;NULL;EN PROCESO DE INVESTIGACIÓN;NO CUENTA CON CAUSA ESPECIFICA;Avenida Santiago Antúnez de Mayolo;11/8/2022;-77.076623
A-2022-08-164;30:00.0;CHOQUE;1;1;2;LIMA;LIMA;CHORRILLOS;URBANA;AVENIDA;URBANO;NO CORRESPONDE;-12.166325;DESPEJADO;COMERCIAL;INTERSECCIÓN;PLANA ;ASFALTADA;NULL;NULL;NULL;NULL;EN PROCESO DE INVESTIGACIÓN;NO CUENTA CON CAUSA ESPECIFICA;Avenida Defensores del Morro;11/8/2022;-77.026795
A-2022-08-240;30:00.0;CHOQUE;1;0;NULL;JUNIN;CONCEPCION;ORCOTUNA;URBANA;CARRETERA;NACIONAL;PE-3SB;-11.963165;DESPEJADO;RURAL;TRAMO RECTO;PLANA ;ASFALTADA;NO;NULL;NULL;SI;IMPRUDENCIA DEL CONDUCTOR;ADELANTAR INDEBIDAMENTE;Carretera Central Margen Derecha;11/8/2022;-75.309824
A-2022-08-262;00:00.0;CHOQUE;1;3;NULL;MADRE DE DIOS;TAMBOPATA;INAMBARI;URBANA;CARRETERA;NACIONAL;PE-30C;-12.925405;NULL;NULL;NULL;NULL;NULL;NULL;NULL;NULL;NULL;EN PROCESO DE INVESTIGACIÓN;NO CUENTA CON CAUSA ESPECIFICA;Interoceánica Sur;11/8/2022;-70.299655
A-2022-08-10;00:00.0;ATROPELLO;1;1;1;ICA;PISCO;PISCO;URBANA;CARRETERA;NACIONAL;PE-1SG;-13.716623;DESPEJADO;COMERCIAL;TRAMO RECTO;PLANA ;ASFALTADA;NULL;NULL;NULL;NULL;IMPRUDENCIA DEL CONDUCTOR;NO DAR PASO PREFERENTE AL PEATÓN;Avenida Las Américas;11/8/2022;-76.21358
A-2022-08-196;00:00.0;VOLCADURA;1;0;1;CAJAMARCA;CHOTA;CHIMBAN;RURAL;CARRETERA;DEPARTAMENTAL;CA-107;-6.288606;DESPEJADO;RURAL;SINUOSA;PLANA ;AFIRMADO;NULL;NULL;NULL;NULL;EN PROCESO DE INVESTIGACIÓN;NO CUENTA CON CAUSA ESPECIFICA;San Jose;11/8/2022;-78.478151
A-2022-08-115;00:00.0;ATROPELLO;1;0;1;LIMA;BARRANCA;PATIVILCA;RURAL;CARRETERA;DEPARTAMENTAL;LM-100;-10.703448;DESPEJADO;RURAL;TRAMO RECTO;PLANA ;ASFALTADA;NULL;NULL;NULL;NULL;EN PROCESO DE INVESTIGACIÓN;NO CUENTA CON CAUSA ESPECIFICA;Antigua Panamericana Norte;11/8/2022;-77.780752
A-2022-08-31;05:00.0;ATROPELLO FUGA;1;0;1;LA LIBERTAD;TRUJILLO;HUANCHACO;RURAL;CARRETERA;NACIONAL;PE-1N;-8.090622;DESPEJADO;RURAL;TRAMO RECTO;PLANA ;ASFALTADA;NULL;NULL;NULL;NULL;EN PROCESO DE INVESTIGACIÓN;NO CUENTA CON CAUSA ESPECIFICA;Carretera Panamericana Norte;12/8/2022;-79.09733
A-2022-08-237;15:00.0;DESPISTE;1;0;1;PIURA;PIURA;PIURA;URBANA;CARRETERA;NACIONAL;PE-1N;-5.184641;DESPEJADO;RURAL;ÓVALO;PLANA ;ASFALTADA;NULL;NULL;NULL;NULL;EN PROCESO DE INVESTIGACIÓN;NO CUENTA CON CAUSA ESPECIFICA;Óvalo Andrés Avelino Cáceres;12/8/2022;-80.648917
A-2022-08-22;10:00.0;CHOQUE;1;1;1;SAN MARTIN;MOYOBAMBA;HABANA;RURAL;CARRETERA;NACIONAL;PE-08B;-6.0874;DESPEJADO;RURAL;TRAMO RECTO;PLANA ;ASFALTADA;NULL;NULL;NULL;NULL;IMPRUDENCIA DEL CONDUCTOR;OTRO (IMPRUDENCIA DEL CONDUCTOR);PE-08B;12/8/2022;-77.085152
A-2022-08-162;20:00.0;CHOQUE FUGA;1;0;NULL;LIMA;LIMA;SAN JUAN DE LURIGANCHO;URBANA;JIRÓN;URBANO;NO CORRESPONDE;-12.022577;DESPEJADO;RESIDENCIAL;INTERSECCIÓN;PLANA ;ASFALTADA;NULL;NULL;NULL;NULL;EN PROCESO DE INVESTIGACIÓN;NO CUENTA CON CAUSA ESPECIFICA;Avenida Pirámide del Sol;12/8/2022;-77.001747
A-2022-08-214;30:00.0;CHOQUE;1;0;4;LIMA;HUAURA;HUACHO;RURAL;CARRETERA;NACIONAL;PE-1N;-11.301694;LLUVIOSO;RURAL;TRAMO RECTO;INCLINADA;ASFALTADA;SI;REGULADORA (R);NULL;NO;IMPRUDENCIA DEL CONDUCTOR;EXCESO DE VELOCIDAD;Carretera Panamericana Norte;13/8/2022;-77.491583
A-2022-08-250;00:00.0;DESPISTE;1;3;1;LIMA;HUAURA;CHECRAS;RURAL;CARRETERA;NACIONAL;PE-18;-10.863457;DESPEJADO;RURAL;TRAMO RECTO;INCLINADA;ASFALTADA;SI;REGULADORA (R);PREVENTIVA (P);NO;IMPRUDENCIA DEL CONDUCTOR;EXCESO DE VELOCIDAD;Carretera Huaura - Ambo;13/8/2022;-76.964663
A-2022-08-160;15:00.0;ATROPELLO;1;0;0;LIMA;LIMA;SANTA ANITA;URBANA;CARRETERA;DEPARTAMENTAL;LM-117;-12.056117;DESPEJADO;COMERCIAL;INTERSECCIÓN;PLANA ;ASFALTADA;NULL;NULL;NULL;NULL;EN PROCESO DE INVESTIGACIÓN;NO CUENTA CON CAUSA ESPECIFICA;Avenida Nicolás de Ayllón;13/8/2022;-76.96797