CÓDIGO SINIESTRO;HORA SINIESTRO;CLASE SINIESTRO;CANTIDAD DE FALLECIDOS;CANTIDAD DE LESIONADOS;CANTIDAD DE VEHICULOS DAÑADOS;DEPARTAMENTO;PROVINCIA;DISTRITO;ZONA;TIPO DE VÍA;RED VIAL;COD CARRETERA;COORDENADAS LATITUD;CONDICIÓN CLIMÁTICA;ZONIFICACIÓN;CARACTERÍSTICAS DE VÍA;PERFIL LONGITUDINAL VÍA;SUPERFICIE DE CALZADA;¿EXISTE SEÑAL VERTICAL?;CLASIFICACIÓN DE LA SEÑAL VERTICAL Nº 1;CLASIFICACIÓN DE LA SEÑAL VERTICAL Nº 2;¿EXISTE SEÑAL HORIZONTAL?;CAUSA FACTOR PRINCIPAL;CAUSA ESPECÍFICA;UBICACION;FECHA SINIESTRO;COORDENADAS LONGITUD
A-2022-08-155;00:00.0;CHOQUE;1;3;2;LIMA;LIMA;CARABAYLLO;URBANA;AVENIDA;URBANO;NO CORRESPONDE;-11.845476;DESPEJADO;RESIDENCIAL;TRAMO RECTO;PLANA ;ASFALTADA;NULL;NULL;NULL;NULL;EN PROCESO DE INVESTIGACIÓN;NO CUENTA CON CAUSA ESPECIFICA;Avenida 3;13/8/2022;-77.000803
A-2022-08-90;30:00.0;DESPISTE;1;1;1;APURIMAC;ANDAHUAYLAS;SAN JERONIMO;URBANA;JIRÓN;URBANO;NO CORRESPONDE;-13.652189;DESPEJADO;RURAL;OTRO;INCLINADA;TROCHA;NULL;NULL;NULL;NULL;IMPERICIA DEL CONDUCTOR;NULL;Suilluaca;13/8/2022;-73.357767
A-2022-08-208;50:00.0;ATROPELLO FUGA;1;0;NULL;LIMA;HUAURA;VEGUETA;URBANA;CARRETERA;NACIONAL;PE-1N;-10.9432;DESPEJADO;COMERCIAL;TRAMO RECTO;PLANA ;ASFALTADA;SI;REGULADORA (R);PREVENTIVA (P);NO;IMPRUDENCIA DEL CONDUCTOR;CONDUCIR EN SENTIDO CONTRARIO;Carretera Panamericana Norte;13/8/2022;-77.64738
A-2022-08-65;04:00.0;CHOQUE;1;0;2;LAMBAYEQUE;LAMBAYEQUE;OLMOS;RURAL;CARRETERA;NACIONAL;PE-1NJ;-5.939578;DESPEJADO;RURAL;TRAMO RECTO;PLANA ;ASFALTADA;NULL;NULL;NULL;NULL;EN PROCESO DE INVESTIGACIÓN;NO CUENTA CON CAUSA ESPECIFICA;Carretera Interoceánica Norte;13/8/2022;-79.759518
A-2022-08-129;10:00.0;ATROPELLO;1;0;1;PUNO;SAN ROMAN;SAN MIGUEL;URBANA;CARRETERA;NACIONAL;PE-34H;-15.455654;DESPEJADO;RESIDENCIAL;TRAMO RECTO;PLANA ;ASFALTADA;NULL;NULL;NULL;NULL;IMPERICIA DEL CONDUCTOR;NULL;Avenida Caminaca;13/8/2022;-70.100723
A-2022-08-138;30:00.0;CHOQUE;1;2;NULL;PIURA;PIURA;VEINTISEIS DE OCTUBRE;URBANA;AVENIDA;URBANO;NO CORRESPONDE;-5.178871;DESPEJADO;INDUSTRIAL;TRAMO RECTO;PLANA ;ASFALTADA;NULL;NULL;NULL;NULL;EN PROCESO DE INVESTIGACIÓN;NO CUENTA CON CAUSA ESPECIFICA;Avenida Los Diamantes;14/8/2022;-80.653755
A-2022-08-12;30:00.0;DESPISTE;1;2;1;PUNO;CHUCUITO;JULI;RURAL;CARRETERA;NACIONAL;PE-3S;-16.250942;DESPEJADO;RURAL;TRAMO RECTO;PLANA ;ASFALTADA;NULL;NULL;NULL;NULL;IMPRUDENCIA DEL CONDUCTOR;EXCESO DE VELOCIDAD;Carretera Longitudinal de la Sierra Sur;14/8/2022;-69.358726
A-2022-08-161;20:00.0;DESPISTE;1;1;2;LIMA;LIMA;CARABAYLLO;URBANA;AVENIDA;URBANO;NO CORRESPONDE;-11.893833;DESPEJADO;RESIDENCIAL;TRAMO RECTO;PLANA ;ASFALTADA;NULL;NULL;NULL;NULL;EN PROCESO DE INVESTIGACIÓN;NO CUENTA CON CAUSA ESPECIFICA;Avenida Mariano Condorcanqui;14/8/2022;-77.040706
A-2022-08-158;30:00.0;ATROPELLO;1;0;NULL;LIMA;LIMA;VILLA EL SALVADOR;URBANA;CARRETERA;NACIONAL;PE-1S;-12.24079;DESPEJADO;INDUSTRIAL;TRAMO RECTO;PLANA ;ASFALTADA;NULL;NULL;NULL;NULL;EN PROCESO DE INVESTIGACIÓN;NO CUENTA CON CAUSA ESPECIFICA;Carretera Panamericana Sur;14/8/2022;-76.947068
A-2022-08-17;00:00.0;CHOQUE FUGA;1;0;1;AREQUIPA;AREQUIPA;CERRO COLORADO;URBANA;CALLE;URBANO;NO CORRESPONDE;-16.400997;DESPEJADO;INDUSTRIAL;INTERSECCIÓN;INCLINADA;ASFALTADA;NULL;NULL;NULL;NULL;EN PROCESO DE INVESTIGACIÓN;NO CUENTA CON CAUSA ESPECIFICA;Mariscal SImón Bolívar;14/8/2022;-71.581899
A-2022-08-66;00:00.0;CHOQUE;1;0;2;LAMBAYEQUE;CHICLAYO;CHICLAYO;URBANA;AVENIDA;URBANO;NO CORRESPONDE;-6.768678;DESPEJADO;RESIDENCIAL;TRAMO RECTO;PLANA ;ASFALTADA;NULL;NULL;NULL;NULL;EN PROCESO DE INVESTIGACIÓN;NO CUENTA CON CAUSA ESPECIFICA;Avenida José Eufemio Lora y Lora;14/8/2022;-79.846529
A-2022-08-107;30:00.0;CHOQUE CON OBJETO FIJO;1;0;1;HUANUCO;LEONCIO PRADO;JOSE CRESPO Y CASTILLO;URBANA;AVENIDA;URBANO;NO CORRESPONDE;-8.935285;DESPEJADO;COMERCIAL;TRAMO RECTO;PLANA ;AFIRMADO;NULL;NULL;NULL;NULL;IMPRUDENCIA DEL CONDUCTOR;CONDUCIR EN ESTADO DE EBRIEDAD Y/O DROGADICCIÓN;Malecon Huallaga;14/8/2022;-76.118989
A-2022-08-32;30:00.0;DESPISTE;1;1;1;LA LIBERTAD;TRUJILLO;SALAVERRY;URBANA;CALLE;URBANO;NO CORRESPONDE;-8.186819;DESPEJADO;RESIDENCIAL;TRAMO RECTO;PLANA ;ASFALTADA;NULL;NULL;NULL;NULL;EN PROCESO DE INVESTIGACIÓN;NO CUENTA CON CAUSA ESPECIFICA;Calle San Francisco;14/8/2022;-78.985537
A-2022-08-11;40:00.0;CHOQUE;1;0;2;ICA;ICA;SANTIAGO;RURAL;CARRETERA;NACIONAL;PE-1S;-14.390245;DESPEJADO;RURAL;TRAMO RECTO;PLANA ;ASFALTADA;NULL;NULL;NULL;NULL;IMPRUDENCIA DEL CONDUCTOR;FATIGA Y/O CANSANCIO;Carretera Panamericana Sur;14/8/2022;-75.601089
A-2022-08-157;30:00.0;VOLCADURA;1;0;NULL;LIMA;LIMA;COMAS;URBANA;AVENIDA;URBANO;NO CORRESPONDE;-11.905806;DESPEJADO;COMERCIAL;TRAMO RECTO;PLANA ;ASFALTADA;NULL;NULL;NULL;NULL;EN PROCESO DE INVESTIGACIÓN;NO CUENTA CON CAUSA ESPECIFICA;Avenida Universitaria;14/8/2022;-77.042922
A-2022-08-52;00:00.0;DESPISTE;1;0;1;CUSCO;QUISPICANCHI;MARCAPATA;RURAL;CARRETERA;NACIONAL;PE-30C;-13.577671;DESPEJADO;RURAL;CURVA;PLANA ;ASFALTADA;SI;PREVENTIVA (P);NULL;SI;IMPRUDENCIA DEL CONDUCTOR;EXCESO DE VELOCIDAD;Interoceánica Sur;14/8/2022;-70.925611
A-2022-08-181;40:00.0;CHOQUE;1;0;1;TACNA;TACNA;LA YARADA LOS PALOS;RURAL;CARRETERA;NACIONAL;PE-1SD;-18.149862;SOLEADO;RURAL;TRAMO RECTO;PLANA ;ASFALTADA;NULL;NULL;NULL;NULL;IMPRUDENCIA DEL CONDUCTOR;CONDUCIR EN ESTADO DE EBRIEDAD Y/O DROGADICCIÓN;Carretera Costanera Sur;14/8/2022;-70.443709
A-2022-08-197;10:00.0;DESPISTE;1;1;1;CAJAMARCA;CELENDIN;JOSE GALVEZ;RURAL;CARRETERA;NACIONAL;PE-08B;-6.942012;DESPEJADO;RURAL;CURVA;PLANA ;ASFALTADA;NULL;NULL;NULL;NULL;EN PROCESO DE INVESTIGACIÓN;NO CUENTA CON CAUSA ESPECIFICA;PE-08B;14/8/2022;-78.190175
A-2022-08-271;00:00.0;ATROPELLO FUGA;1;0;NULL;LORETO;MAYNAS;SAN JUAN BAUTISTA;RURAL;CARRETERA;DEPARTAMENTAL;LO-103;-4.045891;DESPEJADO;RURAL;TRAMO RECTO;PLANA ;ASFALTADA;NULL;NULL;NULL;NULL;EN PROCESO DE INVESTIGACIÓN;NO CUENTA CON CAUSA ESPECIFICA;Carretera Iquitos - Nauta;14/8/2022;-73.437739
A-2022-08-67;00:00.0;DESPISTE;1;0;1;LAMBAYEQUE;CHICLAYO;REQUE;RURAL;CARRETERA;PROVINCIAL;LA-808;-6.840807;DESPEJADO;RURAL;TRAMO RECTO;PLANA ;ASFALTADA;SI;PREVENTIVA (P);NULL;NO;EN PROCESO DE INVESTIGACIÓN;NO CUENTA CON CAUSA ESPECIFICA;LA-808;14/8/2022;-79.790486
A-2022-08-220;30:00.0;DESPISTE;1;0;1;PIURA;SECHURA;SECHURA;RURAL;CARRETERA;NACIONAL;PE-1NK;-5.598874;DESPEJADO;RURAL;TRAMO RECTO;PLANA ;ASFALTADA;NULL;NULL;NULL;NULL;EN PROCESO DE INVESTIGACIÓN;NO CUENTA CON CAUSA ESPECIFICA;Antigua Carretera Panamericana Norte;14/8/2022;-80.835954
A-2022-08-188;36:00.0;ATROPELLO;1;0;NULL;HUANUCO;HUANUCO;HUANUCO;URBANA;JIRÓN;URBANO;NO CORRESPONDE;-9.929372;DESPEJADO;COMERCIAL;TRAMO RECTO;PLANA ;ASFALTADA;NULL;NULL;NULL;NULL;IMPRUDENCIA DEL PEATÓN;ESTADO DE EBRIEDAD Y/O DROGADICCIÓN;Jirón Huánuco;14/8/2022;-76.242904
A-2022-08-159;20:00.0;DESPISTE;1;0;NULL;LIMA;LIMA;VILLA MARIA DEL TRIUNFO;URBANA;AVENIDA;URBANO;NO CORRESPONDE;-12.169856;DESPEJADO;RESIDENCIAL;TRAMO RECTO;PLANA ;ASFALTADA;NULL;NULL;NULL;NULL;EN PROCESO DE INVESTIGACIÓN;NO CUENTA CON CAUSA ESPECIFICA;Avenida Pachacútec;14/8/2022;-76.949848
A-2022-08-156;20:00.0;DESPISTE;1;1;NULL;LIMA;LIMA;MAGDALENA DEL MAR;URBANA;OTRO;URBANO;NO CORRESPONDE;-12.103738;DESPEJADO;COMERCIAL;TRAMO RECTO;PLANA ;ASFALTADA;NULL;NULL;NULL;NULL;EN PROCESO DE INVESTIGACIÓN;NO CUENTA CON CAUSA ESPECIFICA;Circuito de Playas;15/8/2022;-77.064008
A-2022-08-33;30:00.0;ATROPELLO;1;0;1;LA LIBERTAD;TRUJILLO;LA ESPERANZA;URBANA;AVENIDA;URBANO;NO CORRESPONDE;-8.056401;DESPEJADO;COMERCIAL;TRAMO RECTO;PLANA ;ASFALTADA;NULL;NULL;NULL;NULL;EN PROCESO DE INVESTIGACIÓN;NO CUENTA CON CAUSA ESPECIFICA;Avenida José Gabriel Condorcanqui;15/8/2022;-79.054344
A-2022-08-198;30:00.0;DESPISTE;1;1;1;CAJAMARCA;CAJABAMBA;SITACOCHA;RURAL;CARRETERA;DEPARTAMENTAL;CA-108;-7.481494;DESPEJADO;RURAL;CURVA;PLANA ;AFIRMADO;NULL;NULL;NULL;NULL;EN PROCESO DE INVESTIGACIÓN;NO CUENTA CON CAUSA ESPECIFICA;CA-108;15/8/2022;-77.967235
A-2022-08-14;05:00.0;CHOQUE;1;0;2;PUNO;EL COLLAO;PILCUYO;RURAL;CARRETERA;DEPARTAMENTAL;PU-127;-16.070021;DESPEJADO;RURAL;TRAMO RECTO;PLANA ;ASFALTADA;NULL;NULL;NULL;NULL;IMPRUDENCIA DEL CONDUCTOR;GIRAR IMPRUDENTEMENTE;PU-127;15/8/2022;-69.506303
A-2022-08-45;20:00.0;CHOQUE;1;0;2;CUSCO;ANTA;LIMATAMBO;RURAL;CARRETERA;NACIONAL;PE-3S;-13.45163;DESPEJADO;RURAL;CURVA;INCLINADA;ASFALTADA;SI;PREVENTIVA (P);PREVENTIVA (P);SI;IMPRUDENCIA DEL CONDUCTOR;INVASIÓN DE CARRIL;Carretera Longitudinal de la Sierra Sur;15/8/2022;-72.411301
A-2022-08-113;00:00.0;DESPISTE;1;1;NULL;MOQUEGUA;GENERAL SANCHEZ CERRO;OMATE;NULL;CARRETERA;DEPARTAMENTAL;MO-108;-16.704679;NULL;NULL;NULL;NULL;NULL;NULL;NULL;NULL;NULL;EN PROCESO DE INVESTIGACIÓN;NO CUENTA CON CAUSA ESPECIFICA;MO-108;15/8/2022;-70.994454
A-2022-08-21;10:00.0;DESPISTE;1;5;1;AREQUIPA;CAYLLOMA;LLUTA;RURAL;CARRETERA;PROVINCIAL;AR-704;-16.028624;DESPEJADO;RURAL;CURVA;PLANA ;TROCHA;NULL;NULL;NULL;NULL;EN PROCESO DE INVESTIGACIÓN;NO CUENTA CON CAUSA ESPECIFICA;Lluta;15/8/2022;-72.022687
A-2022-08-68;00:00.0;CHOQUE;1;0;2;LAMBAYEQUE;LAMBAYEQUE;MOCHUMI;URBANA;CARRETERA;NACIONAL;PE-1NJ;-6.541648;DESPEJADO;ESCOLAR;TRAMO RECTO;PLANA ;ASFALTADA;SI;REGULADORA (R);NULL;SI;EN PROCESO DE INVESTIGACIÓN;NO CUENTA CON CAUSA ESPECIFICA;Calle Marcial Barreto;15/8/2022;-79.864795
A-2022-08-16;30:00.0;CHOQUE;1;1;1;PUNO;CHUCUITO;JULI;RURAL;CARRETERA;NACIONAL;PE-3S;-16.216189;DESPEJADO;RURAL;TRAMO RECTO;PLANA ;ASFALTADA;NULL;NULL;NULL;NULL;IMPRUDENCIA DEL CONDUCTOR;CONDUCIR EN ESTADO DE EBRIEDAD Y/O DROGADICCIÓN;Carretera Longitudinal de la Sierra Sur;15/8/2022;-69.499112
A-2022-08-222;00:00.0;CHOQUE;1;0;2;PIURA;PIURA;CASTILLA;RURAL;CARRETERA;DEPARTAMENTAL;PI-126;-5.105398;DESPEJADO;RURAL;CURVA;PLANA ;ASFALTADA;NULL;NULL;NULL;NULL;EN PROCESO DE INVESTIGACIÓN;NO CUENTA CON CAUSA ESPECIFICA;Carretera Tambo Grande - Piura;16/8/2022;-80.601467
A-2022-08-178;15:00.0;CHOQUE;1;1;NULL;ANCASH;CASMA;CASMA;RURAL;CARRETERA;NACIONAL;PE-1N;-9.438507;DESPEJADO;RURAL;TRAMO RECTO;PLANA ;ASFALTADA;NULL;NULL;NULL;NULL;EN PROCESO DE INVESTIGACIÓN;NO CUENTA CON CAUSA ESPECIFICA;Panamericana Norte;16/8/2022;-78.355124
A-2022-08-232;00:00.0;CHOQUE;1;1;2;LORETO;MAYNAS;SAN JUAN BAUTISTA;URBANA;CALLE;URBANO;NO CORRESPONDE;-3.766244;DESPEJADO;RURAL;TRAMO RECTO;PLANA ;ASFALTADA;NULL;NULL;NULL;NULL;IMPRUDENCIA DEL CONDUCTOR;EXCESO DE VELOCIDAD;San Juan;16/8/2022;-73.3045
A-2022-08-56;50:00.0;CHOQUE;8;0;2;CUSCO;CANCHIS;MARANGANI;RURAL;CARRETERA;NACIONAL;PE-3S;-14.349937;DESPEJADO;RURAL;CURVA;PLANA ;ASFALTADA;SI;PREVENTIVA (P);NULL;SI;IMPRUDENCIA DEL CONDUCTOR;INVASIÓN DE CARRIL;Carretera Longitudinal de la Sierra Sur;16/8/2022;-71.177786
A-2022-08-231;20:00.0;DESPISTE;1;0;1;PIURA;MORROPON;SAN JUAN DE BIGOTE;RURAL;CARRETERA;PROVINCIAL;PI-883;-5.316975;DESPEJADO;RURAL;TRAMO RECTO;INCLINADA;TROCHA;NULL;NULL;NULL;NULL;EN PROCESO DE INVESTIGACIÓN;NO CUENTA CON CAUSA ESPECIFICA;La Pareja;16/8/2022;-79.749455
A-2022-08-24;45:00.0;ATROPELLO;1;0;1;TUMBES;TUMBES;TUMBES;URBANA;CARRETERA;NACIONAL;PE-1N;-3.556173;DESPEJADO;RESIDENCIAL;TRAMO RECTO;PLANA ;ASFALTADA;NULL;NULL;NULL;NULL;IMPRUDENCIA DEL PEATÓN;CRUCE INDEBIDO POR LA CALZADA;Avenida Tumbes Norte;16/8/2022;-80.44382
A-2022-08-189;00:00.0;ATROPELLO;1;0;1;HUANUCO;HUANUCO;QUISQUI (KICHKI);RURAL;CARRETERA;NACIONAL;PE-3N;-9.921653;DESPEJADO;RURAL;TRAMO RECTO;PLANA ;TROCHA;NULL;NULL;NULL;NULL;IMPRUDENCIA DEL PEATÓN;ESTADO DE EBRIEDAD Y/O DROGADICCIÓN;Carretera Longitudinal de la Sierra Norte;16/8/2022;-76.359124
A-2022-08-29;40:00.0;CHOQUE;1;1;2;ICA;NASCA;NASCA;URBANA;CARRETERA;NACIONAL;PE-1S;-14.867759;DESPEJADO;COMERCIAL;TRAMO RECTO;PLANA ;ASFALTADA;NULL;NULL;NULL;NULL;EN PROCESO DE INVESTIGACIÓN;NO CUENTA CON CAUSA ESPECIFICA;Carretera Panamericana Sur;17/8/2022;-74.983777
A-2022-08-154;40:00.0;CHOQUE;2;0;2;LIMA;LIMA;VILLA MARIA DEL TRIUNFO;URBANA;AVENIDA;URBANO;NO CORRESPONDE;-12.159876;DESPEJADO;COMERCIAL;INTERSECCIÓN;PLANA ;ASFALTADA;NULL;NULL;NULL;NULL;EN PROCESO DE INVESTIGACIÓN;NO CUENTA CON CAUSA ESPECIFICA;Calle Ricardo Palma;17/8/2022;-76.939373
A-2022-08-35;45:00.0;DESPISTE;1;0;1;LA LIBERTAD;VIRU;CHAO;RURAL;CARRETERA;NACIONAL;PE-1N;-8.50491;DESPEJADO;RURAL;TRAMO RECTO;PLANA ;ASFALTADA;NULL;NULL;NULL;NULL;IMPRUDENCIA DEL CONDUCTOR;EXCESO DE VELOCIDAD;Panamericana Norte;17/8/2022;-78.688881
A-2022-08-23;30:00.0;DESPISTE;1;0;NULL;PUNO;CHUCUITO;JULI;RURAL;CARRETERA;DEPARTAMENTAL;PU-129;-16.379705;DESPEJADO;RURAL;TRAMO RECTO;PLANA ;ASFALTADA;NULL;NULL;NULL;NULL;IMPRUDENCIA DEL CONDUCTOR;OTRO (IMPRUDENCIA DEL CONDUCTOR);PU-129;17/8/2022;-69.458217
A-2022-08-130;50:00.0;CHOQUE;1;3;2;PUNO;SAN ROMAN;CABANILLAS;RURAL;CARRETERA;NACIONAL;PE-34A;-15.679068;DESPEJADO;RURAL;TRAMO RECTO;PLANA ;ASFALTADA;NULL;NULL;NULL;NULL;IMPRUDENCIA DEL CONDUCTOR;EXCESO DE VELOCIDAD;Héroes de La Guerra del Pacífico;17/8/2022;-70.403944
A-2022-08-201;30:00.0;DESPISTE;1;1;1;CAJAMARCA;CAJABAMBA;CACHACHI;RURAL;CARRETERA;DEPARTAMENTAL;CA-111;-7.670727;DESPEJADO;RURAL;CURVA;INCLINADA;AFIRMADO;NULL;NULL;NULL;NULL;EN PROCESO DE INVESTIGACIÓN;NO CUENTA CON CAUSA ESPECIFICA;CA-111;17/8/2022;-78.195609
A-2022-08-53;20:00.0;DESPISTE;1;2;1;ICA;ICA;SALAS;URBANA;CARRETERA;NACIONAL;PE-1S;-13.934904;DESPEJADO;COMERCIAL;TRAMO RECTO;PLANA ;ASFALTADA;NULL;NULL;NULL;NULL;EN PROCESO DE INVESTIGACIÓN;NO CUENTA CON CAUSA ESPECIFICA;Carretera Panamericana Sur;17/8/2022;-75.865394
A-2022-08-116;20:00.0;ATROPELLO FUGA;1;0;NULL;LIMA;BARRANCA;SUPE PUERTO;RURAL;CARRETERA;DEPARTAMENTAL;LM-100;-10.788253;LLUVIOSO;RURAL;TRAMO RECTO;PLANA ;ASFALTADA;NULL;NULL;NULL;NULL;EN PROCESO DE INVESTIGACIÓN;NO CUENTA CON CAUSA ESPECIFICA;Antigua Panamericana Norte;18/8/2022;-77.741837
A-2022-08-114;50:00.0;CHOQUE;1;0;2;PASCO;PASCO;HUARIACA;URBANA;CARRETERA;NACIONAL;PE-3N;-10.439005;DESPEJADO;COMERCIAL;SINUOSA;INCLINADA;ASFALTADA;SI;INFORMATIVA (I);NULL;SI;EN PROCESO DE INVESTIGACIÓN;NO CUENTA CON CAUSA ESPECIFICA;Carretera Longitudinal de la Sierra Norte;18/8/2022;-76.190835
A-2022-08-238;30:00.0;DESPISTE;1;1;1;JUNIN;JAUJA;CURICACA;RURAL;CARRETERA;NACIONAL;PE-3S;-11.790829;DESPEJADO;RURAL;TRAMO RECTO;PLANA ;ASFALTADA;NULL;NULL;NULL;NULL;IMPRUDENCIA DEL CONDUCTOR;EXCESO DE VELOCIDAD;Carretera Longitudinal de la Sierra Sur;18/8/2022;-75.689401
A-2022-08-96;20:00.0;DESPISTE;1;0;1;CUSCO;CUSCO;SANTIAGO;URBANA;CALLE;URBANO;NO CORRESPONDE;-13.555658;DESPEJADO;RURAL;CURVA;PLANA ;AFIRMADO;NULL;NULL;NULL;NULL;IMPRUDENCIA DEL CONDUCTOR;CONDUCIR EN ESTADO DE EBRIEDAD Y/O DROGADICCIÓN;Huamancharpa;18/8/2022;-71.993234
A-2022-08-254;15:00.0;VOLCADURA;1;0;2;JUNIN;SATIPO;SATIPO;URBANA;AVENIDA;URBANO;NO CORRESPONDE;-11.246691;DESPEJADO;COMERCIAL;INTERSECCIÓN;PLANA ;ASFALTADA;NULL;NULL;NULL;NULL;IMPRUDENCIA DEL CONDUCTOR;EXCESO DE VELOCIDAD;Pasaje Raymondi;18/8/2022;-74.634102
A-2022-08-202;40:00.0;VOLCADURA;1;0;1;CAJAMARCA;CAJAMARCA;LOS BAÑOS DEL INCA;RURAL;CARRETERA;NACIONAL;PE-08B;-7.164982;DESPEJADO;RURAL;TRAMO RECTO;PLANA ;ASFALTADA;NULL;NULL;NULL;NULL;EN PROCESO DE INVESTIGACIÓN;NO CUENTA CON CAUSA ESPECIFICA;PE-08B;18/8/2022;-78.475735
A-2022-08-153;40:00.0;CHOQUE;1;0;2;LIMA;LIMA;LOS OLIVOS;URBANA;AVENIDA;URBANO;NO CORRESPONDE;-11.971735;DESPEJADO;COMERCIAL;TRAMO RECTO;PLANA ;ASFALTADA;NULL;NULL;NULL;NULL;EN PROCESO DE INVESTIGACIÓN;NO CUENTA CON CAUSA ESPECIFICA;Avenida Universitaria;19/8/2022;-77.0756
A-2022-08-58;55:00.0;ATROPELLO;1;0;0;CUSCO;QUISPICANCHI;OCONGATE;RURAL;CARRETERA;PROVINCIAL;CU-1393;-13.6672;DESPEJADO;RURAL;TRAMO RECTO;PLANA ;TROCHA;NULL;NULL;NULL;NULL;EN PROCESO DE INVESTIGACIÓN;NO CUENTA CON CAUSA ESPECIFICA;CU-1363;19/8/2022;-71.3583
A-2022-08-150;50:00.0;CAÍDA DE PASAJERO;1;0;0;LIMA;LIMA;ATE;URBANA;CALLE;URBANO;NO CORRESPONDE;-12.030553;DESPEJADO;COMERCIAL;TRAMO RECTO;PLANA ;ASFALTADA;NULL;NULL;NULL;NULL;EN PROCESO DE INVESTIGACIÓN;NO CUENTA CON CAUSA ESPECIFICA;Vitarte;19/8/2022;-76.925873
A-2022-08-132;30:00.0;CHOQUE;2;0;2;PUNO;SAN ROMAN;SAN MIGUEL;RURAL;CARRETERA;NACIONAL;PE-3S;-15.410757;DESPEJADO;RURAL;TRAMO RECTO;PLANA ;ASFALTADA;NULL;NULL;NULL;NULL;NEGLIGENCIA DEL CONDUCTOR;OTRO (NEGLIGENCIA DEL CONDUCTOR);Carretera Longitudinal de la Sierra Sur;20/8/2022;-70.149596
A-2022-08-131;00:00.0;VOLCADURA;1;0;1;PUNO;SAN ROMAN;SAN MIGUEL;URBANA;CARRETERA;NACIONAL;PE-34H;-15.47996;DESPEJADO;COMERCIAL;INTERSECCIÓN;PLANA ;ASFALTADA;NULL;NULL;NULL;NULL;IMPRUDENCIA DEL CONDUCTOR;EXCESO DE VELOCIDAD;Avenida Huancané;20/8/2022;-70.11978
A-2022-08-151;20:00.0;DESPISTE;1;0;NULL;LIMA;LIMA;SAN JUAN DE LURIGANCHO;URBANA;AVENIDA;URBANO;NO CORRESPONDE;-11.962939;DESPEJADO;RESIDENCIAL;TRAMO RECTO;PLANA ;ASFALTADA;NULL;NULL;NULL;NULL;EN PROCESO DE INVESTIGACIÓN;NO CUENTA CON CAUSA ESPECIFICA;Avenida Circunvalación;20/8/2022;-76.981688
A-2022-08-80;30:00.0;DESPISTE;1;1;1;ANCASH;HUARI;HUANTAR;RURAL;CARRETERA;NACIONAL;PE-14A;-9.450385;DESPEJADO;RURAL;TRAMO RECTO;PLANA ;TROCHA;NULL;NULL;NULL;NULL;EN PROCESO DE INVESTIGACIÓN;NO CUENTA CON CAUSA ESPECIFICA;PE-14A;20/8/2022;-77.179807
A-2022-08-36;45:00.0;ATROPELLO;1;0;1;LA LIBERTAD;CHEPEN;PACANGA;RURAL;CARRETERA;NACIONAL;PE-1N;-7.080469;DESPEJADO;RURAL;TRAMO RECTO;PLANA ;ASFALTADA;NULL;NULL;NULL;NULL;EN PROCESO DE INVESTIGACIÓN;NO CUENTA CON CAUSA ESPECIFICA;Carretera Panamericana Norte;20/8/2022;-79.543838
A-2022-08-133;40:00.0;VOLCADURA;1;0;1;PUNO;AZANGARO;ARAPA;RURAL;CARRETERA;DEPARTAMENTAL;PU-113;-15.192898;DESPEJADO;RURAL;TRAMO RECTO;PLANA ;ASFALTADA;NULL;NULL;NULL;NULL;IMPRUDENCIA DEL CONDUCTOR;EXCESO DE VELOCIDAD;PU-113;21/8/2022;-70.109596
A-2022-08-269;00:00.0;CHOQUE;1;2;NULL;LORETO;MAYNAS;SAN JUAN BAUTISTA;RURAL;CARRETERA;PROVINCIAL;LO-528;-4.238342;DESPEJADO;RURAL;CURVA;PLANA ;ASFALTADA;NULL;NULL;NULL;NULL;IMPRUDENCIA DEL CONDUCTOR;CONDUCIR EN ESTADO DE EBRIEDAD Y/O DROGADICCIÓN;Cahuide;21/8/2022;-73.487453
A-2022-08-204;50:00.0;CHOQUE;1;4;2;CAJAMARCA;CAJABAMBA;CACHACHI;RURAL;CARRETERA;DEPARTAMENTAL;CA-111;-7.66647;DESPEJADO;RURAL;TRAMO RECTO;PLANA ;ASFALTADA;NULL;NULL;NULL;NULL;EN PROCESO DE INVESTIGACIÓN;NO CUENTA CON CAUSA ESPECIFICA;CA-111;21/8/2022;-78.189343
A-2022-08-152;00:00.0;ATROPELLO FUGA;1;0;NULL;LIMA;LIMA;LOS OLIVOS;URBANA;AVENIDA;URBANO;NO CORRESPONDE;-11.966787;DESPEJADO;RESIDENCIAL;TRAMO RECTO;PLANA ;ASFALTADA;NULL;NULL;NULL;NULL;EN PROCESO DE INVESTIGACIÓN;NO CUENTA CON CAUSA ESPECIFICA;Avenida Los Próceres de Huandoy;21/8/2022;-77.078679
A-2022-08-42;10:00.0;DESPISTE;1;5;1;CUSCO;LA CONVENCION;MARANURA;RURAL;CARRETERA;DEPARTAMENTAL;CU-107;-13.00493;DESPEJADO;RURAL;TRAMO RECTO;INCLINADA;TROCHA;NULL;NULL;NULL;NULL;IMPRUDENCIA DEL CONDUCTOR;FATIGA Y/O CANSANCIO;CU-107;21/8/2022;-72.62902