CÓDIGO SINIESTRO;HORA SINIESTRO;CLASE SINIESTRO;CANTIDAD DE FALLECIDOS;CANTIDAD DE LESIONADOS;CANTIDAD DE VEHICULOS DAÑADOS;DEPARTAMENTO;PROVINCIA;DISTRITO;ZONA;TIPO DE VÍA;RED VIAL;COD CARRETERA;COORDENADAS LATITUD;CONDICIÓN CLIMÁTICA;ZONIFICACIÓN;CARACTERÍSTICAS DE VÍA;PERFIL LONGITUDINAL VÍA;SUPERFICIE DE CALZADA;¿EXISTE SEÑAL VERTICAL?;CLASIFICACIÓN DE LA SEÑAL VERTICAL Nº 1;CLASIFICACIÓN DE LA SEÑAL VERTICAL Nº 2;¿EXISTE SEÑAL HORIZONTAL?;CAUSA FACTOR PRINCIPAL;CAUSA ESPECÍFICA;UBICACION;FECHA SINIESTRO;COORDENADAS LONGITUD
A-2022-08-199;00:00.0;ATROPELLO;1;0;1;UCAYALI;CORONEL PORTILLO;CAMPOVERDE;RURAL;CARRETERA;NACIONAL;PE-18C;-8.462914;DESPEJADO;RURAL;TRAMO RECTO;PLANA ;ASFALTADA;NULL;NULL;NULL;NULL;IMPRUDENCIA DEL PEATÓN;ESTADO DE EBRIEDAD Y/O DROGADICCIÓN;Carretera Federico Basadre;21/8/2022;-74.790434
A-2022-08-78;00:00.0;DESPISTE;4;17;1;CUSCO;LA CONVENCION;HUAYOPATA;RURAL;CARRETERA;NACIONAL;PE-28B;-13.134524;LLUVIOSO;RURAL;CURVA;INCLINADA;ASFALTADA;SI;PREVENTIVA (P);NULL;SI;IMPRUDENCIA DEL CONDUCTOR;OTRO (IMPRUDENCIA DEL CONDUCTOR);PE-28B;21/8/2022;-72.305511
A-2022-08-54;10:00.0;DESPISTE;1;0;1;ICA;ICA;PUEBLO NUEVO;URBANA;CARRETERA;NACIONAL;PE-1S;-14.123743;DESPEJADO;INDUSTRIAL;CURVA;PLANA ;ASFALTADA;NULL;NULL;NULL;NULL;EN PROCESO DE INVESTIGACIÓN;NO CUENTA CON CAUSA ESPECIFICA;Carretera Panamericana Sur;21/8/2022;-75.716513
A-2022-08-99;30:00.0;ATROPELLO FUGA;1;0;1;LA LIBERTAD;TRUJILLO;MOCHE;RURAL;CARRETERA;NACIONAL;PE-1N;-8.172859;DESPEJADO;RURAL;TRAMO RECTO;PLANA ;ASFALTADA;NULL;NULL;NULL;NULL;EN PROCESO DE INVESTIGACIÓN;NO CUENTA CON CAUSA ESPECIFICA;Panamericana Norte;21/8/2022;-78.999754
A-2022-08-108;30:00.0;ATROPELLO FUGA;1;0;NULL;HUANUCO;LEONCIO PRADO;LUYANDO;URBANA;CARRETERA;NACIONAL;PE-18A;-9.236276;DESPEJADO;COMERCIAL;TRAMO RECTO;PLANA ;ASFALTADA;NULL;NULL;NULL;NULL;EN PROCESO DE INVESTIGACIÓN;NO CUENTA CON CAUSA ESPECIFICA;Carretera Interoceánica Centro;21/8/2022;-75.990074
A-2022-08-38;05:00.0;ATROPELLO FUGA;1;0;NULL;PUNO;PUNO;PLATERIA;RURAL;CARRETERA;NACIONAL;PE-3S;-15.941424;DESPEJADO;RURAL;TRAMO RECTO;PLANA ;ASFALTADA;NULL;NULL;NULL;NULL;IMPRUDENCIA DEL CONDUCTOR;OTRO (IMPRUDENCIA DEL CONDUCTOR);Carretera Longitudinal de la Sierra Sur;22/8/2022;-69.860821
A-2022-08-179;00:00.0;CHOQUE;1;0;NULL;LA LIBERTAD;VIRU;GUADALUPITO;RURAL;CARRETERA;NACIONAL;PE-1N;-8.966218;DESPEJADO;RURAL;PUENTE;PLANA ;ASFALTADA;NULL;NULL;NULL;NULL;EN PROCESO DE INVESTIGACIÓN;NO CUENTA CON CAUSA ESPECIFICA;Panamericana Norte;22/8/2022;-78.621979
A-2022-08-105;00:00.0;DESPISTE;1;0;1;HUANCAVELICA;HUANCAVELICA;YAULI;RURAL;CARRETERA;DEPARTAMENTAL;HV-112;-12.783613;DESPEJADO;RURAL;CURVA;PLANA ;AFIRMADO;NULL;NULL;NULL;NULL;EN PROCESO DE INVESTIGACIÓN;NO CUENTA CON CAUSA ESPECIFICA;HV-112;22/8/2022;-74.878034
A-2022-08-57;30:00.0;DESPISTE;2;0;1;CUSCO;CHUMBIVILCAS;COLQUEMARCA;RURAL;CARRETERA;SIN CLASIFICAR;SIN CLASIFICAR;-14.177912;DESPEJADO;RURAL;CURVA;INCLINADA;TROCHA;NULL;NULL;NULL;NULL;IMPRUDENCIA DEL CONDUCTOR;CONDUCIR EN ESTADO DE EBRIEDAD Y/O DROGADICCIÓN;Colquemarca;22/8/2022;-72.072791
A-2022-08-49;50:00.0;CHOQUE;1;1;2;LA LIBERTAD;VIRU;VIRU;RURAL;CARRETERA;NACIONAL;PE-1N;-8.364427;DESPEJADO;RURAL;TRAMO RECTO;PLANA ;ASFALTADA;NULL;NULL;NULL;NULL;IMPRUDENCIA DEL CONDUCTOR;INVASIÓN DE CARRIL;Panamericana Norte;22/8/2022;-78.870685
A-2022-08-255;45:00.0;CHOQUE;1;1;2;ICA;CHINCHA;ALTO LARAN;RURAL;CARRETERA;PROVINCIAL;IC-514;-13.453583;DESPEJADO;RURAL;CURVA;PLANA ;ASFALTADA;NULL;NULL;NULL;NULL;EN PROCESO DE INVESTIGACIÓN;NO CUENTA CON CAUSA ESPECIFICA;Alto Larán;22/8/2022;-76.086533
A-2024-09-94;10:00.0;ATROPELLO;1;2;1;AYACUCHO;HUANTA;HUANTA;URBANA;CARRETERA;PROVINCIAL;AY-619;-12.936101;DESPEJADO;RESIDENCIAL;TRAMO RECTO;PLANA ;ASFALTADA;NULL;NULL;NULL;NULL;IMPRUDENCIA DEL CONDUCTOR;CONDUCIR EN ESTADO DE EBRIEDAD Y/O DROGADICCIÓN;Avenida Mariscal Castilla;14/9/2024;-74.251797
A-2024-09-104;00:00.0;ATROPELLO;1;0;NULL;LIMA;LIMA;BREÑA;URBANA;AVENIDA;URBANO;NO CORRESPONDE;-12.069591;DESPEJADO;ESCOLAR;TRAMO RECTO;PLANA ;ASFALTADA;SI;PREVENTIVA (P);NULL;NO;EN PROCESO DE INVESTIGACIÓN;NO CUENTA CON CAUSA ESPECIFICA;Avenida Brasil;14/9/2024;-77.049411
A-2024-09-19;00:00.0;ATROPELLO FUGA;1;0;NULL;LA LIBERTAD;TRUJILLO;VICTOR LARCO HERRERA;URBANA;CARRETERA;NACIONAL;PE-1N;-8.142347;DESPEJADO;INDUSTRIAL;TRAMO RECTO;PLANA ;ASFALTADA;NULL;NULL;NULL;NULL;EN PROCESO DE INVESTIGACIÓN;NO CUENTA CON CAUSA ESPECIFICA;Avenida 2 de Mayo;15/9/2024;-79.0505
A-2024-09-41;30:00.0;DESPISTE;1;0;NULL;HUANCAVELICA;ANGARAES;LIRCAY;RURAL;PUENTE;URBANO;NO CORRESPONDE;-12.982153;NUBLADO;RURAL;PUENTE;PLANA ;ASFALTADA;NULL;NULL;NULL;NULL;EN PROCESO DE INVESTIGACIÓN;NO CUENTA CON CAUSA ESPECIFICA;Lircay;15/9/2024;-74.720765
A-2024-09-40;00:00.0;DESPISTE;1;1;1;HUANCAVELICA;ACOBAMBA;MARCAS;RURAL;CARRETERA;NACIONAL;PE-3SM;-12.912209;NUBLADO;RURAL;TRAMO RECTO;PLANA ;AFIRMADO;NULL;NULL;NULL;NULL;EN PROCESO DE INVESTIGACIÓN;NO CUENTA CON CAUSA ESPECIFICA;Carretera Acobamba - Huanta;15/9/2024;-74.436336
A-2024-09-71;00:00.0;DESPISTE;1;0;NULL;APURIMAC;ANDAHUAYLAS;KISHUARA;RURAL;CARRETERA;NACIONAL;PE-3S;-13.682855;LLUVIOSO;RURAL;CURVA;PLANA ;ASFALTADA;NULL;NULL;NULL;NULL;IMPRUDENCIA DEL CONDUCTOR;EXCESO DE VELOCIDAD;Carretera Longitudinal de la Sierra Sur;15/9/2024;-73.130792
A-2024-09-60;15:00.0;CHOQUE;1;1;2;ICA;CHINCHA;PUEBLO NUEVO;URBANA;AVENIDA;URBANO;NO CORRESPONDE;-13.389845;DESPEJADO;ESCOLAR;INTERSECCIÓN;PLANA ;ASFALTADA;SI;PREVENTIVA (P);PREVENTIVA (P);NO;IMPRUDENCIA DEL CONDUCTOR;NO DAR PASO PREFERENTE AL PEATÓN;Las Begonias;15/9/2024;-76.147706
A-2024-09-78;00:00.0;DESPISTE;1;2;NULL;CUSCO;LA CONVENCION;SANTA ANA;URBANA;PASAJE;URBANO;NO CORRESPONDE;-12.870897;DESPEJADO;RURAL;TRAMO RECTO;PLANA ;AFIRMADO;NULL;NULL;NULL;NULL;IMPRUDENCIA DEL CONDUCTOR;EXCESO DE VELOCIDAD;Barrial Alta;15/9/2024;-72.702054
A-2024-09-73;30:00.0;ATROPELLO FUGA;1;0;1;CAJAMARCA;JAEN;JAEN;RURAL;CARRETERA;NACIONAL;PE-5N;-5.684694;DESPEJADO;RURAL;TRAMO RECTO;PLANA ;ASFALTADA;NULL;NULL;NULL;NULL;EN PROCESO DE INVESTIGACIÓN;NO CUENTA CON CAUSA ESPECIFICA;PE-5N;15/9/2024;-78.787696
A-2024-09-91;30:00.0;DESPISTE;2;0;1;CAJAMARCA;SAN IGNACIO;TABACONAS;RURAL;CARRETERA;NACIONAL;PE-02B;-5.314093;DESPEJADO;RURAL;TRAMO RECTO;PLANA ;AFIRMADO;NULL;NULL;NULL;NULL;IMPRUDENCIA DEL CONDUCTOR;EXCESO DE VELOCIDAD;PE-02B;15/9/2024;-79.129622
A-2024-09-105;00:00.0;ATROPELLO FUGA;1;0;NULL;LIMA;LIMA;LURIN;URBANA;CALLE;URBANO;NO CORRESPONDE;-12.24088;DESPEJADO;RESIDENCIAL;INTERSECCIÓN;PLANA ;AFIRMADO;NULL;NULL;NULL;NULL;EN PROCESO DE INVESTIGACIÓN;NO CUENTA CON CAUSA ESPECIFICA;Lurín;16/9/2024;-76.893518
A-2024-09-106;15:00.0;ATROPELLO;1;0;NULL;LIMA;LIMA;LURIGANCHO;URBANA;CARRETERA;NACIONAL;PE-22;-11.922595;DESPEJADO;COMERCIAL;CURVA;INCLINADA;ASFALTADA;NO;NULL;NULL;SI;EN PROCESO DE INVESTIGACIÓN;NO CUENTA CON CAUSA ESPECIFICA;Avenida Lima Norte;16/9/2024;-76.678706
A-2024-09-81;00:00.0;CHOQUE;1;0;NULL;LIMA;LIMA;SURQUILLO;URBANA;AVENIDA;URBANO;NO CORRESPONDE;-12.113617;DESPEJADO;COMERCIAL;TRAMO RECTO;PLANA ;ASFALTADA;NULL;NULL;NULL;NULL;EN PROCESO DE INVESTIGACIÓN;NO CUENTA CON CAUSA ESPECIFICA;Avenida Tomás Marsano;16/9/2024;-77.011547
A-2024-09-20;00:00.0;DESPISTE;1;0;1;LA LIBERTAD;SANTIAGO DE CHUCO;QUIRUVILCA;RURAL;CARRETERA;NACIONAL;PE-3N;-7.986597;DESPEJADO;RURAL;TRAMO RECTO;PLANA ;TROCHA;NULL;NULL;NULL;NULL;EN PROCESO DE INVESTIGACIÓN;NO CUENTA CON CAUSA ESPECIFICA;Carretera Longitudinal de la Sierra Norte;16/9/2024;-78.272309
A-2024-09-21;30:00.0;CHOQUE;6;48;2;LA LIBERTAD;ASCOPE;CHICAMA;RURAL;CARRETERA;NACIONAL;PE-1NF;-7.81105;DESPEJADO;RURAL;TRAMO RECTO;PLANA ;AFIRMADO;NULL;NULL;NULL;NULL;IMPRUDENCIA DEL CONDUCTOR;OTRO (IMPRUDENCIA DEL CONDUCTOR);Carretera Chicama - Casa Grande;17/9/2024;-79.142405
A-2024-09-107;50:00.0;ATROPELLO;1;0;NULL;LIMA;LIMA;INDEPENDENCIA;URBANA;AVENIDA;URBANO;NO CORRESPONDE;-11.989355;DESPEJADO;COMERCIAL;CURVA;PLANA ;ASFALTADA;NO;NULL;NULL;SI;EN PROCESO DE INVESTIGACIÓN;NO CUENTA CON CAUSA ESPECIFICA;Avenida Alfredo Mendiola;17/9/2024;-77.063845
A-2024-09-108;15:00.0;CHOQUE;1;1;NULL;LIMA;LIMA;ATE;URBANA;CARRETERA;NACIONAL;PE-1S;-12.084009;DESPEJADO;COMERCIAL;TRAMO RECTO;INCLINADA;ASFALTADA;NULL;NULL;NULL;NULL;EN PROCESO DE INVESTIGACIÓN;NO CUENTA CON CAUSA ESPECIFICA;Vía de Evitamiento;17/9/2024;-76.981428
A-2024-09-29;55:00.0;DESPISTE;6;0;1;LA LIBERTAD;PATAZ;HUANCASPATA;RURAL;SIN CLASIFICAR;SIN CLASIFICAR;SIN CLASIFICAR;-8.370646;DESPEJADO;RURAL;TRAMO RECTO;PLANA ;TROCHA;NULL;NULL;NULL;NULL;EN PROCESO DE INVESTIGACIÓN;NO CUENTA CON CAUSA ESPECIFICA;Pariamarca;18/9/2024;-77.345564
A-2024-09-52;00:00.0;CHOQUE;1;2;NULL;AREQUIPA;AREQUIPA;UCHUMAYO;RURAL;CARRETERA;DEPARTAMENTAL;AR-115;-16.52502;NULL;NULL;NULL;NULL;NULL;NULL;NULL;NULL;NULL;EN PROCESO DE INVESTIGACIÓN;NO CUENTA CON CAUSA ESPECIFICA;Nueva Carretera Cerro Verde;18/9/2024;-71.655224
A-2024-09-39;40:00.0;CHOQUE CON OBJETO FIJO;1;6;1;TUMBES;ZARUMILLA;AGUAS VERDES;RURAL;CARRETERA;NACIONAL;PE-1N;-3.510614;DESPEJADO;RURAL;TRAMO RECTO;PLANA ;ASFALTADA;NULL;NULL;NULL;NULL;IMPRUDENCIA DEL CONDUCTOR;OTRO (IMPRUDENCIA DEL CONDUCTOR);Carretera Panamericana Norte;18/9/2024;-80.248384
A-2024-09-23;45:00.0;CHOQUE;1;0;1;AREQUIPA;AREQUIPA;CERRO COLORADO;URBANA;CARRETERA;NACIONAL;PE-34A;-16.342841;DESPEJADO;COMERCIAL;TRAMO RECTO;PLANA ;ASFALTADA;NULL;NULL;NULL;NULL;EN PROCESO DE INVESTIGACIÓN;NO CUENTA CON CAUSA ESPECIFICA;Vía de Evitamiento;18/9/2024;-71.581436
A-2024-09-87;50:00.0;ESPECIAL;1;1;2;CAJAMARCA;CHOTA;CHOTA;URBANA;CARRETERA;DEPARTAMENTAL;CA-105;-6.489903;DESPEJADO;COMERCIAL;TRAMO RECTO;PLANA ;AFIRMADO;NULL;NULL;NULL;NULL;IMPRUDENCIA DEL CONDUCTOR;OTRO (IMPRUDENCIA DEL CONDUCTOR);CA-105;18/9/2024;-78.623124
A-2024-09-47;09:00.0;CHOQUE CON OBJETO FIJO;1;1;1;AREQUIPA;AREQUIPA;TIABAYA;URBANA;CALLE;URBANO;NO CORRESPONDE;-16.447224;DESPEJADO;ESCOLAR;TRAMO RECTO;PLANA ;ASFALTADA;NULL;NULL;NULL;NULL;EN PROCESO DE INVESTIGACIÓN;NO CUENTA CON CAUSA ESPECIFICA;Calle Junín;18/9/2024;-71.583275
A-2024-09-5;20:00.0;CHOQUE;1;0;2;PUNO;EL COLLAO;ILAVE;RURAL;CARRETERA;PROVINCIAL;PU-1153;-16.033955;DESPEJADO;RURAL;TRAMO RECTO;PLANA ;ASFALTADA;NULL;NULL;NULL;NULL;IMPRUDENCIA DEL CONDUCTOR;INVASIÓN DE CARRIL;Camicachi;19/9/2024;-69.594848
A-2024-09-77;30:00.0;ATROPELLO;1;0;NULL;CUSCO;CANAS;KUNTURKANKI;RURAL;CARRETERA;NACIONAL;PE-34F;-14.543048;DESPEJADO;RURAL;TRAMO RECTO;PLANA ;ASFALTADA;NULL;NULL;NULL;NULL;IMPRUDENCIA DEL PEATÓN;CRUCE INDEBIDO POR LA CALZADA;Carretera Espinar - Sicuani;19/9/2024;-71.300932
A-2024-09-48;40:00.0;DESPISTE;1;4;1;AREQUIPA;AREQUIPA;CHIGUATA;RURAL;CARRETERA;NACIONAL;PE-34C;-16.386778;DESPEJADO;RURAL;TRAMO RECTO;PLANA ;TROCHA;NULL;NULL;NULL;NULL;EN PROCESO DE INVESTIGACIÓN;NO CUENTA CON CAUSA ESPECIFICA;Carretera Arequipa - Santa Lucía;19/9/2024;-71.319889
A-2024-09-109;30:00.0;DESPISTE;1;0;NULL;LIMA;LIMA;ANCON;URBANA;CARRETERA;NACIONAL;PE-1N;-11.754669;DESPEJADO;COMERCIAL;TRAMO RECTO;PLANA ;ASFALTADA;NULL;NULL;NULL;NULL;EN PROCESO DE INVESTIGACIÓN;NO CUENTA CON CAUSA ESPECIFICA;Carretera Panamericana Norte;19/9/2024;-77.149984
A-2024-09-111;44:00.0;DESPISTE;1;1;NULL;LIMA;LIMA;ATE;URBANA;AVENIDA;URBANO;NO CORRESPONDE;-12.012841;DESPEJADO;COMERCIAL;INTERSECCIÓN;PLANA ;ASFALTADA;NULL;NULL;NULL;NULL;EN PROCESO DE INVESTIGACIÓN;NO CUENTA CON CAUSA ESPECIFICA;Huaycán;19/9/2024;-76.824497
A-2024-09-61;20:00.0;CHOQUE CON OBJETO FIJO;1;1;1;AMAZONAS;CHACHAPOYAS;LA JALCA;URBANA;CARRETERA;PROVINCIAL;AM-676;-6.486998;DESPEJADO;RURAL;CURVA;PLANA ;CONCRETO;NULL;NULL;NULL;NULL;EN PROCESO DE INVESTIGACIÓN;NO CUENTA CON CAUSA ESPECIFICA;Jirón Nube Azul;19/9/2024;-77.817442
A-2024-09-110;00:00.0;CHOQUE;1;0;NULL;LIMA;LIMA;ATE;URBANA;AVENIDA;URBANO;NO CORRESPONDE;-12.021853;DESPEJADO;INDUSTRIAL;TRAMO RECTO;PLANA ;ASFALTADA;NULL;NULL;NULL;NULL;EN PROCESO DE INVESTIGACIÓN;NO CUENTA CON CAUSA ESPECIFICA;Avenida Nicolás de Ayllón;19/9/2024;-76.907305
A-2024-09-88;40:00.0;ATROPELLO;1;0;1;CAJAMARCA;CAJAMARCA;SAN JUAN;URBANA;CARRETERA;NACIONAL;PE-08;-7.29192;DESPEJADO;COMERCIAL;TRAMO RECTO;INCLINADA;ASFALTADA;NULL;NULL;NULL;NULL;IMPRUDENCIA DEL PEATÓN;ESTADO DE EBRIEDAD Y/O DROGADICCIÓN;Jirón San Juan;19/9/2024;-78.504743
A-2024-09-49;00:00.0;ATROPELLO FUGA;1;0;NULL;AREQUIPA;CAYLLOMA;MAJES;URBANA;CALLE;URBANO;NO CORRESPONDE;-16.358304;DESPEJADO;COMERCIAL;TRAMO RECTO;PLANA ;ASFALTADA;NULL;NULL;NULL;NULL;EN PROCESO DE INVESTIGACIÓN;NO CUENTA CON CAUSA ESPECIFICA;Calle Sabandía;19/9/2024;-72.195267
A-2024-09-89;00:00.0;DESPISTE;1;0;1;CAJAMARCA;CHOTA;SAN JUAN DE LICUPIS;RURAL;CARRETERA;PROVINCIAL;CA-862;-6.562779;DESPEJADO;RURAL;CURVA;INCLINADA;AFIRMADO;NULL;NULL;NULL;NULL;NEGLIGENCIA DEL CONDUCTOR;OTRO (IMPRUDENCIA DEL CONDUCTOR);San Juan de Licupis;20/9/2024;-79.262486
A-2024-09-30;00:00.0;CHOQUE;3;0;2;LA LIBERTAD;TRUJILLO;HUANCHACO;URBANA;CARRETERA;NACIONAL;PE-1N;-8.112255;DESPEJADO;COMERCIAL;TRAMO RECTO;PLANA ;ASFALTADA;NULL;NULL;NULL;NULL;EN PROCESO DE INVESTIGACIÓN;NO CUENTA CON CAUSA ESPECIFICA;Carretera Panamericana Norte;20/9/2024;-79.094138
A-2024-09-112;00:00.0;ATROPELLO FUGA;1;0;NULL;LIMA;LIMA;PUENTE PIEDRA;URBANA;CARRETERA;NACIONAL;PE-1N;-11.867566;DESPEJADO;COMERCIAL;TRAMO RECTO;PLANA ;ASFALTADA;NULL;NULL;NULL;NULL;EN PROCESO DE INVESTIGACIÓN;NO CUENTA CON CAUSA ESPECIFICA;Carretera Panamericana Norte;21/9/2024;-77.072634
A-2024-09-76;30:00.0;DESPISTE;2;2;NULL;CUSCO;CANCHIS;MARANGANI;RURAL;CARRETERA;NACIONAL;PE-3S;-14.410213;DESPEJADO;RURAL;TRAMO RECTO;PLANA ;ASFALTADA;NULL;NULL;NULL;NULL;IMPRUDENCIA DEL CONDUCTOR;EXCESO DE VELOCIDAD;Carretera Longitudinal de la Sierra Sur;21/9/2024;-71.118553
A-2024-09-114;45:00.0;ATROPELLO;1;0;NULL;LIMA;LIMA;SANTA ANITA;URBANA;OTRO;URBANO;NO CORRESPONDE;-12.036674;DESPEJADO;COMERCIAL;TRAMO RECTO;PLANA ;ASFALTADA;NULL;NULL;NULL;NULL;EN PROCESO DE INVESTIGACIÓN;NO CUENTA CON CAUSA ESPECIFICA;Avenida de La Cultura;21/9/2024;-76.944784
A-2024-09-113;30:00.0;DESPISTE;1;0;NULL;LIMA;LIMA;PUEBLO LIBRE;URBANA;AVENIDA;URBANO;NO CORRESPONDE;-12.084032;DESPEJADO;COMERCIAL;CURVA;PLANA ;ASFALTADA;SI;REGULADORA (R);NULL;NO;EN PROCESO DE INVESTIGACIÓN;NO CUENTA CON CAUSA ESPECIFICA;Avenida de La Marina;21/9/2024;-77.06483
A-2024-09-115;30:00.0;DESPISTE;1;1;NULL;LIMA;LIMA;VILLA MARIA DEL TRIUNFO;URBANA;CALLE;URBANO;NO CORRESPONDE;-12.164164;DESPEJADO;RESIDENCIAL;TRAMO RECTO;INCLINADA;TROCHA;NULL;NULL;NULL;NULL;EN PROCESO DE INVESTIGACIÓN;NO CUENTA CON CAUSA ESPECIFICA;Villa María del Triunfo;21/9/2024;-76.934013
A-2024-09-13;00:00.0;DESPISTE;1;0;1;SAN MARTIN;RIOJA;PARDO MIGUEL;RURAL;CARRETERA;NACIONAL;PE-5N;-5.745756;DESPEJADO;RURAL;TRAMO RECTO;PLANA ;ASFALTADA;NO;NULL;NULL;NO;IMPRUDENCIA DEL CONDUCTOR;OTRO (IMPRUDENCIA DEL CONDUCTOR);Carretera Presidente Fernando Belaúnde Terry;21/9/2024;-77.481797
A-2024-09-31;30:00.0;DESPISTE;1;0;1;LA LIBERTAD;PATAZ;PARCOY;RURAL;CARRETERA;PROVINCIAL;LI-865;-7.9041;DESPEJADO;RURAL;TRAMO RECTO;PLANA ;TROCHA;NULL;NULL;NULL;NULL;IMPRUDENCIA DEL CONDUCTOR;FATIGA Y/O CANSANCIO;LI-866;21/9/2024;-77.531628
A-2024-09-42;00:00.0;DESPISTE;1;0;NULL;HUANCAVELICA;ANGARAES;LIRCAY;URBANA;CARRETERA;NACIONAL;PE-26B;-12.996856;DESPEJADO;RURAL;PUENTE;PLANA ;CONCRETO;NULL;NULL;NULL;NULL;EN PROCESO DE INVESTIGACIÓN;NO CUENTA CON CAUSA ESPECIFICA;PE-26B;21/9/2024;-74.734394
A-2024-09-116;40:00.0;ATROPELLO;1;0;NULL;LIMA;LIMA;SAN MARTIN DE PORRES;URBANA;CARRETERA;NACIONAL;PE-20J;-11.984732;DESPEJADO;COMERCIAL;TRAMO RECTO;PLANA ;ASFALTADA;NULL;NULL;NULL;NULL;EN PROCESO DE INVESTIGACIÓN;NO CUENTA CON CAUSA ESPECIFICA;Avenida Canta Callao;22/9/2024;-77.10063
A-2024-09-82;40:00.0;CHOQUE;1;0;NULL;LIMA;LIMA;SANTIAGO DE SURCO;URBANA;AVENIDA;URBANO;NO CORRESPONDE;-12.084759;DESPEJADO;COMERCIAL;TRAMO RECTO;PLANA ;ASFALTADA;NULL;NULL;NULL;NULL;EN PROCESO DE INVESTIGACIÓN;NO CUENTA CON CAUSA ESPECIFICA;Avenida Javier Prado Este;22/9/2024;-76.97898
A-2024-09-72;00:00.0;DESPISTE;1;0;NULL;APURIMAC;ANDAHUAYLAS;JOSE MARIA ARGUEDAS;RURAL;CARRETERA;NACIONAL;PE-30B;-13.762389;DESPEJADO;RURAL;TRAMO RECTO;PLANA ;TROCHA;NULL;NULL;NULL;NULL;IMPRUDENCIA DEL CONDUCTOR;CONDUCIR EN ESTADO DE EBRIEDAD Y/O DROGADICCIÓN;PE-30B;22/9/2024;-73.355544
A-2024-09-50;16:00.0;ATROPELLO;1;0;1;AREQUIPA;AREQUIPA;ALTO SELVA ALEGRE;URBANA;AVENIDA;URBANO;NO CORRESPONDE;-16.377715;DESPEJADO;COMERCIAL;TRAMO RECTO;PLANA ;ASFALTADA;NULL;NULL;NULL;NULL;EN PROCESO DE INVESTIGACIÓN;NO CUENTA CON CAUSA ESPECIFICA;Avenida Brasil;22/9/2024;-71.51412
A-2024-09-25;10:00.0;ATROPELLO FUGA;1;0;NULL;PUNO;CHUCUITO;ZEPITA;RURAL;CARRETERA;DEPARTAMENTAL;PU-130;-16.436002;DESPEJADO;RURAL;TRAMO RECTO;PLANA ;ASFALTADA;NULL;NULL;NULL;NULL;EN PROCESO DE INVESTIGACIÓN;NO CUENTA CON CAUSA ESPECIFICA;PU-130;23/9/2024;-69.064432
A-2024-09-117;50:00.0;ATROPELLO;1;0;NULL;LIMA;LIMA;LA VICTORIA;URBANA;AVENIDA;URBANO;NO CORRESPONDE;-12.06342;DESPEJADO;COMERCIAL;INTERSECCIÓN;PLANA ;ASFALTADA;NULL;NULL;NULL;NULL;EN PROCESO DE INVESTIGACIÓN;NO CUENTA CON CAUSA ESPECIFICA;Avenida Iquitos;23/9/2024;-77.030992
A-2024-09-28;20:00.0;CHOQUE FUGA;1;0;1;SAN MARTIN;MOYOBAMBA;MOYOBAMBA;RURAL;CARRETERA;NACIONAL;PE-5N;-6.04572;DESPEJADO;RURAL;TRAMO RECTO;INCLINADA;ASFALTADA;NULL;NULL;NULL;NULL;EN PROCESO DE INVESTIGACIÓN;NO CUENTA CON CAUSA ESPECIFICA;Carretera Presidente Fernando Belaúnde Terry;23/9/2024;-77.025005
A-2024-09-24;55:00.0;CHOQUE CON OBJETO FIJO;1;0;1;PUNO;EL COLLAO;ILAVE;URBANA;CARRETERA;NACIONAL;PE-3S;-16.089163;DESPEJADO;COMERCIAL;TRAMO RECTO;PLANA ;ASFALTADA;NULL;NULL;NULL;NULL;IMPRUDENCIA DEL CONDUCTOR;CONDUCIR EN ESTADO DE EBRIEDAD Y/O DROGADICCIÓN;Ilave;23/9/2024;-69.64303
A-2024-09-27;00:00.0;DESPISTE;1;0;NULL;PUNO;CHUCUITO;ZEPITA;RURAL;CARRETERA;DEPARTAMENTAL;PU-130;-16.474422;NULL;NULL;NULL;NULL;NULL;NULL;NULL;NULL;NULL;IMPRUDENCIA DEL CONDUCTOR;CONDUCIR EN ESTADO DE EBRIEDAD Y/O DROGADICCIÓN;PU-130;24/9/2024;-69.102336
A-2024-09-75;41:00.0;ATROPELLO;2;0;NULL;CUSCO;CUSCO;SAN JERONIMO;URBANA;CALLE;URBANO;NO CORRESPONDE;-13.543169;DESPEJADO;ESCOLAR;TRAMO RECTO;INCLINADA;CONCRETO;NULL;NULL;NULL;NULL;IMPRUDENCIA DEL CONDUCTOR;OTRO (IMPRUDENCIA DEL CONDUCTOR);San Jerónimo;24/9/2024;-71.904574
A-2024-09-32;50:00.0;DESPISTE;1;0;1;LA LIBERTAD;ASCOPE;CHOCOPE;RURAL;CARRETERA;NACIONAL;PE-1N;-7.794246;DESPEJADO;RURAL;TRAMO RECTO;PLANA ;ASFALTADA;NULL;NULL;NULL;NULL;IMPRUDENCIA DEL CONDUCTOR;OTRO (IMPRUDENCIA DEL CONDUCTOR);Carretera Panamericana Norte;24/9/2024;-79.209425
A-2024-09-93;00:00.0;DESPISTE;1;1;1;AYACUCHO;PARINACOCHAS;CORACORA;RURAL;CARRETERA;NACIONAL;PE-30A;-14.605142;DESPEJADO;RURAL;CURVA;INCLINADA;ASFALTADA;NULL;NULL;NULL;NULL;IMPRUDENCIA DEL CONDUCTOR;EXCESO DE VELOCIDAD;Carretera Nasca - Abancay;24/9/2024;-73.598382