CÓDIGO SINIESTRO;HORA SINIESTRO;CLASE SINIESTRO;CANTIDAD DE FALLECIDOS;CANTIDAD DE LESIONADOS;CANTIDAD DE VEHICULOS DAÑADOS;DEPARTAMENTO;PROVINCIA;DISTRITO;ZONA;TIPO DE VÍA;RED VIAL;COD CARRETERA;COORDENADAS LATITUD;CONDICIÓN CLIMÁTICA;ZONIFICACIÓN;CARACTERÍSTICAS DE VÍA;PERFIL LONGITUDINAL VÍA;SUPERFICIE DE CALZADA;¿EXISTE SEÑAL VERTICAL?;CLASIFICACIÓN DE LA SEÑAL VERTICAL Nº 1;CLASIFICACIÓN DE LA SEÑAL VERTICAL Nº 2;¿EXISTE SEÑAL HORIZONTAL?;CAUSA FACTOR PRINCIPAL;CAUSA ESPECÍFICA;UBICACION;FECHA SINIESTRO;COORDENADAS LONGITUD
A-2024-09-118;45:00.0;ATROPELLO;1;0;NULL;LIMA;LIMA;LA VICTORIA;URBANA;AVENIDA;URBANO;NO CORRESPONDE;-12.062089;DESPEJADO;COMERCIAL;INTERSECCIÓN;PLANA ;ASFALTADA;NULL;NULL;NULL;NULL;EN PROCESO DE INVESTIGACIÓN;NO CUENTA CON CAUSA ESPECIFICA;Avenida Jaime Bausate y Meza;25/9/2024;-77.010181
A-2024-09-67;50:00.0;CHOQUE;1;0;2;ICA;PALPA;PALPA;URBANA;CARRETERA;NACIONAL;PE-1S;-14.546213;DESPEJADO;COMERCIAL;INTERSECCIÓN;PLANA ;ASFALTADA;NULL;NULL;NULL;NULL;EN PROCESO DE INVESTIGACIÓN;NO CUENTA CON CAUSA ESPECIFICA;Carretera Panamericana Sur;25/9/2024;-75.187336
A-2024-09-119;20:00.0;ATROPELLO;1;0;NULL;LIMA;LIMA;LIMA;URBANA;AVENIDA;URBANO;NO CORRESPONDE;-12.055948;DESPEJADO;COMERCIAL;CURVA;PLANA ;ASFALTADA;NULL;NULL;NULL;NULL;EN PROCESO DE INVESTIGACIÓN;NO CUENTA CON CAUSA ESPECIFICA;Avenida Paseo de la República;26/9/2024;-77.035913
A-2024-09-33;00:00.0;DESPISTE;1;9;1;LA LIBERTAD;SANCHEZ CARRION;SARTIMBAMBA;RURAL;CARRETERA;SIN CLASIFICAR;SIN CLASIFICAR;-7.618432;DESPEJADO;RURAL;TRAMO RECTO;PLANA ;TROCHA;NULL;NULL;NULL;NULL;EN PROCESO DE INVESTIGACIÓN;NO CUENTA CON CAUSA ESPECIFICA;La Victoria;26/9/2024;-77.75263
A-2024-09-55;00:00.0;DESPISTE;1;0;1;LA LIBERTAD;OTUZCO;SALPO;RURAL;CARRETERA;PROVINCIAL;LI-1066;-8.027088;NUBLADO;RURAL;CURVA;PLANA ;TROCHA;NULL;NULL;NULL;NULL;EN PROCESO DE INVESTIGACIÓN;NO CUENTA CON CAUSA ESPECIFICA;Salpo;26/9/2024;-78.606448
A-2024-09-44;30:00.0;CHOQUE;1;0;3;SAN MARTIN;RIOJA;YURACYACU;RURAL;CARRETERA;DEPARTAMENTAL;SM-114;-5.946739;DESPEJADO;RURAL;CURVA;PLANA ;ASFALTADA;NULL;NULL;NULL;NULL;EN PROCESO DE INVESTIGACIÓN;NO CUENTA CON CAUSA ESPECIFICA;Carretera Rioja - Pueblo Libre;27/9/2024;-77.228506
A-2024-09-34;00:00.0;DESPISTE;9;2;1;LA LIBERTAD;VIRU;CHAO;RURAL;CARRETERA;DEPARTAMENTAL;LI-122;-8.468091;DESPEJADO;RURAL;TRAMO RECTO;PLANA ;TROCHA;NULL;NULL;NULL;NULL;EN PROCESO DE INVESTIGACIÓN;NO CUENTA CON CAUSA ESPECIFICA;LI-122;27/9/2024;-78.382377
A-2024-09-36;10:00.0;CHOQUE;1;0;NULL;PUNO;PUNO;PICHACANI;RURAL;CARRETERA;PROVINCIAL;PU-1102;-16.21711;NULL;NULL;NULL;NULL;NULL;NULL;NULL;NULL;NULL;IMPRUDENCIA DEL CONDUCTOR;INVASIÓN DE CARRIL;PU-1102;27/9/2024;-70.042518
A-2024-09-120;30:00.0;ATROPELLO;1;0;NULL;LIMA;LIMA;PUNTA HERMOSA;URBANA;AVENIDA;URBANO;NO CORRESPONDE;-12.328897;DESPEJADO;RESIDENCIAL;CURVA;PLANA ;ASFALTADA;NULL;NULL;NULL;NULL;EN PROCESO DE INVESTIGACIÓN;NO CUENTA CON CAUSA ESPECIFICA;Avenida Costa Peruana;27/9/2024;-76.830499
A-2024-09-121;15:00.0;ATROPELLO FUGA;1;0;NULL;LIMA;LIMA;VILLA MARIA DEL TRIUNFO;URBANA;JIRÓN;URBANO;NO CORRESPONDE;-12.193513;DESPEJADO;RESIDENCIAL;INTERSECCIÓN;INCLINADA;CONCRETO;NULL;NULL;NULL;NULL;EN PROCESO DE INVESTIGACIÓN;NO CUENTA CON CAUSA ESPECIFICA;Jirón Arica;28/9/2024;-76.925487
A-2024-09-35;30:00.0;ATROPELLO FUGA;1;0;NULL;LA LIBERTAD;VIRU;CHAO;RURAL;CARRETERA;NACIONAL;PE-1N;-8.649788;DESPEJADO;RURAL;TRAMO RECTO;PLANA ;ASFALTADA;NULL;NULL;NULL;NULL;EN PROCESO DE INVESTIGACIÓN;NO CUENTA CON CAUSA ESPECIFICA;Panamericana Norte;28/9/2024;-78.620174
A-2024-09-37;40:00.0;ATROPELLO FUGA;1;0;NULL;PUNO;CHUCUITO;DESAGUADERO;RURAL;CARRETERA;NACIONAL;PE-3S;-16.544116;NULL;NULL;NULL;NULL;NULL;NULL;NULL;NULL;NULL;EN PROCESO DE INVESTIGACIÓN;NO CUENTA CON CAUSA ESPECIFICA;Carretera Longitudinal de la Sierra Sur;29/9/2024;-69.054693
A-2024-09-68;50:00.0;CHOQUE;1;0;1;ICA;PISCO;PISCO;URBANA;AVENIDA;URBANO;NO CORRESPONDE;-13.71781;DESPEJADO;COMERCIAL;TRAMO RECTO;PLANA ;ASFALTADA;NULL;NULL;NULL;NULL;EN PROCESO DE INVESTIGACIÓN;NO CUENTA CON CAUSA ESPECIFICA;Avenida Las Américas;29/9/2024;-76.196872
A-2024-09-69;30:00.0;CHOQUE;1;0;2;ICA;ICA;ICA;RURAL;CARRETERA;DEPARTAMENTAL;IC-105;-14.079182;DESPEJADO;RURAL;TRAMO RECTO;PLANA ;TROCHA;NULL;NULL;NULL;NULL;EN PROCESO DE INVESTIGACIÓN;NO CUENTA CON CAUSA ESPECIFICA;Avenida Principal Comatrana;29/9/2024;-75.773745
A-2024-09-122;50:00.0;DESPISTE;1;0;NULL;LIMA;LIMA;SANTIAGO DE SURCO;URBANA;AVENIDA;URBANO;NO CORRESPONDE;-12.121305;DESPEJADO;ESCOLAR;TRAMO RECTO;PLANA ;ASFALTADA;NO;NULL;NULL;SI;EN PROCESO DE INVESTIGACIÓN;NO CUENTA CON CAUSA ESPECIFICA;Avenida Pedro Venturo;29/9/2024;-76.993392
A-2024-09-83;30:00.0;DESPISTE;1;0;NULL;CUSCO;ESPINAR;PICHIGUA;RURAL;CARRETERA;NACIONAL;PE-34F;-14.661652;DESPEJADO;RURAL;TRAMO RECTO;PLANA ;ASFALTADA;NULL;NULL;NULL;NULL;IMPRUDENCIA DEL CONDUCTOR;EXCESO DE VELOCIDAD;Carretera Espinar - Sicuani;29/9/2024;-71.264258
A-2024-09-51;06:00.0;CHOQUE;1;2;3;AREQUIPA;AREQUIPA;LA JOYA;URBANA;CARRETERA;DEPARTAMENTAL;AR-114;-16.484119;DESPEJADO;COMERCIAL;TRAMO RECTO;PLANA ;ASFALTADA;NULL;NULL;NULL;NULL;EN PROCESO DE INVESTIGACIÓN;NO CUENTA CON CAUSA ESPECIFICA;Carretera La Joya;29/9/2024;-71.845401
A-2024-09-53;30:00.0;ATROPELLO FUGA;1;0;NULL;CUSCO;ANTA;ANTA;RURAL;CARRETERA;NACIONAL;PE-3S;-13.476892;DESPEJADO;RURAL;CURVA;PLANA ;CONCRETO;NULL;NULL;NULL;NULL;IMPRUDENCIA DEL PEATÓN;CRUCE INDEBIDO POR LA CALZADA;Carretera Longitudinal de la Sierra Sur;30/9/2024;-72.1231
A-2024-09-123;40:00.0;ATROPELLO;1;0;NULL;LIMA;LIMA;LOS OLIVOS;URBANA;AVENIDA;URBANO;NO CORRESPONDE;-11.991252;DESPEJADO;COMERCIAL;INTERSECCIÓN;PLANA ;ASFALTADA;NO;NULL;NULL;SI;EN PROCESO DE INVESTIGACIÓN;NO CUENTA CON CAUSA ESPECIFICA;Avenida Carlos Alberto Izaguirre;30/9/2024;-77.071574
A-2024-10-1;40:00.0;DESPISTE;1;0;NULL;PUNO;PUNO;PUNO;URBANA;JIRÓN;URBANO;NO CORRESPONDE;-15.818403;NULL;NULL;NULL;NULL;NULL;NULL;NULL;NULL;NULL;IMPRUDENCIA DEL CONDUCTOR;EXCESO DE VELOCIDAD;Alto Puno;1/10/2024;-70.032479
A-2024-10-5;20:00.0;ATROPELLO;1;0;1;LA LIBERTAD;TRUJILLO;TRUJILLO;URBANA;AVENIDA;URBANO;NO CORRESPONDE;-8.093475;DESPEJADO;COMERCIAL;INTERSECCIÓN;PLANA ;ASFALTADA;NULL;NULL;NULL;NULL;EN PROCESO DE INVESTIGACIÓN;NO CUENTA CON CAUSA ESPECIFICA;Juan de la Cierva;1/10/2024;-79.016369
A-2024-10-56;12:00.0;CHOQUE;3;3;3;ICA;PISCO;SAN ANDRES;URBANA;CARRETERA;NACIONAL;PE-1SE;-13.763973;DESPEJADO;RURAL;TRAMO RECTO;PLANA ;ASFALTADA;NULL;NULL;NULL;NULL;EN PROCESO DE INVESTIGACIÓN;NO CUENTA CON CAUSA ESPECIFICA;Carretera Panamericana Sur;2/10/2024;-76.166958
A-2024-10-73;30:00.0;ATROPELLO;1;0;0;CAJAMARCA;CHOTA;CHOTA;URBANA;CARRETERA;SIN CLASIFICAR;SIN CLASIFICAR;-6.618267;DESPEJADO;COMERCIAL;TRAMO RECTO;PLANA ;AFIRMADO;NULL;NULL;NULL;NULL;IMPRUDENCIA DEL PEATÓN;OTRO (IMPRUDENCIA DEL PEATÓN);Chota;2/10/2024;-78.613303
A-2024-10-6;59:00.0;CAÍDA DE PASAJERO;1;0;1;LA LIBERTAD;SANCHEZ CARRION;SANAGORAN;RURAL;CARRETERA;PROVINCIAL;LI-819;-7.797014;DESPEJADO;RURAL;CURVA;PLANA ;TROCHA;NULL;NULL;NULL;NULL;EN PROCESO DE INVESTIGACIÓN;NO CUENTA CON CAUSA ESPECIFICA;Sanagorán;2/10/2024;-78.222587
A-2024-10-63;20:00.0;DESPISTE;1;0;NULL;APURIMAC;CHINCHEROS;RANRACANCHA;RURAL;CARRETERA;PROVINCIAL;AP-531;-13.529315;SOLEADO;RURAL;CURVA;INCLINADA;AFIRMADO;NULL;NULL;NULL;NULL;IMPRUDENCIA DEL CONDUCTOR;EXCESO DE VELOCIDAD;Mollebamba;3/10/2024;-73.556108
A-2024-10-71;00:00.0;CHOQUE;1;0;2;CAJAMARCA;SAN PABLO;SAN BERNARDINO;RURAL;CARRETERA;NACIONAL;PE-08;-7.216108;DESPEJADO;RURAL;CURVA;PLANA ;ASFALTADA;NULL;NULL;NULL;NULL;IMPRUDENCIA DEL CONDUCTOR;EXCESO DE VELOCIDAD;Carretera Ciudad de Dios - Cajamarca;3/10/2024;-78.773517
A-2024-10-125;40:00.0;CHOQUE;1;1;NULL;PIURA;SECHURA;SECHURA;RURAL;CARRETERA;PROVINCIAL;PI-1040;-5.523488;DESPEJADO;RURAL;TRAMO RECTO;PLANA ;ASFALTADA;NULL;NULL;NULL;NULL;IMPRUDENCIA DEL CONDUCTOR;EXCESO DE VELOCIDAD;Carretera Llicuar - Sechura;3/10/2024;-80.798012
A-2024-10-10;41:00.0;ATROPELLO;1;0;1;AREQUIPA;CAYLLOMA;MAJES;URBANA;CARRETERA;DEPARTAMENTAL;AR-108;-16.34083;SOLEADO;COMERCIAL;CURVA;PLANA ;ASFALTADA;NULL;NULL;NULL;NULL;EN PROCESO DE INVESTIGACIÓN;NO CUENTA CON CAUSA ESPECIFICA;Avenida Los Colonizadores;4/10/2024;-72.195032
A-2024-10-87;40:00.0;ATROPELLO;1;0;NULL;LIMA;LIMA;CARABAYLLO;URBANA;AVENIDA;URBANO;NO CORRESPONDE;-11.868076;DESPEJADO;COMERCIAL;TRAMO RECTO;PLANA ;ASFALTADA;SI;PREVENTIVA (P);NULL;NO;EN PROCESO DE INVESTIGACIÓN;NO CUENTA CON CAUSA ESPECIFICA;Avenida Túpac Amaru;4/10/2024;-77.012315
A-2024-10-88;20:00.0;CHOQUE;1;0;NULL;LIMA;LIMA;SANTA ANITA;URBANA;CARRETERA;NACIONAL;PE-1N;-12.043867;DESPEJADO;RESIDENCIAL;TRAMO RECTO;PLANA ;ASFALTADA;SI;REGULADORA (R);NULL;NO;EN PROCESO DE INVESTIGACIÓN;NO CUENTA CON CAUSA ESPECIFICA;Vía de Evitamiento;5/10/2024;-76.984913
A-2024-10-120;45:00.0;DESPISTE;1;0;1;CUSCO;CHUMBIVILCAS;VELILLE;RURAL;CARRETERA;NACIONAL;PE-3SG;-14.554078;DESPEJADO;RURAL;CURVA;PLANA ;ASFALTADA;NULL;NULL;NULL;NULL;IMPRUDENCIA DEL CONDUCTOR;FATIGA Y/O CANSANCIO;PE-3SG;5/10/2024;-71.920281
A-2024-10-7;30:00.0;CHOQUE FUGA;1;1;1;LA LIBERTAD;ASCOPE;RAZURI;RURAL;CARRETERA;NACIONAL;PE-1N;-7.620844;DESPEJADO;RURAL;TRAMO RECTO;PLANA ;ASFALTADA;NULL;NULL;NULL;NULL;EN PROCESO DE INVESTIGACIÓN;NO CUENTA CON CAUSA ESPECIFICA;Carretera Panamericana Norte;5/10/2024;-79.364021
A-2024-10-89;40:00.0;ATROPELLO;2;0;NULL;LIMA;LIMA;SAN JUAN DE LURIGANCHO;URBANA;AVENIDA;URBANO;NO CORRESPONDE;-11.984874;DESPEJADO;ESCOLAR;INTERSECCIÓN;PLANA ;ASFALTADA;NULL;NULL;NULL;NULL;EN PROCESO DE INVESTIGACIÓN;NO CUENTA CON CAUSA ESPECIFICA;Avenida Próceres de la Independencia;5/10/2024;-77.006856
A-2024-10-57;10:00.0;DESPISTE;1;0;1;ICA;ICA;SANTIAGO;RURAL;CARRETERA;NACIONAL;PE-1S;-14.265601;DESPEJADO;RURAL;INTERSECCIÓN;PLANA ;ASFALTADA;NULL;NULL;NULL;NULL;EN PROCESO DE INVESTIGACIÓN;NO CUENTA CON CAUSA ESPECIFICA;Carretera Panamericana Sur;6/10/2024;-75.685281
A-2024-10-90;40:00.0;CHOQUE CON OBJETO FIJO;1;1;NULL;LIMA;LIMA;SAN JUAN DE LURIGANCHO;URBANA;CALLE;URBANO;NO CORRESPONDE;-11.947548;DESPEJADO;RESIDENCIAL;TRAMO RECTO;INCLINADA;AFIRMADO;NULL;NULL;NULL;NULL;EN PROCESO DE INVESTIGACIÓN;NO CUENTA CON CAUSA ESPECIFICA;San Juan de Lurigancho;6/10/2024;-77.010118
A-2024-10-91;45:00.0;ATROPELLO;1;0;NULL;LIMA;LIMA;LIMA;URBANA;AVENIDA;URBANO;NO CORRESPONDE;-12.048341;DESPEJADO;COMERCIAL;TRAMO RECTO;PLANA ;ASFALTADA;SI;PREVENTIVA (P);NULL;SI;EN PROCESO DE INVESTIGACIÓN;NO CUENTA CON CAUSA ESPECIFICA;Avenida Naciones Unidas;6/10/2024;-77.059345
A-2024-10-74;10:00.0;DESPISTE;1;1;1;CAJAMARCA;HUALGAYOC;BAMBAMARCA;RURAL;CARRETERA;NACIONAL;PE-3N;-6.68145;DESPEJADO;COMERCIAL;TRAMO RECTO;INCLINADA;ASFALTADA;NULL;NULL;NULL;NULL;IMPRUDENCIA DEL CONDUCTOR;CONDUCIR EN ESTADO DE EBRIEDAD Y/O DROGADICCIÓN;Carretera Longitudinal de la Sierra Norte;7/10/2024;-78.529235
A-2024-10-35;00:00.0;CHOQUE;1;0;2;TUMBES;TUMBES;LA CRUZ;RURAL;CARRETERA;NACIONAL;PE-1N;-3.633381;DESPEJADO;RURAL;TRAMO RECTO;PLANA ;ASFALTADA;NULL;NULL;NULL;NULL;IMPRUDENCIA DEL CONDUCTOR;INVASIÓN DE CARRIL;Carretera Panamericana Norte;7/10/2024;-80.576831
A-2024-10-11;20:00.0;ATROPELLO;1;0;1;AREQUIPA;AREQUIPA;JOSE LUIS BUSTAMANTE Y RIVERO;URBANA;CARRETERA;DEPARTAMENTAL;AR-117;-16.424907;SOLEADO;COMERCIAL;INTERSECCIÓN;PLANA ;ASFALTADA;NULL;NULL;NULL;NULL;EN PROCESO DE INVESTIGACIÓN;NO CUENTA CON CAUSA ESPECIFICA;Avenida Juan Vidaurrázaga;7/10/2024;-71.537607
A-2024-10-77;00:00.0;VOLCADURA;1;1;1;CAJAMARCA;SAN IGNACIO;SAN IGNACIO;RURAL;CARRETERA;NACIONAL;PE-5N;-5.15358;DESPEJADO;COMERCIAL;CURVA;INCLINADA;ASFALTADA;SI;PREVENTIVA (P);NULL;NO;IMPRUDENCIA DEL CONDUCTOR;EXCESO DE VELOCIDAD;Mariano Melgar;7/10/2024;-78.922256
A-2024-10-92;30:00.0;ATROPELLO FUGA;1;0;NULL;LIMA;LIMA;SAN JUAN DE MIRAFLORES;URBANA;CARRETERA;NACIONAL;PE-1S;-12.184461;DESPEJADO;COMERCIAL;TRAMO RECTO;PLANA ;ASFALTADA;NULL;NULL;NULL;NULL;EN PROCESO DE INVESTIGACIÓN;NO CUENTA CON CAUSA ESPECIFICA;Avenida Panamericana Sur;8/10/2024;-76.974965
A-2024-10-46;30:00.0;DESPISTE;3;0;2;ICA;CHINCHA;GROCIO PRADO;RURAL;CARRETERA;NACIONAL;PE-1S;-13.388295;DESPEJADO;RURAL;TRAMO RECTO;PLANA ;ASFALTADA;SI;REGULADORA (R);NULL;NO;EN PROCESO DE INVESTIGACIÓN;NO CUENTA CON CAUSA ESPECIFICA;Carretera Panamericana Sur;8/10/2024;-76.20154
A-2024-10-54;50:00.0;ATROPELLO FUGA;1;0;NULL;CALLAO;CALLAO;VENTANILLA;URBANA;AVENIDA;URBANO;NO CORRESPONDE;-11.828254;DESPEJADO;COMERCIAL;OTRO;PLANA ;ASFALTADA;NULL;NULL;NULL;NULL;EN PROCESO DE INVESTIGACIÓN;NO CUENTA CON CAUSA ESPECIFICA;Avenida Panamérica Norte Auxiliar;8/10/2024;-77.12067
A-2024-10-12;30:00.0;DESPISTE;1;2;1;AREQUIPA;ISLAY;MEJIA;RURAL;CARRETERA;SIN CLASIFICAR;SIN CLASIFICAR;-17.030926;DESPEJADO;RURAL;CURVA;INCLINADA;TROCHA;NULL;NULL;NULL;NULL;EN PROCESO DE INVESTIGACIÓN;NO CUENTA CON CAUSA ESPECIFICA;Mejía;8/10/2024;-71.832657
A-2024-10-8;00:00.0;DESPISTE;2;0;1;LA LIBERTAD;PATAZ;PATAZ;RURAL;CARRETERA;DEPARTAMENTAL;LI-125;-7.786379;DESPEJADO;RURAL;TRAMO RECTO;PLANA ;TROCHA;NULL;NULL;NULL;NULL;EN PROCESO DE INVESTIGACIÓN;NO CUENTA CON CAUSA ESPECIFICA;LI-125;8/10/2024;-77.602116
A-2024-10-18;30:00.0;DESPISTE;1;0;1;LA LIBERTAD;SANCHEZ CARRION;COCHORCO;RURAL;CARRETERA;NACIONAL;PE-10C;-7.810487;DESPEJADO;RURAL;TRAMO RECTO;PLANA ;TROCHA;NULL;NULL;NULL;NULL;EN PROCESO DE INVESTIGACIÓN;NO CUENTA CON CAUSA ESPECIFICA;PE-10C;9/10/2024;-77.679257
A-2024-10-9;20:00.0;CHOQUE;3;6;2;LA LIBERTAD;CHEPEN;PACANGA;RURAL;CARRETERA;NACIONAL;PE-1N;-7.081783;DESPEJADO;RURAL;TRAMO RECTO;PLANA ;ASFALTADA;NULL;NULL;NULL;NULL;IMPRUDENCIA DEL CONDUCTOR;INVASIÓN DE CARRIL;Carretera Panamericana Norte;9/10/2024;-79.541737
A-2024-10-48;30:00.0;CHOQUE;1;0;NULL;LIMA;HUARAL;PACARAOS;RURAL;CARRETERA;NACIONAL;PE-20C;-11.119351;NULL;NULL;NULL;NULL;NULL;NULL;NULL;NULL;NULL;EN PROCESO DE INVESTIGACIÓN;NO CUENTA CON CAUSA ESPECIFICA;PE-20C;9/10/2024;-76.619431
A-2024-10-76;00:00.0;DESPISTE;1;4;1;CAJAMARCA;SAN IGNACIO;LA COIPA;RURAL;CARRETERA;PROVINCIAL;CA-637;-5.379087;DESPEJADO;RURAL;CURVA;INCLINADA;AFIRMADO;NULL;NULL;NULL;NULL;IMPRUDENCIA DEL CONDUCTOR;OTRO (IMPRUDENCIA DEL CONDUCTOR);La Coipa;9/10/2024;-78.98793
A-2024-10-93;00:00.0;DESPISTE;1;2;NULL;LIMA;LIMA;LA MOLINA;URBANA;AVENIDA;URBANO;NO CORRESPONDE;-12.09332;DESPEJADO;RESIDENCIAL;CURVA;PLANA ;ASFALTADA;SI;INFORMATIVA (I);NULL;SI;EN PROCESO DE INVESTIGACIÓN;NO CUENTA CON CAUSA ESPECIFICA;Avenida Alameda del Corregidor;9/10/2024;-76.952784
A-2024-10-58;15:00.0;CHOQUE;1;0;1;ICA;ICA;SANTIAGO;RURAL;CARRETERA;NACIONAL;PE-1S;-14.282785;DESPEJADO;RURAL;TRAMO RECTO;PLANA ;ASFALTADA;NULL;NULL;NULL;NULL;EN PROCESO DE INVESTIGACIÓN;NO CUENTA CON CAUSA ESPECIFICA;Carretera Panamericana Sur;10/10/2024;-75.681757
A-2024-10-75;50:00.0;DESPISTE;1;1;1;CAJAMARCA;JAEN;BELLAVISTA;RURAL;CARRETERA;NACIONAL;PE-5N;-5.614354;DESPEJADO;RURAL;TRAMO RECTO;PLANA ;ASFALTADA;NULL;NULL;NULL;NULL;IMPRUDENCIA DEL CONDUCTOR;EXCESO DE VELOCIDAD;San Juan del Puquio;11/10/2024;-78.77331
A-2024-10-78;30:00.0;VOLCADURA;1;0;1;CAJAMARCA;JAEN;SANTA ROSA;RURAL;CARRETERA;PROVINCIAL;CA-720;-5.438781;DESPEJADO;RURAL;CURVA;INCLINADA;TROCHA;NULL;NULL;NULL;NULL;IMPRUDENCIA DEL CONDUCTOR;EXCESO DE VELOCIDAD;CA-720;12/10/2024;-78.529762
A-2024-10-2;30:00.0;DESPISTE;1;0;NULL;PUNO;EL COLLAO;ILAVE;RURAL;CARRETERA;PROVINCIAL;PU-1160;-16.051289;NULL;NULL;NULL;NULL;NULL;NULL;NULL;NULL;NULL;EN PROCESO DE INVESTIGACIÓN;NO CUENTA CON CAUSA ESPECIFICA;PU-1160;13/10/2024;-69.581657
A-2024-10-19;20:00.0;ATROPELLO;1;0;1;LA LIBERTAD;VIRU;CHAO;URBANA;CALLE;URBANO;NO CORRESPONDE;-8.538744;DESPEJADO;RESIDENCIAL;TRAMO RECTO;PLANA ;ASFALTADA;NULL;NULL;NULL;NULL;EN PROCESO DE INVESTIGACIÓN;NO CUENTA CON CAUSA ESPECIFICA;Calle Micaela Bastidas;13/10/2024;-78.673242
A-2024-10-59;30:00.0;DESPISTE;1;0;1;ICA;NASCA;NASCA;RURAL;AVENIDA;URBANO;NO CORRESPONDE;-14.839252;DESPEJADO;RURAL;TRAMO RECTO;PLANA ;ASFALTADA;NULL;NULL;NULL;NULL;EN PROCESO DE INVESTIGACIÓN;NO CUENTA CON CAUSA ESPECIFICA;Avenida Los Paredones;14/10/2024;-74.935212
A-2024-10-79;30:00.0;CHOQUE;1;0;2;CAJAMARCA;CUTERVO;CHOROS;RURAL;CARRETERA;NACIONAL;PE-04C;-5.95097;DESPEJADO;RURAL;CURVA;INCLINADA;ASFALTADA;NULL;NULL;NULL;NULL;IMPRUDENCIA DEL CONDUCTOR;EXCESO DE VELOCIDAD;Carretera Presidente Fernando Belaúnde Terry;14/10/2024;-78.847042
A-2024-10-13;09:00.0;ATROPELLO;1;0;NULL;AREQUIPA;AREQUIPA;LA JOYA;URBANA;CARRETERA;NACIONAL;PE-1S;-16.507247;SOLEADO;COMERCIAL;TRAMO RECTO;PLANA ;ASFALTADA;NULL;NULL;NULL;NULL;EN PROCESO DE INVESTIGACIÓN;NO CUENTA CON CAUSA ESPECIFICA;Carretera Panamericana Sur;14/10/2024;-71.818647
A-2024-10-49;35:00.0;ATROPELLO;1;0;NULL;CALLAO;CALLAO;MI PERU;URBANA;CARRETERA;NACIONAL;PE-20;-11.842054;DESPEJADO;COMERCIAL;INTERSECCIÓN;INCLINADA;ASFALTADA;NO;NULL;NULL;NO;NEGLIGENCIA DEL CONDUCTOR;CONDUCIR CON FALLAS DE FRENOS;Avenida Coronel Nestor Gambetta;15/10/2024;-77.115344
A-2024-10-94;00:00.0;ATROPELLO FUGA;1;0;NULL;LIMA;LIMA;LURIN;URBANA;CARRETERA;NACIONAL;PE-1S;-12.276011;DESPEJADO;INDUSTRIAL;TRAMO RECTO;PLANA ;ASFALTADA;NULL;NULL;NULL;NULL;EN PROCESO DE INVESTIGACIÓN;NO CUENTA CON CAUSA ESPECIFICA;Carretera Panamericana Sur;15/10/2024;-76.890147
A-2024-10-20;00:00.0;CAÍDA DE PASAJERO;2;0;2;LA LIBERTAD;TRUJILLO;LAREDO;RURAL;CARRETERA;PROVINCIAL;LI-1078;-8.06887;DESPEJADO;RURAL;TRAMO RECTO;PLANA ;ASFALTADA;NULL;NULL;NULL;NULL;EN PROCESO DE INVESTIGACIÓN;NO CUENTA CON CAUSA ESPECIFICA;LI-1078;15/10/2024;-78.821585
A-2024-10-95;00:00.0;CHOQUE;1;0;NULL;LIMA;LIMA;SAN MARTIN DE PORRES;URBANA;CARRETERA;NACIONAL;PE-1N;-12.020338;DESPEJADO;COMERCIAL;TRAMO RECTO;PLANA ;ASFALTADA;NULL;NULL;NULL;NULL;EN PROCESO DE INVESTIGACIÓN;NO CUENTA CON CAUSA ESPECIFICA;Carretera Panamericana Norte;15/10/2024;-77.059297
A-2024-10-96;45:00.0;ATROPELLO;1;0;NULL;LIMA;LIMA;SAN BORJA;URBANA;CARRETERA;NACIONAL;PE-1S;-12.095894;DESPEJADO;RESIDENCIAL;TRAMO RECTO;PLANA ;ASFALTADA;NULL;NULL;NULL;NULL;EN PROCESO DE INVESTIGACIÓN;NO CUENTA CON CAUSA ESPECIFICA;Avenida Panamericana Sur;15/10/2024;-76.980327
A-2024-10-21;00:00.0;DESPISTE;1;0;NULL;LA LIBERTAD;TRUJILLO;SIMBAL;RURAL;CARRETERA;NACIONAL;PE-10A;-8.016109;DESPEJADO;RURAL;TRAMO RECTO;PLANA ;ASFALTADA;NULL;NULL;NULL;NULL;EN PROCESO DE INVESTIGACIÓN;NO CUENTA CON CAUSA ESPECIFICA;Carretera Trujillo - Huamachuco;16/10/2024;-78.807481
A-2024-10-70;00:00.0;ATROPELLO;1;0;NULL;CUSCO;LA CONVENCION;SANTA TERESA;RURAL;CARRETERA;DEPARTAMENTAL;CU-107;-13.004959;NUBLADO;RURAL;TRAMO RECTO;PLANA ;ASFALTADA;NULL;NULL;NULL;NULL;IMPRUDENCIA DEL PEATÓN;CRUCE INDEBIDO POR LA CALZADA;CU-107;16/10/2024;-72.626166