CÓDIGO SINIESTRO;HORA SINIESTRO;CLASE SINIESTRO;CANTIDAD DE FALLECIDOS;CANTIDAD DE LESIONADOS;CANTIDAD DE VEHICULOS DAÑADOS;DEPARTAMENTO;PROVINCIA;DISTRITO;ZONA;TIPO DE VÍA;RED VIAL;COD CARRETERA;COORDENADAS LATITUD;CONDICIÓN CLIMÁTICA;ZONIFICACIÓN;CARACTERÍSTICAS DE VÍA;PERFIL LONGITUDINAL VÍA;SUPERFICIE DE CALZADA;¿EXISTE SEÑAL VERTICAL?;CLASIFICACIÓN DE LA SEÑAL VERTICAL Nº 1;CLASIFICACIÓN DE LA SEÑAL VERTICAL Nº 2;¿EXISTE SEÑAL HORIZONTAL?;CAUSA FACTOR PRINCIPAL;CAUSA ESPECÍFICA;UBICACION;FECHA SINIESTRO;COORDENADAS LONGITUD
A-2024-10-53;50:00.0;ATROPELLO FUGA;1;0;NULL;CALLAO;CALLAO;CALLAO;URBANA;AVENIDA;URBANO;NO CORRESPONDE;-12.024501;NULL;NULL;NULL;NULL;NULL;NULL;NULL;NULL;NULL;EN PROCESO DE INVESTIGACIÓN;NO CUENTA CON CAUSA ESPECIFICA;Prolongación Avenida Perú;30/10/2024;-77.098698
A-2024-10-66;00:00.0;ATROPELLO;1;0;NULL;CALLAO;CALLAO;CALLAO;URBANA;AVENIDA;URBANO;NO CORRESPONDE;-12.024034;DESPEJADO;COMERCIAL;TRAMO RECTO;PLANA ;ASFALTADA;NULL;NULL;NULL;NULL;EN PROCESO DE INVESTIGACIÓN;NO CUENTA CON CAUSA ESPECIFICA;Avenida El Olivar;30/10/2024;-77.098789
A-2024-10-85;30:00.0;CHOQUE;1;1;1;CAJAMARCA;CONTUMAZA;TANTARICA;URBANA;CARRETERA;NACIONAL;PE-08;-7.216566;DESPEJADO;COMERCIAL;CURVA;PLANA ;ASFALTADA;SI;PREVENTIVA (P);NULL;NO;IMPRUDENCIA DEL CONDUCTOR;EXCESO DE VELOCIDAD;Carretera Ciudad de Dios - Cajamarca;30/10/2024;-78.915727
A-2024-10-45;00:00.0;CHOQUE;1;0;NULL;AREQUIPA;AREQUIPA;MARIANO MELGAR;URBANA;CALLE;URBANO;NO CORRESPONDE;-16.404029;SOLEADO;COMERCIAL;INTERSECCIÓN;PLANA ;ASFALTADA;NULL;NULL;NULL;NULL;EN PROCESO DE INVESTIGACIÓN;NO CUENTA CON CAUSA ESPECIFICA;Mariano Melgar;30/10/2024;-71.489291
A-2024-10-122;20:00.0;DESPISTE;1;0;NULL;CUSCO;LA CONVENCION;QUELLOUNO;RURAL;CARRETERA;DEPARTAMENTAL;CU-105;-12.6078;NULL;NULL;NULL;NULL;NULL;NULL;NULL;NULL;NULL;EN PROCESO DE INVESTIGACIÓN;NO CUENTA CON CAUSA ESPECIFICA;CU-105;31/10/2024;-72.52945
A-2024-10-32;40:00.0;CHOQUE;1;0;2;PUNO;PUNO;PUNO;URBANA;JIRÓN;URBANO;NO CORRESPONDE;-15.839364;DESPEJADO;COMERCIAL;INTERSECCIÓN;PLANA ;ASFALTADA;SI;REGULADORA (R);NULL;NO;IMPRUDENCIA DEL CONDUCTOR;DESACATO DE SEÑAL DE TRÁNSITO;Jirón Libertad;31/10/2024;-70.03016
A-2024-10-52;30:00.0;ATROPELLO;1;0;1;CALLAO;CALLAO;VENTANILLA;URBANA;CALLE;URBANO;NO CORRESPONDE;-11.828925;DESPEJADO;COMERCIAL;OTRO;PLANA ;AFIRMADO;NULL;NULL;NULL;NULL;IMPRUDENCIA DEL CONDUCTOR;OTRO (IMPRUDENCIA DEL CONDUCTOR);Calle 40;31/10/2024;-77.157709
A-2024-10-34;00:00.0;CHOQUE FUGA;1;0;1;LA LIBERTAD;TRUJILLO;SALAVERRY;RURAL;CARRETERA;NACIONAL;PE-1N;-8.233586;DESPEJADO;RURAL;TRAMO RECTO;PLANA ;ASFALTADA;NULL;NULL;NULL;NULL;EN PROCESO DE INVESTIGACIÓN;NO CUENTA CON CAUSA ESPECIFICA;Panamericana Norte;31/10/2024;-78.943173
A-2024-11-110;45:00.0;ATROPELLO FUGA;1;0;NULL;LIMA;LIMA;SANTIAGO DE SURCO;URBANA;CARRETERA;NACIONAL;PE-1S;-12.144956;DESPEJADO;COMERCIAL;TRAMO RECTO;PLANA ;ASFALTADA;NULL;NULL;NULL;NULL;EN PROCESO DE INVESTIGACIÓN;NO CUENTA CON CAUSA ESPECIFICA;Avenida Panamericana Sur;1/11/2024;-76.981856
A-2024-11-111;00:00.0;ATROPELLO FUGA;1;0;NULL;LIMA;LIMA;LURIN;URBANA;CARRETERA;NACIONAL;PE-1S;-12.271727;DESPEJADO;INDUSTRIAL;TRAMO RECTO;PLANA ;ASFALTADA;NULL;NULL;NULL;NULL;EN PROCESO DE INVESTIGACIÓN;NO CUENTA CON CAUSA ESPECIFICA;Carretera Panamericana Sur;1/11/2024;-76.896651
A-2024-11-98;00:00.0;CHOQUE;1;0;2;CAJAMARCA;JAEN;SAN FELIPE;RURAL;CARRETERA;NACIONAL;PE-3N;-5.810848;DESPEJADO;RURAL;CURVA;INCLINADA;ASFALTADA;NULL;NULL;NULL;NULL;IMPRUDENCIA DEL CONDUCTOR;EXCESO DE VELOCIDAD;Carretera Presidente Fernando Belaúnde Terry;1/11/2024;-79.374917
A-2024-11-112;00:00.0;CHOQUE;1;0;NULL;LIMA;LIMA;LA VICTORIA;URBANA;AVENIDA;URBANO;NO CORRESPONDE;-12.073262;DESPEJADO;COMERCIAL;INTERSECCIÓN;PLANA ;ASFALTADA;SI;PREVENTIVA (P);PREVENTIVA (P);SI;EN PROCESO DE INVESTIGACIÓN;NO CUENTA CON CAUSA ESPECIFICA;Calle Antonio Bazo;1/11/2024;-77.016475
A-2024-11-156;20:00.0;ATROPELLO;1;0;NULL;LIMA;LIMA;SAN JUAN DE LURIGANCHO;URBANA;AVENIDA;URBANO;NO CORRESPONDE;-11.997063;DESPEJADO;COMERCIAL;INTERSECCIÓN;PLANA ;ASFALTADA;SI;REGULADORA (R);NULL;SI;EN PROCESO DE INVESTIGACIÓN;NO CUENTA CON CAUSA ESPECIFICA;Avenida Los Postes Este;1/11/2024;-77.009453
A-2024-11-114;30:00.0;ATROPELLO;1;0;NULL;LIMA;LIMA;SAN JUAN DE LURIGANCHO;URBANA;AVENIDA;URBANO;NO CORRESPONDE;-12.025735;DESPEJADO;COMERCIAL;INTERSECCIÓN;PLANA ;ASFALTADA;NULL;NULL;NULL;NULL;EN PROCESO DE INVESTIGACIÓN;NO CUENTA CON CAUSA ESPECIFICA;Avenida Gran Chimú;2/11/2024;-77.001921
A-2024-11-113;45:00.0;DESPISTE;1;0;NULL;LIMA;LIMA;PUENTE PIEDRA;URBANA;CARRETERA;NACIONAL;PE-1N;-11.841322;DESPEJADO;COMERCIAL;TRAMO RECTO;PLANA ;ASFALTADA;NULL;NULL;NULL;NULL;EN PROCESO DE INVESTIGACIÓN;NO CUENTA CON CAUSA ESPECIFICA;Carretera Panamericana Norte;2/11/2024;-77.103678
A-2024-11-96;30:00.0;CHOQUE;1;4;1;CUSCO;CHUMBIVILCAS;SANTO TOMAS;RURAL;CARRETERA;SIN CLASIFICAR;SIN CLASIFICAR;-14.772532;DESPEJADO;RURAL;TRAMO RECTO;PLANA ;ASFALTADA;NULL;NULL;NULL;NULL;IMPRUDENCIA DEL CONDUCTOR;CONDUCIR EN ESTADO DE EBRIEDAD Y/O DROGADICCIÓN;Santo Tomás;2/11/2024;-72.040537
A-2024-11-86;00:00.0;DESPISTE;2;0;NULL;CUSCO;PAUCARTAMBO;PAUCARTAMBO;RURAL;CARRETERA;DEPARTAMENTAL;CU-113;-13.329482;DESPEJADO;RURAL;TRAMO RECTO;PLANA ;ASFALTADA;NULL;NULL;NULL;NULL;IMPRUDENCIA DEL CONDUCTOR;EXCESO DE VELOCIDAD;CU-113;2/11/2024;-71.586298
A-2024-11-116;00:00.0;CHOQUE;1;0;NULL;LIMA;LIMA;MIRAFLORES;URBANA;AVENIDA;URBANO;NO CORRESPONDE;-12.123736;DESPEJADO;RESIDENCIAL;INTERSECCIÓN;PLANA ;ASFALTADA;SI;PREVENTIVA (P);NULL;NO;EN PROCESO DE INVESTIGACIÓN;NO CUENTA CON CAUSA ESPECIFICA;Avenida Paseo de la República;2/11/2024;-77.024308
A-2024-11-115;10:00.0;ATROPELLO;1;0;NULL;LIMA;CAÑETE;CHILCA;URBANA;CARRETERA;NACIONAL;PE-1S;-12.467684;DESPEJADO;INDUSTRIAL;TRAMO RECTO;PLANA ;ASFALTADA;NULL;NULL;NULL;NULL;EN PROCESO DE INVESTIGACIÓN;NO CUENTA CON CAUSA ESPECIFICA;Carretera Panamericana Sur;2/11/2024;-76.750839
A-2024-11-91;30:00.0;ATROPELLO FUGA;1;0;1;LIMA;HUAURA;HUAURA;RURAL;CARRETERA;NACIONAL;PE-1N;-11.06286;DESPEJADO;RURAL;TRAMO RECTO;PLANA ;ASFALTADA;NULL;NULL;NULL;NULL;EN PROCESO DE INVESTIGACIÓN;NO CUENTA CON CAUSA ESPECIFICA;Carretera Panamericana Norte;2/11/2024;-77.5882
A-2024-11-119;20:00.0;CHOQUE CON OBJETO FIJO;1;0;NULL;LIMA;LIMA;INDEPENDENCIA;URBANA;OTRO;URBANO;NO CORRESPONDE;-11.993355;DESPEJADO;COMERCIAL;OTRO;INCLINADA;CONCRETO;NULL;NULL;NULL;NULL;EN PROCESO DE INVESTIGACIÓN;NO CUENTA CON CAUSA ESPECIFICA;Calle A;3/11/2024;-77.062644
A-2024-11-118;50:00.0;DESPISTE;1;1;NULL;LIMA;LIMA;INDEPENDENCIA;URBANA;AVENIDA;URBANO;NO CORRESPONDE;-11.998528;DESPEJADO;COMERCIAL;TRAMO RECTO;PLANA ;ASFALTADA;NULL;NULL;NULL;NULL;EN PROCESO DE INVESTIGACIÓN;NO CUENTA CON CAUSA ESPECIFICA;Avenida Industrial;3/11/2024;-77.058225
A-2024-11-117;20:00.0;CHOQUE;1;1;NULL;LIMA;LIMA;LURIN;URBANA;CARRETERA;NACIONAL;PE-1S;-12.298903;DESPEJADO;RESIDENCIAL;TRAMO RECTO;PLANA ;ASFALTADA;SI;PREVENTIVA (P);NULL;NO;EN PROCESO DE INVESTIGACIÓN;NO CUENTA CON CAUSA ESPECIFICA;Carretera Panamericana Sur;3/11/2024;-76.851745
A-2024-11-93;58:00.0;CHOQUE;1;0;NULL;LIMA;LIMA;LURIN;URBANA;CARRETERA;NACIONAL;PE-1S;-12.24741;DESPEJADO;INDUSTRIAL;TRAMO RECTO;PLANA ;ASFALTADA;NULL;NULL;NULL;NULL;EN PROCESO DE INVESTIGACIÓN;NO CUENTA CON CAUSA ESPECIFICA;Carretera Panamericana Sur;3/11/2024;-76.934676
A-2024-11-1;30:00.0;CHOQUE;1;1;2;PUNO;CHUCUITO;POMATA;RURAL;CARRETERA;NACIONAL;PE-3S;-16.390811;DESPEJADO;RURAL;TRAMO RECTO;PLANA ;ASFALTADA;NULL;NULL;NULL;NULL;IMPRUDENCIA DEL CONDUCTOR;OTRO (IMPRUDENCIA DEL CONDUCTOR);Carretera Longitudinal de la Sierra Sur;3/11/2024;-69.208019
A-2024-11-33;30:00.0;CHOQUE;1;0;2;LA LIBERTAD;TRUJILLO;VICTOR LARCO HERRERA;URBANA;CARRETERA;PROVINCIAL;LI-732;-8.12916;DESPEJADO;COMERCIAL;INTERSECCIÓN;PLANA ;ASFALTADA;NULL;NULL;NULL;NULL;EN PROCESO DE INVESTIGACIÓN;NO CUENTA CON CAUSA ESPECIFICA;Juan J. Ganoza;3/11/2024;-79.042695
A-2024-11-97;40:00.0;ATROPELLO FUGA;1;0;1;CAJAMARCA;CAJAMARCA;SAN JUAN;RURAL;CARRETERA;NACIONAL;PE-08;-7.287024;DESPEJADO;RURAL;CURVA;INCLINADA;ASFALTADA;NULL;NULL;NULL;NULL;IMPRUDENCIA DEL PEATÓN;CRUCE INDEBIDO POR LA CALZADA;Carretera Ciudad de Dios - Cajamarca;3/11/2024;-78.514292
A-2024-11-26;00:00.0;CHOQUE FUGA;1;0;2;LA LIBERTAD;CHEPEN;PACANGA;RURAL;CARRETERA;NACIONAL;PE-1N;-7.087676;DESPEJADO;RURAL;TRAMO RECTO;PLANA ;ASFALTADA;NULL;NULL;NULL;NULL;EN PROCESO DE INVESTIGACIÓN;NO CUENTA CON CAUSA ESPECIFICA;Carretera Panamericana Norte;3/11/2024;-79.532768
A-2024-11-87;30:00.0;DESPISTE;1;0;1;AYACUCHO;HUAMANGA;OCROS;RURAL;CARRETERA;SIN CLASIFICAR;SIN CLASIFICAR;-13.423;DESPEJADO;RURAL;CURVA;INCLINADA;ASFALTADA;SI;PREVENTIVA (P);NULL;SI;IMPRUDENCIA DEL CONDUCTOR;EXCESO DE VELOCIDAD;Carretera Longitudinal de la Sierra Sur;4/11/2024;-73.856
A-2024-11-120;00:00.0;ATROPELLO FUGA;1;0;NULL;LIMA;LIMA;LURIN;URBANA;CARRETERA;NACIONAL;PE-1S;-12.276684;DESPEJADO;INDUSTRIAL;TRAMO RECTO;PLANA ;ASFALTADA;NULL;NULL;NULL;NULL;EN PROCESO DE INVESTIGACIÓN;NO CUENTA CON CAUSA ESPECIFICA;Carretera Panamericana Sur;4/11/2024;-76.888748
A-2024-11-148;55:00.0;DESPISTE;1;0;1;CUSCO;QUISPICANCHI;LUCRE;RURAL;CARRETERA;NACIONAL;PE-28B;-13.593077;DESPEJADO;RURAL;TRAMO RECTO;PLANA ;ASFALTADA;NULL;NULL;NULL;NULL;IMPRUDENCIA DEL CONDUCTOR;FATIGA Y/O CANSANCIO;PE-28B;4/11/2024;-71.719844
A-2024-11-23;00:00.0;DESPISTE;1;0;1;LA LIBERTAD;OTUZCO;OTUZCO;RURAL;CARRETERA;PROVINCIAL;LI-759;-7.898457;DESPEJADO;RURAL;TRAMO RECTO;PLANA ;TROCHA;NULL;NULL;NULL;NULL;IMPRUDENCIA DEL CONDUCTOR;OTRO (IMPRUDENCIA DEL CONDUCTOR);Otuzco;5/11/2024;-78.624478
A-2024-11-3;30:00.0;CHOQUE;1;0;1;PUNO;PUNO;ACORA;RURAL;CARRETERA;PROVINCIAL;PU-1130;-15.980704;DESPEJADO;RURAL;TRAMO RECTO;PLANA ;TROCHA;NULL;NULL;NULL;NULL;IMPRUDENCIA DEL CONDUCTOR;OTRO (IMPRUDENCIA DEL CONDUCTOR);Santa Rosa de Yanaque;5/11/2024;-69.635607
A-2024-11-100;07:00.0;ATROPELLO;1;0;0;CAJAMARCA;CAJAMARCA;CAJAMARCA;URBANA;JIRÓN;URBANO;NO CORRESPONDE;-7.157194;DESPEJADO;COMERCIAL;TRAMO RECTO;INCLINADA;CONCRETO;NULL;NULL;NULL;NULL;NEGLIGENCIA DEL CONDUCTOR;OTRO (NEGLIGENCIA DEL CONDUCTOR);Jirón Juan Villanueva;5/11/2024;-78.523541
A-2024-11-146;20:00.0;ATROPELLO;1;0;1;CUSCO;QUISPICANCHI;OROPESA;RURAL;CARRETERA;NACIONAL;PE-3S;-13.588892;DESPEJADO;RURAL;TRAMO RECTO;PLANA ;AFIRMADO;NULL;NULL;NULL;NULL;IMPRUDENCIA DEL PEATÓN;CRUCE INDEBIDO POR LA CALZADA;Carretera Longitudinal de la Sierra Sur;5/11/2024;-71.801062
A-2024-11-5;00:00.0;ATROPELLO FUGA;1;0;NULL;PUNO;YUNGUYO;YUNGUYO;RURAL;CARRETERA;DEPARTAMENTAL;PU-151;-16.248587;NULL;NULL;NULL;NULL;NULL;NULL;NULL;NULL;NULL;IMPRUDENCIA DEL CONDUCTOR;EXCESO DE VELOCIDAD;PU-1310;5/11/2024;-69.074973
A-2024-11-30;05:00.0;DESPISTE;1;0;1;SAN MARTIN;RIOJA;SAN FERNANDO;RURAL;CARRETERA;PROVINCIAL;SM-520;-5.911032;DESPEJADO;RURAL;CURVA;PLANA ;ASFALTADA;SI;PREVENTIVA (P);PREVENTIVA (P);NO;IMPRUDENCIA DEL CONDUCTOR;OTRO (IMPRUDENCIA DEL CONDUCTOR);Carretera San Fernando;5/11/2024;-77.278529
A-2024-11-4;50:00.0;CHOQUE;2;0;2;PUNO;CHUCUITO;KELLUYO;RURAL;CARRETERA;SIN CLASIFICAR;SIN CLASIFICAR;-16.712354;DESPEJADO;RURAL;TRAMO RECTO;PLANA ;TROCHA;NULL;NULL;NULL;NULL;IMPRUDENCIA DEL CONDUCTOR;EXCESO DE VELOCIDAD;Kelluyo;5/11/2024;-69.245679
A-2024-11-99;00:00.0;CHOQUE;1;2;2;CAJAMARCA;CHOTA;CHOTA;RURAL;CARRETERA;NACIONAL;PE-3N;-6.618824;DESPEJADO;RURAL;CURVA;INCLINADA;ASFALTADA;SI;PREVENTIVA (P);NULL;NO;IMPRUDENCIA DEL CONDUCTOR;EXCESO DE VELOCIDAD;Carretera Longitudinal de la Sierra Norte;6/11/2024;-78.58668
A-2024-11-57;30:00.0;ATROPELLO;1;0;1;AREQUIPA;AREQUIPA;CERRO COLORADO;URBANA;CARRETERA;NACIONAL;PE-34A;-16.32668;DESPEJADO;COMERCIAL;TRAMO RECTO;PLANA ;ASFALTADA;SI;REGULADORA (R);NULL;SI;EN PROCESO DE INVESTIGACIÓN;NO CUENTA CON CAUSA ESPECIFICA;Vía Interoceánica Sur - Tramo 5;6/11/2024;-71.5954
A-2024-11-121;40:00.0;ATROPELLO;1;0;NULL;LIMA;LIMA;CARABAYLLO;URBANA;AVENIDA;URBANO;NO CORRESPONDE;-11.892171;DESPEJADO;COMERCIAL;CURVA;PLANA ;ASFALTADA;NULL;NULL;NULL;NULL;EN PROCESO DE INVESTIGACIÓN;NO CUENTA CON CAUSA ESPECIFICA;Avenida Túpac Amaru;6/11/2024;-77.02816
A-2024-11-122;52:00.0;ATROPELLO;1;0;NULL;LIMA;LIMA;LA MOLINA;URBANA;AVENIDA;URBANO;NO CORRESPONDE;-12.064325;DESPEJADO;RESIDENCIAL;TRAMO RECTO;PLANA ;ASFALTADA;NULL;NULL;NULL;NULL;EN PROCESO DE INVESTIGACIÓN;NO CUENTA CON CAUSA ESPECIFICA;Avenida Flora Tristán;7/11/2024;-76.945228
A-2024-11-94;20:00.0;DESPISTE;1;0;NULL;LIMA;LIMA;LURIGANCHO;URBANA;CARRETERA;NACIONAL;PE-22;-12.020898;DESPEJADO;INDUSTRIAL;TRAMO RECTO;PLANA ;ASFALTADA;NULL;NULL;NULL;NULL;EN PROCESO DE INVESTIGACIÓN;NO CUENTA CON CAUSA ESPECIFICA;Autopista Ramiro Prialé;7/11/2024;-76.934413
A-2024-11-81;00:00.0;DESPISTE;1;0;1;HUANCAVELICA;HUANCAVELICA;MANTA;RURAL;CARRETERA;DEPARTAMENTAL;HV-127;-12.609567;DESPEJADO;RURAL;SINUOSA;INCLINADA;AFIRMADO;NULL;NULL;NULL;NULL;EN PROCESO DE INVESTIGACIÓN;NO CUENTA CON CAUSA ESPECIFICA;Manta;8/11/2024;-75.209505
A-2024-11-101;30:00.0;ATROPELLO;1;1;1;CAJAMARCA;CAJAMARCA;ENCAÑADA;URBANA;CARRETERA;NACIONAL;PE-08B;-7.097337;DESPEJADO;COMERCIAL;TRAMO RECTO;INCLINADA;ASFALTADA;NULL;NULL;NULL;NULL;IMPRUDENCIA DEL CONDUCTOR;EXCESO DE VELOCIDAD;Carretera Baños del Inca - Encañada;8/11/2024;-78.343834
A-2024-11-31;30:00.0;CHOQUE;1;1;3;SAN MARTIN;RIOJA;NUEVA CAJAMARCA;URBANA;CARRETERA;NACIONAL;PE-5N;-5.901865;DESPEJADO;RURAL;TRAMO RECTO;PLANA ;ASFALTADA;SI;REGULADORA (R);REGULADORA (R);NO;IMPRUDENCIA DEL CONDUCTOR;OTRO (IMPRUDENCIA DEL CONDUCTOR);Carretera Presidente Fernando Belaúnde Terry;9/11/2024;-77.326959
A-2024-11-25;30:00.0;ATROPELLO;1;0;1;LA LIBERTAD;PACASMAYO;SAN PEDRO DE LLOC;URBANA;JIRÓN;URBANO;NO CORRESPONDE;-7.424415;DESPEJADO;COMERCIAL;TRAMO RECTO;PLANA ;ASFALTADA;NULL;NULL;NULL;NULL;IMPRUDENCIA DEL CONDUCTOR;OTRO (IMPRUDENCIA DEL CONDUCTOR);Jirón Zepita;9/11/2024;-79.505171
A-2024-11-90;30:00.0;DESPISTE;1;0;1;AYACUCHO;HUAMANGA;CHIARA;RURAL;CARRETERA;DEPARTAMENTAL;AY-103;-13.474216;DESPEJADO;RURAL;CURVA;PLANA ;ASFALTADA;SI;PREVENTIVA (P);NULL;NO;IMPRUDENCIA DEL CONDUCTOR;CONDUCIR EN ESTADO DE EBRIEDAD Y/O DROGADICCIÓN;AY-103;9/11/2024;-74.15412
A-2024-11-102;55:00.0;CHOQUE;1;0;2;CAJAMARCA;CAJAMARCA;LLACANORA;RURAL;CARRETERA;NACIONAL;PE-3N;-7.205123;DESPEJADO;RURAL;TRAMO RECTO;INCLINADA;ASFALTADA;NULL;NULL;NULL;NULL;IMPRUDENCIA DEL CONDUCTOR;EXCESO DE VELOCIDAD;Carretera Longitudinal de la Sierra Norte;9/11/2024;-78.413879
A-2024-11-123;30:00.0;DESPISTE;1;0;NULL;LIMA;LIMA;SAN JUAN DE MIRAFLORES;URBANA;AVENIDA;URBANO;NO CORRESPONDE;-12.137587;DESPEJADO;RESIDENCIAL;CURVA;INCLINADA;ASFALTADA;NULL;NULL;NULL;NULL;EN PROCESO DE INVESTIGACIÓN;NO CUENTA CON CAUSA ESPECIFICA;Avenida Camino Real;9/11/2024;-76.955448
A-2024-11-124;25:00.0;CHOQUE CON OBJETO FIJO;1;0;NULL;LIMA;LIMA;SAN BORJA;URBANA;AVENIDA;URBANO;NO CORRESPONDE;-12.098883;DESPEJADO;COMERCIAL;TRAMO RECTO;PLANA ;ASFALTADA;NULL;NULL;NULL;NULL;EN PROCESO DE INVESTIGACIÓN;NO CUENTA CON CAUSA ESPECIFICA;Avenida Aviación;9/11/2024;-77.002105
A-2024-11-125;30:00.0;CHOQUE;1;0;NULL;LIMA;LIMA;SANTA MARIA DEL MAR;URBANA;CARRETERA;NACIONAL;PE-1S;-12.405637;DESPEJADO;INDUSTRIAL;TRAMO RECTO;PLANA ;ASFALTADA;NULL;NULL;NULL;NULL;EN PROCESO DE INVESTIGACIÓN;NO CUENTA CON CAUSA ESPECIFICA;Carretera Panamericana Sur;10/11/2024;-76.756698
A-2024-11-82;40:00.0;DESPISTE;2;1;1;HUANCAVELICA;HUANCAVELICA;HUACHOCOLPA;RURAL;CARRETERA;PROVINCIAL;HV-894;-13.060098;DESPEJADO;RURAL;SINUOSA;PLANA ;AFIRMADO;NULL;NULL;NULL;NULL;EN PROCESO DE INVESTIGACIÓN;NO CUENTA CON CAUSA ESPECIFICA;HV-894;10/11/2024;-74.943688
A-2024-11-58;50:00.0;VOLCADURA;1;0;2;AREQUIPA;AREQUIPA;PAUCARPATA;RURAL;CARRETERA;PROVINCIAL;AR-770;-16.395789;SOLEADO;RURAL;CURVA;PLANA ;ASFALTADA;SI;PREVENTIVA (P);NULL;SI;EN PROCESO DE INVESTIGACIÓN;NO CUENTA CON CAUSA ESPECIFICA;AR-770;10/11/2024;-71.453828
A-2024-11-35;00:00.0;ATROPELLO;1;0;1;LA LIBERTAD;VIRU;CHAO;RURAL;CARRETERA;NACIONAL;PE-1N;-8.506556;DESPEJADO;RURAL;TRAMO RECTO;PLANA ;ASFALTADA;NULL;NULL;NULL;NULL;EN PROCESO DE INVESTIGACIÓN;NO CUENTA CON CAUSA ESPECIFICA;Panamericana Norte;11/11/2024;-78.688175
A-2024-11-29;50:00.0;DESPISTE;1;1;1;PUNO;PUNO;CHUCUITO;RURAL;CARRETERA;NACIONAL;PE-3S;-15.885669;DESPEJADO;RURAL;CURVA;INCLINADA;ASFALTADA;NULL;NULL;NULL;NULL;IMPRUDENCIA DEL CONDUCTOR;EXCESO DE VELOCIDAD;Carretera Longitudinal de la Sierra Sur;11/11/2024;-69.902386
A-2024-11-67;30:00.0;CHOQUE;1;0;2;SAN MARTIN;MOYOBAMBA;CALZADA;RURAL;CARRETERA;NACIONAL;PE-5N;-6.044246;DESPEJADO;RURAL;TRAMO RECTO;PLANA ;ASFALTADA;NULL;NULL;NULL;NULL;IMPERICIA DEL CONDUCTOR;NULL;Carretera Presidente Fernando Belaúnde Terry;11/11/2024;-77.050903
A-2024-11-126;00:00.0;CHOQUE;1;0;NULL;LIMA;LIMA;LINCE;URBANA;AVENIDA;URBANO;NO CORRESPONDE;-12.084948;DESPEJADO;ESCOLAR;INTERSECCIÓN;PLANA ;ASFALTADA;NO;NULL;NULL;SI;EN PROCESO DE INVESTIGACIÓN;NO CUENTA CON CAUSA ESPECIFICA;Avenida Prolongación Iquitos;13/11/2024;-77.028372
A-2024-11-83;00:00.0;DESPISTE;1;0;NULL;HUANCAVELICA;TAYACAJA;AHUAYCHA;RURAL;CARRETERA;NACIONAL;PE-3S;-12.523263;DESPEJADO;RURAL;TRAMO RECTO;PLANA ;AFIRMADO;NULL;NULL;NULL;NULL;EN PROCESO DE INVESTIGACIÓN;NO CUENTA CON CAUSA ESPECIFICA;Carretera Longitudinal de la Sierra Sur;14/11/2024;-74.866852
A-2024-11-32;20:00.0;ATROPELLO;1;0;1;PUNO;PUNO;ACORA;RURAL;CARRETERA;NACIONAL;PE-3S;-16.048075;DESPEJADO;RURAL;TRAMO RECTO;PLANA ;ASFALTADA;NULL;NULL;NULL;NULL;IMPRUDENCIA DEL PEATÓN;CRUCE INDEBIDO POR LA CALZADA;Carretera Longitudinal de la Sierra Sur;14/11/2024;-69.708688
A-2024-11-65;00:00.0;CHOQUE;1;8;3;AREQUIPA;CAYLLOMA;SAN ANTONIO DE CHUCA;RURAL;CARRETERA;NACIONAL;PE-34A;-15.97156;DESPEJADO;RURAL;TRAMO RECTO;PLANA ;ASFALTADA;SI;REGULADORA (R);NULL;SI;EN PROCESO DE INVESTIGACIÓN;NO CUENTA CON CAUSA ESPECIFICA;Vía Interoceánica Sur - Tramo 5;16/11/2024;-71.202597
A-2024-11-127;30:00.0;CHOQUE;1;0;NULL;LIMA;LIMA;SAN MARTIN DE PORRES;URBANA;CARRETERA;NACIONAL;PE-1N;-12.031551;DESPEJADO;COMERCIAL;CURVA;INCLINADA;ASFALTADA;NULL;NULL;NULL;NULL;EN PROCESO DE INVESTIGACIÓN;NO CUENTA CON CAUSA ESPECIFICA;Vía de Evitamiento;16/11/2024;-77.055853
A-2024-11-68;40:00.0;DESPISTE;2;0;1;LA LIBERTAD;TRUJILLO;TRUJILLO;URBANA;AVENIDA;URBANO;NO CORRESPONDE;-8.123156;DESPEJADO;COMERCIAL;ÓVALO;PLANA ;ASFALTADA;NULL;NULL;NULL;NULL;EN PROCESO DE INVESTIGACIÓN;NO CUENTA CON CAUSA ESPECIFICA;Avenida América Sur;16/11/2024;-79.022655
A-2024-11-109;30:00.0;DESPISTE;1;0;1;APURIMAC;AYMARAES;COTARUSE;RURAL;CARRETERA;NACIONAL;PE-30A;-14.56389;DESPEJADO;RURAL;CURVA;PLANA ;ASFALTADA;SI;PREVENTIVA (P);NULL;NO;IMPRUDENCIA DEL CONDUCTOR;FATIGA Y/O CANSANCIO;Carretera Nasca - Abancay;17/11/2024;-73.449923