CÓDIGO SINIESTRO;HORA SINIESTRO;CLASE SINIESTRO;CANTIDAD DE FALLECIDOS;CANTIDAD DE LESIONADOS;CANTIDAD DE VEHICULOS DAÑADOS;DEPARTAMENTO;PROVINCIA;DISTRITO;ZONA;TIPO DE VÍA;RED VIAL;COD CARRETERA;COORDENADAS LATITUD;CONDICIÓN CLIMÁTICA;ZONIFICACIÓN;CARACTERÍSTICAS DE VÍA;PERFIL LONGITUDINAL VÍA;SUPERFICIE DE CALZADA;¿EXISTE SEÑAL VERTICAL?;CLASIFICACIÓN DE LA SEÑAL VERTICAL Nº 1;CLASIFICACIÓN DE LA SEÑAL VERTICAL Nº 2;¿EXISTE SEÑAL HORIZONTAL?;CAUSA FACTOR PRINCIPAL;CAUSA ESPECÍFICA;UBICACION;FECHA SINIESTRO;COORDENADAS LONGITUD
A-2024-11-128;30:00.0;ATROPELLO FUGA;1;0;NULL;LIMA;LIMA;LURIN;URBANA;CARRETERA;NACIONAL;PE-1S;-12.254123;DESPEJADO;INDUSTRIAL;TRAMO RECTO;PLANA ;ASFALTADA;SI;PREVENTIVA (P);NULL;NO;EN PROCESO DE INVESTIGACIÓN;NO CUENTA CON CAUSA ESPECIFICA;Carretera Panamericana Sur;17/11/2024;-76.924984
A-2024-11-69;27:00.0;CHOQUE;1;0;2;LA LIBERTAD;TRUJILLO;EL PORVENIR;URBANA;AVENIDA;URBANO;NO CORRESPONDE;-8.07183;DESPEJADO;COMERCIAL;INTERSECCIÓN;PLANA ;ASFALTADA;NULL;NULL;NULL;NULL;EN PROCESO DE INVESTIGACIÓN;NO CUENTA CON CAUSA ESPECIFICA;Avenida 12 de Noviembre;17/11/2024;-79.020989
A-2022-08-55;00:00.0;CHOQUE;1;3;2;ICA;NASCA;MARCONA;URBANA;CARRETERA;NACIONAL;PE-30;-15.294279;DESPEJADO;RURAL;TRAMO RECTO;PLANA ;ASFALTADA;NULL;NULL;NULL;NULL;EN PROCESO DE INVESTIGACIÓN;NO CUENTA CON CAUSA ESPECIFICA;Carretera San Juan de Marcona;22/8/2022;-75.129566
A-2022-08-257;35:00.0;CHOQUE;1;0;2;ICA;CHINCHA;PUEBLO NUEVO;URBANA;CARRETERA;DEPARTAMENTAL;IC-100;-13.401391;DESPEJADO;RESIDENCIAL;INTERSECCIÓN;PLANA ;ASFALTADA;NULL;NULL;NULL;NULL;IMPRUDENCIA DEL CONDUCTOR;OTRO (IMPRUDENCIA DEL CONDUCTOR);Jirón Cañete;22/8/2022;-76.128827
A-2022-08-39;40:00.0;CHOQUE;1;0;NULL;PUNO;CHUCUITO;DESAGUADERO;RURAL;CARRETERA;NACIONAL;PE-36A;-16.592826;DESPEJADO;RURAL;TRAMO RECTO;PLANA ;ASFALTADA;NULL;NULL;NULL;NULL;IMPRUDENCIA DEL CONDUCTOR;VEHÍCULO MAL ESTACIONADO;Carretera Binacional;22/8/2022;-69.074473
A-2022-08-212;00:00.0;VOLCADURA;1;0;1;CALLAO;CALLAO;VENTANILLA;URBANA;AVENIDA;URBANO;NO CORRESPONDE;-11.919893;DESPEJADO;INDUSTRIAL;TRAMO RECTO;PLANA ;ASFALTADA;SI;REGULADORA (R);INFORMATIVA (I);SI;IMPRUDENCIA DEL CONDUCTOR;EXCESO DE VELOCIDAD;Avenida Coronel Nestor Gambetta;23/8/2022;-77.132013
A-2022-08-60;30:00.0;CHOQUE;3;3;4;AREQUIPA;AREQUIPA;UCHUMAYO;RURAL;CARRETERA;NACIONAL;PE-34A;-16.430772;SOLEADO;RURAL;TRAMO RECTO;PLANA ;ASFALTADA;NO;NULL;NULL;SI;EN PROCESO DE INVESTIGACIÓN;NO CUENTA CON CAUSA ESPECIFICA;Carretera Interoceánica Sur;23/8/2022;-71.69295
A-2022-08-134;00:00.0;CHOQUE;1;0;2;PUNO;MELGAR;ORURILLO;URBANA;CARRETERA;PROVINCIAL;PU-647;-14.710195;DESPEJADO;RURAL;TRAMO RECTO;PLANA ;TROCHA;NULL;NULL;NULL;NULL;IMPRUDENCIA DEL CONDUCTOR;INVASIÓN DE CARRIL;Orurillo;23/8/2022;-70.534115
A-2022-08-149;10:00.0;CHOQUE;1;0;1;LIMA;LIMA;EL AGUSTINO;URBANA;CARRETERA;NACIONAL;PE-1N;-12.030101;DESPEJADO;COMERCIAL;TRAMO RECTO;PLANA ;ASFALTADA;NULL;NULL;NULL;NULL;EN PROCESO DE INVESTIGACIÓN;NO CUENTA CON CAUSA ESPECIFICA;Avenida Independencia;23/8/2022;-77.001589
A-2022-08-71;40:00.0;CHOQUE;1;0;2;AREQUIPA;AREQUIPA;VITOR;RURAL;CARRETERA;NACIONAL;PE-1S;-16.481673;DESPEJADO;RURAL;TRAMO RECTO;PLANA ;ASFALTADA;SI;REGULADORA (R);NULL;SI;EN PROCESO DE INVESTIGACIÓN;NO CUENTA CON CAUSA ESPECIFICA;Carretera Panamericana Sur;23/8/2022;-71.902491
A-2022-08-50;45:00.0;ATROPELLO;1;0;1;LA LIBERTAD;CHEPEN;PACANGA;RURAL;CARRETERA;NACIONAL;PE-1N;-7.153337;DESPEJADO;RURAL;TRAMO RECTO;PLANA ;ASFALTADA;NULL;NULL;NULL;NULL;IMPRUDENCIA DEL CONDUCTOR;OTRO (IMPRUDENCIA DEL CONDUCTOR);Carretera Panamericana Norte;23/8/2022;-79.447408
A-2022-08-91;40:00.0;CHOQUE;3;4;2;APURIMAC;CHINCHEROS;OCOBAMBA;RURAL;CARRETERA;DEPARTAMENTAL;AP-102;-13.53668;DESPEJADO;RURAL;CURVA;INCLINADA;AFIRMADO;NULL;NULL;NULL;NULL;IMPRUDENCIA DEL CONDUCTOR;EXCESO DE VELOCIDAD;AP-102;24/8/2022;-73.505308
A-2022-08-259;30:00.0;CHOQUE;2;0;2;JUNIN;SATIPO;SATIPO;RURAL;CARRETERA;NACIONAL;PE-5S;-11.236909;DESPEJADO;RURAL;TRAMO RECTO;PLANA ;ASFALTADA;NULL;NULL;NULL;NULL;IMPRUDENCIA DEL CONDUCTOR;EXCESO DE VELOCIDAD;Carretera Longitudinal de la Selva Sur;24/8/2022;-74.591635
A-2022-08-223;00:00.0;ATROPELLO;1;0;1;PIURA;MORROPON;BUENOS AIRES;RURAL;CARRETERA;NACIONAL;PE-02A;-5.244092;DESPEJADO;RURAL;TRAMO RECTO;PLANA ;ASFALTADA;NULL;NULL;NULL;NULL;EN PROCESO DE INVESTIGACIÓN;NO CUENTA CON CAUSA ESPECIFICA;PE-02A;24/8/2022;-79.983219
A-2022-08-81;55:00.0;ATROPELLO;1;0;1;ANCASH;HUARAZ;HUARAZ;URBANA;CARRETERA;NACIONAL;PE-3N;-9.5429;DESPEJADO;COMERCIAL;TRAMO RECTO;PLANA ;ASFALTADA;NULL;NULL;NULL;NULL;EN PROCESO DE INVESTIGACIÓN;NO CUENTA CON CAUSA ESPECIFICA;Carretera Longitudinal de la Sierra Norte;24/8/2022;-77.533532
A-2022-08-122;45:00.0;DESPISTE;1;0;1;LAMBAYEQUE;LAMBAYEQUE;OLMOS;RURAL;CARRETERA;NACIONAL;PE-1NJ;-5.982158;DESPEJADO;RURAL;TRAMO RECTO;PLANA ;ASFALTADA;NULL;NULL;NULL;NULL;EN PROCESO DE INVESTIGACIÓN;NO CUENTA CON CAUSA ESPECIFICA;Carretera Interoceánica Norte;25/8/2022;-79.743202
A-2022-08-249;00:00.0;CHOQUE CON OBJETO FIJO;1;0;1;MADRE DE DIOS;TAMBOPATA;TAMBOPATA;URBANA;JIRÓN;URBANO;NO CORRESPONDE;-12.588639;DESPEJADO;COMERCIAL;TRAMO RECTO;PLANA ;CONCRETO;NULL;NULL;NULL;NULL;IMPRUDENCIA DEL CONDUCTOR;CONDUCIR EN ESTADO DE EBRIEDAD Y/O DROGADICCIÓN;Gonzáles Prada;25/8/2022;-69.188366
A-2022-08-180;10:00.0;CHOQUE;1;3;2;LAMBAYEQUE;CHICLAYO;LA VICTORIA;URBANA;CALLE;URBANO;NO CORRESPONDE;-6.798853;DESPEJADO;RESIDENCIAL;INTERSECCIÓN;PLANA ;ASFALTADA;NULL;NULL;NULL;NULL;EN PROCESO DE INVESTIGACIÓN;NO CUENTA CON CAUSA ESPECIFICA;Avenida Antenor Orrego;25/8/2022;-79.83346
A-2022-08-148;45:00.0;ATROPELLO;1;0;NULL;LIMA;LIMA;ATE;URBANA;CARRETERA;NACIONAL;PE-22;-12.012247;DESPEJADO;COMERCIAL;TRAMO RECTO;PLANA ;ASFALTADA;NULL;NULL;NULL;NULL;EN PROCESO DE INVESTIGACIÓN;NO CUENTA CON CAUSA ESPECIFICA;Carretera Central;25/8/2022;-76.87809
A-2022-08-59;00:00.0;CHOQUE;1;0;2;PUNO;PUNO;HUATA;RURAL;CARRETERA;DEPARTAMENTAL;PU-118;-15.614026;DESPEJADO;RURAL;TRAMO RECTO;PLANA ;ASFALTADA;NULL;NULL;NULL;NULL;IMPRUDENCIA DEL CONDUCTOR;GIRAR IMPRUDENTEMENTE;Carretera Atuncolla - Huatta;25/8/2022;-69.981757
A-2022-08-135;45:00.0;CHOQUE;2;0;2;PUNO;SAN ROMAN;CARACOTO;RURAL;CARRETERA;NACIONAL;PE-3S;-15.554122;DESPEJADO;RURAL;TRAMO RECTO;PLANA ;ASFALTADA;NULL;NULL;NULL;NULL;IMPRUDENCIA DEL CONDUCTOR;OTRO (IMPRUDENCIA DEL CONDUCTOR);Carretera Longitudinal de la Sierra Sur;25/8/2022;-70.106811
A-2022-08-239;50:00.0;CHOQUE;1;0;NULL;JUNIN;JUNIN;CARHUAMAYO;URBANA;CARRETERA;NACIONAL;PE-3N;-10.920777;DESPEJADO;RURAL;TRAMO RECTO;PLANA ;ASFALTADA;NO;NULL;NULL;SI;IMPRUDENCIA DEL CONDUCTOR;CONDUCIR EN ESTADO DE EBRIEDAD Y/O DROGADICCIÓN;Avenida Unión;25/8/2022;-76.06148
A-2022-08-258;50:00.0;CAÍDA DE PASAJERO;1;0;0;ICA;CHINCHA;TAMBO DE MORA;RURAL;CARRETERA;NACIONAL;PE-1SE;-13.417491;DESPEJADO;RURAL;TRAMO RECTO;PLANA ;ASFALTADA;NULL;NULL;NULL;NULL;EN PROCESO DE INVESTIGACIÓN;NO CUENTA CON CAUSA ESPECIFICA;Carretera Panamericana Sur;25/8/2022;-76.189702
A-2022-08-274;25:00.0;CHOQUE;1;0;NULL;LIMA;LIMA;SAN MARTIN DE PORRES;URBANA;AVENIDA;URBANO;NO CORRESPONDE;-12.029452;DESPEJADO;COMERCIAL;CURVA;PLANA ;ASFALTADA;NULL;NULL;NULL;NULL;IMPRUDENCIA DEL CONDUCTOR;OTRO (IMPRUDENCIA DEL CONDUCTOR);Ciclovía José Granda;26/8/2022;-77.064369
A-2022-08-89;30:00.0;DESPISTE;1;0;1;CUSCO;CANCHIS;CHECACUPE;RURAL;CARRETERA;PROVINCIAL;CU-1454;-14.030566;DESPEJADO;RURAL;TRAMO RECTO;INCLINADA;TROCHA;NULL;NULL;NULL;NULL;EN PROCESO DE INVESTIGACIÓN;NO CUENTA CON CAUSA ESPECIFICA;Palcoyo;26/8/2022;-71.341049
A-2022-08-82;00:00.0;CHOQUE;1;2;2;ICA;PISCO;SAN ANDRES;URBANA;CARRETERA;NACIONAL;PE-1SG;-13.752419;DESPEJADO;INDUSTRIAL;TRAMO RECTO;PLANA ;ASFALTADA;NULL;NULL;NULL;NULL;IMPRUDENCIA DEL CONDUCTOR;GIRAR IMPRUDENTEMENTE;Carretera Pisco - Paracas;26/8/2022;-76.230023
A-2022-08-137;15:00.0;CHOQUE;1;0;2;PUNO;MELGAR;SANTA ROSA;RURAL;CARRETERA;NACIONAL;PE-3S;-14.511091;DESPEJADO;RURAL;TRAMO RECTO;PLANA ;ASFALTADA;NULL;NULL;NULL;NULL;IMPRUDENCIA DEL CONDUCTOR;INVASIÓN DE CARRIL;Carretera Longitudinal de la Sierra Sur;26/8/2022;-70.923389
A-2022-08-147;40:00.0;ATROPELLO FUGA;1;0;1;LIMA;LIMA;ANCON;URBANA;CARRETERA;NACIONAL;PE-1N;-11.773241;DESPEJADO;COMERCIAL;TRAMO RECTO;PLANA ;ASFALTADA;NULL;NULL;NULL;NULL;EN PROCESO DE INVESTIGACIÓN;NO CUENTA CON CAUSA ESPECIFICA;Carretera Panamericana Norte;26/8/2022;-77.159443
A-2022-08-182;00:00.0;ATROPELLO;1;0;1;TACNA;TACNA;CORONEL GREGORIO ALBARRACIN LANCHIPA;URBANA;CARRETERA;PROVINCIAL;TA-634;-18.046278;DESPEJADO;COMERCIAL;INTERSECCIÓN;INCLINADA;ASFALTADA;NULL;NULL;NULL;NULL;IMPRUDENCIA DEL CONDUCTOR;EXCESO DE VELOCIDAD;Avenida Municipal;26/8/2022;-70.249627
A-2022-08-84;30:00.0;CHOQUE;1;0;2;LAMBAYEQUE;CHICLAYO;LAGUNAS;URBANA;CARRETERA;NACIONAL;PE-1N;-6.978899;DESPEJADO;RURAL;CURVA;PLANA ;ASFALTADA;SI;INFORMATIVA (I);NULL;NO;EN PROCESO DE INVESTIGACIÓN;NO CUENTA CON CAUSA ESPECIFICA;PE-1NI;26/8/2022;-79.645388
A-2022-08-146;20:00.0;ATROPELLO;1;0;1;LIMA;LIMA;VILLA EL SALVADOR;URBANA;AVENIDA;URBANO;NO CORRESPONDE;-12.218494;DESPEJADO;COMERCIAL;TRAMO RECTO;PLANA ;ASFALTADA;NULL;NULL;NULL;NULL;EN PROCESO DE INVESTIGACIÓN;NO CUENTA CON CAUSA ESPECIFICA;Avenida Pachacútec;26/8/2022;-76.921427
A-2022-08-74;30:00.0;CHOQUE;1;0;2;ICA;ICA;SANTIAGO;URBANA;CARRETERA;NACIONAL;PE-1S;-14.136838;DESPEJADO;RURAL;CURVA;PLANA ;ASFALTADA;NULL;NULL;NULL;NULL;IMPRUDENCIA DEL CONDUCTOR;INVASIÓN DE CARRIL;Carretera Panamericana Sur;26/8/2022;-75.717522
A-2022-08-85;10:00.0;CHOQUE;1;1;2;CUSCO;CUSCO;CUSCO;RURAL;CARRETERA;NACIONAL;PE-28G;-13.498365;DESPEJADO;RURAL;TRAMO RECTO;PLANA ;ASFALTADA;SI;REGULADORA (R);NULL;SI;IMPRUDENCIA DEL CONDUCTOR;NO ESTABLECER EL DERECHO DE PASO;PE-28G;27/8/2022;-71.972712
A-2022-08-145;30:00.0;ATROPELLO FUGA;1;0;NULL;LIMA;LIMA;COMAS;URBANA;AVENIDA;URBANO;NO CORRESPONDE;-11.936865;DESPEJADO;COMERCIAL;TRAMO RECTO;PLANA ;ASFALTADA;NULL;NULL;NULL;NULL;EN PROCESO DE INVESTIGACIÓN;NO CUENTA CON CAUSA ESPECIFICA;Avenida Túpac Amaru;27/8/2022;-77.049057
A-2022-08-144;45:00.0;CHOQUE;1;0;4;LIMA;LIMA;SANTIAGO DE SURCO;URBANA;CARRETERA;NACIONAL;PE-1S;-12.111926;DESPEJADO;COMERCIAL;TRAMO RECTO;PLANA ;ASFALTADA;NULL;NULL;NULL;NULL;EN PROCESO DE INVESTIGACIÓN;NO CUENTA CON CAUSA ESPECIFICA;Paradero;27/8/2022;-76.977852
A-2022-08-72;30:00.0;ATROPELLO FUGA;1;0;NULL;CUSCO;QUISPICANCHI;URCOS;URBANA;CARRETERA;SIN CLASIFICAR;SIN CLASIFICAR;-13.688642;DESPEJADO;RESIDENCIAL;CURVA;INCLINADA;ASFALTADA;SI;PREVENTIVA (P);NULL;SI;EN PROCESO DE INVESTIGACIÓN;NO CUENTA CON CAUSA ESPECIFICA;Urcos;27/8/2022;-71.575757
A-2022-08-184;35:00.0;ATROPELLO;1;0;NULL;APURIMAC;COTABAMBAS;CHALLHUAHUACHO;URBANA;CALLE;URBANO;NO CORRESPONDE;-14.121556;NULL;NULL;NULL;NULL;NULL;NULL;NULL;NULL;NULL;EN PROCESO DE INVESTIGACIÓN;NO CUENTA CON CAUSA ESPECIFICA;Challhuahuacho;27/8/2022;-72.252973
A-2022-08-247;00:00.0;ATROPELLO;1;0;1;PIURA;SULLANA;SULLANA;URBANA;CARRETERA;NACIONAL;PE-1NL;-4.919472;DESPEJADO;RURAL;TRAMO RECTO;PLANA ;ASFALTADA;NULL;NULL;NULL;NULL;EN PROCESO DE INVESTIGACIÓN;NO CUENTA CON CAUSA ESPECIFICA;Carretera Panamericana Norte;27/8/2022;-80.637733
A-2022-08-233;00:00.0;CHOQUE;1;0;2;PIURA;PIURA;PIURA;URBANA;AVENIDA;URBANO;NO CORRESPONDE;-5.166641;DESPEJADO;COMERCIAL;TRAMO RECTO;PLANA ;ASFALTADA;NULL;NULL;NULL;NULL;EN PROCESO DE INVESTIGACIÓN;NO CUENTA CON CAUSA ESPECIFICA;Avenida Raúl Mata de la Cruz;28/8/2022;-80.639669
A-2022-08-263;00:00.0;CHOQUE;1;0;NULL;MADRE DE DIOS;TAMBOPATA;LABERINTO;URBANA;CARRETERA;PROVINCIAL;MD-529;-12.721218;NULL;NULL;NULL;NULL;NULL;NULL;NULL;NULL;NULL;EN PROCESO DE INVESTIGACIÓN;NO CUENTA CON CAUSA ESPECIFICA;Puerto Rosario de Laberinto;28/8/2022;-69.584426
A-2022-08-136;30:00.0;VOLCADURA;1;0;1;PUNO;AZANGARO;ARAPA;RURAL;CARRETERA;DEPARTAMENTAL;PU-113;-15.126648;DESPEJADO;RURAL;TRAMO RECTO;PLANA ;ASFALTADA;NULL;NULL;NULL;NULL;IMPRUDENCIA DEL CONDUCTOR;EXCESO DE VELOCIDAD;PU-113;28/8/2022;-70.133416
A-2022-08-86;40:00.0;ATROPELLO FUGA;1;0;1;LAMBAYEQUE;CHICLAYO;LA VICTORIA;URBANA;CARRETERA;NACIONAL;PE-1N;-6.8018;NUBLADO;COMERCIAL;TRAMO RECTO;PLANA ;ASFALTADA;NULL;NULL;NULL;NULL;EN PROCESO DE INVESTIGACIÓN;NO CUENTA CON CAUSA ESPECIFICA;Avenida Gran Chimú;28/8/2022;-79.8415
A-2022-08-143;20:00.0;CHOQUE;1;0;2;LIMA;LIMA;LURIN;URBANA;CARRETERA;PROVINCIAL;LM-797;-12.273785;DESPEJADO;COMERCIAL;TRAMO RECTO;PLANA ;ASFALTADA;NULL;NULL;NULL;NULL;EN PROCESO DE INVESTIGACIÓN;NO CUENTA CON CAUSA ESPECIFICA;Antigua Panamericana Sur;28/8/2022;-76.872771
A-2022-08-97;30:00.0;ATROPELLO;1;0;1;CUSCO;ANTA;ANTA;URBANA;CARRETERA;NACIONAL;PE-3S;-13.495006;DESPEJADO;RURAL;TRAMO RECTO;PLANA ;ASFALTADA;SI;INFORMATIVA (I);INFORMATIVA (I);SI;IMPRUDENCIA DEL PEATÓN;CRUCE INDEBIDO POR LA CALZADA;Carretera Longitudinal de la Sierra Sur;28/8/2022;-72.179071
A-2022-08-95;30:00.0;CHOQUE;1;0;2;AREQUIPA;ISLAY;MOLLENDO;RURAL;CARRETERA;NACIONAL;PE-1SD;-17.054827;DESPEJADO;RURAL;TRAMO RECTO;PLANA ;ASFALTADA;NO;NULL;NULL;SI;EN PROCESO DE INVESTIGACIÓN;NO CUENTA CON CAUSA ESPECIFICA;Carretera Costanera Sur;28/8/2022;-71.963093
A-2022-08-260;45:00.0;ATROPELLO;1;0;NULL;JUNIN;SATIPO;SATIPO;URBANA;CARRETERA;NACIONAL;PE-24A;-11.247902;DESPEJADO;COMERCIAL;TRAMO RECTO;PLANA ;ASFALTADA;NULL;NULL;NULL;NULL;IMPRUDENCIA DEL PEATÓN;CRUCE INDEBIDO POR LA CALZADA;Avenida Antonio Raymondi Norte;28/8/2022;-74.637288
A-2022-08-205;55:00.0;CHOQUE FUGA;1;1;1;UCAYALI;CORONEL PORTILLO;YARINACOCHA;RURAL;AVENIDA;URBANO;NO CORRESPONDE;-8.373012;DESPEJADO;RURAL;INTERSECCIÓN;PLANA ;AFIRMADO;NULL;NULL;NULL;NULL;IMPRUDENCIA DEL CONDUCTOR;CONDUCIR EN ESTADO DE EBRIEDAD Y/O DROGADICCIÓN;Jirón 2 de Mayo;28/8/2022;-74.599707
A-2022-08-200;45:00.0;DESPISTE;1;1;NULL;AYACUCHO;HUAMANGA;CARMEN ALTO;URBANA;AVENIDA;URBANO;NO CORRESPONDE;-13.170113;DESPEJADO;RESIDENCIAL;CURVA;INCLINADA;ASFALTADA;NULL;NULL;NULL;NULL;IMPRUDENCIA DEL CONDUCTOR;EXCESO DE VELOCIDAD;Avenida Carmel Alto;29/8/2022;-74.226712
A-2022-08-141;20:00.0;ATROPELLO;1;0;1;LIMA;LIMA;PUENTE PIEDRA;URBANA;CARRETERA;NACIONAL;PE-1N;-11.829355;DESPEJADO;COMERCIAL;TRAMO RECTO;PLANA ;ASFALTADA;NULL;NULL;NULL;NULL;EN PROCESO DE INVESTIGACIÓN;NO CUENTA CON CAUSA ESPECIFICA;Carretera Panamericana Norte;29/8/2022;-77.118704
A-2022-08-142;40:00.0;ATROPELLO;1;0;NULL;LIMA;LIMA;SAN JUAN DE LURIGANCHO;URBANA;AVENIDA;URBANO;NO CORRESPONDE;-12.026427;DESPEJADO;RESIDENCIAL;TRAMO RECTO;PLANA ;ASFALTADA;NULL;NULL;NULL;NULL;EN PROCESO DE INVESTIGACIÓN;NO CUENTA CON CAUSA ESPECIFICA;Avenida Malecón Miguel Checa Eguiguren;29/8/2022;-76.988762
A-2022-08-121;50:00.0;ATROPELLO;1;0;0;LAMBAYEQUE;FERREÑAFE;PITIPO;URBANA;CALLE;URBANO;NO CORRESPONDE;-6.481992;DESPEJADO;RESIDENCIAL;TRAMO RECTO;PLANA ;TROCHA;NULL;NULL;NULL;NULL;EN PROCESO DE INVESTIGACIÓN;NO CUENTA CON CAUSA ESPECIFICA;LA-103;29/8/2022;-79.650751
A-2022-08-98;00:00.0;CHOQUE CON OBJETO FIJO;1;0;1;AREQUIPA;AREQUIPA;JOSE LUIS BUSTAMANTE Y RIVERO;URBANA;CARRETERA;NACIONAL;PE-34C;-16.425451;DESPEJADO;COMERCIAL;TRAMO RECTO;INCLINADA;ASFALTADA;NULL;NULL;NULL;NULL;EN PROCESO DE INVESTIGACIÓN;NO CUENTA CON CAUSA ESPECIFICA;Andrés Avelino Cáceres;30/8/2022;-71.531861
A-2022-09-187;30:00.0;CHOQUE CON OBJETO FIJO;1;0;1;CAJAMARCA;CUTERVO;CUTERVO;URBANA;CARRETERA;PROVINCIAL;CA-835;-6.375413;SOLEADO;RESIDENCIAL;TRAMO RECTO;PLANA ;ASFALTADA;NULL;NULL;NULL;NULL;EN PROCESO DE INVESTIGACIÓN;NO CUENTA CON CAUSA ESPECIFICA;Jirón Frey Juan Ramirez;30/8/2022;-78.817024
A-2022-08-101;50:00.0;ATROPELLO;1;0;1;LAMBAYEQUE;LAMBAYEQUE;OLMOS;RURAL;CARRETERA;NACIONAL;PE-1NJ;-5.989715;DESPEJADO;RURAL;TRAMO RECTO;PLANA ;ASFALTADA;NULL;NULL;NULL;NULL;EN PROCESO DE INVESTIGACIÓN;NO CUENTA CON CAUSA ESPECIFICA;Carretera Lambayegue - Olmos;30/8/2022;-79.706363
A-2022-08-236;40:00.0;ATROPELLO FUGA;1;0;1;JUNIN;HUANCAYO;SAN AGUSTIN;URBANA;CARRETERA;NACIONAL;PE-3S;-12.01572;DESPEJADO;INDUSTRIAL;TRAMO RECTO;PLANA ;ASFALTADA;NO;NULL;NULL;SI;IMPRUDENCIA DEL CONDUCTOR;EXCESO DE VELOCIDAD;Carretera Longitudinal de la Sierra Sur;30/8/2022;-75.243741
A-2022-08-235;30:00.0;ATROPELLO;1;0;NULL;JUNIN;HUANCAYO;SAN AGUSTIN;URBANA;CARRETERA;PROVINCIAL;JU-1072;-11.993778;DESPEJADO;RURAL;INTERSECCIÓN;PLANA ;ASFALTADA;NULL;NULL;NULL;NULL;IMPRUDENCIA DEL PEATÓN;ESTADO DE EBRIEDAD Y/O DROGADICCIÓN;Avenida Leoncio Prado;30/8/2022;-75.251304
A-2022-08-109;40:00.0;DESPISTE;1;0;1;HUANUCO;HUAMALIES;MONZON;RURAL;CARRETERA;NACIONAL;PE-14A;-9.209676;DESPEJADO;RURAL;CURVA;PLANA ;ASFALTADA;SI;PREVENTIVA (P);NULL;NO;IMPRUDENCIA DEL CONDUCTOR;OTRO (IMPRUDENCIA DEL CONDUCTOR);PE-14A;30/8/2022;-76.151048
A-2022-08-248;00:00.0;CHOQUE;1;0;2;PIURA;TALARA;PARIÑAS;RURAL;CARRETERA;DEPARTAMENTAL;PI-100;-4.576846;DESPEJADO;RURAL;CURVA;PLANA ;ASFALTADA;NULL;NULL;NULL;NULL;IMPRUDENCIA DEL CONDUCTOR;INVASIÓN DE CARRIL;Carretera Costanera I;30/8/2022;-81.250237
A-2022-08-139;30:00.0;ATROPELLO;1;0;1;LIMA;LIMA;LOS OLIVOS;URBANA;CARRETERA;NACIONAL;PE-20J;-11.977052;DESPEJADO;COMERCIAL;TRAMO RECTO;PLANA ;ASFALTADA;NULL;NULL;NULL;NULL;EN PROCESO DE INVESTIGACIÓN;NO CUENTA CON CAUSA ESPECIFICA;Avenida Naranjal;30/8/2022;-77.081955
A-2022-08-140;40:00.0;ATROPELLO;1;0;1;LIMA;LIMA;PUENTE PIEDRA;URBANA;CARRETERA;NACIONAL;PE-1N;-11.872988;DESPEJADO;COMERCIAL;SINUOSA;PLANA ;ASFALTADA;NULL;NULL;NULL;NULL;EN PROCESO DE INVESTIGACIÓN;NO CUENTA CON CAUSA ESPECIFICA;Carretera Panamericana Norte;30/8/2022;-77.069377
A-2022-08-264;00:00.0;CHOQUE;1;0;2;TACNA;TARATA;TARUCACHI;RURAL;CARRETERA;PROVINCIAL;TA-566;-17.524904;DESPEJADO;RURAL;CURVA;INCLINADA;AFIRMADO;NULL;NULL;NULL;NULL;IMPRUDENCIA DEL CONDUCTOR;EXCESO DE VELOCIDAD;Calle 28 de Julio;31/8/2022;-70.033328
A-2022-08-83;00:00.0;DESPISTE;1;0;1;ICA;ICA;ICA;URBANA;CALLE;URBANO;NO CORRESPONDE;-14.080969;DESPEJADO;COMERCIAL;TRAMO RECTO;PLANA ;ASFALTADA;NULL;NULL;NULL;NULL;EN PROCESO DE INVESTIGACIÓN;NO CUENTA CON CAUSA ESPECIFICA;Cachiche;31/8/2022;-75.731989
A-2022-08-100;20:00.0;VOLCADURA;1;1;1;TUMBES;TUMBES;CORRALES;RURAL;CARRETERA;SIN CLASIFICAR;SIN CLASIFICAR;-3.575346;DESPEJADO;RURAL;TRAMO RECTO;PLANA ;TROCHA;NULL;NULL;NULL;NULL;IMPRUDENCIA DEL CONDUCTOR;CONDUCIR EN ESTADO DE EBRIEDAD Y/O DROGADICCIÓN;Pueblo Nuevo;31/8/2022;-80.483828
A-2022-08-92;25:00.0;CHOQUE;1;0;2;ICA;ICA;SAN JUAN BAUTISTA;URBANA;CARRETERA;PROVINCIAL;IC-620;-14.005;DESPEJADO;COMERCIAL;TRAMO RECTO;PLANA ;ASFALTADA;NULL;NULL;NULL;NULL;EN PROCESO DE INVESTIGACIÓN;NO CUENTA CON CAUSA ESPECIFICA;C.P. Camino de Reyes;31/8/2022;-75.753
A-2022-08-117;54:00.0;CHOQUE;1;0;2;LIMA;BARRANCA;BARRANCA;RURAL;CARRETERA;DEPARTAMENTAL;LM-100;-10.738293;DESPEJADO;RURAL;TRAMO RECTO;PLANA ;ASFALTADA;NULL;NULL;NULL;NULL;EN PROCESO DE INVESTIGACIÓN;NO CUENTA CON CAUSA ESPECIFICA;Jirón Ramón Castilla;31/8/2022;-77.771229