CÓDIGO SINIESTRO;HORA SINIESTRO;CLASE SINIESTRO;CANTIDAD DE FALLECIDOS;CANTIDAD DE LESIONADOS;CANTIDAD DE VEHICULOS DAÑADOS;DEPARTAMENTO;PROVINCIA;DISTRITO;ZONA;TIPO DE VÍA;RED VIAL;COD CARRETERA;COORDENADAS LATITUD;CONDICIÓN CLIMÁTICA;ZONIFICACIÓN;CARACTERÍSTICAS DE VÍA;PERFIL LONGITUDINAL VÍA;SUPERFICIE DE CALZADA;¿EXISTE SEÑAL VERTICAL?;CLASIFICACIÓN DE LA SEÑAL VERTICAL Nº 1;CLASIFICACIÓN DE LA SEÑAL VERTICAL Nº 2;¿EXISTE SEÑAL HORIZONTAL?;CAUSA FACTOR PRINCIPAL;CAUSA ESPECÍFICA;UBICACION;FECHA SINIESTRO;COORDENADAS LONGITUD
A-2022-09-222;30:00.0;DESPISTE;2;0;1;HUANUCO;LAURICOCHA;SAN FRANCISCO DE ASIS;RURAL;CARRETERA;DEPARTAMENTAL;HU-110;-9.978567;DESPEJADO;RURAL;CURVA;INCLINADA;TROCHA;NULL;NULL;NULL;NULL;IMPRUDENCIA DEL CONDUCTOR;CONDUCIR EN ESTADO DE EBRIEDAD Y/O DROGADICCIÓN;Jirón Buenos Aires;1/9/2022;-76.673771
A-2022-09-237;48:00.0;CHOQUE;1;2;2;MADRE DE DIOS;TAMBOPATA;TAMBOPATA;URBANA;CARRETERA;PROVINCIAL;MD-566;-12.599686;DESPEJADO;COMERCIAL;INTERSECCIÓN;PLANA ;CONCRETO;NO;NULL;NULL;NO;IMPRUDENCIA DEL CONDUCTOR;OTRO (IMPRUDENCIA DEL CONDUCTOR);Tambopata;1/9/2022;-69.197185
A-2022-09-158;45:00.0;DESPISTE;1;0;NULL;LIMA;LIMA;LIMA;URBANA;JIRÓN;URBANO;NO CORRESPONDE;-12.051549;DESPEJADO;COMERCIAL;TRAMO RECTO;PLANA ;ASFALTADA;NULL;NULL;NULL;NULL;EN PROCESO DE INVESTIGACIÓN;NO CUENTA CON CAUSA ESPECIFICA;Jirón Camaná;2/9/2022;-77.03661
A-2022-09-67;40:00.0;DESPISTE;2;0;1;CUSCO;CALCA;YANATILE;RURAL;CARRETERA;DEPARTAMENTAL;CU-105;-12.645361;DESPEJADO;RURAL;CURVA;PLANA ;ASFALTADA;NULL;NULL;NULL;NULL;IMPRUDENCIA DEL CONDUCTOR;FATIGA Y/O CANSANCIO;CU-105;2/9/2022;-72.358221
A-2022-09-33;30:00.0;CHOQUE FUGA;1;2;2;LA LIBERTAD;TRUJILLO;HUANCHACO;RURAL;CARRETERA;DEPARTAMENTAL;LI-104;-8.052723;DESPEJADO;RURAL;TRAMO RECTO;PLANA ;ASFALTADA;NULL;NULL;NULL;NULL;IMPRUDENCIA DEL CONDUCTOR;EXCESO DE VELOCIDAD;Avenida Víctor Larco Herrera;2/9/2022;-79.13698
A-2022-09-140;30:00.0;DESPISTE;1;0;1;PUNO;MELGAR;SANTA ROSA;RURAL;CARRETERA;NACIONAL;PE-3S;-14.60002;DESPEJADO;RURAL;TRAMO RECTO;PLANA ;ASFALTADA;NULL;NULL;NULL;NULL;IMPRUDENCIA DEL CONDUCTOR;CONDUCIR EN ESTADO DE EBRIEDAD Y/O DROGADICCIÓN;Carretera Longitudinal de la Sierra Sur;2/9/2022;-70.835847
A-2022-09-28;00:00.0;CHOQUE FUGA;1;1;1;ICA;PISCO;SAN CLEMENTE;RURAL;CARRETERA;NACIONAL;PE-1S;-13.593713;NUBLADO;RURAL;TRAMO RECTO;PLANA ;ASFALTADA;NULL;NULL;NULL;NULL;EN PROCESO DE INVESTIGACIÓN;NO CUENTA CON CAUSA ESPECIFICA;Antigua Carretera Panamericana Sur;3/9/2022;-76.145004
A-2022-09-27;00:00.0;CHOQUE;2;2;2;AREQUIPA;AREQUIPA;SAN JUAN DE TARUCANI;RURAL;CARRETERA;NACIONAL;PE-34A;-16.053787;DESPEJADO;RURAL;CURVA;INCLINADA;ASFALTADA;NO;NULL;NULL;SI;EN PROCESO DE INVESTIGACIÓN;NO CUENTA CON CAUSA ESPECIFICA;Vía Interoceánica Sur - Tramo 5;3/9/2022;-71.340168
A-2022-09-157;30:00.0;CHOQUE;1;1;2;LIMA;LIMA;LA VICTORIA;URBANA;VIA EXPRESA;URBANO;NO CORRESPONDE;-12.058269;DESPEJADO;COMERCIAL;TRAMO RECTO;PLANA ;ASFALTADA;NULL;NULL;NULL;NULL;INFRAESTRUCTURA Y ENTORNO VIAL;OTRO (INFRAESTRUCTURA Y ENTORNO VIAL);Vía Expresa Almirante Miguel Grau;3/9/2022;-77.023327
A-2022-09-20;20:00.0;DESPISTE;2;2;1;CUSCO;QUISPICANCHI;HUARO;RURAL;CARRETERA;PROVINCIAL;CU-1326;-13.713765;DESPEJADO;RURAL;PUENTE;PLANA ;TROCHA;SI;PREVENTIVA (P);INFORMATIVA (I);NO;NEGLIGENCIA DEL CONDUCTOR;OTRO (NEGLIGENCIA DEL CONDUCTOR);CU-1326;3/9/2022;-71.668069
A-2022-09-169;30:00.0;CHOQUE;1;6;2;HUANUCO;HUANUCO;QUISQUI (KICHKI);RURAL;CARRETERA;NACIONAL;PE-3N;-9.892991;DESPEJADO;RURAL;TRAMO RECTO;PLANA ;ASFALTADA;NULL;NULL;NULL;NULL;IMPRUDENCIA DEL CONDUCTOR;EXCESO DE VELOCIDAD;Carretera Longitudinal de la Sierra Norte;3/9/2022;-76.449561
A-2022-09-88;30:00.0;DESPISTE;1;4;1;CUSCO;ESPINAR;CONDOROMA;RURAL;CARRETERA;NACIONAL;PE-34J;-15.245361;DESPEJADO;RURAL;CURVA;INCLINADA;ASFALTADA;SI;PREVENTIVA (P);PREVENTIVA (P);SI;IMPRUDENCIA DEL CONDUCTOR;EXCESO DE VELOCIDAD;Carretera Condoroma - Negro Mayo;4/9/2022;-71.151901
A-2022-09-155;00:00.0;CHOQUE;1;0;NULL;LIMA;LIMA;LA VICTORIA;URBANA;AVENIDA;URBANO;NO CORRESPONDE;-12.05921;DESPEJADO;COMERCIAL;INTERSECCIÓN;PLANA ;ASFALTADA;NULL;NULL;NULL;NULL;EN PROCESO DE INVESTIGACIÓN;NO CUENTA CON CAUSA ESPECIFICA;Avenida Almirante Miguel Grau;4/9/2022;-77.029814
A-2022-09-156;10:00.0;ATROPELLO FUGA;1;0;NULL;LIMA;LIMA;PUNTA HERMOSA;RURAL;CARRETERA;PROVINCIAL;LM-801;-12.294049;DESPEJADO;RURAL;TRAMO RECTO;PLANA ;TROCHA;NULL;NULL;NULL;NULL;EN PROCESO DE INVESTIGACIÓN;NO CUENTA CON CAUSA ESPECIFICA;Avenida Pampa Pacta;4/9/2022;-76.775075
A-2022-09-273;20:00.0;CHOQUE;1;0;NULL;LORETO;MAYNAS;SAN JUAN BAUTISTA;URBANA;AVENIDA;URBANO;NO CORRESPONDE;-3.786552;NULL;NULL;NULL;NULL;NULL;NULL;NULL;NULL;NULL;EN PROCESO DE INVESTIGACIÓN;NO CUENTA CON CAUSA ESPECIFICA;San Juan;4/9/2022;-73.291107
A-2022-09-65;37:00.0;DESPISTE;2;2;1;CUSCO;CANAS;YANAOCA;RURAL;CARRETERA;PROVINCIAL;CU-1609;-14.216644;DESPEJADO;RURAL;CURVA;INCLINADA;ASFALTADA;NULL;NULL;NULL;NULL;IMPRUDENCIA DEL CONDUCTOR;EXCESO DE VELOCIDAD;Colliri Chico;4/9/2022;-71.438229
A-2022-09-31;50:00.0;CHOQUE;1;0;2;AREQUIPA;ISLAY;PUNTA DE BOMBON;URBANA;CARRETERA;PROVINCIAL;AR-826;-17.175206;DESPEJADO;RESIDENCIAL;TRAMO RECTO;PLANA ;ASFALTADA;NULL;NULL;NULL;NULL;EN PROCESO DE INVESTIGACIÓN;NO CUENTA CON CAUSA ESPECIFICA;Avenida Francisco de Olazábal;4/9/2022;-71.791538
A-2022-09-231;00:00.0;ATROPELLO FUGA;1;0;NULL;JUNIN;JAUJA;SINCOS;URBANA;CARRETERA;NACIONAL;PE-3SB;-11.881667;DESPEJADO;RURAL;TRAMO RECTO;PLANA ;ASFALTADA;NO;NULL;NULL;SI;IMPRUDENCIA DEL CONDUCTOR;EXCESO DE VELOCIDAD;Carretera Central Margen Derecha;4/9/2022;-75.396226
A-2022-09-141;00:00.0;CHOQUE;1;0;2;PUNO;LAMPA;SANTA LUCIA;RURAL;CARRETERA;NACIONAL;PE-34A;-15.653472;DESPEJADO;RURAL;TRAMO RECTO;PLANA ;ASFALTADA;NULL;NULL;NULL;NULL;IMPRUDENCIA DEL CONDUCTOR;INVASIÓN DE CARRIL;Vía Interoceánica Sur - Tramo 5;4/9/2022;-70.677622
A-2022-09-51;30:00.0;CHOQUE;1;1;2;HUANUCO;LEONCIO PRADO;PUEBLO NUEVO;RURAL;CARRETERA;NACIONAL;PE-5N;-9.079752;SOLEADO;RURAL;TRAMO RECTO;PLANA ;ASFALTADA;SI;PREVENTIVA (P);PREVENTIVA (P);NO;IMPRUDENCIA DEL CONDUCTOR;EXCESO DE VELOCIDAD;Carretera Presidente Fernando Belaúnde Terry;4/9/2022;-76.063805
A-2022-09-136;35:00.0;DESPISTE;1;0;1;CUSCO;QUISPICANCHI;CAMANTI;RURAL;CARRETERA;NACIONAL;PE-30C;-13.21818;DESPEJADO;RURAL;CURVA;PLANA ;ASFALTADA;NULL;NULL;NULL;NULL;IMPRUDENCIA DEL CONDUCTOR;EXCESO DE VELOCIDAD;Interoceanica Sur;4/9/2022;-70.727843
A-2022-09-163;35:00.0;ATROPELLO FUGA;1;0;NULL;TACNA;TACNA;LA YARADA LOS PALOS;RURAL;CARRETERA;NACIONAL;PE-1SD;-18.160299;DESPEJADO;RURAL;TRAMO RECTO;PLANA ;ASFALTADA;NULL;NULL;NULL;NULL;IMPRUDENCIA DEL PEATÓN;ESTADO DE EBRIEDAD Y/O DROGADICCIÓN;Carretera Costanera Sur;4/9/2022;-70.466707
A-2022-09-171;40:00.0;CHOQUE;3;0;2;AMAZONAS;UTCUBAMBA;JAMALCA;RURAL;CARRETERA;NACIONAL;PE-5N;-5.819257;DESPEJADO;RURAL;TRAMO RECTO;PLANA ;ASFALTADA;NULL;NULL;NULL;NULL;EN PROCESO DE INVESTIGACIÓN;NO CUENTA CON CAUSA ESPECIFICA;Carretera Presidente Fernando Belaúnde Terry;4/9/2022;-78.285181
A-2022-09-252;00:00.0;DESPISTE;1;1;1;ICA;CHINCHA;CHINCHA BAJA;RURAL;CARRETERA;NACIONAL;PE-1SE;-13.516056;DESPEJADO;RURAL;TRAMO RECTO;PLANA ;ASFALTADA;NULL;NULL;NULL;NULL;IMPRUDENCIA DEL CONDUCTOR;EXCESO DE VELOCIDAD;Carretera Panamericana Sur;4/9/2022;-76.183805
A-2022-09-34;00:00.0;CHOQUE;1;0;2;LA LIBERTAD;PACASMAYO;SAN PEDRO DE LLOC;RURAL;CARRETERA;NACIONAL;PE-1N;-7.418508;DESPEJADO;RURAL;INTERSECCIÓN;PLANA ;ASFALTADA;NULL;NULL;NULL;NULL;EN PROCESO DE INVESTIGACIÓN;NO CUENTA CON CAUSA ESPECIFICA;Panamericana Norte;4/9/2022;-79.503362
A-2022-09-46;20:00.0;ATROPELLO;1;0;1;ANCASH;CARHUAZ;ANTA;URBANA;CARRETERA;NACIONAL;PE-3N;-9.362728;DESPEJADO;RURAL;TRAMO RECTO;PLANA ;ASFALTADA;NULL;NULL;NULL;NULL;IMPRUDENCIA DEL PEATÓN;ESTADO DE EBRIEDAD Y/O DROGADICCIÓN;Carretera Longitudinal de la Sierra Norte;4/9/2022;-77.594821
A-2022-09-35;30:00.0;DESPISTE;1;0;1;LA LIBERTAD;TRUJILLO;LAREDO;URBANA;CALLE;URBANO;NO CORRESPONDE;-8.061977;DESPEJADO;ESCOLAR;INTERSECCIÓN;PLANA ;ASFALTADA;NULL;NULL;NULL;NULL;EN PROCESO DE INVESTIGACIÓN;NO CUENTA CON CAUSA ESPECIFICA;Laredo;4/9/2022;-78.974893
A-2022-09-21;36:00.0;CHOQUE;1;1;2;CUSCO;CHUMBIVILCAS;CHAMACA;RURAL;CARRETERA;PROVINCIAL;CU-1916;-14.419722;DESPEJADO;RURAL;CURVA;INCLINADA;AFIRMADO;SI;PREVENTIVA (P);PREVENTIVA (P);NO;NEGLIGENCIA DEL CONDUCTOR;OTRO (NEGLIGENCIA DEL CONDUCTOR);Chamaca;5/9/2022;-72.013707
A-2022-09-154;00:00.0;DESPISTE;1;0;1;LIMA;LIMA;COMAS;URBANA;AVENIDA;URBANO;NO CORRESPONDE;-11.926374;DESPEJADO;RESIDENCIAL;TRAMO RECTO;PLANA ;ASFALTADA;NULL;NULL;NULL;NULL;EN PROCESO DE INVESTIGACIÓN;NO CUENTA CON CAUSA ESPECIFICA;Avenida Sinchi Roca;5/9/2022;-77.04708
A-2022-09-164;15:00.0;DESPISTE;1;1;NULL;TACNA;TACNA;PALCA;RURAL;CARRETERA;NACIONAL;PE-40;-17.720346;DESPEJADO;RURAL;CURVA;INCLINADA;ASFALTADA;NULL;NULL;NULL;NULL;IMPRUDENCIA DEL CONDUCTOR;CONDUCIR EN ESTADO DE EBRIEDAD Y/O DROGADICCIÓN;Carretera Tacna - La Paz;5/9/2022;-69.85268
A-2022-09-36;45:00.0;DESPISTE;1;2;1;LA LIBERTAD;ASCOPE;ASCOPE;RURAL;CARRETERA;DEPARTAMENTAL;LI-101;-7.739665;DESPEJADO;RURAL;TRAMO RECTO;PLANA ;ASFALTADA;NULL;NULL;NULL;NULL;EN PROCESO DE INVESTIGACIÓN;NO CUENTA CON CAUSA ESPECIFICA;Carretera Roma - Ascope;5/9/2022;-79.11756
A-2022-09-224;30:00.0;CHOQUE;1;1;NULL;PIURA;PIURA;CATACAOS;RURAL;CARRETERA;NACIONAL;PE-1NK;-5.291043;DESPEJADO;RURAL;TRAMO RECTO;PLANA ;ASFALTADA;NULL;NULL;NULL;NULL;EN PROCESO DE INVESTIGACIÓN;NO CUENTA CON CAUSA ESPECIFICA;Carretera Piura - Sechura;5/9/2022;-80.694731
A-2022-09-243;00:00.0;CHOQUE;1;0;2;PIURA;PIURA;LAS LOMAS;RURAL;CARRETERA;NACIONAL;PE-1NL;-4.635889;DESPEJADO;RURAL;TRAMO RECTO;PLANA ;ASFALTADA;NULL;NULL;NULL;NULL;IMPRUDENCIA DEL CONDUCTOR;OTRO (IMPRUDENCIA DEL CONDUCTOR);PE-1NL;5/9/2022;-80.216085
A-2022-09-29;50:00.0;ATROPELLO FUGA;1;0;0;ICA;PISCO;SAN ANDRES;URBANA;CARRETERA;NACIONAL;PE-1SB;-13.71242;DESPEJADO;COMERCIAL;TRAMO RECTO;PLANA ;ASFALTADA;NULL;NULL;NULL;NULL;EN PROCESO DE INVESTIGACIÓN;NO CUENTA CON CAUSA ESPECIFICA;Avenida Fermín Tangüis;5/9/2022;-76.162594
A-2022-09-234;00:00.0;ATROPELLO FUGA;1;0;NULL;CUSCO;ANTA;ANCAHUASI;RURAL;CARRETERA;NACIONAL;PE-3S;-13.461588;DESPEJADO;RURAL;TRAMO RECTO;PLANA ;ASFALTADA;NO;NULL;NULL;SI;EN PROCESO DE INVESTIGACIÓN;NO CUENTA CON CAUSA ESPECIFICA;Carretera Longitudinal de la Sierra Sur;6/9/2022;-72.289324
A-2022-09-37;15:00.0;CHOQUE;1;5;2;LA LIBERTAD;SANCHEZ CARRION;HUAMACHUCO;RURAL;CARRETERA;NACIONAL;PE-3N;-7.797149;DESPEJADO;RURAL;TRAMO RECTO;PLANA ;ASFALTADA;NULL;NULL;NULL;NULL;IMPRUDENCIA DEL CONDUCTOR;GIRAR IMPRUDENTEMENTE;PE-10C;6/9/2022;-77.979515
A-2022-09-245;29:00.0;CHOQUE;1;0;2;PIURA;PAITA;COLAN;RURAL;CARRETERA;DEPARTAMENTAL;PI-101;-4.880305;DESPEJADO;RURAL;CURVA;PLANA ;ASFALTADA;NULL;NULL;NULL;NULL;EN PROCESO DE INVESTIGACIÓN;NO CUENTA CON CAUSA ESPECIFICA;Carretera Costanera II;6/9/2022;-81.024889
A-2022-09-38;00:00.0;CHOQUE;1;0;2;AREQUIPA;AREQUIPA;UCHUMAYO;RURAL;CARRETERA;NACIONAL;PE-34A;-16.448026;DESPEJADO;RURAL;TRAMO RECTO;PLANA ;ASFALTADA;NO;NULL;NULL;SI;EN PROCESO DE INVESTIGACIÓN;NO CUENTA CON CAUSA ESPECIFICA;Carretera Interoceánica Sur;6/9/2022;-71.69634
A-2022-09-30;00:00.0;CHOQUE;1;0;2;ICA;ICA;SALAS;URBANA;CARRETERA;NACIONAL;PE-1S;-13.932477;DESPEJADO;RURAL;TRAMO RECTO;PLANA ;ASFALTADA;SI;INFORMATIVA (I);NULL;NO;EN PROCESO DE INVESTIGACIÓN;NO CUENTA CON CAUSA ESPECIFICA;Carretera Panamericana Sur;6/9/2022;-75.901379
A-2022-09-11;30:00.0;ATROPELLO;1;0;NULL;PUNO;CHUCUITO;ZEPITA;RURAL;CARRETERA;NACIONAL;PE-3S;-16.420344;DESPEJADO;RURAL;TRAMO RECTO;PLANA ;ASFALTADA;NULL;NULL;NULL;NULL;IMPRUDENCIA DEL PEATÓN;CRUCE INDEBIDO POR LA CALZADA;Carretera Longitudinal de la Sierra Sur;6/9/2022;-69.176976
A-2022-09-90;25:00.0;ATROPELLO;1;0;1;LAMBAYEQUE;CHICLAYO;CHICLAYO;URBANA;CARRETERA;PROVINCIAL;LA-816;-6.774435;DESPEJADO;RURAL;TRAMO RECTO;PLANA ;ASFALTADA;NULL;NULL;NULL;NULL;EN PROCESO DE INVESTIGACIÓN;NO CUENTA CON CAUSA ESPECIFICA;Avenida San Francisco de Asís;6/9/2022;-79.827557
A-2022-09-192;10:00.0;DESPISTE;3;4;1;CAJAMARCA;HUALGAYOC;BAMBAMARCA;URBANA;CARRETERA;NACIONAL;PE-3NB;-6.811848;DESPEJADO;RESIDENCIAL;TRAMO RECTO;PLANA ;AFIRMADO;NULL;NULL;NULL;NULL;EN PROCESO DE INVESTIGACIÓN;NO CUENTA CON CAUSA ESPECIFICA;PE-3NB;7/9/2022;-78.52093
A-2022-09-254;30:00.0;ATROPELLO;1;0;1;ICA;CHINCHA;CHINCHA BAJA;URBANA;CARRETERA;NACIONAL;PE-1SE;-13.524512;DESPEJADO;RESIDENCIAL;TRAMO RECTO;PLANA ;ASFALTADA;NULL;NULL;NULL;NULL;IMPRUDENCIA DEL CONDUCTOR;OTRO (IMPRUDENCIA DEL CONDUCTOR);Carretera Panamericana Sur;7/9/2022;-76.182945
A-2022-09-253;15:00.0;DESPISTE;1;6;2;ICA;CHINCHA;GROCIO PRADO;RURAL;CARRETERA;NACIONAL;PE-1S;-13.370908;DESPEJADO;RURAL;TRAMO RECTO;PLANA ;ASFALTADA;NULL;NULL;NULL;NULL;IMPRUDENCIA DEL CONDUCTOR;INVASIÓN DE CARRIL;Carretera Panamericana Sur;7/9/2022;-76.210617
A-2022-09-244;00:00.0;ATROPELLO;1;0;1;PIURA;PIURA;TAMBO GRANDE;RURAL;CARRETERA;NACIONAL;PE-1NU;-4.937905;DESPEJADO;RURAL;TRAMO RECTO;PLANA ;ASFALTADA;NULL;NULL;NULL;NULL;EN PROCESO DE INVESTIGACIÓN;NO CUENTA CON CAUSA ESPECIFICA;PE-1NU;7/9/2022;-80.34659
A-2022-09-94;20:00.0;ATROPELLO;1;0;1;LAMBAYEQUE;LAMBAYEQUE;MOTUPE;RURAL;CARRETERA;NACIONAL;PE-1NJ;-6.162275;DESPEJADO;RURAL;TRAMO RECTO;PLANA ;ASFALTADA;NULL;NULL;NULL;NULL;EN PROCESO DE INVESTIGACIÓN;NO CUENTA CON CAUSA ESPECIFICA;Carretera Lambayegue - Olmos;7/9/2022;-79.699545
A-2022-09-91;50:00.0;ATROPELLO FUGA;1;0;0;LAMBAYEQUE;CHICLAYO;MONSEFU;URBANA;CARRETERA;NACIONAL;PE-1N;-6.852545;DESPEJADO;RESIDENCIAL;TRAMO RECTO;PLANA ;ASFALTADA;SI;PREVENTIVA (P);PREVENTIVA (P);NO;EN PROCESO DE INVESTIGACIÓN;NO CUENTA CON CAUSA ESPECIFICA;Carretera Panamericana Norte;8/9/2022;-79.826536
A-2022-09-153;00:00.0;CHOQUE CON OBJETO FIJO;1;0;NULL;LIMA;LIMA;SANTIAGO DE SURCO;URBANA;CARRETERA;NACIONAL;PE-1S;-12.145133;DESPEJADO;COMERCIAL;TRAMO RECTO;PLANA ;ASFALTADA;NULL;NULL;NULL;NULL;EN PROCESO DE INVESTIGACIÓN;NO CUENTA CON CAUSA ESPECIFICA;Puente Tottus;8/9/2022;-76.981888
A-2022-10-212;00:00.0;CHOQUE;1;0;NULL;LORETO;MAYNAS;SAN JUAN BAUTISTA;RURAL;CARRETERA;DEPARTAMENTAL;LO-103;-4.246935;DESPEJADO;RURAL;TRAMO RECTO;PLANA ;ASFALTADA;NULL;NULL;NULL;NULL;EN PROCESO DE INVESTIGACIÓN;NO CUENTA CON CAUSA ESPECIFICA;Carretera Iquitos - Nauta;8/9/2022;-73.493611
A-2022-09-152;30:00.0;CAÍDA DE PASAJERO;1;0;NULL;LIMA;LIMA;VILLA EL SALVADOR;URBANA;AVENIDA;URBANO;NO CORRESPONDE;-12.220176;DESPEJADO;COMERCIAL;TRAMO RECTO;PLANA ;ASFALTADA;NULL;NULL;NULL;NULL;EN PROCESO DE INVESTIGACIÓN;NO CUENTA CON CAUSA ESPECIFICA;Avenida José Carlos Mariátegui;8/9/2022;-76.930407
A-2022-09-42;40:00.0;CHOQUE;1;1;2;LA LIBERTAD;PACASMAYO;GUADALUPE;URBANA;CARRETERA;PROVINCIAL;LI-508;-7.23794;DESPEJADO;COMERCIAL;TRAMO RECTO;PLANA ;ASFALTADA;NULL;NULL;NULL;NULL;EN PROCESO DE INVESTIGACIÓN;NO CUENTA CON CAUSA ESPECIFICA;Avenida Manuel Seoane;8/9/2022;-79.468746
A-2022-09-13;30:00.0;ATROPELLO FUGA;1;0;NULL;PUNO;PUNO;PUNO;URBANA;AVENIDA;URBANO;NO CORRESPONDE;-15.852219;DESPEJADO;RURAL;TRAMO RECTO;PLANA ;ASFALTADA;NULL;NULL;NULL;NULL;IMPRUDENCIA DEL CONDUCTOR;OTRO (IMPRUDENCIA DEL CONDUCTOR);Avenida Simón Bolívar;8/9/2022;-70.015328
A-2022-09-44;20:00.0;ATROPELLO;1;0;1;LA LIBERTAD;VIRU;VIRU;RURAL;CARRETERA;NACIONAL;PE-1N;-8.361589;DESPEJADO;RURAL;TRAMO RECTO;PLANA ;ASFALTADA;NULL;NULL;NULL;NULL;EN PROCESO DE INVESTIGACIÓN;NO CUENTA CON CAUSA ESPECIFICA;Panamericana Norte;8/9/2022;-78.872691
A-2022-09-45;30:00.0;CHOQUE;1;0;2;LA LIBERTAD;TRUJILLO;TRUJILLO;URBANA;JIRÓN;URBANO;NO CORRESPONDE;-8.112046;DESPEJADO;COMERCIAL;INTERSECCIÓN;PLANA ;ASFALTADA;NULL;NULL;NULL;NULL;EN PROCESO DE INVESTIGACIÓN;NO CUENTA CON CAUSA ESPECIFICA;Jirón San Martín;8/9/2022;-79.031226
A-2022-09-18;20:00.0;CHOQUE;1;0;1;TUMBES;TUMBES;TUMBES;RURAL;CARRETERA;NACIONAL;PE-1N;-3.54645;DESPEJADO;RURAL;TRAMO RECTO;PLANA ;ASFALTADA;SI;PREVENTIVA (P);NULL;NO;IMPRUDENCIA DEL CONDUCTOR;EXCESO DE VELOCIDAD;Carretera Panamericana Norte;9/9/2022;-80.39683
A-2022-09-151;20:00.0;ATROPELLO;1;0;NULL;LIMA;LIMA;VILLA EL SALVADOR;URBANA;AVENIDA;URBANO;NO CORRESPONDE;-12.233369;DESPEJADO;COMERCIAL;INTERSECCIÓN;PLANA ;ASFALTADA;NULL;NULL;NULL;NULL;EN PROCESO DE INVESTIGACIÓN;NO CUENTA CON CAUSA ESPECIFICA;Avenida María Elena Moyano;9/9/2022;-76.941684
A-2022-09-39;15:00.0;DESPISTE;1;0;1;AREQUIPA;AREQUIPA;UCHUMAYO;RURAL;CARRETERA;NACIONAL;PE-34A;-16.447373;DESPEJADO;RURAL;CURVA;INCLINADA;ASFALTADA;NO;NULL;NULL;SI;EN PROCESO DE INVESTIGACIÓN;NO CUENTA CON CAUSA ESPECIFICA;Carretera Interoceánica Sur;9/9/2022;-71.698791
A-2022-09-100;40:00.0;DESPISTE;1;4;1;CUSCO;CHUMBIVILCAS;COLQUEMARCA;RURAL;CARRETERA;PROVINCIAL;CU-1535;-14.197164;DESPEJADO;RURAL;TRAMO RECTO;PLANA ;TROCHA;NULL;NULL;NULL;NULL;IMPRUDENCIA DEL CONDUCTOR;EXCESO DE VELOCIDAD;Colquemarca;9/9/2022;-72.0473
A-2022-09-186;00:00.0;DESPISTE;3;0;NULL;LIMA;CAJATAMBO;HUANCAPON;RURAL;CARRETERA;NACIONAL;PE-16A;-10.463511;DESPEJADO;RURAL;SINUOSA;INCLINADA;TROCHA;NULL;NULL;NULL;NULL;EN PROCESO DE INVESTIGACIÓN;NO CUENTA CON CAUSA ESPECIFICA;PE-16A;9/9/2022;-77.098645
A-2022-09-219;40:00.0;ATROPELLO;1;0;NULL;CAJAMARCA;CAJAMARCA;CAJAMARCA;RURAL;CARRETERA;NACIONAL;PE-3N;-7.18895;NULL;NULL;NULL;NULL;NULL;NULL;NULL;NULL;NULL;EN PROCESO DE INVESTIGACIÓN;NO CUENTA CON CAUSA ESPECIFICA;Carretera Longitudinal de la Sierra Norte;9/9/2022;-78.472057
A-2022-09-40;50:00.0;ATROPELLO;1;0;1;AREQUIPA;AREQUIPA;LA JOYA;RURAL;CARRETERA;NACIONAL;PE-1S;-16.643654;DESPEJADO;RURAL;OTRO;PLANA ;TROCHA;NULL;NULL;NULL;NULL;EN PROCESO DE INVESTIGACIÓN;NO CUENTA CON CAUSA ESPECIFICA;Carretera Panamericana Sur;9/9/2022;-71.871559
A-2022-09-92;50:00.0;ATROPELLO;1;1;1;LAMBAYEQUE;CHICLAYO;CHICLAYO;URBANA;CARRETERA;NACIONAL;PE-1N;-6.767848;DESPEJADO;RESIDENCIAL;TRAMO RECTO;PLANA ;ASFALTADA;NULL;NULL;NULL;NULL;EN PROCESO DE INVESTIGACIÓN;NO CUENTA CON CAUSA ESPECIFICA;Panamericana Norte;9/9/2022;-79.872157
A-2022-09-217;00:00.0;CHOQUE;2;0;NULL;AMAZONAS;LUYA;SAN JERONIMO;RURAL;CARRETERA;NACIONAL;PE-5N;-5.921404;SOLEADO;RURAL;TRAMO RECTO;PLANA ;ASFALTADA;NULL;NULL;NULL;NULL;EN PROCESO DE INVESTIGACIÓN;NO CUENTA CON CAUSA ESPECIFICA;Carretera Presidente Fernando Belaúnde Terry;9/9/2022;-78.122132
A-2022-09-49;30:00.0;CHOQUE;1;0;2;TUMBES;TUMBES;TUMBES;RURAL;CARRETERA;DEPARTAMENTAL;TU-103;-3.533108;DESPEJADO;RURAL;TRAMO RECTO;PLANA ;ASFALTADA;NULL;NULL;NULL;NULL;IMPRUDENCIA DEL CONDUCTOR;CONDUCIR EN ESTADO DE EBRIEDAD Y/O DROGADICCIÓN;TU-103;9/9/2022;-80.377987
A-2022-09-274;20:00.0;CHOQUE;1;0;NULL;LIMA;LIMA;CARABAYLLO;URBANA;AVENIDA;URBANO;NO CORRESPONDE;-11.885106;DESPEJADO;COMERCIAL;SINUOSA;INCLINADA;ASFALTADA;NULL;NULL;NULL;NULL;EN PROCESO DE INVESTIGACIÓN;NO CUENTA CON CAUSA ESPECIFICA;Calle Central;10/9/2022;-77.023288