CÓDIGO SINIESTRO;HORA SINIESTRO;CLASE SINIESTRO;CANTIDAD DE FALLECIDOS;CANTIDAD DE LESIONADOS;CANTIDAD DE VEHICULOS DAÑADOS;DEPARTAMENTO;PROVINCIA;DISTRITO;ZONA;TIPO DE VÍA;RED VIAL;COD CARRETERA;COORDENADAS LATITUD;CONDICIÓN CLIMÁTICA;ZONIFICACIÓN;CARACTERÍSTICAS DE VÍA;PERFIL LONGITUDINAL VÍA;SUPERFICIE DE CALZADA;¿EXISTE SEÑAL VERTICAL?;CLASIFICACIÓN DE LA SEÑAL VERTICAL Nº 1;CLASIFICACIÓN DE LA SEÑAL VERTICAL Nº 2;¿EXISTE SEÑAL HORIZONTAL?;CAUSA FACTOR PRINCIPAL;CAUSA ESPECÍFICA;UBICACION;FECHA SINIESTRO;COORDENADAS LONGITUD
A-2022-09-174;30:00.0;CHOQUE;1;0;1;CAJAMARCA;CAJAMARCA;CAJAMARCA;URBANA;CARRETERA;NACIONAL;PE-3N;-7.183248;DESPEJADO;RESIDENCIAL;TRAMO RECTO;PLANA ;ASFALTADA;NULL;NULL;NULL;NULL;EN PROCESO DE INVESTIGACIÓN;NO CUENTA CON CAUSA ESPECIFICA;Carretera Longitudinal de la Sierra Norte;10/9/2022;-78.480326
A-2022-09-175;00:00.0;DESPISTE;1;3;1;CAJAMARCA;CELENDIN;JOSE GALVEZ;RURAL;CARRETERA;NACIONAL;PE-08B;-6.941962;DESPEJADO;RURAL;CURVA;PLANA ;ASFALTADA;NULL;NULL;NULL;NULL;EN PROCESO DE INVESTIGACIÓN;NO CUENTA CON CAUSA ESPECIFICA;PE-08B;10/9/2022;-78.190139
A-2022-09-232;35:00.0;CHOQUE;1;2;NULL;JUNIN;TARMA;LA UNION;RURAL;CARRETERA;NACIONAL;PE-3N;-11.374851;DESPEJADO;RURAL;TRAMO RECTO;PLANA ;ASFALTADA;NO;NULL;NULL;SI;IMPRUDENCIA DEL CONDUCTOR;GIRAR IMPRUDENTEMENTE;Carretera Longitudinal de la Sierra Norte;10/9/2022;-75.881544
A-2022-09-221;00:00.0;ATROPELLO;1;0;1;HUANUCO;HUANUCO;CHURUBAMBA;RURAL;CARRETERA;NACIONAL;PE-18A;-9.839452;DESPEJADO;RURAL;PASE A DESNIVEL;INCLINADA;ASFALTADA;NULL;NULL;NULL;NULL;IMPRUDENCIA DEL PEATÓN;CRUCE INDEBIDO POR LA CALZADA;Carretera Central;10/9/2022;-76.123641
A-2022-09-172;15:00.0;CHOQUE;1;2;2;LAMBAYEQUE;LAMBAYEQUE;OLMOS;RURAL;CARRETERA;NACIONAL;PE-1N;-6.314339;DESPEJADO;RURAL;TRAMO RECTO;PLANA ;ASFALTADA;NULL;NULL;NULL;NULL;EN PROCESO DE INVESTIGACIÓN;NO CUENTA CON CAUSA ESPECIFICA;Carretera Panamericana Norte;10/9/2022;-80.245333
A-2022-09-82;56:00.0;CHOQUE;5;0;2;CUSCO;PAUCARTAMBO;COLQUEPATA;RURAL;CARRETERA;DEPARTAMENTAL;CU-113;-13.416539;DESPEJADO;RURAL;TRAMO RECTO;PLANA ;ASFALTADA;NULL;NULL;NULL;NULL;IMPRUDENCIA DEL CONDUCTOR;FATIGA Y/O CANSANCIO;Kucya;10/9/2022;-71.632773
A-2022-09-210;00:00.0;ATROPELLO;1;1;1;PIURA;MORROPON;SALITRAL;RURAL;CARRETERA;NACIONAL;PE-02A;-5.435089;DESPEJADO;RURAL;TRAMO RECTO;PLANA ;ASFALTADA;NULL;NULL;NULL;NULL;EN PROCESO DE INVESTIGACIÓN;NO CUENTA CON CAUSA ESPECIFICA;PE-02A;10/9/2022;-79.767511
A-2022-09-185;45:00.0;CHOQUE FUGA;1;0;2;UCAYALI;CORONEL PORTILLO;YARINACOCHA;RURAL;JIRÓN;URBANO;NO CORRESPONDE;-8.353281;DESPEJADO;RURAL;CURVA;INCLINADA;CONCRETO;SI;PREVENTIVA (P);REGULADORA (R);NO;EN PROCESO DE INVESTIGACIÓN;NO CUENTA CON CAUSA ESPECIFICA;Jirón San Alejandro;10/9/2022;-74.583656
A-2022-09-255;30:00.0;ATROPELLO;2;0;1;ICA;CHINCHA;EL CARMEN;RURAL;CARRETERA;NACIONAL;PE-1SE;-13.578474;DESPEJADO;RURAL;TRAMO RECTO;PLANA ;ASFALTADA;NULL;NULL;NULL;NULL;EN PROCESO DE INVESTIGACIÓN;NO CUENTA CON CAUSA ESPECIFICA;Carretera Panamericana Sur;10/9/2022;-76.171955
A-2022-09-176;35:00.0;CHOQUE CON OBJETO FIJO;1;0;1;CAJAMARCA;CAJABAMBA;CAJABAMBA;URBANA;CARRETERA;NACIONAL;PE-3N;-7.614366;DESPEJADO;RESIDENCIAL;TRAMO RECTO;PLANA ;ASFALTADA;NULL;NULL;NULL;NULL;EN PROCESO DE INVESTIGACIÓN;NO CUENTA CON CAUSA ESPECIFICA;Jirón Los Pinos;11/9/2022;-78.051446
A-2022-09-209;30:00.0;CAÍDA DE PASAJERO;1;0;NULL;PIURA;PIURA;PIURA;RURAL;CARRETERA;PROVINCIAL;PI-984;-5.059682;DESPEJADO;RURAL;TRAMO RECTO;PLANA ;ASFALTADA;NULL;NULL;NULL;NULL;EN PROCESO DE INVESTIGACIÓN;NO CUENTA CON CAUSA ESPECIFICA;Carretera Piura - Curumuy;11/9/2022;-80.630638
A-2022-09-258;45:00.0;CHOQUE;1;0;2;ICA;CHINCHA;EL CARMEN;RURAL;CARRETERA;NACIONAL;PE-1SE;-13.595241;DESPEJADO;RURAL;TRAMO RECTO;PLANA ;ASFALTADA;NULL;NULL;NULL;NULL;IMPRUDENCIA DEL CONDUCTOR;INVASIÓN DE CARRIL;Carretera Panamericana Sur;11/9/2022;-76.165873
A-2022-09-41;50:00.0;CHOQUE;5;7;2;AREQUIPA;CAYLLOMA;SAN ANTONIO DE CHUCA;RURAL;CARRETERA;NACIONAL;PE-34J;-15.711193;DESPEJADO;RURAL;CURVA;PLANA ;ASFALTADA;NULL;NULL;NULL;NULL;EN PROCESO DE INVESTIGACIÓN;NO CUENTA CON CAUSA ESPECIFICA;Carretera Imata - Morocaque;11/9/2022;-71.053213
A-2022-09-240;20:00.0;DESPISTE;1;1;1;HUANCAVELICA;HUANCAVELICA;ACORIA;RURAL;CARRETERA;PROVINCIAL;HV-764;-12.615141;SOLEADO;RURAL;TRAMO RECTO;PLANA ;TROCHA;NULL;NULL;NULL;NULL;IMPRUDENCIA DEL CONDUCTOR;FATIGA Y/O CANSANCIO;Ccochamarca;11/9/2022;-74.706235
A-2022-09-241;40:00.0;DESPISTE;2;3;1;HUANCAVELICA;CASTROVIRREYNA;SAN JUAN;RURAL;CARRETERA;NACIONAL;PE-26;-13.239866;DESPEJADO;RURAL;TRAMO RECTO;PLANA ;TROCHA;NULL;NULL;NULL;NULL;IMPRUDENCIA DEL CONDUCTOR;FATIGA Y/O CANSANCIO;Carretera Chincha - Huancavelica;11/9/2022;-75.6172
A-2022-09-165;35:00.0;ATROPELLO FUGA;2;0;NULL;TACNA;TACNA;TACNA;URBANA;AVENIDA;URBANO;NO CORRESPONDE;-18.029989;DESPEJADO;ESCOLAR;TRAMO RECTO;PLANA ;ASFALTADA;NULL;NULL;NULL;NULL;EN PROCESO DE INVESTIGACIÓN;NO CUENTA CON CAUSA ESPECIFICA;Avenida Cristo Rey;11/9/2022;-70.270627
A-2022-09-66;34:00.0;CHOQUE;1;0;NULL;CUSCO;CANAS;KUNTURKANKI;RURAL;CARRETERA;NACIONAL;PE-34F;-14.547866;NULL;NULL;NULL;NULL;NULL;NULL;NULL;NULL;NULL;EN PROCESO DE INVESTIGACIÓN;NO CUENTA CON CAUSA ESPECIFICA;Carretera Espinar - Sicuani;11/9/2022;-71.297084
A-2022-09-150;40:00.0;DESPISTE;1;1;1;LIMA;LIMA;LURIGANCHO;URBANA;CARRETERA;PROVINCIAL;LM-711;-11.955;DESPEJADO;RURAL;CURVA;INCLINADA;TROCHA;NULL;NULL;NULL;NULL;EN PROCESO DE INVESTIGACIÓN;NO CUENTA CON CAUSA ESPECIFICA;Anillo Vial;12/9/2022;-76.936241
A-2022-09-107;45:00.0;ATROPELLO;1;0;0;LAMBAYEQUE;CHICLAYO;PIMENTEL;URBANA;CARRETERA;NACIONAL;PE-1N;-6.770169;DESPEJADO;RESIDENCIAL;TRAMO RECTO;PLANA ;ASFALTADA;NULL;NULL;NULL;NULL;EN PROCESO DE INVESTIGACIÓN;NO CUENTA CON CAUSA ESPECIFICA;Panamericana Norte;12/9/2022;-79.875999
A-2022-09-53;30:00.0;ATROPELLO FUGA;1;0;NULL;AREQUIPA;AREQUIPA;AREQUIPA;URBANA;CALLE;URBANO;NO CORRESPONDE;-16.40609;DESPEJADO;RESIDENCIAL;TRAMO RECTO;PLANA ;ASFALTADA;NO;NULL;NULL;SI;EN PROCESO DE INVESTIGACIÓN;NO CUENTA CON CAUSA ESPECIFICA;Avenida Independencia;12/9/2022;-71.529998
A-2022-09-106;00:00.0;ESPECIAL;1;0;0;LAMBAYEQUE;CHICLAYO;SAÑA;RURAL;CARRETERA;PROVINCIAL;LA-817;-6.95035;DESPEJADO;RURAL;TRAMO RECTO;PLANA ;TROCHA;NULL;NULL;NULL;NULL;EN PROCESO DE INVESTIGACIÓN;NO CUENTA CON CAUSA ESPECIFICA;LA-817;12/9/2022;-79.577458
A-2022-09-184;00:00.0;CHOQUE;1;0;NULL;AYACUCHO;HUANTA;SIVIA;URBANA;CARRETERA;NACIONAL;PE-28H;-12.512066;DESPEJADO;RURAL;TRAMO RECTO;PLANA ;ASFALTADA;NULL;NULL;NULL;NULL;IMPRUDENCIA DEL CONDUCTOR;OTRO (IMPRUDENCIA DEL CONDUCTOR);PE-28H;12/9/2022;-73.858915
A-2022-09-47;20:00.0;ATROPELLO;1;0;1;LA LIBERTAD;TRUJILLO;HUANCHACO;RURAL;CARRETERA;NACIONAL;PE-1N;-7.987828;DESPEJADO;INDUSTRIAL;TRAMO RECTO;PLANA ;ASFALTADA;NULL;NULL;NULL;NULL;EN PROCESO DE INVESTIGACIÓN;NO CUENTA CON CAUSA ESPECIFICA;Carretera Panamericana Norte;12/9/2022;-79.076388
A-2022-09-86;24:00.0;CHOQUE;1;0;2;CUSCO;ESPINAR;PALLPATA;RURAL;CARRETERA;NACIONAL;PE-3SG;-14.880277;SOLEADO;RURAL;CURVA;PLANA ;ASFALTADA;NULL;NULL;NULL;NULL;IMPRUDENCIA DEL CONDUCTOR;EXCESO DE VELOCIDAD;PE-3SG;13/9/2022;-71.216049
A-2022-09-180;10:00.0;ATROPELLO;1;0;1;LIMA;LIMA;LIMA;URBANA;AVENIDA;URBANO;NO CORRESPONDE;-12.035446;DESPEJADO;COMERCIAL;TRAMO RECTO;PLANA ;ASFALTADA;NULL;NULL;NULL;NULL;IMPRUDENCIA DEL CONDUCTOR;OTRO (IMPRUDENCIA DEL CONDUCTOR);Vía Expresa Línea Amarilla;13/9/2022;-77.064044
A-2022-09-76;30:00.0;CHOQUE;1;2;2;ANCASH;CARHUAZ;TINCO;RURAL;CARRETERA;NACIONAL;PE-3N;-9.272423;DESPEJADO;RURAL;CURVA;INCLINADA;ASFALTADA;NULL;NULL;NULL;NULL;IMPRUDENCIA DEL CONDUCTOR;ADELANTAR INDEBIDAMENTE;Carretera Longitudinal de la Sierra Norte;13/9/2022;-77.653524
A-2022-09-207;40:00.0;DESPISTE;1;1;NULL;LIMA;LIMA;VILLA EL SALVADOR;URBANA;AVENIDA;URBANO;NO CORRESPONDE;-12.210524;DESPEJADO;COMERCIAL;TRAMO RECTO;PLANA ;ASFALTADA;NULL;NULL;NULL;NULL;EN PROCESO DE INVESTIGACIÓN;NO CUENTA CON CAUSA ESPECIFICA;Avenida El Sol;13/9/2022;-76.960999
A-2022-09-159;00:00.0;DESPISTE;2;1;NULL;ANCASH;SANTA;MORO;RURAL;CARRETERA;DEPARTAMENTAL;AN-104;-9.103324;DESPEJADO;RURAL;SINUOSA;INCLINADA;TROCHA;NULL;NULL;NULL;NULL;EN PROCESO DE INVESTIGACIÓN;NO CUENTA CON CAUSA ESPECIFICA;Moro;14/9/2022;-78.06845
A-2022-09-43;38:00.0;ATROPELLO;1;0;1;SAN MARTIN;MOYOBAMBA;JEPELACIO;RURAL;CARRETERA;NACIONAL;PE-5N;-6.166125;DESPEJADO;RURAL;TRAMO RECTO;PLANA ;CONCRETO;NULL;NULL;NULL;NULL;IMPRUDENCIA DEL PEATÓN;OTRO (IMPRUDENCIA DEL PEATÓN);Carretera Presidente Fernando Belaúnde Terry;14/9/2022;-76.835254
A-2022-09-56;00:00.0;CHOQUE CON OBJETO FIJO;1;0;NULL;AREQUIPA;AREQUIPA;LA JOYA;URBANA;OTRO;URBANO;NO CORRESPONDE;-16.430721;DESPEJADO;RURAL;OTRO;INCLINADA;CONCRETO;NULL;NULL;NULL;NULL;EN PROCESO DE INVESTIGACIÓN;NO CUENTA CON CAUSA ESPECIFICA;Carretera La Joya;14/9/2022;-71.831583
A-2022-09-146;00:00.0;DESPISTE;2;0;1;LIMA;OYON;OYON;RURAL;CARRETERA;NACIONAL;PE-18;-10.688409;DESPEJADO;RURAL;CURVA;INCLINADA;CONCRETO;NULL;NULL;NULL;NULL;IMPERICIA DEL CONDUCTOR;NULL;Carretera Huaura - Ambo;14/9/2022;-76.73705
A-2022-09-78;20:00.0;ATROPELLO;1;0;1;CUSCO;ANTA;ANTA;RURAL;CARRETERA;NACIONAL;PE-3S;-13.485389;DESPEJADO;RURAL;TRAMO RECTO;PLANA ;ASFALTADA;NO;NULL;NULL;NO;IMPRUDENCIA DEL CONDUCTOR;EXCESO DE VELOCIDAD;Carretera Longitudinal de la Sierra Sur;14/9/2022;-72.167119
A-2022-09-250;46:00.0;DESPISTE;1;0;NULL;LORETO;MAYNAS;IQUITOS;URBANA;AVENIDA;URBANO;NO CORRESPONDE;-3.755013;DESPEJADO;COMERCIAL;INTERSECCIÓN;PLANA ;ASFALTADA;NULL;NULL;NULL;NULL;IMPRUDENCIA DEL CONDUCTOR;EXCESO DE VELOCIDAD;Avenida Grau;14/9/2022;-73.250194
A-2022-09-48;20:00.0;DESPISTE;1;0;1;LA LIBERTAD;TRUJILLO;HUANCHACO;URBANA;CARRETERA;NACIONAL;PE-1N;-8.081512;DESPEJADO;COMERCIAL;TRAMO RECTO;PLANA ;ASFALTADA;NULL;NULL;NULL;NULL;IMPRUDENCIA DEL CONDUCTOR;DESACATO DE SEÑAL DE TRÁNSITO;Carretera Panamericana Norte;15/9/2022;-79.094993
A-2022-09-105;10:00.0;CHOQUE;1;0;2;LAMBAYEQUE;LAMBAYEQUE;MOTUPE;RURAL;CARRETERA;NACIONAL;PE-1NJ;-6.092057;DESPEJADO;RURAL;TRAMO RECTO;PLANA ;ASFALTADA;NULL;NULL;NULL;NULL;EN PROCESO DE INVESTIGACIÓN;NO CUENTA CON CAUSA ESPECIFICA;Carretera Lambayegue - Olmos;15/9/2022;-79.702956
A-2022-09-179;40:00.0;ATROPELLO;1;0;0;CAJAMARCA;JAEN;JAEN;URBANA;CARRETERA;NACIONAL;PE-5N;-5.69136;DESPEJADO;RESIDENCIAL;TRAMO RECTO;PLANA ;ASFALTADA;NULL;NULL;NULL;NULL;EN PROCESO DE INVESTIGACIÓN;NO CUENTA CON CAUSA ESPECIFICA;PE-5N;16/9/2022;-78.796985
A-2022-09-62;00:00.0;DESPISTE;6;0;1;LA LIBERTAD;PATAZ;PATAZ;RURAL;CARRETERA;SIN CLASIFICAR;SIN CLASIFICAR;-7.741712;DESPEJADO;RURAL;TRAMO RECTO;PLANA ;TROCHA;NULL;NULL;NULL;NULL;INFRAESTRUCTURA Y ENTORNO VIAL;FACTOR AMBIENTAL;Pataz;16/9/2022;-77.61664
A-2022-09-58;50:00.0;CHOQUE;1;0;2;LA LIBERTAD;CHEPEN;CHEPEN;RURAL;CARRETERA;NACIONAL;PE-08;-7.28922;DESPEJADO;RURAL;TRAMO RECTO;PLANA ;ASFALTADA;NULL;NULL;NULL;NULL;IMPRUDENCIA DEL CONDUCTOR;NO ESTABLECER EL DERECHO DE PASO;Carretera Ciudad de Dios - Cajamarca;16/9/2022;-79.318503
A-2022-09-61;10:00.0;ATROPELLO;1;0;1;CUSCO;URUBAMBA;URUBAMBA;URBANA;CARRETERA;NACIONAL;PE-28B;-13.31146;DESPEJADO;RESIDENCIAL;TRAMO RECTO;PLANA ;ASFALTADA;NULL;NULL;NULL;NULL;IMPRUDENCIA DEL CONDUCTOR;CONDUCIR EN ESTADO DE EBRIEDAD Y/O DROGADICCIÓN;PE-28B;16/9/2022;-72.10569
A-2022-09-166;00:00.0;CHOQUE;1;0;1;TACNA;TACNA;TACNA;RURAL;CARRETERA;NACIONAL;PE-1S;-18.093488;DESPEJADO;RURAL;TRAMO RECTO;PLANA ;ASFALTADA;NULL;NULL;NULL;NULL;IMPRUDENCIA DEL CONDUCTOR;CONDUCIR EN ESTADO DE EBRIEDAD Y/O DROGADICCIÓN;Carretera Panamericana Sur;16/9/2022;-70.308857
A-2022-09-89;30:00.0;DESPISTE;1;1;1;CUSCO;CHUMBIVILCAS;VELILLE;RURAL;CARRETERA;NACIONAL;PE-3SW;-14.647347;DESPEJADO;RURAL;CURVA;INCLINADA;ASFALTADA;SI;PREVENTIVA (P);PREVENTIVA (P);NO;IMPERICIA DEL CONDUCTOR;NULL;PE-3SW;17/9/2022;-71.747181
A-2022-09-181;20:00.0;CHOQUE;1;0;1;CALLAO;CALLAO;CALLAO;URBANA;CARRETERA;NACIONAL;PE-20;-11.959308;DESPEJADO;INDUSTRIAL;TRAMO RECTO;PLANA ;ASFALTADA;SI;REGULADORA (R);NULL;SI;IMPRUDENCIA DEL CONDUCTOR;CONDUCIR EN ESTADO DE EBRIEDAD Y/O DROGADICCIÓN;Avenida Coronel Nestor Gambetta;17/9/2022;-77.128291
A-2022-09-142;43:00.0;ATROPELLO FUGA;1;0;0;PUNO;SAN ROMAN;SAN MIGUEL;URBANA;CARRETERA;NACIONAL;PE-34H;-15.474158;DESPEJADO;COMERCIAL;TRAMO RECTO;PLANA ;ASFALTADA;NULL;NULL;NULL;NULL;IMPRUDENCIA DEL CONDUCTOR;EXCESO DE VELOCIDAD;Avenida Huancané;17/9/2022;-70.113821
A-2022-09-193;30:00.0;CHOQUE;1;0;2;CAJAMARCA;SAN IGNACIO;CHIRINOS;RURAL;CARRETERA;NACIONAL;PE-5N;-5.256299;DESPEJADO;RURAL;CURVA;INCLINADA;ASFALTADA;NO;NULL;NULL;SI;EN PROCESO DE INVESTIGACIÓN;NO CUENTA CON CAUSA ESPECIFICA;PE-5N;17/9/2022;-78.823819
A-2022-09-119;00:00.0;ATROPELLO FUGA;1;0;NULL;ANCASH;YUNGAY;YUNGAY;URBANA;CARRETERA;NACIONAL;PE-3N;-9.141556;DESPEJADO;RURAL;TRAMO RECTO;PLANA ;ASFALTADA;NULL;NULL;NULL;NULL;EN PROCESO DE INVESTIGACIÓN;NO CUENTA CON CAUSA ESPECIFICA;Carretera Longitudinal de la Sierra Norte;17/9/2022;-77.746274
A-2022-09-242;30:00.0;DESPISTE;2;5;1;HUANCAVELICA;HUAYTARA;PILPICHACA;RURAL;CARRETERA;NACIONAL;PE-28E;-13.324067;DESPEJADO;RURAL;TRAMO RECTO;PLANA ;TROCHA;NULL;NULL;NULL;NULL;IMPRUDENCIA DEL CONDUCTOR;FATIGA Y/O CANSANCIO;Carretera Santa Inés - Pilpichaca;17/9/2022;-75.007877
A-2022-09-177;40:00.0;CHOQUE;1;2;2;CAJAMARCA;HUALGAYOC;BAMBAMARCA;URBANA;CARRETERA;NACIONAL;PE-3N;-6.652791;DESPEJADO;RESIDENCIAL;TRAMO RECTO;PLANA ;ASFALTADA;NULL;NULL;NULL;NULL;EN PROCESO DE INVESTIGACIÓN;NO CUENTA CON CAUSA ESPECIFICA;Carretera Longitudinal de la Sierra Norte;17/9/2022;-78.543095
A-2022-09-256;50:00.0;ATROPELLO;1;0;NULL;JUNIN;SATIPO;SATIPO;URBANA;CARRETERA;NACIONAL;PE-24A;-11.243633;DESPEJADO;COMERCIAL;INTERSECCIÓN;PLANA ;ASFALTADA;NULL;NULL;NULL;NULL;IMPRUDENCIA DEL PEATÓN;CRUCE INDEBIDO POR LA CALZADA;Avenida Antonio Raymondi Norte;17/9/2022;-74.635738
A-2022-09-167;49:00.0;ATROPELLO FUGA;1;0;1;TACNA;TACNA;CORONEL GREGORIO ALBARRACIN LANCHIPA;URBANA;AVENIDA;URBANO;NO CORRESPONDE;-18.047503;DESPEJADO;COMERCIAL;INTERSECCIÓN;PLANA ;ASFALTADA;NULL;NULL;NULL;NULL;EN PROCESO DE INVESTIGACIÓN;NO CUENTA CON CAUSA ESPECIFICA;Avenida La Cultura;17/9/2022;-70.256461
A-2022-09-64;00:00.0;DESPISTE;1;3;1;LA LIBERTAD;OTUZCO;OTUZCO;RURAL;CARRETERA;DEPARTAMENTAL;LI-114;-7.897976;DESPEJADO;RURAL;TRAMO RECTO;PLANA ;ASFALTADA;NULL;NULL;NULL;NULL;EN PROCESO DE INVESTIGACIÓN;NO CUENTA CON CAUSA ESPECIFICA;LI-114;17/9/2022;-78.554271
A-2022-09-75;30:00.0;CHOQUE;1;0;2;SAN MARTIN;RIOJA;RIOJA;URBANA;CARRETERA;NACIONAL;PE-5N;-6.053877;DESPEJADO;COMERCIAL;TRAMO RECTO;PLANA ;ASFALTADA;NULL;NULL;NULL;NULL;IMPRUDENCIA DEL CONDUCTOR;OTRO (IMPRUDENCIA DEL CONDUCTOR);Carretera Presidente Fernando Belaúnde Terry;17/9/2022;-77.163105
A-2022-09-178;00:00.0;CAÍDA DE PASAJERO;1;0;1;CAJAMARCA;SAN MARCOS;PEDRO GALVEZ;RURAL;CARRETERA;NACIONAL;PE-3N;-7.29905;DESPEJADO;RURAL;TRAMO RECTO;PLANA ;ASFALTADA;NULL;NULL;NULL;NULL;EN PROCESO DE INVESTIGACIÓN;NO CUENTA CON CAUSA ESPECIFICA;Carretera Longitudinal de la Sierra Norte;18/9/2022;-78.198676
A-2022-09-228;20:00.0;CHOQUE;1;0;1;PIURA;SECHURA;VICE;RURAL;CARRETERA;NACIONAL;PE-1NK;-5.469913;DESPEJADO;RURAL;TRAMO RECTO;PLANA ;ASFALTADA;NULL;NULL;NULL;NULL;IMPRUDENCIA DEL CONDUCTOR;CONDUCIR EN ESTADO DE EBRIEDAD Y/O DROGADICCIÓN;Carretera Piura - Sechura;18/9/2022;-80.82344
A-2022-09-63;20:00.0;DESPISTE;1;0;1;HUANUCO;LEONCIO PRADO;CASTILLO GRANDE;URBANA;CARRETERA;PROVINCIAL;HU-556;-9.297458;DESPEJADO;RESIDENCIAL;CURVA;PLANA ;CONCRETO;NULL;NULL;NULL;NULL;EN PROCESO DE INVESTIGACIÓN;NO CUENTA CON CAUSA ESPECIFICA;Avenida Unión;18/9/2022;-76.007617
A-2022-09-55;40:00.0;CHOQUE;2;0;2;PUNO;EL COLLAO;PILCUYO;RURAL;CARRETERA;NACIONAL;PE-3S;-16.160359;DESPEJADO;RURAL;TRAMO RECTO;PLANA ;ASFALTADA;NULL;NULL;NULL;NULL;IMPRUDENCIA DEL CONDUCTOR;OTRO (IMPRUDENCIA DEL CONDUCTOR);Carretera Longitudinal de la Sierra Sur;18/9/2022;-69.546064
A-2022-09-267;00:00.0;ATROPELLO;1;0;0;TACNA;TARATA;TARATA;RURAL;CARRETERA;PROVINCIAL;TA-561;-17.284072;DESPEJADO;RURAL;TRAMO RECTO;PLANA ;AFIRMADO;NULL;NULL;NULL;NULL;IMPRUDENCIA DEL PEATÓN;CRUCE INDEBIDO POR LA CALZADA;TA-561;18/9/2022;-69.711494
A-2022-09-87;30:00.0;DESPISTE;1;0;1;CUSCO;CANCHIS;MARANGANI;RURAL;CARRETERA;NACIONAL;PE-3S;-14.349923;DESPEJADO;RURAL;CURVA;PLANA ;ASFALTADA;NO;NULL;NULL;NO;IMPRUDENCIA DEL CONDUCTOR;CONDUCIR EN ESTADO DE EBRIEDAD Y/O DROGADICCIÓN;Carretera Longitudinal de la Sierra Sur;18/9/2022;-71.177755
A-2022-09-148;25:00.0;VOLCADURA;1;0;1;PUNO;SAN ROMAN;JULIACA;URBANA;AVENIDA;URBANO;NO CORRESPONDE;-15.496435;DESPEJADO;RESIDENCIAL;INTERSECCIÓN;PLANA ;ASFALTADA;NULL;NULL;NULL;NULL;IMPRUDENCIA DEL CONDUCTOR;EXCESO DE VELOCIDAD;Avenida Perú;18/9/2022;-70.115519
A-2022-09-143;40:00.0;CHOQUE;1;0;2;PUNO;SAN ANTONIO DE PUTINA;QUILCAPUNCU;RURAL;CARRETERA;NACIONAL;PE-34H;-14.840342;DESPEJADO;RURAL;TRAMO RECTO;PLANA ;ASFALTADA;NULL;NULL;NULL;NULL;IMPRUDENCIA DEL CONDUCTOR;EXCESO DE VELOCIDAD;PE-34H;18/9/2022;-69.658276
A-2022-09-147;50:00.0;CHOQUE;2;0;3;PUNO;LAMPA;CALAPUJA;RURAL;CARRETERA;NACIONAL;PE-3S;-15.30399;DESPEJADO;RURAL;CURVA;PLANA ;ASFALTADA;NULL;NULL;NULL;NULL;IMPRUDENCIA DEL CONDUCTOR;EXCESO DE VELOCIDAD;Carretera Longitudinal de la Sierra Sur;18/9/2022;-70.234643
A-2022-09-206;50:00.0;ATROPELLO FUGA;1;0;NULL;LIMA;LIMA;ATE;URBANA;AVENIDA;URBANO;NO CORRESPONDE;-12.060423;DESPEJADO;RESIDENCIAL;TRAMO RECTO;PLANA ;ASFALTADA;NULL;NULL;NULL;NULL;EN PROCESO DE INVESTIGACIÓN;NO CUENTA CON CAUSA ESPECIFICA;Avenida Los Frutales;18/9/2022;-76.966538
A-2022-09-96;00:00.0;CHOQUE;1;0;2;LAMBAYEQUE;CHICLAYO;CAYALTI;RURAL;CARRETERA;NACIONAL;PE-1NI;-6.909578;DESPEJADO;RURAL;TRAMO RECTO;PLANA ;ASFALTADA;NULL;NULL;NULL;NULL;EN PROCESO DE INVESTIGACIÓN;NO CUENTA CON CAUSA ESPECIFICA;PE-1NI;18/9/2022;-79.5756
A-2022-09-225;30:00.0;CHOQUE;1;1;2;HUANUCO;PACHITEA;MOLINO;RURAL;CARRETERA;DEPARTAMENTAL;HU-112;-9.943837;DESPEJADO;RURAL;CURVA;INCLINADA;AFIRMADO;NULL;NULL;NULL;NULL;IMPRUDENCIA DEL CONDUCTOR;EXCESO DE VELOCIDAD;HU-112;18/9/2022;-76.034312
A-2022-09-182;35:00.0;ATROPELLO FUGA;1;0;0;CALLAO;CALLAO;CALLAO;URBANA;AVENIDA;URBANO;NO CORRESPONDE;-12.025746;DESPEJADO;INDUSTRIAL;TRAMO RECTO;PLANA ;ASFALTADA;NO;NULL;NULL;SI;EN PROCESO DE INVESTIGACIÓN;NO CUENTA CON CAUSA ESPECIFICA;Callao;19/9/2022;-77.142149
A-2022-09-205;50:00.0;CHOQUE;1;0;NULL;LIMA;LIMA;CARABAYLLO;URBANA;AVENIDA;URBANO;NO CORRESPONDE;-11.838112;DESPEJADO;INDUSTRIAL;TRAMO RECTO;PLANA ;ASFALTADA;NULL;NULL;NULL;NULL;EN PROCESO DE INVESTIGACIÓN;NO CUENTA CON CAUSA ESPECIFICA;Avenida Túpac Amaru;19/9/2022;-76.998807