CÓDIGO SINIESTRO;HORA SINIESTRO;CLASE SINIESTRO;CANTIDAD DE FALLECIDOS;CANTIDAD DE LESIONADOS;CANTIDAD DE VEHICULOS DAÑADOS;DEPARTAMENTO;PROVINCIA;DISTRITO;ZONA;TIPO DE VÍA;RED VIAL;COD CARRETERA;COORDENADAS LATITUD;CONDICIÓN CLIMÁTICA;ZONIFICACIÓN;CARACTERÍSTICAS DE VÍA;PERFIL LONGITUDINAL VÍA;SUPERFICIE DE CALZADA;¿EXISTE SEÑAL VERTICAL?;CLASIFICACIÓN DE LA SEÑAL VERTICAL Nº 1;CLASIFICACIÓN DE LA SEÑAL VERTICAL Nº 2;¿EXISTE SEÑAL HORIZONTAL?;CAUSA FACTOR PRINCIPAL;CAUSA ESPECÍFICA;UBICACION;FECHA SINIESTRO;COORDENADAS LONGITUD
A-2022-09-144;00:00.0;CHOQUE;2;7;4;PUNO;SAN ROMAN;JULIACA;URBANA;CARRETERA;NACIONAL;PE-34A;-15.524812;DESPEJADO;RURAL;TRAMO RECTO;PLANA ;ASFALTADA;NULL;NULL;NULL;NULL;IMPRUDENCIA DEL CONDUCTOR;EXCESO DE VELOCIDAD;Héroes de La Guerra del Pacífico;19/9/2022;-70.182385
A-2022-09-73;00:00.0;DESPISTE;3;1;1;LA LIBERTAD;SANTIAGO DE CHUCO;SANTIAGO DE CHUCO;RURAL;CARRETERA;SIN CLASIFICAR;SIN CLASIFICAR;-8.387733;DESPEJADO;RURAL;TRAMO RECTO;PLANA ;AFIRMADO;NULL;NULL;NULL;NULL;IMPRUDENCIA DEL CONDUCTOR;OTRO (IMPRUDENCIA DEL CONDUCTOR);Santiago de Chuco;19/9/2022;-78.30864
A-2022-09-124;50:00.0;DESPISTE;1;1;1;CUSCO;CUSCO;CUSCO;RURAL;CARRETERA;NACIONAL;PE-3S;-13.5039;DESPEJADO;RURAL;CURVA;PLANA ;ASFALTADA;NULL;NULL;NULL;NULL;EN PROCESO DE INVESTIGACIÓN;NO CUENTA CON CAUSA ESPECIFICA;Carretera Longitudinal de la Sierra Sur;19/9/2022;-72.03
A-2022-09-247;00:00.0;CHOQUE;1;0;2;PIURA;PIURA;TAMBO GRANDE;URBANA;CARRETERA;NACIONAL;PE-1NU;-4.930086;DESPEJADO;RURAL;INTERSECCIÓN;PLANA ;ASFALTADA;SI;REGULADORA (R);NULL;NO;EN PROCESO DE INVESTIGACIÓN;NO CUENTA CON CAUSA ESPECIFICA;Tambogrande;19/9/2022;-80.343093
A-2022-09-218;40:00.0;VOLCADURA;1;0;NULL;CAJAMARCA;CELENDIN;CELENDIN;URBANA;JIRÓN;URBANO;NO CORRESPONDE;-6.865082;DESPEJADO;RESIDENCIAL;TRAMO RECTO;PLANA ;CONCRETO;SI;REGULADORA (R);NULL;SI;EN PROCESO DE INVESTIGACIÓN;NO CUENTA CON CAUSA ESPECIFICA;Jirón Cáceres;19/9/2022;-78.144165
A-2022-09-239;30:00.0;ATROPELLO FUGA;1;0;NULL;JUNIN;HUANCAYO;HUAYUCACHI;URBANA;JIRÓN;URBANO;NO CORRESPONDE;-12.134915;DESPEJADO;RURAL;TRAMO RECTO;PLANA ;ASFALTADA;NULL;NULL;NULL;NULL;IMPRUDENCIA DEL CONDUCTOR;OTRO (IMPRUDENCIA DEL CONDUCTOR);Huamanmarca;19/9/2022;-75.221728
A-2022-09-257;02:00.0;DESPISTE;1;1;NULL;PASCO;OXAPAMPA;VILLA RICA;RURAL;CARRETERA;NACIONAL;PE-5N;-10.743859;DESPEJADO;RURAL;CURVA;INCLINADA;TROCHA;NULL;NULL;NULL;NULL;IMPRUDENCIA DEL CONDUCTOR;FATIGA Y/O CANSANCIO;Carretera Fernando Belaúnde Terry;20/9/2022;-75.283287
A-2022-09-161;20:00.0;CHOQUE FUGA;1;0;NULL;ANCASH;SANTA;SANTA;RURAL;CARRETERA;NACIONAL;PE-1N;-8.971967;DESPEJADO;RURAL;TRAMO RECTO;PLANA ;ASFALTADA;NULL;NULL;NULL;NULL;EN PROCESO DE INVESTIGACIÓN;NO CUENTA CON CAUSA ESPECIFICA;Panamericana Norte;20/9/2022;-78.619423
A-2022-09-160;00:00.0;CHOQUE;1;1;NULL;ANCASH;HUARAZ;PIRA;RURAL;CARRETERA;NACIONAL;PE-14;-9.557843;DESPEJADO;RURAL;SINUOSA;INCLINADA;ASFALTADA;NULL;NULL;NULL;NULL;EN PROCESO DE INVESTIGACIÓN;NO CUENTA CON CAUSA ESPECIFICA;Carretera Casma - Huaraz;20/9/2022;-77.715771
A-2022-09-74;00:00.0;DESPISTE;1;0;1;LA LIBERTAD;OTUZCO;USQUIL;RURAL;CARRETERA;DEPARTAMENTAL;LI-111;-7.796801;DESPEJADO;RURAL;CURVA;PLANA ;AFIRMADO;NULL;NULL;NULL;NULL;IMPRUDENCIA DEL CONDUCTOR;OTRO (IMPRUDENCIA DEL CONDUCTOR);LI-111;20/9/2022;-78.379682
A-2022-09-208;30:00.0;ATROPELLO;1;0;NULL;LIMA;LIMA;PACHACAMAC;URBANA;CARRETERA;PROVINCIAL;LM-796;-12.142874;DESPEJADO;ESCOLAR;TRAMO RECTO;PLANA ;ASFALTADA;NULL;NULL;NULL;NULL;EN PROCESO DE INVESTIGACIÓN;NO CUENTA CON CAUSA ESPECIFICA;Avenida Victor Malásquez;20/9/2022;-76.87138
A-2022-09-204;10:00.0;CHOQUE;1;3;NULL;LIMA;LIMA;INDEPENDENCIA;URBANA;AVENIDA;URBANO;NO CORRESPONDE;-11.967565;DESPEJADO;ESCOLAR;TRAMO RECTO;PLANA ;ASFALTADA;NULL;NULL;NULL;NULL;EN PROCESO DE INVESTIGACIÓN;NO CUENTA CON CAUSA ESPECIFICA;4 de Noviembre;20/9/2022;-77.039249
A-2022-09-261;00:00.0;CHOQUE;1;0;NULL;MADRE DE DIOS;TAMBOPATA;TAMBOPATA;URBANA;AVENIDA;URBANO;NO CORRESPONDE;-12.587775;NULL;NULL;NULL;NULL;NULL;NULL;NULL;NULL;NULL;EN PROCESO DE INVESTIGACIÓN;NO CUENTA CON CAUSA ESPECIFICA;Ica;20/9/2022;-69.19433
A-2022-09-137;40:00.0;ATROPELLO;1;0;1;CUSCO;QUISPICANCHI;CAMANTI;RURAL;CARRETERA;NACIONAL;PE-30C;-13.188706;SOLEADO;RURAL;PUENTE;INCLINADA;ASFALTADA;SI;PREVENTIVA (P);PREVENTIVA (P);NO;IMPRUDENCIA DEL CONDUCTOR;EXCESO DE VELOCIDAD;Interoceanica Sur;20/9/2022;-70.567338
A-2022-09-188;30:00.0;VOLCADURA;1;2;1;CAJAMARCA;CAJAMARCA;LOS BAÑOS DEL INCA;RURAL;CARRETERA;NACIONAL;PE-08B;-7.14746;DESPEJADO;RURAL;CURVA;PLANA ;ASFALTADA;NULL;NULL;NULL;NULL;EN PROCESO DE INVESTIGACIÓN;NO CUENTA CON CAUSA ESPECIFICA;PE-08B;21/9/2022;-78.410655
A-2022-09-203;00:00.0;ATROPELLO;1;0;NULL;LIMA;LIMA;ATE;URBANA;JIRÓN;URBANO;NO CORRESPONDE;-12.059811;DESPEJADO;COMERCIAL;INTERSECCIÓN;PLANA ;ASFALTADA;NULL;NULL;NULL;NULL;EN PROCESO DE INVESTIGACIÓN;NO CUENTA CON CAUSA ESPECIFICA;Avenida Manuel Bonnemaison;21/9/2022;-76.995578
A-2022-09-202;30:00.0;CHOQUE;1;0;NULL;LIMA;LIMA;LINCE;URBANA;AVENIDA;URBANO;NO CORRESPONDE;-12.085904;DESPEJADO;COMERCIAL;INTERSECCIÓN;PLANA ;ASFALTADA;NULL;NULL;NULL;NULL;EN PROCESO DE INVESTIGACIÓN;NO CUENTA CON CAUSA ESPECIFICA;Avenida Arequipa;21/9/2022;-77.035387
A-2022-09-223;40:00.0;DESPISTE;1;0;NULL;PIURA;PIURA;PIURA;URBANA;AVENIDA;URBANO;NO CORRESPONDE;-5.178591;DESPEJADO;RURAL;TRAMO RECTO;PLANA ;ASFALTADA;NULL;NULL;NULL;NULL;EN PROCESO DE INVESTIGACIÓN;NO CUENTA CON CAUSA ESPECIFICA;Piura;22/9/2022;-80.644672
A-2022-09-109;45:00.0;DESPISTE;1;0;0;LAMBAYEQUE;CHICLAYO;PICSI;URBANA;CARRETERA;DEPARTAMENTAL;LA-111;-6.714112;DESPEJADO;RESIDENCIAL;TRAMO RECTO;PLANA ;ASFALTADA;NULL;NULL;NULL;NULL;EN PROCESO DE INVESTIGACIÓN;NO CUENTA CON CAUSA ESPECIFICA;Avenida Grau;22/9/2022;-79.771723
A-2022-09-145;40:00.0;CHOQUE;1;0;2;PUNO;AZANGARO;ARAPA;RURAL;CARRETERA;DEPARTAMENTAL;PU-113;-15.147114;DESPEJADO;RURAL;TRAMO RECTO;PLANA ;ASFALTADA;NULL;NULL;NULL;NULL;IMPRUDENCIA DEL CONDUCTOR;INVASIÓN DE CARRIL;PU-113;22/9/2022;-70.119569
A-2022-09-259;00:00.0;CHOQUE;1;3;NULL;JUNIN;CHANCHAMAYO;CHANCHAMAYO;RURAL;CARRETERA;NACIONAL;PE-22B;-11.0099;DESPEJADO;RURAL;TRAMO RECTO;PLANA ;ASFALTADA;NULL;NULL;NULL;NULL;IMPRUDENCIA DEL CONDUCTOR;EXCESO DE VELOCIDAD;PE-22B;22/9/2022;-75.314836
A-2022-09-130;50:00.0;CHOQUE;1;1;2;LA LIBERTAD;PACASMAYO;SAN PEDRO DE LLOC;RURAL;CARRETERA;NACIONAL;PE-1N;-7.452841;DESPEJADO;RURAL;TRAMO RECTO;PLANA ;ASFALTADA;NULL;NULL;NULL;NULL;IMPRUDENCIA DEL CONDUCTOR;OTRO (IMPRUDENCIA DEL CONDUCTOR);Panamericana Norte;22/9/2022;-79.491639
A-2022-09-81;00:00.0;CAÍDA DE PASAJERO;1;0;NULL;PUNO;CHUCUITO;POMATA;RURAL;CARRETERA;NACIONAL;PE-3S;-16.318865;DESPEJADO;RURAL;TRAMO RECTO;PLANA ;ASFALTADA;NULL;NULL;NULL;NULL;NEGLIGENCIA DEL CONDUCTOR;OTRO (NEGLIGENCIA DEL CONDUCTOR);Carretera Longitudinal de la Sierra Sur;22/9/2022;-69.261971
A-2022-09-213;00:00.0;VOLCADURA;1;0;NULL;CAJAMARCA;JAEN;BELLAVISTA;URBANA;CARRETERA;NACIONAL;PE-02B;-5.469999;DESPEJADO;RESIDENCIAL;TRAMO RECTO;INCLINADA;ASFALTADA;NULL;NULL;NULL;NULL;EN PROCESO DE INVESTIGACIÓN;NO CUENTA CON CAUSA ESPECIFICA;PE-02B;23/9/2022;-78.869529
A-2022-09-133;00:00.0;CHOQUE;1;0;2;LA LIBERTAD;SANTIAGO DE CHUCO;QUIRUVILCA;RURAL;CARRETERA;NACIONAL;PE-3N;-7.99038;DESPEJADO;RURAL;TRAMO RECTO;PLANA ;ASFALTADA;NULL;NULL;NULL;NULL;EN PROCESO DE INVESTIGACIÓN;NO CUENTA CON CAUSA ESPECIFICA;Carretera Longitudinal de la Sierra Norte;23/9/2022;-78.289765
A-2022-09-95;15:00.0;CHOQUE;1;1;2;AREQUIPA;AREQUIPA;YURA;RURAL;CARRETERA;NACIONAL;PE-34A;-16.074963;DESPEJADO;RURAL;CURVA;INCLINADA;ASFALTADA;NO;NULL;NULL;SI;EN PROCESO DE INVESTIGACIÓN;NO CUENTA CON CAUSA ESPECIFICA;Vía Interoceánica Sur - Tramo 5;23/9/2022;-71.389482
A-2022-09-201;10:00.0;CHOQUE;2;0;NULL;LIMA;CAÑETE;SAN VICENTE DE CAÑETE;RURAL;CARRETERA;NACIONAL;PE-1S;-13.115001;DESPEJADO;RURAL;TRAMO RECTO;PLANA ;ASFALTADA;NULL;NULL;NULL;NULL;EN PROCESO DE INVESTIGACIÓN;NO CUENTA CON CAUSA ESPECIFICA;Carretera Panamericana Sur;23/9/2022;-76.406093
A-2022-09-93;30:00.0;CHOQUE;1;5;4;AREQUIPA;AREQUIPA;LA JOYA;URBANA;CARRETERA;NACIONAL;PE-1S;-16.516848;DESPEJADO;RURAL;INTERSECCIÓN;PLANA ;ASFALTADA;NO;NULL;NULL;SI;EN PROCESO DE INVESTIGACIÓN;NO CUENTA CON CAUSA ESPECIFICA;Carretera Panamericana Sur;23/9/2022;-71.801721
A-2022-09-229;00:00.0;ATROPELLO;1;2;1;PIURA;PIURA;VEINTISEIS DE OCTUBRE;URBANA;CARRETERA;NACIONAL;PE-1N;-5.17679;DESPEJADO;COMERCIAL;TRAMO RECTO;PLANA ;ASFALTADA;NULL;NULL;NULL;NULL;IMPRUDENCIA DEL CONDUCTOR;ADELANTAR INDEBIDAMENTE;Av. Justino Ramírez Peña;24/9/2022;-80.672051
A-2022-09-101;30:00.0;DESPISTE;1;0;1;ICA;ICA;ICA;URBANA;CARRETERA;NACIONAL;PE-1S;-14.080545;SOLEADO;COMERCIAL;CURVA;PLANA ;ASFALTADA;NULL;NULL;NULL;NULL;EN PROCESO DE INVESTIGACIÓN;NO CUENTA CON CAUSA ESPECIFICA;Avenida Los Maestros;24/9/2022;-75.736488
A-2022-09-238;30:00.0;ATROPELLO;1;0;NULL;JUNIN;HUANCAYO;CHILCA;URBANA;PASAJE;URBANO;NO CORRESPONDE;-12.080981;DESPEJADO;COMERCIAL;PASE A DESNIVEL;INCLINADA;TROCHA;NULL;NULL;NULL;NULL;EN PROCESO DE INVESTIGACIÓN;NO CUENTA CON CAUSA ESPECIFICA;Pasaje Gutarra;24/9/2022;-75.190105
A-2022-09-230;30:00.0;DESPISTE;2;1;1;JUNIN;YAULI;LA OROYA;RURAL;CARRETERA;NACIONAL;PE-3S;-11.542941;DESPEJADO;RURAL;CURVA;PLANA ;ASFALTADA;NO;NULL;NULL;SI;IMPRUDENCIA DEL CONDUCTOR;OTRO (IMPRUDENCIA DEL CONDUCTOR);Carretera Longitudinal de la Sierra Sur;24/9/2022;-75.885679
A-2022-09-110;50:00.0;DESPISTE;5;34;1;CAJAMARCA;CHOTA;LLAMA;RURAL;CARRETERA;NACIONAL;PE-06A;-6.619764;DESPEJADO;RURAL;CURVA;PLANA ;ASFALTADA;NULL;NULL;NULL;NULL;EN PROCESO DE INVESTIGACIÓN;NO CUENTA CON CAUSA ESPECIFICA;PE-06A;24/9/2022;-79.293054
A-2022-09-102;20:00.0;CHOQUE;1;0;2;LAMBAYEQUE;FERREÑAFE;PITIPO;RURAL;CARRETERA;DEPARTAMENTAL;LA-103;-6.479146;DESPEJADO;RURAL;TRAMO RECTO;PLANA ;ASFALTADA;NULL;NULL;NULL;NULL;EN PROCESO DE INVESTIGACIÓN;NO CUENTA CON CAUSA ESPECIFICA;LA-103;24/9/2022;-79.685124
A-2022-09-85;20:00.0;CHOQUE;1;1;2;PUNO;EL COLLAO;ILAVE;RURAL;CARRETERA;NACIONAL;PE-3S;-16.1;DESPEJADO;RURAL;TRAMO RECTO;PLANA ;ASFALTADA;NULL;NULL;NULL;NULL;IMPRUDENCIA DEL CONDUCTOR;INVASIÓN DE CARRIL;Carretera Longitudinal de la Sierra Sur;24/9/2022;-69.614
A-2022-09-226;30:00.0;DESPISTE;3;0;NULL;HUANUCO;HUANUCO;CHURUBAMBA;RURAL;CARRETERA;PROVINCIAL;HU-780;-9.759239;DESPEJADO;RURAL;CURVA;INCLINADA;AFIRMADO;NULL;NULL;NULL;NULL;IMPRUDENCIA DEL CONDUCTOR;EXCESO DE VELOCIDAD;Churubamba;24/9/2022;-76.216151
A-2022-09-263;30:00.0;VOLCADURA;1;0;NULL;JUNIN;SATIPO;RIO NEGRO;RURAL;CARRETERA;SIN CLASIFICAR;SIN CLASIFICAR;-11.207718;LLUVIOSO;RURAL;TRAMO RECTO;PLANA ;TROCHA;NULL;NULL;NULL;NULL;IMPRUDENCIA DEL CONDUCTOR;OTRO (IMPRUDENCIA DEL CONDUCTOR);Río Negro;24/9/2022;-74.655474
A-2022-09-211;30:00.0;CHOQUE FUGA;1;0;NULL;PIURA;PIURA;CATACAOS;RURAL;CARRETERA;NACIONAL;PE-1N;-5.235008;NULL;NULL;NULL;NULL;NULL;NULL;NULL;NULL;NULL;EN PROCESO DE INVESTIGACIÓN;NO CUENTA CON CAUSA ESPECIFICA;Carretera Panamericana Norte;24/9/2022;-80.643725
A-2022-09-200;40:00.0;ATROPELLO;1;0;NULL;LIMA;LIMA;SAN JUAN DE MIRAFLORES;URBANA;CARRETERA;NACIONAL;PE-1S;-12.16199;DESPEJADO;COMERCIAL;TRAMO RECTO;PLANA ;CONCRETO;NULL;NULL;NULL;NULL;EN PROCESO DE INVESTIGACIÓN;NO CUENTA CON CAUSA ESPECIFICA;Avenida Panamericana Sur;24/9/2022;-76.981872
A-2022-09-103;00:00.0;DESPISTE;1;0;1;ICA;ICA;SUBTANJALLA;URBANA;CARRETERA;NACIONAL;PE-1S;-14.007826;DESPEJADO;COMERCIAL;TRAMO RECTO;PLANA ;ASFALTADA;NULL;NULL;NULL;NULL;EN PROCESO DE INVESTIGACIÓN;NO CUENTA CON CAUSA ESPECIFICA;Carretera Panamericana Sur;25/9/2022;-75.765872
A-2022-09-198;00:00.0;ATROPELLO;1;0;NULL;LIMA;LIMA;LURIGANCHO;RURAL;CARRETERA;NACIONAL;PE-22;-12.020542;DESPEJADO;INDUSTRIAL;CURVA;PLANA ;ASFALTADA;NULL;NULL;NULL;NULL;EN PROCESO DE INVESTIGACIÓN;NO CUENTA CON CAUSA ESPECIFICA;Autopista Ramiro Prialé;25/9/2022;-76.920342
A-2022-09-97;07:00.0;ATROPELLO;1;0;1;AREQUIPA;AREQUIPA;CERRO COLORADO;URBANA;CARRETERA;NACIONAL;PE-34A;-16.340941;DESPEJADO;RESIDENCIAL;INTERSECCIÓN;PLANA ;ASFALTADA;NO;NULL;NULL;SI;EN PROCESO DE INVESTIGACIÓN;NO CUENTA CON CAUSA ESPECIFICA;Avenida Las Canteras;25/9/2022;-71.587464
A-2022-09-104;10:00.0;ATROPELLO FUGA;1;0;1;LAMBAYEQUE;LAMBAYEQUE;MOTUPE;URBANA;CARRETERA;NACIONAL;PE-1NJ;-6.264661;DESPEJADO;RURAL;TRAMO RECTO;PLANA ;ASFALTADA;NULL;NULL;NULL;NULL;EN PROCESO DE INVESTIGACIÓN;NO CUENTA CON CAUSA ESPECIFICA;Carretera Lambayegue - Olmos;25/9/2022;-79.734632
A-2022-09-134;20:00.0;ATROPELLO FUGA;1;0;1;LA LIBERTAD;VIRU;VIRU;RURAL;CARRETERA;NACIONAL;PE-1N;-8.439653;DESPEJADO;RURAL;TRAMO RECTO;PLANA ;ASFALTADA;NULL;NULL;NULL;NULL;EN PROCESO DE INVESTIGACIÓN;NO CUENTA CON CAUSA ESPECIFICA;Carretera Panamericana Norte;25/9/2022;-78.756004
A-2022-09-183;30:00.0;DESPISTE;4;1;NULL;AYACUCHO;HUANTA;CHACA;RURAL;CARRETERA;DEPARTAMENTAL;AY-100;-12.801767;DESPEJADO;RURAL;SINUOSA;INCLINADA;TROCHA;NULL;NULL;NULL;NULL;IMPRUDENCIA DEL CONDUCTOR;FATIGA Y/O CANSANCIO;AY-100;25/9/2022;-74.246603
A-2022-09-236;30:00.0;CHOQUE;4;1;2;CUSCO;ESPINAR;OCORURO;RURAL;CARRETERA;NACIONAL;PE-34J;-15.13483;DESPEJADO;RURAL;CURVA;INCLINADA;ASFALTADA;SI;PREVENTIVA (P);NULL;SI;IMPRUDENCIA DEL CONDUCTOR;INVASIÓN DE CARRIL;Carretera Alto Marquiri - Occoruro;25/9/2022;-71.112321
A-2022-09-189;30:00.0;DESPISTE;5;11;1;CAJAMARCA;CAJAMARCA;JESUS;RURAL;CARRETERA;PROVINCIAL;CA-1482;-7.297293;DESPEJADO;RURAL;CURVA;INCLINADA;AFIRMADO;NULL;NULL;NULL;NULL;EN PROCESO DE INVESTIGACIÓN;NO CUENTA CON CAUSA ESPECIFICA;Jesús;25/9/2022;-78.332581
A-2022-09-120;40:00.0;DESPISTE;4;0;1;ANCASH;SIHUAS;QUICHES;RURAL;OTRO;URBANO;NO CORRESPONDE;-8.39574;NUBLADO;RURAL;CURVA;INCLINADA;TROCHA;NULL;NULL;NULL;NULL;IMPRUDENCIA DEL CONDUCTOR;CONDUCIR EN ESTADO DE EBRIEDAD Y/O DROGADICCIÓN;Avenida Raymondi;25/9/2022;-77.490955
A-2022-09-233;25:00.0;CHOQUE;1;1;NULL;LORETO;MAYNAS;SAN JUAN BAUTISTA;URBANA;CALLE;URBANO;NO CORRESPONDE;-3.787874;DESPEJADO;RURAL;TRAMO RECTO;PLANA ;ASFALTADA;NULL;NULL;NULL;NULL;IMPRUDENCIA DEL CONDUCTOR;INVASIÓN DE CARRIL;San Juan;25/9/2022;-73.299027
A-2022-09-135;00:00.0;CHOQUE;1;0;2;LA LIBERTAD;CHEPEN;CHEPEN;RURAL;CARRETERA;NACIONAL;PE-1N;-7.225261;DESPEJADO;RURAL;TRAMO RECTO;PLANA ;ASFALTADA;NULL;NULL;NULL;NULL;EN PROCESO DE INVESTIGACIÓN;NO CUENTA CON CAUSA ESPECIFICA;Carretera Panamericana Norte;25/9/2022;-79.441864
A-2022-09-199;30:00.0;ATROPELLO;1;0;NULL;LIMA;LIMA;CARABAYLLO;URBANA;AVENIDA;URBANO;NO CORRESPONDE;-11.89028;DESPEJADO;COMERCIAL;TRAMO RECTO;PLANA ;ASFALTADA;NULL;NULL;NULL;NULL;EN PROCESO DE INVESTIGACIÓN;NO CUENTA CON CAUSA ESPECIFICA;Avenida Túpac Amaru;25/9/2022;-77.026675
A-2022-09-149;00:00.0;ATROPELLO;1;0;1;PUNO;AZANGARO;SAMAN;RURAL;CARRETERA;NACIONAL;PE-34H;-15.298674;DESPEJADO;RURAL;CURVA;PLANA ;ASFALTADA;NULL;NULL;NULL;NULL;IMPRUDENCIA DEL PEATÓN;CRUCE INDEBIDO POR LA CALZADA;PE-34H;25/9/2022;-70.004169
A-2022-09-197;20:00.0;ATROPELLO FUGA;1;0;NULL;LIMA;LIMA;SAN MARTIN DE PORRES;URBANA;CARRETERA;NACIONAL;PE-1N;-12.03096;DESPEJADO;COMERCIAL;TRAMO RECTO;PLANA ;ASFALTADA;NULL;NULL;NULL;NULL;EN PROCESO DE INVESTIGACIÓN;NO CUENTA CON CAUSA ESPECIFICA;Carretera Panamericana Norte;25/9/2022;-77.056493
A-2022-09-123;30:00.0;ATROPELLO FUGA;1;0;NULL;CUSCO;ANTA;ANCAHUASI;RURAL;CARRETERA;NACIONAL;PE-3S;-13.443094;DESPEJADO;RURAL;TRAMO RECTO;PLANA ;ASFALTADA;NO;NULL;NULL;NO;IMPRUDENCIA DEL CONDUCTOR;OTRO (IMPRUDENCIA DEL CONDUCTOR);Carretera Longitudinal de la Sierra Sur;25/9/2022;-72.325869
A-2022-09-235;30:00.0;CHOQUE;1;0;2;CUSCO;CHUMBIVILCAS;COLQUEMARCA;RURAL;CARRETERA;DEPARTAMENTAL;CU-119;-14.30952;DESPEJADO;RURAL;TRAMO RECTO;INCLINADA;ASFALTADA;SI;PREVENTIVA (P);NULL;SI;IMPRUDENCIA DEL CONDUCTOR;CONDUCIR EN ESTADO DE EBRIEDAD Y/O DROGADICCIÓN;CU-119;25/9/2022;-72.03556
A-2022-09-212;40:00.0;CHOQUE;1;0;2;PIURA;PIURA;CATACAOS;RURAL;CARRETERA;NACIONAL;PE-1N;-5.230762;DESPEJADO;RURAL;TRAMO RECTO;PLANA ;ASFALTADA;NULL;NULL;NULL;NULL;EN PROCESO DE INVESTIGACIÓN;NO CUENTA CON CAUSA ESPECIFICA;Carretera Panamericana Norte;25/9/2022;-80.649735
A-2022-09-196;45:00.0;CHOQUE;1;2;NULL;LIMA;LIMA;LOS OLIVOS;URBANA;AVENIDA;URBANO;NO CORRESPONDE;-11.991499;NULL;NULL;NULL;NULL;NULL;NULL;NULL;NULL;NULL;EN PROCESO DE INVESTIGACIÓN;NO CUENTA CON CAUSA ESPECIFICA;Avenida Carlos Alberto Izaguirre;26/9/2022;-77.076983
A-2024-11-152;30:00.0;ATROPELLO;1;1;NULL;LIMA;LIMA;SAN JUAN DE LURIGANCHO;URBANA;AVENIDA;URBANO;NO CORRESPONDE;-12.013435;DESPEJADO;RESIDENCIAL;TRAMO RECTO;PLANA ;ASFALTADA;NULL;NULL;NULL;NULL;EN PROCESO DE INVESTIGACIÓN;NO CUENTA CON CAUSA ESPECIFICA;Las Lomas;17/11/2024;-76.986079
A-2024-11-70;20:00.0;CHOQUE;1;1;2;LA LIBERTAD;TRUJILLO;HUANCHACO;URBANA;AVENIDA;URBANO;NO CORRESPONDE;-8.041784;DESPEJADO;COMERCIAL;TRAMO RECTO;PLANA ;ASFALTADA;NULL;NULL;NULL;NULL;EN PROCESO DE INVESTIGACIÓN;NO CUENTA CON CAUSA ESPECIFICA;Avenida Miguel Grau;17/11/2024;-79.058949
A-2024-11-63;30:00.0;CHOQUE;1;1;NULL;PUNO;PUNO;ACORA;RURAL;CARRETERA;PROVINCIAL;PU-1130;-15.96429;NULL;NULL;NULL;NULL;NULL;NULL;NULL;NULL;NULL;IMPRUDENCIA DEL CONDUCTOR;OTRO (IMPRUDENCIA DEL CONDUCTOR);Ácora;17/11/2024;-69.793146
A-2024-11-92;00:00.0;CHOQUE;1;2;2;LIMA;HUAURA;SAYAN;RURAL;CARRETERA;PROVINCIAL;LM-659;-11.23303;DESPEJADO;RURAL;TRAMO RECTO;PLANA ;ASFALTADA;NULL;NULL;NULL;NULL;IMPRUDENCIA DEL CONDUCTOR;CONDUCIR EN ESTADO DE EBRIEDAD Y/O DROGADICCIÓN;LM-659;17/11/2024;-77.39902
A-2024-11-103;14:00.0;ATROPELLO;1;1;NULL;CAJAMARCA;JAEN;JAEN;URBANA;CALLE;URBANO;NO CORRESPONDE;-5.702946;DESPEJADO;COMERCIAL;TRAMO RECTO;INCLINADA;CONCRETO;NULL;NULL;NULL;NULL;IMPRUDENCIA DEL CONDUCTOR;CONDUCIR EN ESTADO DE EBRIEDAD Y/O DROGADICCIÓN;Atahualpa;17/11/2024;-78.808604
A-2024-11-129;15:00.0;ATROPELLO FUGA;1;0;NULL;LIMA;LIMA;SANTA ANITA;URBANA;CARRETERA;NACIONAL;PE-1N;-12.041708;DESPEJADO;RESIDENCIAL;CURVA;INCLINADA;ASFALTADA;SI;REGULADORA (R);NULL;SI;EN PROCESO DE INVESTIGACIÓN;NO CUENTA CON CAUSA ESPECIFICA;Vía de Evitamiento;17/11/2024;-76.987144
A-2024-11-130;05:00.0;ATROPELLO FUGA;1;0;NULL;LIMA;LIMA;SANTA ANITA;URBANA;AVENIDA;URBANO;NO CORRESPONDE;-12.031272;DESPEJADO;COMERCIAL;INTERSECCIÓN;INCLINADA;ASFALTADA;NULL;NULL;NULL;NULL;EN PROCESO DE INVESTIGACIÓN;NO CUENTA CON CAUSA ESPECIFICA;Avenida de La Cultura;18/11/2024;-76.950292
A-2024-11-61;00:00.0;DESPISTE;1;1;1;AREQUIPA;AREQUIPA;SAN JUAN DE TARUCANI;RURAL;CARRETERA;NACIONAL;PE-34A;-16.054299;DESPEJADO;RURAL;TRAMO RECTO;PLANA ;ASFALTADA;NULL;NULL;NULL;NULL;EN PROCESO DE INVESTIGACIÓN;NO CUENTA CON CAUSA ESPECIFICA;Vía Interoceánica Sur - Tramo 5;18/11/2024;-71.34091
A-2024-11-62;10:00.0;DESPISTE;1;0;1;AREQUIPA;AREQUIPA;JOSE LUIS BUSTAMANTE Y RIVERO;URBANA;AVENIDA;URBANO;NO CORRESPONDE;-16.418934;DESPEJADO;COMERCIAL;TRAMO RECTO;INCLINADA;ASFALTADA;NO;NULL;NULL;SI;EN PROCESO DE INVESTIGACIÓN;NO CUENTA CON CAUSA ESPECIFICA;Avenida Pedro P. Díaz;18/11/2024;-71.536311