CÓDIGO SINIESTRO;HORA SINIESTRO;CLASE SINIESTRO;CANTIDAD DE FALLECIDOS;CANTIDAD DE LESIONADOS;CANTIDAD DE VEHICULOS DAÑADOS;DEPARTAMENTO;PROVINCIA;DISTRITO;ZONA;TIPO DE VÍA;RED VIAL;COD CARRETERA;COORDENADAS LATITUD;CONDICIÓN CLIMÁTICA;ZONIFICACIÓN;CARACTERÍSTICAS DE VÍA;PERFIL LONGITUDINAL VÍA;SUPERFICIE DE CALZADA;¿EXISTE SEÑAL VERTICAL?;CLASIFICACIÓN DE LA SEÑAL VERTICAL Nº 1;CLASIFICACIÓN DE LA SEÑAL VERTICAL Nº 2;¿EXISTE SEÑAL HORIZONTAL?;CAUSA FACTOR PRINCIPAL;CAUSA ESPECÍFICA;UBICACION;FECHA SINIESTRO;COORDENADAS LONGITUD
A-2024-11-155;00:00.0;DESPISTE;1;0;NULL;LIMA;LIMA;SANTIAGO DE SURCO;URBANA;CARRETERA;NACIONAL;PE-1S;-12.126725;DESPEJADO;COMERCIAL;TRAMO RECTO;PLANA ;ASFALTADA;NULL;NULL;NULL;NULL;EN PROCESO DE INVESTIGACIÓN;NO CUENTA CON CAUSA ESPECIFICA;Carretera Panamericana Sur;18/11/2024;-76.977039
A-2024-11-95;30:00.0;DESPISTE;3;0;NULL;CUSCO;CHUMBIVILCAS;COLQUEMARCA;RURAL;CARRETERA;DEPARTAMENTAL;CU-119;-14.364546;DESPEJADO;RURAL;CURVA;INCLINADA;AFIRMADO;NO;NULL;NULL;NO;IMPRUDENCIA DEL CONDUCTOR;EXCESO DE VELOCIDAD;CU-119;18/11/2024;-72.040714
A-2024-11-64;00:00.0;CHOQUE FUGA;1;0;NULL;PUNO;CHUCUITO;JULI;RURAL;CARRETERA;NACIONAL;PE-3S;-16.218194;NULL;NULL;NULL;NULL;NULL;NULL;NULL;NULL;NULL;EN PROCESO DE INVESTIGACIÓN;NO CUENTA CON CAUSA ESPECIFICA;Carretera Longitudinal de la Sierra Sur;18/11/2024;-69.492569
A-2024-11-132;10:00.0;CHOQUE;1;0;NULL;LIMA;LIMA;ANCON;URBANA;CARRETERA;NACIONAL;PE-1N;-11.740922;DESPEJADO;RURAL;TRAMO RECTO;PLANA ;ASFALTADA;NULL;NULL;NULL;NULL;EN PROCESO DE INVESTIGACIÓN;NO CUENTA CON CAUSA ESPECIFICA;Carretera Panamericana Norte;19/11/2024;-77.137846
A-2024-11-131;30:00.0;DESPISTE;1;3;NULL;LIMA;LIMA;VILLA MARIA DEL TRIUNFO;URBANA;JIRÓN;URBANO;NO CORRESPONDE;-12.157176;DESPEJADO;ESCOLAR;TRAMO RECTO;INCLINADA;TROCHA;NULL;NULL;NULL;NULL;EN PROCESO DE INVESTIGACIÓN;NO CUENTA CON CAUSA ESPECIFICA;Jirón Libertad;19/11/2024;-76.942404
A-2024-11-71;15:00.0;CHOQUE;1;0;2;LA LIBERTAD;VIRU;CHAO;RURAL;CARRETERA;NACIONAL;PE-1N;-8.565308;DESPEJADO;RURAL;TRAMO RECTO;PLANA ;ASFALTADA;NULL;NULL;NULL;NULL;EN PROCESO DE INVESTIGACIÓN;NO CUENTA CON CAUSA ESPECIFICA;Panamericana Norte;19/11/2024;-78.673765
A-2024-11-88;40:00.0;ATROPELLO;1;0;0;AYACUCHO;HUAMANGA;AYACUCHO;URBANA;CARRETERA;PROVINCIAL;AY-780;-13.130831;DESPEJADO;RESIDENCIAL;TRAMO RECTO;PLANA ;ASFALTADA;NULL;NULL;NULL;NULL;IMPRUDENCIA DEL PEATÓN;CRUCE INDEBIDO POR LA CALZADA;AY-780;19/11/2024;-74.233728
A-2024-11-133;15:00.0;ATROPELLO;1;0;NULL;LIMA;LIMA;RIMAC;URBANA;AVENIDA;URBANO;NO CORRESPONDE;-12.036633;DESPEJADO;COMERCIAL;TRAMO RECTO;PLANA ;ASFALTADA;NO;NULL;NULL;SI;EN PROCESO DE INVESTIGACIÓN;NO CUENTA CON CAUSA ESPECIFICA;Avenida Prolongación Tacna;19/11/2024;-77.03079
A-2024-11-134;30:00.0;ATROPELLO;1;0;NULL;LIMA;LIMA;LURIN;URBANA;CARRETERA;NACIONAL;PE-1S;-12.246523;DESPEJADO;INDUSTRIAL;TRAMO RECTO;PLANA ;ASFALTADA;NULL;NULL;NULL;NULL;EN PROCESO DE INVESTIGACIÓN;NO CUENTA CON CAUSA ESPECIFICA;Carretera Panamericana Sur;19/11/2024;-76.936264
A-2024-11-135;30:00.0;CHOQUE;1;2;NULL;LIMA;LIMA;PUENTE PIEDRA;URBANA;CARRETERA;NACIONAL;PE-1N;-11.890463;DESPEJADO;COMERCIAL;TRAMO RECTO;PLANA ;ASFALTADA;NULL;NULL;NULL;NULL;EN PROCESO DE INVESTIGACIÓN;NO CUENTA CON CAUSA ESPECIFICA;Avenida Panamericana Norte;20/11/2024;-77.068239
A-2024-11-72;30:00.0;ATROPELLO;1;0;1;LA LIBERTAD;VIRU;CHAO;RURAL;AVENIDA;URBANO;NO CORRESPONDE;-8.541971;DESPEJADO;RURAL;TRAMO RECTO;PLANA ;ASFALTADA;NULL;NULL;NULL;NULL;EN PROCESO DE INVESTIGACIÓN;NO CUENTA CON CAUSA ESPECIFICA;Chao;20/11/2024;-78.681222
A-2024-11-149;30:00.0;CHOQUE;1;0;1;CUSCO;CANCHIS;SICUANI;RURAL;CARRETERA;NACIONAL;PE-3S;-14.245399;DESPEJADO;RURAL;TRAMO RECTO;PLANA ;AFIRMADO;NULL;NULL;NULL;NULL;IMPRUDENCIA DEL CONDUCTOR;CONDUCIR EN ESTADO DE EBRIEDAD Y/O DROGADICCIÓN;Carretera Longitudinal de la Sierra Sur;20/11/2024;-71.255016
A-2024-11-78;30:00.0;CHOQUE;4;14;NULL;AREQUIPA;CAYLLOMA;MAJES;RURAL;CARRETERA;NACIONAL;PE-1S;-16.544919;DESPEJADO;RURAL;TRAMO RECTO;INCLINADA;ASFALTADA;SI;REGULADORA (R);INFORMATIVA (I);SI;EN PROCESO DE INVESTIGACIÓN;NO CUENTA CON CAUSA ESPECIFICA;Carretera Panamericana Sur;20/11/2024;-72.544892
A-2024-11-136;30:00.0;ATROPELLO;1;0;NULL;LIMA;LIMA;LA VICTORIA;URBANA;JIRÓN;URBANO;NO CORRESPONDE;-12.066744;DESPEJADO;COMERCIAL;TRAMO RECTO;PLANA ;ASFALTADA;NULL;NULL;NULL;NULL;EN PROCESO DE INVESTIGACIÓN;NO CUENTA CON CAUSA ESPECIFICA;Jirón Abtao;22/11/2024;-77.022242
A-2024-11-147;31:00.0;VOLCADURA;1;0;NULL;CUSCO;LA CONVENCION;SANTA ANA;RURAL;CARRETERA;PROVINCIAL;CU-814;-12.8958;DESPEJADO;RURAL;TRAMO RECTO;PLANA ;AFIRMADO;NULL;NULL;NULL;NULL;IMPRUDENCIA DEL CONDUCTOR;EXCESO DE VELOCIDAD;CU-814;22/11/2024;-72.744772
A-2024-11-137;00:00.0;CHOQUE;1;0;NULL;LIMA;LIMA;RIMAC;URBANA;CARRETERA;NACIONAL;PE-1N;-12.04004;DESPEJADO;COMERCIAL;TRAMO RECTO;PLANA ;ASFALTADA;SI;REGULADORA (R);NULL;NO;EN PROCESO DE INVESTIGACIÓN;NO CUENTA CON CAUSA ESPECIFICA;Vía de Evitamiento;22/11/2024;-77.016432
A-2024-11-85;00:00.0;ATROPELLO;1;0;NULL;APURIMAC;CHINCHEROS;ONGOY;URBANA;CARRETERA;DEPARTAMENTAL;AP-102;-13.409763;DESPEJADO;COMERCIAL;TRAMO RECTO;PLANA ;ASFALTADA;NULL;NULL;NULL;NULL;IMPRUDENCIA DEL PEATÓN;OTRO (IMPRUDENCIA DEL PEATÓN);AP-102;23/11/2024;-73.664066
A-2024-11-77;20:00.0;CHOQUE;11;37;2;SAN MARTIN;MOYOBAMBA;JEPELACIO;RURAL;CARRETERA;NACIONAL;PE-5N;-6.133045;DESPEJADO;RURAL;CURVA;INCLINADA;ASFALTADA;SI;PREVENTIVA (P);PREVENTIVA (P);NO;IMPRUDENCIA DEL CONDUCTOR;EXCESO DE VELOCIDAD;Carretera Presidente Fernando Belaúnde Terry;23/11/2024;-76.841275
A-2024-11-150;35:00.0;CHOQUE;1;0;NULL;CUSCO;CANCHIS;COMBAPATA;RURAL;CARRETERA;NACIONAL;PE-3S;-14.099271;DESPEJADO;RURAL;TRAMO RECTO;PLANA ;AFIRMADO;NULL;NULL;NULL;NULL;IMPRUDENCIA DEL CONDUCTOR;CONDUCIR EN ESTADO DE EBRIEDAD Y/O DROGADICCIÓN;Avenida Señor de Huanca;23/11/2024;-71.43008
A-2024-11-153;00:00.0;ATROPELLO FUGA;1;0;NULL;LIMA;LIMA;LA VICTORIA;URBANA;AVENIDA;URBANO;NO CORRESPONDE;-12.070817;DESPEJADO;COMERCIAL;TRAMO RECTO;PLANA ;ASFALTADA;NULL;NULL;NULL;NULL;EN PROCESO DE INVESTIGACIÓN;NO CUENTA CON CAUSA ESPECIFICA;Avenida México;23/11/2024;-77.010059
A-2024-11-73;20:00.0;DESPISTE;1;0;1;LA LIBERTAD;OTUZCO;USQUIL;RURAL;CARRETERA;PROVINCIAL;LI-774;-7.791631;DESPEJADO;RURAL;TRAMO RECTO;PLANA ;TROCHA;NULL;NULL;NULL;NULL;EN PROCESO DE INVESTIGACIÓN;NO CUENTA CON CAUSA ESPECIFICA;LI-774;23/11/2024;-78.440462
A-2024-11-138;00:00.0;CHOQUE;1;1;NULL;LIMA;LIMA;PUENTE PIEDRA;URBANA;CARRETERA;NACIONAL;PE-1N;-11.851362;DESPEJADO;COMERCIAL;TRAMO RECTO;PLANA ;ASFALTADA;NO;NULL;NULL;SI;EN PROCESO DE INVESTIGACIÓN;NO CUENTA CON CAUSA ESPECIFICA;Carretera Panamericana Norte;23/11/2024;-77.091131
A-2024-11-66;30:00.0;ATROPELLO;1;0;NULL;AREQUIPA;AREQUIPA;CERRO COLORADO;URBANA;CARRETERA;NACIONAL;PE-34A;-16.40649;DESPEJADO;INDUSTRIAL;TRAMO RECTO;PLANA ;ASFALTADA;NULL;NULL;NULL;NULL;EN PROCESO DE INVESTIGACIÓN;NO CUENTA CON CAUSA ESPECIFICA;Carretera Interoceánica Sur;24/11/2024;-71.59713
A-2024-11-139;00:00.0;ATROPELLO;1;0;NULL;LIMA;LIMA;VILLA EL SALVADOR;URBANA;AVENIDA;URBANO;NO CORRESPONDE;-12.24068;DESPEJADO;COMERCIAL;INTERSECCIÓN;PLANA ;ASFALTADA;NULL;NULL;NULL;NULL;EN PROCESO DE INVESTIGACIÓN;NO CUENTA CON CAUSA ESPECIFICA;Avenida Separadora Industrial;24/11/2024;-76.91381
A-2024-11-140;00:00.0;DESPISTE;1;0;NULL;LIMA;LIMA;SAN JUAN DE LURIGANCHO;URBANA;AVENIDA;URBANO;NO CORRESPONDE;-11.955796;DESPEJADO;COMERCIAL;INTERSECCIÓN;PLANA ;ASFALTADA;NULL;NULL;NULL;NULL;EN PROCESO DE INVESTIGACIÓN;NO CUENTA CON CAUSA ESPECIFICA;Avenida José Carlos Mariátegui;24/11/2024;-76.992051
A-2024-11-104;30:00.0;CHOQUE;2;1;2;CAJAMARCA;CAJAMARCA;LLACANORA;RURAL;CARRETERA;NACIONAL;PE-3N;-7.199469;DESPEJADO;RURAL;TRAMO RECTO;PLANA ;ASFALTADA;NULL;NULL;NULL;NULL;IMPRUDENCIA DEL CONDUCTOR;EXCESO DE VELOCIDAD;Carretera Longitudinal de la Sierra Norte;25/11/2024;-78.373078
A-2024-11-108;30:00.0;DESPISTE;1;0;1;CAJAMARCA;CAJABAMBA;CACHACHI;RURAL;CARRETERA;SIN CLASIFICAR;SIN CLASIFICAR;-7.607605;DESPEJADO;RURAL;TRAMO RECTO;INCLINADA;AFIRMADO;NULL;NULL;NULL;NULL;NEGLIGENCIA DEL CONDUCTOR;OTRO (NEGLIGENCIA DEL CONDUCTOR);CA-1645;25/11/2024;-78.161856
A-2024-11-151;14:00.0;DESPISTE;1;0;1;CUSCO;LA CONVENCION;SANTA ANA;RURAL;CARRETERA;PROVINCIAL;CU-809;-12.876018;DESPEJADO;RURAL;TRAMO RECTO;PLANA ;AFIRMADO;NULL;NULL;NULL;NULL;IMPRUDENCIA DEL CONDUCTOR;EXCESO DE VELOCIDAD;Barrial Alta;25/11/2024;-72.713742
A-2024-11-89;20:00.0;CHOQUE;1;1;2;AYACUCHO;HUAMANGA;VINCHOS;RURAL;CARRETERA;NACIONAL;PE-28A;-13.349265;DESPEJADO;RURAL;CURVA;INCLINADA;ASFALTADA;SI;PREVENTIVA (P);NULL;NO;IMPRUDENCIA DEL CONDUCTOR;FATIGA Y/O CANSANCIO;Vía de los Libertadores;25/11/2024;-74.396867
A-2024-11-74;05:00.0;DESPISTE;1;1;1;LA LIBERTAD;TRUJILLO;LAREDO;RURAL;CARRETERA;NACIONAL;PE-10A;-8.056548;DESPEJADO;RURAL;TRAMO RECTO;PLANA ;ASFALTADA;NULL;NULL;NULL;NULL;EN PROCESO DE INVESTIGACIÓN;NO CUENTA CON CAUSA ESPECIFICA;Carretera Industrial;25/11/2024;-78.853819
A-2024-11-75;00:00.0;DESPISTE;1;0;1;LA LIBERTAD;ASCOPE;CHOCOPE;RURAL;CARRETERA;NACIONAL;PE-1N;-7.816319;DESPEJADO;RURAL;TRAMO RECTO;PLANA ;ASFALTADA;NULL;NULL;NULL;NULL;EN PROCESO DE INVESTIGACIÓN;NO CUENTA CON CAUSA ESPECIFICA;Carretera Panamericana Norte;26/11/2024;-79.176863
A-2024-11-106;40:00.0;ATROPELLO;1;0;1;CAJAMARCA;JAEN;POMAHUACA;URBANA;CALLE;URBANO;NO CORRESPONDE;-5.933341;DESPEJADO;COMERCIAL;TRAMO RECTO;INCLINADA;CONCRETO;NULL;NULL;NULL;NULL;IMPRUDENCIA DEL PEATÓN;OTRO (IMPRUDENCIA DEL PEATÓN);Calle Lenin Cervera Llagenta;27/11/2024;-79.228563
A-2024-11-80;20:00.0;CHOQUE CON OBJETO FIJO;1;0;1;AREQUIPA;AREQUIPA;SOCABAYA;URBANA;CARRETERA;PROVINCIAL;AR-795;-16.45814;DESPEJADO;RESIDENCIAL;CURVA;PLANA ;ASFALTADA;NO;NULL;NULL;SI;EN PROCESO DE INVESTIGACIÓN;NO CUENTA CON CAUSA ESPECIFICA;La Mansión;28/11/2024;-71.5415
A-2024-11-105;40:00.0;DESPISTE;2;0;1;CAJAMARCA;SAN MIGUEL;CALQUIS;RURAL;CARRETERA;PROVINCIAL;CA-1215;-6.966272;DESPEJADO;RURAL;TRAMO RECTO;INCLINADA;AFIRMADO;NULL;NULL;NULL;NULL;IMPRUDENCIA DEL CONDUCTOR;EXCESO DE VELOCIDAD;CA-1215;28/11/2024;-78.860799
A-2024-11-141;10:00.0;CHOQUE;1;0;NULL;LIMA;LIMA;ATE;URBANA;AVENIDA;URBANO;NO CORRESPONDE;-12.032818;DESPEJADO;COMERCIAL;INTERSECCIÓN;PLANA ;ASFALTADA;NULL;NULL;NULL;NULL;EN PROCESO DE INVESTIGACIÓN;NO CUENTA CON CAUSA ESPECIFICA;Calle San Martín;28/11/2024;-76.937146
A-2024-11-142;20:00.0;CHOQUE;1;0;NULL;LIMA;LIMA;LIMA;URBANA;AVENIDA;URBANO;NO CORRESPONDE;-12.046734;DESPEJADO;INDUSTRIAL;INTERSECCIÓN;PLANA ;ASFALTADA;NULL;NULL;NULL;NULL;EN PROCESO DE INVESTIGACIÓN;NO CUENTA CON CAUSA ESPECIFICA;Avenida Universitaria;29/11/2024;-77.076871
A-2024-11-154;40:00.0;ATROPELLO;1;0;NULL;LIMA;LIMA;SAN BORJA;URBANA;AVENIDA;URBANO;NO CORRESPONDE;-12.098419;DESPEJADO;RESIDENCIAL;TRAMO RECTO;PLANA ;ASFALTADA;NULL;NULL;NULL;NULL;EN PROCESO DE INVESTIGACIÓN;NO CUENTA CON CAUSA ESPECIFICA;Avenida del Parque Norte;29/11/2024;-77.010534
A-2024-11-143;40:00.0;ATROPELLO;1;0;NULL;LIMA;LIMA;SAN MARTIN DE PORRES;URBANA;AVENIDA;URBANO;NO CORRESPONDE;-12.03617;DESPEJADO;COMERCIAL;TRAMO RECTO;PLANA ;ASFALTADA;NULL;NULL;NULL;NULL;EN PROCESO DE INVESTIGACIÓN;NO CUENTA CON CAUSA ESPECIFICA;Vía de Evitamiento;29/11/2024;-77.044763
A-2024-11-76;00:00.0;DESPISTE;1;2;1;LA LIBERTAD;VIRU;CHAO;RURAL;CARRETERA;DEPARTAMENTAL;LI-122;-8.466694;DESPEJADO;RURAL;TRAMO RECTO;PLANA ;TROCHA;NULL;NULL;NULL;NULL;EN PROCESO DE INVESTIGACIÓN;NO CUENTA CON CAUSA ESPECIFICA;LI-122;29/11/2024;-78.38257
A-2024-11-145;30:00.0;ATROPELLO;1;0;NULL;LIMA;LIMA;LIMA;URBANA;AVENIDA;URBANO;NO CORRESPONDE;-12.057345;DESPEJADO;COMERCIAL;INTERSECCIÓN;PLANA ;ASFALTADA;SI;REGULADORA (R);NULL;NO;EN PROCESO DE INVESTIGACIÓN;NO CUENTA CON CAUSA ESPECIFICA;Jirón Huánuco;30/11/2024;-77.017473
A-2024-11-144;50:00.0;CHOQUE;1;0;NULL;LIMA;LIMA;ATE;URBANA;AVENIDA;URBANO;NO CORRESPONDE;-12.045258;DESPEJADO;INDUSTRIAL;TRAMO RECTO;PLANA ;ASFALTADA;NULL;NULL;NULL;NULL;EN PROCESO DE INVESTIGACIÓN;NO CUENTA CON CAUSA ESPECIFICA;Avenida Nicolás de Ayllón;30/11/2024;-76.94137
A-2024-11-107;00:00.0;DESPISTE;1;11;1;CAJAMARCA;SAN PABLO;SAN PABLO;RURAL;CARRETERA;PROVINCIAL;CA-1284;-7.119026;DESPEJADO;RURAL;TRAMO RECTO;PLANA ;AFIRMADO;NULL;NULL;NULL;NULL;IMPRUDENCIA DEL CONDUCTOR;OTRO (IMPRUDENCIA DEL CONDUCTOR);San Pablo;30/11/2024;-78.801889
A-2024-11-84;00:00.0;CAÍDA DE PASAJERO;1;0;1;LA LIBERTAD;TRUJILLO;TRUJILLO;RURAL;CARRETERA;NACIONAL;PE-10A;-8.110192;DESPEJADO;RURAL;TRAMO RECTO;PLANA ;ASFALTADA;NULL;NULL;NULL;NULL;EN PROCESO DE INVESTIGACIÓN;NO CUENTA CON CAUSA ESPECIFICA;Carretera Industrial;30/11/2024;-78.99747
A-2024-12-22;00:00.0;CHOQUE FUGA;1;1;2;TUMBES;TUMBES;CORRALES;RURAL;CARRETERA;NACIONAL;PE-1N;-3.604948;DESPEJADO;RURAL;TRAMO RECTO;PLANA ;ASFALTADA;NULL;NULL;NULL;NULL;IMPRUDENCIA DEL CONDUCTOR;OTRO (IMPRUDENCIA DEL CONDUCTOR);Carretera Panamericana Norte;1/12/2024;-80.499631
A-2024-12-24;20:00.0;CHOQUE;1;0;2;TUMBES;TUMBES;CORRALES;URBANA;CARRETERA;NACIONAL;PE-1N;-3.597918;DESPEJADO;COMERCIAL;INTERSECCIÓN;PLANA ;ASFALTADA;NULL;NULL;NULL;NULL;IMPRUDENCIA DEL CONDUCTOR;OTRO (IMPRUDENCIA DEL CONDUCTOR);Avenida Centenario;1/12/2024;-80.484354
A-2024-12-130;00:00.0;DESPISTE;1;0;1;AMAZONAS;CHACHAPOYAS;CHACHAPOYAS;RURAL;CARRETERA;NACIONAL;PE-08C;-6.214963;DESPEJADO;RURAL;CURVA;INCLINADA;ASFALTADA;NULL;NULL;NULL;NULL;EN PROCESO DE INVESTIGACIÓN;NO CUENTA CON CAUSA ESPECIFICA;PE-08C;1/12/2024;-77.906326
A-2024-12-1;30:00.0;DESPISTE;1;0;1;SAN MARTIN;MOYOBAMBA;MOYOBAMBA;RURAL;CARRETERA;SIN CLASIFICAR;SIN CLASIFICAR;-5.972148;DESPEJADO;RURAL;CURVA;INCLINADA;AFIRMADO;SI;PREVENTIVA (P);INFORMATIVA (I);NO;IMPERICIA DEL CONDUCTOR;NULL;Santa Catalina;1/12/2024;-76.978324
A-2024-12-27;45:00.0;ATROPELLO;1;0;1;CUSCO;ANTA;ANCAHUASI;RURAL;CARRETERA;NACIONAL;PE-3S;-13.462123;DESPEJADO;RURAL;TRAMO RECTO;PLANA ;ASFALTADA;SI;PREVENTIVA (P);INFORMATIVA (I);NO;IMPRUDENCIA DEL PEATÓN;OTRO (IMPRUDENCIA DEL PEATÓN);Carretera Longitudinal de la Sierra Sur;1/12/2024;-72.28831
A-2024-12-87;30:00.0;ATROPELLO;1;0;NULL;LIMA;LIMA;VILLA EL SALVADOR;URBANA;AVENIDA;URBANO;NO CORRESPONDE;-12.203067;DESPEJADO;INDUSTRIAL;INTERSECCIÓN;INCLINADA;ASFALTADA;NULL;NULL;NULL;NULL;EN PROCESO DE INVESTIGACIÓN;NO CUENTA CON CAUSA ESPECIFICA;Avenida Juan Velasco Alvarado;1/12/2024;-76.930502
A-2024-12-88;00:00.0;ATROPELLO FUGA;1;0;NULL;LIMA;LIMA;SANTIAGO DE SURCO;URBANA;CARRETERA;NACIONAL;PE-1S;-12.127601;DESPEJADO;RESIDENCIAL;CURVA;PLANA ;ASFALTADA;NULL;NULL;NULL;NULL;EN PROCESO DE INVESTIGACIÓN;NO CUENTA CON CAUSA ESPECIFICA;Carretera Panamericana Sur;1/12/2024;-76.976914
A-2024-12-89;05:00.0;ATROPELLO FUGA;1;0;NULL;LIMA;LIMA;SAN MARTIN DE PORRES;URBANA;CARRETERA;NACIONAL;PE-1N;-12.033338;DESPEJADO;COMERCIAL;TRAMO RECTO;PLANA ;ASFALTADA;SI;REGULADORA (R);NULL;NO;EN PROCESO DE INVESTIGACIÓN;NO CUENTA CON CAUSA ESPECIFICA;Vía de Evitamiento;1/12/2024;-77.053478
A-2024-12-34;10:00.0;DESPISTE;1;0;1;LA LIBERTAD;PACASMAYO;GUADALUPE;RURAL;CARRETERA;NACIONAL;PE-08;-7.30112;DESPEJADO;RURAL;TRAMO RECTO;PLANA ;ASFALTADA;NULL;NULL;NULL;NULL;EN PROCESO DE INVESTIGACIÓN;NO CUENTA CON CAUSA ESPECIFICA;Carretera Ciudad de Dios - Cajamarca;2/12/2024;-79.410049
A-2024-12-33;10:00.0;CHOQUE;3;0;2;LA LIBERTAD;TRUJILLO;HUANCHACO;RURAL;CARRETERA;NACIONAL;PE-1N;-8.06435;DESPEJADO;RURAL;TRAMO RECTO;PLANA ;ASFALTADA;NULL;NULL;NULL;NULL;IMPRUDENCIA DEL CONDUCTOR;OTRO (IMPRUDENCIA DEL CONDUCTOR);Carretera Panamericana Norte;2/12/2024;-79.090401
A-2024-12-74;00:00.0;ESPECIAL;1;10;1;CAJAMARCA;CHOTA;COCHABAMBA;RURAL;CARRETERA;NACIONAL;PE-3N;-6.487601;DESPEJADO;RURAL;TRAMO RECTO;PLANA ;ASFALTADA;NULL;NULL;NULL;NULL;IMPRUDENCIA DEL CONDUCTOR;OTRO (IMPRUDENCIA DEL CONDUCTOR);Carretera Longitudinal de la Sierra Norte;2/12/2024;-78.848345
A-2024-12-75;30:00.0;DESPISTE;1;1;1;CAJAMARCA;CHOTA;TACABAMBA;RURAL;CARRETERA;PROVINCIAL;CA-919;-6.405214;DESPEJADO;RURAL;TRAMO RECTO;INCLINADA;TROCHA;NULL;NULL;NULL;NULL;IMPRUDENCIA DEL CONDUCTOR;EXCESO DE VELOCIDAD;CA-919;2/12/2024;-78.567187
A-2024-12-76;01:00.0;DESPISTE;1;2;2;CAJAMARCA;CONTUMAZA;YONAN;RURAL;CARRETERA;NACIONAL;PE-08;-7.197117;DESPEJADO;RURAL;CURVA;INCLINADA;ASFALTADA;SI;PREVENTIVA (P);NULL;NO;IMPRUDENCIA DEL CONDUCTOR;CONDUCIR EN ESTADO DE EBRIEDAD Y/O DROGADICCIÓN;Carretera Ciudad de Dios - Cajamarca;2/12/2024;-79.042078
A-2024-12-70;45:00.0;CHOQUE FUGA;1;0;NULL;LIMA;LIMA;LOS OLIVOS;URBANA;AVENIDA;URBANO;NO CORRESPONDE;-11.992763;DESPEJADO;COMERCIAL;INTERSECCIÓN;PLANA ;ASFALTADA;NULL;NULL;NULL;NULL;EN PROCESO DE INVESTIGACIÓN;NO CUENTA CON CAUSA ESPECIFICA;Jirón Santa Cruz de Pachacutec;3/12/2024;-77.06414
A-2024-12-36;20:00.0;CHOQUE;2;0;2;LA LIBERTAD;TRUJILLO;EL PORVENIR;URBANA;CALLE;URBANO;NO CORRESPONDE;-8.085779;DESPEJADO;RESIDENCIAL;INTERSECCIÓN;PLANA ;ASFALTADA;NULL;NULL;NULL;NULL;EN PROCESO DE INVESTIGACIÓN;NO CUENTA CON CAUSA ESPECIFICA;Calle Francisco de Zela;3/12/2024;-78.996825
A-2024-12-86;30:00.0;ATROPELLO FUGA;1;0;NULL;LIMA;LIMA;COMAS;URBANA;CARRETERA;NACIONAL;PE-1N;-11.933814;DESPEJADO;INDUSTRIAL;TRAMO RECTO;PLANA ;ASFALTADA;NULL;NULL;NULL;NULL;EN PROCESO DE INVESTIGACIÓN;NO CUENTA CON CAUSA ESPECIFICA;Avenida Panamericana Norte;4/12/2024;-77.072073
A-2024-12-78;00:00.0;ATROPELLO;1;0;2;CAJAMARCA;HUALGAYOC;BAMBAMARCA;RURAL;CALLE;URBANO;NO CORRESPONDE;-6.643943;DESPEJADO;RURAL;TRAMO RECTO;INCLINADA;AFIRMADO;NULL;NULL;NULL;NULL;IMPRUDENCIA DEL CONDUCTOR;EXCESO DE VELOCIDAD;San Antonio Bajo;4/12/2024;-78.5494
A-2024-12-35;10:00.0;CHOQUE;3;0;2;LA LIBERTAD;SANTIAGO DE CHUCO;QUIRUVILCA;RURAL;CARRETERA;NACIONAL;PE-3N;-7.987232;DESPEJADO;RURAL;TRAMO RECTO;PLANA ;AFIRMADO;NULL;NULL;NULL;NULL;EN PROCESO DE INVESTIGACIÓN;NO CUENTA CON CAUSA ESPECIFICA;Carretera Longitudinal de la Sierra Norte;4/12/2024;-78.268777
A-2024-12-65;20:00.0;ATROPELLO;1;0;NULL;LIMA;LIMA;PACHACAMAC;URBANA;CARRETERA;PROVINCIAL;LM-796;-12.121225;DESPEJADO;COMERCIAL;INTERSECCIÓN;PLANA ;ASFALTADA;NULL;NULL;NULL;NULL;EN PROCESO DE INVESTIGACIÓN;NO CUENTA CON CAUSA ESPECIFICA;Calle 76;4/12/2024;-76.872734
A-2024-12-37;45:00.0;DESPISTE;2;0;1;LA LIBERTAD;PATAZ;PATAZ;RURAL;CARRETERA;DEPARTAMENTAL;LI-125;-7.759878;DESPEJADO;RURAL;TRAMO RECTO;PLANA ;TROCHA;NULL;NULL;NULL;NULL;EN PROCESO DE INVESTIGACIÓN;NO CUENTA CON CAUSA ESPECIFICA;LI-125;5/12/2024;-77.594617
A-2024-12-90;00:00.0;ATROPELLO;1;0;NULL;LIMA;LIMA;SAN MARTIN DE PORRES;URBANA;AVENIDA;URBANO;NO CORRESPONDE;-11.990138;DESPEJADO;RESIDENCIAL;TRAMO RECTO;PLANA ;ASFALTADA;NULL;NULL;NULL;NULL;EN PROCESO DE INVESTIGACIÓN;NO CUENTA CON CAUSA ESPECIFICA;Avenida Carlos Alberto Izaguirre;5/12/2024;-77.095417