CÓDIGO SINIESTRO;HORA SINIESTRO;CLASE SINIESTRO;CANTIDAD DE FALLECIDOS;CANTIDAD DE LESIONADOS;CANTIDAD DE VEHICULOS DAÑADOS;DEPARTAMENTO;PROVINCIA;DISTRITO;ZONA;TIPO DE VÍA;RED VIAL;COD CARRETERA;COORDENADAS LATITUD;CONDICIÓN CLIMÁTICA;ZONIFICACIÓN;CARACTERÍSTICAS DE VÍA;PERFIL LONGITUDINAL VÍA;SUPERFICIE DE CALZADA;¿EXISTE SEÑAL VERTICAL?;CLASIFICACIÓN DE LA SEÑAL VERTICAL Nº 1;CLASIFICACIÓN DE LA SEÑAL VERTICAL Nº 2;¿EXISTE SEÑAL HORIZONTAL?;CAUSA FACTOR PRINCIPAL;CAUSA ESPECÍFICA;UBICACION;FECHA SINIESTRO;COORDENADAS LONGITUD
A-2024-12-47;00:00.0;DESPISTE;1;0;1;LA LIBERTAD;SANCHEZ CARRION;HUAMACHUCO;RURAL;CARRETERA;NACIONAL;PE-3N;-7.802627;DESPEJADO;RURAL;TRAMO RECTO;PLANA ;ASFALTADA;NULL;NULL;NULL;NULL;EN PROCESO DE INVESTIGACIÓN;NO CUENTA CON CAUSA ESPECIFICA;Carretera Longitudinal de la Sierra Norte;22/12/2024;-77.985034
A-2024-12-127;30:00.0;DESPISTE;7;5;1;CUSCO;CUSCO;SAN JERONIMO;RURAL;CARRETERA;DEPARTAMENTAL;CU-123;-13.586047;DESPEJADO;RURAL;CURVA;INCLINADA;AFIRMADO;NULL;NULL;NULL;NULL;IMPRUDENCIA DEL CONDUCTOR;EXCESO DE VELOCIDAD;Avenida Costanera;22/12/2024;-71.881851
A-2024-12-19;45:00.0;CHOQUE;1;0;2;AREQUIPA;CAYLLOMA;MAJES;URBANA;CALLE;URBANO;NO CORRESPONDE;-16.343103;DESPEJADO;RURAL;TRAMO RECTO;PLANA ;ASFALTADA;NULL;NULL;NULL;NULL;EN PROCESO DE INVESTIGACIÓN;NO CUENTA CON CAUSA ESPECIFICA;La Colina;22/12/2024;-72.173302
A-2024-12-48;00:00.0;DESPISTE;1;0;1;LA LIBERTAD;CHEPEN;PUEBLO NUEVO;RURAL;CARRETERA;PROVINCIAL;LI-500;-7.175828;DESPEJADO;RURAL;TRAMO RECTO;PLANA ;ASFALTADA;NULL;NULL;NULL;NULL;EN PROCESO DE INVESTIGACIÓN;NO CUENTA CON CAUSA ESPECIFICA;LI-500;22/12/2024;-79.533346
A-2024-12-49;45:00.0;CHOQUE;2;0;2;LA LIBERTAD;PACASMAYO;GUADALUPE;RURAL;CARRETERA;NACIONAL;PE-1N;-7.308045;DESPEJADO;RURAL;TRAMO RECTO;PLANA ;ASFALTADA;NULL;NULL;NULL;NULL;EN PROCESO DE INVESTIGACIÓN;NO CUENTA CON CAUSA ESPECIFICA;Carretera Panamericana Norte;22/12/2024;-79.480443
A-2024-12-126;00:00.0;ATROPELLO FUGA;1;0;NULL;CUSCO;ANTA;ANCAHUASI;RURAL;CARRETERA;NACIONAL;PE-3S;-13.461584;DESPEJADO;RURAL;TRAMO RECTO;PLANA ;ASFALTADA;NULL;NULL;NULL;NULL;IMPRUDENCIA DEL PEATÓN;ESTADO DE EBRIEDAD Y/O DROGADICCIÓN;Carretera Longitudinal de la Sierra Sur;23/12/2024;-72.289303
A-2024-12-50;45:00.0;DESPISTE;1;0;1;LA LIBERTAD;PACASMAYO;SAN JOSE;RURAL;CARRETERA;NACIONAL;PE-1N;-7.332367;DESPEJADO;RURAL;TRAMO RECTO;PLANA ;ASFALTADA;NULL;NULL;NULL;NULL;EN PROCESO DE INVESTIGACIÓN;NO CUENTA CON CAUSA ESPECIFICA;Carretera Panamericana Norte;23/12/2024;-79.483705
A-2024-12-116;20:00.0;ATROPELLO FUGA;1;0;NULL;LIMA;LIMA;VILLA EL SALVADOR;URBANA;AVENIDA;URBANO;NO CORRESPONDE;-12.234971;DESPEJADO;COMERCIAL;INTERSECCIÓN;INCLINADA;ASFALTADA;NULL;NULL;NULL;NULL;EN PROCESO DE INVESTIGACIÓN;NO CUENTA CON CAUSA ESPECIFICA;Calle 8;23/12/2024;-76.911545
A-2024-12-61;30:00.0;VOLCADURA;2;15;1;CUSCO;QUISPICANCHI;QUIQUIJANA;RURAL;CARRETERA;NACIONAL;PE-3S;-13.787663;LLUVIOSO;RURAL;TRAMO RECTO;PLANA ;ASFALTADA;SI;PREVENTIVA (P);PREVENTIVA (P);NO;IMPRUDENCIA DEL CONDUCTOR;EXCESO DE VELOCIDAD;Carretera Longitudinal de la Sierra Sur;23/12/2024;-71.563233
A-2024-12-51;10:00.0;CHOQUE;1;0;2;LA LIBERTAD;TRUJILLO;HUANCHACO;RURAL;CARRETERA;NACIONAL;PE-1N;-8.085394;DESPEJADO;RURAL;TRAMO RECTO;PLANA ;ASFALTADA;NULL;NULL;NULL;NULL;EN PROCESO DE INVESTIGACIÓN;NO CUENTA CON CAUSA ESPECIFICA;Carretera Panamericana Norte;23/12/2024;-79.095904
A-2024-12-11;30:00.0;ATROPELLO FUGA;1;0;NULL;SAN MARTIN;RIOJA;NUEVA CAJAMARCA;URBANA;CARRETERA;NACIONAL;PE-5N;-5.951484;DESPEJADO;INDUSTRIAL;TRAMO RECTO;PLANA ;ASFALTADA;NULL;NULL;NULL;NULL;IMPRUDENCIA DEL PEATÓN;OTRO (IMPRUDENCIA DEL PEATÓN);Carretera Presidente Fernando Belaúnde Terry;23/12/2024;-77.302217
A-2024-12-16;45:00.0;ATROPELLO FUGA;1;0;NULL;SAN MARTIN;RIOJA;RIOJA;RURAL;CARRETERA;NACIONAL;PE-5N;-6.048527;DESPEJADO;RURAL;TRAMO RECTO;PLANA ;ASFALTADA;NULL;NULL;NULL;NULL;EN PROCESO DE INVESTIGACIÓN;NO CUENTA CON CAUSA ESPECIFICA;Carretera Presidente Fernando Belaúnde Terry;23/12/2024;-77.175421
A-2024-12-82;15:00.0;VOLCADURA;1;1;2;CAJAMARCA;CAJAMARCA;CAJAMARCA;URBANA;AVENIDA;URBANO;NO CORRESPONDE;-7.166205;DESPEJADO;COMERCIAL;TRAMO RECTO;PLANA ;CONCRETO;NULL;NULL;NULL;NULL;IMPRUDENCIA DEL CONDUCTOR;EXCESO DE VELOCIDAD;Jirón Sucre;24/12/2024;-78.50921
A-2024-12-117;00:00.0;DESPISTE;1;12;NULL;LIMA;LIMA;PUENTE PIEDRA;URBANA;CARRETERA;NACIONAL;PE-1N;-11.865589;DESPEJADO;COMERCIAL;TRAMO RECTO;INCLINADA;ASFALTADA;NULL;NULL;NULL;NULL;EN PROCESO DE INVESTIGACIÓN;NO CUENTA CON CAUSA ESPECIFICA;Carretera Panamericana Norte;25/12/2024;-77.073809
A-2024-12-14;55:00.0;ATROPELLO;1;0;NULL;PUNO;EL COLLAO;ILAVE;RURAL;CARRETERA;NACIONAL;PE-3S;-16.085638;NULL;NULL;NULL;NULL;NULL;NULL;NULL;NULL;NULL;IMPRUDENCIA DEL PEATÓN;CRUCE INDEBIDO POR LA CALZADA;Carretera Longitudinal de la Sierra Sur;25/12/2024;-69.645359
A-2024-12-52;00:00.0;DESPISTE;1;0;1;LA LIBERTAD;PATAZ;PARCOY;RURAL;CARRETERA;NACIONAL;PE-10C;-8.010359;DESPEJADO;RURAL;TRAMO RECTO;PLANA ;TROCHA;NULL;NULL;NULL;NULL;EN PROCESO DE INVESTIGACIÓN;NO CUENTA CON CAUSA ESPECIFICA;PE-10C;25/12/2024;-77.482077
A-2024-12-118;10:00.0;ATROPELLO FUGA;1;0;NULL;LIMA;LIMA;SAN JUAN DE MIRAFLORES;URBANA;CARRETERA;NACIONAL;PE-1S;-12.173412;DESPEJADO;INDUSTRIAL;TRAMO RECTO;PLANA ;ASFALTADA;NULL;NULL;NULL;NULL;EN PROCESO DE INVESTIGACIÓN;NO CUENTA CON CAUSA ESPECIFICA;Avenida Panamericana Sur;26/12/2024;-76.978321
A-2024-12-60;30:00.0;DESPISTE;1;0;1;CUSCO;PAUCARTAMBO;PAUCARTAMBO;RURAL;CARRETERA;DEPARTAMENTAL;CU-116;-13.456013;DESPEJADO;RURAL;TRAMO RECTO;PLANA ;TROCHA;NULL;NULL;NULL;NULL;IMPRUDENCIA DEL CONDUCTOR;EXCESO DE VELOCIDAD;CU-116;26/12/2024;-71.448933
A-2024-12-73;30:00.0;DESPISTE;1;0;1;CUSCO;PAUCARTAMBO;PAUCARTAMBO;RURAL;CARRETERA;PROVINCIAL;CU-1016;-13.313201;DESPEJADO;RURAL;TRAMO RECTO;PLANA ;AFIRMADO;NULL;NULL;NULL;NULL;IMPRUDENCIA DEL CONDUCTOR;EXCESO DE VELOCIDAD;Ccallipata;26/12/2024;-71.592479
A-2024-12-119;25:00.0;ATROPELLO;1;0;NULL;LIMA;LIMA;ANCON;URBANA;CARRETERA;NACIONAL;PE-1N;-11.788421;DESPEJADO;INDUSTRIAL;TRAMO RECTO;PLANA ;ASFALTADA;SI;PREVENTIVA (P);NULL;SI;EN PROCESO DE INVESTIGACIÓN;NO CUENTA CON CAUSA ESPECIFICA;Carretera Panamericana Norte;26/12/2024;-77.151004
A-2024-12-53;00:00.0;DESPISTE;1;0;1;LA LIBERTAD;VIRU;GUADALUPITO;RURAL;CARRETERA;NACIONAL;PE-1N;-8.742936;DESPEJADO;RURAL;TRAMO RECTO;PLANA ;ASFALTADA;NULL;NULL;NULL;NULL;EN PROCESO DE INVESTIGACIÓN;NO CUENTA CON CAUSA ESPECIFICA;Panamericana Norte;26/12/2024;-78.634524
A-2024-12-58;00:00.0;DESPISTE;2;0;NULL;APURIMAC;ANDAHUAYLAS;KISHUARA;RURAL;CARRETERA;NACIONAL;PE-3S;-13.668528;NIEBLA;RURAL;TRAMO RECTO;INCLINADA;ASFALTADA;NULL;NULL;NULL;NULL;IMPRUDENCIA DEL CONDUCTOR;EXCESO DE VELOCIDAD;Carretera Longitudinal de la Sierra Sur;27/12/2024;-73.193024
A-2024-12-54;15:00.0;DESPISTE;1;0;1;LA LIBERTAD;PACASMAYO;PACASMAYO;RURAL;CARRETERA;NACIONAL;PE-1N;-7.383049;DESPEJADO;RURAL;TRAMO RECTO;PLANA ;ASFALTADA;NULL;NULL;NULL;NULL;EN PROCESO DE INVESTIGACIÓN;NO CUENTA CON CAUSA ESPECIFICA;Carretera Panamericana Norte;27/12/2024;-79.544976
A-2024-12-72;20:00.0;ATROPELLO;1;0;NULL;CUSCO;CUSCO;SANTIAGO;URBANA;CARRETERA;NACIONAL;PE-3S;-13.527004;DESPEJADO;COMERCIAL;INTERSECCIÓN;PLANA ;CONCRETO;SI;REGULADORA (R);PREVENTIVA (P);NO;IMPRUDENCIA DEL PEATÓN;CRUCE INDEBIDO POR LA CALZADA;Calle Patacalle;27/12/2024;-71.984263
A-2024-12-59;00:00.0;CHOQUE;1;1;NULL;APURIMAC;CHINCHEROS;RANRACANCHA;RURAL;CARRETERA;NACIONAL;PE-3S;-13.561214;SOLEADO;RURAL;CURVA;PLANA ;ASFALTADA;NULL;NULL;NULL;NULL;IMPRUDENCIA DEL CONDUCTOR;INVASIÓN DE CARRIL;Carretera Longitudinal de la Sierra Sur;27/12/2024;-73.633131
A-2024-12-83;50:00.0;CHOQUE;1;0;2;CAJAMARCA;CAJAMARCA;LLACANORA;RURAL;CARRETERA;NACIONAL;PE-3N;-7.202115;DESPEJADO;RURAL;TRAMO RECTO;PLANA ;ASFALTADA;NULL;NULL;NULL;NULL;IMPRUDENCIA DEL CONDUCTOR;EXCESO DE VELOCIDAD;Carretera Longitudinal de la Sierra Norte;28/12/2024;-78.376795
A-2024-12-120;10:00.0;CHOQUE CON OBJETO FIJO;1;0;NULL;LIMA;LIMA;CARABAYLLO;URBANA;AVENIDA;URBANO;NO CORRESPONDE;-11.843565;DESPEJADO;RESIDENCIAL;CURVA;PLANA ;ASFALTADA;NULL;NULL;NULL;NULL;EN PROCESO DE INVESTIGACIÓN;NO CUENTA CON CAUSA ESPECIFICA;Avenida Santa María;28/12/2024;-77.042605
A-2024-12-55;30:00.0;CHOQUE;1;0;2;LA LIBERTAD;TRUJILLO;LAREDO;RURAL;CARRETERA;NACIONAL;PE-10A;-8.053291;DESPEJADO;RURAL;TRAMO RECTO;PLANA ;ASFALTADA;NULL;NULL;NULL;NULL;EN PROCESO DE INVESTIGACIÓN;NO CUENTA CON CAUSA ESPECIFICA;Carretera Industrial;28/12/2024;-78.852124
A-2024-12-121;20:00.0;DESPISTE;1;0;NULL;LIMA;LIMA;EL AGUSTINO;URBANA;CARRETERA;NACIONAL;PE-1N;-12.033026;DESPEJADO;RESIDENCIAL;TRAMO RECTO;PLANA ;ASFALTADA;SI;REGULADORA (R);NULL;NO;EN PROCESO DE INVESTIGACIÓN;NO CUENTA CON CAUSA ESPECIFICA;Vía de Evitamiento;29/12/2024;-77.007393
A-2024-12-122;09:00.0;ATROPELLO;1;0;NULL;LIMA;LIMA;ANCON;URBANA;CARRETERA;NACIONAL;PE-1N;-11.750684;DESPEJADO;INDUSTRIAL;TRAMO RECTO;PLANA ;ASFALTADA;SI;PREVENTIVA (P);INFORMATIVA (I);SI;EN PROCESO DE INVESTIGACIÓN;NO CUENTA CON CAUSA ESPECIFICA;Carretera Panamericana Norte;29/12/2024;-77.146468
A-2024-12-124;00:00.0;CHOQUE;1;1;NULL;LIMA;LIMA;CHORRILLOS;URBANA;AVENIDA;URBANO;NO CORRESPONDE;-12.180164;DESPEJADO;RESIDENCIAL;INTERSECCIÓN;PLANA ;ASFALTADA;NULL;NULL;NULL;NULL;EN PROCESO DE INVESTIGACIÓN;NO CUENTA CON CAUSA ESPECIFICA;Avenida Guardia Civil Sur;29/12/2024;-76.998033
A-2024-12-56;00:00.0;CHOQUE;1;0;2;LA LIBERTAD;TRUJILLO;SIMBAL;RURAL;CARRETERA;NACIONAL;PE-10A;-8.001237;DESPEJADO;RURAL;TRAMO RECTO;PLANA ;ASFALTADA;NULL;NULL;NULL;NULL;EN PROCESO DE INVESTIGACIÓN;NO CUENTA CON CAUSA ESPECIFICA;Carretera Trujillo - Huamachuco;29/12/2024;-78.78503
A-2024-12-123;25:00.0;ATROPELLO;1;0;NULL;LIMA;LIMA;SAN BORJA;URBANA;AVENIDA;URBANO;NO CORRESPONDE;-12.11183;DESPEJADO;COMERCIAL;TRAMO RECTO;PLANA ;ASFALTADA;NULL;NULL;NULL;NULL;EN PROCESO DE INVESTIGACIÓN;NO CUENTA CON CAUSA ESPECIFICA;Avenida Angamos Este;29/12/2024;-77.002844
A-2024-12-32;25:00.0;ATROPELLO;1;0;NULL;ICA;CHINCHA;CHINCHA BAJA;RURAL;CARRETERA;NACIONAL;PE-1S;-13.458554;NULL;NULL;NULL;NULL;NULL;NULL;NULL;NULL;NULL;EN PROCESO DE INVESTIGACIÓN;NO CUENTA CON CAUSA ESPECIFICA;Antigua Carretera Panamericana Sur;30/12/2024;-76.136397
A-2024-12-21;30:00.0;CHOQUE;1;0;2;AREQUIPA;AREQUIPA;UCHUMAYO;RURAL;CARRETERA;NACIONAL;PE-34A;-16.42796;DESPEJADO;RURAL;TRAMO RECTO;PLANA ;ASFALTADA;SI;PREVENTIVA (P);NULL;SI;EN PROCESO DE INVESTIGACIÓN;NO CUENTA CON CAUSA ESPECIFICA;Carretera Interoceánica Sur;30/12/2024;-71.6918
A-2024-12-26;00:00.0;DESPISTE;1;1;1;HUANCAVELICA;CASTROVIRREYNA;CAPILLAS;RURAL;CARRETERA;NACIONAL;PE-26A;-13.286683;DESPEJADO;RURAL;SINUOSA;INCLINADA;AFIRMADO;NULL;NULL;NULL;NULL;EN PROCESO DE INVESTIGACIÓN;NO CUENTA CON CAUSA ESPECIFICA;Capillas;30/12/2024;-75.532759
A-2024-12-57;30:00.0;CHOQUE;1;0;2;LA LIBERTAD;CHEPEN;PACANGA;RURAL;CARRETERA;NACIONAL;PE-1N;-7.124172;DESPEJADO;RURAL;TRAMO RECTO;PLANA ;ASFALTADA;NULL;NULL;NULL;NULL;EN PROCESO DE INVESTIGACIÓN;NO CUENTA CON CAUSA ESPECIFICA;Carretera Panamericana Norte;31/12/2024;-79.481829
A-2024-12-25;50:00.0;ATROPELLO;1;0;1;AREQUIPA;ISLAY;PUNTA DE BOMBON;RURAL;CARRETERA;NACIONAL;PE-1SD;-17.14855;DESPEJADO;RURAL;TRAMO RECTO;PLANA ;ASFALTADA;SI;INFORMATIVA (I);NULL;SI;EN PROCESO DE INVESTIGACIÓN;NO CUENTA CON CAUSA ESPECIFICA;Carretera Costanera Sur;31/12/2024;-71.79622
A-2024-12-23;00:00.0;CHOQUE FUGA;1;1;NULL;PUNO;PUNO;PAUCARCOLLA;RURAL;CARRETERA;SIN CLASIFICAR;SIN CLASIFICAR;-15.778955;NULL;NULL;NULL;NULL;NULL;NULL;NULL;NULL;NULL;EN PROCESO DE INVESTIGACIÓN;NO CUENTA CON CAUSA ESPECIFICA;Patallani;31/12/2024;-70.035138
A-2024-12-71;30:00.0;DESPISTE;1;0;1;AYACUCHO;HUAMANGA;AYACUCHO;RURAL;CARRETERA;NACIONAL;PE-28A;-13.159;LLUVIOSO;RURAL;CURVA;INCLINADA;AFIRMADO;SI;PREVENTIVA (P);NULL;NO;IMPRUDENCIA DEL CONDUCTOR;EXCESO DE VELOCIDAD;Vía de los Libertadores;31/12/2024;-74.239
A-2024-12-129;35:00.0;ATROPELLO;1;0;NULL;LIMA;LIMA;SANTIAGO DE SURCO;URBANA;CARRETERA;NACIONAL;PE-1S;-12.100345;DESPEJADO;INDUSTRIAL;TRAMO RECTO;PLANA ;ASFALTADA;NULL;NULL;NULL;NULL;EN PROCESO DE INVESTIGACIÓN;NO CUENTA CON CAUSA ESPECIFICA;Carretera Panamericana Sur;31/12/2024;-76.979546
A-2025-01-24;00:00.0;CHOQUE FUGA;1;0;1;TUMBES;TUMBES;TUMBES;URBANA;CALLE;URBANO;NO CORRESPONDE;-3.562095;DESPEJADO;RESIDENCIAL;TRAMO RECTO;PLANA ;CONCRETO;NULL;NULL;NULL;NULL;IMPRUDENCIA DEL CONDUCTOR;OTRO (IMPRUDENCIA DEL CONDUCTOR);Tumbes;1/1/2025;-80.457612
A-2025-01-125;05:00.0;DESPISTE;1;0;NULL;PIURA;MORROPON;BUENOS AIRES;RURAL;CARRETERA;NACIONAL;PE-02A;-5.238684;NULL;NULL;NULL;NULL;NULL;NULL;NULL;NULL;NULL;EN PROCESO DE INVESTIGACIÓN;NO CUENTA CON CAUSA ESPECIFICA;PE-02A;1/1/2025;-79.992916
A-2025-01-31;20:00.0;CHOQUE;1;0;2;LA LIBERTAD;ASCOPE;CHOCOPE;RURAL;CARRETERA;NACIONAL;PE-1N;-7.802651;DESPEJADO;RURAL;TRAMO RECTO;PLANA ;ASFALTADA;NULL;NULL;NULL;NULL;EN PROCESO DE INVESTIGACIÓN;NO CUENTA CON CAUSA ESPECIFICA;Carretera Panamericana Norte;1/1/2025;-79.196881
A-2025-01-3;00:00.0;DESPISTE;1;0;NULL;PUNO;PUNO;PLATERIA;RURAL;CARRETERA;PROVINCIAL;PU-1221;-16.019965;NULL;NULL;NULL;NULL;NULL;NULL;NULL;NULL;NULL;EN PROCESO DE INVESTIGACIÓN;NO CUENTA CON CAUSA ESPECIFICA;Platería;1/1/2025;-69.938841
A-2025-01-5;30:00.0;ATROPELLO;1;0;NULL;AREQUIPA;AREQUIPA;JACOBO HUNTER;URBANA;AVENIDA;URBANO;NO CORRESPONDE;-16.45123;NUBLADO;COMERCIAL;TRAMO RECTO;PLANA ;ASFALTADA;NO;NULL;NULL;SI;EN PROCESO DE INVESTIGACIÓN;NO CUENTA CON CAUSA ESPECIFICA;Mariscal Eloy Ureta;1/1/2025;-71.55468
A-2025-01-51;30:00.0;CHOQUE;1;4;NULL;ICA;CHINCHA;CHINCHA ALTA;URBANA;CALLE;URBANO;NO CORRESPONDE;-13.420321;NULL;NULL;NULL;NULL;NULL;NULL;NULL;NULL;NULL;EN PROCESO DE INVESTIGACIÓN;NO CUENTA CON CAUSA ESPECIFICA;Calle Luis Galvez Ronceros;2/1/2025;-76.130663
A-2025-01-126;00:00.0;ATROPELLO;1;0;NULL;PIURA;SECHURA;SECHURA;URBANA;CALLE;URBANO;NO CORRESPONDE;-5.762407;DESPEJADO;RURAL;TRAMO RECTO;PLANA ;ASFALTADA;NULL;NULL;NULL;NULL;EN PROCESO DE INVESTIGACIÓN;NO CUENTA CON CAUSA ESPECIFICA;Nuevo Parachique;2/1/2025;-80.853743
A-2025-01-34;00:00.0;DESPISTE;1;0;1;LA LIBERTAD;BOLIVAR;CONDORMARCA;RURAL;CARRETERA;SIN CLASIFICAR;SIN CLASIFICAR;-7.546118;DESPEJADO;RURAL;TRAMO RECTO;PLANA ;TROCHA;NULL;NULL;NULL;NULL;EN PROCESO DE INVESTIGACIÓN;NO CUENTA CON CAUSA ESPECIFICA;Nuevo Condormarca;2/1/2025;-77.606869
A-2025-01-62;00:00.0;ATROPELLO;1;0;1;CAJAMARCA;CONTUMAZA;YONAN;RURAL;CARRETERA;NACIONAL;PE-08;-7.241869;DESPEJADO;RURAL;TRAMO RECTO;PLANA ;ASFALTADA;SI;INFORMATIVA (I);NULL;NO;EN PROCESO DE INVESTIGACIÓN;NO CUENTA CON CAUSA ESPECIFICA;Carretera Ciudad de Dios - Cajamarca;2/1/2025;-79.059313
A-2025-01-25;40:00.0;DESPISTE;1;0;1;TUMBES;CONTRALMIRANTE VILLAR;CASITAS;RURAL;CARRETERA;DEPARTAMENTAL;TU-105;-4.061167;DESPEJADO;RURAL;TRAMO RECTO;PLANA ;TROCHA;NULL;NULL;NULL;NULL;IMPRUDENCIA DEL CONDUCTOR;OTRO (IMPRUDENCIA DEL CONDUCTOR);TU-105;3/1/2025;-80.702533
A-2025-01-2;05:00.0;ATROPELLO;1;0;NULL;AREQUIPA;AREQUIPA;CAYMA;URBANA;CARRETERA;PROVINCIAL;AR-743;-16.390163;DESPEJADO;RESIDENCIAL;TRAMO RECTO;PLANA ;ASFALTADA;SI;INFORMATIVA (I);NULL;SI;EN PROCESO DE INVESTIGACIÓN;NO CUENTA CON CAUSA ESPECIFICA;Avenida Ejército;3/1/2025;-71.546004
A-2025-01-73;30:00.0;ATROPELLO;1;0;1;CUSCO;CUSCO;SANTIAGO;RURAL;CARRETERA;DEPARTAMENTAL;CU-117;-13.60118;DESPEJADO;RURAL;TRAMO RECTO;PLANA ;ASFALTADA;NULL;NULL;NULL;NULL;IMPRUDENCIA DEL PEATÓN;CRUCE INDEBIDO POR LA CALZADA;CU-117;3/1/2025;-71.959325
A-2025-01-4;59:00.0;ESPECIAL;1;0;NULL;PUNO;CHUCUITO;KELLUYO;RURAL;CARRETERA;SIN CLASIFICAR;SIN CLASIFICAR;-16.639392;NULL;NULL;NULL;NULL;NULL;NULL;NULL;NULL;NULL;EN PROCESO DE INVESTIGACIÓN;NO CUENTA CON CAUSA ESPECIFICA;Kelluyo;3/1/2025;-69.22611
A-2025-01-1;30:00.0;CHOQUE;1;1;2;LIMA;HUARAL;CHANCAY;RURAL;CARRETERA;NACIONAL;PE-1N;-11.449111;DESPEJADO;RURAL;TRAMO RECTO;INCLINADA;ASFALTADA;NULL;NULL;NULL;NULL;EN PROCESO DE INVESTIGACIÓN;NO CUENTA CON CAUSA ESPECIFICA;Carretera Panamericana Norte;3/1/2025;-77.340545
A-2025-01-96;05:00.0;CHOQUE;3;0;NULL;CUSCO;ESPINAR;ALTO PICHIGUA;RURAL;CARRETERA;NACIONAL;PE-34F;-14.728938;DESPEJADO;RURAL;TRAMO RECTO;PLANA ;AFIRMADO;NULL;NULL;NULL;NULL;IMPRUDENCIA DEL CONDUCTOR;EXCESO DE VELOCIDAD;Carretera Espinar - Sicuani;4/1/2025;-71.31884
A-2025-01-94;46:00.0;CHOQUE;2;1;2;CUSCO;QUISPICANCHI;OROPESA;RURAL;CARRETERA;NACIONAL;PE-3S;-13.598449;DESPEJADO;RURAL;TRAMO RECTO;PLANA ;ASFALTADA;NULL;NULL;NULL;NULL;IMPRUDENCIA DEL CONDUCTOR;INVASIÓN DE CARRIL;Carretera Longitudinal de la Sierra Sur;4/1/2025;-71.771798
A-2025-01-80;15:00.0;ATROPELLO;1;0;NULL;LIMA;LIMA;MAGDALENA DEL MAR;URBANA;AVENIDA;URBANO;NO CORRESPONDE;-12.090974;DESPEJADO;RESIDENCIAL;TRAMO RECTO;PLANA ;ASFALTADA;SI;PREVENTIVA (P);NULL;NO;IMPRUDENCIA DEL PEATÓN;CRUCE INDEBIDO POR LA CALZADA;Avenida Brasil;4/1/2025;-77.066737
A-2025-01-78;10:00.0;DESPISTE;1;0;1;CUSCO;LA CONVENCION;SANTA TERESA;RURAL;CARRETERA;DEPARTAMENTAL;CU-107;-13.053199;DESPEJADO;RURAL;CURVA;PLANA ;TROCHA;NULL;NULL;NULL;NULL;IMPRUDENCIA DEL CONDUCTOR;EXCESO DE VELOCIDAD;CU-107;4/1/2025;-72.627868
A-2025-01-86;26:00.0;CHOQUE CON OBJETO FIJO;1;5;1;CUSCO;CUSCO;WANCHAQ;RURAL;CARRETERA;NACIONAL;PE-3S;-13.534673;DESPEJADO;COMERCIAL;TRAMO RECTO;PLANA ;ASFALTADA;SI;REGULADORA (R);PREVENTIVA (P);NO;IMPRUDENCIA DEL CONDUCTOR;EXCESO DE VELOCIDAD;Vía Expresa;4/1/2025;-71.9392
A-2025-01-81;15:00.0;ATROPELLO;1;0;NULL;LIMA;LIMA;ATE;URBANA;CARRETERA;SIN CLASIFICAR;NO ES CARRETERA;-12.033883;DESPEJADO;RESIDENCIAL;INTERSECCIÓN;PLANA ;ASFALTADA;NULL;NULL;NULL;NULL;EN PROCESO DE INVESTIGACIÓN;NO CUENTA CON CAUSA ESPECIFICA;Avenida Nicolás de Ayllón;4/1/2025;-76.928362
A-2025-01-72;00:00.0;DESPISTE;1;0;NULL;CUSCO;CANAS;LANGUI;RURAL;CARRETERA;NACIONAL;PE-34G;-14.371556;DESPEJADO;RURAL;CURVA;PLANA ;ASFALTADA;NULL;NULL;NULL;NULL;IMPRUDENCIA DEL CONDUCTOR;EXCESO DE VELOCIDAD;Carretera Espinar - Sicuani;5/1/2025;-71.32525
A-2025-01-87;00:00.0;DESPISTE;1;0;1;CUSCO;CANAS;LANGUI;RURAL;CARRETERA;NACIONAL;PE-34G;-14.371556;DESPEJADO;RURAL;CURVA;PLANA ;AFIRMADO;NULL;NULL;NULL;NULL;IMPRUDENCIA DEL CONDUCTOR;EXCESO DE VELOCIDAD;Carretera Espinar - Sicuani;5/1/2025;-71.32525
A-2025-01-9;00:00.0;VOLCADURA;1;0;1;SAN MARTIN;MOYOBAMBA;CALZADA;URBANA;CARRETERA;NACIONAL;PE-5N;-6.039502;DESPEJADO;COMERCIAL;TRAMO RECTO;PLANA ;ASFALTADA;NULL;NULL;NULL;NULL;IMPRUDENCIA DEL CONDUCTOR;OTRO (IMPRUDENCIA DEL CONDUCTOR);Carretera Presidente Fernando Belaúnde Terry;5/1/2025;-77.06126
A-2025-01-6;00:00.0;ATROPELLO;1;0;NULL;AREQUIPA;CAYLLOMA;MAJES;URBANA;CARRETERA;DEPARTAMENTAL;AR-108;-16.34086;SOLEADO;COMERCIAL;CURVA;PLANA ;ASFALTADA;NO;NULL;NULL;SI;EN PROCESO DE INVESTIGACIÓN;NO CUENTA CON CAUSA ESPECIFICA;Avenida Los Colonizadores;5/1/2025;-72.19509