CÓDIGO SINIESTRO;HORA SINIESTRO;CLASE SINIESTRO;CANTIDAD DE FALLECIDOS;CANTIDAD DE LESIONADOS;CANTIDAD DE VEHICULOS DAÑADOS;DEPARTAMENTO;PROVINCIA;DISTRITO;ZONA;TIPO DE VÍA;RED VIAL;COD CARRETERA;COORDENADAS LATITUD;CONDICIÓN CLIMÁTICA;ZONIFICACIÓN;CARACTERÍSTICAS DE VÍA;PERFIL LONGITUDINAL VÍA;SUPERFICIE DE CALZADA;¿EXISTE SEÑAL VERTICAL?;CLASIFICACIÓN DE LA SEÑAL VERTICAL Nº 1;CLASIFICACIÓN DE LA SEÑAL VERTICAL Nº 2;¿EXISTE SEÑAL HORIZONTAL?;CAUSA FACTOR PRINCIPAL;CAUSA ESPECÍFICA;UBICACION;FECHA SINIESTRO;COORDENADAS LONGITUD
A-2025-01-32;00:00.0;DESPISTE;2;0;1;HUANUCO;MARAÑON;HUACRACHUCO;RURAL;CARRETERA;NACIONAL;PE-12A;-8.54075;DESPEJADO;RURAL;TRAMO RECTO;PLANA ;AFIRMADO;NULL;NULL;NULL;NULL;INFRAESTRUCTURA Y ENTORNO VIAL;FACTOR AMBIENTAL;PE-12A;6/1/2025;-77.211523
A-2025-01-76;30:00.0;ATROPELLO FUGA;1;0;1;CUSCO;CUSCO;SANTIAGO;URBANA;CARRETERA;NACIONAL;PE-3S;-13.527696;DESPEJADO;COMERCIAL;TRAMO RECTO;PLANA ;ASFALTADA;SI;REGULADORA (R);PREVENTIVA (P);NO;IMPRUDENCIA DEL CONDUCTOR;EXCESO DE VELOCIDAD;Avenida Antonio Lorena;6/1/2025;-71.989882
A-2025-01-77;20:00.0;CHOQUE;1;0;2;CUSCO;ANTA;ANTA;URBANA;CARRETERA;NACIONAL;PE-3S;-13.468483;DESPEJADO;COMERCIAL;TRAMO RECTO;PLANA ;ASFALTADA;NULL;NULL;NULL;NULL;IMPRUDENCIA DEL CONDUCTOR;INVASIÓN DE CARRIL;Avenida Jaquijahuana;6/1/2025;-72.137046
A-2025-01-75;51:00.0;DESPISTE;1;1;1;CUSCO;CALCA;LARES;RURAL;CARRETERA;PROVINCIAL;CU-712;-13.06767;DESPEJADO;RURAL;TRAMO RECTO;PLANA ;AFIRMADO;NULL;NULL;NULL;NULL;IMPRUDENCIA DEL CONDUCTOR;EXCESO DE VELOCIDAD;Rosaspata;6/1/2025;-72.065656
A-2025-01-8;45:00.0;ATROPELLO;1;0;NULL;AREQUIPA;CAYLLOMA;MAJES;RURAL;CARRETERA;NACIONAL;PE-1S;-16.40553;DESPEJADO;RURAL;TRAMO RECTO;PLANA ;ASFALTADA;NO;NULL;NULL;SI;EN PROCESO DE INVESTIGACIÓN;NO CUENTA CON CAUSA ESPECIFICA;Carretera Panamericana Sur;6/1/2025;-72.22581
A-2025-01-74;00:00.0;CHOQUE;1;0;NULL;CUSCO;ANTA;MOLLEPATA;RURAL;CARRETERA;NACIONAL;PE-3S;-13.53806;DESPEJADO;RURAL;TRAMO RECTO;PLANA ;ASFALTADA;NULL;NULL;NULL;NULL;IMPRUDENCIA DEL CONDUCTOR;EXCESO DE VELOCIDAD;Carretera Longitudinal de la Sierra Sur;7/1/2025;-72.520106
A-2025-01-82;10:00.0;ATROPELLO;1;0;NULL;LIMA;LIMA;LIMA;URBANA;AVENIDA;URBANO;NO CORRESPONDE;-12.042162;DESPEJADO;COMERCIAL;TRAMO RECTO;PLANA ;ASFALTADA;NULL;NULL;NULL;NULL;IMPRUDENCIA DEL PEATÓN;CRUCE INDEBIDO POR LA CALZADA;Avenida Alfonso Ugarte;7/1/2025;-77.04316
A-2025-01-127;00:00.0;CHOQUE;1;0;3;PIURA;SECHURA;SECHURA;RURAL;CARRETERA;NACIONAL;PE-1NK;-5.550354;DESPEJADO;RURAL;TRAMO RECTO;PLANA ;ASFALTADA;NULL;NULL;NULL;NULL;EN PROCESO DE INVESTIGACIÓN;NO CUENTA CON CAUSA ESPECIFICA;PI-1040;7/1/2025;-80.818554
A-2025-01-83;40:00.0;ATROPELLO;1;0;NULL;LIMA;LIMA;SAN JUAN DE LURIGANCHO;URBANA;AVENIDA;URBANO;NO CORRESPONDE;-12.023156;DESPEJADO;COMERCIAL;INTERSECCIÓN;PLANA ;ASFALTADA;NULL;NULL;NULL;NULL;EN PROCESO DE INVESTIGACIÓN;NO CUENTA CON CAUSA ESPECIFICA;Avenida Malecon Checa;7/1/2025;-76.965115
A-2025-01-97;00:00.0;ATROPELLO FUGA;1;0;NULL;CUSCO;CANCHIS;SAN PABLO;RURAL;CARRETERA;NACIONAL;PE-3S;-14.19784;DESPEJADO;ESCOLAR;TRAMO RECTO;PLANA ;ASFALTADA;NULL;NULL;NULL;NULL;IMPRUDENCIA DEL CONDUCTOR;EXCESO DE VELOCIDAD;Carretera Longitudinal de la Sierra Sur;7/1/2025;-71.320042
A-2025-01-63;15:00.0;ATROPELLO FUGA;1;0;1;CAJAMARCA;CHOTA;LAJAS;RURAL;CARRETERA;NACIONAL;PE-3N;-6.543665;LLUVIOSO;RURAL;TRAMO RECTO;INCLINADA;ASFALTADA;SI;PREVENTIVA (P);NULL;NO;EN PROCESO DE INVESTIGACIÓN;NO CUENTA CON CAUSA ESPECIFICA;Carretera Longitudinal de la Sierra Norte;7/1/2025;-78.705535
A-2025-01-10;40:00.0;VOLCADURA;1;0;NULL;AREQUIPA;AREQUIPA;LA JOYA;RURAL;CARRETERA;NACIONAL;PE-1S;-16.693724;DESPEJADO;RESIDENCIAL;TRAMO RECTO;PLANA ;ASFALTADA;SI;INFORMATIVA (I);NULL;SI;EN PROCESO DE INVESTIGACIÓN;NO CUENTA CON CAUSA ESPECIFICA;Carretera Panamericana Sur;7/1/2025;-71.870564
A-2025-01-26;30:00.0;ATROPELLO;1;0;1;TUMBES;ZARUMILLA;PAPAYAL;RURAL;CARRETERA;NACIONAL;PE-1N ;-3.514475;DESPEJADO;RURAL;TRAMO RECTO;PLANA ;ASFALTADA;NULL;NULL;NULL;NULL;IMPRUDENCIA DEL PEATÓN;CRUCE INDEBIDO POR LA CALZADA;Carretera Panamericana Norte;8/1/2025;-80.319977
A-2025-01-33;00:00.0;CHOQUE;1;0;2;LA LIBERTAD;VIRU;VIRU;RURAL;CARRETERA;PROVINCIAL;LI-1176;-8.421529;DESPEJADO;RURAL;TRAMO RECTO;PLANA ;ASFALTADA;NULL;NULL;NULL;NULL;EN PROCESO DE INVESTIGACIÓN;NO CUENTA CON CAUSA ESPECIFICA;Lima;8/1/2025;-78.752304
A-2025-01-7;30:00.0;ATROPELLO;2;0;1;LIMA;HUARAL;AUCALLAMA;RURAL;CARRETERA;NACIONAL;PE-1N;-11.608391;DESPEJADO;ESCOLAR;INTERSECCIÓN;PLANA ;ASFALTADA;SI;PREVENTIVA (P);PREVENTIVA (P);SI;EN PROCESO DE INVESTIGACIÓN;NO CUENTA CON CAUSA ESPECIFICA;Carretera Panamericana Norte;8/1/2025;-77.217556
A-2025-01-64;30:00.0;DESPISTE;1;0;1;CAJAMARCA;CAJABAMBA;CONDEBAMBA;URBANA;CARRETERA;NACIONAL;PE-3N;-7.524396;DESPEJADO;COMERCIAL;CURVA;PLANA ;ASFALTADA;NULL;NULL;NULL;NULL;IMPRUDENCIA DEL CONDUCTOR;EXCESO DE VELOCIDAD;Carretera Longitudinal de la Sierra Norte;8/1/2025;-78.147494
A-2025-01-61;00:00.0;DESPISTE;2;0;1;AYACUCHO;HUAMANGA;OCROS;RURAL;CARRETERA;PROVINCIAL;AY-751;-13.370327;DESPEJADO;RURAL;CURVA;INCLINADA;AFIRMADO;NULL;NULL;NULL;NULL;IMPRUDENCIA DEL CONDUCTOR;CONDUCIR EN ESTADO DE EBRIEDAD Y/O DROGADICCIÓN;AY-751;8/1/2025;-73.90041
A-2025-01-84;50:00.0;DESPISTE;1;0;NULL;LIMA;LIMA;LURIN;URBANA;AVENIDA;URBANO;NO ES CARRETERA;-12.284074;DESPEJADO;INDUSTRIAL;TRAMO RECTO;PLANA ;ASFALTADA;NULL;NULL;NULL;NULL;EN PROCESO DE INVESTIGACIÓN;NO CUENTA CON CAUSA ESPECIFICA;Antigua Panamericana Sur;8/1/2025;-76.86338
A-2025-01-47;50:00.0;DESPISTE;2;4;1;HUANCAVELICA;TAYACAJA;ACOSTAMBO;RURAL;CARRETERA;NACIONAL;PE-3S;-12.397732;DESPEJADO;RURAL;TRAMO RECTO;PLANA ;ASFALTADA;SI;PREVENTIVA (P);NULL;NO;EN PROCESO DE INVESTIGACIÓN;NO CUENTA CON CAUSA ESPECIFICA;Carretera Longitudinal de la Sierra Sur;9/1/2025;-75.050463
A-2025-01-48;10:00.0;DESPISTE;1;0;1;HUANCAVELICA;ANGARAES;LIRCAY;RURAL;CARRETERA;DEPARTAMENTAL;HV-107;-12.967431;DESPEJADO;RURAL;TRAMO RECTO;PLANA ;ASFALTADA;SI;PREVENTIVA (P);NULL;NO;EN PROCESO DE INVESTIGACIÓN;NO CUENTA CON CAUSA ESPECIFICA;HV-116;10/1/2025;-74.713102
A-2025-01-66;40:00.0;DESPISTE;2;4;1;CAJAMARCA;CAJAMARCA;COSPAN;RURAL;CARRETERA;DEPARTAMENTAL;CA-106;-7.471807;NUBLADO;RURAL;TRAMO RECTO;INCLINADA;TROCHA;NULL;NULL;NULL;NULL;IMPRUDENCIA DEL CONDUCTOR;EXCESO DE VELOCIDAD;CA-106;11/1/2025;-78.534956
A-2025-01-35;02:00.0;CHOQUE;1;0;2;LA LIBERTAD;PACASMAYO;SAN PEDRO DE LLOC;RURAL;CARRETERA;NACIONAL;PE-1N;-7.419062;DESPEJADO;RURAL;TRAMO RECTO;PLANA ;ASFALTADA;NULL;NULL;NULL;NULL;EN PROCESO DE INVESTIGACIÓN;NO CUENTA CON CAUSA ESPECIFICA;Panamericana Norte;11/1/2025;-79.535059
A-2025-01-85;00:00.0;CAÍDA DE PASAJERO;1;0;NULL;LIMA;LIMA;LURIN;RURAL;AVENIDA;URBANO;NO CORRESPONDE;-12.266721;DESPEJADO;INDUSTRIAL;TRAMO RECTO;PLANA ;ASFALTADA;NULL;NULL;NULL;NULL;EN PROCESO DE INVESTIGACIÓN;NO CUENTA CON CAUSA ESPECIFICA;Lurín;11/1/2025;-76.88369
A-2025-01-58;30:00.0;CHOQUE;1;14;2;AYACUCHO;HUAMANGA;CHIARA;RURAL;CARRETERA;NACIONAL;PE-3S;-13.344575;LLUVIOSO;RURAL;CURVA;PLANA ;ASFALTADA;NULL;NULL;NULL;NULL;IMPRUDENCIA DEL CONDUCTOR;EXCESO DE VELOCIDAD;Carretera Longitudinal de la Sierra Sur;11/1/2025;-74.121124
A-2025-01-11;00:00.0;DESPISTE;1;0;NULL;PUNO;CHUCUITO;ZEPITA;RURAL;CARRETERA;SIN CLASIFICAR;SIN CLASIFICAR;-16.454531;NULL;NULL;NULL;NULL;NULL;NULL;NULL;NULL;NULL;EN PROCESO DE INVESTIGACIÓN;NO CUENTA CON CAUSA ESPECIFICA;Zepita;11/1/2025;-69.138518
A-2025-01-65;30:00.0;DESPISTE;1;1;1;CAJAMARCA;CAJABAMBA;CONDEBAMBA;RURAL;CARRETERA;NACIONAL;PE-3N;-7.521706;DESPEJADO;RURAL;CURVA;PLANA ;ASFALTADA;SI;PREVENTIVA (P);NULL;SI;IMPRUDENCIA DEL CONDUCTOR;EXCESO DE VELOCIDAD;Carretera Longitudinal de la Sierra Norte;11/1/2025;-78.146309
A-2025-01-91;00:00.0;DESPISTE;1;0;1;CUSCO;PAUCARTAMBO;PAUCARTAMBO;RURAL;CARRETERA;DEPARTAMENTAL;CU-116;-13.332719;DESPEJADO;RURAL;TRAMO RECTO;PLANA ;AFIRMADO;NULL;NULL;NULL;NULL;IMPRUDENCIA DEL CONDUCTOR;CONDUCIR EN SENTIDO CONTRARIO;CU-116;11/1/2025;-71.581008
A-2025-01-13;05:00.0;ATROPELLO;1;0;NULL;AREQUIPA;AREQUIPA;CERRO COLORADO;URBANA;CARRETERA;NACIONAL;PE-34A;-16.37993;DESPEJADO;COMERCIAL;OTRO;PLANA ;ASFALTADA;NO;NULL;NULL;SI;EN PROCESO DE INVESTIGACIÓN;NO CUENTA CON CAUSA ESPECIFICA;Vía de Evitamiento;11/1/2025;-71.57551
A-2025-01-89;30:00.0;ATROPELLO;1;1;NULL;LIMA;LIMA;VILLA EL SALVADOR;URBANA;CARRETERA;NACIONAL;PE-1S;-12.23728;DESPEJADO;COMERCIAL;TRAMO RECTO;PLANA ;ASFALTADA;NULL;NULL;NULL;NULL;EN PROCESO DE INVESTIGACIÓN;NO CUENTA CON CAUSA ESPECIFICA;Carretera Panamericana Sur;12/1/2025;-76.954092
A-2025-01-68;40:00.0;CHOQUE;1;1;2;CAJAMARCA;JAEN;JAEN;URBANA;CARRETERA;NACIONAL;PE-5N;-5.68531;DESPEJADO;COMERCIAL;TRAMO RECTO;PLANA ;ASFALTADA;NULL;NULL;NULL;NULL;IMPRUDENCIA DEL CONDUCTOR;CONDUCIR EN ESTADO DE EBRIEDAD Y/O DROGADICCIÓN;PE-5N;12/1/2025;-78.78899
A-2025-01-67;45:00.0;VOLCADURA;1;0;1;CAJAMARCA;SAN MIGUEL;LLAPA;RURAL;CARRETERA;DEPARTAMENTAL;CA-100;-6.968318;NUBLADO;RURAL;CURVA;PLANA ;AFIRMADO;NULL;NULL;NULL;NULL;IMPRUDENCIA DEL CONDUCTOR;CONDUCIR EN ESTADO DE EBRIEDAD Y/O DROGADICCIÓN;CA-100;12/1/2025;-78.796152
A-2025-01-59;00:00.0;DESPISTE;1;0;1;AYACUCHO;HUAMANGA;CHIARA;RURAL;CARRETERA;DEPARTAMENTAL;AY-103;-13.47184;DESPEJADO;RURAL;CURVA;INCLINADA;ASFALTADA;SI;PREVENTIVA (P);NULL;NO;IMPRUDENCIA DEL CONDUCTOR;CONDUCIR EN ESTADO DE EBRIEDAD Y/O DROGADICCIÓN;AY-103;12/1/2025;-74.160849
A-2025-01-12;26:00.0;DESPISTE;1;2;NULL;PUNO;PUNO;PUNO;RURAL;CARRETERA;NACIONAL;PE-3S;-15.85398;NULL;NULL;NULL;NULL;NULL;NULL;NULL;NULL;NULL;IMPRUDENCIA DEL CONDUCTOR;EXCESO DE VELOCIDAD;Carretera Longitudinal de la Sierra Sur;12/1/2025;-69.974912
A-2025-01-90;50:00.0;ATROPELLO;1;0;NULL;LIMA;LIMA;SANTIAGO DE SURCO;URBANA;CARRETERA;NACIONAL;PE-1S;-12.126797;DESPEJADO;RESIDENCIAL;TRAMO RECTO;PLANA ;ASFALTADA;NULL;NULL;NULL;NULL;EN PROCESO DE INVESTIGACIÓN;NO CUENTA CON CAUSA ESPECIFICA;Carretera Panamericana Sur;13/1/2025;-76.97689
A-2025-01-36;10:00.0;CHOQUE;1;2;2;LA LIBERTAD;PACASMAYO;GUADALUPE;URBANA;CARRETERA;NACIONAL;PE-1N;-7.24908;DESPEJADO;COMERCIAL;TRAMO RECTO;PLANA ;ASFALTADA;NULL;NULL;NULL;NULL;EN PROCESO DE INVESTIGACIÓN;NO CUENTA CON CAUSA ESPECIFICA;Avenida Nila Cerrutti;13/1/2025;-79.47104
A-2025-01-60;00:00.0;DESPISTE;3;9;1;AYACUCHO;HUANCA SANCOS;SACSAMARCA;RURAL;CARRETERA;DEPARTAMENTAL;AY-110;-14.111713;DESPEJADO;RURAL;TRAMO RECTO;INCLINADA;AFIRMADO;NULL;NULL;NULL;NULL;IMPRUDENCIA DEL CONDUCTOR;EXCESO DE VELOCIDAD;AY-110;13/1/2025;-74.211225
A-2025-01-100;40:00.0;ATROPELLO;1;0;NULL;LIMA;LIMA;COMAS;URBANA;AVENIDA;URBANO;NO CORRESPONDE;-11.937465;DESPEJADO;COMERCIAL;TRAMO RECTO;PLANA ;ASFALTADA;NULL;NULL;NULL;NULL;EN PROCESO DE INVESTIGACIÓN;NO CUENTA CON CAUSA ESPECIFICA;Avenida Túpac Amaru;14/1/2025;-77.049228
A-2025-01-101;00:00.0;ATROPELLO;1;0;NULL;LIMA;LIMA;SAN JUAN DE LURIGANCHO;URBANA;AVENIDA;URBANO;NO CORRESPONDE;-11.954923;DESPEJADO;COMERCIAL;INTERSECCIÓN;PLANA ;ASFALTADA;NULL;NULL;NULL;NULL;EN PROCESO DE INVESTIGACIÓN;NO CUENTA CON CAUSA ESPECIFICA;Avenida Central;14/1/2025;-76.982785
A-2025-01-14;00:00.0;CHOQUE;1;0;2;LIMA;HUARAL;CHANCAY;URBANA;CARRETERA;NACIONAL;PE-1N;-11.493811;DESPEJADO;ESCOLAR;INTERSECCIÓN;PLANA ;ASFALTADA;SI;PREVENTIVA (P);REGULADORA (R);NO;EN PROCESO DE INVESTIGACIÓN;NO CUENTA CON CAUSA ESPECIFICA;Carretera Panamericana Norte;14/1/2025;-77.303635
A-2025-01-102;10:00.0;DESPISTE;1;0;NULL;LIMA;LIMA;ATE;URBANA;AVENIDA;URBANO;NO CORRESPONDE;-12.064299;DESPEJADO;INDUSTRIAL;INTERSECCIÓN;PLANA ;ASFALTADA;NULL;NULL;NULL;NULL;EN PROCESO DE INVESTIGACIÓN;NO CUENTA CON CAUSA ESPECIFICA;Avenida Separadora Industrial;15/1/2025;-76.971601
A-2025-01-103;45:00.0;ATROPELLO;1;0;NULL;LIMA;LIMA;PUEBLO LIBRE;URBANA;AVENIDA;URBANO;NO CORRESPONDE;-12.07965;DESPEJADO;RESIDENCIAL;INTERSECCIÓN;PLANA ;ASFALTADA;NULL;NULL;NULL;NULL;EN PROCESO DE INVESTIGACIÓN;NO CUENTA CON CAUSA ESPECIFICA;Avenida Manuel Cipriano Dulanto;15/1/2025;-77.061249
A-2025-01-15;20:00.0;CHOQUE;1;1;3;PUNO;CHUCUITO;ZEPITA;RURAL;CARRETERA;NACIONAL;PE-3S;-16.545919;DESPEJADO;RURAL;TRAMO RECTO;PLANA ;ASFALTADA;NULL;NULL;NULL;NULL;IMPRUDENCIA DEL CONDUCTOR;CONDUCIR EN ESTADO DE EBRIEDAD Y/O DROGADICCIÓN;Carretera Longitudinal de la Sierra Sur;15/1/2025;-69.052539
A-2025-01-95;50:00.0;DESPISTE;1;0;NULL;CUSCO;CANCHIS;CHECACUPE;URBANA;CALLE;URBANO;NO CORRESPONDE;-14.025484;DESPEJADO;RESIDENCIAL;TRAMO RECTO;PLANA ;CONCRETO;NULL;NULL;NULL;NULL;IMPRUDENCIA DEL CONDUCTOR;CONDUCIR EN ESTADO DE EBRIEDAD Y/O DROGADICCIÓN;Checacupe;16/1/2025;-71.456402
A-2025-01-107;00:00.0;ATROPELLO;1;0;NULL;CUSCO;LA CONVENCION;QUELLOUNO;RURAL;CARRETERA;PROVINCIAL;CU-772;-12.636747;DESPEJADO;RURAL;TRAMO RECTO;PLANA ;AFIRMADO;NULL;NULL;NULL;NULL;IMPRUDENCIA DEL CONDUCTOR;FATIGA Y/O CANSANCIO;Chintapata;16/1/2025;-72.4692
A-2025-01-104;40:00.0;ATROPELLO;1;0;NULL;LIMA;LIMA;SAN JUAN DE LURIGANCHO;URBANA;AVENIDA;URBANO;NO CORRESPONDE;-12.02772;DESPEJADO;RESIDENCIAL;TRAMO RECTO;PLANA ;ASFALTADA;NO;NULL;NULL;SI;EN PROCESO DE INVESTIGACIÓN;NO CUENTA CON CAUSA ESPECIFICA;Avenida Próceres de la Independencia;16/1/2025;-77.011331
A-2025-01-105;38:00.0;CHOQUE FUGA;1;0;NULL;LIMA;LIMA;LOS OLIVOS;URBANA;CARRETERA;NACIONAL;PE-1N;-11.969666;DESPEJADO;COMERCIAL;TRAMO RECTO;PLANA ;ASFALTADA;NULL;NULL;NULL;NULL;EN PROCESO DE INVESTIGACIÓN;NO CUENTA CON CAUSA ESPECIFICA;Avenida Panamericana Norte;16/1/2025;-77.067331
A-2025-01-111;50:00.0;DESPISTE;1;0;NULL;LIMA;LIMA;LOS OLIVOS;URBANA;CARRETERA;NACIONAL;PE-20F;-11.963981;DESPEJADO;RESIDENCIAL;INTERSECCIÓN;PLANA ;ASFALTADA;NULL;NULL;NULL;NULL;EN PROCESO DE INVESTIGACIÓN;NO CUENTA CON CAUSA ESPECIFICA;Avenida Canta Callao;17/1/2025;-77.083303
A-2025-01-112;30:00.0;DESPISTE;1;0;NULL;LIMA;LIMA;LURIGANCHO;URBANA;AVENIDA;URBANO;NO CORRESPONDE;-12.01597;DESPEJADO;INDUSTRIAL;TRAMO RECTO;PLANA ;ASFALTADA;NULL;NULL;NULL;NULL;EN PROCESO DE INVESTIGACIÓN;NO CUENTA CON CAUSA ESPECIFICA;Avenida Circunvalación;18/1/2025;-76.91107
A-2022-09-128;10:00.0;ATROPELLO;1;0;1;CUSCO;CUSCO;SAN JERONIMO;URBANA;CARRETERA;PROVINCIAL;CU-1297;-13.550736;DESPEJADO;INDUSTRIAL;CURVA;PLANA ;TROCHA;NULL;NULL;NULL;NULL;EN PROCESO DE INVESTIGACIÓN;NO CUENTA CON CAUSA ESPECIFICA;San Jerónimo;26/9/2022;-71.896232
A-2022-09-195;30:00.0;ATROPELLO;1;0;NULL;LIMA;LIMA;LOS OLIVOS;URBANA;CARRETERA;NACIONAL;PE-1N;-11.937325;DESPEJADO;COMERCIAL;TRAMO RECTO;PLANA ;ASFALTADA;NULL;NULL;NULL;NULL;EN PROCESO DE INVESTIGACIÓN;NO CUENTA CON CAUSA ESPECIFICA;Avenida Panamericana Norte;26/9/2022;-77.071838
A-2022-09-214;30:00.0;DESPISTE;1;0;NULL;CAJAMARCA;CUTERVO;SOCOTA;RURAL;CARRETERA;PROVINCIAL;CA-807;-6.309768;SOLEADO;RURAL;TRAMO RECTO;INCLINADA;AFIRMADO;NULL;NULL;NULL;NULL;EN PROCESO DE INVESTIGACIÓN;NO CUENTA CON CAUSA ESPECIFICA;CA-807;26/9/2022;-78.731268
A-2022-09-264;05:00.0;ATROPELLO;1;0;NULL;JUNIN;CHANCHAMAYO;CHANCHAMAYO;URBANA;CARRETERA;NACIONAL;PE-22B;-11.055139;SOLEADO;COMERCIAL;INTERSECCIÓN;PLANA ;ASFALTADA;NULL;NULL;NULL;NULL;IMPRUDENCIA DEL CONDUCTOR;EXCESO DE VELOCIDAD;Avenida Fray Jeronimo Jiménez;26/9/2022;-75.325071
A-2022-09-111;20:00.0;CHOQUE CON OBJETO FIJO;1;3;1;PUNO;EL COLLAO;ILAVE;RURAL;CARRETERA;PROVINCIAL;PU-1161;-16.023256;DESPEJADO;RURAL;CURVA;PLANA ;ASFALTADA;NULL;NULL;NULL;NULL;IMPRUDENCIA DEL CONDUCTOR;CONDUCIR EN ESTADO DE EBRIEDAD Y/O DROGADICCIÓN;Ilave;26/9/2022;-69.46735
A-2022-09-268;00:00.0;CHOQUE;1;1;2;TACNA;TARATA;TARATA;RURAL;CARRETERA;NACIONAL;PE-38;-17.486377;DESPEJADO;RURAL;CURVA;INCLINADA;ASFALTADA;NULL;NULL;NULL;NULL;IMPRUDENCIA DEL CONDUCTOR;EXCESO DE VELOCIDAD;Carretera Tacna - Tarata;27/9/2022;-70.035351
A-2022-09-121;25:00.0;DESPISTE;2;2;1;ANCASH;SIHUAS;SIHUAS;RURAL;CARRETERA;NACIONAL;PE-12A;-8.55417;DESPEJADO;RURAL;CURVA;PLANA ;ASFALTADA;NULL;NULL;NULL;NULL;EN PROCESO DE INVESTIGACIÓN;NO CUENTA CON CAUSA ESPECIFICA;Avenida 28 de Julio;27/9/2022;-77.632311
A-2022-09-122;00:00.0;DESPISTE;3;10;1;CUSCO;CALCA;LARES;RURAL;CARRETERA;PROVINCIAL;CU-709;-13.022108;DESPEJADO;RURAL;CURVA;PLANA ;TROCHA;NULL;NULL;NULL;NULL;NEGLIGENCIA DEL CONDUCTOR;CONDUCIR CON FALLAS DE FRENOS;Lares;27/9/2022;-72.021209
A-2022-09-170;15:00.0;CHOQUE;1;1;2;AMAZONAS;BAGUA;BAGUA;URBANA;AVENIDA;URBANO;NO CORRESPONDE;-5.64237;DESPEJADO;RESIDENCIAL;TRAMO RECTO;PLANA ;ASFALTADA;NULL;NULL;NULL;NULL;EN PROCESO DE INVESTIGACIÓN;NO CUENTA CON CAUSA ESPECIFICA;Avenida Agropecuaria;27/9/2022;-78.528944
A-2022-09-270;00:00.0;DESPISTE;3;0;1;LIMA;CAJATAMBO;CAJATAMBO;RURAL;CARRETERA;NACIONAL;PE-16A;-10.539394;DESPEJADO;RURAL;CURVA;PLANA ;AFIRMADO;NULL;NULL;NULL;NULL;IMPRUDENCIA DEL CONDUCTOR;FATIGA Y/O CANSANCIO;PE-16A;28/9/2022;-76.922278
A-2022-09-108;20:00.0;ATROPELLO;1;2;1;LAMBAYEQUE;CHICLAYO;LA VICTORIA;URBANA;CARRETERA;NACIONAL;PE-1N;-6.800802;DESPEJADO;RESIDENCIAL;TRAMO RECTO;PLANA ;ASFALTADA;NULL;NULL;NULL;NULL;EN PROCESO DE INVESTIGACIÓN;NO CUENTA CON CAUSA ESPECIFICA;Avenida Gran Chimú;28/9/2022;-79.85263
A-2022-09-125;15:00.0;DESPISTE;1;2;1;CUSCO;PAUCARTAMBO;COLQUEPATA;RURAL;CARRETERA;PROVINCIAL;CU-1051;-13.384019;DESPEJADO;RURAL;CURVA;INCLINADA;TROCHA;NULL;NULL;NULL;NULL;IMPRUDENCIA DEL CONDUCTOR;EXCESO DE VELOCIDAD;CU-1051;28/9/2022;-71.672428
A-2022-09-162;40:00.0;CHOQUE;1;0;NULL;ANCASH;SANTA;NUEVO CHIMBOTE;URBANA;AVENIDA;URBANO;NO CORRESPONDE;-9.116872;DESPEJADO;COMERCIAL;INTERSECCIÓN;PLANA ;ASFALTADA;NULL;NULL;NULL;NULL;IMPRUDENCIA DEL CONDUCTOR;EXCESO DE VELOCIDAD;Nuevo Chimbote;28/9/2022;-78.539967
A-2022-09-126;30:00.0;DESPISTE;1;2;1;ANCASH;HUARI;HUARI;RURAL;CARRETERA;SIN CLASIFICAR;SIN CLASIFICAR;-9.350031;NUBLADO;RURAL;TRAMO RECTO;INCLINADA;CONCRETO;NULL;NULL;NULL;NULL;EN PROCESO DE INVESTIGACIÓN;NO CUENTA CON CAUSA ESPECIFICA;Ampas;28/9/2022;-77.18242
A-2022-09-265;20:00.0;CHOQUE;1;2;NULL;PASCO;OXAPAMPA;CHONTABAMBA;RURAL;CARRETERA;DEPARTAMENTAL;PA-106;-10.603234;SOLEADO;RURAL;CURVA;PLANA ;ASFALTADA;NO;NULL;NULL;SI;IMPRUDENCIA DEL CONDUCTOR;OTRO (IMPRUDENCIA DEL CONDUCTOR);PA-106;28/9/2022;-75.419522
A-2022-09-112;30:00.0;CHOQUE FUGA;1;0;2;PUNO;EL COLLAO;ILAVE;RURAL;CARRETERA;NACIONAL;PE-3S;-16.074654;DESPEJADO;RURAL;TRAMO RECTO;PLANA ;ASFALTADA;NULL;NULL;NULL;NULL;IMPRUDENCIA DEL CONDUCTOR;EXCESO DE VELOCIDAD;Carretera Longitudinal de la Sierra Sur;28/9/2022;-69.665917
A-2022-09-227;30:00.0;DESPISTE;1;0;1;HUANUCO;HUANUCO;SANTA MARIA DEL VALLE;RURAL;CARRETERA;NACIONAL;PE-18A;-9.88042;DESPEJADO;RURAL;TRAMO RECTO;PLANA ;AFIRMADO;NULL;NULL;NULL;NULL;IMPRUDENCIA DEL CONDUCTOR;EXCESO DE VELOCIDAD;Carretera Central;28/9/2022;-76.191392