CÓDIGO SINIESTRO;HORA SINIESTRO;CLASE SINIESTRO;CANTIDAD DE FALLECIDOS;CANTIDAD DE LESIONADOS;CANTIDAD DE VEHICULOS DAÑADOS;DEPARTAMENTO;PROVINCIA;DISTRITO;ZONA;TIPO DE VÍA;RED VIAL;COD CARRETERA;COORDENADAS LATITUD;CONDICIÓN CLIMÁTICA;ZONIFICACIÓN;CARACTERÍSTICAS DE VÍA;PERFIL LONGITUDINAL VÍA;SUPERFICIE DE CALZADA;¿EXISTE SEÑAL VERTICAL?;CLASIFICACIÓN DE LA SEÑAL VERTICAL Nº 1;CLASIFICACIÓN DE LA SEÑAL VERTICAL Nº 2;¿EXISTE SEÑAL HORIZONTAL?;CAUSA FACTOR PRINCIPAL;CAUSA ESPECÍFICA;UBICACION;FECHA SINIESTRO;COORDENADAS LONGITUD
A-2022-09-260;40:00.0;CHOQUE;1;1;NULL;LORETO;MAYNAS;SAN JUAN BAUTISTA;URBANA;CARRETERA;DEPARTAMENTAL;LO-103;-3.777923;DESPEJADO;COMERCIAL;TRAMO RECTO;PLANA ;ASFALTADA;NULL;NULL;NULL;NULL;IMPRUDENCIA DEL CONDUCTOR;ADELANTAR INDEBIDAMENTE;Avenida José Abelardo Quiñones;28/9/2022;-73.29214
A-2022-09-191;10:00.0;DESPISTE;1;3;1;CAJAMARCA;CAJAMARCA;CAJAMARCA;URBANA;CARRETERA;NACIONAL;PE-08;-7.145457;DESPEJADO;RESIDENCIAL;CURVA;PLANA ;ASFALTADA;SI;PREVENTIVA (P);REGULADORA (R);SI;EN PROCESO DE INVESTIGACIÓN;NO CUENTA CON CAUSA ESPECIFICA;Avenida Vía de Evitamiento Norte;29/9/2022;-78.517004
A-2022-09-118;29:00.0;VOLCADURA;4;15;1;CUSCO;QUISPICANCHI;QUIQUIJANA;RURAL;CARRETERA;NACIONAL;PE-3S;-13.779691;DESPEJADO;RURAL;CURVA;PLANA ;ASFALTADA;NULL;NULL;NULL;NULL;IMPRUDENCIA DEL CONDUCTOR;EXCESO DE VELOCIDAD;Carretera Longitudinal de la Sierra Sur;29/9/2022;-71.572125
A-2022-09-127;30:00.0;DESPISTE;5;12;1;CUSCO;QUISPICANCHI;URCOS;RURAL;CARRETERA;NACIONAL;PE-30C;-13.682981;DESPEJADO;RURAL;CURVA;INCLINADA;ASFALTADA;SI;PREVENTIVA (P);PREVENTIVA (P);NO;IMPRUDENCIA DEL CONDUCTOR;EXCESO DE VELOCIDAD;Carretera Interocéanica Sur;29/9/2022;-71.601747
A-2022-09-269;45:00.0;CHOQUE;1;0;2;TACNA;JORGE BASADRE;ITE;RURAL;CARRETERA;NACIONAL;PE-1SD;-17.890043;DESPEJADO;RURAL;TRAMO RECTO;PLANA ;ASFALTADA;NULL;NULL;NULL;NULL;IMPRUDENCIA DEL CONDUCTOR;EXCESO DE VELOCIDAD;Carretera Costanera Sur;30/9/2022;-70.979877
A-2022-09-266;00:00.0;DESPISTE;1;0;1;TACNA;TACNA;TACNA;URBANA;AVENIDA;URBANO;NO CORRESPONDE;-18.017491;DESPEJADO;COMERCIAL;TRAMO RECTO;PLANA ;ASFALTADA;NULL;NULL;NULL;NULL;IMPRUDENCIA DEL CONDUCTOR;CONDUCIR EN ESTADO DE EBRIEDAD Y/O DROGADICCIÓN;Avenida Miguel Grau;30/9/2022;-70.254189
A-2022-09-194;25:00.0;CHOQUE;3;0;2;CAJAMARCA;JAEN;POMAHUACA;RURAL;CARRETERA;NACIONAL;PE-3N;-5.927889;DESPEJADO;RURAL;CURVA;INCLINADA;ASFALTADA;NO;NULL;NULL;SI;EN PROCESO DE INVESTIGACIÓN;NO CUENTA CON CAUSA ESPECIFICA;Carretera Presidente Fernando Belaúnde Terry;30/9/2022;-79.301348
A-2022-09-262;50:00.0;ATROPELLO;1;0;1;ICA;CHINCHA;CHINCHA BAJA;RURAL;CARRETERA;NACIONAL;PE-1SE;-13.497164;DESPEJADO;RURAL;TRAMO RECTO;PLANA ;ASFALTADA;NULL;NULL;NULL;NULL;EN PROCESO DE INVESTIGACIÓN;NO CUENTA CON CAUSA ESPECIFICA;Hacienda Santa Rosa;30/9/2022;-76.140254
A-2022-10-146;30:00.0;CHOQUE;1;1;NULL;LIMA;LIMA;CIENEGUILLA;RURAL;AVENIDA;URBANO;NO CORRESPONDE;-12.127823;SOLEADO;RURAL;TRAMO RECTO;PLANA ;ASFALTADA;NULL;NULL;NULL;NULL;EN PROCESO DE INVESTIGACIÓN;NO CUENTA CON CAUSA ESPECIFICA;Avenida Nueva Toledo;1/10/2022;-76.820591
A-2022-10-175;30:00.0;ATROPELLO FUGA;1;0;1;PIURA;SECHURA;VICE;RURAL;CARRETERA;NACIONAL;PE-1NK;-5.48795;DESPEJADO;RURAL;TRAMO RECTO;PLANA ;ASFALTADA;NULL;NULL;NULL;NULL;IMPRUDENCIA DEL PEATÓN;ESTADO DE EBRIEDAD Y/O DROGADICCIÓN;Carretera Piura - Sechura;1/10/2022;-80.823417
A-2022-10-124;00:00.0;CHOQUE;1;1;NULL;LIMA;BARRANCA;PATIVILCA;RURAL;CARRETERA;NACIONAL;PE-16A;-10.66644;DESPEJADO;RURAL;TRAMO RECTO;PLANA ;ASFALTADA;NULL;NULL;NULL;NULL;EN PROCESO DE INVESTIGACIÓN;NO CUENTA CON CAUSA ESPECIFICA;Carretera Barranca - Ocros;1/10/2022;-77.736418
A-2022-10-200;00:00.0;CHOQUE;1;7;2;JUNIN;CHANCHAMAYO;PICHANAQUI;RURAL;CARRETERA;NACIONAL;PE-5S;-10.933269;DESPEJADO;RURAL;TRAMO RECTO;PLANA ;ASFALTADA;NULL;NULL;NULL;NULL;IMPRUDENCIA DEL CONDUCTOR;EXCESO DE VELOCIDAD;Carretera Longitudinal de la Selva Sur;1/10/2022;-74.867304
A-2022-10-3;20:00.0;ATROPELLO;1;0;1;ICA;ICA;SALAS;URBANA;CARRETERA;NACIONAL;PE-1S;-14.000404;SOLEADO;RESIDENCIAL;TRAMO RECTO;PLANA ;ASFALTADA;NULL;NULL;NULL;NULL;EN PROCESO DE INVESTIGACIÓN;NO CUENTA CON CAUSA ESPECIFICA;Carretera Panamericana Sur;1/10/2022;-75.76811
A-2022-10-198;40:00.0;DESPISTE;3;2;1;ICA;CHINCHA;TAMBO DE MORA;RURAL;CARRETERA;NACIONAL;PE-1SE;-13.420192;DESPEJADO;RURAL;TRAMO RECTO;PLANA ;ASFALTADA;NULL;NULL;NULL;NULL;IMPRUDENCIA DEL CONDUCTOR;FATIGA Y/O CANSANCIO;Carretera Panamericana Sur;1/10/2022;-76.187642
A-2022-10-202;40:00.0;CHOQUE;1;0;NULL;JUNIN;SATIPO;SATIPO;RURAL;CARRETERA;NACIONAL;PE-24A;-11.261781;DESPEJADO;RURAL;TRAMO RECTO;PLANA ;CONCRETO;NULL;NULL;NULL;NULL;IMPRUDENCIA DEL CONDUCTOR;INVASIÓN DE CARRIL;Avenida Micaela Bastidas;1/10/2022;-74.637872
A-2022-10-13;09:00.0;ATROPELLO;1;0;1;AREQUIPA;AREQUIPA;MIRAFLORES;URBANA;CALLE;URBANO;NO CORRESPONDE;-16.398576;DESPEJADO;COMERCIAL;TRAMO RECTO;PLANA ;ASFALTADA;NULL;NULL;NULL;NULL;EN PROCESO DE INVESTIGACIÓN;NO CUENTA CON CAUSA ESPECIFICA;Calle Espinar;1/10/2022;-71.519627
A-2022-10-158;30:00.0;ATROPELLO;1;0;1;PIURA;PIURA;PIURA;URBANA;AVENIDA;URBANO;NO CORRESPONDE;-5.18377;DESPEJADO;COMERCIAL;TRAMO RECTO;PLANA ;ASFALTADA;NULL;NULL;NULL;NULL;IMPRUDENCIA DEL PEATÓN;OTRO (IMPRUDENCIA DEL PEATÓN);Avenida Mártires de Uchuraccay;2/10/2022;-80.631468
A-2022-10-61;50:00.0;ATROPELLO;1;0;1;LA LIBERTAD;ASCOPE;CHICAMA;RURAL;CARRETERA;NACIONAL;PE-1NF;-7.832513;DESPEJADO;RURAL;TRAMO RECTO;PLANA ;AFIRMADO;NULL;NULL;NULL;NULL;EN PROCESO DE INVESTIGACIÓN;NO CUENTA CON CAUSA ESPECIFICA;Carretera Chicama - Casa Grande;2/10/2022;-79.149217
A-2022-10-4;00:00.0;CHOQUE;1;0;2;ICA;NASCA;NASCA;URBANA;CARRETERA;NACIONAL;PE-1S;-14.987139;SOLEADO;COMERCIAL;CURVA;PLANA ;ASFALTADA;NULL;NULL;NULL;NULL;EN PROCESO DE INVESTIGACIÓN;NO CUENTA CON CAUSA ESPECIFICA;Carretera Panamericana Sur;2/10/2022;-74.995683
A-2022-10-176;45:00.0;VOLCADURA;1;1;NULL;JUNIN;HUANCAYO;CULLHUAS;RURAL;CARRETERA;NACIONAL;PE-3S;-12.2073;DESPEJADO;RURAL;CURVA;INCLINADA;ASFALTADA;NO;NULL;NULL;SI;IMPRUDENCIA DEL CONDUCTOR;OTRO (IMPRUDENCIA DEL CONDUCTOR);Carretera Longitudinal de la Sierra Sur;2/10/2022;-75.173784
A-2022-10-219;00:00.0;DESPISTE;1;4;1;HUANCAVELICA;CHURCAMPA;LOCROJA;RURAL;CARRETERA;PROVINCIAL;HV-730;-12.703873;DESPEJADO;RURAL;CURVA;INCLINADA;AFIRMADO;SI;PREVENTIVA (P);REGULADORA (R);NO;IMPRUDENCIA DEL CONDUCTOR;EXCESO DE VELOCIDAD;San Antonio;2/10/2022;-74.436193
A-2022-10-100;00:00.0;DESPISTE;1;0;1;LAMBAYEQUE;CHICLAYO;PICSI;RURAL;CARRETERA;NACIONAL;PE-06A;-6.741198;DESPEJADO;RURAL;CURVA;PLANA ;ASFALTADA;NULL;NULL;NULL;NULL;EN PROCESO DE INVESTIGACIÓN;NO CUENTA CON CAUSA ESPECIFICA;Tumán;2/10/2022;-79.716182
A-2022-10-62;30:00.0;CHOQUE;1;33;2;LA LIBERTAD;ASCOPE;CHICAMA;RURAL;CARRETERA;NACIONAL;PE-1NF;-7.832145;DESPEJADO;RURAL;TRAMO RECTO;PLANA ;ASFALTADA;NULL;NULL;NULL;NULL;IMPRUDENCIA DEL CONDUCTOR;NO ESTABLECER EL DERECHO DE PASO;Carretera Chicama - Casa Grande;2/10/2022;-79.149068
A-2022-10-16;30:00.0;ATROPELLO;1;0;NULL;CUSCO;LA CONVENCION;MARANURA;RURAL;CARRETERA;NACIONAL;PE-28B;-12.95637;DESPEJADO;RURAL;TRAMO RECTO;PLANA ;ASFALTADA;NULL;NULL;NULL;NULL;IMPRUDENCIA DEL CONDUCTOR;EXCESO DE VELOCIDAD;PE-28B;2/10/2022;-72.673611
A-2022-10-144;30:00.0;ATROPELLO;1;0;NULL;LIMA;LIMA;CHORRILLOS;URBANA;AVENIDA;URBANO;NO CORRESPONDE;-12.182793;DESPEJADO;COMERCIAL;TRAMO RECTO;PLANA ;ASFALTADA;NULL;NULL;NULL;NULL;EN PROCESO DE INVESTIGACIÓN;NO CUENTA CON CAUSA ESPECIFICA;Avenida Guardia Civil Sur;3/10/2022;-76.999849
A-2022-10-68;00:00.0;ATROPELLO;1;0;1;LA LIBERTAD;TRUJILLO;TRUJILLO;URBANA;AVENIDA;URBANO;NO CORRESPONDE;-8.129605;DESPEJADO;COMERCIAL;TRAMO RECTO;PLANA ;ASFALTADA;NULL;NULL;NULL;NULL;IMPRUDENCIA DEL PEATÓN;ESTADO DE EBRIEDAD Y/O DROGADICCIÓN;Avenida la Marina;3/10/2022;-79.021337
A-2022-10-41;00:00.0;CHOQUE;1;1;2;PASCO;PASCO;YANACANCHA;URBANA;CARRETERA;NACIONAL;PE-3N;-10.542374;DESPEJADO;RURAL;TRAMO RECTO;PLANA ;ASFALTADA;NULL;NULL;NULL;NULL;EN PROCESO DE INVESTIGACIÓN;NO CUENTA CON CAUSA ESPECIFICA;Carretera Longitudinal de la Sierra Norte;3/10/2022;-76.189799
A-2022-10-7;40:00.0;ATROPELLO FUGA;1;0;1;TUMBES;ZARUMILLA;MATAPALO;RURAL;CARRETERA;DEPARTAMENTAL;TU-101;-3.678658;DESPEJADO;RURAL;CURVA;INCLINADA;ASFALTADA;NULL;NULL;NULL;NULL;EN PROCESO DE INVESTIGACIÓN;NO CUENTA CON CAUSA ESPECIFICA;TU-101;3/10/2022;-80.196441
A-2022-10-143;00:00.0;DESPISTE;1;0;NULL;LIMA;LIMA;PUNTA HERMOSA;URBANA;CARRETERA;NACIONAL;PE-1S;-12.331771;NULL;NULL;NULL;NULL;NULL;NULL;NULL;NULL;NULL;EN PROCESO DE INVESTIGACIÓN;NO CUENTA CON CAUSA ESPECIFICA;Carretera Panamericana Sur;3/10/2022;-76.821078
A-2022-10-14;08:00.0;DESPISTE;1;0;1;AREQUIPA;CAYLLOMA;CALLALLI;URBANA;AVENIDA;URBANO;NO CORRESPONDE;-15.504957;DESPEJADO;RESIDENCIAL;CURVA;INCLINADA;EMPEDRADO;NULL;NULL;NULL;NULL;EN PROCESO DE INVESTIGACIÓN;NO CUENTA CON CAUSA ESPECIFICA;Callalli;3/10/2022;-71.436949
A-2022-10-5;20:00.0;CHOQUE;3;4;4;ICA;PISCO;HUMAY;RURAL;CARRETERA;NACIONAL;PE-28A;-13.728955;DESPEJADO;RURAL;TRAMO RECTO;PLANA ;ASFALTADA;NULL;NULL;NULL;NULL;EN PROCESO DE INVESTIGACIÓN;NO CUENTA CON CAUSA ESPECIFICA;Vía de los Libertadores;3/10/2022;-75.910783
A-2022-10-8;40:00.0;CHOQUE;1;0;2;TUMBES;TUMBES;CORRALES;RURAL;CARRETERA;NACIONAL;PE-1N;-3.609504;DESPEJADO;RURAL;TRAMO RECTO;PLANA ;ASFALTADA;NULL;NULL;NULL;NULL;IMPRUDENCIA DEL CONDUCTOR;CONDUCIR EN ESTADO DE EBRIEDAD Y/O DROGADICCIÓN;Carretera Panamericana Norte;3/10/2022;-80.50652
A-2022-10-142;30:00.0;ATROPELLO;1;0;NULL;LIMA;LIMA;LA MOLINA;URBANA;CARRETERA;DEPARTAMENTAL;LM-117;-12.08593;DESPEJADO;RESIDENCIAL;TRAMO RECTO;PLANA ;ASFALTADA;NULL;NULL;NULL;NULL;EN PROCESO DE INVESTIGACIÓN;NO CUENTA CON CAUSA ESPECIFICA;Calle Samoa;4/10/2022;-76.897988
A-2022-10-197;00:00.0;CHOQUE;1;2;NULL;MADRE DE DIOS;TAMBOPATA;TAMBOPATA;URBANA;AVENIDA;URBANO;NO CORRESPONDE;-12.584593;NULL;NULL;NULL;NULL;NULL;NULL;NULL;NULL;NULL;EN PROCESO DE INVESTIGACIÓN;NO CUENTA CON CAUSA ESPECIFICA;Pedro de Miguel;4/10/2022;-69.191509
A-2022-10-6;30:00.0;CHOQUE;1;0;1;SAN MARTIN;RIOJA;RIOJA;RURAL;CARRETERA;NACIONAL;PE-5N;-6.050985;DESPEJADO;RURAL;TRAMO RECTO;PLANA ;ASFALTADA;NULL;NULL;NULL;NULL;NEGLIGENCIA DEL CONDUCTOR;OTRO (NEGLIGENCIA DEL CONDUCTOR);Carretera Presidente Fernando Belaúnde Terry;4/10/2022;-77.151191
A-2022-10-2;20:00.0;ATROPELLO FUGA;1;0;NULL;PUNO;CHUCUITO;ZEPITA;RURAL;CARRETERA;NACIONAL;PE-36A;-16.569788;DESPEJADO;RURAL;TRAMO RECTO;PLANA ;ASFALTADA;NULL;NULL;NULL;NULL;EN PROCESO DE INVESTIGACIÓN;NO CUENTA CON CAUSA ESPECIFICA;Carretera Binacional;4/10/2022;-69.257153
A-2022-10-182;00:00.0;CHOQUE;1;0;2;PIURA;SULLANA;MARCAVELICA;URBANA;CARRETERA;PROVINCIAL;PI-535;-4.877;DESPEJADO;RURAL;OTRO;INCLINADA;AFIRMADO;NULL;NULL;NULL;NULL;IMPRUDENCIA DEL CONDUCTOR;OTRO (IMPRUDENCIA DEL CONDUCTOR);PI-535;5/10/2022;-80.8
A-2022-10-11;10:00.0;CHOQUE;1;1;2;SAN MARTIN;RIOJA;ELIAS SOPLIN VARGAS;URBANA;CARRETERA;NACIONAL;PE-5N;-5.990655;DESPEJADO;ESCOLAR;TRAMO RECTO;PLANA ;ASFALTADA;NULL;NULL;NULL;NULL;IMPRUDENCIA DEL CONDUCTOR;OTRO (IMPRUDENCIA DEL CONDUCTOR);Segunda Jerusalén;6/10/2022;-77.281353
A-2022-10-12;45:00.0;CHOQUE;1;2;2;PUNO;PUNO;PAUCARCOLLA;RURAL;CARRETERA;NACIONAL;PE-3S;-15.737767;DESPEJADO;RURAL;TRAMO RECTO;PLANA ;ASFALTADA;NULL;NULL;NULL;NULL;IMPRUDENCIA DEL CONDUCTOR;OTRO (IMPRUDENCIA DEL CONDUCTOR);Carretera Longitudinal de la Sierra Sur;6/10/2022;-70.056594
A-2022-10-208;15:00.0;CHOQUE;1;0;NULL;UCAYALI;CORONEL PORTILLO;CAMPOVERDE;RURAL;CARRETERA;NACIONAL;PE-18C;-8.458604;DESPEJADO;RURAL;TRAMO RECTO;PLANA ;ASFALTADA;NULL;NULL;NULL;NULL;IMPRUDENCIA DEL CONDUCTOR;CONDUCIR EN ESTADO DE EBRIEDAD Y/O DROGADICCIÓN;Carretera Federico Basadre;6/10/2022;-74.784945
A-2022-10-17;30:00.0;DESPISTE;1;0;1;AREQUIPA;AREQUIPA;SANTA ISABEL DE SIGUAS;URBANA;CARRETERA;PROVINCIAL;AR-730;-16.342576;DESPEJADO;RESIDENCIAL;TRAMO RECTO;PLANA ;AFIRMADO;NULL;NULL;NULL;NULL;EN PROCESO DE INVESTIGACIÓN;NO CUENTA CON CAUSA ESPECIFICA;AR-730;7/10/2022;-72.12579
A-2022-10-216;35:00.0;CHOQUE;1;0;NULL;PIURA;PIURA;CASTILLA;RURAL;CARRETERA;DEPARTAMENTAL;PI-126;-5.100632;DESPEJADO;RURAL;TRAMO RECTO;PLANA ;AFIRMADO;NULL;NULL;NULL;NULL;EN PROCESO DE INVESTIGACIÓN;NO CUENTA CON CAUSA ESPECIFICA;Carretera Tambo Grande - Piura;7/10/2022;-80.596911
A-2022-10-43;10:00.0;DESPISTE;1;4;1;PUNO;HUANCANE;HUANCANE;RURAL;CARRETERA;NACIONAL;PE-34H;-15.197497;DESPEJADO;RURAL;TRAMO RECTO;PLANA ;ASFALTADA;NULL;NULL;NULL;NULL;IMPRUDENCIA DEL CONDUCTOR;ADELANTAR INDEBIDAMENTE;PE-34H;7/10/2022;-69.833798
A-2022-10-106;00:00.0;ATROPELLO;1;0;0;APURIMAC;ANDAHUAYLAS;SANTA MARIA DE CHICMO;URBANA;AVENIDA;URBANO;NO CORRESPONDE;-13.64757;DESPEJADO;RESIDENCIAL;TRAMO RECTO;INCLINADA;AFIRMADO;NULL;NULL;NULL;NULL;IMPERICIA DEL CONDUCTOR;NULL;Taramba;7/10/2022;-73.500326
A-2022-10-42;00:00.0;CHOQUE;3;8;2;PUNO;SAN ROMAN;CABANA;RURAL;CARRETERA;NACIONAL;PE-34A;-15.573443;DESPEJADO;RURAL;TRAMO RECTO;PLANA ;ASFALTADA;NULL;NULL;NULL;NULL;IMPRUDENCIA DEL CONDUCTOR;EXCESO DE VELOCIDAD;Héroes de La Guerra del Pacífico;7/10/2022;-70.255525
A-2022-10-94;30:00.0;DESPISTE;1;0;1;TACNA;TARATA;ESTIQUE;RURAL;CARRETERA;NACIONAL;PE-38;-17.624558;DESPEJADO;RURAL;CURVA;INCLINADA;ASFALTADA;NULL;NULL;NULL;NULL;IMPRUDENCIA DEL CONDUCTOR;OTRO (IMPRUDENCIA DEL CONDUCTOR);Carretera Tacna - Tarata;8/10/2022;-70.063216
A-2022-10-39;00:00.0;CHOQUE;3;0;2;PASCO;PASCO;YANACANCHA;URBANA;CARRETERA;NACIONAL;PE-3N;-10.625679;DESPEJADO;COMERCIAL;CURVA;INCLINADA;ASFALTADA;SI;REGULADORA (R);NULL;SI;IMPRUDENCIA DEL CONDUCTOR;EXCESO DE VELOCIDAD;Carretera Longitudinal de la Sierra Norte;8/10/2022;-76.175449
A-2022-10-171;30:00.0;ATROPELLO;1;0;NULL;LORETO;MAYNAS;SAN JUAN BAUTISTA;URBANA;CARRETERA;DEPARTAMENTAL;LO-103;-4.091875;DESPEJADO;RURAL;TRAMO RECTO;PLANA ;ASFALTADA;NULL;NULL;NULL;NULL;IMPRUDENCIA DEL PEATÓN;ESTADO DE EBRIEDAD Y/O DROGADICCIÓN;Ex Petroleros;8/10/2022;-73.454826
A-2022-10-9;00:00.0;ATROPELLO;1;0;NULL;PUNO;PUNO;ACORA;RURAL;CARRETERA;NACIONAL;PE-3S;-15.97023;DESPEJADO;RURAL;TRAMO RECTO;PLANA ;ASFALTADA;NULL;NULL;NULL;NULL;IMPRUDENCIA DEL PEATÓN;CRUCE INDEBIDO POR LA CALZADA;Ácora;8/10/2022;-69.799618
A-2022-10-139;00:00.0;ATROPELLO;1;0;NULL;LIMA;LIMA;SAN JUAN DE MIRAFLORES;URBANA;CARRETERA;NACIONAL;PE-1S;-12.184129;DESPEJADO;COMERCIAL;TRAMO RECTO;PLANA ;ASFALTADA;NULL;NULL;NULL;NULL;EN PROCESO DE INVESTIGACIÓN;NO CUENTA CON CAUSA ESPECIFICA;Avenida Panamericana Sur;9/10/2022;-76.975032
A-2022-10-63;00:00.0;ATROPELLO FUGA;2;0;NULL;ANCASH;SANTA;SANTA;URBANA;CARRETERA;NACIONAL;PE-1N;-8.98506;DESPEJADO;RESIDENCIAL;TRAMO RECTO;PLANA ;ASFALTADA;NULL;NULL;NULL;NULL;EN PROCESO DE INVESTIGACIÓN;NO CUENTA CON CAUSA ESPECIFICA;Panamericana Norte;9/10/2022;-78.617104
A-2022-10-69;10:00.0;DESPISTE;1;1;1;LA LIBERTAD;SANCHEZ CARRION;CHUGAY;RURAL;CARRETERA;NACIONAL;PE-10C;-7.819402;DESPEJADO;RURAL;CURVA;PLANA ;TROCHA;NULL;NULL;NULL;NULL;EN PROCESO DE INVESTIGACIÓN;NO CUENTA CON CAUSA ESPECIFICA;PE-10C;9/10/2022;-77.883862
A-2022-10-194;30:00.0;CHOQUE FUGA;1;0;NULL;MADRE DE DIOS;TAMBOPATA;INAMBARI;NULL;CARRETERA;NACIONAL;PE-30C;-12.908503;NULL;NULL;NULL;NULL;NULL;NULL;NULL;NULL;NULL;EN PROCESO DE INVESTIGACIÓN;NO CUENTA CON CAUSA ESPECIFICA;Interoceánica Sur;9/10/2022;-69.917314
A-2022-10-174;50:00.0;VOLCADURA;1;0;NULL;JUNIN;HUANCAYO;PUCARA;RURAL;CARRETERA;NACIONAL;PE-3SC;-12.18702;DESPEJADO;RURAL;CURVA;INCLINADA;ASFALTADA;NULL;NULL;NULL;NULL;IMPRUDENCIA DEL CONDUCTOR;CONDUCIR EN ESTADO DE EBRIEDAD Y/O DROGADICCIÓN;PE-3SC;9/10/2022;-75.137475
A-2022-10-38;30:00.0;DESPISTE;1;0;1;CUSCO;LA CONVENCION;ECHARATE;RURAL;CARRETERA;SIN CLASIFICAR;SIN CLASIFICAR;-12.648293;DESPEJADO;RURAL;OTRO;PLANA ;TROCHA;NULL;NULL;NULL;NULL;IMPRUDENCIA DEL CONDUCTOR;CONDUCIR EN ESTADO DE EBRIEDAD Y/O DROGADICCIÓN;Echarate;9/10/2022;-72.564212
A-2022-10-10;32:00.0;CHOQUE FUGA;1;0;NULL;PUNO;YUNGUYO;YUNGUYO;URBANA;CARRETERA;DEPARTAMENTAL;PU-130;-16.248909;DESPEJADO;RURAL;TRAMO RECTO;PLANA ;ASFALTADA;NULL;NULL;NULL;NULL;EN PROCESO DE INVESTIGACIÓN;NO CUENTA CON CAUSA ESPECIFICA;Avenida Circunvalación;9/10/2022;-69.10053
A-2022-10-119;10:00.0;ATROPELLO;1;0;1;LIMA;HUAURA;VEGUETA;URBANA;CARRETERA;NACIONAL;PE-1N;-10.942244;DESPEJADO;COMERCIAL;TRAMO RECTO;PLANA ;ASFALTADA;SI;REGULADORA (R);PREVENTIVA (P);NO;EN PROCESO DE INVESTIGACIÓN;NO CUENTA CON CAUSA ESPECIFICA;Carretera Panamericana Norte;9/10/2022;-77.647741
A-2022-10-217;19:00.0;ATROPELLO FUGA;1;0;NULL;LIMA;LIMA;SAN JUAN DE LURIGANCHO;URBANA;CARRETERA;NACIONAL;PE-22;-12.022452;DESPEJADO;RESIDENCIAL;TRAMO RECTO;PLANA ;ASFALTADA;NULL;NULL;NULL;NULL;EN PROCESO DE INVESTIGACIÓN;NO CUENTA CON CAUSA ESPECIFICA;Autopista Ramiro Prialé;9/10/2022;-76.958858
A-2022-10-103;00:00.0;CHOQUE;1;4;2;LAMBAYEQUE;CHICLAYO;CHONGOYAPE;RURAL;CARRETERA;NACIONAL;PE-06A;-6.689955;DESPEJADO;RURAL;TRAMO RECTO;PLANA ;ASFALTADA;NULL;NULL;NULL;NULL;EN PROCESO DE INVESTIGACIÓN;NO CUENTA CON CAUSA ESPECIFICA;PE-06A;10/10/2022;-79.464688
A-2022-10-111;00:00.0;CHOQUE;1;0;1;CAJAMARCA;JAEN;JAEN;URBANA;CARRETERA;NACIONAL;PE-5N;-5.704708;DESPEJADO;RESIDENCIAL;TRAMO RECTO;PLANA ;ASFALTADA;NULL;NULL;NULL;NULL;EN PROCESO DE INVESTIGACIÓN;NO CUENTA CON CAUSA ESPECIFICA;Avenida Pakamuros;10/10/2022;-78.804157
A-2022-10-137;00:00.0;ATROPELLO;1;0;NULL;LIMA;LIMA;LURIGANCHO;RURAL;AVENIDA;URBANO;NO CORRESPONDE;-11.996909;SOLEADO;RURAL;INTERSECCIÓN;PLANA ;TROCHA;NULL;NULL;NULL;NULL;EN PROCESO DE INVESTIGACIÓN;NO CUENTA CON CAUSA ESPECIFICA;Calle Nieveria;10/10/2022;-76.917091
A-2022-10-136;20:00.0;ATROPELLO;1;0;NULL;LIMA;LIMA;MIRAFLORES;URBANA;AVENIDA;URBANO;NO CORRESPONDE;-12.130524;DESPEJADO;RESIDENCIAL;TRAMO RECTO;PLANA ;ASFALTADA;NULL;NULL;NULL;NULL;EN PROCESO DE INVESTIGACIÓN;NO CUENTA CON CAUSA ESPECIFICA;Avenida Tejada;10/10/2022;-77.019541
A-2022-10-138;40:00.0;ATROPELLO;1;0;NULL;LIMA;LIMA;LOS OLIVOS;URBANA;AVENIDA;URBANO;NO CORRESPONDE;-11.948609;DESPEJADO;COMERCIAL;INTERSECCIÓN;PLANA ;ASFALTADA;NULL;NULL;NULL;NULL;EN PROCESO DE INVESTIGACIÓN;NO CUENTA CON CAUSA ESPECIFICA;Avenida 2 de Octubre;10/10/2022;-77.080604
A-2022-10-177;00:00.0;ATROPELLO;1;0;NULL;JUNIN;HUANCAYO;EL TAMBO;URBANA;CARRETERA;NACIONAL;PE-3S;-12.056469;DESPEJADO;COMERCIAL;TRAMO RECTO;PLANA ;ASFALTADA;NULL;NULL;NULL;NULL;IMPRUDENCIA DEL PEATÓN;OTRO (IMPRUDENCIA DEL PEATÓN);Avenida Huancavelica;10/10/2022;-75.223212
A-2022-10-112;20:00.0;ATROPELLO;1;0;NULL;AYACUCHO;HUAMANGA;AYACUCHO;URBANA;AVENIDA;URBANO;NO CORRESPONDE;-13.156716;DESPEJADO;RESIDENCIAL;TRAMO RECTO;PLANA ;ASFALTADA;NULL;NULL;NULL;NULL;IMPRUDENCIA DEL CONDUCTOR;NO DAR PASO PREFERENTE AL PEATÓN;Avenida Perú;10/10/2022;-74.231785