CÓDIGO SINIESTRO;HORA SINIESTRO;CLASE SINIESTRO;CANTIDAD DE FALLECIDOS;CANTIDAD DE LESIONADOS;CANTIDAD DE VEHICULOS DAÑADOS;DEPARTAMENTO;PROVINCIA;DISTRITO;ZONA;TIPO DE VÍA;RED VIAL;COD CARRETERA;COORDENADAS LATITUD;CONDICIÓN CLIMÁTICA;ZONIFICACIÓN;CARACTERÍSTICAS DE VÍA;PERFIL LONGITUDINAL VÍA;SUPERFICIE DE CALZADA;¿EXISTE SEÑAL VERTICAL?;CLASIFICACIÓN DE LA SEÑAL VERTICAL Nº 1;CLASIFICACIÓN DE LA SEÑAL VERTICAL Nº 2;¿EXISTE SEÑAL HORIZONTAL?;CAUSA FACTOR PRINCIPAL;CAUSA ESPECÍFICA;UBICACION;FECHA SINIESTRO;COORDENADAS LONGITUD
A-2022-10-108;35:00.0;DESPISTE;1;1;1;LAMBAYEQUE;LAMBAYEQUE;MOCHUMI;RURAL;CARRETERA;PROVINCIAL;LA-610;-6.534099;DESPEJADO;RURAL;TRAMO RECTO;PLANA ;TROCHA;NULL;NULL;NULL;NULL;EN PROCESO DE INVESTIGACIÓN;NO CUENTA CON CAUSA ESPECIFICA;Mochumí;10/10/2022;-79.85112
A-2022-10-95;50:00.0;ATROPELLO;1;0;1;TACNA;TACNA;ALTO DE LA ALIANZA;URBANA;CARRETERA;NACIONAL;PE-38;-17.988221;DESPEJADO;COMERCIAL;TRAMO RECTO;PLANA ;ASFALTADA;NULL;NULL;NULL;NULL;IMPRUDENCIA DEL CONDUCTOR;OTRO (IMPRUDENCIA DEL CONDUCTOR);Avenida Tarata;10/10/2022;-70.249818
A-2022-10-64;00:00.0;ATROPELLO FUGA;1;0;NULL;ANCASH;CASMA;COMANDANTE NOEL;RURAL;CARRETERA;NACIONAL;PE-1N;-9.421862;DESPEJADO;RURAL;TRAMO RECTO;PLANA ;ASFALTADA;NULL;NULL;NULL;NULL;EN PROCESO DE INVESTIGACIÓN;NO CUENTA CON CAUSA ESPECIFICA;Panamericana Norte;11/10/2022;-78.366077
A-2022-10-70;20:00.0;DESPISTE;1;0;1;LA LIBERTAD;VIRU;GUADALUPITO;RURAL;CARRETERA;NACIONAL;PE-1N;-8.928135;DESPEJADO;RURAL;TRAMO RECTO;PLANA ;ASFALTADA;NULL;NULL;NULL;NULL;IMPRUDENCIA DEL CONDUCTOR;EXCESO DE VELOCIDAD;Panamericana Norte;11/10/2022;-78.635667
A-2022-10-91;00:00.0;CHOQUE;1;0;1;TACNA;TACNA;INCLAN;RURAL;CARRETERA;PROVINCIAL;TA-604;-17.791013;DESPEJADO;RURAL;TRAMO RECTO;PLANA ;ASFALTADA;NULL;NULL;NULL;NULL;IMPRUDENCIA DEL CONDUCTOR;OTRO (IMPRUDENCIA DEL CONDUCTOR);TA-604;11/10/2022;-70.517441
A-2022-10-167;00:00.0;CHOQUE;2;1;2;JUNIN;JAUJA;CURICACA;RURAL;CARRETERA;NACIONAL;PE-3S;-11.764219;DESPEJADO;RURAL;CURVA;INCLINADA;ASFALTADA;SI;REGULADORA (R);NULL;SI;IMPRUDENCIA DEL CONDUCTOR;ADELANTAR INDEBIDAMENTE;Carretera Longitudinal de la Sierra Sur;11/10/2022;-75.711394
A-2022-10-44;12:00.0;CHOQUE;2;1;2;PUNO;SAN ROMAN;CARACOTO;RURAL;CARRETERA;NACIONAL;PE-3S;-15.545404;DESPEJADO;RURAL;TRAMO RECTO;PLANA ;ASFALTADA;NULL;NULL;NULL;NULL;IMPRUDENCIA DEL CONDUCTOR;GIRAR IMPRUDENTEMENTE;Carretera Longitudinal de la Sierra Sur;11/10/2022;-70.110545
A-2022-10-180;00:00.0;CHOQUE;1;0;2;PIURA;PIURA;TAMBO GRANDE;RURAL;CARRETERA;NACIONAL;PE-1NL;-4.836175;DESPEJADO;RURAL;TRAMO RECTO;PLANA ;ASFALTADA;NULL;NULL;NULL;NULL;IMPRUDENCIA DEL CONDUCTOR;INVASIÓN DE CARRIL;Carretera Panamericana;11/10/2022;-80.292839
A-2022-10-195;00:00.0;CHOQUE;1;0;2;MADRE DE DIOS;TAMBOPATA;TAMBOPATA;URBANA;CARRETERA;PROVINCIAL;MD-560;-12.567469;DESPEJADO;RESIDENCIAL;TRAMO RECTO;PLANA ;TROCHA;NULL;NULL;NULL;NULL;EN PROCESO DE INVESTIGACIÓN;NO CUENTA CON CAUSA ESPECIFICA;Otilia;12/10/2022;-69.199298
A-2022-10-121;00:00.0;ATROPELLO;1;0;0;CALLAO;CALLAO;CALLAO;URBANA;CARRETERA;NACIONAL;PE-20;-12.056458;DESPEJADO;RESIDENCIAL;TRAMO RECTO;PLANA ;CONCRETO;NO;NULL;NULL;SI;IMPRUDENCIA DEL PEATÓN;CRUCE INDEBIDO POR LA CALZADA;Calle Manco Capac;12/10/2022;-77.14457
A-2022-10-135;20:00.0;CHOQUE;1;2;NULL;LIMA;LIMA;VILLA MARIA DEL TRIUNFO;URBANA;AVENIDA;URBANO;NO CORRESPONDE;-12.145118;DESPEJADO;COMERCIAL;INTERSECCIÓN;PLANA ;ASFALTADA;NULL;NULL;NULL;NULL;EN PROCESO DE INVESTIGACIÓN;NO CUENTA CON CAUSA ESPECIFICA;Avenida Jose de San Martin;12/10/2022;-76.953102
A-2022-10-153;40:00.0;ATROPELLO;1;1;NULL;PIURA;PIURA;CASTILLA;URBANA;AVENIDA;URBANO;NO CORRESPONDE;-5.191115;DESPEJADO;RURAL;TRAMO RECTO;PLANA ;AFIRMADO;NULL;NULL;NULL;NULL;EN PROCESO DE INVESTIGACIÓN;NO CUENTA CON CAUSA ESPECIFICA;Jirón las Cidras;12/10/2022;-80.618108
A-2022-10-109;50:00.0;CHOQUE;1;0;3;LAMBAYEQUE;LAMBAYEQUE;LAMBAYEQUE;URBANA;CARRETERA;NACIONAL;PE-1N;-6.702839;DESPEJADO;RESIDENCIAL;INTERSECCIÓN;PLANA ;ASFALTADA;NULL;NULL;NULL;NULL;EN PROCESO DE INVESTIGACIÓN;NO CUENTA CON CAUSA ESPECIFICA;Panamericana Norte;13/10/2022;-79.902704
A-2022-10-149;00:00.0;CHOQUE;1;1;2;PIURA;PIURA;PIURA;URBANA;AVENIDA;URBANO;NO CORRESPONDE;-5.200539;DESPEJADO;RURAL;TRAMO RECTO;PLANA ;ASFALTADA;NULL;NULL;NULL;NULL;EN PROCESO DE INVESTIGACIÓN;NO CUENTA CON CAUSA ESPECIFICA;Avenida Circunvalación;13/10/2022;-80.631988
A-2022-10-203;00:00.0;VOLCADURA;1;0;NULL;JUNIN;SATIPO;MAZAMARI;RURAL;CARRETERA;NACIONAL;PE-5S;-11.334265;DESPEJADO;RURAL;CURVA;INCLINADA;TROCHA;NULL;NULL;NULL;NULL;IMPRUDENCIA DEL CONDUCTOR;FATIGA Y/O CANSANCIO;Carretera Longitudinal de la Selva Sur;13/10/2022;-74.511155
A-2022-10-154;00:00.0;DESPISTE;1;0;NULL;PIURA;PIURA;PIURA;URBANA;AVENIDA;URBANO;NO CORRESPONDE;-5.180545;DESPEJADO;RURAL;TRAMO RECTO;PLANA ;AFIRMADO;NULL;NULL;NULL;NULL;EN PROCESO DE INVESTIGACIÓN;NO CUENTA CON CAUSA ESPECIFICA;Avenida Ramón Mugica;13/10/2022;-80.631048
A-2022-10-165;00:00.0;DESPISTE;3;2;1;JUNIN;JAUJA;JANJAILLO;RURAL;CARRETERA;PROVINCIAL;JU-690;-11.755389;DESPEJADO;RURAL;CURVA;INCLINADA;TROCHA;NULL;NULL;NULL;NULL;IMPRUDENCIA DEL CONDUCTOR;EXCESO DE VELOCIDAD;JU-690;14/10/2022;-75.605817
A-2022-10-173;40:00.0;CHOQUE;2;0;2;JUNIN;HUANCAYO;SAN AGUSTIN;URBANA;CARRETERA;NACIONAL;PE-3S;-12.016419;DESPEJADO;INDUSTRIAL;TRAMO RECTO;INCLINADA;ASFALTADA;NULL;NULL;NULL;NULL;IMPRUDENCIA DEL CONDUCTOR;CONDUCIR EN ESTADO DE EBRIEDAD Y/O DROGADICCIÓN;Carretera Longitudinal de la Sierra Sur;14/10/2022;-75.243433
A-2022-10-71;20:00.0;DESPISTE;5;1;1;LA LIBERTAD;SANCHEZ CARRION;SARTIMBAMBA;RURAL;CARRETERA;PROVINCIAL;LI-852;-7.585258;DESPEJADO;RURAL;TRAMO RECTO;PLANA ;TROCHA;NULL;NULL;NULL;NULL;EN PROCESO DE INVESTIGACIÓN;NO CUENTA CON CAUSA ESPECIFICA;La Victoria;14/10/2022;-77.778588
A-2022-10-107;45:00.0;DESPISTE;1;0;1;APURIMAC;CHINCHEROS;HUACCANA;URBANA;CARRETERA;NACIONAL;PE-3S;-13.489784;DESPEJADO;RESIDENCIAL;CURVA;PLANA ;ASFALTADA;SI;REGULADORA (R);PREVENTIVA (P);SI;IMPRUDENCIA DEL CONDUCTOR;FATIGA Y/O CANSANCIO;Carretera Longitudinal de la Sierra Sur;14/10/2022;-73.813201
A-2022-10-181;50:00.0;DESPISTE;1;0;1;PIURA;SULLANA;IGNACIO ESCUDERO;RURAL;CARRETERA;NACIONAL;PE-1N;-4.796715;SOLEADO;RURAL;TRAMO RECTO;PLANA ;ASFALTADA;NULL;NULL;NULL;NULL;INFRAESTRUCTURA Y ENTORNO VIAL;ABANDONO DE OBJETOS EN LA VÍA;Carretera Panamericana Norte;14/10/2022;-80.940598
A-2022-10-104;30:00.0;CHOQUE;1;7;2;LAMBAYEQUE;LAMBAYEQUE;MORROPE;RURAL;CARRETERA;NACIONAL;PE-1N;-6.431456;DESPEJADO;RURAL;TRAMO RECTO;PLANA ;ASFALTADA;NULL;NULL;NULL;NULL;EN PROCESO DE INVESTIGACIÓN;NO CUENTA CON CAUSA ESPECIFICA;Carretera Panamericana Norte;14/10/2022;-80.16011
A-2022-10-92;00:00.0;CHOQUE;3;1;3;TACNA;TACNA;POCOLLAY;URBANA;CARRETERA;NACIONAL;PE-40;-17.995516;SOLEADO;RESIDENCIAL;INTERSECCIÓN;INCLINADA;ASFALTADA;NO;NULL;NULL;SI;IMPRUDENCIA DEL CONDUCTOR;OTRO (IMPRUDENCIA DEL CONDUCTOR);Avenida Celestino Vargas;15/10/2022;-70.221094
A-2022-10-209;30:00.0;CHOQUE;1;0;2;UCAYALI;PADRE ABAD;NESHUYA;RURAL;CARRETERA;DEPARTAMENTAL;UC-102;-8.606224;DESPEJADO;RURAL;TRAMO RECTO;INCLINADA;ASFALTADA;NULL;NULL;NULL;NULL;IMPRUDENCIA DEL CONDUCTOR;OTRO (IMPRUDENCIA DEL CONDUCTOR);Carretera Neshuya - Curimaná;15/10/2022;-74.99472
A-2022-10-159;00:00.0;CHOQUE;1;0;1;PIURA;MORROPON;CHULUCANAS;RURAL;CARRETERA;NACIONAL;PE-1NR;-5.129888;DESPEJADO;RURAL;TRAMO RECTO;PLANA ;ASFALTADA;NULL;NULL;NULL;NULL;IMPRUDENCIA DEL CONDUCTOR;GIRAR IMPRUDENTEMENTE;PE-1NR;15/10/2022;-80.120564
A-2022-10-54;50:00.0;ATROPELLO FUGA;1;0;NULL;PUNO;PUNO;PUNO;URBANA;AVENIDA;URBANO;NO CORRESPONDE;-15.847074;DESPEJADO;ESCOLAR;TRAMO RECTO;PLANA ;ASFALTADA;NO;NULL;NULL;SI;IMPRUDENCIA DEL CONDUCTOR;OTRO (IMPRUDENCIA DEL CONDUCTOR);Avenida Simón Bolívar;15/10/2022;-70.017711
A-2022-10-134;30:00.0;ATROPELLO;1;0;NULL;LIMA;LIMA;PUNTA HERMOSA;URBANA;AVENIDA;URBANO;NO CORRESPONDE;-12.330117;DESPEJADO;INDUSTRIAL;TRAMO RECTO;PLANA ;ASFALTADA;NULL;NULL;NULL;NULL;EN PROCESO DE INVESTIGACIÓN;NO CUENTA CON CAUSA ESPECIFICA;Antigua Panamericana Sur;15/10/2022;-76.823101
A-2022-10-204;00:00.0;CHOQUE;1;1;NULL;JUNIN;CHANCHAMAYO;CHANCHAMAYO;URBANA;CARRETERA;NACIONAL;PE-22B;-11.067801;DESPEJADO;COMERCIAL;TRAMO RECTO;PLANA ;ASFALTADA;NULL;NULL;NULL;NULL;IMPRUDENCIA DEL CONDUCTOR;OTRO (IMPRUDENCIA DEL CONDUCTOR);Avenida Perú;16/10/2022;-75.33676
A-2022-10-72;00:00.0;DESPISTE;1;0;1;LA LIBERTAD;ASCOPE;SANTIAGO DE CAO;RURAL;CARRETERA;PROVINCIAL;LI-667;-7.961996;DESPEJADO;RURAL;TRAMO RECTO;PLANA ;ASFALTADA;NULL;NULL;NULL;NULL;EN PROCESO DE INVESTIGACIÓN;NO CUENTA CON CAUSA ESPECIFICA;Carretera Chiquitoy - Santiago de Cao;16/10/2022;-79.21729
A-2022-10-18;30:00.0;CHOQUE;1;1;2;CUSCO;QUISPICANCHI;URCOS;RURAL;CARRETERA;NACIONAL;PE-3S;-13.731879;DESPEJADO;RURAL;CURVA;PLANA ;ASFALTADA;SI;PREVENTIVA (P);NULL;SI;IMPRUDENCIA DEL CONDUCTOR;CONDUCIR EN ESTADO DE EBRIEDAD Y/O DROGADICCIÓN;Carretera Longitudinal de la Sierra Sur;16/10/2022;-71.600637
A-2022-10-24;15:00.0;CHOQUE;1;1;2;SAN MARTIN;RIOJA;RIOJA;RURAL;CARRETERA;NACIONAL;PE-5N;-6.040358;DESPEJADO;RURAL;TRAMO RECTO;PLANA ;ASFALTADA;NULL;NULL;NULL;NULL;IMPRUDENCIA DEL CONDUCTOR;OTRO (IMPRUDENCIA DEL CONDUCTOR);Carretera Presidente Fernando Belaúnde Terry;16/10/2022;-77.190356
A-2022-10-65;00:00.0;DESPISTE;3;2;NULL;ANCASH;CASMA;CASMA;RURAL;CARRETERA;NACIONAL;PE-1N;-9.770923;DESPEJADO;RURAL;TRAMO RECTO;PLANA ;ASFALTADA;SI;REGULADORA (R);NULL;NO;EN PROCESO DE INVESTIGACIÓN;NO CUENTA CON CAUSA ESPECIFICA;Panamericana Norte;16/10/2022;-78.234891
A-2022-10-172;20:00.0;DESPISTE;1;2;NULL;JUNIN;YAULI;MOROCOCHA;RURAL;CARRETERA;NACIONAL;PE-22;-11.599837;DESPEJADO;RURAL;TRAMO RECTO;PLANA ;ASFALTADA;NO;NULL;NULL;SI;IMPRUDENCIA DEL CONDUCTOR;OTRO (IMPRUDENCIA DEL CONDUCTOR);Carretera Central;16/10/2022;-76.173188
A-2022-10-30;40:00.0;CHOQUE;1;1;2;CUSCO;CHUMBIVILCAS;COLQUEMARCA;RURAL;CARRETERA;DEPARTAMENTAL;CU-119;-14.284698;DESPEJADO;RURAL;TRAMO RECTO;PLANA ;ASFALTADA;NULL;NULL;NULL;NULL;IMPRUDENCIA DEL CONDUCTOR;INVASIÓN DE CARRIL;CU-119;16/10/2022;-72.038057
A-2022-10-97;30:00.0;DESPISTE;1;0;NULL;APURIMAC;AYMARAES;COTARUSE;RURAL;CARRETERA;NACIONAL;PE-30A;-14.501666;NULL;NULL;NULL;NULL;NULL;NULL;NULL;NULL;NULL;EN PROCESO DE INVESTIGACIÓN;NO CUENTA CON CAUSA ESPECIFICA;Carretera Nasca - Abancay;16/10/2022;-73.256168
A-2022-10-78;00:00.0;VOLCADURA;1;5;1;LA LIBERTAD;VIRU;CHAO;RURAL;CARRETERA;DEPARTAMENTAL;LI-122;-8.482039;DESPEJADO;RURAL;TRAMO RECTO;PLANA ;AFIRMADO;NULL;NULL;NULL;NULL;EN PROCESO DE INVESTIGACIÓN;NO CUENTA CON CAUSA ESPECIFICA;LI-122;16/10/2022;-78.41339
A-2022-10-20;07:00.0;CHOQUE;1;1;2;AREQUIPA;CAYLLOMA;MAJES;RURAL;CARRETERA;NACIONAL;PE-1S;-16.426715;DESPEJADO;RURAL;TRAMO RECTO;PLANA ;ASFALTADA;NO;NULL;NULL;SI;EN PROCESO DE INVESTIGACIÓN;NO CUENTA CON CAUSA ESPECIFICA;Carretera Panamericana Sur;16/10/2022;-72.260806
A-2022-10-74;25:00.0;ATROPELLO;1;0;1;LA LIBERTAD;VIRU;CHAO;RURAL;CARRETERA;NACIONAL;PE-1N;-8.508694;DESPEJADO;RURAL;TRAMO RECTO;PLANA ;ASFALTADA;NULL;NULL;NULL;NULL;IMPRUDENCIA DEL PEATÓN;CRUCE INDEBIDO POR LA CALZADA;Panamericana Norte;16/10/2022;-78.687557
A-2022-10-73;30:00.0;DESPISTE;1;0;1;LA LIBERTAD;TRUJILLO;LAREDO;RURAL;CARRETERA;NACIONAL;PE-10A;-8.105557;DESPEJADO;RURAL;TRAMO RECTO;PLANA ;ASFALTADA;NULL;NULL;NULL;NULL;IMPRUDENCIA DEL CONDUCTOR;DESACATO DE SEÑAL DE TRÁNSITO;Carretera Industrial;16/10/2022;-78.99335
A-2022-10-21;40:00.0;CHOQUE;1;0;1;CUSCO;PAUCARTAMBO;COLQUEPATA;RURAL;CARRETERA;PROVINCIAL;CU-1049;-13.388132;DESPEJADO;RURAL;TRAMO RECTO;INCLINADA;AFIRMADO;NULL;NULL;NULL;NULL;NEGLIGENCIA DEL CONDUCTOR;OTRO (NEGLIGENCIA DEL CONDUCTOR);CU-1049;16/10/2022;-71.618089
A-2022-10-75;30:00.0;DESPISTE;1;0;1;LA LIBERTAD;OTUZCO;MACHE;URBANA;CARRETERA;DEPARTAMENTAL;LI-119;-8.033388;DESPEJADO;COMERCIAL;TRAMO RECTO;PLANA ;ASFALTADA;NULL;NULL;NULL;NULL;EN PROCESO DE INVESTIGACIÓN;NO CUENTA CON CAUSA ESPECIFICA;LI-119;16/10/2022;-78.535377
A-2022-10-110;30:00.0;CHOQUE FUGA;1;3;1;LAMBAYEQUE;LAMBAYEQUE;MOCHUMI;RURAL;CARRETERA;NACIONAL;PE-1NJ;-6.578591;DESPEJADO;RURAL;TRAMO RECTO;PLANA ;ASFALTADA;NULL;NULL;NULL;NULL;EN PROCESO DE INVESTIGACIÓN;NO CUENTA CON CAUSA ESPECIFICA;Carretera Lambayeque - Olmos;17/10/2022;-79.874682
A-2022-10-29;30:00.0;ATROPELLO;1;1;1;CUSCO;ANTA;ZURITE;RURAL;CARRETERA;NACIONAL;PE-3S;-13.489435;DESPEJADO;RURAL;TRAMO RECTO;PLANA ;ASFALTADA;SI;REGULADORA (R);PREVENTIVA (P);SI;IMPRUDENCIA DEL CONDUCTOR;EXCESO DE VELOCIDAD;Tambo Real;17/10/2022;-72.240523
A-2022-10-45;30:00.0;DESPISTE;1;0;1;ANCASH;HUARI;HUANTAR;RURAL;CARRETERA;DEPARTAMENTAL;AN-110;-9.473791;DESPEJADO;RURAL;CURVA;INCLINADA;ASFALTADA;NULL;NULL;NULL;NULL;IMPERICIA DEL CONDUCTOR;NULL;Puente Véliz;17/10/2022;-77.141362
A-2022-10-117;30:00.0;CAÍDA DE PASAJERO;1;0;NULL;CALLAO;CALLAO;VENTANILLA;URBANA;AVENIDA;URBANO;NO CORRESPONDE;-11.91824;LLUVIOSO;COMERCIAL;TRAMO RECTO;PLANA ;ASFALTADA;NULL;NULL;NULL;NULL;IMPRUDENCIA DEL CONDUCTOR;EXCESO DE VELOCIDAD;Ventanilla;18/10/2022;-77.139304
A-2022-10-79;20:00.0;DESPISTE;2;1;1;LA LIBERTAD;SANCHEZ CARRION;COCHORCO;RURAL;CARRETERA;NACIONAL;PE-10C;-7.778838;DESPEJADO;RURAL;TRAMO RECTO;PLANA ;TROCHA;NULL;NULL;NULL;NULL;IMPRUDENCIA DEL CONDUCTOR;INVASIÓN DE CARRIL;PE-10C;18/10/2022;-77.76138
A-2022-10-210;00:00.0;ATROPELLO;1;0;NULL;UCAYALI;CORONEL PORTILLO;CALLERIA;URBANA;CARRETERA;NACIONAL;PE-18C;-8.384031;DESPEJADO;COMERCIAL;TRAMO RECTO;PLANA ;EMPEDRADO;NULL;NULL;NULL;NULL;IMPRUDENCIA DEL PEATÓN;OTRO (IMPRUDENCIA DEL PEATÓN);Centenario;18/10/2022;-74.54604
A-2022-10-55;10:00.0;ATROPELLO;1;0;1;PUNO;PUNO;ACORA;RURAL;CARRETERA;NACIONAL;PE-3S;-15.961153;DESPEJADO;RURAL;TRAMO RECTO;PLANA ;ASFALTADA;NULL;NULL;NULL;NULL;IMPRUDENCIA DEL PEATÓN;CRUCE INDEBIDO POR LA CALZADA;Carretera Longitudinal de la Sierra Sur;18/10/2022;-69.815691
A-2022-10-133;45:00.0;DESPISTE;1;0;NULL;LIMA;LIMA;SAN MARTIN DE PORRES;URBANA;AVENIDA;URBANO;NO CORRESPONDE;-12.00789;NULL;NULL;NULL;NULL;NULL;NULL;NULL;NULL;NULL;EN PROCESO DE INVESTIGACIÓN;NO CUENTA CON CAUSA ESPECIFICA;Ciclovía Universitaria;18/10/2022;-77.082345
A-2022-10-188;10:00.0;DESPISTE;1;4;1;ICA;ICA;SALAS;RURAL;CARRETERA;NACIONAL;PE-1S;-14.000555;DESPEJADO;RURAL;TRAMO RECTO;PLANA ;ASFALTADA;NULL;NULL;NULL;NULL;EN PROCESO DE INVESTIGACIÓN;NO CUENTA CON CAUSA ESPECIFICA;Cerro Prieto;19/10/2022;-75.76814
A-2022-10-156;28:00.0;CHOQUE CON OBJETO FIJO;1;2;1;MOQUEGUA;MARISCAL NIETO;TORATA;RURAL;CARRETERA;PROVINCIAL;MO-579;-17.07944;DESPEJADO;RURAL;TRAMO RECTO;INCLINADA;ASFALTADA;SI;PREVENTIVA (P);NULL;NO;IMPRUDENCIA DEL CONDUCTOR;EXCESO DE VELOCIDAD;Coronel La Torre;19/10/2022;-70.848384
A-2022-10-80;00:00.0;DESPISTE;1;0;1;LA LIBERTAD;TRUJILLO;LA ESPERANZA;URBANA;AVENIDA;URBANO;NO CORRESPONDE;-8.084083;DESPEJADO;COMERCIAL;TRAMO RECTO;PLANA ;ASFALTADA;NULL;NULL;NULL;NULL;IMPRUDENCIA DEL CONDUCTOR;OTRO (IMPRUDENCIA DEL CONDUCTOR);Avenida José Gabriel Condorcanqui;20/10/2022;-79.044085
A-2022-10-196;42:00.0;CHOQUE;1;1;NULL;LORETO;MAYNAS;IQUITOS;URBANA;CARRETERA;NACIONAL;PE-5NI;-3.743774;DESPEJADO;COMERCIAL;TRAMO RECTO;PLANA ;ASFALTADA;NULL;NULL;NULL;NULL;IMPRUDENCIA DEL CONDUCTOR;INVASIÓN DE CARRIL;Jirón La Condamine;20/10/2022;-73.242429
A-2022-10-205;50:00.0;CHOQUE;1;0;NULL;JUNIN;SATIPO;RIO NEGRO;RURAL;CARRETERA;NACIONAL;PE-5S;-11.197667;DESPEJADO;RURAL;TRAMO RECTO;PLANA ;ASFALTADA;NULL;NULL;NULL;NULL;IMPRUDENCIA DEL CONDUCTOR;INVASIÓN DE CARRIL;Carretera Longitudinal de la Selva Sur;20/10/2022;-74.66462
A-2022-10-168;50:00.0;CHOQUE;1;0;NULL;JUNIN;CHUPACA;CHUPACA;URBANA;CARRETERA;PROVINCIAL;JU-891;-12.05742;DESPEJADO;RURAL;TRAMO RECTO;PLANA ;ASFALTADA;NO;NULL;NULL;SI;IMPRUDENCIA DEL CONDUCTOR;ADELANTAR INDEBIDAMENTE;Avenida La Eternidad;20/10/2022;-75.272283
A-2022-10-163;00:00.0;ATROPELLO;1;0;1;LORETO;MAYNAS;IQUITOS;URBANA;CALLE;URBANO;NO CORRESPONDE;-3.740354;DESPEJADO;RURAL;TRAMO RECTO;PLANA ;ASFALTADA;NULL;NULL;NULL;NULL;IMPRUDENCIA DEL CONDUCTOR;EXCESO DE VELOCIDAD;Calle Iquitos;20/10/2022;-73.251747
A-2022-10-40;00:00.0;CHOQUE;1;0;2;PASCO;PASCO;CHAUPIMARCA;URBANA;CARRETERA;NACIONAL;PE-3N;-10.716357;DESPEJADO;COMERCIAL;TRAMO RECTO;INCLINADA;ASFALTADA;NULL;NULL;NULL;NULL;EN PROCESO DE INVESTIGACIÓN;NO CUENTA CON CAUSA ESPECIFICA;Carretera Longitudinal de la Sierra Norte;21/10/2022;-76.242585
A-2022-10-132;50:00.0;CHOQUE;7;3;NULL;LIMA;LIMA;PUNTA HERMOSA;URBANA;CARRETERA;NACIONAL;PE-1S;-12.332333;DESPEJADO;RURAL;TRAMO RECTO;PLANA ;ASFALTADA;NULL;NULL;NULL;NULL;EN PROCESO DE INVESTIGACIÓN;NO CUENTA CON CAUSA ESPECIFICA;Carretera Panamericana Sur;21/10/2022;-76.82066
A-2022-10-199;30:00.0;CHOQUE;1;0;2;ICA;CHINCHA;ALTO LARAN;RURAL;CARRETERA;PROVINCIAL;IC-514;-13.453153;DESPEJADO;RURAL;TRAMO RECTO;PLANA ;ASFALTADA;NULL;NULL;NULL;NULL;IMPRUDENCIA DEL CONDUCTOR;INVASIÓN DE CARRIL;Alto Larán;21/10/2022;-76.095876
A-2022-10-123;50:00.0;ATROPELLO;1;0;NULL;CALLAO;CALLAO;CALLAO;URBANA;CARRETERA;NACIONAL;PE-20;-11.95713;DESPEJADO;INDUSTRIAL;TRAMO RECTO;PLANA ;ASFALTADA;SI;REGULADORA (R);NULL;NO;IMPRUDENCIA DEL CONDUCTOR;OTRO (IMPRUDENCIA DEL CONDUCTOR);Avenida Coronel Néstor Gambetta;21/10/2022;-77.128831
A-2022-10-81;45:00.0;CHOQUE;1;0;2;LA LIBERTAD;ASCOPE;CHICAMA;RURAL;CARRETERA;NACIONAL;PE-1NF;-7.634196;DESPEJADO;RURAL;TRAMO RECTO;PLANA ;ASFALTADA;NULL;NULL;NULL;NULL;IMPRUDENCIA DEL CONDUCTOR;OTRO (IMPRUDENCIA DEL CONDUCTOR);Carretera Chicama - Cascas;21/10/2022;-78.939366
A-2022-10-66;50:00.0;ATROPELLO;2;0;NULL;ANCASH;HUARMEY;HUARMEY;RURAL;CARRETERA;NACIONAL;PE-1N;-10.180887;DESPEJADO;RURAL;TRAMO RECTO;PLANA ;ASFALTADA;NULL;NULL;NULL;NULL;EN PROCESO DE INVESTIGACIÓN;NO CUENTA CON CAUSA ESPECIFICA;Panamericana Norte;21/10/2022;-78.070966
A-2022-10-102;00:00.0;DESPISTE;1;2;1;LAMBAYEQUE;LAMBAYEQUE;LAMBAYEQUE;URBANA;CALLE;URBANO;NO CORRESPONDE;-6.70663;DESPEJADO;RESIDENCIAL;TRAMO RECTO;PLANA ;ASFALTADA;NULL;NULL;NULL;NULL;EN PROCESO DE INVESTIGACIÓN;NO CUENTA CON CAUSA ESPECIFICA;José Olaya;21/10/2022;-79.913605
A-2022-10-189;20:00.0;CHOQUE;1;0;2;ICA;PISCO;SAN ANDRES;URBANA;CARRETERA;NACIONAL;PE-1SG;-13.724683;DESPEJADO;COMERCIAL;TRAMO RECTO;PLANA ;ASFALTADA;NULL;NULL;NULL;NULL;EN PROCESO DE INVESTIGACIÓN;NO CUENTA CON CAUSA ESPECIFICA;Avenida Genaro Medrano;22/10/2022;-76.222012
A-2022-10-150;30:00.0;CHOQUE;1;2;4;PIURA;SECHURA;CRISTO NOS VALGA;RURAL;CARRETERA;NACIONAL;PE-1N;-5.547807;DESPEJADO;RURAL;TRAMO RECTO;PLANA ;ASFALTADA;NULL;NULL;NULL;NULL;EN PROCESO DE INVESTIGACIÓN;NO CUENTA CON CAUSA ESPECIFICA;Carretera Panamericana Norte;22/10/2022;-80.584989
A-2022-10-27;00:00.0;DESPISTE;5;0;1;AREQUIPA;CAYLLOMA;MAJES;RURAL;CARRETERA;DEPARTAMENTAL;AR-105;-16.429746;DESPEJADO;RURAL;TRAMO RECTO;PLANA ;ASFALTADA;NULL;NULL;NULL;NULL;EN PROCESO DE INVESTIGACIÓN;NO CUENTA CON CAUSA ESPECIFICA;AR-105;22/10/2022;-72.362379