CÓDIGO SINIESTRO;HORA SINIESTRO;CLASE SINIESTRO;CANTIDAD DE FALLECIDOS;CANTIDAD DE LESIONADOS;CANTIDAD DE VEHICULOS DAÑADOS;DEPARTAMENTO;PROVINCIA;DISTRITO;ZONA;TIPO DE VÍA;RED VIAL;COD CARRETERA;COORDENADAS LATITUD;CONDICIÓN CLIMÁTICA;ZONIFICACIÓN;CARACTERÍSTICAS DE VÍA;PERFIL LONGITUDINAL VÍA;SUPERFICIE DE CALZADA;¿EXISTE SEÑAL VERTICAL?;CLASIFICACIÓN DE LA SEÑAL VERTICAL Nº 1;CLASIFICACIÓN DE LA SEÑAL VERTICAL Nº 2;¿EXISTE SEÑAL HORIZONTAL?;CAUSA FACTOR PRINCIPAL;CAUSA ESPECÍFICA;UBICACION;FECHA SINIESTRO;COORDENADAS LONGITUD
A-2022-10-67;30:00.0;CHOQUE;1;0;NULL;ANCASH;SANTA;NUEVO CHIMBOTE;URBANA;CARRETERA;NACIONAL;PE-1N;-9.146313;DESPEJADO;RESIDENCIAL;TRAMO RECTO;PLANA ;ASFALTADA;NULL;NULL;NULL;NULL;EN PROCESO DE INVESTIGACIÓN;NO CUENTA CON CAUSA ESPECIFICA;Panamericana Norte;22/10/2022;-78.511861
A-2022-10-101;10:00.0;DESPISTE;1;1;1;AMAZONAS;RODRIGUEZ DE MENDOZA;OMIA;RURAL;CARRETERA;SIN CLASIFICAR;SIN CLASIFICAR;-6.413562;DESPEJADO;RURAL;TRAMO RECTO;PLANA ;ASFALTADA;NULL;NULL;NULL;NULL;EN PROCESO DE INVESTIGACIÓN;NO CUENTA CON CAUSA ESPECIFICA;Omia;22/10/2022;-77.360909
A-2022-10-82;15:00.0;ATROPELLO;1;0;1;LA LIBERTAD;TRUJILLO;EL PORVENIR;URBANA;CALLE;URBANO;NO CORRESPONDE;-8.085706;DESPEJADO;COMERCIAL;TRAMO RECTO;PLANA ;ASFALTADA;NULL;NULL;NULL;NULL;IMPRUDENCIA DEL CONDUCTOR;CONDUCIR EN ESTADO DE EBRIEDAD Y/O DROGADICCIÓN;Pasaje María Antonia de Pardo;22/10/2022;-79.010439
A-2022-10-190;40:00.0;CHOQUE;1;0;2;ICA;PISCO;SAN ANDRES;URBANA;CARRETERA;NACIONAL;PE-1SB;-13.712594;DESPEJADO;COMERCIAL;TRAMO RECTO;PLANA ;ASFALTADA;NULL;NULL;NULL;NULL;EN PROCESO DE INVESTIGACIÓN;NO CUENTA CON CAUSA ESPECIFICA;Avenida Fermín Tangüis;22/10/2022;-76.161586
A-2022-10-34;26:00.0;ATROPELLO;1;0;0;CUSCO;CUSCO;WANCHAQ;URBANA;CARRETERA;NACIONAL;PE-3S;-13.533005;DESPEJADO;RESIDENCIAL;TRAMO RECTO;PLANA ;ASFALTADA;SI;PREVENTIVA (P);NULL;NO;IMPRUDENCIA DEL PEATÓN;CRUCE INDEBIDO POR LA CALZADA;Pasaje Miraflores;22/10/2022;-71.958446
A-2022-10-19;40:00.0;DESPISTE;1;0;1;CUSCO;ESPINAR;ESPINAR;URBANA;CARRETERA;NACIONAL;PE-3SK;-14.813696;DESPEJADO;RURAL;TRAMO RECTO;PLANA ;ASFALTADA;NULL;NULL;NULL;NULL;NEGLIGENCIA DEL CONDUCTOR;OTRO (NEGLIGENCIA DEL CONDUCTOR);PE-3SK;22/10/2022;-71.392215
A-2022-10-122;00:00.0;ATROPELLO;1;0;1;CALLAO;CALLAO;CALLAO;URBANA;AVENIDA;URBANO;NO CORRESPONDE;-11.97613;DESPEJADO;INDUSTRIAL;TRAMO RECTO;PLANA ;ASFALTADA;NO;NULL;NULL;SI;IMPRUDENCIA DEL PEATÓN;ESTADO DE EBRIEDAD Y/O DROGADICCIÓN;Avenida Oquendo;22/10/2022;-77.127639
A-2022-10-161;30:00.0;DESPISTE;1;0;1;LAMBAYEQUE;LAMBAYEQUE;OLMOS;RURAL;CARRETERA;PROVINCIAL;PI-938;-5.857127;DESPEJADO;RURAL;TRAMO RECTO;INCLINADA;CASCAJO/RIPIO;NULL;NULL;NULL;NULL;IMPRUDENCIA DEL CONDUCTOR;EXCESO DE VELOCIDAD;Olmos;22/10/2022;-79.651379
A-2022-10-206;00:00.0;VOLCADURA;1;1;1;JUNIN;CHANCHAMAYO;SAN RAMON;RURAL;CARRETERA;DEPARTAMENTAL;JU-104;-11.136181;DESPEJADO;COMERCIAL;INTERSECCIÓN;PLANA ;ASFALTADA;NULL;NULL;NULL;NULL;EN PROCESO DE INVESTIGACIÓN;NO CUENTA CON CAUSA ESPECIFICA;Playa Hermosa;23/10/2022;-75.355053
A-2022-10-26;45:00.0;DESPISTE;1;0;1;SAN MARTIN;MOYOBAMBA;CALZADA;URBANA;CARRETERA;NACIONAL;PE-5N;-6.041973;DESPEJADO;RURAL;CURVA;PLANA ;ASFALTADA;NULL;NULL;NULL;NULL;IMPERICIA DEL CONDUCTOR;NULL;Carretera Presidente Fernando Belaúnde Terry;23/10/2022;-77.132429
A-2022-10-125;00:00.0;ESPECIAL;1;0;NULL;LIMA;BARRANCA;SUPE;URBANA;CALLE;URBANO;NO CORRESPONDE;-10.770895;DESPEJADO;RESIDENCIAL;OTRO;PLANA ;AFIRMADO;NULL;NULL;NULL;NULL;EN PROCESO DE INVESTIGACIÓN;NO CUENTA CON CAUSA ESPECIFICA;Supe;23/10/2022;-77.662537
A-2022-10-166;30:00.0;CHOQUE;1;1;2;JUNIN;JAUJA;PARCO;RURAL;CARRETERA;NACIONAL;PE-3S;-11.802236;DESPEJADO;RURAL;CURVA;PLANA ;ASFALTADA;NULL;NULL;NULL;NULL;IMPRUDENCIA DEL CONDUCTOR;EXCESO DE VELOCIDAD;Carretera Longitudinal de la Sierra Sur;23/10/2022;-75.528333
A-2022-10-76;00:00.0;CHOQUE;1;0;2;PUNO;AZANGARO;CAMINACA;RURAL;CARRETERA;DEPARTAMENTAL;PU-113;-15.280908;DESPEJADO;RURAL;TRAMO RECTO;PLANA ;ASFALTADA;NULL;NULL;NULL;NULL;IMPRUDENCIA DEL CONDUCTOR;EXCESO DE VELOCIDAD;PU-113;23/10/2022;-70.083355
A-2022-10-83;40:00.0;DESPISTE;3;8;1;LA LIBERTAD;VIRU;GUADALUPITO;RURAL;CARRETERA;NACIONAL;PE-1N;-8.787714;DESPEJADO;RURAL;TRAMO RECTO;PLANA ;ASFALTADA;NULL;NULL;NULL;NULL;NEGLIGENCIA DEL CONDUCTOR;CONDUCIR CON FALLAS DE NEUMÁTICOS;Panamericana Norte;23/10/2022;-78.640269
A-2022-10-46;00:00.0;CHOQUE;2;2;3;ANCASH;YUNGAY;YUNGAY;RURAL;CALLE;URBANO;NO CORRESPONDE;-9.142372;DESPEJADO;RURAL;TRAMO RECTO;PLANA ;ASFALTADA;SI;PREVENTIVA (P);PREVENTIVA (P);SI;IMPRUDENCIA DEL CONDUCTOR;INVASIÓN DE CARRIL;Yungay;23/10/2022;-77.747146
A-2022-10-184;00:00.0;DESPISTE;1;0;NULL;PIURA;AYABACA;PAIMAS;RURAL;CARRETERA;NACIONAL;PE-1NT;-4.670343;DESPEJADO;RURAL;CURVA;INCLINADA;AFIRMADO;NULL;NULL;NULL;NULL;IMPRUDENCIA DEL CONDUCTOR;OTRO (IMPRUDENCIA DEL CONDUCTOR);PE-1NT;23/10/2022;-79.89077
A-2022-10-90;10:00.0;ATROPELLO;1;0;1;LAMBAYEQUE;LAMBAYEQUE;MORROPE;RURAL;CARRETERA;NACIONAL;PE-1N;-6.591238;DESPEJADO;RURAL;TRAMO RECTO;PLANA ;ASFALTADA;NULL;NULL;NULL;NULL;EN PROCESO DE INVESTIGACIÓN;NO CUENTA CON CAUSA ESPECIFICA;Carretera Panamericana Norte;23/10/2022;-79.979422
A-2022-10-28;00:00.0;ATROPELLO;1;0;1;AREQUIPA;AREQUIPA;CERRO COLORADO;URBANA;CARRETERA;NACIONAL;PE-34A;-16.40723;DESPEJADO;INDUSTRIAL;TRAMO RECTO;PLANA ;ASFALTADA;NO;NULL;NULL;SI;EN PROCESO DE INVESTIGACIÓN;NO CUENTA CON CAUSA ESPECIFICA;Carretera Interoceánica Sur;24/10/2022;-71.604918
A-2022-10-155;30:00.0;DESPISTE;1;0;NULL;PIURA;PIURA;PIURA;RURAL;CARRETERA;NACIONAL;PE-1N;-5.048571;DESPEJADO;RURAL;TRAMO RECTO;PLANA ;ASFALTADA;NULL;NULL;NULL;NULL;EN PROCESO DE INVESTIGACIÓN;NO CUENTA CON CAUSA ESPECIFICA;Carretera Panamericana Norte;24/10/2022;-80.702771
A-2022-10-33;00:00.0;DESPISTE;1;0;1;SAN MARTIN;RIOJA;NUEVA CAJAMARCA;URBANA;CARRETERA;DEPARTAMENTAL;SM-113;-5.946134;LLUVIOSO;RURAL;TRAMO RECTO;PLANA ;ASFALTADA;NULL;NULL;NULL;NULL;NEGLIGENCIA DEL CONDUCTOR;OTRO (NEGLIGENCIA DEL CONDUCTOR);SM-113;24/10/2022;-77.288765
A-2022-10-99;10:00.0;CHOQUE CON OBJETO FIJO;1;0;1;TUMBES;TUMBES;TUMBES;URBANA;CARRETERA;NACIONAL;PE-1N;-3.555001;DESPEJADO;RESIDENCIAL;TRAMO RECTO;PLANA ;ASFALTADA;NULL;NULL;NULL;NULL;IMPRUDENCIA DEL CONDUCTOR;CONDUCIR EN ESTADO DE EBRIEDAD Y/O DROGADICCIÓN;Avenida Tumbes Norte;24/10/2022;-80.43688
A-2022-10-178;00:00.0;DESPISTE;2;2;1;HUANCAVELICA;HUANCAVELICA;HUANCAVELICA;RURAL;CARRETERA;PROVINCIAL;HV-896;-12.924521;DESPEJADO;RURAL;CURVA;PLANA ;AFIRMADO;NULL;NULL;NULL;NULL;NEGLIGENCIA DEL CONDUCTOR;CONDUCIR CON FALLAS DE NEUMÁTICOS;Huancavelica;24/10/2022;-74.923115
A-2022-10-84;30:00.0;ATROPELLO FUGA;1;0;1;LA LIBERTAD;ASCOPE;CASA GRANDE;RURAL;CARRETERA;SIN CLASIFICAR;SIN CLASIFICAR;-7.772012;DESPEJADO;RURAL;TRAMO RECTO;PLANA ;TROCHA;NULL;NULL;NULL;NULL;EN PROCESO DE INVESTIGACIÓN;NO CUENTA CON CAUSA ESPECIFICA;Chocope;24/10/2022;-79.16684
A-2022-10-85;30:00.0;CHOQUE;1;0;2;LA LIBERTAD;CHEPEN;CHEPEN;RURAL;CARRETERA;NACIONAL;PE-1N;-7.190538;DESPEJADO;RURAL;TRAMO RECTO;PLANA ;ASFALTADA;NULL;NULL;NULL;NULL;EN PROCESO DE INVESTIGACIÓN;NO CUENTA CON CAUSA ESPECIFICA;Carretera Panamericana Norte;24/10/2022;-79.430221
A-2022-10-148;50:00.0;CHOQUE;1;0;NULL;LIMA;LIMA;COMAS;URBANA;AVENIDA;URBANO;NO CORRESPONDE;-11.923538;DESPEJADO;RESIDENCIAL;TRAMO RECTO;PLANA ;ASFALTADA;NULL;NULL;NULL;NULL;EN PROCESO DE INVESTIGACIÓN;NO CUENTA CON CAUSA ESPECIFICA;Avenida El Retablo;24/10/2022;-77.054275
A-2022-10-96;50:00.0;DESPISTE;3;0;1;TACNA;TACNA;ALTO DE LA ALIANZA;URBANA;CARRETERA;PROVINCIAL;TA-619;-17.984444;DESPEJADO;RESIDENCIAL;TRAMO RECTO;INCLINADA;ASFALTADA;NULL;NULL;NULL;NULL;IMPRUDENCIA DEL CONDUCTOR;CONDUCIR EN ESTADO DE EBRIEDAD Y/O DROGADICCIÓN;Avenida Gregorio Albarracín;24/10/2022;-70.244534
A-2022-10-191;00:00.0;ATROPELLO;1;0;1;ICA;PALPA;SANTA CRUZ;RURAL;CARRETERA;NACIONAL;PE-1S;-14.495466;DESPEJADO;RURAL;TRAMO RECTO;PLANA ;ASFALTADA;NULL;NULL;NULL;NULL;EN PROCESO DE INVESTIGACIÓN;NO CUENTA CON CAUSA ESPECIFICA;Carretera Panamericana Sur;24/10/2022;-75.272543
A-2022-10-31;50:00.0;CHOQUE;1;0;2;CUSCO;ESPINAR;ESPINAR;RURAL;CARRETERA;NACIONAL;PE-3SG;-14.8601;DESPEJADO;RURAL;TRAMO RECTO;PLANA ;ASFALTADA;NULL;NULL;NULL;NULL;EN PROCESO DE INVESTIGACIÓN;NO CUENTA CON CAUSA ESPECIFICA;PE-3SG;24/10/2022;-71.275891
A-2022-10-98;40:00.0;DESPISTE;1;1;NULL;APURIMAC;ABANCAY;SAN PEDRO DE CACHORA;RURAL;CARRETERA;SIN CLASIFICAR;SIN CLASIFICAR;-13.501698;NULL;NULL;NULL;NULL;NULL;NULL;NULL;NULL;NULL;EN PROCESO DE INVESTIGACIÓN;NO CUENTA CON CAUSA ESPECIFICA;AP-116;25/10/2022;-72.803507
A-2022-10-88;10:00.0;CHOQUE;1;13;2;LAMBAYEQUE;LAMBAYEQUE;LAMBAYEQUE;RURAL;CARRETERA;NACIONAL;PE-1N;-6.673352;DESPEJADO;RURAL;TRAMO RECTO;PLANA ;ASFALTADA;NULL;NULL;NULL;NULL;EN PROCESO DE INVESTIGACIÓN;NO CUENTA CON CAUSA ESPECIFICA;Carretera Panamericana Norte;26/10/2022;-79.9135
A-2022-10-211;10:00.0;CHOQUE;1;0;NULL;UCAYALI;CORONEL PORTILLO;CAMPOVERDE;RURAL;CARRETERA;NACIONAL;PE-18C;-8.524143;DESPEJADO;RURAL;TRAMO RECTO;INCLINADA;ASFALTADA;SI;REGULADORA (R);PREVENTIVA (P);SI;IMPRUDENCIA DEL CONDUCTOR;OTRO (IMPRUDENCIA DEL CONDUCTOR);Carretera Federico Basadre;26/10/2022;-74.865134
A-2022-10-131;27:00.0;ATROPELLO;1;0;NULL;CAJAMARCA;CHOTA;CHOTA;URBANA;AVENIDA;URBANO;NO CORRESPONDE;-6.559424;DESPEJADO;RESIDENCIAL;INTERSECCIÓN;INCLINADA;CONCRETO;SI;REGULADORA (R);NULL;NO;EN PROCESO DE INVESTIGACIÓN;NO CUENTA CON CAUSA ESPECIFICA;Avenida Todos los Santos;26/10/2022;-78.646007
A-2022-10-50;30:00.0;DESPISTE;1;0;1;ANCASH;HUARAZ;LA LIBERTAD;RURAL;CARRETERA;SIN CLASIFICAR;SIN CLASIFICAR;-9.585754;NUBLADO;RURAL;OTRO;INCLINADA;TROCHA;NULL;NULL;NULL;NULL;EN PROCESO DE INVESTIGACIÓN;NO CUENTA CON CAUSA ESPECIFICA;Arcash;26/10/2022;-77.749725
A-2022-10-22;00:00.0;CHOQUE FUGA;1;0;1;CUSCO;CANCHIS;SICUANI;URBANA;CARRETERA;NACIONAL;PE-3S;-14.26719;DESPEJADO;RESIDENCIAL;TRAMO RECTO;PLANA ;ASFALTADA;NULL;NULL;NULL;NULL;IMPRUDENCIA DEL CONDUCTOR;EXCESO DE VELOCIDAD;Vía de Evitamiento;26/10/2022;-71.235081
A-2022-10-192;50:00.0;ATROPELLO;1;0;1;ICA;NASCA;VISTA ALEGRE;URBANA;CARRETERA;NACIONAL;PE-1S;-14.852785;DESPEJADO;COMERCIAL;TRAMO RECTO;PLANA ;ASFALTADA;NULL;NULL;NULL;NULL;EN PROCESO DE INVESTIGACIÓN;NO CUENTA CON CAUSA ESPECIFICA;Vista Alegre;26/10/2022;-74.960668
A-2022-10-147;10:00.0;ATROPELLO;1;0;NULL;LIMA;LIMA;CHORRILLOS;URBANA;AVENIDA;URBANO;NO CORRESPONDE;-12.198134;DESPEJADO;COMERCIAL;INTERSECCIÓN;PLANA ;ASFALTADA;NULL;NULL;NULL;NULL;EN PROCESO DE INVESTIGACIÓN;NO CUENTA CON CAUSA ESPECIFICA;Avenida Cordillera Central;27/10/2022;-76.99227
A-2022-10-207;10:00.0;ESPECIAL;1;0;NULL;JUNIN;CHANCHAMAYO;SAN RAMON;RURAL;CARRETERA;NACIONAL;PE-22B;-11.211064;DESPEJADO;RURAL;TÚNEL;PLANA ;ASFALTADA;NULL;NULL;NULL;NULL;IMPRUDENCIA DEL CONDUCTOR;FATIGA Y/O CANSANCIO;Carretera Central;27/10/2022;-75.489249
A-2022-10-48;30:00.0;DESPISTE;1;4;1;CUSCO;LA CONVENCION;INKAWASI;RURAL;CARRETERA;PROVINCIAL;CU-871;-13.302177;DESPEJADO;RURAL;CURVA;INCLINADA;TROCHA;NULL;NULL;NULL;NULL;IMPRUDENCIA DEL CONDUCTOR;EXCESO DE VELOCIDAD;Erapata;27/10/2022;-73.264118
A-2022-10-36;20:00.0;CHOQUE;1;0;2;SAN MARTIN;MOYOBAMBA;CALZADA;RURAL;CARRETERA;NACIONAL;PE-5N;-6.037927;DESPEJADO;RURAL;TRAMO RECTO;PLANA ;ASFALTADA;NULL;NULL;NULL;NULL;IMPRUDENCIA DEL CONDUCTOR;OTRO (IMPRUDENCIA DEL CONDUCTOR);Carretera Presidente Fernando Belaúnde Terry;27/10/2022;-77.105069
A-2022-10-49;20:00.0;CHOQUE;1;0;2;CUSCO;ESPINAR;ESPINAR;URBANA;AVENIDA;URBANO;NO CORRESPONDE;-14.786014;DESPEJADO;RESIDENCIAL;TRAMO RECTO;PLANA ;ASFALTADA;SI;REGULADORA (R);NULL;NO;IMPRUDENCIA DEL CONDUCTOR;EXCESO DE VELOCIDAD;Avenida San Martín;27/10/2022;-71.403384
A-2022-10-160;30:00.0;CHOQUE;1;1;3;PIURA;PIURA;VEINTISEIS DE OCTUBRE;RURAL;CARRETERA;NACIONAL;PE-02;-5.168052;DESPEJADO;RURAL;TRAMO RECTO;PLANA ;ASFALTADA;NULL;NULL;NULL;NULL;IMPRUDENCIA DEL CONDUCTOR;CONDUCIR EN ESTADO DE EBRIEDAD Y/O DROGADICCIÓN;Carretera Paita - Piura;27/10/2022;-80.696195
A-2022-10-57;30:00.0;CHOQUE;1;0;2;PUNO;EL COLLAO;ILAVE;RURAL;CARRETERA;PROVINCIAL;PU-1149;-16.018769;DESPEJADO;RURAL;TRAMO RECTO;PLANA ;ASFALTADA;NULL;NULL;NULL;NULL;IMPRUDENCIA DEL CONDUCTOR;INVASIÓN DE CARRIL;Ilave;27/10/2022;-69.620766
A-2022-10-58;20:00.0;DESPISTE;1;0;1;PUNO;CHUCUITO;DESAGUADERO;RURAL;CARRETERA;DEPARTAMENTAL;PU-152;-16.633546;DESPEJADO;RURAL;TRAMO RECTO;PLANA ;ASFALTADA;NULL;NULL;NULL;NULL;IMPRUDENCIA DEL CONDUCTOR;FATIGA Y/O CANSANCIO;PU-152;28/10/2022;-69.110066
A-2022-10-169;00:00.0;DESPISTE;1;1;1;PIURA;PIURA;LA ARENA;RURAL;CARRETERA;SIN CLASIFICAR;SIN CLASIFICAR;-5.331146;DESPEJADO;RURAL;TRAMO RECTO;PLANA ;ASFALTADA;NULL;NULL;NULL;NULL;IMPRUDENCIA DEL CONDUCTOR;CONDUCIR EN ESTADO DE EBRIEDAD Y/O DROGADICCIÓN;PI-1016;28/10/2022;-80.730975
A-2022-10-120;00:00.0;DESPISTE;1;0;NULL;AYACUCHO;HUAMANGA;CHIARA;RURAL;CARRETERA;PROVINCIAL;AY-765;-13.279888;DESPEJADO;RURAL;TRAMO RECTO;INCLINADA;ASFALTADA;SI;PREVENTIVA (P);REGULADORA (R);SI;IMPRUDENCIA DEL CONDUCTOR;FATIGA Y/O CANSANCIO;AY-765;28/10/2022;-74.207845
A-2022-10-170;00:00.0;DESPISTE;1;0;1;PIURA;SECHURA;VICE;RURAL;CARRETERA;PROVINCIAL;PI-1067;-5.436585;DESPEJADO;RURAL;TRAMO RECTO;PLANA ;ASFALTADA;NULL;NULL;NULL;NULL;IMPRUDENCIA DEL CONDUCTOR;CONDUCIR EN ESTADO DE EBRIEDAD Y/O DROGADICCIÓN;PI-1067;28/10/2022;-80.782746
A-2022-10-89;40:00.0;CHOQUE;1;0;2;LAMBAYEQUE;LAMBAYEQUE;JAYANCA;URBANA;CARRETERA;NACIONAL;PE-1NJ;-6.366941;DESPEJADO;RURAL;TRAMO RECTO;PLANA ;ASFALTADA;NULL;NULL;NULL;NULL;EN PROCESO DE INVESTIGACIÓN;NO CUENTA CON CAUSA ESPECIFICA;Carretera Lambayegue - Olmos;28/10/2022;-79.789168
A-2022-10-77;30:00.0;DESPISTE;1;0;1;PUNO;SANDIA;LIMBANI;RURAL;CARRETERA;DEPARTAMENTAL;PU-106;-14.163988;DESPEJADO;RURAL;CURVA;PLANA ;TROCHA;NULL;NULL;NULL;NULL;IMPRUDENCIA DEL CONDUCTOR;EXCESO DE VELOCIDAD;PU-106;28/10/2022;-69.691694
A-2022-10-193;30:00.0;DESPISTE;1;1;1;ICA;NASCA;VISTA ALEGRE;URBANA;CARRETERA;NACIONAL;PE-1S;-14.851455;DESPEJADO;COMERCIAL;TRAMO RECTO;PLANA ;ASFALTADA;NULL;NULL;NULL;NULL;EN PROCESO DE INVESTIGACIÓN;NO CUENTA CON CAUSA ESPECIFICA;Carretera Panamericana Sur;28/10/2022;-74.957424
A-2022-10-59;00:00.0;DESPISTE;2;6;1;PUNO;EL COLLAO;SANTA ROSA;RURAL;CARRETERA;NACIONAL;PE-36A;-16.753389;DESPEJADO;RURAL;TRAMO RECTO;PLANA ;ASFALTADA;NULL;NULL;NULL;NULL;IMPRUDENCIA DEL CONDUCTOR;EXCESO DE VELOCIDAD;Carretera Binacional;29/10/2022;-69.837114
A-2022-10-86;30:00.0;ATROPELLO FUGA;1;0;1;LA LIBERTAD;VIRU;CHAO;RURAL;CARRETERA;PROVINCIAL;LI-1193;-8.493316;DESPEJADO;RURAL;TRAMO RECTO;PLANA ;AFIRMADO;NULL;NULL;NULL;NULL;EN PROCESO DE INVESTIGACIÓN;NO CUENTA CON CAUSA ESPECIFICA;El Inca;29/10/2022;-78.619491
A-2022-10-35;50:00.0;CHOQUE;2;1;3;AREQUIPA;AREQUIPA;VITOR;RURAL;CARRETERA;NACIONAL;PE-1S;-16.466434;DESPEJADO;RURAL;TRAMO RECTO;PLANA ;ASFALTADA;NULL;NULL;NULL;NULL;EN PROCESO DE INVESTIGACIÓN;NO CUENTA CON CAUSA ESPECIFICA;Carretera Panamericana Sur;29/10/2022;-71.927508
A-2022-10-87;15:00.0;CHOQUE;1;0;2;LA LIBERTAD;VIRU;VIRU;RURAL;CARRETERA;NACIONAL;PE-1N;-8.424366;DESPEJADO;RURAL;TRAMO RECTO;PLANA ;ASFALTADA;NULL;NULL;NULL;NULL;EN PROCESO DE INVESTIGACIÓN;NO CUENTA CON CAUSA ESPECIFICA;Carretera Panamericana Norte;29/10/2022;-78.781794
A-2022-10-32;30:00.0;DESPISTE;1;1;1;CUSCO;QUISPICANCHI;OROPESA;URBANA;CARRETERA;NACIONAL;PE-3S;-13.602462;DESPEJADO;COMERCIAL;TRAMO RECTO;PLANA ;ASFALTADA;NULL;NULL;NULL;NULL;IMPRUDENCIA DEL CONDUCTOR;EXCESO DE VELOCIDAD;Carretera Longitudinal de la Sierra Sur;30/10/2022;-71.760183
A-2022-10-93;30:00.0;DESPISTE;1;0;1;TACNA;TACNA;LA YARADA LOS PALOS;RURAL;CARRETERA;NACIONAL;PE-1SD;-18.170666;DESPEJADO;RURAL;TRAMO RECTO;PLANA ;ASFALTADA;NULL;NULL;NULL;NULL;NEGLIGENCIA DEL CONDUCTOR;CONDUCIR CON FALLAS DE NEUMÁTICOS;Carretera Costanera Sur;30/10/2022;-70.489093
A-2022-10-130;40:00.0;CHOQUE;1;0;NULL;LIMA;LIMA;ANCON;RURAL;CARRETERA;NACIONAL;PE-1N;-11.745722;DESPEJADO;RURAL;TRAMO RECTO;PLANA ;ASFALTADA;NULL;NULL;NULL;NULL;EN PROCESO DE INVESTIGACIÓN;NO CUENTA CON CAUSA ESPECIFICA;Carretera Panamericana Norte;30/10/2022;-77.141868
A-2022-10-129;30:00.0;CHOQUE FUGA;1;1;NULL;LIMA;LIMA;LOS OLIVOS;URBANA;JIRÓN;URBANO;NO CORRESPONDE;-12.009299;DESPEJADO;COMERCIAL;INTERSECCIÓN;PLANA ;ASFALTADA;NULL;NULL;NULL;NULL;EN PROCESO DE INVESTIGACIÓN;NO CUENTA CON CAUSA ESPECIFICA;Los Olivos;30/10/2022;-77.073535
A-2022-10-128;30:00.0;CHOQUE;1;1;NULL;LIMA;LIMA;VILLA MARIA DEL TRIUNFO;URBANA;AVENIDA;URBANO;NO CORRESPONDE;-12.194665;DESPEJADO;COMERCIAL;INTERSECCIÓN;PLANA ;ASFALTADA;NULL;NULL;NULL;NULL;EN PROCESO DE INVESTIGACIÓN;NO CUENTA CON CAUSA ESPECIFICA;Avenida Pachacútec;30/10/2022;-76.934638
A-2022-10-185;00:00.0;DESPISTE;1;0;1;PIURA;SULLANA;SULLANA;URBANA;CARRETERA;NACIONAL;PE-1NL;-4.919;DESPEJADO;RURAL;TRAMO RECTO;PLANA ;ASFALTADA;NULL;NULL;NULL;NULL;EN PROCESO DE INVESTIGACIÓN;NO CUENTA CON CAUSA ESPECIFICA;Carretera Panamericana Norte;30/10/2022;-80.65
A-2022-10-116;30:00.0;ESPECIAL;1;0;NULL;AYACUCHO;HUAMANGA;VINCHOS;RURAL;CARRETERA;NACIONAL;PE-28A;-13.34596;DESPEJADO;RURAL;TRAMO RECTO;PLANA ;ASFALTADA;SI;PREVENTIVA (P);NULL;NO;IMPRUDENCIA DEL CONDUCTOR;OTRO (IMPRUDENCIA DEL CONDUCTOR);Vía de los Libertadores;30/10/2022;-74.395226
A-2022-10-60;20:00.0;DESPISTE;1;0;NULL;PUNO;PUNO;PUNO;URBANA;AVENIDA;URBANO;NO CORRESPONDE;-15.854202;DESPEJADO;COMERCIAL;TRAMO RECTO;PLANA ;ASFALTADA;NULL;NULL;NULL;NULL;IMPRUDENCIA DEL CONDUCTOR;CONDUCIR EN ESTADO DE EBRIEDAD Y/O DROGADICCIÓN;Avenida Simón Bolívar;31/10/2022;-70.011637
A-2022-10-157;40:00.0;DESPISTE;1;0;1;HUANUCO;PACHITEA;UMARI;RURAL;CARRETERA;NACIONAL;PE-18B;-9.841272;DESPEJADO;RURAL;CURVA;INCLINADA;AFIRMADO;NULL;NULL;NULL;NULL;IMPRUDENCIA DEL CONDUCTOR;EXCESO DE VELOCIDAD;PE-18B;31/10/2022;-76.04665
A-2022-10-37;00:00.0;DESPISTE;1;1;1;CUSCO;CANAS;LAYO;RURAL;CARRETERA;PROVINCIAL;CU-1741;-14.47277;DESPEJADO;RURAL;CURVA;INCLINADA;TROCHA;SI;PREVENTIVA (P);NULL;NO;IMPRUDENCIA DEL CONDUCTOR;OTRO (IMPRUDENCIA DEL CONDUCTOR);Layo;31/10/2022;-71.065877
A-2022-10-126;00:00.0;VOLCADURA;1;0;0;LIMA;LIMA;LA MOLINA;RURAL;CARRETERA;NACIONAL;PE-1NA;-12.069432;DESPEJADO;RURAL;TRAMO RECTO;PLANA ;ASFALTADA;NULL;NULL;NULL;NULL;EN PROCESO DE INVESTIGACIÓN;NO CUENTA CON CAUSA ESPECIFICA;Vía de Evitamiento;31/10/2022;-76.972235
A-2022-10-127;30:00.0;CHOQUE FUGA;1;0;0;LIMA;CAÑETE;MALA;RURAL;CARRETERA;NACIONAL;PE-1S;-12.698218;DESPEJADO;RURAL;TRAMO RECTO;PLANA ;ASFALTADA;NULL;NULL;NULL;NULL;EN PROCESO DE INVESTIGACIÓN;NO CUENTA CON CAUSA ESPECIFICA;Carretera Panamericana Sur;31/10/2022;-76.641776
A-2022-11-73;12:00.0;ATROPELLO FUGA;1;0;0;TACNA;TACNA;CIUDAD NUEVA;URBANA;AVENIDA;URBANO;NO CORRESPONDE;-17.983423;DESPEJADO;COMERCIAL;TRAMO RECTO;INCLINADA;ASFALTADA;NULL;NULL;NULL;NULL;EN PROCESO DE INVESTIGACIÓN;NO CUENTA CON CAUSA ESPECIFICA;Avenida Emancipación;1/11/2022;-70.240262