CÓDIGO SINIESTRO;HORA SINIESTRO;CLASE SINIESTRO;CANTIDAD DE FALLECIDOS;CANTIDAD DE LESIONADOS;CANTIDAD DE VEHICULOS DAÑADOS;DEPARTAMENTO;PROVINCIA;DISTRITO;ZONA;TIPO DE VÍA;RED VIAL;COD CARRETERA;COORDENADAS LATITUD;CONDICIÓN CLIMÁTICA;ZONIFICACIÓN;CARACTERÍSTICAS DE VÍA;PERFIL LONGITUDINAL VÍA;SUPERFICIE DE CALZADA;¿EXISTE SEÑAL VERTICAL?;CLASIFICACIÓN DE LA SEÑAL VERTICAL Nº 1;CLASIFICACIÓN DE LA SEÑAL VERTICAL Nº 2;¿EXISTE SEÑAL HORIZONTAL?;CAUSA FACTOR PRINCIPAL;CAUSA ESPECÍFICA;UBICACION;FECHA SINIESTRO;COORDENADAS LONGITUD
A-2022-11-2;50:00.0;DESPISTE;1;0;1;SAN MARTIN;RIOJA;RIOJA;RURAL;CARRETERA;NACIONAL;PE-5N;-6.022477;DESPEJADO;RURAL;TRAMO RECTO;PLANA ;ASFALTADA;NULL;NULL;NULL;NULL;IMPRUDENCIA DEL CONDUCTOR;OTRO (IMPRUDENCIA DEL CONDUCTOR);Carretera Presidente Fernando Belaúnde Terry;1/11/2022;-77.223255
A-2022-11-155;55:00.0;DESPISTE;1;3;NULL;LIMA;LIMA;PUCUSANA;URBANA;CARRETERA;NACIONAL;PE-1S;-12.45926;DESPEJADO;INDUSTRIAL;TRAMO RECTO;PLANA ;ASFALTADA;NULL;NULL;NULL;NULL;EN PROCESO DE INVESTIGACIÓN;NO CUENTA CON CAUSA ESPECIFICA;Carretera Panamericana Sur;1/11/2022;-76.752921
A-2022-11-156;35:00.0;ATROPELLO;1;0;NULL;LIMA;LIMA;SAN MARTIN DE PORRES;URBANA;AVENIDA;URBANO;NO CORRESPONDE;-11.983233;DESPEJADO;COMERCIAL;TRAMO RECTO;PLANA ;ASFALTADA;NULL;NULL;NULL;NULL;EN PROCESO DE INVESTIGACIÓN;NO CUENTA CON CAUSA ESPECIFICA;Avenida Canta Callao;1/11/2022;-77.098308
A-2022-11-193;20:00.0;CHOQUE;1;0;NULL;JUNIN;SATIPO;SATIPO;RURAL;CARRETERA;NACIONAL;PE-5S;-11.232149;DESPEJADO;RURAL;TRAMO RECTO;PLANA ;ASFALTADA;NULL;NULL;NULL;NULL;IMPRUDENCIA DEL CONDUCTOR;DESACATO DE SEÑAL DE TRÁNSITO;Carretera Longitudinal de la Selva Sur;1/11/2022;-74.630738
A-2022-11-198;41:00.0;CHOQUE;1;4;NULL;LORETO;MAYNAS;SAN JUAN BAUTISTA;URBANA;AVENIDA;URBANO;NO CORRESPONDE;-3.77498;DESPEJADO;COMERCIAL;TRAMO RECTO;PLANA ;ASFALTADA;NULL;NULL;NULL;NULL;IMPRUDENCIA DEL CONDUCTOR;CONDUCIR EN ESTADO DE EBRIEDAD Y/O DROGADICCIÓN;San Juan;1/11/2022;-73.290905
A-2022-11-172;45:00.0;ESPECIAL;1;1;NULL;JUNIN;CHUPACA;HUACHAC;URBANA;CARRETERA;PROVINCIAL;JU-874;-12.040495;LLUVIOSO;RURAL;TRAMO RECTO;PLANA ;EMPEDRADO;NULL;NULL;NULL;NULL;EN PROCESO DE INVESTIGACIÓN;NO CUENTA CON CAUSA ESPECIFICA;Antapampa;1/11/2022;-75.325979
A-2022-11-32;00:00.0;DESPISTE;1;1;1;CUSCO;QUISPICANCHI;ANDAHUAYLILLAS;RURAL;CARRETERA;PROVINCIAL;CU-1325;-13.680488;DESPEJADO;RURAL;TRAMO RECTO;INCLINADA;AFIRMADO;NULL;NULL;NULL;NULL;IMPRUDENCIA DEL CONDUCTOR;CONDUCIR EN ESTADO DE EBRIEDAD Y/O DROGADICCIÓN;Andahuaylillas;1/11/2022;-71.691858
A-2022-11-100;30:00.0;DESPISTE;5;0;1;ANCASH;HUAYLAS;PAMPAROMAS;RURAL;CARRETERA;DEPARTAMENTAL;AN-104;-9.080982;DESPEJADO;RURAL;CURVA;INCLINADA;TROCHA;NULL;NULL;NULL;NULL;EN PROCESO DE INVESTIGACIÓN;NO CUENTA CON CAUSA ESPECIFICA;Carretera Samanco - Caraz;1/11/2022;-77.984718
A-2022-11-38;55:00.0;CHOQUE;4;0;2;CUSCO;CANCHIS;SICUANI;RURAL;CARRETERA;NACIONAL;PE-3S;-14.309054;DESPEJADO;RURAL;TRAMO RECTO;PLANA ;ASFALTADA;NULL;NULL;NULL;NULL;IMPRUDENCIA DEL CONDUCTOR;EXCESO DE VELOCIDAD;Carretera Longitudinal de la Sierra Sur;2/11/2022;-71.208045
A-2022-11-34;36:00.0;ATROPELLO;1;0;1;CUSCO;CUSCO;SAN SEBASTIAN;URBANA;AVENIDA;URBANO;NO CORRESPONDE;-13.529293;DESPEJADO;COMERCIAL;TRAMO RECTO;PLANA ;ASFALTADA;NO;NULL;NULL;SI;IMPRUDENCIA DEL CONDUCTOR;EXCESO DE VELOCIDAD;Avenida de la Cultura;2/11/2022;-71.936103
A-2022-11-43;00:00.0;ATROPELLO;1;1;1;ANCASH;CARHUAZ;CARHUAZ;RURAL;CARRETERA;DEPARTAMENTAL;AN-107;-9.282806;LLUVIOSO;RURAL;CURVA;INCLINADA;TROCHA;SI;PREVENTIVA (P);NULL;NO;EN PROCESO DE INVESTIGACIÓN;NO CUENTA CON CAUSA ESPECIFICA;Avenida La Merced;2/11/2022;-77.64803
A-2022-11-134;30:00.0;CHOQUE CON OBJETO FIJO;1;1;NULL;LIMA;LIMA;SAN MIGUEL;URBANA;OTRO;URBANO;NO CORRESPONDE;-12.086806;DESPEJADO;COMERCIAL;TRAMO RECTO;PLANA ;ASFALTADA;SI;PREVENTIVA (P);NULL;SI;EN PROCESO DE INVESTIGACIÓN;NO CUENTA CON CAUSA ESPECIFICA;Ciclovía Avenida La Costanera;3/11/2022;-77.09402
A-2022-11-180;30:00.0;DESPISTE;2;3;NULL;JUNIN;CONCEPCION;COMAS;RURAL;CARRETERA;NACIONAL;PE-24A;-11.766582;LLUVIOSO;RURAL;TRAMO RECTO;INCLINADA;CASCAJO/RIPIO;NULL;NULL;NULL;NULL;IMPRUDENCIA DEL CONDUCTOR;OTRO (IMPRUDENCIA DEL CONDUCTOR);PE-24A;3/11/2022;-75.225867
A-2022-11-20;00:00.0;DESPISTE;2;1;1;CUSCO;CHUMBIVILCAS;VELILLE;RURAL;CARRETERA;NACIONAL;PE-3SG;-14.565906;DESPEJADO;RURAL;CURVA;PLANA ;ASFALTADA;SI;PREVENTIVA (P);NULL;SI;IMPRUDENCIA DEL CONDUCTOR;EXCESO DE VELOCIDAD;PE-3SG;3/11/2022;-71.922236
A-2022-11-88;50:00.0;ATROPELLO;1;0;1;TUMBES;TUMBES;TUMBES;RURAL;CARRETERA;NACIONAL;PE-1N;-3.534923;SOLEADO;RURAL;TRAMO RECTO;PLANA ;ASFALTADA;NULL;NULL;NULL;NULL;IMPRUDENCIA DEL CONDUCTOR;NO DAR PASO PREFERENTE AL PEATÓN;Carretera Panamericana Norte;4/11/2022;-80.377091
A-2022-11-48;30:00.0;CHOQUE;1;26;2;PUNO;PUNO;CHUCUITO;RURAL;CARRETERA;NACIONAL;PE-3S;-15.886;DESPEJADO;RURAL;CURVA;PLANA ;ASFALTADA;NULL;NULL;NULL;NULL;IMPRUDENCIA DEL CONDUCTOR;GIRAR IMPRUDENTEMENTE;Chucuito;4/11/2022;-69.902
A-2022-11-71;00:00.0;CHOQUE;1;1;2;HUANUCO;LEONCIO PRADO;SANTO DOMINGO DE ANDA;URBANA;CARRETERA;NACIONAL;PE-5N;-9.062008;DESPEJADO;RESIDENCIAL;CURVA;PLANA ;ASFALTADA;SI;INFORMATIVA (I);NULL;SI;IMPRUDENCIA DEL CONDUCTOR;CONDUCIR EN ESTADO DE EBRIEDAD Y/O DROGADICCIÓN;Carretera Presidente Fernando Belaúnde Terry;4/11/2022;-76.075449
A-2022-11-179;00:00.0;ATROPELLO;1;0;NULL;JUNIN;JAUJA;MUQUIYAUYO;RURAL;CARRETERA;NACIONAL;PE-3SB;-11.820896;DESPEJADO;RURAL;TRAMO RECTO;PLANA ;ASFALTADA;SI;REGULADORA (R);NULL;SI;IMPRUDENCIA DEL CONDUCTOR;OTRO (IMPRUDENCIA DEL CONDUCTOR);Carretera Central Margen Derecha;5/11/2022;-75.451566
A-2022-11-3;50:00.0;CHOQUE;1;0;2;ICA;ICA;SANTIAGO;URBANA;CARRETERA;NACIONAL;PE-1S;-14.184147;SOLEADO;ESCOLAR;TRAMO RECTO;PLANA ;ASFALTADA;NULL;NULL;NULL;NULL;EN PROCESO DE INVESTIGACIÓN;NO CUENTA CON CAUSA ESPECIFICA;Carretera Panamericana Sur;5/11/2022;-75.714582
A-2022-11-18;45:00.0;ATROPELLO;1;0;0;CUSCO;ESPINAR;ESPINAR;URBANA;AVENIDA;URBANO;NO CORRESPONDE;-14.786886;DESPEJADO;COMERCIAL;TRAMO RECTO;PLANA ;ASFALTADA;NULL;NULL;NULL;NULL;IMPRUDENCIA DEL PEATÓN;CRUCE INDEBIDO POR LA CALZADA;Obrero;5/11/2022;-71.406468
A-2022-11-185;30:00.0;DESPISTE;2;1;1;AYACUCHO;VILCAS HUAMAN;VILCAS HUAMAN;RURAL;CARRETERA;PROVINCIAL;AY-957;-13.636582;DESPEJADO;RURAL;TRAMO RECTO;INCLINADA;TROCHA;SI;PREVENTIVA (P);NULL;NO;NEGLIGENCIA DEL CONDUCTOR;CONDUCIR CON FALLAS DE FRENOS;Carretera Santa Rosa - Antapite;5/11/2022;-73.845321
A-2022-11-135;30:00.0;ATROPELLO;1;0;NULL;LIMA;LIMA;PUENTE PIEDRA;URBANA;CARRETERA;NACIONAL;PE-1N;-11.866283;DESPEJADO;COMERCIAL;TRAMO RECTO;PLANA ;ASFALTADA;NULL;NULL;NULL;NULL;EN PROCESO DE INVESTIGACIÓN;NO CUENTA CON CAUSA ESPECIFICA;Carretera Panamericana Norte;5/11/2022;-77.073532
A-2022-11-178;45:00.0;CHOQUE;1;0;NULL;JUNIN;HUANCAYO;SAN AGUSTIN;URBANA;CARRETERA;NACIONAL;PE-3S;-12.019868;DESPEJADO;RURAL;TRAMO RECTO;INCLINADA;ASFALTADA;NO;NULL;NULL;SI;IMPRUDENCIA DEL CONDUCTOR;OTRO (IMPRUDENCIA DEL CONDUCTOR);Carretera Longitudinal de la Sierra Sur;6/11/2022;-75.241804
A-2022-11-235;30:00.0;ATROPELLO FUGA;1;0;NULL;LIMA;LIMA;LURIN;URBANA;CARRETERA;NACIONAL;PE-1S;-12.257543;DESPEJADO;COMERCIAL;TRAMO RECTO;PLANA ;ASFALTADA;NULL;NULL;NULL;NULL;EN PROCESO DE INVESTIGACIÓN;NO CUENTA CON CAUSA ESPECIFICA;Carretera Panamericana Sur;6/11/2022;-76.919539
A-2022-11-159;50:00.0;CHOQUE;1;1;2;HUANUCO;HUANUCO;HUANUCO;URBANA;JIRÓN;URBANO;NO CORRESPONDE;-9.939625;DESPEJADO;COMERCIAL;TRAMO RECTO;PLANA ;ASFALTADA;NULL;NULL;NULL;NULL;IMPRUDENCIA DEL CONDUCTOR;EXCESO DE VELOCIDAD;Jirón 2 de Mayo;6/11/2022;-76.248523
A-2022-11-239;30:00.0;ATROPELLO FUGA;1;0;NULL;LIMA;LIMA;LURIN;RURAL;CARRETERA;NACIONAL;PE-1S;-12.283316;DESPEJADO;INDUSTRIAL;TRAMO RECTO;PLANA ;ASFALTADA;SI;PREVENTIVA (P);NULL;NO;EN PROCESO DE INVESTIGACIÓN;NO CUENTA CON CAUSA ESPECIFICA;Carretera Panamericana Sur;6/11/2022;-76.878337
A-2022-11-74;30:00.0;DESPISTE;1;0;1;TACNA;TARATA;ESTIQUE;RURAL;CARRETERA;NACIONAL;PE-38;-17.636026;DESPEJADO;RURAL;TRAMO RECTO;INCLINADA;ASFALTADA;NULL;NULL;NULL;NULL;IMPRUDENCIA DEL CONDUCTOR;OTRO (IMPRUDENCIA DEL CONDUCTOR);Carretera Tacna - Tarata;6/11/2022;-70.067803
A-2022-11-165;00:00.0;DESPISTE;1;10;1;PIURA;HUANCABAMBA;HUARMACA;RURAL;CARRETERA;PROVINCIAL;PI-954;-5.681699;DESPEJADO;RURAL;CURVA;PLANA ;AFIRMADO;NULL;NULL;NULL;NULL;IMPRUDENCIA DEL CONDUCTOR;EXCESO DE VELOCIDAD;PI-954;6/11/2022;-79.657792
A-2022-11-124;30:00.0;CHOQUE;1;12;2;CAJAMARCA;JAEN;JAEN;URBANA;CARRETERA;NACIONAL;PE-04C;-5.84315;DESPEJADO;RESIDENCIAL;CURVA;PLANA ;ASFALTADA;SI;PREVENTIVA (P);PREVENTIVA (P);NO;EN PROCESO DE INVESTIGACIÓN;NO CUENTA CON CAUSA ESPECIFICA;Carretera Presidente Fernando Belaúnde Terry;6/11/2022;-78.76675
A-2022-11-13;45:00.0;CHOQUE;1;0;2;AREQUIPA;ISLAY;DEAN VALDIVIA;URBANA;CARRETERA;NACIONAL;PE-1SJ;-17.12777;DESPEJADO;RESIDENCIAL;TRAMO RECTO;PLANA ;ASFALTADA;NULL;NULL;NULL;NULL;EN PROCESO DE INVESTIGACIÓN;NO CUENTA CON CAUSA ESPECIFICA;15 A;6/11/2022;-71.80431
A-2022-11-238;30:00.0;ATROPELLO FUGA;1;0;NULL;LIMA;LIMA;VILLA MARIA DEL TRIUNFO;URBANA;AVENIDA;URBANO;NO CORRESPONDE;-12.223152;DESPEJADO;COMERCIAL;TRAMO RECTO;PLANA ;ASFALTADA;NULL;NULL;NULL;NULL;IMPRUDENCIA DEL PEATÓN;OTRO (IMPRUDENCIA DEL PEATÓN);Avenida Lima;6/11/2022;-76.908117
A-2022-11-79;55:00.0;ATROPELLO FUGA;1;0;NULL;LA LIBERTAD;TRUJILLO;VICTOR LARCO HERRERA;URBANA;CARRETERA;NACIONAL;PE-1N;-8.149811;DESPEJADO;COMERCIAL;TRAMO RECTO;PLANA ;ASFALTADA;NULL;NULL;NULL;NULL;EN PROCESO DE INVESTIGACIÓN;NO CUENTA CON CAUSA ESPECIFICA;Carretera Industrial;6/11/2022;-79.041772
A-2022-11-12;15:00.0;CHOQUE;1;0;2;AREQUIPA;CAYLLOMA;SAN ANTONIO DE CHUCA;RURAL;CARRETERA;NACIONAL;PE-34A;-15.782378;DESPEJADO;RURAL;TRAMO RECTO;PLANA ;ASFALTADA;NULL;NULL;NULL;NULL;EN PROCESO DE INVESTIGACIÓN;NO CUENTA CON CAUSA ESPECIFICA;Vía Interoceánica Sur - Tramo 5;6/11/2022;-71.03263
A-2022-11-157;30:00.0;CHOQUE;1;3;NULL;LIMA;LIMA;PACHACAMAC;URBANA;JIRÓN;URBANO;NO CORRESPONDE;-12.230636;DESPEJADO;RESIDENCIAL;TRAMO RECTO;PLANA ;ASFALTADA;NULL;NULL;NULL;NULL;EN PROCESO DE INVESTIGACIÓN;NO CUENTA CON CAUSA ESPECIFICA;Jirón Lima;7/11/2022;-76.86011
A-2022-11-136;45:00.0;DESPISTE;1;0;NULL;LIMA;LIMA;SAN MARTIN DE PORRES;URBANA;CARRETERA;NACIONAL;PE-1N;-12.033332;DESPEJADO;COMERCIAL;TRAMO RECTO;PLANA ;ASFALTADA;NULL;NULL;NULL;NULL;EN PROCESO DE INVESTIGACIÓN;NO CUENTA CON CAUSA ESPECIFICA;Vía de Evitamiento;7/11/2022;-77.053468
A-2022-11-21;30:00.0;CHOQUE;1;1;2;CUSCO;CHUMBIVILCAS;COLQUEMARCA;URBANA;CARRETERA;DEPARTAMENTAL;CU-119;-14.293708;DESPEJADO;RESIDENCIAL;TRAMO RECTO;INCLINADA;ASFALTADA;SI;PREVENTIVA (P);NULL;NO;IMPRUDENCIA DEL CONDUCTOR;EXCESO DE VELOCIDAD;CU-119;7/11/2022;-72.038225
A-2025-01-49;50:00.0;DESPISTE;3;0;1;HUANCAVELICA;HUANCAVELICA;ACORIA;RURAL;CARRETERA;PROVINCIAL;HV-772;-12.648859;DESPEJADO;RURAL;TRAMO RECTO;PLANA ;AFIRMADO;NULL;NULL;NULL;NULL;EN PROCESO DE INVESTIGACIÓN;NO CUENTA CON CAUSA ESPECIFICA;Silva;18/1/2025;-74.850643
A-2025-01-55;40:00.0;DESPISTE;1;0;NULL;ANCASH;YUNGAY;YUNGAY;URBANA;CARRETERA;NACIONAL;PE-3N;-9.143457;DESPEJADO;RURAL;CURVA;INCLINADA;ASFALTADA;NULL;NULL;NULL;NULL;EN PROCESO DE INVESTIGACIÓN;NO CUENTA CON CAUSA ESPECIFICA;Carretera Longitudinal de la Sierra Norte;18/1/2025;-77.745191
A-2025-01-16;45:00.0;CHOQUE;1;0;NULL;AREQUIPA;AREQUIPA;CERRO COLORADO;URBANA;CARRETERA;NACIONAL;PE-34A;-16.364409;DESPEJADO;COMERCIAL;TRAMO RECTO;PLANA ;ASFALTADA;NO;NULL;NULL;SI;EN PROCESO DE INVESTIGACIÓN;NO CUENTA CON CAUSA ESPECIFICA;Vía de Evitamiento;18/1/2025;-71.577629
A-2025-01-121;45:00.0;ATROPELLO FUGA;1;0;NULL;LIMA;LIMA;SAN JUAN DE LURIGANCHO;URBANA;AVENIDA;URBANO;NO CORRESPONDE;-12.029792;DESPEJADO;RESIDENCIAL;TRAMO RECTO;PLANA ;ASFALTADA;NULL;NULL;NULL;NULL;EN PROCESO DE INVESTIGACIÓN;NO CUENTA CON CAUSA ESPECIFICA;Avenida Malecon Miguel Checa Eguiguren;19/1/2025;-77.008451
A-2025-01-28;20:00.0;ATROPELLO FUGA;1;0;NULL;TUMBES;TUMBES;LA CRUZ;RURAL;CARRETERA;NACIONAL;PE-1N;-3.620249;DESPEJADO;RURAL;TRAMO RECTO;PLANA ;ASFALTADA;NULL;NULL;NULL;NULL;IMPRUDENCIA DEL PEATÓN;ESTADO DE EBRIEDAD Y/O DROGADICCIÓN;Carretera Panamericana Norte;19/1/2025;-80.555018
A-2025-01-29;30:00.0;DESPISTE;1;0;1;TUMBES;TUMBES;PAMPAS DE HOSPITAL;RURAL;CARRETERA;DEPARTAMENTAL;TU-104;-3.686183;DESPEJADO;RURAL;TRAMO RECTO;PLANA ;ASFALTADA;NULL;NULL;NULL;NULL;IMPRUDENCIA DEL CONDUCTOR;CONDUCIR EN ESTADO DE EBRIEDAD Y/O DROGADICCIÓN;Carretera Tumbes - Pampas de Hospital;19/1/2025;-80.437297
A-2025-01-17;25:00.0;FERROVIARIO;1;1;NULL;AREQUIPA;AREQUIPA;UCHUMAYO;RURAL;SIN CLASIFICAR;SIN CLASIFICAR;CARRETERA SIN CLASIFICAR VIA FERREA;-16.40713;DESPEJADO;RURAL;TRAMO RECTO;PLANA ;CASCAJO/RIPIO;NULL;NULL;NULL;NULL;EN PROCESO DE INVESTIGACIÓN;NO CUENTA CON CAUSA ESPECIFICA;Quishuarani;20/1/2025;-71.72668
A-2025-01-18;30:00.0;CHOQUE;1;0;NULL;AREQUIPA;AREQUIPA;VITOR;URBANA;AVENIDA;URBANO;NO CORRESPONDE;-16.345132;DESPEJADO;RESIDENCIAL;INTERSECCIÓN;PLANA ;ASFALTADA;SI;REGULADORA (R);NULL;SI;EN PROCESO DE INVESTIGACIÓN;NO CUENTA CON CAUSA ESPECIFICA;Calle Canadá;20/1/2025;-71.584509
A-2025-01-113;50:00.0;ATROPELLO;1;0;NULL;LIMA;LIMA;VILLA MARIA DEL TRIUNFO;URBANA;AVENIDA;URBANO;NO CORRESPONDE;-12.175093;DESPEJADO;RESIDENCIAL;TRAMO RECTO;PLANA ;ASFALTADA;NULL;NULL;NULL;NULL;EN PROCESO DE INVESTIGACIÓN;NO CUENTA CON CAUSA ESPECIFICA;Avenida 26 de Noviembre;20/1/2025;-76.936296
A-2025-01-21;58:00.0;VOLCADURA;1;0;1;SAN MARTIN;RIOJA;RIOJA;RURAL;CARRETERA;NACIONAL;PE-5N;-6.049593;DESPEJADO;RURAL;TRAMO RECTO;PLANA ;ASFALTADA;NULL;NULL;NULL;NULL;EN PROCESO DE INVESTIGACIÓN;NO CUENTA CON CAUSA ESPECIFICA;Carretera Presidente Fernando Belaúnde Terry;20/1/2025;-77.149162
A-2025-01-128;10:00.0;DESPISTE;1;1;1;PIURA;PIURA;VEINTISEIS DE OCTUBRE;RURAL;CARRETERA;NACIONAL;PE-1N;-5.142745;DESPEJADO;RURAL;TRAMO RECTO;PLANA ;ASFALTADA;SI;REGULADORA (R);NULL;NO;EN PROCESO DE INVESTIGACIÓN;NO CUENTA CON CAUSA ESPECIFICA;Carretera Panamericana Norte;20/1/2025;-80.698673
A-2025-01-114;30:00.0;DESPISTE;1;0;NULL;LIMA;LIMA;COMAS;URBANA;AVENIDA;URBANO;NO CORRESPONDE;-11.956789;DESPEJADO;COMERCIAL;TRAMO RECTO;PLANA ;ASFALTADA;NULL;NULL;NULL;NULL;EN PROCESO DE INVESTIGACIÓN;NO CUENTA CON CAUSA ESPECIFICA;Avenida Universitaria;20/1/2025;-77.059984
A-2025-01-98;00:00.0;CHOQUE;1;1;NULL;CUSCO;URUBAMBA;OLLANTAYTAMBO;RURAL;CARRETERA;NACIONAL;PE-28B;-13.25104;DESPEJADO;RURAL;TRAMO RECTO;PLANA ;ASFALTADA;NULL;NULL;NULL;NULL;IMPRUDENCIA DEL CONDUCTOR;EXCESO DE VELOCIDAD;PE-28B;21/1/2025;-72.27744
A-2025-01-50;30:00.0;DESPISTE;1;2;1;HUANCAVELICA;CHURCAMPA;COSME;RURAL;CARRETERA;NACIONAL;PE-3S;-12.608418;DESPEJADO;RURAL;TRAMO RECTO;PLANA ;TROCHA;NULL;NULL;NULL;NULL;EN PROCESO DE INVESTIGACIÓN;NO CUENTA CON CAUSA ESPECIFICA;Carretera Longitudinal de la Sierra Sur;21/1/2025;-74.659676
A-2025-01-115;30:00.0;DESPISTE;3;5;NULL;LIMA;LIMA;SAN MARTIN DE PORRES;URBANA;AVENIDA;URBANO;NO CORRESPONDE;-12.006036;DESPEJADO;COMERCIAL;INTERSECCIÓN;PLANA ;ASFALTADA;SI;PREVENTIVA (P);NULL;NO;EN PROCESO DE INVESTIGACIÓN;NO CUENTA CON CAUSA ESPECIFICA;Avenida Universitaria;21/1/2025;-77.082678
A-2025-01-93;20:00.0;ATROPELLO FUGA;1;0;1;CUSCO;ANTA;ZURITE;RURAL;CARRETERA;NACIONAL;PE-3S;-13.4863;LLUVIOSO;RURAL;TRAMO RECTO;PLANA ;ASFALTADA;NULL;NULL;NULL;NULL;IMPRUDENCIA DEL CONDUCTOR;EXCESO DE VELOCIDAD;Carretera Longitudinal de la Sierra Sur;21/1/2025;-72.2498
A-2025-01-110;30:00.0;ATROPELLO FUGA;1;0;1;CUSCO;ANTA;ANTA;RURAL;CARRETERA;NACIONAL;PE-3S;-13.498594;DESPEJADO;RURAL;TRAMO RECTO;PLANA ;ASFALTADA;NULL;NULL;NULL;NULL;IMPRUDENCIA DEL CONDUCTOR;EXCESO DE VELOCIDAD;Carretera Longitudinal de la Sierra Sur;21/1/2025;-72.186416
A-2025-01-20;40:00.0;CHOQUE;1;0;NULL;AREQUIPA;AREQUIPA;YURA;RURAL;CARRETERA;NACIONAL;PE-34A;-16.06732;DESPEJADO;RURAL;TRAMO RECTO;INCLINADA;ASFALTADA;SI;PREVENTIVA (P);PREVENTIVA (P);SI;EN PROCESO DE INVESTIGACIÓN;NO CUENTA CON CAUSA ESPECIFICA;Vía Interoceánica Sur - Tramo 5;22/1/2025;-71.56131
A-2025-01-116;00:00.0;CHOQUE;1;0;NULL;LIMA;LIMA;VILLA EL SALVADOR;URBANA;AVENIDA;URBANO;NO CORRESPONDE;-12.215418;DESPEJADO;RESIDENCIAL;INTERSECCIÓN;PLANA ;ASFALTADA;NO;NULL;NULL;SI;EN PROCESO DE INVESTIGACIÓN;NO CUENTA CON CAUSA ESPECIFICA;Avenida María Elena Moyano;23/1/2025;-76.952415
A-2025-01-69;00:00.0;DESPISTE;1;0;1;CAJAMARCA;CUTERVO;CALLAYUC;RURAL;CARRETERA;PROVINCIAL;CA-822;-6.141162;DESPEJADO;RURAL;CURVA;INCLINADA;AFIRMADO;NULL;NULL;NULL;NULL;IMPRUDENCIA DEL CONDUCTOR;OTRO (IMPRUDENCIA DEL CONDUCTOR);CA-814;23/1/2025;-78.908867
A-2025-01-92;22:00.0;DESPISTE;1;0;1;CUSCO;PAUCARTAMBO;HUANCARANI;URBANA;CALLE;URBANO;NO CORRESPONDE;-13.502974;DESPEJADO;RESIDENCIAL;INTERSECCIÓN;PLANA ;CONCRETO;NULL;NULL;NULL;NULL;IMPRUDENCIA DEL CONDUCTOR;CONDUCIR EN ESTADO DE EBRIEDAD Y/O DROGADICCIÓN;Quiñer;23/1/2025;-71.656937
A-2025-01-70;30:00.0;DESPISTE;1;0;1;CAJAMARCA;CAJAMARCA;CAJAMARCA;URBANA;CARRETERA;SIN CLASIFICAR;SIN CLASIFICAR;-7.209173;DESPEJADO;COMERCIAL;TRAMO RECTO;INCLINADA;AFIRMADO;NULL;NULL;NULL;NULL;IMPRUDENCIA DEL CONDUCTOR;CONDUCIR EN ESTADO DE EBRIEDAD Y/O DROGADICCIÓN;Agopampa;23/1/2025;-78.469036
A-2025-01-56;00:00.0;DESPISTE;1;4;1;ANCASH;SIHUAS;RAGASH;RURAL;CARRETERA;PROVINCIAL;AN-558;-8.456682;DESPEJADO;RURAL;SINUOSA;INCLINADA;TROCHA;NULL;NULL;NULL;NULL;EN PROCESO DE INVESTIGACIÓN;NO CUENTA CON CAUSA ESPECIFICA;AN-558;24/1/2025;-77.683555
A-2025-01-22;30:00.0;DESPISTE;1;0;1;SAN MARTIN;RIOJA;PARDO MIGUEL;RURAL;CARRETERA;NACIONAL;PE-5N;-5.767011;DESPEJADO;RURAL;TRAMO RECTO;PLANA ;ASFALTADA;NULL;NULL;NULL;NULL;EN PROCESO DE INVESTIGACIÓN;NO CUENTA CON CAUSA ESPECIFICA;Carretera Presidente Fernando Belaúnde Terry;24/1/2025;-77.447328
A-2025-01-71;00:00.0;DESPISTE;1;0;1;CAJAMARCA;CONTUMAZA;SAN BENITO;RURAL;CARRETERA;SIN CLASIFICAR;SIN CLASIFICAR;-7.386466;DESPEJADO;RURAL;TRAMO RECTO;INCLINADA;AFIRMADO;NULL;NULL;NULL;NULL;IMPRUDENCIA DEL CONDUCTOR;EXCESO DE VELOCIDAD;Contumazá;24/1/2025;-78.87999
A-2025-01-19;00:00.0;ATROPELLO FUGA;1;1;1;LIMA;HUARAL;HUARAL;RURAL;CARRETERA;NACIONAL;PE-20C;-11.518009;SOLEADO;RURAL;TRAMO RECTO;PLANA ;ASFALTADA;NULL;NULL;NULL;NULL;EN PROCESO DE INVESTIGACIÓN;NO CUENTA CON CAUSA ESPECIFICA;Carretera Lima - Huaral;24/1/2025;-77.205347
A-2025-01-30;50:00.0;VOLCADURA;1;1;2;TUMBES;TUMBES;CORRALES;RURAL;CARRETERA;NACIONAL;PE-1N;-3.604139;DESPEJADO;RURAL;TRAMO RECTO;PLANA ;ASFALTADA;SI;PREVENTIVA (P);NULL;NO;IMPRUDENCIA DEL CONDUCTOR;OTRO (IMPRUDENCIA DEL CONDUCTOR);Carretera Panamericana Norte;25/1/2025;-80.498575