CÓDIGO SINIESTRO;HORA SINIESTRO;CLASE SINIESTRO;CANTIDAD DE FALLECIDOS;CANTIDAD DE LESIONADOS;CANTIDAD DE VEHICULOS DAÑADOS;DEPARTAMENTO;PROVINCIA;DISTRITO;ZONA;TIPO DE VÍA;RED VIAL;COD CARRETERA;COORDENADAS LATITUD;CONDICIÓN CLIMÁTICA;ZONIFICACIÓN;CARACTERÍSTICAS DE VÍA;PERFIL LONGITUDINAL VÍA;SUPERFICIE DE CALZADA;¿EXISTE SEÑAL VERTICAL?;CLASIFICACIÓN DE LA SEÑAL VERTICAL Nº 1;CLASIFICACIÓN DE LA SEÑAL VERTICAL Nº 2;¿EXISTE SEÑAL HORIZONTAL?;CAUSA FACTOR PRINCIPAL;CAUSA ESPECÍFICA;UBICACION;FECHA SINIESTRO;COORDENADAS LONGITUD
A-2025-01-23;00:00.0;ATROPELLO FUGA;1;0;NULL;PUNO;PUNO;CHUCUITO;RURAL;CARRETERA;NACIONAL;PE-3S;-15.919678;NULL;NULL;NULL;NULL;NULL;NULL;NULL;NULL;NULL;EN PROCESO DE INVESTIGACIÓN;NO CUENTA CON CAUSA ESPECIFICA;Carretera Longitudinal de la Sierra Sur;25/1/2025;-69.881995
A-2025-01-108;30:00.0;CHOQUE;1;0;3;CUSCO;QUISPICANCHI;CAMANTI;RURAL;CARRETERA;NACIONAL;PE-30C;-13.242795;DESPEJADO;RURAL;TRAMO RECTO;PLANA ;ASFALTADA;NULL;NULL;NULL;NULL;IMPRUDENCIA DEL CONDUCTOR;CONDUCIR EN ESTADO DE EBRIEDAD Y/O DROGADICCIÓN;Interoceanica Sur;26/1/2025;-70.773526
A-2025-01-109;45:00.0;DESPISTE;3;0;1;CUSCO;ANTA;HUAROCONDO;RURAL;CARRETERA;PROVINCIAL;CU-1209;-13.40366;DESPEJADO;RURAL;CURVA;INCLINADA;TROCHA;NULL;NULL;NULL;NULL;IMPERICIA DEL CONDUCTOR;NULL;Huarocondo;26/1/2025;-72.207542
A-2025-01-133;00:00.0;CHOQUE;1;3;2;PIURA;PIURA;CASTILLA;RURAL;CARRETERA;NACIONAL;PE-1NJ;-5.178023;DESPEJADO;INDUSTRIAL;TRAMO RECTO;PLANA ;ASFALTADA;NULL;NULL;NULL;NULL;EN PROCESO DE INVESTIGACIÓN;NO CUENTA CON CAUSA ESPECIFICA;Carretera Interoceánica Norte;26/1/2025;-80.564224
A-2025-01-99;16:00.0;CHOQUE CON OBJETO FIJO;1;0;NULL;CUSCO;CUSCO;CUSCO;URBANA;AVENIDA;URBANO;NO CORRESPONDE;-13.524831;DESPEJADO;COMERCIAL;TRAMO RECTO;PLANA ;CONCRETO;NULL;NULL;NULL;NULL;IMPRUDENCIA DEL CONDUCTOR;EXCESO DE VELOCIDAD;Avenida El Sol;27/1/2025;-71.972817
A-2025-01-117;00:00.0;ATROPELLO;1;0;NULL;LIMA;LIMA;LIMA;URBANA;AVENIDA;URBANO;NO CORRESPONDE;-12.057409;DESPEJADO;COMERCIAL;TRAMO RECTO;PLANA ;ASFALTADA;NULL;NULL;NULL;NULL;EN PROCESO DE INVESTIGACIÓN;NO CUENTA CON CAUSA ESPECIFICA;Avenida Almirante Miguel Grau;27/1/2025;-77.01798
A-2025-01-129;00:00.0;ATROPELLO FUGA;1;0;NULL;PIURA;MORROPON;LA MATANZA;RURAL;CARRETERA;NACIONAL;PE-02A;-5.229517;DESPEJADO;RURAL;TRAMO RECTO;PLANA ;ASFALTADA;NULL;NULL;NULL;NULL;EN PROCESO DE INVESTIGACIÓN;NO CUENTA CON CAUSA ESPECIFICA;PE-02A;28/1/2025;-80.04635
A-2025-01-118;30:00.0;CHOQUE;1;1;NULL;LIMA;LIMA;ATE;URBANA;CARRETERA;DEPARTAMENTAL;LM-117;-12.062008;DESPEJADO;COMERCIAL;INTERSECCIÓN;PLANA ;ASFALTADA;NULL;NULL;NULL;NULL;EN PROCESO DE INVESTIGACIÓN;NO CUENTA CON CAUSA ESPECIFICA;Calle Los Talladores;28/1/2025;-76.9613
A-2025-01-53;25:00.0;DESPISTE;2;7;1;HUANCAVELICA;ANGARAES;LIRCAY;RURAL;CARRETERA;DEPARTAMENTAL;HV-116;-13.001259;DESPEJADO;RURAL;CURVA;INCLINADA;ASFALTADA;SI;PREVENTIVA (P);NULL;NO;EN PROCESO DE INVESTIGACIÓN;NO CUENTA CON CAUSA ESPECIFICA;HV-116;28/1/2025;-74.783961
A-2025-01-130;20:00.0;DESPISTE;1;1;1;PIURA;PIURA;PIURA;RURAL;CARRETERA;SIN CLASIFICAR;SIN CLASIFICAR;-5.061807;DESPEJADO;RURAL;TRAMO RECTO;PLANA ;ASFALTADA;NULL;NULL;NULL;NULL;EN PROCESO DE INVESTIGACIÓN;NO CUENTA CON CAUSA ESPECIFICA;San Juan de Curumuy;28/1/2025;-80.659378
A-2025-01-27;15:00.0;ATROPELLO;1;0;NULL;AREQUIPA;AREQUIPA;YANAHUARA;URBANA;CARRETERA;NACIONAL;PE-34A;-16.295844;DESPEJADO;RURAL;TRAMO RECTO;PLANA ;ASFALTADA;SI;REGULADORA (R);PREVENTIVA (P);NO;EN PROCESO DE INVESTIGACIÓN;NO CUENTA CON CAUSA ESPECIFICA;Vía Interoceánica Sur - Tramo 5;29/1/2025;-71.628494
A-2025-01-119;30:00.0;CHOQUE;1;1;NULL;LIMA;LIMA;PUNTA NEGRA;URBANA;AVENIDA;URBANO;NO CORRESPONDE;-12.370402;DESPEJADO;RESIDENCIAL;TRAMO RECTO;PLANA ;ASFALTADA;NULL;NULL;NULL;NULL;EN PROCESO DE INVESTIGACIÓN;NO CUENTA CON CAUSA ESPECIFICA;Antigua Panamericana Sur;29/1/2025;-76.789477
A-2025-01-52;30:00.0;ATROPELLO FUGA;1;0;NULL;ICA;CHINCHA;GROCIO PRADO;RURAL;CARRETERA;NACIONAL;PE-1S;-13.379285;DESPEJADO;RURAL;TRAMO RECTO;PLANA ;ASFALTADA;NULL;NULL;NULL;NULL;EN PROCESO DE INVESTIGACIÓN;NO CUENTA CON CAUSA ESPECIFICA;Carretera Panamericana Sur;30/1/2025;-76.206371
A-2025-01-120;05:00.0;CHOQUE;1;0;NULL;LIMA;LIMA;LURIGANCHO;RURAL;AVENIDA;URBANO;NO CORRESPONDE;-11.995276;DESPEJADO;RURAL;TRAMO RECTO;PLANA ;ASFALTADA;NULL;NULL;NULL;NULL;EN PROCESO DE INVESTIGACIÓN;NO CUENTA CON CAUSA ESPECIFICA;Avenida Las Torres;30/1/2025;-76.929913
A-2025-01-132;30:00.0;ATROPELLO;1;0;1;PIURA;PIURA;CASTILLA;URBANA;AVENIDA;URBANO;NO CORRESPONDE;-5.193841;DESPEJADO;COMERCIAL;TRAMO RECTO;PLANA ;ASFALTADA;NULL;NULL;NULL;NULL;EN PROCESO DE INVESTIGACIÓN;NO CUENTA CON CAUSA ESPECIFICA;Avenida Guardia Civil;30/1/2025;-80.622171
A-2025-01-131;45:00.0;VOLCADURA;1;2;1;PIURA;MORROPON;YAMANGO;RURAL;CARRETERA;PROVINCIAL;PI-807;-5.165408;DESPEJADO;RURAL;TRAMO RECTO;PLANA ;TROCHA;NULL;NULL;NULL;NULL;EN PROCESO DE INVESTIGACIÓN;NO CUENTA CON CAUSA ESPECIFICA;Yamango;31/1/2025;-79.777564
A-2025-02-21;00:00.0;DESPISTE;1;0;NULL;LA LIBERTAD;TRUJILLO;HUANCHACO;RURAL;CARRETERA;NACIONAL;PE-1N;-8.105663;NULL;NULL;NULL;NULL;NULL;NULL;NULL;NULL;NULL;EN PROCESO DE INVESTIGACIÓN;NO CUENTA CON CAUSA ESPECIFICA;Carretera Panamericana Norte;1/2/2025;-79.098093
A-2025-02-60;40:00.0;DESPISTE;1;2;1;CAJAMARCA;CUTERVO;CUTERVO;RURAL;CARRETERA;NACIONAL;PE-3ND;-6.352866;DESPEJADO;RURAL;TRAMO RECTO;PLANA ;AFIRMADO;NULL;NULL;NULL;NULL;IMPRUDENCIA DEL CONDUCTOR;OTRO (IMPRUDENCIA DEL CONDUCTOR);PE-3ND;1/2/2025;-78.749786
A-2025-02-103;45:00.0;CHOQUE;1;0;1;CUSCO;LA CONVENCION;SANTA ANA;RURAL;CARRETERA;NACIONAL;PE-28B;-12.86257;DESPEJADO;RURAL;TRAMO RECTO;PLANA ;ASFALTADA;NULL;NULL;NULL;NULL;IMPRUDENCIA DEL CONDUCTOR;CONDUCIR EN ESTADO DE EBRIEDAD Y/O DROGADICCIÓN;Avenida Francisco Bolognesi;1/2/2025;-72.69468
A-2025-02-76;20:00.0;CHOQUE;1;0;NULL;LIMA;LIMA;LURIGANCHO;URBANA;CARRETERA;DEPARTAMENTAL;LM-114;-12.013163;DESPEJADO;COMERCIAL;INTERSECCIÓN;PLANA ;ASFALTADA;NULL;NULL;NULL;NULL;EN PROCESO DE INVESTIGACIÓN;NO CUENTA CON CAUSA ESPECIFICA;Avenida Las Torres;1/2/2025;-76.902096
A-2025-02-49;00:00.0;DESPISTE;1;3;1;HUANCAVELICA;HUANCAVELICA;YAULI;RURAL;CARRETERA;PROVINCIAL;HV-789;-12.772116;LLUVIOSO;RURAL;CURVA;INCLINADA;TROCHA;NULL;NULL;NULL;NULL;EN PROCESO DE INVESTIGACIÓN;NO CUENTA CON CAUSA ESPECIFICA;Atalla;1/2/2025;-74.855551
A-2025-02-2;50:00.0;DESPISTE;1;0;NULL;PUNO;CHUCUITO;HUACULLANI;RURAL;CARRETERA;NACIONAL;PE-36A;-16.673215;NULL;NULL;NULL;NULL;NULL;NULL;NULL;NULL;NULL;EN PROCESO DE INVESTIGACIÓN;NO CUENTA CON CAUSA ESPECIFICA;Carretera Binacional;1/2/2025;-69.496003
A-2025-02-63;30:00.0;DESPISTE;1;0;1;CAJAMARCA;SAN IGNACIO;CHIRINOS;RURAL;CARRETERA;NACIONAL;PE-5N;-5.3319;DESPEJADO;RURAL;TRAMO RECTO;PLANA ;ASFALTADA;NULL;NULL;NULL;NULL;IMPRUDENCIA DEL CONDUCTOR;EXCESO DE VELOCIDAD;PE-5N;2/2/2025;-78.79707
A-2025-02-3;45:00.0;ATROPELLO;1;0;NULL;PUNO;PUNO;PUNO;URBANA;CARRETERA;PROVINCIAL;PU-943;-15.827733;DESPEJADO;COMERCIAL;TRAMO RECTO;PLANA ;ASFALTADA;NULL;NULL;NULL;NULL;IMPRUDENCIA DEL CONDUCTOR;CONDUCIR EN ESTADO DE EBRIEDAD Y/O DROGADICCIÓN;Avenida Floral;2/2/2025;-70.015776
A-2025-02-1;07:00.0;DESPISTE;1;0;1;LIMA;HUARAL;HUARAL;RURAL;CARRETERA;NACIONAL;PE-1NB;-11.518092;DESPEJADO;RURAL;TRAMO RECTO;PLANA ;ASFALTADA;NULL;NULL;NULL;NULL;EN PROCESO DE INVESTIGACIÓN;NO CUENTA CON CAUSA ESPECIFICA;Carretera Chancay - Huaral;2/2/2025;-77.240741
A-2025-02-71;20:00.0;CHOQUE;1;0;2;CUSCO;LA CONVENCION;ECHARATE;RURAL;CARRETERA;NACIONAL;PE-28B;-12.64993;DESPEJADO;RURAL;CURVA;PLANA ;ASFALTADA;NULL;NULL;NULL;NULL;IMPRUDENCIA DEL CONDUCTOR;CONDUCIR EN ESTADO DE EBRIEDAD Y/O DROGADICCIÓN;PE-28B;2/2/2025;-72.545248
A-2025-02-109;50:00.0;CHOQUE FUGA;1;0;1;PIURA;SECHURA;VICE;RURAL;CARRETERA;NACIONAL;PE-1NK;-5.43769;DESPEJADO;RURAL;TRAMO RECTO;PLANA ;ASFALTADA;NULL;NULL;NULL;NULL;EN PROCESO DE INVESTIGACIÓN;NO CUENTA CON CAUSA ESPECIFICA;Carretera Piura - Sechura;2/2/2025;-80.810483
A-2025-02-45;20:00.0;CHOQUE;1;1;2;TUMBES;TUMBES;CORRALES;RURAL;CARRETERA;NACIONAL;PE-1N;-3.580604;DESPEJADO;RURAL;TRAMO RECTO;PLANA ;ASFALTADA;NULL;NULL;NULL;NULL;IMPRUDENCIA DEL CONDUCTOR;INVASIÓN DE CARRIL;Carretera Panamericana Norte;2/2/2025;-80.469709
A-2025-02-11;50:00.0;ATROPELLO;1;0;NULL;AREQUIPA;AREQUIPA;LA JOYA;RURAL;CARRETERA;NACIONAL;PE-1S;-16.491962;DESPEJADO;RURAL;TRAMO RECTO;PLANA ;ASFALTADA;NO;NULL;NULL;SI;EN PROCESO DE INVESTIGACIÓN;NO CUENTA CON CAUSA ESPECIFICA;Carretera Panamericana Sur;2/2/2025;-71.854073
A-2025-02-61;55:00.0;CHOQUE;2;1;2;CAJAMARCA;CAJAMARCA;LOS BAÑOS DEL INCA;RURAL;CARRETERA;NACIONAL;PE-08B;-7.147659;DESPEJADO;RURAL;CURVA;INCLINADA;ASFALTADA;SI;PREVENTIVA (P);NULL;NO;IMPRUDENCIA DEL CONDUCTOR;OTRO (IMPRUDENCIA DEL CONDUCTOR);PE-08B;3/2/2025;-78.410616
A-2025-02-50;00:00.0;DESPISTE;1;1;1;HUANCAVELICA;TAYACAJA;ACOSTAMBO;RURAL;CARRETERA;NACIONAL;PE-3S;-12.399621;DESPEJADO;RURAL;TRAMO RECTO;PLANA ;ASFALTADA;SI;PREVENTIVA (P);NULL;SI;EN PROCESO DE INVESTIGACIÓN;NO CUENTA CON CAUSA ESPECIFICA;Carretera Longitudinal de la Sierra Sur;4/2/2025;-75.048536
A-2025-02-15;30:00.0;CHOQUE;2;1;NULL;AREQUIPA;AREQUIPA;YURA;URBANA;CARRETERA;NACIONAL;PE-34A;-16.109627;NUBLADO;RURAL;CURVA;INCLINADA;ASFALTADA;NO;NULL;NULL;SI;EN PROCESO DE INVESTIGACIÓN;NO CUENTA CON CAUSA ESPECIFICA;Vía Interoceánica Sur - Tramo 5;4/2/2025;-71.629489
A-2025-02-77;00:00.0;ATROPELLO;1;0;NULL;LIMA;LIMA;SAN JUAN DE MIRAFLORES;URBANA;CARRETERA;NACIONAL;PE-1S;-12.191107;DESPEJADO;INDUSTRIAL;TRAMO RECTO;PLANA ;ASFALTADA;NULL;NULL;NULL;NULL;EN PROCESO DE INVESTIGACIÓN;NO CUENTA CON CAUSA ESPECIFICA;Carretera Panamericana Sur;4/2/2025;-76.972735
A-2025-02-78;30:00.0;ATROPELLO FUGA;1;0;NULL;LIMA;LIMA;LA VICTORIA;URBANA;AVENIDA;URBANO;NO CORRESPONDE;-12.069892;DESPEJADO;COMERCIAL;TRAMO RECTO;PLANA ;ASFALTADA;NULL;NULL;NULL;NULL;EN PROCESO DE INVESTIGACIÓN;NO CUENTA CON CAUSA ESPECIFICA;Prolongación Parinacochas;4/2/2025;-77.016827
A-2025-02-79;50:00.0;DESPISTE;1;0;NULL;LIMA;LIMA;CHACLACAYO;URBANA;CARRETERA;NACIONAL;PE-22;-11.993569;DESPEJADO;INDUSTRIAL;TRAMO RECTO;PLANA ;ASFALTADA;NULL;NULL;NULL;NULL;EN PROCESO DE INVESTIGACIÓN;NO CUENTA CON CAUSA ESPECIFICA;Carretera Central;5/2/2025;-76.82844
A-2025-02-80;30:00.0;ATROPELLO FUGA;1;0;NULL;LIMA;LIMA;VILLA MARIA DEL TRIUNFO;URBANA;AVENIDA;URBANO;NO CORRESPONDE;-12.179742;DESPEJADO;RESIDENCIAL;INTERSECCIÓN;PLANA ;ASFALTADA;NULL;NULL;NULL;NULL;EN PROCESO DE INVESTIGACIÓN;NO CUENTA CON CAUSA ESPECIFICA;Avenida Ramiro Merino;5/2/2025;-76.936856
A-2025-02-81;30:00.0;ATROPELLO;1;0;NULL;LIMA;LIMA;LA VICTORIA;URBANA;AVENIDA;URBANO;NO CORRESPONDE;-12.081413;DESPEJADO;COMERCIAL;TRAMO RECTO;PLANA ;ASFALTADA;NULL;NULL;NULL;NULL;EN PROCESO DE INVESTIGACIÓN;NO CUENTA CON CAUSA ESPECIFICA;Avenida Canadá;5/2/2025;-77.018898
A-2025-02-82;55:00.0;ATROPELLO;1;1;NULL;LIMA;LIMA;SANTIAGO DE SURCO;URBANA;AVENIDA;URBANO;NO CORRESPONDE;-12.16047;DESPEJADO;RESIDENCIAL;INTERSECCIÓN;PLANA ;ASFALTADA;NULL;NULL;NULL;NULL;EN PROCESO DE INVESTIGACIÓN;NO CUENTA CON CAUSA ESPECIFICA;Avenida Los Próceres;5/2/2025;-76.989347
A-2025-02-22;50:00.0;CHOQUE FUGA;1;0;1;LA LIBERTAD;CHEPEN;CHEPEN;RURAL;CARRETERA;NACIONAL;PE-1N;-7.22242;DESPEJADO;RURAL;TRAMO RECTO;PLANA ;ASFALTADA;NULL;NULL;NULL;NULL;EN PROCESO DE INVESTIGACIÓN;NO CUENTA CON CAUSA ESPECIFICA;Carretera Panamericana Norte;5/2/2025;-79.438409
A-2025-02-14;00:00.0;CHOQUE;1;2;2;ICA;CHINCHA;GROCIO PRADO;RURAL;CARRETERA;NACIONAL;PE-1S;-13.383005;DESPEJADO;RURAL;TRAMO RECTO;PLANA ;ASFALTADA;NULL;NULL;NULL;NULL;EN PROCESO DE INVESTIGACIÓN;NO CUENTA CON CAUSA ESPECIFICA;Carretera Panamericana Sur;6/2/2025;-76.204386
A-2025-02-83;55:00.0;VOLCADURA;1;0;NULL;LIMA;LIMA;SANTA ANITA;URBANA;AVENIDA;URBANO;NO CORRESPONDE;-12.050702;DESPEJADO;INDUSTRIAL;TRAMO RECTO;PLANA ;ASFALTADA;NULL;NULL;NULL;NULL;EN PROCESO DE INVESTIGACIÓN;NO CUENTA CON CAUSA ESPECIFICA;Avenida Nicolás de Ayllón;6/2/2025;-76.955375
A-2025-02-106;35:00.0;ATROPELLO;1;0;NULL;LIMA;LIMA;LA MOLINA;URBANA;AVENIDA;URBANO;NO CORRESPONDE;-12.061589;DESPEJADO;INDUSTRIAL;TRAMO RECTO;PLANA ;ASFALTADA;NULL;NULL;NULL;NULL;EN PROCESO DE INVESTIGACIÓN;NO CUENTA CON CAUSA ESPECIFICA;Avenida Separadora Industrial;6/2/2025;-76.953315
A-2025-02-16;35:00.0;CHOQUE;1;0;NULL;AREQUIPA;AREQUIPA;LA JOYA;URBANA;CARRETERA;NACIONAL;PE-1S;-16.679576;DESPEJADO;INDUSTRIAL;TRAMO RECTO;PLANA ;ASFALTADA;SI;REGULADORA (R);PREVENTIVA (P);SI;EN PROCESO DE INVESTIGACIÓN;NO CUENTA CON CAUSA ESPECIFICA;Carretera Panamericana Sur;6/2/2025;-71.870924
A-2025-02-57;25:00.0;DESPISTE;1;0;1;AYACUCHO;HUAMANGA;ANDRES AVELINO CACERES DORREGARAY;URBANA;AVENIDA;URBANO;NO CORRESPONDE;-13.161563;DESPEJADO;RESIDENCIAL;TRAMO RECTO;PLANA ;ASFALTADA;SI;INFORMATIVA (I);NULL;NO;IMPRUDENCIA DEL CONDUCTOR;CONDUCIR EN ESTADO DE EBRIEDAD Y/O DROGADICCIÓN;Avenida Nuestra Señora de las Mercedes;7/2/2025;-74.211268
A-2025-02-84;20:00.0;DESPISTE;1;0;NULL;LIMA;LIMA;SAN LUIS;URBANA;AVENIDA;URBANO;NO CORRESPONDE;-12.08037;DESPEJADO;RESIDENCIAL;INTERSECCIÓN;PLANA ;ASFALTADA;SI;PREVENTIVA (P);NULL;NO;EN PROCESO DE INVESTIGACIÓN;NO CUENTA CON CAUSA ESPECIFICA;Avenida del Aire;7/2/2025;-77.003041
A-2025-02-110;30:00.0;DESPISTE;2;3;1;PIURA;HUANCABAMBA;HUANCABAMBA;RURAL;CARRETERA;PROVINCIAL;PI-853;-5.200849;DESPEJADO;RURAL;TRAMO RECTO;PLANA ;ASFALTADA;NULL;NULL;NULL;NULL;EN PROCESO DE INVESTIGACIÓN;NO CUENTA CON CAUSA ESPECIFICA;PI-853;7/2/2025;-79.477145
A-2025-02-5;20:00.0;ATROPELLO FUGA;1;0;NULL;PUNO;PUNO;PUNO;URBANA;JIRÓN;URBANO;NO CORRESPONDE;-15.837482;NULL;NULL;NULL;NULL;NULL;NULL;NULL;NULL;NULL;EN PROCESO DE INVESTIGACIÓN;NO CUENTA CON CAUSA ESPECIFICA;Jirón Cahuide;8/2/2025;-70.025428
A-2025-02-23;00:00.0;DESPISTE;1;0;1;LA LIBERTAD;OTUZCO;USQUIL;RURAL;CARRETERA;PROVINCIAL;LI-772;-7.760201;DESPEJADO;RURAL;TRAMO RECTO;PLANA ;ASFALTADA;NULL;NULL;NULL;NULL;EN PROCESO DE INVESTIGACIÓN;NO CUENTA CON CAUSA ESPECIFICA;LI-772;8/2/2025;-78.416542
A-2025-02-32;00:00.0;CHOQUE;1;0;NULL;AREQUIPA;CARAVELI;CHAPARRA;URBANA;CARRETERA;NACIONAL;PE-1S;-15.877421;DESPEJADO;RURAL;INTERSECCIÓN;INCLINADA;ASFALTADA;SI;PREVENTIVA (P);NULL;SI;EN PROCESO DE INVESTIGACIÓN;NO CUENTA CON CAUSA ESPECIFICA;Carretera Panamericana Sur;8/2/2025;-74.171943
A-2025-02-24;30:00.0;DESPISTE;3;0;1;LA LIBERTAD;SANCHEZ CARRION;CURGOS;RURAL;CARRETERA;DEPARTAMENTAL;LI-134;-7.894523;DESPEJADO;RURAL;TRAMO RECTO;PLANA ;TROCHA;NULL;NULL;NULL;NULL;EN PROCESO DE INVESTIGACIÓN;NO CUENTA CON CAUSA ESPECIFICA;LI-907;8/2/2025;-77.945967
A-2025-02-10;30:00.0;DESPISTE;1;0;1;LIMA;HUARAL;HUARAL;RURAL;CARRETERA;PROVINCIAL;LM-667;-11.416731;DESPEJADO;RURAL;TRAMO RECTO;PLANA ;ASFALTADA;NULL;NULL;NULL;NULL;EN PROCESO DE INVESTIGACIÓN;NO CUENTA CON CAUSA ESPECIFICA;Carretera Huaral - Sayán;8/2/2025;-77.292139
A-2025-02-85;10:00.0;ATROPELLO;1;0;NULL;LIMA;LIMA;PUENTE PIEDRA;URBANA;CARRETERA;NACIONAL;PE-1N;-11.826077;DESPEJADO;COMERCIAL;TRAMO RECTO;PLANA ;ASFALTADA;NULL;NULL;NULL;NULL;EN PROCESO DE INVESTIGACIÓN;NO CUENTA CON CAUSA ESPECIFICA;Carretera Panamericana Norte;8/2/2025;-77.121776
A-2025-02-54;30:00.0;ATROPELLO;1;0;NULL;ICA;CHINCHA;ALTO LARAN;URBANA;CARRETERA;NACIONAL;PE-1S;-13.444899;NULL;NULL;NULL;NULL;NULL;NULL;NULL;NULL;NULL;EN PROCESO DE INVESTIGACIÓN;NO CUENTA CON CAUSA ESPECIFICA;Antigua Carretera Panamericana Sur;8/2/2025;-76.13558
A-2025-02-86;50:00.0;ATROPELLO;1;0;NULL;LIMA;LIMA;CHACLACAYO;URBANA;CARRETERA;NACIONAL;PE-22;-11.980798;DESPEJADO;RESIDENCIAL;TRAMO RECTO;PLANA ;ASFALTADA;NULL;NULL;NULL;NULL;EN PROCESO DE INVESTIGACIÓN;NO CUENTA CON CAUSA ESPECIFICA;Carretera Central;9/2/2025;-76.792217
A-2025-02-88;10:00.0;ATROPELLO;1;0;NULL;LIMA;LIMA;RIMAC;URBANA;CARRETERA;NACIONAL;PE-1N;-12.040734;DESPEJADO;COMERCIAL;TRAMO RECTO;PLANA ;ASFALTADA;NULL;NULL;NULL;NULL;EN PROCESO DE INVESTIGACIÓN;NO CUENTA CON CAUSA ESPECIFICA;Vía de Evitamiento;9/2/2025;-77.017288
A-2025-02-6;00:00.0;DESPISTE;1;0;NULL;PUNO;PUNO;PICHACANI;RURAL;CARRETERA;SIN CLASIFICAR;SIN CLASIFICAR;-16.160242;NULL;NULL;NULL;NULL;NULL;NULL;NULL;NULL;NULL;EN PROCESO DE INVESTIGACIÓN;NO CUENTA CON CAUSA ESPECIFICA;Laraqueri;9/2/2025;-70.070883
A-2025-02-87;00:00.0;DESPISTE;1;1;NULL;LIMA;LIMA;SAN BARTOLO;RURAL;CARRETERA;NACIONAL;PE-1S;-12.397032;DESPEJADO;RURAL;TRAMO RECTO;PLANA ;ASFALTADA;NULL;NULL;NULL;NULL;EN PROCESO DE INVESTIGACIÓN;NO CUENTA CON CAUSA ESPECIFICA;Carretera Panamericana Sur;9/2/2025;-76.758067
A-2025-02-62;50:00.0;CHOQUE;1;1;3;CAJAMARCA;CUTERVO;CUTERVO;URBANA;JIRÓN;URBANO;NO CORRESPONDE;-6.377629;DESPEJADO;COMERCIAL;TRAMO RECTO;PLANA ;CONCRETO;NULL;NULL;NULL;NULL;EN PROCESO DE INVESTIGACIÓN;NO CUENTA CON CAUSA ESPECIFICA;Jirón Juan Z. Montenegro;9/2/2025;-78.814589
A-2025-02-89;00:00.0;CHOQUE;1;0;NULL;LIMA;LIMA;COMAS;URBANA;AVENIDA;URBANO;NO CORRESPONDE;-11.934026;DESPEJADO;RESIDENCIAL;TRAMO RECTO;PLANA ;ASFALTADA;NULL;NULL;NULL;NULL;EN PROCESO DE INVESTIGACIÓN;NO CUENTA CON CAUSA ESPECIFICA;Jirón Bernardo Monteagudo;9/2/2025;-77.061161
A-2025-02-17;50:00.0;ATROPELLO;1;1;NULL;AREQUIPA;ISLAY;MOLLENDO;URBANA;CARRETERA;NACIONAL;PE-1SD;-17.00552;NUBLADO;INDUSTRIAL;TRAMO RECTO;PLANA ;ASFALTADA;SI;REGULADORA (R);PREVENTIVA (P);SI;EN PROCESO DE INVESTIGACIÓN;NO CUENTA CON CAUSA ESPECIFICA;Autopista Costanera;9/2/2025;-72.014936
A-2025-02-8;00:00.0;ATROPELLO;1;0;1;PUNO;CHUCUITO;DESAGUADERO;RURAL;CARRETERA;NACIONAL;PE-3S;-16.560755;DESPEJADO;RURAL;TRAMO RECTO;PLANA ;ASFALTADA;NULL;NULL;NULL;NULL;IMPRUDENCIA DEL CONDUCTOR;CONDUCIR EN ESTADO DE EBRIEDAD Y/O DROGADICCIÓN;Avenida Cultura;9/2/2025;-69.04202
A-2025-02-7;15:00.0;CHOQUE FUGA;1;0;NULL;PUNO;YUNGUYO;YUNGUYO;RURAL;CARRETERA;DEPARTAMENTAL;PU-130;-16.34003;NULL;NULL;NULL;NULL;NULL;NULL;NULL;NULL;NULL;EN PROCESO DE INVESTIGACIÓN;NO CUENTA CON CAUSA ESPECIFICA;PU-130;9/2/2025;-69.048818
A-2025-02-90;30:00.0;ATROPELLO FUGA;1;0;NULL;LIMA;LIMA;LURIN;URBANA;CARRETERA;NACIONAL;PE-1S;-12.250098;DESPEJADO;COMERCIAL;TRAMO RECTO;PLANA ;ASFALTADA;NULL;NULL;NULL;NULL;EN PROCESO DE INVESTIGACIÓN;NO CUENTA CON CAUSA ESPECIFICA;Carretera Panamericana Sur;9/2/2025;-76.930909
A-2025-02-26;20:00.0;DESPISTE;1;2;1;LA LIBERTAD;TRUJILLO;POROTO;RURAL;CARRETERA;PROVINCIAL;LI-1078;-8.032687;DESPEJADO;RURAL;TRAMO RECTO;PLANA ;TROCHA;NULL;NULL;NULL;NULL;EN PROCESO DE INVESTIGACIÓN;NO CUENTA CON CAUSA ESPECIFICA;LI-1078;10/2/2025;-78.796355
A-2025-02-9;25:00.0;ATROPELLO;1;0;NULL;PUNO;PUNO;CHUCUITO;RURAL;CARRETERA;NACIONAL;PE-3S;-15.890218;NULL;NULL;NULL;NULL;NULL;NULL;NULL;NULL;NULL;IMPRUDENCIA DEL CONDUCTOR;EXCESO DE VELOCIDAD;Carretera Longitudinal de la Sierra Sur;11/2/2025;-69.888463