CÓDIGO SINIESTRO;HORA SINIESTRO;CLASE SINIESTRO;CANTIDAD DE FALLECIDOS;CANTIDAD DE LESIONADOS;CANTIDAD DE VEHICULOS DAÑADOS;DEPARTAMENTO;PROVINCIA;DISTRITO;ZONA;TIPO DE VÍA;RED VIAL;COD CARRETERA;COORDENADAS LATITUD;CONDICIÓN CLIMÁTICA;ZONIFICACIÓN;CARACTERÍSTICAS DE VÍA;PERFIL LONGITUDINAL VÍA;SUPERFICIE DE CALZADA;¿EXISTE SEÑAL VERTICAL?;CLASIFICACIÓN DE LA SEÑAL VERTICAL Nº 1;CLASIFICACIÓN DE LA SEÑAL VERTICAL Nº 2;¿EXISTE SEÑAL HORIZONTAL?;CAUSA FACTOR PRINCIPAL;CAUSA ESPECÍFICA;UBICACION;FECHA SINIESTRO;COORDENADAS LONGITUD
A-2025-02-91;30:00.0;DESPISTE;1;0;NULL;LIMA;LIMA;ATE;URBANA;CARRETERA;NACIONAL;PE-22;-12.009017;DESPEJADO;COMERCIAL;TRAMO RECTO;PLANA ;ASFALTADA;NULL;NULL;NULL;NULL;EN PROCESO DE INVESTIGACIÓN;NO CUENTA CON CAUSA ESPECIFICA;Carretera Central;11/2/2025;-76.864641
A-2025-02-58;30:00.0;ESPECIAL;1;0;0;AYACUCHO;HUANTA;HUAMANGUILLA;RURAL;CARRETERA;SIN CLASIFICAR;SIN CLASIFICAR;-13.012644;LLUVIOSO;RURAL;CURVA;INCLINADA;TROCHA;NULL;NULL;NULL;NULL;IMPRUDENCIA DEL CONDUCTOR;VEHÍCULO MAL ESTACIONADO;La Vega;12/2/2025;-74.223282
A-2025-02-92;15:00.0;ATROPELLO;1;0;NULL;LIMA;LIMA;PUNTA HERMOSA;URBANA;CARRETERA;NACIONAL;PE-1S;-12.314491;DESPEJADO;COMERCIAL;TRAMO RECTO;PLANA ;ASFALTADA;NULL;NULL;NULL;NULL;EN PROCESO DE INVESTIGACIÓN;NO CUENTA CON CAUSA ESPECIFICA;Carretera Panamericana Sur;13/2/2025;-76.832649
A-2025-02-12;10:00.0;ESPECIAL;3;30;2;LIMA;HUARAL;CHANCAY;RURAL;CARRETERA;NACIONAL;PE-1N;-11.607227;DESPEJADO;RURAL;PUENTE;PLANA ;ASFALTADA;SI;PREVENTIVA (P);NULL;NO;EN PROCESO DE INVESTIGACIÓN;NO CUENTA CON CAUSA ESPECIFICA;Carretera Panamericana Norte;14/2/2025;-77.240187
A-2025-02-27;30:00.0;ATROPELLO FUGA;1;0;NULL;LA LIBERTAD;PACASMAYO;SAN PEDRO DE LLOC;RURAL;CARRETERA;PROVINCIAL;LI-601;-7.45545;DESPEJADO;RURAL;TRAMO RECTO;PLANA ;TROCHA;NULL;NULL;NULL;NULL;EN PROCESO DE INVESTIGACIÓN;NO CUENTA CON CAUSA ESPECIFICA;LI-601;14/2/2025;-79.518053
A-2025-02-111;30:00.0;DESPISTE;1;0;1;PIURA;PIURA;CASTILLA;RURAL;CARRETERA;NACIONAL;PE-1NJ;-5.177138;DESPEJADO;RURAL;TRAMO RECTO;PLANA ;ASFALTADA;NULL;NULL;NULL;NULL;EN PROCESO DE INVESTIGACIÓN;NO CUENTA CON CAUSA ESPECIFICA;Óvalo de El Ventiuno;14/2/2025;-80.562283
A-2025-02-113;00:00.0;DESPISTE;1;1;NULL;PIURA;HUANCABAMBA;SONDOR;RURAL;CARRETERA;PROVINCIAL;PI-912;-5.486393;DESPEJADO;RURAL;CURVA;PLANA ;TROCHA;NULL;NULL;NULL;NULL;EN PROCESO DE INVESTIGACIÓN;NO CUENTA CON CAUSA ESPECIFICA;Sondor;14/2/2025;-79.366206
A-2025-02-18;30:00.0;ATROPELLO FUGA;1;0;NULL;AREQUIPA;AREQUIPA;YURA;URBANA;CARRETERA;NACIONAL;PE-34A;-16.305901;LLUVIOSO;RESIDENCIAL;TRAMO RECTO;PLANA ;ASFALTADA;SI;PREVENTIVA (P);NULL;SI;EN PROCESO DE INVESTIGACIÓN;NO CUENTA CON CAUSA ESPECIFICA;Vía Interoceánica Sur - Tramo 5;14/2/2025;-71.616539
A-2025-02-104;31:00.0;CHOQUE;1;0;NULL;CUSCO;CUSCO;POROY;RURAL;CARRETERA;NACIONAL;PE-3S;-13.497872;DESPEJADO;RURAL;TRAMO RECTO;PLANA ;ASFALTADA;NULL;NULL;NULL;NULL;IMPRUDENCIA DEL CONDUCTOR;INVASIÓN DE CARRIL;Carretera Longitudinal de la Sierra Sur;15/2/2025;-72.035011
A-2025-02-107;30:00.0;ATROPELLO FUGA;1;0;NULL;LIMA;LIMA;ATE;URBANA;AVENIDA;URBANO;NO CORRESPONDE;-12.03158;DESPEJADO;COMERCIAL;TRAMO RECTO;PLANA ;ASFALTADA;SI;INFORMATIVA (I);NULL;NO;EN PROCESO DE INVESTIGACIÓN;NO CUENTA CON CAUSA ESPECIFICA;Avenida Metropolitana;15/2/2025;-76.93158
A-2025-02-29;30:00.0;ATROPELLO;1;0;1;LA LIBERTAD;TRUJILLO;SALAVERRY;URBANA;CARRETERA;NACIONAL;PE-10;-8.195911;DESPEJADO;INDUSTRIAL;TRAMO RECTO;PLANA ;ASFALTADA;NULL;NULL;NULL;NULL;EN PROCESO DE INVESTIGACIÓN;NO CUENTA CON CAUSA ESPECIFICA;Avenida de la Marina;15/2/2025;-78.98995
A-2025-02-64;40:00.0;ATROPELLO;1;0;1;CAJAMARCA;HUALGAYOC;HUALGAYOC;RURAL;CARRETERA;NACIONAL;PE-3N;-6.721302;DESPEJADO;RURAL;TRAMO RECTO;INCLINADA;ASFALTADA;NULL;NULL;NULL;NULL;IMPRUDENCIA DEL PEATÓN;OTRO (IMPRUDENCIA DEL PEATÓN);Carretera Longitudinal de la Sierra Norte;15/2/2025;-78.558327
A-2025-02-30;10:00.0;CHOQUE;1;0;2;LA LIBERTAD;TRUJILLO;MOCHE;URBANA;CARRETERA;NACIONAL;PE-1N;-8.154496;DESPEJADO;INDUSTRIAL;TRAMO RECTO;PLANA ;ASFALTADA;NULL;NULL;NULL;NULL;EN PROCESO DE INVESTIGACIÓN;NO CUENTA CON CAUSA ESPECIFICA;Panamericana Norte;15/2/2025;-79.01234
A-2025-02-36;30:00.0;CHOQUE;1;2;2;LA LIBERTAD;ASCOPE;PAIJAN;RURAL;CARRETERA;NACIONAL;PE-1N;-7.75335;DESPEJADO;RURAL;TRAMO RECTO;PLANA ;ASFALTADA;NULL;NULL;NULL;NULL;EN PROCESO DE INVESTIGACIÓN;NO CUENTA CON CAUSA ESPECIFICA;Carretera Panamericana Norte;16/2/2025;-79.277711
A-2025-02-33;30:00.0;ATROPELLO FUGA;1;0;NULL;LA LIBERTAD;VIRU;VIRU;RURAL;CARRETERA;NACIONAL;PE-1N;-8.442424;DESPEJADO;RURAL;TRAMO RECTO;PLANA ;ASFALTADA;NULL;NULL;NULL;NULL;EN PROCESO DE INVESTIGACIÓN;NO CUENTA CON CAUSA ESPECIFICA;Carretera Panamericana Norte;16/2/2025;-78.749689
A-2025-02-93;30:00.0;CHOQUE FUGA;1;0;NULL;LIMA;LIMA;PUENTE PIEDRA;URBANA;CARRETERA;NACIONAL;PE-1N;-11.867788;DESPEJADO;INDUSTRIAL;TRAMO RECTO;PLANA ;ASFALTADA;NULL;NULL;NULL;NULL;EN PROCESO DE INVESTIGACIÓN;NO CUENTA CON CAUSA ESPECIFICA;Carretera Panamericana Norte;16/2/2025;-77.072475
A-2025-02-19;30:00.0;CHOQUE;1;1;2;PUNO;PUNO;MAÑAZO;RURAL;CARRETERA;DEPARTAMENTAL;PU-122;-15.793347;DESPEJADO;RURAL;TRAMO RECTO;PLANA ;ASFALTADA;NULL;NULL;NULL;NULL;IMPRUDENCIA DEL CONDUCTOR;INVASIÓN DE CARRIL;PU-122;16/2/2025;-70.347071
A-2025-02-112;30:00.0;CHOQUE;1;0;NULL;PIURA;HUANCABAMBA;HUARMACA;RURAL;CARRETERA;NACIONAL;PE-3N;-5.780642;NULL;NULL;NULL;NULL;NULL;NULL;NULL;NULL;NULL;EN PROCESO DE INVESTIGACIÓN;NO CUENTA CON CAUSA ESPECIFICA;Carretera Presidente Fernando Belaúnde Terry;16/2/2025;-79.39637
A-2025-02-52;00:00.0;DESPISTE;1;3;1;CUSCO;LA CONVENCION;ECHARATE;RURAL;CARRETERA;PROVINCIAL;CU-609;-12.737148;DESPEJADO;RURAL;TRAMO RECTO;INCLINADA;CONCRETO;NULL;NULL;NULL;NULL;IMPERICIA DEL CONDUCTOR;NULL;CU-609;16/2/2025;-73.131976
A-2025-02-13;30:00.0;ATROPELLO FUGA;1;0;NULL;LIMA;HUARAL;PACARAOS;RURAL;CARRETERA;NACIONAL;PE-20C;-11.192001;LLUVIOSO;RURAL;SINUOSA;INCLINADA;AFIRMADO;SI;PREVENTIVA (P);PREVENTIVA (P);NO;EN PROCESO DE INVESTIGACIÓN;NO CUENTA CON CAUSA ESPECIFICA;PE-20C;16/2/2025;-76.645871
A-2025-02-94;30:00.0;ATROPELLO;1;0;NULL;LIMA;LIMA;SAN BORJA;URBANA;CARRETERA;NACIONAL;PE-1S;-12.094348;DESPEJADO;RESIDENCIAL;TRAMO RECTO;PLANA ;ASFALTADA;NULL;NULL;NULL;NULL;EN PROCESO DE INVESTIGACIÓN;NO CUENTA CON CAUSA ESPECIFICA;Carretera Panamericana Sur;16/2/2025;-76.980577
A-2025-02-95;10:00.0;CHOQUE;2;1;NULL;LIMA;LIMA;PUNTA NEGRA;URBANA;CARRETERA;NACIONAL;PE-1S;-12.362247;DESPEJADO;RURAL;TRAMO RECTO;PLANA ;ASFALTADA;NULL;NULL;NULL;NULL;EN PROCESO DE INVESTIGACIÓN;NO CUENTA CON CAUSA ESPECIFICA;Carretera Panamericana Sur;17/2/2025;-76.794153
A-2025-02-75;30:00.0;ATROPELLO;1;0;1;CUSCO;QUISPICANCHI;HUARO;RURAL;CARRETERA;NACIONAL;PE-3S;-13.684613;DESPEJADO;RURAL;CURVA;PLANA ;ASFALTADA;NULL;NULL;NULL;NULL;IMPRUDENCIA DEL PEATÓN;CRUCE INDEBIDO POR LA CALZADA;Carretera Longitudinal de la Sierra Sur;17/2/2025;-71.651448
A-2025-02-74;00:00.0;DESPISTE;4;0;1;CUSCO;URUBAMBA;OLLANTAYTAMBO;RURAL;CARRETERA;NACIONAL;PE-28B;-13.2645;DESPEJADO;RURAL;TRAMO RECTO;PLANA ;ASFALTADA;NULL;NULL;NULL;NULL;IMPRUDENCIA DEL CONDUCTOR;EXCESO DE VELOCIDAD;Compone;17/2/2025;-72.2665
A-2025-02-34;20:00.0;CHOQUE;1;0;2;LA LIBERTAD;VIRU;VIRU;RURAL;CARRETERA;NACIONAL;PE-1N;-8.412203;DESPEJADO;RURAL;TRAMO RECTO;PLANA ;ASFALTADA;NULL;NULL;NULL;NULL;EN PROCESO DE INVESTIGACIÓN;NO CUENTA CON CAUSA ESPECIFICA;Carretera Panamericana Norte;17/2/2025;-78.80056
A-2025-02-105;00:00.0;CHOQUE;1;0;1;CUSCO;ESPINAR;ESPINAR;RURAL;AVENIDA;URBANO;NO CORRESPONDE;-14.792322;DESPEJADO;RURAL;TRAMO RECTO;PLANA ;ASFALTADA;NULL;NULL;NULL;NULL;IMPERICIA DEL CONDUCTOR;NULL;Obrero;17/2/2025;-71.402907
A-2025-02-70;00:00.0;DESPISTE;1;0;1;CUSCO;QUISPICANCHI;MARCAPATA;RURAL;CARRETERA;NACIONAL;PE-30C;-13.5828;DESPEJADO;RURAL;CURVA;PLANA ;ASFALTADA;NULL;NULL;NULL;NULL;IMPRUDENCIA DEL CONDUCTOR;EXCESO DE VELOCIDAD;Interoceánica Sur;17/2/2025;-71.0349
A-2025-02-66;00:00.0;DESPISTE;1;4;1;CAJAMARCA;HUALGAYOC;BAMBAMARCA;RURAL;CARRETERA;NACIONAL;PE-1N;-6.677202;NUBLADO;RURAL;TRAMO RECTO;INCLINADA;AFIRMADO;NULL;NULL;NULL;NULL;IMPRUDENCIA DEL CONDUCTOR;OTRO (IMPRUDENCIA DEL CONDUCTOR);Huangamarca;18/2/2025;-78.445716
A-2025-02-65;20:00.0;DESPISTE;1;0;1;CAJAMARCA;CAJAMARCA;NAMORA;RURAL;CARRETERA;NACIONAL;PE-3N;-7.217332;DESPEJADO;RURAL;CURVA;INCLINADA;ASFALTADA;NULL;NULL;NULL;NULL;EN PROCESO DE INVESTIGACIÓN;NO CUENTA CON CAUSA ESPECIFICA;Carretera Longitudinal de la Sierra Norte;18/2/2025;-78.287311
A-2025-02-37;00:00.0;ATROPELLO;1;1;1;LA LIBERTAD;TRUJILLO;LA ESPERANZA;URBANA;AVENIDA;URBANO;NO CORRESPONDE;-8.076966;DESPEJADO;RESIDENCIAL;TRAMO RECTO;PLANA ;ASFALTADA;NULL;NULL;NULL;NULL;EN PROCESO DE INVESTIGACIÓN;NO CUENTA CON CAUSA ESPECIFICA;Avenida José Gabriel Condorcanqui;18/2/2025;-79.047264
A-2025-02-96;20:00.0;CHOQUE;1;1;NULL;LIMA;LIMA;SAN JUAN DE MIRAFLORES;URBANA;AVENIDA;URBANO;NO CORRESPONDE;-12.163632;DESPEJADO;COMERCIAL;TRAMO RECTO;PLANA ;ASFALTADA;NULL;NULL;NULL;NULL;EN PROCESO DE INVESTIGACIÓN;NO CUENTA CON CAUSA ESPECIFICA;Avenida San Juan;18/2/2025;-76.972939
A-2025-02-97;45:00.0;ATROPELLO FUGA;1;0;NULL;LIMA;LIMA;MAGDALENA DEL MAR;URBANA;AVENIDA;URBANO;NO CORRESPONDE;-12.091481;DESPEJADO;COMERCIAL;TRAMO RECTO;PLANA ;ASFALTADA;NULL;NULL;NULL;NULL;EN PROCESO DE INVESTIGACIÓN;NO CUENTA CON CAUSA ESPECIFICA;Jirón Francisco Bolognesi;18/2/2025;-77.073204
A-2025-02-38;30:00.0;CHOQUE;1;7;2;LA LIBERTAD;CHEPEN;PACANGA;RURAL;CARRETERA;NACIONAL;PE-1N;-7.126667;DESPEJADO;RURAL;TRAMO RECTO;PLANA ;ASFALTADA;NULL;NULL;NULL;NULL;EN PROCESO DE INVESTIGACIÓN;NO CUENTA CON CAUSA ESPECIFICA;Carretera Panamericana Norte;19/2/2025;-79.478819
A-2025-02-98;40:00.0;ATROPELLO;2;0;NULL;LIMA;LIMA;RIMAC;URBANA;CARRETERA;NACIONAL;PE-1N;-12.041021;DESPEJADO;COMERCIAL;TRAMO RECTO;PLANA ;ASFALTADA;NULL;NULL;NULL;NULL;EN PROCESO DE INVESTIGACIÓN;NO CUENTA CON CAUSA ESPECIFICA;Vía de Evitamiento;19/2/2025;-77.017806
A-2025-02-20;40:00.0;CHOQUE;1;0;NULL;PUNO;CHUCUITO;JULI;URBANA;AVENIDA;URBANO;NO CORRESPONDE;-16.219495;NULL;NULL;NULL;NULL;NULL;NULL;NULL;NULL;NULL;EN PROCESO DE INVESTIGACIÓN;NO CUENTA CON CAUSA ESPECIFICA;Avenida Bolognesi;20/2/2025;-69.475833
A-2025-02-69;30:00.0;CHOQUE;1;1;2;CAJAMARCA;CAJAMARCA;LLACANORA;RURAL;CARRETERA;NACIONAL;PE-3N;-7.190046;DESPEJADO;RURAL;TRAMO RECTO;PLANA ;ASFALTADA;NULL;NULL;NULL;NULL;IMPRUDENCIA DEL CONDUCTOR;OTRO (IMPRUDENCIA DEL CONDUCTOR);Carretera Longitudinal de la Sierra Norte;21/2/2025;-78.47066
A-2025-02-67;00:00.0;DESPISTE;1;2;1;CAJAMARCA;CELENDIN;SOROCHUCO;RURAL;CARRETERA;PROVINCIAL;CA-1043;-6.96484;LLUVIOSO;RURAL;TRAMO RECTO;PLANA ;AFIRMADO;NULL;NULL;NULL;NULL;IMPRUDENCIA DEL CONDUCTOR;OTRO (IMPRUDENCIA DEL CONDUCTOR);Sorochuco;21/2/2025;-78.306893
A-2025-02-68;00:00.0;CHOQUE;1;1;2;CAJAMARCA;CELENDIN;HUASMIN;RURAL;CARRETERA;PROVINCIAL;CA-1000;-6.818408;DESPEJADO;RURAL;TRAMO RECTO;PLANA ;AFIRMADO;NULL;NULL;NULL;NULL;IMPRUDENCIA DEL CONDUCTOR;EXCESO DE VELOCIDAD;CA-1000;21/2/2025;-78.287364
A-2025-02-99;05:00.0;ATROPELLO;1;0;NULL;LIMA;LIMA;LOS OLIVOS;URBANA;AVENIDA;URBANO;NO CORRESPONDE;-11.984293;DESPEJADO;RESIDENCIAL;TRAMO RECTO;PLANA ;ASFALTADA;NULL;NULL;NULL;NULL;EN PROCESO DE INVESTIGACIÓN;NO CUENTA CON CAUSA ESPECIFICA;Avenida Los Alisos;22/2/2025;-77.067891
A-2025-02-114;00:00.0;CHOQUE;1;1;1;PIURA;MORROPON;CHULUCANAS;RURAL;CARRETERA;NACIONAL;PE-1NJ;-5.147096;DESPEJADO;RURAL;TRAMO RECTO;PLANA ;ASFALTADA;NULL;NULL;NULL;NULL;IMPRUDENCIA DEL CONDUCTOR;EXCESO DE VELOCIDAD;Carretera Interoceánica Norte;22/2/2025;-80.267427
A-2025-03-13-A;30:00.0;ATROPELLO FUGA;1;0;NULL;CUSCO;QUISPICANCHI;LUCRE;RURAL;CARRETERA;NACIONAL;PE-3S;-13.608327;DESPEJADO;RURAL;TRAMO RECTO;PLANA ;ASFALTADA;NO;NULL;NULL;SI;EN PROCESO DE INVESTIGACIÓN;NO CUENTA CON CAUSA ESPECIFICA;Carretera Longitudinal de la Sierra Sur;22/2/2025;-71.747919
A-2025-02-100;40:00.0;ATROPELLO;1;0;NULL;LIMA;LIMA;SAN JUAN DE MIRAFLORES;URBANA;CARRETERA;NACIONAL;PE-1S;-12.16196;DESPEJADO;COMERCIAL;TRAMO RECTO;PLANA ;ASFALTADA;NULL;NULL;NULL;NULL;EN PROCESO DE INVESTIGACIÓN;NO CUENTA CON CAUSA ESPECIFICA;Puente Amauta;23/2/2025;-76.981914
A-2025-02-115;30:00.0;ATROPELLO;1;1;NULL;PIURA;PIURA;LA UNION;RURAL;CARRETERA;NACIONAL;PE-1NK;-5.382071;DESPEJADO;RURAL;TRAMO RECTO;PLANA ;ASFALTADA;NULL;NULL;NULL;NULL;EN PROCESO DE INVESTIGACIÓN;NO CUENTA CON CAUSA ESPECIFICA;Carretera Piura - Sechura;23/2/2025;-80.739433
A-2025-02-101;20:00.0;CHOQUE;3;0;NULL;LIMA;LIMA;ANCON;RURAL;CARRETERA;NACIONAL;PE-1N;-11.801137;DESPEJADO;RURAL;TRAMO RECTO;PLANA ;ASFALTADA;NULL;NULL;NULL;NULL;EN PROCESO DE INVESTIGACIÓN;NO CUENTA CON CAUSA ESPECIFICA;Carretera Panamericana Norte;24/2/2025;-77.138089
A-2025-02-42;05:00.0;ATROPELLO FUGA;1;0;NULL;SAN MARTIN;RIOJA;NUEVA CAJAMARCA;RURAL;CARRETERA;PROVINCIAL;SM-520;-5.922418;SOLEADO;RURAL;TRAMO RECTO;PLANA ;ASFALTADA;NULL;NULL;NULL;NULL;EN PROCESO DE INVESTIGACIÓN;NO CUENTA CON CAUSA ESPECIFICA;Carretera San Fernando;24/2/2025;-77.300435
A-2025-02-53;15:00.0;DESPISTE;1;1;1;CUSCO;LA CONVENCION;VILCABAMBA;RURAL;CARRETERA;DEPARTAMENTAL;CU-100;-13.049538;NUBLADO;RURAL;SINUOSA;INCLINADA;AFIRMADO;NULL;NULL;NULL;NULL;NEGLIGENCIA DEL CONDUCTOR;OTRO (NEGLIGENCIA DEL CONDUCTOR);CU-100;24/2/2025;-72.900481
A-2025-02-35;00:00.0;DESPISTE;1;0;NULL;AREQUIPA;AREQUIPA;CAYMA;URBANA;OTRO;URBANO;NO CORRESPONDE;-16.321459;NUBLADO;RURAL;OTRO;INCLINADA;TROCHA;NULL;NULL;NULL;NULL;EN PROCESO DE INVESTIGACIÓN;NO CUENTA CON CAUSA ESPECIFICA;Cayma;24/2/2025;-71.54468
A-2025-02-41;00:00.0;DESPISTE;1;0;1;LA LIBERTAD;JULCAN;JULCAN;RURAL;CARRETERA;DEPARTAMENTAL;LI-120;-8.07435;DESPEJADO;RURAL;TRAMO RECTO;PLANA ;TROCHA;NULL;NULL;NULL;NULL;EN PROCESO DE INVESTIGACIÓN;NO CUENTA CON CAUSA ESPECIFICA;LI-120;25/2/2025;-78.420646
A-2025-02-102;50:00.0;CHOQUE;1;0;NULL;LIMA;LIMA;SANTIAGO DE SURCO;URBANA;CARRETERA;NACIONAL;PE-1S;-12.117231;DESPEJADO;ESCOLAR;TRAMO RECTO;PLANA ;ASFALTADA;NULL;NULL;NULL;NULL;EN PROCESO DE INVESTIGACIÓN;NO CUENTA CON CAUSA ESPECIFICA;Carretera Panamericana Sur;25/2/2025;-76.977406
A-2025-02-28;00:00.0;DESPISTE;1;3;1;LIMA;HUARAL;ATAVILLOS BAJO;RURAL;CARRETERA;PROVINCIAL;LM-638;-11.375494;DESPEJADO;RURAL;SINUOSA;INCLINADA;TROCHA;NULL;NULL;NULL;NULL;EN PROCESO DE INVESTIGACIÓN;NO CUENTA CON CAUSA ESPECIFICA;Chaupis;25/2/2025;-76.792883
A-2025-02-39;00:00.0;CHOQUE;1;0;2;LA LIBERTAD;TRUJILLO;HUANCHACO;RURAL;CARRETERA;NACIONAL;PE-1N;-8.055997;DESPEJADO;RURAL;TRAMO RECTO;PLANA ;ASFALTADA;NULL;NULL;NULL;NULL;EN PROCESO DE INVESTIGACIÓN;NO CUENTA CON CAUSA ESPECIFICA;Carretera Panamericana Norte;25/2/2025;-79.088222
A-2025-02-40;00:00.0;ATROPELLO FUGA;1;1;NULL;LA LIBERTAD;TRUJILLO;LA ESPERANZA;URBANA;AVENIDA;URBANO;NO CORRESPONDE;-8.049222;DESPEJADO;RESIDENCIAL;TRAMO RECTO;PLANA ;ASFALTADA;NULL;NULL;NULL;NULL;EN PROCESO DE INVESTIGACIÓN;NO CUENTA CON CAUSA ESPECIFICA;Avenida José Gabriel Condorcanqui;25/2/2025;-79.05678
A-2025-02-31;50:00.0;ATROPELLO FUGA;1;0;NULL;LIMA;HUARAL;HUARAL;RURAL;CARRETERA;NACIONAL;PE-1NB;-11.509018;DESPEJADO;RURAL;TRAMO RECTO;PLANA ;ASFALTADA;NULL;NULL;NULL;NULL;EN PROCESO DE INVESTIGACIÓN;NO CUENTA CON CAUSA ESPECIFICA;Carretera Chancay - Huaral;27/2/2025;-77.231869
A-2025-02-56;30:00.0;DESPISTE;1;0;1;ANCASH;BOLOGNESI;HUALLANCA;RURAL;CARRETERA;PROVINCIAL;AN-1263;-9.912037;NUBLADO;RURAL;PUENTE;PLANA ;TROCHA;NULL;NULL;NULL;NULL;IMPERICIA DEL CONDUCTOR;NULL;AN-1263;27/2/2025;-76.950935
A-2025-02-47;40:00.0;CHOQUE;2;0;NULL;AREQUIPA;CAMANA;SAMUEL PASTOR;URBANA;CARRETERA;NACIONAL;PE-1S;-16.655917;DESPEJADO;COMERCIAL;TRAMO RECTO;PLANA ;ASFALTADA;SI;PREVENTIVA (P);PREVENTIVA (P);SI;EN PROCESO DE INVESTIGACIÓN;NO CUENTA CON CAUSA ESPECIFICA;Panamericana Sur;27/2/2025;-72.650658
A-2025-02-44;15:00.0;CHOQUE;6;6;3;LIMA;HUARAL;CHANCAY;RURAL;CARRETERA;NACIONAL;PE-1N;-11.602471;DESPEJADO;RURAL;TRAMO RECTO;PLANA ;ASFALTADA;SI;REGULADORA (R);REGULADORA (R);NO;EN PROCESO DE INVESTIGACIÓN;NO CUENTA CON CAUSA ESPECIFICA;Carretera Panamericana Norte;27/2/2025;-77.245792
A-2025-02-46;30:00.0;DESPISTE;1;0;NULL;AREQUIPA;ISLAY;PUNTA DE BOMBON;URBANA;AVENIDA;URBANO;NO CORRESPONDE;-17.161947;DESPEJADO;RESIDENCIAL;CURVA;INCLINADA;ASFALTADA;SI;REGULADORA (R);PREVENTIVA (P);SI;EN PROCESO DE INVESTIGACIÓN;NO CUENTA CON CAUSA ESPECIFICA;AR-827;28/2/2025;-71.795501
A-2025-02-43;00:00.0;ATROPELLO;1;0;1;SAN MARTIN;RIOJA;ELIAS SOPLIN VARGAS;URBANA;CARRETERA;NACIONAL;PE-5N;-5.98654;DESPEJADO;RESIDENCIAL;INTERSECCIÓN;PLANA ;ASFALTADA;NULL;NULL;NULL;NULL;EN PROCESO DE INVESTIGACIÓN;NO CUENTA CON CAUSA ESPECIFICA;Carretera Presidente Fernando Belaúnde Terry;28/2/2025;-77.284783
A-2025-02-48;30:00.0;DESPISTE;1;4;1;LIMA;HUARAL;AUCALLAMA;RURAL;CARRETERA;NACIONAL;PE-1N;-11.609888;DESPEJADO;RURAL;TRAMO RECTO;INCLINADA;ASFALTADA;SI;REGULADORA (R);NULL;NO;EN PROCESO DE INVESTIGACIÓN;NO CUENTA CON CAUSA ESPECIFICA;Carretera Panamericana Norte;28/2/2025;-77.20054
A-2025-02-51;50:00.0;DESPISTE;1;0;1;HUANCAVELICA;ACOBAMBA;POMACOCHA;RURAL;CARRETERA;SIN CLASIFICAR;SIN CLASIFICAR;-12.824457;DESPEJADO;RURAL;TRAMO RECTO;PLANA ;TROCHA;NULL;NULL;NULL;NULL;EN PROCESO DE INVESTIGACIÓN;NO CUENTA CON CAUSA ESPECIFICA;Chilcapite;28/2/2025;-74.53272
A-2025-02-108;00:00.0;ATROPELLO FUGA;1;0;NULL;LIMA;LIMA;EL AGUSTINO;URBANA;AVENIDA;URBANO;NO CORRESPONDE;-12.030028;DESPEJADO;INDUSTRIAL;TRAMO RECTO;PLANA ;ASFALTADA;NULL;NULL;NULL;NULL;EN PROCESO DE INVESTIGACIÓN;NO CUENTA CON CAUSA ESPECIFICA;Avenida Independencia;28/2/2025;-76.993721
A-2025-03-70;50:00.0;ATROPELLO;1;1;NULL;LIMA;LIMA;PUENTE PIEDRA;URBANA;CARRETERA;NACIONAL;PE-1N;-11.856644;DESPEJADO;COMERCIAL;TRAMO RECTO;PLANA ;ASFALTADA;NULL;NULL;NULL;NULL;EN PROCESO DE INVESTIGACIÓN;NO CUENTA CON CAUSA ESPECIFICA;Carretera Panamericana Norte;1/3/2025;-77.084768
A-2025-03-71;30:00.0;ATROPELLO FUGA;1;0;NULL;LIMA;LIMA;SAN JUAN DE MIRAFLORES;URBANA;CARRETERA;NACIONAL;PE-1S;-12.169188;DESPEJADO;COMERCIAL;TRAMO RECTO;PLANA ;ASFALTADA;NULL;NULL;NULL;NULL;EN PROCESO DE INVESTIGACIÓN;NO CUENTA CON CAUSA ESPECIFICA;Avenida Panamericana Sur;1/3/2025;-76.979613
A-2025-03-1;00:00.0;DESPISTE;1;1;NULL;AREQUIPA;ISLAY;MOLLENDO;RURAL;CARRETERA;NACIONAL;PE-34;-16.893335;DESPEJADO;RURAL;CURVA;INCLINADA;ASFALTADA;SI;REGULADORA (R);NULL;SI;EN PROCESO DE INVESTIGACIÓN;NO CUENTA CON CAUSA ESPECIFICA;Carretera Interoceánica Sur;1/3/2025;-72.036419
A-2025-03-55;20:00.0;CHOQUE;1;0;3;CAJAMARCA;CUTERVO;CUTERVO;URBANA;CARRETERA;NACIONAL;PE-3N;-6.377396;DESPEJADO;COMERCIAL;TRAMO RECTO;INCLINADA;CONCRETO;NULL;NULL;NULL;NULL;IMPRUDENCIA DEL CONDUCTOR;OTRO (IMPRUDENCIA DEL CONDUCTOR);Jirón Joaquin Capelo;1/3/2025;-78.811572