CÓDIGO SINIESTRO;HORA SINIESTRO;CLASE SINIESTRO;CANTIDAD DE FALLECIDOS;CANTIDAD DE LESIONADOS;CANTIDAD DE VEHICULOS DAÑADOS;DEPARTAMENTO;PROVINCIA;DISTRITO;ZONA;TIPO DE VÍA;RED VIAL;COD CARRETERA;COORDENADAS LATITUD;CONDICIÓN CLIMÁTICA;ZONIFICACIÓN;CARACTERÍSTICAS DE VÍA;PERFIL LONGITUDINAL VÍA;SUPERFICIE DE CALZADA;¿EXISTE SEÑAL VERTICAL?;CLASIFICACIÓN DE LA SEÑAL VERTICAL Nº 1;CLASIFICACIÓN DE LA SEÑAL VERTICAL Nº 2;¿EXISTE SEÑAL HORIZONTAL?;CAUSA FACTOR PRINCIPAL;CAUSA ESPECÍFICA;UBICACION;FECHA SINIESTRO;COORDENADAS LONGITUD
A-2025-03-2;20:00.0;DESPISTE;1;0;NULL;AREQUIPA;ISLAY;COCACHACRA;RURAL;CARRETERA;NACIONAL;PE-1S;-17.001384;DESPEJADO;RURAL;CURVA;PLANA ;ASFALTADA;SI;PREVENTIVA (P);PREVENTIVA (P);SI;EN PROCESO DE INVESTIGACIÓN;NO CUENTA CON CAUSA ESPECIFICA;Carretera Panamericana Sur;1/3/2025;-71.714286
A-2025-03-68;45:00.0;CHOQUE;1;0;2;CUSCO;LA CONVENCION;PICHARI;RURAL;CARRETERA;PROVINCIAL;CU-528;-12.513098;DESPEJADO;RURAL;CURVA;INCLINADA;AFIRMADO;NULL;NULL;NULL;NULL;IMPRUDENCIA DEL CONDUCTOR;CONDUCIR EN ESTADO DE EBRIEDAD Y/O DROGADICCIÓN;Pichari;1/3/2025;-73.846375
A-2025-03-86;30:00.0;ATROPELLO;1;0;NULL;LIMA;LIMA;PUEBLO LIBRE;URBANA;AVENIDA;URBANO;NO CORRESPONDE;-12.079408;DESPEJADO;COMERCIAL;TRAMO RECTO;PLANA ;ASFALTADA;NULL;NULL;NULL;NULL;EN PROCESO DE INVESTIGACIÓN;NO CUENTA CON CAUSA ESPECIFICA;Avenida Antonio José de Sucre;1/3/2025;-77.065706
A-2025-03-62;50:00.0;ATROPELLO FUGA;1;0;1;CAJAMARCA;SAN IGNACIO;SAN IGNACIO;RURAL;CARRETERA;NACIONAL;PE-5N;-5.135009;DESPEJADO;RURAL;TRAMO RECTO;INCLINADA;ASFALTADA;NULL;NULL;NULL;NULL;EN PROCESO DE INVESTIGACIÓN;NO CUENTA CON CAUSA ESPECIFICA;Vía de evitamiento;2/3/2025;-78.992492
A-2025-03-3;30:00.0;ATROPELLO FUGA;1;0;NULL;AREQUIPA;AREQUIPA;VITOR;URBANA;CARRETERA;NACIONAL;PE-1S;-16.465468;DESPEJADO;COMERCIAL;TRAMO RECTO;PLANA ;ASFALTADA;NO;NULL;NULL;SI;EN PROCESO DE INVESTIGACIÓN;NO CUENTA CON CAUSA ESPECIFICA;Carretera Panamericana Sur;2/3/2025;-71.934318
A-2025-03-72;00:00.0;CHOQUE;2;3;NULL;LIMA;LIMA;PUNTA NEGRA;RURAL;CARRETERA;NACIONAL;PE-1S;-12.371581;DESPEJADO;INDUSTRIAL;TRAMO RECTO;PLANA ;ASFALTADA;NULL;NULL;NULL;NULL;EN PROCESO DE INVESTIGACIÓN;NO CUENTA CON CAUSA ESPECIFICA;Carretera Panamericana Sur;2/3/2025;-76.784265
A-2025-03-4;20:00.0;DESPISTE;1;0;NULL;AREQUIPA;AREQUIPA;SOCABAYA;URBANA;CARRETERA;DEPARTAMENTAL;AR-117;-16.47925;DESPEJADO;RESIDENCIAL;CURVA;PLANA ;ASFALTADA;NULL;NULL;NULL;NULL;EN PROCESO DE INVESTIGACIÓN;NO CUENTA CON CAUSA ESPECIFICA;Avenida Salaverry;2/3/2025;-71.52575
A-2025-03-54;30:00.0;CHOQUE;1;8;2;HUANCAVELICA;HUAYTARA;PILPICHACA;RURAL;CARRETERA;NACIONAL;PE-28A;-13.412535;LLUVIOSO;RURAL;CURVA;INCLINADA;ASFALTADA;NULL;NULL;NULL;NULL;IMPRUDENCIA DEL CONDUCTOR;EXCESO DE VELOCIDAD;Vía de los Libertadores;3/3/2025;-74.923013
A-2025-03-48;16:00.0;ATROPELLO;1;0;NULL;APURIMAC;ANDAHUAYLAS;PAMPACHIRI;URBANA;CARRETERA;NACIONAL;PE-30B;-14.185718;DESPEJADO;COMERCIAL;TRAMO RECTO;PLANA ;ASFALTADA;SI;PREVENTIVA (P);NULL;NO;IMPRUDENCIA DEL PEATÓN;ESTADO DE EBRIEDAD Y/O DROGADICCIÓN;Pampachiri;3/3/2025;-73.545181
A-2025-03-11;20:00.0;CHOQUE FUGA;1;4;1;SAN MARTIN;RIOJA;RIOJA;RURAL;CARRETERA;NACIONAL;PE-5N;-6.036711;DESPEJADO;RURAL;TRAMO RECTO;PLANA ;ASFALTADA;NULL;NULL;NULL;NULL;EN PROCESO DE INVESTIGACIÓN;NO CUENTA CON CAUSA ESPECIFICA;Carretera Presidente Fernando Belaúnde Terry;3/3/2025;-77.196456
A-2025-03-56;35:00.0;ATROPELLO;1;0;1;CAJAMARCA;JAEN;SAN FELIPE;URBANA;CARRETERA;NACIONAL;PE-3N;-5.800541;DESPEJADO;COMERCIAL;TRAMO RECTO;INCLINADA;ASFALTADA;NULL;NULL;NULL;NULL;NEGLIGENCIA DEL CONDUCTOR;OTRO (NEGLIGENCIA DEL CONDUCTOR);Carretera Presidente Fernando Belaúnde Terry;4/3/2025;-79.374219
A-2025-03-6;15:00.0;CHOQUE;1;23;NULL;AREQUIPA;CAYLLOMA;SAN ANTONIO DE CHUCA;RURAL;CARRETERA;NACIONAL;PE-34E;-15.900136;LLUVIOSO;RURAL;CURVA;PLANA ;ASFALTADA;SI;PREVENTIVA (P);PREVENTIVA (P);SI;EN PROCESO DE INVESTIGACIÓN;NO CUENTA CON CAUSA ESPECIFICA;Ruta 34;4/3/2025;-71.373568
A-2025-03-67;00:00.0;DESPISTE;1;1;1;CAJAMARCA;CELENDIN;SUCRE;RURAL;CARRETERA;PROVINCIAL;CA-1541;-6.953219;DESPEJADO;RURAL;CURVA;INCLINADA;AFIRMADO;NULL;NULL;NULL;NULL;EN PROCESO DE INVESTIGACIÓN;NO CUENTA CON CAUSA ESPECIFICA;CA-1541;4/3/2025;-78.156725
A-2025-03-103;20:00.0;CHOQUE FUGA;1;0;NULL;PIURA;PIURA;VEINTISEIS DE OCTUBRE;URBANA;AVENIDA;URBANO;NO CORRESPONDE;-5.183269;NULL;NULL;NULL;NULL;NULL;NULL;NULL;NULL;NULL;EN PROCESO DE INVESTIGACIÓN;NO CUENTA CON CAUSA ESPECIFICA;Calle José F. Maticorena;5/3/2025;-80.666291
A-2025-03-104;00:00.0;ATROPELLO;1;0;1;PIURA;MORROPON;MORROPON;RURAL;CARRETERA;NACIONAL;PE-02C;-5.210241;DESPEJADO;RURAL;TRAMO RECTO;PLANA ;ASFALTADA;SI;REGULADORA (R);NULL;NO;EN PROCESO DE INVESTIGACIÓN;NO CUENTA CON CAUSA ESPECIFICA;PE-02C;5/3/2025;-80.016177
A-2025-03-57;18:00.0;CHOQUE;1;1;2;CAJAMARCA;SAN MARCOS;ICHOCAN;RURAL;CARRETERA;NACIONAL;PE-3N;-7.374746;DESPEJADO;RURAL;TRAMO RECTO;PLANA ;ASFALTADA;NULL;NULL;NULL;NULL;EN PROCESO DE INVESTIGACIÓN;NO CUENTA CON CAUSA ESPECIFICA;Ichocán;5/3/2025;-78.128526
A-2025-03-73;10:00.0;CHOQUE FUGA;1;1;NULL;LIMA;LIMA;SAN JUAN DE MIRAFLORES;URBANA;AVENIDA;URBANO;NO CORRESPONDE;-12.169034;DESPEJADO;COMERCIAL;TRAMO RECTO;PLANA ;ASFALTADA;SI;PREVENTIVA (P);PREVENTIVA (P);NO;EN PROCESO DE INVESTIGACIÓN;NO CUENTA CON CAUSA ESPECIFICA;Avenida Pedro Miotta;5/3/2025;-76.977709
A-2025-03-69;00:00.0;DESPISTE;2;0;1;AYACUCHO;HUAMANGA;VINCHOS;RURAL;CARRETERA;PROVINCIAL;AY-810;-13.229054;LLUVIOSO;RURAL;SINUOSA;PLANA ;ASFALTADA;NULL;NULL;NULL;NULL;IMPRUDENCIA DEL CONDUCTOR;EXCESO DE VELOCIDAD;AY-810;6/3/2025;-74.389388
A-2025-03-5;50:00.0;ATROPELLO;1;0;NULL;AREQUIPA;AREQUIPA;CERRO COLORADO;URBANA;OTRO;URBANO;NO CORRESPONDE;-16.378353;NUBLADO;COMERCIAL;TRAMO RECTO;PLANA ;AFIRMADO;NULL;NULL;NULL;NULL;EN PROCESO DE INVESTIGACIÓN;NO CUENTA CON CAUSA ESPECIFICA;Vía de Evitamiento;6/3/2025;-71.576373
A-2025-03-75;30:00.0;CHOQUE;2;9;NULL;LIMA;LIMA;CARABAYLLO;RURAL;CARRETERA;NACIONAL;PE-20A;-11.779259;DESPEJADO;RURAL;TRAMO RECTO;PLANA ;ASFALTADA;NULL;NULL;NULL;NULL;EN PROCESO DE INVESTIGACIÓN;NO CUENTA CON CAUSA ESPECIFICA;Avenida Túpac Amaru;6/3/2025;-76.983315
A-2025-03-74;00:00.0;ATROPELLO FUGA;1;0;NULL;LIMA;LIMA;VILLA EL SALVADOR;URBANA;CARRETERA;NACIONAL;PE-1S;-12.19706;DESPEJADO;COMERCIAL;TRAMO RECTO;PLANA ;ASFALTADA;SI;REGULADORA (R);NULL;NO;EN PROCESO DE INVESTIGACIÓN;NO CUENTA CON CAUSA ESPECIFICA;Carretera Panamericana Sur;6/3/2025;-76.973117
A-2025-03-17;30:00.0;DESPISTE;1;0;1;CUSCO;CANCHIS;SICUANI;RURAL;CARRETERA;NACIONAL;PE-3S;-14.299662;LLUVIOSO;RURAL;TRAMO RECTO;PLANA ;ASFALTADA;NULL;NULL;NULL;NULL;IMPRUDENCIA DEL CONDUCTOR;OTRO (IMPRUDENCIA DEL CONDUCTOR);Carretera Longitudinal de la Sierra Sur;7/3/2025;-71.213943
A-2025-03-88;30:00.0;VOLCADURA;1;0;NULL;LIMA;LIMA;RIMAC;URBANA;CARRETERA;NACIONAL;PE-1N;-12.043168;DESPEJADO;COMERCIAL;TRAMO RECTO;PLANA ;ASFALTADA;NULL;NULL;NULL;NULL;EN PROCESO DE INVESTIGACIÓN;NO CUENTA CON CAUSA ESPECIFICA;Vía de Evitamiento;7/3/2025;-77.026659
A-2025-03-76;00:00.0;CHOQUE;1;0;NULL;LIMA;LIMA;MIRAFLORES;URBANA;CALLE;URBANO;NO CORRESPONDE;-12.124986;DESPEJADO;RESIDENCIAL;TRAMO RECTO;PLANA ;ASFALTADA;NULL;NULL;NULL;NULL;EN PROCESO DE INVESTIGACIÓN;NO CUENTA CON CAUSA ESPECIFICA;Calle Trípoli;7/3/2025;-77.036068
A-2025-03-77;00:00.0;VOLCADURA;1;0;NULL;LIMA;LIMA;VILLA EL SALVADOR;URBANA;CARRETERA;NACIONAL;PE-1S;-12.235851;DESPEJADO;INDUSTRIAL;TRAMO RECTO;PLANA ;ASFALTADA;NULL;NULL;NULL;NULL;EN PROCESO DE INVESTIGACIÓN;NO CUENTA CON CAUSA ESPECIFICA;Carretera Panamericana Sur;7/3/2025;-76.956506
A-2025-03-79;30:00.0;ATROPELLO;1;0;NULL;LIMA;LIMA;SAN BORJA;URBANA;CARRETERA;NACIONAL;PE-1S;-12.109182;DESPEJADO;COMERCIAL;TRAMO RECTO;PLANA ;ASFALTADA;NULL;NULL;NULL;NULL;EN PROCESO DE INVESTIGACIÓN;NO CUENTA CON CAUSA ESPECIFICA;Carretera Panamericana Sur;7/3/2025;-76.978338
A-2025-03-78;40:00.0;ATROPELLO;1;0;NULL;LIMA;LIMA;LOS OLIVOS;URBANA;AVENIDA;URBANO;NO CORRESPONDE;-11.971034;DESPEJADO;COMERCIAL;TRAMO RECTO;PLANA ;ASFALTADA;NULL;NULL;NULL;NULL;EN PROCESO DE INVESTIGACIÓN;NO CUENTA CON CAUSA ESPECIFICA;Avenida Universitaria;8/3/2025;-77.075859
A-2025-03-7;00:00.0;DESPISTE;1;0;1;LIMA;HUARAL;AUCALLAMA;RURAL;CARRETERA;PROVINCIAL;LI-680;-11.530094;DESPEJADO;RURAL;TRAMO RECTO;PLANA ;CONCRETO;NULL;NULL;NULL;NULL;EN PROCESO DE INVESTIGACIÓN;NO CUENTA CON CAUSA ESPECIFICA;Carretera Palpa Aucallama;8/3/2025;-77.17183
A-2025-03-16;10:00.0;CHOQUE;1;0;2;CUSCO;ANTA;ZURITE;RURAL;CARRETERA;NACIONAL;PE-3S;-13.483822;LLUVIOSO;RURAL;TRAMO RECTO;PLANA ;ASFALTADA;NO;NULL;NULL;SI;IMPRUDENCIA DEL CONDUCTOR;EXCESO DE VELOCIDAD;Carretera Longitudinal de la Sierra Sur;8/3/2025;-72.257571
A-2025-03-80;30:00.0;CHOQUE;1;0;NULL;LIMA;LIMA;SANTA ANITA;URBANA;CARRETERA;NACIONAL;PE-1N;-12.057074;DESPEJADO;COMERCIAL;TRAMO RECTO;PLANA ;ASFALTADA;NULL;NULL;NULL;NULL;EN PROCESO DE INVESTIGACIÓN;NO CUENTA CON CAUSA ESPECIFICA;Vía de Evitamiento;8/3/2025;-76.973835
A-2025-03-40;50:00.0;CHOQUE;1;1;NULL;LIMA;LIMA;LOS OLIVOS;URBANA;AVENIDA;URBANO;NO CORRESPONDE;-11.991897;DESPEJADO;COMERCIAL;TRAMO RECTO;PLANA ;ASFALTADA;NULL;NULL;NULL;NULL;EN PROCESO DE INVESTIGACIÓN;NO CUENTA CON CAUSA ESPECIFICA;Avenida Carlos Alberto Izaguirre;8/3/2025;-77.074901
A-2025-03-58;20:00.0;DESPISTE;1;1;1;CAJAMARCA;CHOTA;LAJAS;RURAL;CARRETERA;NACIONAL;PE-3N;-6.551038;DESPEJADO;RURAL;TRAMO RECTO;PLANA ;ASFALTADA;NULL;NULL;NULL;NULL;IMPRUDENCIA DEL CONDUCTOR;EXCESO DE VELOCIDAD;Carretera Longitudinal de la Sierra Norte;9/3/2025;-78.766424
A-2025-03-25;30:00.0;CHOQUE;1;1;2;TUMBES;CONTRALMIRANTE VILLAR;ZORRITOS;URBANA;CARRETERA;NACIONAL;PE-1N;-3.687559;DESPEJADO;RESIDENCIAL;CURVA;INCLINADA;ASFALTADA;NULL;NULL;NULL;NULL;IMPRUDENCIA DEL CONDUCTOR;INVASIÓN DE CARRIL;Carretera Panamericana Norte;9/3/2025;-80.69223
A-2025-03-20;40:00.0;ATROPELLO FUGA;1;0;NULL;SAN MARTIN;RIOJA;NUEVA CAJAMARCA;RURAL;CARRETERA;NACIONAL;PE-5N;-5.823932;DESPEJADO;RURAL;TRAMO RECTO;PLANA ;ASFALTADA;NULL;NULL;NULL;NULL;EN PROCESO DE INVESTIGACIÓN;NO CUENTA CON CAUSA ESPECIFICA;Carretera Presidente Fernando Belaúnde Terry;9/3/2025;-77.375791
A-2025-03-8;30:00.0;DESPISTE;1;1;NULL;AREQUIPA;CAYLLOMA;LLUTA;RURAL;CARRETERA;SIN CLASIFICAR;SIN CLASIFICAR;-16.053973;DESPEJADO;RURAL;TRAMO RECTO;INCLINADA;TROCHA;NULL;NULL;NULL;NULL;EN PROCESO DE INVESTIGACIÓN;NO CUENTA CON CAUSA ESPECIFICA;Lluta;10/3/2025;-72.24098
A-2025-03-81;00:00.0;ATROPELLO;1;0;NULL;LIMA;LIMA;SANTIAGO DE SURCO;URBANA;CARRETERA;NACIONAL;PE-1S;-12.095704;DESPEJADO;COMERCIAL;TRAMO RECTO;PLANA ;ASFALTADA;NULL;NULL;NULL;NULL;EN PROCESO DE INVESTIGACIÓN;NO CUENTA CON CAUSA ESPECIFICA;Carretera Panamericana Sur;11/3/2025;-76.980187
A-2025-03-9;00:00.0;DESPISTE;3;1;NULL;AREQUIPA;AREQUIPA;YURA;RURAL;CARRETERA;NACIONAL;PE-34A;-16.137896;DESPEJADO;RURAL;TRAMO RECTO;PLANA ;ASFALTADA;SI;REGULADORA (R);PREVENTIVA (P);SI;EN PROCESO DE INVESTIGACIÓN;NO CUENTA CON CAUSA ESPECIFICA;Vía Interoceánica Sur - Tramo 5;11/3/2025;-71.636749
A-2025-03-10;30:00.0;CHOQUE;1;1;NULL;AREQUIPA;AREQUIPA;CERRO COLORADO;URBANA;CARRETERA;PROVINCIAL;AR-747;-16.360254;DESPEJADO;COMERCIAL;CURVA;PLANA ;ASFALTADA;SI;PREVENTIVA (P);NULL;SI;EN PROCESO DE INVESTIGACIÓN;NO CUENTA CON CAUSA ESPECIFICA;Avenida Aviación;11/3/2025;-71.562391
A-2025-03-12;30:00.0;DESPISTE;1;4;1;HUANCAVELICA;CHURCAMPA;ANCO;RURAL;CARRETERA;NACIONAL;PE-3SD;-12.58759;DESPEJADO;RURAL;TRAMO RECTO;PLANA ;ASFALTADA;NULL;NULL;NULL;NULL;EN PROCESO DE INVESTIGACIÓN;NO CUENTA CON CAUSA ESPECIFICA;PE-3SD;11/3/2025;-74.537077
A-2025-03-14;00:00.0;DESPISTE;1;0;1;CUSCO;ANTA;ANTA;RURAL;CARRETERA;DEPARTAMENTAL;CU-111;-13.40602;DESPEJADO;RURAL;SINUOSA;INCLINADA;TROCHA;NULL;NULL;NULL;NULL;IMPRUDENCIA DEL CONDUCTOR;CONDUCIR EN ESTADO DE EBRIEDAD Y/O DROGADICCIÓN;CU-111;12/3/2025;-72.142675
A-2025-03-82;00:00.0;ATROPELLO;1;0;NULL;LIMA;LIMA;EL AGUSTINO;URBANA;AVENIDA;URBANO;NO CORRESPONDE;-12.040832;DESPEJADO;COMERCIAL;TRAMO RECTO;PLANA ;ASFALTADA;NULL;NULL;NULL;NULL;EN PROCESO DE INVESTIGACIÓN;NO CUENTA CON CAUSA ESPECIFICA;Jirón Áncash;12/3/2025;-76.999932
A-2025-03-59;20:00.0;ATROPELLO;1;0;1;CAJAMARCA;CHOTA;CHOTA;URBANA;CARRETERA;NACIONAL;PE-3N;-6.59148;DESPEJADO;COMERCIAL;CURVA;INCLINADA;ASFALTADA;NULL;NULL;NULL;NULL;IMPRUDENCIA DEL CONDUCTOR;CONDUCIR EN ESTADO DE EBRIEDAD Y/O DROGADICCIÓN;Carretera Longitudinal de la Sierra Norte;13/3/2025;-78.618819
A-2025-03-41;00:00.0;CHOQUE;1;0;NULL;LIMA;LIMA;SAN MARTIN DE PORRES;URBANA;CARRETERA;NACIONAL;PE-1N;-12.02836;DESPEJADO;COMERCIAL;TRAMO RECTO;INCLINADA;ASFALTADA;NULL;NULL;NULL;NULL;EN PROCESO DE INVESTIGACIÓN;NO CUENTA CON CAUSA ESPECIFICA;Carretera Panamericana Norte;13/3/2025;-77.058059
A-2025-03-30;30:00.0;DESPISTE;1;1;1;TUMBES;ZARUMILLA;ZARUMILLA;RURAL;CARRETERA;NACIONAL;PE-1N;-3.510486;SOLEADO;RURAL;TRAMO RECTO;PLANA ;ASFALTADA;NULL;NULL;NULL;NULL;IMPRUDENCIA DEL CONDUCTOR;OTRO (IMPRUDENCIA DEL CONDUCTOR);Carretera Panamericana Norte;13/3/2025;-80.292088
A-2025-03-18;50:00.0;DESPISTE;1;0;2;CUSCO;CUSCO;SAN JERONIMO;URBANA;AVENIDA;URBANO;NO CORRESPONDE;-13.554239;LLUVIOSO;RURAL;TRAMO RECTO;PLANA ;ASFALTADA;NO;NULL;NULL;SI;IMPRUDENCIA DEL CONDUCTOR;EXCESO DE VELOCIDAD;Vía de Evitamiento;14/3/2025;-71.866054
A-2025-03-52;00:00.0;DESPISTE;1;0;1;ANCASH;HUARI;HUANTAR;RURAL;CARRETERA;SIN CLASIFICAR;SIN CLASIFICAR;-9.451296;LLUVIOSO;RURAL;PASE A DESNIVEL;INCLINADA;ASFALTADA;NULL;NULL;NULL;NULL;INFRAESTRUCTURA Y ENTORNO VIAL;SUPERFICIE DETERIORADA;PE-14A;14/3/2025;-77.155129
A-2025-03-60;30:00.0;ATROPELLO;1;0;1;CAJAMARCA;CAJAMARCA;CAJAMARCA;RURAL;CARRETERA;NACIONAL;PE-3N;-7.126104;DESPEJADO;RURAL;TRAMO RECTO;INCLINADA;ASFALTADA;NULL;NULL;NULL;NULL;IMPRUDENCIA DEL CONDUCTOR;EXCESO DE VELOCIDAD;Carretera Longitudinal de la Sierra Norte;15/3/2025;-78.523655
A-2025-03-63;50:00.0;CHOQUE FUGA;1;0;1;CAJAMARCA;JAEN;BELLAVISTA;RURAL;CARRETERA;NACIONAL;PE-5N;-5.635768;DESPEJADO;RURAL;TRAMO RECTO;INCLINADA;ASFALTADA;NULL;NULL;NULL;NULL;IMPRUDENCIA DEL CONDUCTOR;OTRO (IMPRUDENCIA DEL CONDUCTOR);PE-5N;16/3/2025;-78.750505
A-2025-03-21;30:00.0;ATROPELLO FUGA;1;0;NULL;CUSCO;CUSCO;SAYLLA;RURAL;CARRETERA;NACIONAL;PE-3S;-13.562244;DESPEJADO;RURAL;TRAMO RECTO;PLANA ;ASFALTADA;NO;NULL;NULL;SI;EN PROCESO DE INVESTIGACIÓN;NO CUENTA CON CAUSA ESPECIFICA;Carretera Longitudinal de la Sierra Sur;17/3/2025;-71.843499
A-2025-03-84;50:00.0;ATROPELLO;1;0;NULL;LIMA;LIMA;LURIGANCHO;RURAL;CARRETERA;NACIONAL;PE-22;-11.954256;DESPEJADO;RURAL;TRAMO RECTO;PLANA ;ASFALTADA;NULL;NULL;NULL;NULL;EN PROCESO DE INVESTIGACIÓN;NO CUENTA CON CAUSA ESPECIFICA;Avenida Las Flores;17/3/2025;-76.730129
A-2025-03-85;38:00.0;CHOQUE;1;1;NULL;LIMA;LIMA;SAN JUAN DE LURIGANCHO;URBANA;AVENIDA;URBANO;NO CORRESPONDE;-11.965306;DESPEJADO;COMERCIAL;TRAMO RECTO;PLANA ;ASFALTADA;NULL;NULL;NULL;NULL;EN PROCESO DE INVESTIGACIÓN;NO CUENTA CON CAUSA ESPECIFICA;Avenida Santa Rosa de Lima;17/3/2025;-76.997737
A-2025-03-83;20:00.0;ATROPELLO;1;0;NULL;LIMA;LIMA;EL AGUSTINO;URBANA;AVENIDA;URBANO;NO CORRESPONDE;-12.034876;DESPEJADO;COMERCIAL;INTERSECCIÓN;PLANA ;ASFALTADA;SI;PREVENTIVA (P);NULL;SI;EN PROCESO DE INVESTIGACIÓN;NO CUENTA CON CAUSA ESPECIFICA;Avenida Ferrocarril;17/3/2025;-76.997991
A-2025-03-31;30:00.0;CHOQUE;3;0;2;TUMBES;CONTRALMIRANTE VILLAR;ZORRITOS;RURAL;CARRETERA;NACIONAL;PE-1N;-3.652794;DESPEJADO;RURAL;TRAMO RECTO;INCLINADA;ASFALTADA;NULL;NULL;NULL;NULL;IMPRUDENCIA DEL CONDUCTOR;INVASIÓN DE CARRIL;Carretera Panamericana Norte;18/3/2025;-80.617112
A-2025-03-53;50:00.0;DESPISTE;1;0;1;ANCASH;BOLOGNESI;CAJACAY;RURAL;CARRETERA;NACIONAL;PE-16;-10.148285;LLUVIOSO;RURAL;CURVA;PLANA ;ASFALTADA;NULL;NULL;NULL;NULL;EN PROCESO DE INVESTIGACIÓN;NO CUENTA CON CAUSA ESPECIFICA;Carretera a Huaraz;19/3/2025;-77.370241
A-2025-03-13-B;15:00.0;VOLCADURA;4;33;NULL;AREQUIPA;CAMANA;QUILCA;RURAL;CARRETERA;NACIONAL;PE-1SD;-16.669582;DESPEJADO;RURAL;CURVA;PLANA ;ASFALTADA;SI;REGULADORA (R);PREVENTIVA (P);SI;EN PROCESO DE INVESTIGACIÓN;NO CUENTA CON CAUSA ESPECIFICA;Carretera Costanera Sur;20/3/2025;-72.562248
A-2025-03-23;05:00.0;ATROPELLO FUGA;1;0;NULL;AREQUIPA;AREQUIPA;CERRO COLORADO;URBANA;CARRETERA;DEPARTAMENTAL;AR-123;-16.36028;DESPEJADO;COMERCIAL;TRAMO RECTO;PLANA ;ASFALTADA;SI;REGULADORA (R);PREVENTIVA (P);SI;EN PROCESO DE INVESTIGACIÓN;NO CUENTA CON CAUSA ESPECIFICA;Río Seco;20/3/2025;-71.618907
A-2025-03-87;50:00.0;DESPISTE;1;0;NULL;LIMA;LIMA;ATE;URBANA;AVENIDA;URBANO;NO CORRESPONDE;-12.035994;DESPEJADO;RESIDENCIAL;TRAMO RECTO;PLANA ;ASFALTADA;NULL;NULL;NULL;NULL;EN PROCESO DE INVESTIGACIÓN;NO CUENTA CON CAUSA ESPECIFICA;Osa Mayor;20/3/2025;-76.936309
A-2025-03-15;40:00.0;ATROPELLO;1;1;1;LIMA;HUARAL;CHANCAY;URBANA;CARRETERA;NACIONAL;PE-1N;-11.596199;DESPEJADO;RURAL;CURVA;INCLINADA;ASFALTADA;SI;REGULADORA (R);NULL;NO;EN PROCESO DE INVESTIGACIÓN;NO CUENTA CON CAUSA ESPECIFICA;Carretera Panamericana Norte;20/3/2025;-77.254477
A-2025-03-42;30:00.0;CHOQUE FUGA;1;0;NULL;LIMA;LIMA;SAN JUAN DE MIRAFLORES;URBANA;CARRETERA;NACIONAL;PE-1S;-12.161945;DESPEJADO;COMERCIAL;TRAMO RECTO;PLANA ;ASFALTADA;NULL;NULL;NULL;NULL;EN PROCESO DE INVESTIGACIÓN;NO CUENTA CON CAUSA ESPECIFICA;Puente Amauta;21/3/2025;-76.981924
A-2025-03-24;50:00.0;CHOQUE;1;10;NULL;AREQUIPA;ISLAY;MOLLENDO;RURAL;CARRETERA;NACIONAL;PE-1SD;-17.0575;DESPEJADO;RESIDENCIAL;TRAMO RECTO;PLANA ;ASFALTADA;NO;NULL;NULL;SI;EN PROCESO DE INVESTIGACIÓN;NO CUENTA CON CAUSA ESPECIFICA;Carretera Costanera Sur;21/3/2025;-71.95849
A-2025-03-49;10:00.0;CHOQUE;1;0;2;CUSCO;CHUMBIVILCAS;SANTO TOMAS;RURAL;CARRETERA;DEPARTAMENTAL;CU-119;-14.446591;DESPEJADO;RURAL;TRAMO RECTO;PLANA ;CONCRETO;NULL;NULL;NULL;NULL;IMPRUDENCIA DEL CONDUCTOR;EXCESO DE VELOCIDAD;CU-119;21/3/2025;-72.079601
A-2025-03-89;30:00.0;CHOQUE;1;0;NULL;LIMA;LIMA;SANTIAGO DE SURCO;URBANA;CARRETERA;NACIONAL;PE-1S;-12.13585;DESPEJADO;RESIDENCIAL;TRAMO RECTO;PLANA ;ASFALTADA;NULL;NULL;NULL;NULL;EN PROCESO DE INVESTIGACIÓN;NO CUENTA CON CAUSA ESPECIFICA;Carretera Panamericana Sur;21/3/2025;-76.979989
A-2025-03-61;00:00.0;VOLCADURA;1;0;1;CAJAMARCA;CELENDIN;SOROCHUCO;RURAL;CARRETERA;NACIONAL;PE-1NB;-6.939397;DESPEJADO;RURAL;TRAMO RECTO;PLANA ;AFIRMADO;NULL;NULL;NULL;NULL;IMPRUDENCIA DEL CONDUCTOR;OTRO (IMPRUDENCIA DEL CONDUCTOR);Rejopampa;21/3/2025;-78.259724
A-2025-03-90;40:00.0;CHOQUE;2;0;NULL;LIMA;LIMA;SAN JUAN DE LURIGANCHO;URBANA;AVENIDA;URBANO;NO CORRESPONDE;-12.002685;DESPEJADO;COMERCIAL;INTERSECCIÓN;PLANA ;ASFALTADA;NO;NULL;NULL;SI;EN PROCESO DE INVESTIGACIÓN;NO CUENTA CON CAUSA ESPECIFICA;Avenida Santa Rosa de Lima;22/3/2025;-76.999161
A-2025-03-92;40:00.0;ATROPELLO;1;0;NULL;LIMA;LIMA;COMAS;URBANA;JIRÓN;URBANO;NO CORRESPONDE;-11.935176;DESPEJADO;RESIDENCIAL;INTERSECCIÓN;PLANA ;ASFALTADA;NULL;NULL;NULL;NULL;EN PROCESO DE INVESTIGACIÓN;NO CUENTA CON CAUSA ESPECIFICA;Jirón Enrique Paillardelle;22/3/2025;-77.049931