CÓDIGO SINIESTRO;HORA SINIESTRO;CLASE SINIESTRO;CANTIDAD DE FALLECIDOS;CANTIDAD DE LESIONADOS;CANTIDAD DE VEHICULOS DAÑADOS;DEPARTAMENTO;PROVINCIA;DISTRITO;ZONA;TIPO DE VÍA;RED VIAL;COD CARRETERA;COORDENADAS LATITUD;CONDICIÓN CLIMÁTICA;ZONIFICACIÓN;CARACTERÍSTICAS DE VÍA;PERFIL LONGITUDINAL VÍA;SUPERFICIE DE CALZADA;¿EXISTE SEÑAL VERTICAL?;CLASIFICACIÓN DE LA SEÑAL VERTICAL Nº 1;CLASIFICACIÓN DE LA SEÑAL VERTICAL Nº 2;¿EXISTE SEÑAL HORIZONTAL?;CAUSA FACTOR PRINCIPAL;CAUSA ESPECÍFICA;UBICACION;FECHA SINIESTRO;COORDENADAS LONGITUD
A-2025-03-91;00:00.0;CHOQUE;1;0;NULL;LIMA;LIMA;VILLA EL SALVADOR;URBANA;AVENIDA;URBANO;NO CORRESPONDE;-12.198967;DESPEJADO;COMERCIAL;INTERSECCIÓN;PLANA ;ASFALTADA;NULL;NULL;NULL;NULL;EN PROCESO DE INVESTIGACIÓN;NO CUENTA CON CAUSA ESPECIFICA;Avenida Los Forestales;22/3/2025;-76.960979
A-2025-03-64;50:00.0;ATROPELLO;1;0;1;CAJAMARCA;CELENDIN;CELENDIN;URBANA;CALLE;URBANO;NO CORRESPONDE;-6.881412;DESPEJADO;COMERCIAL;TRAMO RECTO;PLANA ;TROCHA;NULL;NULL;NULL;NULL;EN PROCESO DE INVESTIGACIÓN;NO CUENTA CON CAUSA ESPECIFICA;Calle El Milagro;22/3/2025;-78.145238
A-2025-03-65;30:00.0;DESPISTE;1;0;1;CAJAMARCA;CAJABAMBA;CAJABAMBA;RURAL;CARRETERA;NACIONAL;PE-3N;-7.603497;DESPEJADO;RURAL;TRAMO RECTO;PLANA ;ASFALTADA;NULL;NULL;NULL;NULL;EN PROCESO DE INVESTIGACIÓN;NO CUENTA CON CAUSA ESPECIFICA;Carretera Longitudinal de la Sierra Norte;22/3/2025;-78.088976
A-2025-03-93;17:00.0;ATROPELLO;1;0;NULL;LIMA;LIMA;CHORRILLOS;URBANA;CARRETERA;NACIONAL;PE-1S;-12.197633;DESPEJADO;COMERCIAL;TRAMO RECTO;PLANA ;ASFALTADA;NULL;NULL;NULL;NULL;EN PROCESO DE INVESTIGACIÓN;NO CUENTA CON CAUSA ESPECIFICA;Carretera Panamericana Sur;23/3/2025;-76.973395
A-2025-03-47;00:00.0;ATROPELLO FUGA;1;0;NULL;HUANCAVELICA;HUANCAVELICA;HUANCAVELICA;URBANA;CARRETERA;NACIONAL;PE-26;-12.782368;DESPEJADO;COMERCIAL;TRAMO RECTO;PLANA ;ASFALTADA;NULL;NULL;NULL;NULL;EN PROCESO DE INVESTIGACIÓN;NO CUENTA CON CAUSA ESPECIFICA;Avenida Los Incas;23/3/2025;-74.961942
A-2025-03-37;10:00.0;CHOQUE;1;0;NULL;AREQUIPA;AREQUIPA;LA JOYA;RURAL;CARRETERA;NACIONAL;PE-1S;-16.52703;SOLEADO;COMERCIAL;TRAMO RECTO;PLANA ;ASFALTADA;SI;REGULADORA (R);INFORMATIVA (I);NO;EN PROCESO DE INVESTIGACIÓN;NO CUENTA CON CAUSA ESPECIFICA;Carretera Interoceánica Sur;23/3/2025;-71.78385
A-2025-03-22;45:00.0;DESPISTE;2;0;1;CUSCO;CALCA;SAN SALVADOR;RURAL;CARRETERA;NACIONAL;PE-28B;-13.511812;DESPEJADO;RURAL;TRAMO RECTO;PLANA ;ASFALTADA;NULL;NULL;NULL;NULL;IMPRUDENCIA DEL CONDUCTOR;EXCESO DE VELOCIDAD;PE-28B;23/3/2025;-71.760458
A-2025-03-94;30:00.0;DESPISTE;1;0;NULL;LIMA;LIMA;PACHACAMAC;URBANA;AVENIDA;URBANO;NO CORRESPONDE;-12.102817;DESPEJADO;COMERCIAL;INTERSECCIÓN;PLANA ;ASFALTADA;NO;NULL;NULL;SI;EN PROCESO DE INVESTIGACIÓN;NO CUENTA CON CAUSA ESPECIFICA;Avenida Victor Malásquez;24/3/2025;-76.877119
A-2025-03-95;00:00.0;ATROPELLO;1;0;NULL;LIMA;LIMA;SANTIAGO DE SURCO;URBANA;AVENIDA;URBANO;NO CORRESPONDE;-12.155553;DESPEJADO;COMERCIAL;INTERSECCIÓN;PLANA ;ASFALTADA;NULL;NULL;NULL;NULL;EN PROCESO DE INVESTIGACIÓN;NO CUENTA CON CAUSA ESPECIFICA;Avenida Paseo de la República;24/3/2025;-76.984076
A-2025-03-36;05:00.0;VOLCADURA;1;0;NULL;AREQUIPA;AREQUIPA;CERRO COLORADO;URBANA;CARRETERA;NACIONAL;PE-34A;-16.37415;SOLEADO;COMERCIAL;TRAMO RECTO;PLANA ;ASFALTADA;NO;NULL;NULL;SI;EN PROCESO DE INVESTIGACIÓN;NO CUENTA CON CAUSA ESPECIFICA;Vía de Evitamiento;25/3/2025;-71.57549
A-2025-03-33;40:00.0;DESPISTE;1;2;NULL;AREQUIPA;CAYLLOMA;CALLALLI;RURAL;CARRETERA;DEPARTAMENTAL;AR-111;-15.509415;NULL;NULL;NULL;NULL;NULL;NULL;NULL;NULL;NULL;EN PROCESO DE INVESTIGACIÓN;NO CUENTA CON CAUSA ESPECIFICA;AR-111;25/3/2025;-71.412566
A-2025-03-26;30:00.0;DESPISTE;1;0;1;CUSCO;ACOMAYO;MOSOC LLACTA;RURAL;CARRETERA;PROVINCIAL;CU-1642;-14.097123;NUBLADO;RURAL;TRAMO RECTO;PLANA ;TROCHA;NULL;NULL;NULL;NULL;IMPRUDENCIA DEL CONDUCTOR;EXCESO DE VELOCIDAD;Tactabamba;25/3/2025;-71.444613
A-2025-03-28;00:00.0;DESPISTE;1;0;1;CUSCO;CANAS;CHECCA;RURAL;CARRETERA;DEPARTAMENTAL;CU-130;-14.428224;LLUVIOSO;RURAL;PUENTE;PLANA ;ASFALTADA;NO;NULL;NULL;SI;IMPRUDENCIA DEL CONDUCTOR;EXCESO DE VELOCIDAD;CU-130;25/3/2025;-71.421105
A-2025-03-34;00:00.0;DESPISTE;1;0;NULL;AREQUIPA;AREQUIPA;VITOR;RURAL;CARRETERA;PROVINCIAL;AR-743;-16.565476;DESPEJADO;RURAL;CURVA;PLANA ;ASFALTADA;NO;NULL;NULL;SI;EN PROCESO DE INVESTIGACIÓN;NO CUENTA CON CAUSA ESPECIFICA;AR-743;26/3/2025;-71.936899
A-2025-03-19;00:00.0;DESPISTE;1;1;1;LIMA;HUARAL;ATAVILLOS BAJO;RURAL;CARRETERA;DEPARTAMENTAL;LM-109;-11.33159;DESPEJADO;RURAL;CURVA;INCLINADA;CONCRETO;NULL;NULL;NULL;NULL;EN PROCESO DE INVESTIGACIÓN;NO CUENTA CON CAUSA ESPECIFICA;LM-109;26/3/2025;-76.859675
A-2025-03-27;10:00.0;ATROPELLO;1;0;1;CUSCO;URUBAMBA;URUBAMBA;URBANA;CARRETERA;NACIONAL;PE-28B;-13.278569;NUBLADO;RURAL;TRAMO RECTO;INCLINADA;ASFALTADA;SI;INFORMATIVA (I);INFORMATIVA (I);SI;IMPRUDENCIA DEL PEATÓN;ESTADO DE EBRIEDAD Y/O DROGADICCIÓN;PE-28B;26/3/2025;-72.194819
A-2025-03-97;20:00.0;ATROPELLO;1;0;NULL;LIMA;LIMA;VILLA EL SALVADOR;URBANA;AVENIDA;URBANO;NO CORRESPONDE;-12.225525;DESPEJADO;RESIDENCIAL;INTERSECCIÓN;PLANA ;ASFALTADA;NO;NULL;NULL;SI;EN PROCESO DE INVESTIGACIÓN;NO CUENTA CON CAUSA ESPECIFICA;Avenida 3 de Octubre;26/3/2025;-76.946347
A-2025-03-96;30:00.0;ATROPELLO;1;0;NULL;LIMA;LIMA;SAN MARTIN DE PORRES;URBANA;AVENIDA;URBANO;NO CORRESPONDE;-12.003737;DESPEJADO;COMERCIAL;TRAMO RECTO;PLANA ;ASFALTADA;SI;PREVENTIVA (P);NULL;NO;EN PROCESO DE INVESTIGACIÓN;NO CUENTA CON CAUSA ESPECIFICA;Avenida Universitaria;26/3/2025;-77.083178
A-2025-03-35;20:00.0;ATROPELLO;1;0;NULL;AREQUIPA;AREQUIPA;SACHACA;URBANA;JIRÓN;URBANO;NO CORRESPONDE;-16.42775;DESPEJADO;RURAL;TRAMO RECTO;PLANA ;ASFALTADA;NO;NULL;NULL;SI;IMPRUDENCIA DEL CONDUCTOR;OTRO (IMPRUDENCIA DEL CONDUCTOR);La Merced;27/3/2025;-71.58049
A-2025-03-46;30:00.0;DESPISTE;1;2;NULL;HUANCAVELICA;TAYACAJA;QUISHUAR;RURAL;CARRETERA;PROVINCIAL;HV-530;-12.238414;DESPEJADO;RURAL;TRAMO RECTO;PLANA ;TROCHA;NULL;NULL;NULL;NULL;EN PROCESO DE INVESTIGACIÓN;NO CUENTA CON CAUSA ESPECIFICA;Quishuar;27/3/2025;-74.778688
A-2025-03-98;00:00.0;ATROPELLO FUGA;1;0;NULL;LIMA;LIMA;EL AGUSTINO;URBANA;AVENIDA;URBANO;NO CORRESPONDE;-12.030159;DESPEJADO;COMERCIAL;INTERSECCIÓN;PLANA ;ASFALTADA;NULL;NULL;NULL;NULL;EN PROCESO DE INVESTIGACIÓN;NO CUENTA CON CAUSA ESPECIFICA;Avenida José Carlos Mariátegui;27/3/2025;-76.999875
A-2025-03-99;18:00.0;ATROPELLO;1;0;NULL;LIMA;LIMA;LURIGANCHO;URBANA;AVENIDA;URBANO;NO CORRESPONDE;-11.933372;DESPEJADO;COMERCIAL;TRAMO RECTO;PLANA ;ASFALTADA;NULL;NULL;NULL;NULL;EN PROCESO DE INVESTIGACIÓN;NO CUENTA CON CAUSA ESPECIFICA;Avenida Lima Sur;29/3/2025;-76.693454
A-2025-03-38;23:00.0;ATROPELLO;1;0;NULL;AREQUIPA;AREQUIPA;CERRO COLORADO;URBANA;AVENIDA;URBANO;NO CORRESPONDE;-16.34264;DESPEJADO;RESIDENCIAL;INTERSECCIÓN;PLANA ;ASFALTADA;NO;NULL;NULL;SI;EN PROCESO DE INVESTIGACIÓN;NO CUENTA CON CAUSA ESPECIFICA;Avenida Ferrocarril;29/3/2025;-71.585955
A-2025-03-39;30:00.0;CHOQUE;1;0;2;SAN MARTIN;RIOJA;ELIAS SOPLIN VARGAS;URBANA;CARRETERA;NACIONAL;PE-5N;-5.990049;SOLEADO;COMERCIAL;TRAMO RECTO;PLANA ;ASFALTADA;NULL;NULL;NULL;NULL;EN PROCESO DE INVESTIGACIÓN;NO CUENTA CON CAUSA ESPECIFICA;Carretera Presidente Fernando Belaúnde Terry;29/3/2025;-77.282763
A-2025-03-43;30:00.0;DESPISTE;2;2;NULL;HUANCAVELICA;HUANCAVELICA;HUANDO;RURAL;CARRETERA;NACIONAL;PE-26;-12.517559;DESPEJADO;RURAL;TRAMO RECTO;PLANA ;ASFALTADA;NULL;NULL;NULL;NULL;EN PROCESO DE INVESTIGACIÓN;NO CUENTA CON CAUSA ESPECIFICA;PE-26;30/3/2025;-74.965081
A-2025-03-32;00:00.0;ATROPELLO FUGA;1;0;NULL;SAN MARTIN;RIOJA;AWAJUN;RURAL;CARRETERA;NACIONAL;PE-5N;-5.837782;DESPEJADO;RURAL;TRAMO RECTO;PLANA ;ASFALTADA;NULL;NULL;NULL;NULL;EN PROCESO DE INVESTIGACIÓN;NO CUENTA CON CAUSA ESPECIFICA;Carretera Presidente Fernando Belaúnde Terry;30/3/2025;-77.359036
A-2025-03-45;00:00.0;ATROPELLO FUGA;1;0;NULL;ICA;CHINCHA;CHINCHA BAJA;RURAL;CARRETERA;NACIONAL;PE-1SE;-13.509641;DESPEJADO;RURAL;TRAMO RECTO;PLANA ;ASFALTADA;NULL;NULL;NULL;NULL;EN PROCESO DE INVESTIGACIÓN;NO CUENTA CON CAUSA ESPECIFICA;Carretera Panamericana Sur;30/3/2025;-76.184887
A-2025-03-100;00:00.0;ATROPELLO FUGA;1;0;NULL;LIMA;LIMA;ANCON;RURAL;CARRETERA;NACIONAL;PE-1N;-11.778857;DESPEJADO;RURAL;TRAMO RECTO;PLANA ;ASFALTADA;NULL;NULL;NULL;NULL;EN PROCESO DE INVESTIGACIÓN;NO CUENTA CON CAUSA ESPECIFICA;Carretera Panamericana Norte;30/3/2025;-77.159337
A-2022-11-49;40:00.0;CHOQUE;1;0;2;PUNO;EL COLLAO;ILAVE;RURAL;CARRETERA;NACIONAL;PE-38A;-16.155995;DESPEJADO;RURAL;TRAMO RECTO;PLANA ;ASFALTADA;NULL;NULL;NULL;NULL;IMPRUDENCIA DEL CONDUCTOR;GIRAR IMPRUDENTEMENTE;Carretera Mazocruz - Ilave;7/11/2022;-69.64764
A-2022-11-189;10:00.0;CHOQUE FUGA;1;0;NULL;AMAZONAS;BAGUA;IMAZA;RURAL;CARRETERA;NACIONAL;PE-5NC;-4.978891;DESPEJADO;RURAL;TRAMO RECTO;PLANA ;ASFALTADA;NULL;NULL;NULL;NULL;EN PROCESO DE INVESTIGACIÓN;NO CUENTA CON CAUSA ESPECIFICA;PE-5NC;7/11/2022;-78.22606
A-2022-11-14;30:00.0;ATROPELLO FUGA;1;0;1;AREQUIPA;CAYLLOMA;MAJES;URBANA;AVENIDA;URBANO;NO CORRESPONDE;-16.362741;DESPEJADO;COMERCIAL;INTERSECCIÓN;PLANA ;ASFALTADA;NO;NULL;NULL;SI;EN PROCESO DE INVESTIGACIÓN;NO CUENTA CON CAUSA ESPECIFICA;Avenida 3 de Octubre;7/11/2022;-72.189565
A-2022-11-36;40:00.0;ATROPELLO;1;0;1;CUSCO;CANCHIS;SAN PABLO;RURAL;CARRETERA;NACIONAL;PE-3S;-14.206936;DESPEJADO;RURAL;TRAMO RECTO;PLANA ;ASFALTADA;NO;NULL;NULL;SI;IMPRUDENCIA DEL CONDUCTOR;EXCESO DE VELOCIDAD;Carretera Longitudinal de la Sierra Sur;7/11/2022;-71.305034
A-2022-11-61;30:00.0;ATROPELLO;2;0;1;PUNO;AZANGARO;SAN ANTON;RURAL;CARRETERA;NACIONAL;PE-34B;-14.47164;DESPEJADO;RURAL;TRAMO RECTO;PLANA ;ASFALTADA;NULL;NULL;NULL;NULL;IMPRUDENCIA DEL CONDUCTOR;EXCESO DE VELOCIDAD;Carretera Interoceánica Puno - Madre de Dios;7/11/2022;-70.251602
A-2022-11-37;40:00.0;CHOQUE;1;1;1;CUSCO;QUISPICANCHI;QUIQUIJANA;RURAL;CARRETERA;NACIONAL;PE-3S;-13.775058;DESPEJADO;RURAL;TRAMO RECTO;PLANA ;ASFALTADA;SI;PREVENTIVA (P);NULL;SI;IMPRUDENCIA DEL CONDUCTOR;EXCESO DE VELOCIDAD;Carretera Longitudinal de la Sierra Sur;7/11/2022;-71.573592
A-2022-11-183;00:00.0;CHOQUE;1;1;NULL;LORETO;MAYNAS;SAN JUAN BAUTISTA;URBANA;CARRETERA;DEPARTAMENTAL;LO-103;-4.027044;DESPEJADO;RURAL;TRAMO RECTO;PLANA ;ASFALTADA;NULL;NULL;NULL;NULL;IMPRUDENCIA DEL CONDUCTOR;CONDUCIR EN ESTADO DE EBRIEDAD Y/O DROGADICCIÓN;Carretera Iquitos - Nauta;7/11/2022;-73.434159
A-2022-11-231;50:00.0;ATROPELLO;1;0;NULL;LIMA;LIMA;CARABAYLLO;URBANA;AVENIDA;URBANO;NO CORRESPONDE;-11.874393;DESPEJADO;COMERCIAL;TRAMO RECTO;PLANA ;ASFALTADA;NULL;NULL;NULL;NULL;EN PROCESO DE INVESTIGACIÓN;NO CUENTA CON CAUSA ESPECIFICA;Avenida Manuel Prado Este;7/11/2022;-77.014071
A-2022-11-137;00:00.0;ATROPELLO FUGA;1;0;NULL;LIMA;LIMA;LA VICTORIA;URBANA;VIA EXPRESA;URBANO;NO CORRESPONDE;-12.070424;DESPEJADO;COMERCIAL;TRAMO RECTO;PLANA ;ASFALTADA;NULL;NULL;NULL;NULL;EN PROCESO DE INVESTIGACIÓN;NO CUENTA CON CAUSA ESPECIFICA;Avenida Paseo de la República;7/11/2022;-77.03123
A-2022-11-90;59:00.0;DESPISTE;1;1;NULL;APURIMAC;GRAU;GAMARRA;RURAL;CARRETERA;PROVINCIAL;AP-907;-13.840668;NULL;NULL;NULL;NULL;NULL;NULL;NULL;NULL;NULL;EN PROCESO DE INVESTIGACIÓN;NO CUENTA CON CAUSA ESPECIFICA;AP-907;7/11/2022;-72.577252
A-2022-11-133;30:00.0;ATROPELLO;1;0;NULL;CALLAO;CALLAO;CALLAO;URBANA;CARRETERA;NACIONAL;PE-20;-11.94212;DESPEJADO;INDUSTRIAL;TRAMO RECTO;PLANA ;ASFALTADA;NO;NULL;NULL;SI;EN PROCESO DE INVESTIGACIÓN;NO CUENTA CON CAUSA ESPECIFICA;Avenida Coronel Nestor Gambetta;8/11/2022;-77.131296
A-2022-11-119;00:00.0;CHOQUE;1;0;NULL;CALLAO;CALLAO;CALLAO;URBANA;CARRETERA;NACIONAL;PE-20;-11.989341;DESPEJADO;COMERCIAL;TRAMO RECTO;PLANA ;ASFALTADA;SI;INFORMATIVA (I);PREVENTIVA (P);NO;EN PROCESO DE INVESTIGACIÓN;NO CUENTA CON CAUSA ESPECIFICA;Avenida Coronel Néstor Gambetta;8/11/2022;-77.125953
A-2022-11-138;00:00.0;CHOQUE;1;0;NULL;LIMA;LIMA;LURIGANCHO;URBANA;AVENIDA;URBANO;NO CORRESPONDE;-12.007566;DESPEJADO;INDUSTRIAL;INTERSECCIÓN;PLANA ;ASFALTADA;NULL;NULL;NULL;NULL;EN PROCESO DE INVESTIGACIÓN;NO CUENTA CON CAUSA ESPECIFICA;Avenida Carapongo;8/11/2022;-76.887404
A-2022-11-199;00:00.0;CHOQUE;1;0;NULL;PIURA;AYABACA;SUYO;RURAL;CARRETERA;NACIONAL;PE-1NL;-4.48208;DESPEJADO;RURAL;TRAMO RECTO;PLANA ;ASFALTADA;NULL;NULL;NULL;NULL;IMPRUDENCIA DEL CONDUCTOR;INVASIÓN DE CARRIL;Chirinos;8/11/2022;-79.986895
A-2022-11-59;30:00.0;DESPISTE;1;3;1;ANCASH;HUARAZ;HUARAZ;RURAL;CARRETERA;NACIONAL;PE-3N;-9.542851;DESPEJADO;RURAL;TRAMO RECTO;INCLINADA;ASFALTADA;SI;INFORMATIVA (I);NULL;NO;IMPRUDENCIA DEL CONDUCTOR;EXCESO DE VELOCIDAD;Carretera Longitudinal de la Sierra Norte;9/11/2022;-77.533174
A-2022-11-169;00:00.0;ESPECIAL;1;0;1;PASCO;PASCO;CHAUPIMARCA;RURAL;CARRETERA;NACIONAL;PE-3N;-10.723588;DESPEJADO;RURAL;OTRO;PLANA ;TROCHA;NULL;NULL;NULL;NULL;IMPRUDENCIA DEL CONDUCTOR;VEHÍCULO MAL ESTACIONADO;Carretera Longitudinal de la Sierra Norte;9/11/2022;-76.251152
A-2022-11-75;10:00.0;ATROPELLO FUGA;1;0;NULL;TACNA;TACNA;CIUDAD NUEVA;URBANA;AVENIDA;URBANO;NO CORRESPONDE;-17.986016;DESPEJADO;COMERCIAL;INTERSECCIÓN;PLANA ;ASFALTADA;NULL;NULL;NULL;NULL;EN PROCESO DE INVESTIGACIÓN;NO CUENTA CON CAUSA ESPECIFICA;Avenida El Sol;9/11/2022;-70.233182
A-2022-11-4;15:00.0;CHOQUE;3;1;2;ICA;ICA;SUBTANJALLA;URBANA;CARRETERA;NACIONAL;PE-1S;-14.033763;DESPEJADO;COMERCIAL;TRAMO RECTO;PLANA ;ASFALTADA;NULL;NULL;NULL;NULL;EN PROCESO DE INVESTIGACIÓN;NO CUENTA CON CAUSA ESPECIFICA;Carretera Panamericana Sur;10/11/2022;-75.756328
A-2022-11-50;30:00.0;DESPISTE;1;4;1;PUNO;CHUCUITO;JULI;RURAL;CARRETERA;NACIONAL;PE-3S;-16.210748;DESPEJADO;RURAL;CURVA;PLANA ;ASFALTADA;NULL;NULL;NULL;NULL;IMPRUDENCIA DEL CONDUCTOR;EXCESO DE VELOCIDAD;Carretera Longitudinal de la Sierra Sur;10/11/2022;-69.443609
A-2022-11-158;20:00.0;ATROPELLO;1;1;NULL;LIMA;LIMA;SAN JUAN DE LURIGANCHO;URBANA;AVENIDA;URBANO;NO CORRESPONDE;-11.968521;DESPEJADO;COMERCIAL;TRAMO RECTO;PLANA ;ASFALTADA;SI;PREVENTIVA (P);NULL;SI;EN PROCESO DE INVESTIGACIÓN;NO CUENTA CON CAUSA ESPECIFICA;Avenida Fernando Wiesse;10/11/2022;-76.993521
A-2022-11-63;10:00.0;ATROPELLO;1;0;1;PUNO;SAN ROMAN;JULIACA;URBANA;JIRÓN;URBANO;NO CORRESPONDE;-15.472323;DESPEJADO;RESIDENCIAL;TRAMO RECTO;PLANA ;TROCHA;NULL;NULL;NULL;NULL;IMPRUDENCIA DEL PEATÓN;CRUCE INDEBIDO POR LA CALZADA;Jirón San Juan Del Oro;10/11/2022;-70.11054
A-2022-11-62;30:00.0;CHOQUE;1;0;2;PUNO;AZANGARO;TIRAPATA;RURAL;CARRETERA;DEPARTAMENTAL;PU-102;-14.883858;DESPEJADO;RURAL;TRAMO RECTO;PLANA ;ASFALTADA;NULL;NULL;NULL;NULL;IMPRUDENCIA DEL CONDUCTOR;CONDUCIR EN ESTADO DE EBRIEDAD Y/O DROGADICCIÓN;PU-102;10/11/2022;-70.425976
A-2022-11-47;50:00.0;DESPISTE;1;1;1;ANCASH;AIJA;CORIS;RURAL;CARRETERA;SIN CLASIFICAR;SIN CLASIFICAR;-9.82068;DESPEJADO;RURAL;CURVA;INCLINADA;TROCHA;NULL;NULL;NULL;NULL;EN PROCESO DE INVESTIGACIÓN;NO CUENTA CON CAUSA ESPECIFICA;Vista Alegre;10/11/2022;-77.720403
A-2022-11-80;00:00.0;CHOQUE;1;0;2;LA LIBERTAD;PACASMAYO;SAN PEDRO DE LLOC;RURAL;CARRETERA;PROVINCIAL;LI-589;-7.37071;DESPEJADO;RURAL;TRAMO RECTO;PLANA ;AFIRMADO;NULL;NULL;NULL;NULL;IMPRUDENCIA DEL CONDUCTOR;ADELANTAR INDEBIDAMENTE;LI-589;10/11/2022;-79.468641
A-2022-11-104;05:00.0;DESPISTE;1;0;1;LAMBAYEQUE;CHICLAYO;TUMAN;RURAL;CARRETERA;PROVINCIAL;LA-758;-6.800794;DESPEJADO;RURAL;TRAMO RECTO;PLANA ;ASFALTADA;NULL;NULL;NULL;NULL;EN PROCESO DE INVESTIGACIÓN;NO CUENTA CON CAUSA ESPECIFICA;LA-758;10/11/2022;-79.685664
A-2022-11-140;30:00.0;ATROPELLO FUGA;1;0;NULL;LIMA;LIMA;LIMA;URBANA;JIRÓN;URBANO;NO CORRESPONDE;-12.061314;DESPEJADO;COMERCIAL;INTERSECCIÓN;PLANA ;ASFALTADA;NULL;NULL;NULL;NULL;EN PROCESO DE INVESTIGACIÓN;NO CUENTA CON CAUSA ESPECIFICA;Jirón Huánuco;10/11/2022;-77.015571
A-2022-11-40;30:00.0;ATROPELLO;1;0;NULL;ANCASH;CARHUAZ;TINCO;RURAL;CARRETERA;NACIONAL;PE-3N;-9.270053;DESPEJADO;RURAL;CURVA;INCLINADA;ASFALTADA;SI;PREVENTIVA (P);NULL;NO;EN PROCESO DE INVESTIGACIÓN;NO CUENTA CON CAUSA ESPECIFICA;Carretera Longitudinal de la Sierra Norte;11/11/2022;-77.674976
A-2022-11-81;00:00.0;CHOQUE;1;0;2;LA LIBERTAD;TRUJILLO;LA ESPERANZA;URBANA;AVENIDA;URBANO;NO CORRESPONDE;-8.074238;DESPEJADO;COMERCIAL;INTERSECCIÓN;PLANA ;ASFALTADA;NULL;NULL;NULL;NULL;IMPRUDENCIA DEL CONDUCTOR;NO ESTABLECER EL DERECHO DE PASO;Avenida Tahuantinsuyo;11/11/2022;-79.047902
A-2022-11-51;40:00.0;ATROPELLO;1;0;1;PUNO;CHUCUITO;PISACOMA;RURAL;CARRETERA;DEPARTAMENTAL;PU-131;-16.937468;DESPEJADO;RURAL;CURVA;PLANA ;ASFALTADA;NULL;NULL;NULL;NULL;IMPRUDENCIA DEL CONDUCTOR;INVASIÓN DE CARRIL;PU-131;11/11/2022;-69.386
A-2022-11-125;45:00.0;CHOQUE;1;0;2;CAJAMARCA;CONTUMAZA;TANTARICA;RURAL;CARRETERA;NACIONAL;PE-08;-7.205112;DESPEJADO;RESIDENCIAL;CURVA;INCLINADA;ASFALTADA;NO;NULL;NULL;SI;IMPRUDENCIA DEL CONDUCTOR;CONDUCIR EN ESTADO DE EBRIEDAD Y/O DROGADICCIÓN;Carretera Ciudad de Dios - Cajamarca;11/11/2022;-78.932618
A-2022-11-115;30:00.0;CHOQUE;1;0;2;CAJAMARCA;JAEN;JAEN;RURAL;CARRETERA;NACIONAL;PE-5N;-5.751404;DESPEJADO;RURAL;TRAMO RECTO;PLANA ;ASFALTADA;NULL;NULL;NULL;NULL;EN PROCESO DE INVESTIGACIÓN;NO CUENTA CON CAUSA ESPECIFICA;Mesones Muro;11/11/2022;-78.790566
A-2022-11-161;40:00.0;ATROPELLO;1;0;NULL;LIMA;LIMA;VILLA EL SALVADOR;URBANA;AVENIDA;URBANO;NO CORRESPONDE;-12.218686;DESPEJADO;RESIDENCIAL;INTERSECCIÓN;INCLINADA;ASFALTADA;NULL;NULL;NULL;NULL;EN PROCESO DE INVESTIGACIÓN;NO CUENTA CON CAUSA ESPECIFICA;Avenida Micaela Bastidas;11/11/2022;-76.940139
A-2022-11-171;45:00.0;DESPISTE;1;1;1;PIURA;SECHURA;SECHURA;RURAL;CARRETERA;NACIONAL;PE-1NK;-5.840359;DESPEJADO;RURAL;TRAMO RECTO;PLANA ;ASFALTADA;NULL;NULL;NULL;NULL;IMPRUDENCIA DEL CONDUCTOR;EXCESO DE VELOCIDAD;Antigua Carretera Panamericana Norte;11/11/2022;-80.850268
A-2022-11-77;23:00.0;ATROPELLO;1;0;NULL;TACNA;TACNA;TACNA;URBANA;AVENIDA;URBANO;NO CORRESPONDE;-18.003813;DESPEJADO;COMERCIAL;TRAMO RECTO;INCLINADA;ASFALTADA;SI;PREVENTIVA (P);NULL;NO;IMPRUDENCIA DEL CONDUCTOR;OTRO (IMPRUDENCIA DEL CONDUCTOR);Avenida Jorge Basadre Grohmann;11/11/2022;-70.258094
A-2022-11-160;20:00.0;DESPISTE;1;3;NULL;LIMA;LIMA;LURIN;URBANA;CARRETERA;NACIONAL;PE-1S;-12.27587;DESPEJADO;INDUSTRIAL;TRAMO RECTO;PLANA ;ASFALTADA;NULL;NULL;NULL;NULL;EN PROCESO DE INVESTIGACIÓN;NO CUENTA CON CAUSA ESPECIFICA;Carretera Panamericana Sur;11/11/2022;-76.890078
A-2022-11-76;30:00.0;CHOQUE;1;0;2;TACNA;TACNA;SAMA;RURAL;CARRETERA;PROVINCIAL;TA-610;-17.858745;DESPEJADO;RURAL;TRAMO RECTO;PLANA ;ASFALTADA;NULL;NULL;NULL;NULL;IMPRUDENCIA DEL CONDUCTOR;CONDUCIR EN ESTADO DE EBRIEDAD Y/O DROGADICCIÓN;Avenida Héroes de la Guerra del Pacífico;11/11/2022;-70.555653