CÓDIGO SINIESTRO;HORA SINIESTRO;CLASE SINIESTRO;CANTIDAD DE FALLECIDOS;CANTIDAD DE LESIONADOS;CANTIDAD DE VEHICULOS DAÑADOS;DEPARTAMENTO;PROVINCIA;DISTRITO;ZONA;TIPO DE VÍA;RED VIAL;COD CARRETERA;COORDENADAS LATITUD;CONDICIÓN CLIMÁTICA;ZONIFICACIÓN;CARACTERÍSTICAS DE VÍA;PERFIL LONGITUDINAL VÍA;SUPERFICIE DE CALZADA;¿EXISTE SEÑAL VERTICAL?;CLASIFICACIÓN DE LA SEÑAL VERTICAL Nº 1;CLASIFICACIÓN DE LA SEÑAL VERTICAL Nº 2;¿EXISTE SEÑAL HORIZONTAL?;CAUSA FACTOR PRINCIPAL;CAUSA ESPECÍFICA;UBICACION;FECHA SINIESTRO;COORDENADAS LONGITUD
A-2022-11-175;40:00.0;ATROPELLO FUGA;1;0;NULL;JUNIN;HUANCAYO;SICAYA;RURAL;CARRETERA;NACIONAL;PE-3SB;-12.032325;DESPEJADO;RURAL;TRAMO RECTO;PLANA ;ASFALTADA;NO;NULL;NULL;SI;IMPRUDENCIA DEL CONDUCTOR;OTRO (IMPRUDENCIA DEL CONDUCTOR);Carretera Central Margen Derecha;11/11/2022;-75.264093
A-2022-11-139;30:00.0;CHOQUE;1;0;NULL;LIMA;LIMA;SAN MIGUEL;URBANA;AVENIDA;URBANO;NO CORRESPONDE;-12.077029;DESPEJADO;COMERCIAL;TRAMO RECTO;PLANA ;ASFALTADA;SI;REGULADORA (R);REGULADORA (R);NO;EN PROCESO DE INVESTIGACIÓN;NO CUENTA CON CAUSA ESPECIFICA;Avenida de La Marina;12/11/2022;-77.093813
A-2022-11-5;40:00.0;ATROPELLO;1;0;1;ICA;ICA;SANTIAGO;URBANA;CARRETERA;NACIONAL;PE-1S;-14.206544;SOLEADO;COMERCIAL;TRAMO RECTO;PLANA ;ASFALTADA;NULL;NULL;NULL;NULL;EN PROCESO DE INVESTIGACIÓN;NO CUENTA CON CAUSA ESPECIFICA;Carretera Panamericana Sur;12/11/2022;-75.714074
A-2022-11-15;00:00.0;ATROPELLO;1;0;1;AREQUIPA;ISLAY;PUNTA DE BOMBON;RURAL;CARRETERA;NACIONAL;PE-1SD;-17.221262;DESPEJADO;RURAL;TRAMO RECTO;PLANA ;ASFALTADA;NO;NULL;NULL;SI;EN PROCESO DE INVESTIGACIÓN;NO CUENTA CON CAUSA ESPECIFICA;Carretera Costanera Sur;12/11/2022;-71.649945
A-2022-11-200;00:00.0;CHOQUE;1;0;1;PIURA;SULLANA;LANCONES;RURAL;CARRETERA;NACIONAL;PE-1NN;-4.619907;DESPEJADO;RURAL;TRAMO RECTO;PLANA ;ASFALTADA;NULL;NULL;NULL;NULL;EN PROCESO DE INVESTIGACIÓN;NO CUENTA CON CAUSA ESPECIFICA;Carretera Sullana - El Alamor;12/11/2022;-80.539296
A-2022-11-141;10:00.0;CHOQUE;1;1;NULL;LIMA;LIMA;LURIGANCHO;URBANA;CARRETERA;NACIONAL;PE-22;-12.020841;DESPEJADO;INDUSTRIAL;TRAMO RECTO;PLANA ;ASFALTADA;NULL;NULL;NULL;NULL;EN PROCESO DE INVESTIGACIÓN;NO CUENTA CON CAUSA ESPECIFICA;Autopista Ramiro Prialé;12/11/2022;-76.922638
A-2022-11-72;20:00.0;ATROPELLO FUGA;1;0;NULL;HUANUCO;LEONCIO PRADO;LUYANDO;RURAL;CARRETERA;NACIONAL;PE-18A;-9.212693;DESPEJADO;RESIDENCIAL;TRAMO RECTO;PLANA ;ASFALTADA;NULL;NULL;NULL;NULL;EN PROCESO DE INVESTIGACIÓN;NO CUENTA CON CAUSA ESPECIFICA;Carretera Interoceánica Centro;12/11/2022;-75.987271
A-2022-11-6;00:00.0;ATROPELLO;1;0;1;ICA;PISCO;PARACAS;RURAL;CARRETERA;NACIONAL;PE-1S;-13.874253;DESPEJADO;RURAL;CURVA;PLANA ;ASFALTADA;NULL;NULL;NULL;NULL;EN PROCESO DE INVESTIGACIÓN;NO CUENTA CON CAUSA ESPECIFICA;Carretera Panamericana Sur;13/11/2022;-76.125205
A-2022-11-83;00:00.0;DESPISTE;1;1;1;LA LIBERTAD;PATAZ;PATAZ;RURAL;CARRETERA;DEPARTAMENTAL;LI-125;-7.778377;DESPEJADO;RURAL;TRAMO RECTO;PLANA ;AFIRMADO;NULL;NULL;NULL;NULL;IMPRUDENCIA DEL CONDUCTOR;OTRO (IMPRUDENCIA DEL CONDUCTOR);LI-125;13/11/2022;-77.592619
A-2022-11-82;30:00.0;CHOQUE;2;0;2;LA LIBERTAD;TRUJILLO;HUANCHACO;URBANA;CARRETERA;NACIONAL;PE-1N;-8.088236;DESPEJADO;COMERCIAL;TRAMO RECTO;PLANA ;ASFALTADA;NULL;NULL;NULL;NULL;IMPRUDENCIA DEL CONDUCTOR;CONDUCIR EN ESTADO DE EBRIEDAD Y/O DROGADICCIÓN;Carretera Panamericana Norte;13/11/2022;-79.096604
A-2022-11-19;40:00.0;ATROPELLO FUGA;1;0;1;AREQUIPA;CAYLLOMA;MAJES;URBANA;CARRETERA;DEPARTAMENTAL;AR-108;-16.3472;DESPEJADO;COMERCIAL;TRAMO RECTO;PLANA ;ASFALTADA;NULL;NULL;NULL;NULL;EN PROCESO DE INVESTIGACIÓN;NO CUENTA CON CAUSA ESPECIFICA;Avenida Los Colonizadores;13/11/2022;-72.188856
A-2022-11-191;35:00.0;CHOQUE;1;1;NULL;MADRE DE DIOS;TAMBOPATA;TAMBOPATA;URBANA;AVENIDA;URBANO;NO CORRESPONDE;-12.596005;NULL;NULL;NULL;NULL;NULL;NULL;NULL;NULL;NULL;EN PROCESO DE INVESTIGACIÓN;NO CUENTA CON CAUSA ESPECIFICA;Jirón Puno;13/11/2022;-69.180265
A-2022-11-16;00:00.0;VOLCADURA;1;0;1;AREQUIPA;AREQUIPA;LA JOYA;URBANA;CALLE;URBANO;NO CORRESPONDE;-16.498478;DESPEJADO;RESIDENCIAL;INTERSECCIÓN;PLANA ;ASFALTADA;NULL;NULL;NULL;NULL;EN PROCESO DE INVESTIGACIÓN;NO CUENTA CON CAUSA ESPECIFICA;Calle Ricardo Palma;13/11/2022;-71.846176
A-2022-11-233;50:00.0;CHOQUE;1;0;NULL;LIMA;LIMA;SAN MARTIN DE PORRES;URBANA;AVENIDA;URBANO;NO CORRESPONDE;-11.990969;DESPEJADO;RESIDENCIAL;TRAMO RECTO;PLANA ;ASFALTADA;NULL;NULL;NULL;NULL;IMPRUDENCIA DEL CONDUCTOR;EXCESO DE VELOCIDAD;Avenida Carlos Alberto Izaguirre;13/11/2022;-77.089495
A-2022-11-52;00:00.0;DESPISTE;2;1;1;PUNO;PUNO;CAPACHICA;RURAL;CARRETERA;PROVINCIAL;PU-926;-15.653018;DESPEJADO;RURAL;CURVA;PLANA ;ASFALTADA;NULL;NULL;NULL;NULL;IMPRUDENCIA DEL CONDUCTOR;CONDUCIR EN ESTADO DE EBRIEDAD Y/O DROGADICCIÓN;Capachica;13/11/2022;-69.844916
A-2022-11-45;05:00.0;CHOQUE;1;2;1;ANCASH;CARHUAZ;MARCARA;RURAL;CARRETERA;PROVINCIAL;AN-784;-9.32236;DESPEJADO;RURAL;TRAMO RECTO;INCLINADA;ASFALTADA;NO;NULL;NULL;SI;IMPRUDENCIA DEL CONDUCTOR;INVASIÓN DE CARRIL;Carretera Longitudinal de la Sierra Norte;13/11/2022;-77.605722
A-2022-11-142;15:00.0;DESPISTE;1;0;NULL;LIMA;LIMA;LOS OLIVOS;URBANA;AVENIDA;URBANO;NO CORRESPONDE;-11.963233;DESPEJADO;RESIDENCIAL;TRAMO RECTO;PLANA ;ASFALTADA;NULL;NULL;NULL;NULL;EN PROCESO DE INVESTIGACIÓN;NO CUENTA CON CAUSA ESPECIFICA;Avenida A;13/11/2022;-77.078622
A-2022-11-162;30:00.0;ATROPELLO FUGA;1;0;NULL;LIMA;LIMA;LURIGANCHO;URBANA;CALLE;URBANO;NO CORRESPONDE;-11.938774;DESPEJADO;RESIDENCIAL;INTERSECCIÓN;INCLINADA;ASFALTADA;NULL;NULL;NULL;NULL;EN PROCESO DE INVESTIGACIÓN;NO CUENTA CON CAUSA ESPECIFICA;Avenida Andrés Avelino Cáceres;14/11/2022;-76.713919
A-2022-11-101;40:00.0;CHOQUE;1;0;NULL;ANCASH;SANTA;NUEVO CHIMBOTE;URBANA;CARRETERA;NACIONAL;PE-1N;-9.154907;DESPEJADO;INDUSTRIAL;TRAMO RECTO;PLANA ;ASFALTADA;NULL;NULL;NULL;NULL;EN PROCESO DE INVESTIGACIÓN;NO CUENTA CON CAUSA ESPECIFICA;Panamericana Norte;14/11/2022;-78.502508
A-2022-11-168;30:00.0;DESPISTE;2;5;1;JUNIN;JAUJA;CURICACA;URBANA;CARRETERA;NACIONAL;PE-3S;-11.763505;DESPEJADO;RURAL;CURVA;PLANA ;ASFALTADA;NULL;NULL;NULL;NULL;IMPRUDENCIA DEL CONDUCTOR;FATIGA Y/O CANSANCIO;Carretera Longitudinal de la Sierra Sur;14/11/2022;-75.713138
A-2022-11-187;30:00.0;CHOQUE;1;0;NULL;MADRE DE DIOS;TAMBOPATA;LABERINTO;RURAL;CARRETERA;NACIONAL;PE-30C;-12.753833;NULL;NULL;NULL;NULL;NULL;NULL;NULL;NULL;NULL;EN PROCESO DE INVESTIGACIÓN;NO CUENTA CON CAUSA ESPECIFICA;Interoceánica Sur;14/11/2022;-69.554536
A-2022-11-89;20:00.0;DESPISTE;1;0;NULL;APURIMAC;ABANCAY;TAMBURCO;RURAL;CARRETERA;SIN CLASIFICAR;SIN CLASIFICAR;-13.593277;NULL;NULL;NULL;NULL;NULL;NULL;NULL;NULL;NULL;EN PROCESO DE INVESTIGACIÓN;NO CUENTA CON CAUSA ESPECIFICA;Tamburco;14/11/2022;-72.857849
A-2022-11-23;00:00.0;VOLCADURA;1;0;1;AREQUIPA;CAYLLOMA;MAJES;URBANA;CARRETERA;DEPARTAMENTAL;AR-109;-16.309005;DESPEJADO;COMERCIAL;TRAMO RECTO;PLANA ;TROCHA;NULL;NULL;NULL;NULL;EN PROCESO DE INVESTIGACIÓN;NO CUENTA CON CAUSA ESPECIFICA;Carretera Majes - Colca;15/11/2022;-72.173148
A-2022-11-143;30:00.0;ATROPELLO;1;0;NULL;LIMA;LIMA;ANCON;URBANA;CARRETERA;NACIONAL;PE-1N;-11.813834;DESPEJADO;COMERCIAL;TRAMO RECTO;PLANA ;ASFALTADA;NULL;NULL;NULL;NULL;EN PROCESO DE INVESTIGACIÓN;NO CUENTA CON CAUSA ESPECIFICA;Avenida A;15/11/2022;-77.128701
A-2022-11-53;31:00.0;CHOQUE;1;0;1;PUNO;CHUCUITO;JULI;URBANA;AVENIDA;URBANO;NO CORRESPONDE;-16.219559;DESPEJADO;COMERCIAL;TRAMO RECTO;PLANA ;ASFALTADA;NULL;NULL;NULL;NULL;IMPRUDENCIA DEL CONDUCTOR;OTRO (IMPRUDENCIA DEL CONDUCTOR);Avenida Bolognesi;15/11/2022;-69.475852
A-2022-11-144;00:00.0;ATROPELLO;1;0;NULL;LIMA;LIMA;SAN MARTIN DE PORRES;URBANA;CARRETERA;NACIONAL;PE-1N;-12.00976;DESPEJADO;COMERCIAL;TRAMO RECTO;PLANA ;ASFALTADA;NULL;NULL;NULL;NULL;EN PROCESO DE INVESTIGACIÓN;NO CUENTA CON CAUSA ESPECIFICA;Avenida Fiori;15/11/2022;-77.060729
A-2022-11-145;30:00.0;CHOQUE;1;1;NULL;LIMA;LIMA;LOS OLIVOS;URBANA;CARRETERA;NACIONAL;PE-1N;-11.974377;DESPEJADO;COMERCIAL;TRAMO RECTO;PLANA ;ASFALTADA;NULL;NULL;NULL;NULL;EN PROCESO DE INVESTIGACIÓN;NO CUENTA CON CAUSA ESPECIFICA;Avenida Panamericana Norte;16/11/2022;-77.066469
A-2022-11-84;30:00.0;ATROPELLO FUGA;1;0;NULL;LA LIBERTAD;CHEPEN;PACANGA;RURAL;CARRETERA;NACIONAL;PE-1N;-7.152815;DESPEJADO;RURAL;TRAMO RECTO;PLANA ;ASFALTADA;NULL;NULL;NULL;NULL;IMPRUDENCIA DEL PEATÓN;CRUCE INDEBIDO POR LA CALZADA;Carretera Panamericana Norte;16/11/2022;-79.448065
A-2022-11-123;40:00.0;DESPISTE;1;0;NULL;LIMA;BARRANCA;BARRANCA;URBANA;JIRÓN;URBANO;NO CORRESPONDE;-10.748452;DESPEJADO;RESIDENCIAL;TRAMO RECTO;PLANA ;ASFALTADA;NULL;NULL;NULL;NULL;EN PROCESO DE INVESTIGACIÓN;NO CUENTA CON CAUSA ESPECIFICA;Jirón Lauriama;16/11/2022;-77.758891
A-2022-11-126;40:00.0;VOLCADURA;1;6;1;CAJAMARCA;CAJABAMBA;CACHACHI;RURAL;CARRETERA;DEPARTAMENTAL;CA-111;-7.666417;SOLEADO;RURAL;CURVA;INCLINADA;ASFALTADA;NO;NULL;NULL;SI;IMPRUDENCIA DEL CONDUCTOR;EXCESO DE VELOCIDAD;CA-111;16/11/2022;-78.189319
A-2022-11-44;00:00.0;DESPISTE;2;0;1;ANCASH;BOLOGNESI;HUALLANCA;RURAL;CARRETERA;NACIONAL;PE-3N;-9.898938;DESPEJADO;RURAL;CURVA;INCLINADA;ASFALTADA;NULL;NULL;NULL;NULL;EN PROCESO DE INVESTIGACIÓN;NO CUENTA CON CAUSA ESPECIFICA;Jirón Comercio;16/11/2022;-76.941366
A-2022-11-166;15:00.0;DESPISTE;1;0;1;PUNO;LAMPA;SANTA LUCIA;RURAL;CARRETERA;NACIONAL;PE-34A;-15.693173;DESPEJADO;RURAL;TRAMO RECTO;PLANA ;ASFALTADA;NULL;NULL;NULL;NULL;IMPRUDENCIA DEL CONDUCTOR;EXCESO DE VELOCIDAD;Vía Interoceánica Sur - Tramo 5;16/11/2022;-70.813695
A-2022-11-146;15:00.0;ATROPELLO;1;1;NULL;LIMA;LIMA;BREÑA;URBANA;AVENIDA;URBANO;NO CORRESPONDE;-12.067948;DESPEJADO;COMERCIAL;TRAMO RECTO;PLANA ;ASFALTADA;NULL;NULL;NULL;NULL;EN PROCESO DE INVESTIGACIÓN;NO CUENTA CON CAUSA ESPECIFICA;Avenida Brasil;16/11/2022;-77.048048
A-2022-11-188;35:00.0;DESPISTE;1;0;NULL;AMAZONAS;UTCUBAMBA;CAJARURO;RURAL;CARRETERA;SIN CLASIFICAR;SIN CLASIFICAR;-5.766933;DESPEJADO;RURAL;CURVA;INCLINADA;TROCHA;NULL;NULL;NULL;NULL;EN PROCESO DE INVESTIGACIÓN;NO CUENTA CON CAUSA ESPECIFICA;Cajaruro;16/11/2022;-78.189696
A-2022-11-7;00:00.0;ATROPELLO FUGA;1;0;0;ICA;PISCO;TUPAC AMARU INCA;RURAL;CARRETERA;NACIONAL;PE-1S;-13.692376;DESPEJADO;RURAL;TRAMO RECTO;PLANA ;ASFALTADA;NULL;NULL;NULL;NULL;EN PROCESO DE INVESTIGACIÓN;NO CUENTA CON CAUSA ESPECIFICA;Antigua Carretera Panamericana Sur;17/11/2022;-76.15555
A-2022-11-31;50:00.0;ATROPELLO;1;0;1;CUSCO;URUBAMBA;YUCAY;URBANA;CARRETERA;NACIONAL;PE-28B;-13.323544;DESPEJADO;RESIDENCIAL;INTERSECCIÓN;PLANA ;ASFALTADA;NO;NULL;NULL;SI;IMPRUDENCIA DEL CONDUCTOR;EXCESO DE VELOCIDAD;Avenida San Martin;17/11/2022;-72.081264
A-2022-11-54;30:00.0;CHOQUE;2;0;2;PUNO;EL COLLAO;PILCUYO;RURAL;CARRETERA;PROVINCIAL;PU-1180;-16.060408;DESPEJADO;RURAL;TRAMO RECTO;PLANA ;ASFALTADA;NULL;NULL;NULL;NULL;IMPRUDENCIA DEL CONDUCTOR;GIRAR IMPRUDENTEMENTE;Chipana;17/11/2022;-69.481173
A-2022-12-226;25:00.0;DESPISTE;1;0;NULL;LORETO;MAYNAS;SAN JUAN BAUTISTA;URBANA;CARRETERA;DEPARTAMENTAL;LO-103;-3.784963;DESPEJADO;RURAL;TRAMO RECTO;PLANA ;ASFALTADA;NULL;NULL;NULL;NULL;IMPRUDENCIA DEL CONDUCTOR;CONDUCIR EN ESTADO DE EBRIEDAD Y/O DROGADICCIÓN;Avenida José Abelardo Quiñones;18/11/2022;-73.299799
A-2022-11-242;00:00.0;CHOQUE;1;2;2;AYACUCHO;HUAMANGA;CHIARA;RURAL;CARRETERA;NACIONAL;PE-3S;-13.308307;DESPEJADO;RURAL;TRAMO RECTO;INCLINADA;ASFALTADA;SI;PREVENTIVA (P);NULL;NO;IMPRUDENCIA DEL CONDUCTOR;INVASIÓN DE CARRIL;Carretera Longitudinal de la Sierra Sur;18/11/2022;-74.226585
A-2022-11-92;30:00.0;CHOQUE;1;0;2;LA LIBERTAD;TRUJILLO;TRUJILLO;URBANA;AVENIDA;URBANO;NO CORRESPONDE;-8.091836;DESPEJADO;RESIDENCIAL;CURVA;INCLINADA;ASFALTADA;NULL;NULL;NULL;NULL;IMPRUDENCIA DEL CONDUCTOR;INVASIÓN DE CARRIL;Avenida Federico Villarreal;18/11/2022;-79.034714
A-2022-11-102;50:00.0;DESPISTE;1;0;NULL;ANCASH;CASMA;CASMA;RURAL;CARRETERA;NACIONAL;PE-1N;-9.634017;DESPEJADO;RURAL;TRAMO RECTO;PLANA ;ASFALTADA;NULL;NULL;NULL;NULL;EN PROCESO DE INVESTIGACIÓN;NO CUENTA CON CAUSA ESPECIFICA;Panamericana Norte;18/11/2022;-78.257949
A-2022-11-85;10:00.0;DESPISTE;11;16;1;LA LIBERTAD;PACASMAYO;SAN PEDRO DE LLOC;RURAL;CARRETERA;NACIONAL;PE-1N;-7.453194;DESPEJADO;RURAL;ÓVALO;INCLINADA;ASFALTADA;NULL;NULL;NULL;NULL;IMPRUDENCIA DEL CONDUCTOR;FATIGA Y/O CANSANCIO;Panamericana Norte;18/11/2022;-79.490454
A-2022-11-147;00:00.0;ATROPELLO;1;0;NULL;LIMA;LIMA;LOS OLIVOS;URBANA;AVENIDA;URBANO;NO CORRESPONDE;-11.989732;DESPEJADO;COMERCIAL;ÓVALO;PLANA ;ASFALTADA;SI;PREVENTIVA (P);NULL;NO;EN PROCESO DE INVESTIGACIÓN;NO CUENTA CON CAUSA ESPECIFICA;Avenida Alfredo Mendiola;18/11/2022;-77.064592
A-2022-11-22;30:00.0;ATROPELLO FUGA;1;0;NULL;CUSCO;ANTA;ANTA;RURAL;CARRETERA;NACIONAL;PE-3S;-13.474446;DESPEJADO;RURAL;TRAMO RECTO;PLANA ;ASFALTADA;NULL;NULL;NULL;NULL;EN PROCESO DE INVESTIGACIÓN;NO CUENTA CON CAUSA ESPECIFICA;Carretera Longitudinal de la Sierra Sur;19/11/2022;-72.157299
A-2022-11-46;00:00.0;DESPISTE;1;0;1;ANCASH;HUARI;PONTO;RURAL;CARRETERA;SIN CLASIFICAR;SIN CLASIFICAR;-9.327396;DESPEJADO;RURAL;TRAMO RECTO;PLANA ;TROCHA;NULL;NULL;NULL;NULL;EN PROCESO DE INVESTIGACIÓN;NO CUENTA CON CAUSA ESPECIFICA;AN-699;19/11/2022;-77.002862
A-2022-11-148;40:00.0;CHOQUE;1;0;NULL;LIMA;LIMA;ATE;URBANA;CARRETERA;NACIONAL;PE-22;-12.006904;DESPEJADO;INDUSTRIAL;TRAMO RECTO;PLANA ;ASFALTADA;NULL;NULL;NULL;NULL;EN PROCESO DE INVESTIGACIÓN;NO CUENTA CON CAUSA ESPECIFICA;Avenida Gloria Grande;19/11/2022;-76.852918
A-2022-11-8;30:00.0;CHOQUE;1;0;2;ICA;ICA;SALAS;RURAL;CARRETERA;NACIONAL;PE-1S;-13.904992;DESPEJADO;RURAL;TRAMO RECTO;PLANA ;ASFALTADA;NULL;NULL;NULL;NULL;EN PROCESO DE INVESTIGACIÓN;NO CUENTA CON CAUSA ESPECIFICA;Carretera Panamericana Sur;19/11/2022;-76.05267
A-2022-11-241;00:00.0;CHOQUE;1;0;NULL;LIMA;LIMA;PUEBLO LIBRE;URBANA;AVENIDA;URBANO;NO CORRESPONDE;-12.080112;DESPEJADO;RESIDENCIAL;TRAMO RECTO;PLANA ;ASFALTADA;NULL;NULL;NULL;NULL;EN PROCESO DE INVESTIGACIÓN;NO CUENTA CON CAUSA ESPECIFICA;Avenida Brasil;19/11/2022;-77.057902
A-2022-11-167;15:00.0;DESPISTE;1;0;1;PASCO;PASCO;YANACANCHA;RURAL;CARRETERA;NACIONAL;PE-34A;-10.693849;DESPEJADO;RURAL;TRAMO RECTO;PLANA ;ASFALTADA;NULL;NULL;NULL;NULL;IMPRUDENCIA DEL CONDUCTOR;EXCESO DE VELOCIDAD;Carretera Longitudinal de la Sierra Norte;19/11/2022;-76.230338
A-2022-11-86;30:00.0;CHOQUE;2;0;2;LA LIBERTAD;TRUJILLO;SALAVERRY;URBANA;CARRETERA;NACIONAL;PE-10;-8.187631;DESPEJADO;RURAL;TRAMO RECTO;PLANA ;ASFALTADA;NULL;NULL;NULL;NULL;IMPRUDENCIA DEL CONDUCTOR;NO ESTABLECER EL DERECHO DE PASO;Avenida de la Marina;19/11/2022;-78.994503
A-2022-11-10;15:00.0;ATROPELLO;1;0;1;ICA;PISCO;TUPAC AMARU INCA;URBANA;CARRETERA;NACIONAL;PE-1S;-13.715866;DESPEJADO;COMERCIAL;TRAMO RECTO;PLANA ;ASFALTADA;NULL;NULL;NULL;NULL;EN PROCESO DE INVESTIGACIÓN;NO CUENTA CON CAUSA ESPECIFICA;Antigua Carretera Panamericana Sur;19/11/2022;-76.154075
A-2022-11-91;30:00.0;DESPISTE;2;1;NULL;APURIMAC;ABANCAY;CURAHUASI;RURAL;CARRETERA;DEPARTAMENTAL;AP-112;-13.641733;NULL;NULL;NULL;NULL;NULL;NULL;NULL;NULL;NULL;EN PROCESO DE INVESTIGACIÓN;NO CUENTA CON CAUSA ESPECIFICA;AP-112;19/11/2022;-72.599797
A-2022-11-11;45:00.0;CHOQUE;1;7;2;ICA;PISCO;PARACAS;RURAL;CARRETERA;NACIONAL;PE-1S;-13.788802;DESPEJADO;INDUSTRIAL;TRAMO RECTO;PLANA ;ASFALTADA;NULL;NULL;NULL;NULL;EN PROCESO DE INVESTIGACIÓN;NO CUENTA CON CAUSA ESPECIFICA;Carretera Panamericana Sur;19/11/2022;-76.163699
A-2022-11-87;50:00.0;CHOQUE;1;0;2;LA LIBERTAD;TRUJILLO;VICTOR LARCO HERRERA;URBANA;CARRETERA;NACIONAL;PE-1N;-8.152316;DESPEJADO;RURAL;TRAMO RECTO;PLANA ;ASFALTADA;NULL;NULL;NULL;NULL;IMPRUDENCIA DEL CONDUCTOR;ADELANTAR INDEBIDAMENTE;Carretera Industrial;19/11/2022;-79.035289
A-2022-11-55;20:00.0;DESPISTE;1;0;NULL;PUNO;CHUCUITO;JULI;URBANA;CARRETERA;NACIONAL;PE-3S;-16.210565;DESPEJADO;RURAL;INTERSECCIÓN;PLANA ;ASFALTADA;NULL;NULL;NULL;NULL;IMPRUDENCIA DEL CONDUCTOR;OTRO (IMPRUDENCIA DEL CONDUCTOR);Carretera Longitudinal de la Sierra Sur;20/11/2022;-69.443086
A-2022-11-9;05:00.0;ATROPELLO FUGA;1;0;NULL;ICA;ICA;SALAS;RURAL;CARRETERA;NACIONAL;PE-1S;-13.930395;DESPEJADO;RURAL;TRAMO RECTO;PLANA ;ASFALTADA;NULL;NULL;NULL;NULL;EN PROCESO DE INVESTIGACIÓN;NO CUENTA CON CAUSA ESPECIFICA;Carretera Panamericana Sur;20/11/2022;-75.944842
A-2022-11-24;20:00.0;CHOQUE;1;0;3;AREQUIPA;ISLAY;MOLLENDO;RURAL;CARRETERA;NACIONAL;PE-34;-16.853712;DESPEJADO;RURAL;TRAMO RECTO;INCLINADA;ASFALTADA;NO;NULL;NULL;SI;EN PROCESO DE INVESTIGACIÓN;NO CUENTA CON CAUSA ESPECIFICA;Carretera Interoceánica Sur;20/11/2022;-72.019081
A-2022-11-181;00:00.0;DESPISTE;1;0;1;PIURA;PIURA;CASTILLA;RURAL;CARRETERA;DEPARTAMENTAL;PI-126;-5.173203;DESPEJADO;RURAL;INTERSECCIÓN;PLANA ;ASFALTADA;NULL;NULL;NULL;NULL;IMPRUDENCIA DEL CONDUCTOR;OTRO (IMPRUDENCIA DEL CONDUCTOR);Miraflores;20/11/2022;-80.612671
A-2022-11-64;40:00.0;ATROPELLO;1;0;0;PUNO;MELGAR;SANTA ROSA;URBANA;CARRETERA;PROVINCIAL;PU-674;-14.61461;DESPEJADO;RESIDENCIAL;OTRO;PLANA ;CONCRETO;NULL;NULL;NULL;NULL;IMPRUDENCIA DEL PEATÓN;OTRO (IMPRUDENCIA DEL PEATÓN);Santa Rosa;20/11/2022;-70.787696
A-2022-11-127;30:00.0;DESPISTE;1;0;1;CAJAMARCA;JAEN;POMAHUACA;RURAL;CARRETERA;NACIONAL;PE-3N;-5.943383;DESPEJADO;RESIDENCIAL;TRAMO RECTO;INCLINADA;ASFALTADA;SI;PREVENTIVA (P);PREVENTIVA (P);NO;IMPRUDENCIA DEL CONDUCTOR;EXCESO DE VELOCIDAD;Carretera Presidente Fernando Belaúnde Terry;20/11/2022;-79.248618
A-2022-11-243;30:00.0;CHOQUE;1;1;2;AYACUCHO;HUAMANGA;VINCHOS;RURAL;CARRETERA;NACIONAL;PE-28A;-13.340948;DESPEJADO;RURAL;CURVA;INCLINADA;ASFALTADA;NULL;NULL;NULL;NULL;IMPRUDENCIA DEL CONDUCTOR;INVASIÓN DE CARRIL;Vía de los Libertadores;20/11/2022;-74.444093
A-2022-11-128;30:00.0;DESPISTE;1;0;1;CAJAMARCA;HUALGAYOC;BAMBAMARCA;URBANA;CARRETERA;PROVINCIAL;CA-1066;-6.758354;DESPEJADO;RESIDENCIAL;CURVA;INCLINADA;AFIRMADO;NULL;NULL;NULL;NULL;EN PROCESO DE INVESTIGACIÓN;NO CUENTA CON CAUSA ESPECIFICA;El Tambo;20/11/2022;-78.487959
A-2022-11-176;00:00.0;ATROPELLO FUGA;1;0;NULL;JUNIN;HUANCAYO;SAN JERONIMO DE TUNAN;URBANA;CARRETERA;NACIONAL;PE-3S;-11.945276;DESPEJADO;COMERCIAL;TRAMO RECTO;PLANA ;ASFALTADA;NO;NULL;NULL;SI;EN PROCESO DE INVESTIGACIÓN;NO CUENTA CON CAUSA ESPECIFICA;Carretera Longitudinal de la Sierra Sur;20/11/2022;-75.293872
A-2022-11-149;00:00.0;DESPISTE;1;0;NULL;LIMA;LIMA;EL AGUSTINO;URBANA;AVENIDA;URBANO;NO CORRESPONDE;-12.035437;DESPEJADO;RESIDENCIAL;TRAMO RECTO;PLANA ;ASFALTADA;NULL;NULL;NULL;NULL;EN PROCESO DE INVESTIGACIÓN;NO CUENTA CON CAUSA ESPECIFICA;Avenida Ferrocarril;21/11/2022;-76.999499
A-2022-11-129;09:00.0;CHOQUE CON OBJETO FIJO;1;0;1;CAJAMARCA;CAJABAMBA;CONDEBAMBA;RURAL;CARRETERA;NACIONAL;PE-3N;-7.534292;DESPEJADO;RURAL;CURVA;INCLINADA;ASFALTADA;SI;PREVENTIVA (P);REGULADORA (R);SI;EN PROCESO DE INVESTIGACIÓN;NO CUENTA CON CAUSA ESPECIFICA;Carretera Longitudinal de la Sierra Norte;21/11/2022;-78.150196