CÓDIGO SINIESTRO;HORA SINIESTRO;CLASE SINIESTRO;CANTIDAD DE FALLECIDOS;CANTIDAD DE LESIONADOS;CANTIDAD DE VEHICULOS DAÑADOS;DEPARTAMENTO;PROVINCIA;DISTRITO;ZONA;TIPO DE VÍA;RED VIAL;COD CARRETERA;COORDENADAS LATITUD;CONDICIÓN CLIMÁTICA;ZONIFICACIÓN;CARACTERÍSTICAS DE VÍA;PERFIL LONGITUDINAL VÍA;SUPERFICIE DE CALZADA;¿EXISTE SEÑAL VERTICAL?;CLASIFICACIÓN DE LA SEÑAL VERTICAL Nº 1;CLASIFICACIÓN DE LA SEÑAL VERTICAL Nº 2;¿EXISTE SEÑAL HORIZONTAL?;CAUSA FACTOR PRINCIPAL;CAUSA ESPECÍFICA;UBICACION;FECHA SINIESTRO;COORDENADAS LONGITUD
A-2022-11-182;20:00.0;CHOQUE;1;0;1;PIURA;PIURA;PIURA;URBANA;AVENIDA;URBANO;NO CORRESPONDE;-5.203585;DESPEJADO;ESCOLAR;CURVA;PLANA ;ASFALTADA;NULL;NULL;NULL;NULL;IMPRUDENCIA DEL CONDUCTOR;EXCESO DE VELOCIDAD;Avenida Don Bosco;21/11/2022;-80.628166
A-2022-11-190;20:00.0;CHOQUE;1;2;2;AMAZONAS;BAGUA;BAGUA;RURAL;CARRETERA;NACIONAL;PE-5NC;-5.595395;DESPEJADO;RURAL;TRAMO RECTO;PLANA ;ASFALTADA;SI;PREVENTIVA (P);NULL;SI;EN PROCESO DE INVESTIGACIÓN;NO CUENTA CON CAUSA ESPECIFICA;PE-5NC;21/11/2022;-78.552268
A-2022-11-25;00:00.0;DESPISTE;1;0;1;AREQUIPA;AREQUIPA;SANTA RITA DE SIGUAS;URBANA;CARRETERA;PROVINCIAL;AR-728;-16.484106;DESPEJADO;COMERCIAL;TRAMO RECTO;PLANA ;CONCRETO;NULL;NULL;NULL;NULL;EN PROCESO DE INVESTIGACIÓN;NO CUENTA CON CAUSA ESPECIFICA;Santa Rita de Siguas;21/11/2022;-72.109608
A-2022-11-98;20:00.0;ATROPELLO FUGA;1;0;1;TUMBES;TUMBES;CORRALES;RURAL;CARRETERA;NACIONAL;PE-1N;-3.613268;DESPEJADO;RURAL;TRAMO RECTO;PLANA ;ASFALTADA;NULL;NULL;NULL;NULL;IMPRUDENCIA DEL CONDUCTOR;NO DAR PASO PREFERENTE AL PEATÓN;Carretera Panamericana Norte;21/11/2022;-80.512662
A-2022-11-65;10:00.0;DESPISTE;2;1;1;PUNO;LAMPA;SANTA LUCIA;RURAL;CARRETERA;NACIONAL;PE-34A;-15.665288;DESPEJADO;RURAL;CURVA;PLANA ;ASFALTADA;NULL;NULL;NULL;NULL;IMPRUDENCIA DEL CONDUCTOR;INVASIÓN DE CARRIL;Vía Interoceánica Sur - Tramo 5;22/11/2022;-70.654582
A-2022-11-17;00:00.0;ATROPELLO FUGA;1;0;0;ICA;ICA;PARCONA;URBANA;AVENIDA;URBANO;NO CORRESPONDE;-14.063521;DESPEJADO;COMERCIAL;TRAMO RECTO;PLANA ;ASFALTADA;NULL;NULL;NULL;NULL;EN PROCESO DE INVESTIGACIÓN;NO CUENTA CON CAUSA ESPECIFICA;Avenida 7;22/11/2022;-75.72083
A-2022-11-93;20:00.0;ATROPELLO;1;0;1;LA LIBERTAD;TRUJILLO;LA ESPERANZA;URBANA;AVENIDA;URBANO;NO CORRESPONDE;-8.083166;DESPEJADO;COMERCIAL;TRAMO RECTO;PLANA ;ASFALTADA;NULL;NULL;NULL;NULL;IMPRUDENCIA DEL CONDUCTOR;NO DAR PASO PREFERENTE AL PEATÓN;Avenida Tahuantinsuyo;22/11/2022;-79.042984
A-2022-11-236;45:00.0;ATROPELLO;1;0;NULL;LIMA;LIMA;VILLA EL SALVADOR;URBANA;AVENIDA;URBANO;NO CORRESPONDE;-12.213341;DESPEJADO;RESIDENCIAL;INTERSECCIÓN;PLANA ;ASFALTADA;NULL;NULL;NULL;NULL;IMPRUDENCIA DEL CONDUCTOR;OTRO (IMPRUDENCIA DEL CONDUCTOR);Avenida Revolución;22/11/2022;-76.936724
A-2022-11-56;11:00.0;DESPISTE;1;0;1;PUNO;CHUCUITO;POMATA;RURAL;CARRETERA;NACIONAL;PE-3S;-16.258607;DESPEJADO;RURAL;CURVA;PLANA ;ASFALTADA;NULL;NULL;NULL;NULL;IMPRUDENCIA DEL CONDUCTOR;EXCESO DE VELOCIDAD;Carretera Longitudinal de la Sierra Sur;22/11/2022;-69.312358
A-2022-11-170;45:00.0;CHOQUE;1;1;2;PIURA;PIURA;LA UNION;RURAL;CARRETERA;PROVINCIAL;PI-1034;-5.406608;DESPEJADO;RURAL;TRAMO RECTO;PLANA ;ASFALTADA;NULL;NULL;NULL;NULL;IMPRUDENCIA DEL CONDUCTOR;EXCESO DE VELOCIDAD;PI-1034;23/11/2022;-80.724599
A-2022-11-57;00:00.0;ATROPELLO FUGA;1;0;NULL;PUNO;EL COLLAO;PILCUYO;RURAL;CARRETERA;PROVINCIAL;PU-1180;-16.060227;DESPEJADO;RURAL;TRAMO RECTO;PLANA ;TROCHA;NULL;NULL;NULL;NULL;EN PROCESO DE INVESTIGACIÓN;NO CUENTA CON CAUSA ESPECIFICA;Chipana;23/11/2022;-69.481005
A-2022-11-150;50:00.0;ATROPELLO;1;0;NULL;LIMA;LIMA;PUENTE PIEDRA;URBANA;CARRETERA;NACIONAL;PE-1N;-11.836296;DESPEJADO;COMERCIAL;INTERSECCIÓN;PLANA ;ASFALTADA;NULL;NULL;NULL;NULL;EN PROCESO DE INVESTIGACIÓN;NO CUENTA CON CAUSA ESPECIFICA;Carretera Panamericana Norte;23/11/2022;-77.110072
A-2022-11-201;00:00.0;CHOQUE FUGA;1;0;1;PIURA;SULLANA;SULLANA;URBANA;CARRETERA;DEPARTAMENTAL;PI-102;-4.905533;DESPEJADO;RURAL;TRAMO RECTO;PLANA ;ASFALTADA;NULL;NULL;NULL;NULL;EN PROCESO DE INVESTIGACIÓN;NO CUENTA CON CAUSA ESPECIFICA;Carretera Paita - Sullana;23/11/2022;-80.721643
A-2022-11-103;30:00.0;DESPISTE;3;0;NULL;ANCASH;CASMA;CASMA;RURAL;CARRETERA;NACIONAL;PE-1N;-9.464707;DESPEJADO;RURAL;TRAMO RECTO;PLANA ;ASFALTADA;NULL;NULL;NULL;NULL;EN PROCESO DE INVESTIGACIÓN;NO CUENTA CON CAUSA ESPECIFICA;Panamericana Norte;24/11/2022;-78.321518
A-2022-11-39;30:00.0;DESPISTE;1;7;1;ANCASH;SIHUAS;SIHUAS;RURAL;CARRETERA;PROVINCIAL;AN-550;-8.554136;DESPEJADO;RURAL;CURVA;INCLINADA;ASFALTADA;SI;INFORMATIVA (I);NULL;NO;IMPRUDENCIA DEL CONDUCTOR;EXCESO DE VELOCIDAD;Sihuas;24/11/2022;-77.63678
A-2022-11-95;09:00.0;ATROPELLO;1;1;1;LA LIBERTAD;TRUJILLO;TRUJILLO;URBANA;JIRÓN;URBANO;NO CORRESPONDE;-8.10851;DESPEJADO;COMERCIAL;INTERSECCIÓN;PLANA ;ASFALTADA;NULL;NULL;NULL;NULL;IMPRUDENCIA DEL CONDUCTOR;GIRAR IMPRUDENTEMENTE;Jirón Junín;24/11/2022;-79.026671
A-2022-11-108;30:00.0;DESPISTE;1;0;1;APURIMAC;ANDAHUAYLAS;HUANCARAY;RURAL;CARRETERA;PROVINCIAL;AP-719;-13.744167;DESPEJADO;RURAL;OTRO;INCLINADA;TROCHA;SI;PREVENTIVA (P);NULL;NO;IMPERICIA DEL CONDUCTOR;NULL;Pampamarca;24/11/2022;-73.526402
A-2022-11-67;30:00.0;CHOQUE;1;0;2;LAMBAYEQUE;FERREÑAFE;FERREÑAFE;RURAL;CARRETERA;DEPARTAMENTAL;LA-111;-6.59833;DESPEJADO;RURAL;CURVA;PLANA ;ASFALTADA;SI;PREVENTIVA (P);NULL;NO;EN PROCESO DE INVESTIGACIÓN;NO CUENTA CON CAUSA ESPECIFICA;LA-111;24/11/2022;-79.78725
A-2022-11-177;45:00.0;CHOQUE CON OBJETO FIJO;1;1;NULL;JUNIN;CONCEPCION;MANZANARES;URBANA;CARRETERA;PROVINCIAL;JU-848;-12.007957;DESPEJADO;RURAL;CURVA;PLANA ;ASFALTADA;NULL;NULL;NULL;NULL;IMPRUDENCIA DEL CONDUCTOR;OTRO (IMPRUDENCIA DEL CONDUCTOR);San Miguel;24/11/2022;-75.351871
A-2022-11-94;00:00.0;CHOQUE;1;2;2;LA LIBERTAD;VIRU;VIRU;RURAL;CARRETERA;PROVINCIAL;LI-1122;-8.466761;DESPEJADO;RURAL;TRAMO RECTO;PLANA ;TROCHA;NULL;NULL;NULL;NULL;EN PROCESO DE INVESTIGACIÓN;NO CUENTA CON CAUSA ESPECIFICA;LI-1122;24/11/2022;-78.859104
A-2022-11-112;20:00.0;CHOQUE FUGA;1;0;1;PUNO;AZANGARO;ACHAYA;RURAL;CARRETERA;NACIONAL;PE-34B;-15.234775;DESPEJADO;RURAL;TRAMO RECTO;PLANA ;ASFALTADA;NULL;NULL;NULL;NULL;IMPRUDENCIA DEL CONDUCTOR;OTRO (IMPRUDENCIA DEL CONDUCTOR);Carretera Interoceánica Puno - Madre de Dios;24/11/2022;-70.222514
A-2022-11-232;40:00.0;ATROPELLO;1;0;NULL;LIMA;LIMA;RIMAC;URBANA;JIRÓN;URBANO;NO CORRESPONDE;-12.041885;DESPEJADO;COMERCIAL;TRAMO RECTO;PLANA ;ASFALTADA;SI;PREVENTIVA (P);PREVENTIVA (P);NO;IMPRUDENCIA DEL PASAJERO/OCUPANTE;OTRO (IMPRUDENCIA DEL PASAJERO/OCUPANTE);Jirón Castañeta;24/11/2022;-77.022573
A-2022-11-202;00:00.0;DESPISTE;1;0;NULL;PIURA;TALARA;LA BREA;RURAL;CARRETERA;NACIONAL;PE-1N;-4.74563;DESPEJADO;RURAL;TRAMO RECTO;PLANA ;ASFALTADA;NULL;NULL;NULL;NULL;EN PROCESO DE INVESTIGACIÓN;NO CUENTA CON CAUSA ESPECIFICA;Carretera Panamericana Norte;24/11/2022;-80.998694
A-2022-11-151;45:00.0;CAÍDA DE PASAJERO;1;0;NULL;LIMA;LIMA;COMAS;URBANA;AVENIDA;URBANO;NO CORRESPONDE;-11.905014;DESPEJADO;RESIDENCIAL;CURVA;PLANA ;ASFALTADA;NULL;NULL;NULL;NULL;EN PROCESO DE INVESTIGACIÓN;NO CUENTA CON CAUSA ESPECIFICA;Avenida San Martín;25/11/2022;-77.041267
A-2022-11-163;50:00.0;ATROPELLO;1;0;NULL;LIMA;LIMA;VILLA MARIA DEL TRIUNFO;URBANA;CALLE;URBANO;NO CORRESPONDE;-12.150951;DESPEJADO;RESIDENCIAL;INTERSECCIÓN;INCLINADA;ASFALTADA;NULL;NULL;NULL;NULL;EN PROCESO DE INVESTIGACIÓN;NO CUENTA CON CAUSA ESPECIFICA;2 de Mayo;25/11/2022;-76.950791
A-2022-11-26;00:00.0;CHOQUE;1;0;2;AREQUIPA;AREQUIPA;YURA;RURAL;CARRETERA;NACIONAL;PE-34A;-16.06676;NUBLADO;RURAL;CURVA;INCLINADA;ASFALTADA;NO;NULL;NULL;SI;EN PROCESO DE INVESTIGACIÓN;NO CUENTA CON CAUSA ESPECIFICA;Vía Interoceánica Sur - Tramo 5;25/11/2022;-71.367636
A-2022-11-99;00:00.0;VOLCADURA;1;0;1;TUMBES;CONTRALMIRANTE VILLAR;CASITAS;RURAL;CARRETERA;DEPARTAMENTAL;TU-105;-3.915714;DESPEJADO;RURAL;TRAMO RECTO;PLANA ;ASFALTADA;SI;PREVENTIVA (P);REGULADORA (R);NO;IMPRUDENCIA DEL CONDUCTOR;OTRO (IMPRUDENCIA DEL CONDUCTOR);TU-105;25/11/2022;-80.627069
A-2022-11-234;50:00.0;DESPISTE;1;0;NULL;LIMA;LIMA;LOS OLIVOS;URBANA;AVENIDA;URBANO;NO CORRESPONDE;-11.961897;DESPEJADO;RESIDENCIAL;INTERSECCIÓN;PLANA ;ASFALTADA;NULL;NULL;NULL;NULL;IMPRUDENCIA DEL CONDUCTOR;OTRO (IMPRUDENCIA DEL CONDUCTOR);Avenida Gerardo Unger;26/11/2022;-77.063349
A-2022-11-96;40:00.0;CHOQUE;1;1;2;LA LIBERTAD;TRUJILLO;LAREDO;RURAL;CARRETERA;NACIONAL;PE-10A;-8.098803;DESPEJADO;RURAL;TRAMO RECTO;PLANA ;ASFALTADA;NULL;NULL;NULL;NULL;EN PROCESO DE INVESTIGACIÓN;NO CUENTA CON CAUSA ESPECIFICA;Carretera Industrial;26/11/2022;-78.95821
A-2022-11-27;20:00.0;DESPISTE;1;0;1;AREQUIPA;AREQUIPA;CAYMA;URBANA;CALLE;URBANO;NO CORRESPONDE;-16.332812;DESPEJADO;RURAL;TRAMO RECTO;INCLINADA;ASFALTADA;NULL;NULL;NULL;NULL;EN PROCESO DE INVESTIGACIÓN;NO CUENTA CON CAUSA ESPECIFICA;Cayma;26/11/2022;-71.551891
A-2022-11-130;00:00.0;ATROPELLO;1;0;1;CAJAMARCA;CUTERVO;CUTERVO;URBANA;CARRETERA;PROVINCIAL;CA-825;-6.382676;DESPEJADO;RESIDENCIAL;TRAMO RECTO;PLANA ;AFIRMADO;NULL;NULL;NULL;NULL;IMPRUDENCIA DEL CONDUCTOR;EXCESO DE VELOCIDAD;CA-825;26/11/2022;-78.835499
A-2022-11-35;20:00.0;ATROPELLO;1;0;1;CUSCO;CALCA;PISAC;RURAL;CARRETERA;DEPARTAMENTAL;CU-112;-13.407342;DESPEJADO;RURAL;CURVA;INCLINADA;ASFALTADA;SI;PREVENTIVA (P);REGULADORA (R);SI;IMPRUDENCIA DEL PEATÓN;ESTADO DE EBRIEDAD Y/O DROGADICCIÓN;CU-112;26/11/2022;-71.830193
A-2022-11-78;35:00.0;ATROPELLO FUGA;1;0;NULL;TACNA;TACNA;TACNA;RURAL;CARRETERA;NACIONAL;PE-1S;-18.292291;DESPEJADO;RURAL;TRAMO RECTO;PLANA ;ASFALTADA;NULL;NULL;NULL;NULL;IMPRUDENCIA DEL CONDUCTOR;EXCESO DE VELOCIDAD;Carretera Panamericana Sur;26/11/2022;-70.316267
A-2022-11-110;00:00.0;CHOQUE;1;3;1;PUNO;SAN ROMAN;JULIACA;RURAL;CARRETERA;NACIONAL;PE-34A;-15.505741;NUBLADO;RURAL;TRAMO RECTO;PLANA ;ASFALTADA;NULL;NULL;NULL;NULL;IMPRUDENCIA DEL CONDUCTOR;EXCESO DE VELOCIDAD;Héroes de La Guerra del Pacífico;26/11/2022;-70.162543
A-2022-11-109;14:00.0;ATROPELLO FUGA;1;0;1;APURIMAC;ANDAHUAYLAS;ANDAHUAYLAS;URBANA;CARRETERA;PROVINCIAL;AP-560;-13.659486;DESPEJADO;RESIDENCIAL;CURVA;PLANA ;ASFALTADA;NO;NULL;NULL;SI;IMPRUDENCIA DEL CONDUCTOR;CONDUCIR EN ESTADO DE EBRIEDAD Y/O DROGADICCIÓN;Avenida Confraternidad;27/11/2022;-73.397883
A-2022-11-192;30:00.0;CHOQUE CON OBJETO FIJO;1;0;1;ICA;CHINCHA;CHINCHA ALTA;URBANA;CARRETERA;DEPARTAMENTAL;IC-100;-13.411954;DESPEJADO;RESIDENCIAL;TRAMO RECTO;PLANA ;ASFALTADA;NULL;NULL;NULL;NULL;IMPRUDENCIA DEL CONDUCTOR;FATIGA Y/O CANSANCIO;Víctor Andrés Belaunde;27/11/2022;-76.131616
A-2022-11-194;50:00.0;DESPISTE;1;0;NULL;JUNIN;SATIPO;PANGOA;RURAL;CARRETERA;NACIONAL;PE-28C;-11.335422;DESPEJADO;RURAL;TRAMO RECTO;PLANA ;ASFALTADA;NULL;NULL;NULL;NULL;IMPRUDENCIA DEL CONDUCTOR;EXCESO DE VELOCIDAD;PE-28C;27/11/2022;-74.52831
A-2022-11-173;00:00.0;DESPISTE;1;0;1;PIURA;MORROPON;CHULUCANAS;RURAL;CARRETERA;PROVINCIAL;PI-778;-5.003433;DESPEJADO;RURAL;CURVA;PLANA ;AFIRMADO;NULL;NULL;NULL;NULL;IMPRUDENCIA DEL CONDUCTOR;CONDUCIR EN ESTADO DE EBRIEDAD Y/O DROGADICCIÓN;PI-778;27/11/2022;-80.144577
A-2022-11-97;25:00.0;CHOQUE;1;2;2;LA LIBERTAD;TRUJILLO;LAREDO;RURAL;CARRETERA;NACIONAL;PE-10A;-8.088592;DESPEJADO;RURAL;TRAMO RECTO;PLANA ;ASFALTADA;NULL;NULL;NULL;NULL;IMPRUDENCIA DEL CONDUCTOR;CONDUCIR EN ESTADO DE EBRIEDAD Y/O DROGADICCIÓN;Carretera Industrial;27/11/2022;-78.914284
A-2022-11-153;52:00.0;DESPISTE;1;0;NULL;LIMA;LIMA;ANCON;URBANA;CALLE;URBANO;NO CORRESPONDE;-11.765667;DESPEJADO;RESIDENCIAL;INTERSECCIÓN;PLANA ;AFIRMADO;NULL;NULL;NULL;NULL;EN PROCESO DE INVESTIGACIÓN;NO CUENTA CON CAUSA ESPECIFICA;Ancón;27/11/2022;-77.153833
A-2022-11-174;10:00.0;ATROPELLO;1;1;2;PIURA;PIURA;CASTILLA;URBANA;AVENIDA;URBANO;NO CORRESPONDE;-5.207741;DESPEJADO;COMERCIAL;INTERSECCIÓN;PLANA ;ASFALTADA;NULL;NULL;NULL;NULL;IMPRUDENCIA DEL CONDUCTOR;CONDUCIR EN ESTADO DE EBRIEDAD Y/O DROGADICCIÓN;Jirón Hipólito Unanue;27/11/2022;-80.622434
A-2022-11-28;00:00.0;CHOQUE;1;0;2;AREQUIPA;AREQUIPA;CAYMA;URBANA;CARRETERA;DEPARTAMENTAL;AR-116;-16.321264;DESPEJADO;RESIDENCIAL;TRAMO RECTO;INCLINADA;ASFALTADA;NO;NULL;NULL;SI;EN PROCESO DE INVESTIGACIÓN;NO CUENTA CON CAUSA ESPECIFICA;Avenida Charcani;27/11/2022;-71.531346
A-2022-11-122;10:00.0;ATROPELLO;1;1;NULL;CALLAO;CALLAO;VENTANILLA;URBANA;CALLE;URBANO;NO CORRESPONDE;-11.861389;DESPEJADO;RURAL;OTRO;PLANA ;AFIRMADO;NULL;NULL;NULL;NULL;IMPRUDENCIA DEL CONDUCTOR;OTRO (IMPRUDENCIA DEL CONDUCTOR);Avenida Playa Los Delfines;27/11/2022;-77.15016
A-2022-11-131;00:00.0;DESPISTE;2;0;1;CAJAMARCA;CHOTA;CHOTA;RURAL;CARRETERA;SIN CLASIFICAR;SIN CLASIFICAR;-6.562401;SOLEADO;RURAL;CURVA;PLANA ;AFIRMADO;NULL;NULL;NULL;NULL;EN PROCESO DE INVESTIGACIÓN;NO CUENTA CON CAUSA ESPECIFICA;Chota;27/11/2022;-78.589006
A-2022-11-152;00:00.0;DESPISTE;1;0;NULL;LIMA;LIMA;SAN BORJA;URBANA;AVENIDA;URBANO;NO CORRESPONDE;-12.112009;DESPEJADO;COMERCIAL;TRAMO RECTO;PLANA ;ASFALTADA;NULL;NULL;NULL;NULL;EN PROCESO DE INVESTIGACIÓN;NO CUENTA CON CAUSA ESPECIFICA;Auxiliar Avenida Angamos Este;27/11/2022;-77.00675
A-2022-11-113;30:00.0;CHOQUE;1;0;1;PUNO;SAN ROMAN;JULIACA;URBANA;CARRETERA;NACIONAL;PE-3S;-15.4847;DESPEJADO;COMERCIAL;TRAMO RECTO;PLANA ;ASFALTADA;NULL;NULL;NULL;NULL;IMPRUDENCIA DEL CONDUCTOR;EXCESO DE VELOCIDAD;Avenida Circunvalación Este;27/11/2022;-70.124729
A-2022-11-58;30:00.0;ATROPELLO FUGA;1;1;NULL;PUNO;YUNGUYO;COPANI;RURAL;CARRETERA;DEPARTAMENTAL;PU-130;-16.402753;DESPEJADO;RURAL;TRAMO RECTO;PLANA ;TROCHA;NULL;NULL;NULL;NULL;EN PROCESO DE INVESTIGACIÓN;NO CUENTA CON CAUSA ESPECIFICA;PU-130;27/11/2022;-69.044535
A-2022-11-66;50:00.0;ATROPELLO;1;0;NULL;LAMBAYEQUE;LAMBAYEQUE;MORROPE;RURAL;CARRETERA;NACIONAL;PE-1N;-6.59945;DESPEJADO;RURAL;TRAMO RECTO;PLANA ;ASFALTADA;SI;REGULADORA (R);NULL;NO;EN PROCESO DE INVESTIGACIÓN;NO CUENTA CON CAUSA ESPECIFICA;Carretera Panamericana Norte;27/11/2022;-79.9742
A-2022-11-154;30:00.0;DESPISTE;1;0;NULL;LIMA;LIMA;SAN MARTIN DE PORRES;URBANA;CARRETERA;NACIONAL;PE-1N;-12.015476;DESPEJADO;COMERCIAL;TRAMO RECTO;PLANA ;ASFALTADA;NULL;NULL;NULL;NULL;EN PROCESO DE INVESTIGACIÓN;NO CUENTA CON CAUSA ESPECIFICA;Carretera Panamericana Norte;28/11/2022;-77.060042
A-2022-11-240;00:00.0;DESPISTE;1;1;1;AYACUCHO;VICTOR FAJARDO;ALCAMENCA;RURAL;CARRETERA;PROVINCIAL;AY-1099;-13.651874;DESPEJADO;RURAL;CURVA;INCLINADA;AFIRMADO;NULL;NULL;NULL;NULL;IMPRUDENCIA DEL CONDUCTOR;CONDUCIR EN ESTADO DE EBRIEDAD Y/O DROGADICCIÓN;Alcamenca;28/11/2022;-74.134728
A-2022-11-68;00:00.0;CHOQUE;1;1;3;LAMBAYEQUE;LAMBAYEQUE;MOCHUMI;RURAL;CARRETERA;NACIONAL;PE-1NJ;-6.557046;DESPEJADO;RURAL;TRAMO RECTO;PLANA ;ASFALTADA;NULL;NULL;NULL;NULL;EN PROCESO DE INVESTIGACIÓN;NO CUENTA CON CAUSA ESPECIFICA;Carretera Lambayeque - Olmos;28/11/2022;-79.868481
A-2022-11-111;00:00.0;DESPISTE;1;1;1;PUNO;SAN ROMAN;JULIACA;RURAL;CARRETERA;DEPARTAMENTAL;PU-124;-15.441479;DESPEJADO;RURAL;CURVA;PLANA ;ASFALTADA;NULL;NULL;NULL;NULL;IMPRUDENCIA DEL CONDUCTOR;EXCESO DE VELOCIDAD;Carretera Unocolla;29/11/2022;-70.198891
A-2022-11-60;20:00.0;CHOQUE;1;1;2;PUNO;PUNO;PUNO;RURAL;CARRETERA;NACIONAL;PE-3S;-15.795711;DESPEJADO;RURAL;CURVA;PLANA ;ASFALTADA;NULL;NULL;NULL;NULL;IMPRUDENCIA DEL CONDUCTOR;INVASIÓN DE CARRIL;Carretera Longitudinal de la Sierra Sur;29/11/2022;-70.036098
A-2022-11-237;30:00.0;DESPISTE;1;0;NULL;LIMA;LIMA;SANTIAGO DE SURCO;URBANA;CARRETERA;NACIONAL;PE-1S;-12.09583;DESPEJADO;COMERCIAL;TRAMO RECTO;INCLINADA;ASFALTADA;SI;REGULADORA (R);NULL;SI;IMPRUDENCIA DEL CONDUCTOR;OTRO (IMPRUDENCIA DEL CONDUCTOR);Carretera Panamericana Sur;30/11/2022;-76.980239
A-2022-11-114;00:00.0;CAÍDA DE PASAJERO;1;0;0;LAMBAYEQUE;LAMBAYEQUE;LAMBAYEQUE;RURAL;CARRETERA;PROVINCIAL;LA-691;-6.689331;DESPEJADO;RURAL;TRAMO RECTO;PLANA ;TROCHA;NULL;NULL;NULL;NULL;EN PROCESO DE INVESTIGACIÓN;NO CUENTA CON CAUSA ESPECIFICA;Mocce;30/11/2022;-79.900497
A-2022-11-196;30:00.0;CHOQUE;1;4;2;JUNIN;SATIPO;SATIPO;RURAL;CARRETERA;NACIONAL;PE-24A;-11.244718;DESPEJADO;COMERCIAL;TRAMO RECTO;PLANA ;ASFALTADA;NULL;NULL;NULL;NULL;IMPRUDENCIA DEL CONDUCTOR;FATIGA Y/O CANSANCIO;Avenida Antonio Raymondi Norte;30/11/2022;-74.635974
A-2022-11-41;00:00.0;ATROPELLO;1;0;0;CUSCO;ANTA;ZURITE;URBANA;CALLE;URBANO;NO CORRESPONDE;-13.455796;SOLEADO;RURAL;TRAMO RECTO;PLANA ;CASCAJO/RIPIO;NULL;NULL;NULL;NULL;IMPRUDENCIA DEL CONDUCTOR;OTRO (IMPRUDENCIA DEL CONDUCTOR);Calle Marquez;30/11/2022;-72.254186
A-2022-11-197;15:00.0;VOLCADURA;1;0;NULL;LORETO;MAYNAS;IQUITOS;URBANA;AVENIDA;URBANO;NO CORRESPONDE;-3.749478;DESPEJADO;INDUSTRIAL;TRAMO RECTO;PLANA ;ASFALTADA;NULL;NULL;NULL;NULL;IMPRUDENCIA DEL CONDUCTOR;INVASIÓN DE CARRIL;Avenida Mariscal Cáceres;30/11/2022;-73.256922
A-2022-11-69;20:00.0;ATROPELLO FUGA;1;0;1;CUSCO;ANTA;ANTA;URBANA;CARRETERA;NACIONAL;PE-3S;-13.473059;DESPEJADO;RESIDENCIAL;TRAMO RECTO;PLANA ;ASFALTADA;SI;PREVENTIVA (P);NULL;SI;IMPRUDENCIA DEL CONDUCTOR;EXCESO DE VELOCIDAD;Carretera Longitudinal de la Sierra Sur;30/11/2022;-72.132121
A-2022-11-184;00:00.0;CHOQUE FUGA;2;1;1;JUNIN;JUNIN;JUNIN;RURAL;CARRETERA;NACIONAL;PE-3N;-10.985451;DESPEJADO;RURAL;TRAMO RECTO;PLANA ;ASFALTADA;NO;NULL;NULL;SI;IMPRUDENCIA DEL CONDUCTOR;EXCESO DE VELOCIDAD;Carretera Longitudinal de la Sierra Norte;30/11/2022;-76.036033
A-2022-12-59;20:00.0;DESPISTE;1;4;1;LA LIBERTAD;SANCHEZ CARRION;SARTIMBAMBA;RURAL;CARRETERA;NACIONAL;PE-10B;-7.522421;DESPEJADO;RURAL;TRAMO RECTO;PLANA ;TROCHA;NULL;NULL;NULL;NULL;EN PROCESO DE INVESTIGACIÓN;NO CUENTA CON CAUSA ESPECIFICA;PE-10B;1/12/2022;-77.730014
A-2022-12-55;20:00.0;DESPISTE;1;1;1;HUANUCO;LEONCIO PRADO;HERMILIO VALDIZAN;URBANA;CARRETERA;NACIONAL;PE-5N;-9.168768;DESPEJADO;RESIDENCIAL;TRAMO RECTO;PLANA ;ASFALTADA;NULL;NULL;NULL;NULL;IMPRUDENCIA DEL CONDUCTOR;EXCESO DE VELOCIDAD;Carretera Presidente Fernando Belaúnde Terry;1/12/2022;-75.965217
A-2022-12-218;50:00.0;CHOQUE;1;0;NULL;JUNIN;CHANCHAMAYO;PICHANAQUI;RURAL;CARRETERA;NACIONAL;PE-5S;-10.924734;LLUVIOSO;RURAL;TRAMO RECTO;PLANA ;ASFALTADA;NULL;NULL;NULL;NULL;EN PROCESO DE INVESTIGACIÓN;NO CUENTA CON CAUSA ESPECIFICA;Avenida Circunvalación;1/12/2022;-74.876674
A-2022-12-197;30:00.0;CHOQUE;1;1;2;PIURA;MORROPON;LA MATANZA;RURAL;CARRETERA;NACIONAL;PE-02A;-5.230776;DESPEJADO;RURAL;TRAMO RECTO;PLANA ;ASFALTADA;NULL;NULL;NULL;NULL;IMPRUDENCIA DEL CONDUCTOR;CONDUCIR EN ESTADO DE EBRIEDAD Y/O DROGADICCIÓN;PE-02A;1/12/2022;-80.049811
A-2022-12-97;15:00.0;DESPISTE;1;1;1;HUANCAVELICA;HUANCAVELICA;HUACHOCOLPA;RURAL;CARRETERA;DEPARTAMENTAL;HV-115;-13.032612;DESPEJADO;RURAL;CURVA;INCLINADA;CASCAJO/RIPIO;SI;PREVENTIVA (P);PREVENTIVA (P);NO;EN PROCESO DE INVESTIGACIÓN;NO CUENTA CON CAUSA ESPECIFICA;HV-115;2/12/2022;-74.957484