CÓDIGO SINIESTRO;HORA SINIESTRO;CLASE SINIESTRO;CANTIDAD DE FALLECIDOS;CANTIDAD DE LESIONADOS;CANTIDAD DE VEHICULOS DAÑADOS;DEPARTAMENTO;PROVINCIA;DISTRITO;ZONA;TIPO DE VÍA;RED VIAL;COD CARRETERA;COORDENADAS LATITUD;CONDICIÓN CLIMÁTICA;ZONIFICACIÓN;CARACTERÍSTICAS DE VÍA;PERFIL LONGITUDINAL VÍA;SUPERFICIE DE CALZADA;¿EXISTE SEÑAL VERTICAL?;CLASIFICACIÓN DE LA SEÑAL VERTICAL Nº 1;CLASIFICACIÓN DE LA SEÑAL VERTICAL Nº 2;¿EXISTE SEÑAL HORIZONTAL?;CAUSA FACTOR PRINCIPAL;CAUSA ESPECÍFICA;UBICACION;FECHA SINIESTRO;COORDENADAS LONGITUD
A-2022-12-89;45:00.0;ATROPELLO;1;0;1;LAMBAYEQUE;LAMBAYEQUE;JAYANCA;RURAL;CARRETERA;NACIONAL;PE-1NJ;-6.337246;DESPEJADO;RURAL;TRAMO RECTO;PLANA ;ASFALTADA;NULL;NULL;NULL;NULL;EN PROCESO DE INVESTIGACIÓN;NO CUENTA CON CAUSA ESPECIFICA;Carretera Lambayegue - Olmos;2/12/2022;-79.765726
A-2022-12-101;40:00.0;CHOQUE;1;3;1;PUNO;LAMPA;SANTA LUCIA;RURAL;CARRETERA;NACIONAL;PE-34A;-15.681142;DESPEJADO;RURAL;CURVA;PLANA ;ASFALTADA;NULL;NULL;NULL;NULL;IMPRUDENCIA DEL CONDUCTOR;EXCESO DE VELOCIDAD;Vía Interoceánica Sur - Tramo 5;2/12/2022;-70.556087
A-2022-12-147;30:00.0;CHOQUE;1;1;NULL;LIMA;LIMA;ATE;URBANA;CARRETERA;NACIONAL;PE-22;-12.015033;DESPEJADO;COMERCIAL;TRAMO RECTO;PLANA ;ASFALTADA;NULL;NULL;NULL;NULL;EN PROCESO DE INVESTIGACIÓN;NO CUENTA CON CAUSA ESPECIFICA;Avenida Las Torres;2/12/2022;-76.900177
A-2022-12-11;00:00.0;DESPISTE;1;1;1;ANCASH;YUNGAY;YUNGAY;RURAL;CARRETERA;SIN CLASIFICAR;SIN CLASIFICAR;-9.142779;DESPEJADO;RURAL;CURVA;INCLINADA;AFIRMADO;NULL;NULL;NULL;NULL;IMPRUDENCIA DEL CONDUCTOR;FATIGA Y/O CANSANCIO;Carretera Longitudinal de la Sierra Norte;2/12/2022;-77.747026
A-2022-12-4;00:00.0;DESPISTE;1;0;NULL;PUNO;PUNO;MAÑAZO;RURAL;CARRETERA;PROVINCIAL;PU-1077;-15.802267;DESPEJADO;RURAL;TRAMO RECTO;PLANA ;TROCHA;NULL;NULL;NULL;NULL;IMPRUDENCIA DEL CONDUCTOR;INVASIÓN DE CARRIL;PU-1077;2/12/2022;-70.362722
A-2022-12-81;57:00.0;CHOQUE;1;0;NULL;ANCASH;SANTA;SANTA;RURAL;CARRETERA;NACIONAL;PE-1N;-9.00737;DESPEJADO;RURAL;TRAMO RECTO;PLANA ;ASFALTADA;NULL;NULL;NULL;NULL;IMPRUDENCIA DEL CONDUCTOR;CONDUCIR EN ESTADO DE EBRIEDAD Y/O DROGADICCIÓN;Panamericana Norte;2/12/2022;-78.618615
A-2022-12-106;20:00.0;CHOQUE;1;1;2;LAMBAYEQUE;FERREÑAFE;PITIPO;RURAL;CARRETERA;DEPARTAMENTAL;LA-103;-6.473745;DESPEJADO;RURAL;TRAMO RECTO;PLANA ;TROCHA;NULL;NULL;NULL;NULL;EN PROCESO DE INVESTIGACIÓN;NO CUENTA CON CAUSA ESPECIFICA;LA-103;2/12/2022;-79.63497
A-2022-12-17;15:00.0;ATROPELLO FUGA;1;0;1;AREQUIPA;AREQUIPA;MARIANO MELGAR;URBANA;AVENIDA;URBANO;NO CORRESPONDE;-16.40272;DESPEJADO;RESIDENCIAL;TRAMO RECTO;INCLINADA;ASFALTADA;NO;NULL;NULL;SI;EN PROCESO DE INVESTIGACIÓN;NO CUENTA CON CAUSA ESPECIFICA;Avenida Simon Bolivar;2/12/2022;-71.508336
A-2022-12-135;55:00.0;DESPISTE;1;0;NULL;LIMA;LIMA;LURIGANCHO;URBANA;CARRETERA;NACIONAL;PE-22;-11.944786;DESPEJADO;COMERCIAL;CURVA;PLANA ;ASFALTADA;SI;PREVENTIVA (P);NULL;NO;EN PROCESO DE INVESTIGACIÓN;NO CUENTA CON CAUSA ESPECIFICA;Avenida Lima Sur;2/12/2022;-76.709733
A-2022-12-5;12:00.0;VOLCADURA;1;0;1;PUNO;CHUCUITO;DESAGUADERO;RURAL;CARRETERA;NACIONAL;PE-3S;-16.557422;DESPEJADO;RURAL;CURVA;PLANA ;ASFALTADA;NULL;NULL;NULL;NULL;IMPRUDENCIA DEL CONDUCTOR;CONDUCIR EN ESTADO DE EBRIEDAD Y/O DROGADICCIÓN;Santa Cruz;3/12/2022;-69.041122
A-2022-12-136;00:00.0;ATROPELLO;1;0;NULL;LIMA;LIMA;CARABAYLLO;URBANA;AVENIDA;URBANO;NO CORRESPONDE;-11.87342;DESPEJADO;COMERCIAL;INTERSECCIÓN;PLANA ;ASFALTADA;NULL;NULL;NULL;NULL;EN PROCESO DE INVESTIGACIÓN;NO CUENTA CON CAUSA ESPECIFICA;Avenida Túpac Amaru;3/12/2022;-77.01557
A-2022-12-60;50:00.0;CHOQUE;1;0;2;LA LIBERTAD;TRUJILLO;HUANCHACO;URBANA;AVENIDA;URBANO;NO CORRESPONDE;-8.040527;DESPEJADO;INDUSTRIAL;INTERSECCIÓN;PLANA ;ASFALTADA;NULL;NULL;NULL;NULL;IMPRUDENCIA DEL CONDUCTOR;GIRAR IMPRUDENTEMENTE;Avenida Independencia;3/12/2022;-79.059307
A-2022-12-117;00:00.0;CHOQUE CON OBJETO FIJO;1;0;NULL;CAJAMARCA;HUALGAYOC;BAMBAMARCA;URBANA;JIRÓN;URBANO;NO CORRESPONDE;-6.693225;SOLEADO;RESIDENCIAL;INTERSECCIÓN;INCLINADA;CONCRETO;NULL;NULL;NULL;NULL;IMPRUDENCIA DEL PEATÓN;OTRO (IMPRUDENCIA DEL PEATÓN);Bambamarca;3/12/2022;-78.532461
A-2022-12-25;30:00.0;CAÍDA DE PASAJERO;1;0;NULL;CUSCO;ACOMAYO;ACOPIA;RURAL;CARRETERA;PROVINCIAL;CU-1637;-14.062628;DESPEJADO;RURAL;CURVA;INCLINADA;TROCHA;SI;PREVENTIVA (P);NULL;NO;IMPRUDENCIA DEL PASAJERO/OCUPANTE;OTRO (IMPRUDENCIA DEL PASAJERO/OCUPANTE);Mosec Llacta;3/12/2022;-71.489015
A-2022-12-137;00:00.0;ATROPELLO;1;0;NULL;LIMA;LIMA;LURIN;URBANA;AVENIDA;URBANO;NO CORRESPONDE;-12.252987;DESPEJADO;COMERCIAL;TRAMO RECTO;PLANA ;ASFALTADA;NULL;NULL;NULL;NULL;EN PROCESO DE INVESTIGACIÓN;NO CUENTA CON CAUSA ESPECIFICA;Antigua Panamericana Sur;3/12/2022;-76.893553
A-2022-12-177;30:00.0;CHOQUE;1;0;3;PASCO;PASCO;YANACANCHA;RURAL;CARRETERA;NACIONAL;PE-3N;-10.69571;DESPEJADO;RURAL;CURVA;INCLINADA;ASFALTADA;SI;PREVENTIVA (P);PREVENTIVA (P);NO;IMPRUDENCIA DEL CONDUCTOR;EXCESO DE VELOCIDAD;Carretera Longitudinal de la Sierra Norte;3/12/2022;-76.235643
A-2022-12-107;40:00.0;CHOQUE;1;1;2;LAMBAYEQUE;LAMBAYEQUE;PACORA;RURAL;CARRETERA;NACIONAL;PE-1NJ;-6.439048;DESPEJADO;RURAL;TRAMO RECTO;PLANA ;ASFALTADA;NULL;NULL;NULL;NULL;EN PROCESO DE INVESTIGACIÓN;NO CUENTA CON CAUSA ESPECIFICA;Carretera Lambayeque;3/12/2022;-79.848732
A-2022-12-19;30:00.0;ATROPELLO FUGA;1;0;1;CUSCO;ANTA;HUAROCONDO;URBANA;CARRETERA;DEPARTAMENTAL;CU-110;-13.41008;DESPEJADO;RURAL;TRAMO RECTO;PLANA ;ASFALTADA;NULL;NULL;NULL;NULL;IMPRUDENCIA DEL CONDUCTOR;EXCESO DE VELOCIDAD;CU-110;3/12/2022;-72.20724
A-2022-12-24;31:00.0;DESPISTE;1;0;1;CUSCO;CANCHIS;COMBAPATA;RURAL;CARRETERA;NACIONAL;PE-3S;-14.096408;SOLEADO;RURAL;TRAMO RECTO;PLANA ;ASFALTADA;SI;REGULADORA (R);NULL;SI;IMPRUDENCIA DEL CONDUCTOR;CONDUCIR EN ESTADO DE EBRIEDAD Y/O DROGADICCIÓN;Carretera Longitudinal de la Sierra Sur;3/12/2022;-71.437774
A-2022-12-62;00:00.0;ATROPELLO;1;0;1;LA LIBERTAD;TRUJILLO;EL PORVENIR;URBANA;CALLE;URBANO;NO CORRESPONDE;-8.049076;DESPEJADO;COMERCIAL;TRAMO RECTO;PLANA ;ASFALTADA;NULL;NULL;NULL;NULL;EN PROCESO DE INVESTIGACIÓN;NO CUENTA CON CAUSA ESPECIFICA;Alto Trujillo;3/12/2022;-78.989966
A-2022-12-148;10:00.0;DESPISTE;1;1;NULL;LIMA;LIMA;MIRAFLORES;URBANA;OTRO;URBANO;NO CORRESPONDE;-12.124827;DESPEJADO;COMERCIAL;TRAMO RECTO;PLANA ;ASFALTADA;SI;PREVENTIVA (P);NULL;SI;EN PROCESO DE INVESTIGACIÓN;NO CUENTA CON CAUSA ESPECIFICA;Circuito de Playas;4/12/2022;-77.039508
A-2022-12-18;00:00.0;DESPISTE;1;0;1;AREQUIPA;AREQUIPA;SAN JUAN DE SIGUAS;RURAL;CARRETERA;NACIONAL;PE-1S;-16.370604;DESPEJADO;RURAL;CURVA;PLANA ;ASFALTADA;NO;NULL;NULL;SI;EN PROCESO DE INVESTIGACIÓN;NO CUENTA CON CAUSA ESPECIFICA;Carretera Panamericana Sur;4/12/2022;-72.137765
A-2022-12-233;00:00.0;DESPISTE;1;0;1;AYACUCHO;HUAMANGA;VINCHOS;RURAL;CARRETERA;DEPARTAMENTAL;AY-106;-13.37226;DESPEJADO;RURAL;CURVA;INCLINADA;AFIRMADO;SI;PREVENTIVA (P);NULL;NO;IMPRUDENCIA DEL CONDUCTOR;FATIGA Y/O CANSANCIO;Carretera Chuschi - Vinchos;4/12/2022;-74.337896
A-2022-12-78;08:00.0;ESPECIAL;1;0;NULL;TUMBES;ZARUMILLA;AGUAS VERDES;RURAL;CARRETERA;PROVINCIAL;TU-513;-3.527122;DESPEJADO;RURAL;TRAMO RECTO;PLANA ;TROCHA;NULL;NULL;NULL;NULL;EN PROCESO DE INVESTIGACIÓN;NO CUENTA CON CAUSA ESPECIFICA;Aguas Verdes;4/12/2022;-80.212571
A-2022-12-82;40:00.0;CHOQUE;1;2;NULL;ANCASH;SANTA;SAMANCO;RURAL;CARRETERA;PROVINCIAL;AN-930;-9.195805;DESPEJADO;RURAL;TRAMO RECTO;PLANA ;ASFALTADA;NULL;NULL;NULL;NULL;IMPRUDENCIA DEL CONDUCTOR;INVASIÓN DE CARRIL;Carretera a Vesique;4/12/2022;-78.474216
A-2022-12-110;45:00.0;ATROPELLO;1;0;0;CALLAO;CALLAO;CALLAO;URBANA;AVENIDA;URBANO;NO CORRESPONDE;-12.041411;DESPEJADO;RESIDENCIAL;TRAMO RECTO;PLANA ;ASFALTADA;NO;NULL;NULL;SI;IMPRUDENCIA DEL CONDUCTOR;CONDUCIR EN ESTADO DE EBRIEDAD Y/O DROGADICCIÓN;Calle Libertad;4/12/2022;-77.101386
A-2022-12-6;20:00.0;DESPISTE;1;0;1;PUNO;YUNGUYO;CUTURAPI;RURAL;CARRETERA;DEPARTAMENTAL;PU-130;-16.270297;DESPEJADO;RURAL;TRAMO RECTO;PLANA ;ASFALTADA;NULL;NULL;NULL;NULL;IMPRUDENCIA DEL CONDUCTOR;EXCESO DE VELOCIDAD;PU-130;4/12/2022;-69.199963
A-2022-12-104;30:00.0;ATROPELLO FUGA;1;0;0;PUNO;AZANGARO;SANTIAGO DE PUPUJA;RURAL;CARRETERA;NACIONAL;PE-34B;-15.130575;DESPEJADO;RURAL;TRAMO RECTO;PLANA ;ASFALTADA;NULL;NULL;NULL;NULL;INFRAESTRUCTURA Y ENTORNO VIAL;FACTOR AMBIENTAL;Carretera Interoceánica Puno - Madre de Dios;4/12/2022;-70.216053
A-2022-12-63;15:00.0;CHOQUE;1;0;2;LA LIBERTAD;PACASMAYO;GUADALUPE;RURAL;CARRETERA;NACIONAL;PE-1N;-7.248407;DESPEJADO;RURAL;TRAMO RECTO;PLANA ;ASFALTADA;NULL;NULL;NULL;NULL;IMPRUDENCIA DEL CONDUCTOR;CONDUCIR EN ESTADO DE EBRIEDAD Y/O DROGADICCIÓN;Avenida Nila Cerrutti;5/12/2022;-79.476552
A-2022-12-129;30:00.0;DESPISTE;1;1;NULL;CAJAMARCA;CAJAMARCA;CAJAMARCA;URBANA;JIRÓN;URBANO;NO CORRESPONDE;-7.157707;SOLEADO;RESIDENCIAL;INTERSECCIÓN;INCLINADA;CONCRETO;NO;NULL;NULL;SI;EN PROCESO DE INVESTIGACIÓN;NO CUENTA CON CAUSA ESPECIFICA;Jirón 7 de Junio;5/12/2022;-78.509017
A-2022-12-8;20:00.0;DESPISTE;1;0;1;PUNO;CHUCUITO;JULI;RURAL;CARRETERA;NACIONAL;PE-3S;-16.25442;DESPEJADO;RURAL;TRAMO RECTO;PLANA ;ASFALTADA;NULL;NULL;NULL;NULL;IMPERICIA DEL CONDUCTOR;NULL;Carretera Longitudinal de la Sierra Sur;5/12/2022;-69.347108
A-2022-12-202;30:00.0;CHOQUE;1;0;NULL;MADRE DE DIOS;TAMBOPATA;TAMBOPATA;RURAL;CARRETERA;NACIONAL;PE-30C;-12.644865;SOLEADO;RURAL;TRAMO RECTO;PLANA ;ASFALTADA;NULL;NULL;NULL;NULL;IMPRUDENCIA DEL CONDUCTOR;OTRO (IMPRUDENCIA DEL CONDUCTOR);Interoceánica Sur;5/12/2022;-69.277755
A-2022-12-50;30:00.0;DESPISTE;3;0;1;ANCASH;BOLOGNESI;CAJACAY;RURAL;CARRETERA;PROVINCIAL;AN-1242;-10.156263;DESPEJADO;RURAL;CURVA;INCLINADA;TROCHA;NULL;NULL;NULL;NULL;EN PROCESO DE INVESTIGACIÓN;NO CUENTA CON CAUSA ESPECIFICA;Cajacay;5/12/2022;-77.438151
A-2022-12-98;00:00.0;DESPISTE;1;0;1;HUANCAVELICA;HUANCAVELICA;VILCA;RURAL;CARRETERA;PROVINCIAL;HV-936;-12.556023;DESPEJADO;RURAL;CURVA;INCLINADA;AFIRMADO;NULL;NULL;NULL;NULL;EN PROCESO DE INVESTIGACIÓN;NO CUENTA CON CAUSA ESPECIFICA;Vilca;5/12/2022;-75.205258
A-2022-12-22;30:00.0;DESPISTE;1;0;1;CUSCO;CANAS;KUNTURKANKI;RURAL;CARRETERA;NACIONAL;PE-34F;-14.613973;NUBLADO;RURAL;TRAMO RECTO;PLANA ;ASFALTADA;NULL;NULL;NULL;NULL;IMPRUDENCIA DEL CONDUCTOR;FATIGA Y/O CANSANCIO;Carretera Espinar - Sicuani;5/12/2022;-71.286309
A-2022-12-116;12:00.0;CHOQUE;1;1;3;LIMA;HUAURA;VEGUETA;RURAL;CARRETERA;NACIONAL;PE-1N;-10.985256;DESPEJADO;COMERCIAL;TRAMO RECTO;PLANA ;ASFALTADA;NULL;NULL;NULL;NULL;IMPRUDENCIA DEL CONDUCTOR;OTRO (IMPRUDENCIA DEL CONDUCTOR);Carretera Panamericana Norte;5/12/2022;-77.643254
A-2022-12-138;00:00.0;DESPISTE;1;0;NULL;LIMA;LIMA;LURIGANCHO;URBANA;AVENIDA;URBANO;NO CORRESPONDE;-11.976312;DESPEJADO;RESIDENCIAL;TRAMO RECTO;PLANA ;AFIRMADO;NULL;NULL;NULL;NULL;EN PROCESO DE INVESTIGACIÓN;NO CUENTA CON CAUSA ESPECIFICA;Avenida Bernard de Balaguer;5/12/2022;-76.786783
A-2022-12-149;30:00.0;ATROPELLO;1;0;NULL;LIMA;LIMA;PACHACAMAC;URBANA;CARRETERA;PROVINCIAL;LM-796;-12.149398;DESPEJADO;RESIDENCIAL;INTERSECCIÓN;PLANA ;ASFALTADA;NULL;NULL;NULL;NULL;EN PROCESO DE INVESTIGACIÓN;NO CUENTA CON CAUSA ESPECIFICA;Avenida La Unión;5/12/2022;-76.87107
A-2022-12-139;30:00.0;DESPISTE;1;0;NULL;LIMA;LIMA;SAN MARTIN DE PORRES;URBANA;AVENIDA;URBANO;NO CORRESPONDE;-11.985932;DESPEJADO;RESIDENCIAL;TRAMO RECTO;PLANA ;ASFALTADA;NULL;NULL;NULL;NULL;EN PROCESO DE INVESTIGACIÓN;NO CUENTA CON CAUSA ESPECIFICA;Avenida Rosario del Norte;5/12/2022;-77.086157
A-2022-12-103;00:00.0;ATROPELLO FUGA;1;0;NULL;APURIMAC;CHINCHEROS;CHINCHEROS;RURAL;CARRETERA;NACIONAL;PE-3S;-13.500488;DESPEJADO;RURAL;TRAMO RECTO;PLANA ;ASFALTADA;SI;PREVENTIVA (P);NULL;SI;IMPRUDENCIA DEL CONDUCTOR;OTRO (IMPRUDENCIA DEL CONDUCTOR);Carretera Longitudinal de la Sierra Sur;6/12/2022;-73.808641
A-2022-12-109;50:00.0;CHOQUE;1;3;2;LAMBAYEQUE;CHICLAYO;MONSEFU;RURAL;CARRETERA;NACIONAL;PE-1N;-6.844415;DESPEJADO;RURAL;TRAMO RECTO;PLANA ;ASFALTADA;NULL;NULL;NULL;NULL;EN PROCESO DE INVESTIGACIÓN;NO CUENTA CON CAUSA ESPECIFICA;Carretera Panamericana Norte;6/12/2022;-79.829306
A-2022-12-211;05:00.0;CHOQUE;1;1;2;ICA;CHINCHA;CHINCHA BAJA;RURAL;CARRETERA;NACIONAL;PE-1SE;-13.508448;DESPEJADO;RURAL;TRAMO RECTO;PLANA ;ASFALTADA;NULL;NULL;NULL;NULL;IMPRUDENCIA DEL CONDUCTOR;OTRO (IMPRUDENCIA DEL CONDUCTOR);Carretera Panamericana Sur;6/12/2022;-76.184863
A-2022-12-173;20:00.0;DESPISTE;1;0;1;HUANUCO;PACHITEA;PANAO;RURAL;CARRETERA;NACIONAL;PE-18B;-9.891856;DESPEJADO;RURAL;CURVA;INCLINADA;ASFALTADA;SI;REGULADORA (R);NULL;NO;IMPRUDENCIA DEL CONDUCTOR;FATIGA Y/O CANSANCIO;PE-18B;6/12/2022;-75.973109
A-2022-12-140;00:00.0;DESPISTE;1;0;NULL;LIMA;LIMA;MIRAFLORES;URBANA;OTRO;URBANO;NO CORRESPONDE;-12.124395;DESPEJADO;COMERCIAL;TRAMO RECTO;PLANA ;ASFALTADA;SI;REGULADORA (R);NULL;SI;EN PROCESO DE INVESTIGACIÓN;NO CUENTA CON CAUSA ESPECIFICA;Circuito de Playas;6/12/2022;-77.040378
A-2022-12-150;20:00.0;ATROPELLO;1;0;NULL;LIMA;LIMA;SAN ISIDRO;URBANA;AVENIDA;URBANO;NO CORRESPONDE;-12.091149;DESPEJADO;COMERCIAL;TRAMO RECTO;PLANA ;ASFALTADA;NULL;NULL;NULL;NULL;EN PROCESO DE INVESTIGACIÓN;NO CUENTA CON CAUSA ESPECIFICA;Avenida Guardia Civil;6/12/2022;-77.008452
A-2022-12-26;40:00.0;CHOQUE;1;3;3;CUSCO;QUISPICANCHI;OROPESA;RURAL;CARRETERA;NACIONAL;PE-3S;-13.595739;DESPEJADO;RURAL;TRAMO RECTO;PLANA ;ASFALTADA;SI;REGULADORA (R);NULL;SI;IMPRUDENCIA DEL CONDUCTOR;OTRO (IMPRUDENCIA DEL CONDUCTOR);Carretera Longitudinal de la Sierra Sur;6/12/2022;-71.780469
A-2022-12-83;40:00.0;CHOQUE;1;0;NULL;ANCASH;SANTA;NUEVO CHIMBOTE;URBANA;AVENIDA;URBANO;NO CORRESPONDE;-9.118277;DESPEJADO;COMERCIAL;INTERSECCIÓN;PLANA ;ASFALTADA;NULL;NULL;NULL;NULL;EN PROCESO DE INVESTIGACIÓN;NO CUENTA CON CAUSA ESPECIFICA;Avenida Brasil;6/12/2022;-78.529682
A-2022-12-20;20:00.0;CHOQUE;1;0;2;CUSCO;ESPINAR;ESPINAR;URBANA;CARRETERA;DEPARTAMENTAL;CU-130;-14.783971;NUBLADO;RESIDENCIAL;TRAMO RECTO;PLANA ;ASFALTADA;SI;INFORMATIVA (I);NULL;SI;IMPRUDENCIA DEL CONDUCTOR;EXCESO DE VELOCIDAD;CU-130;6/12/2022;-71.411153
A-2022-12-146;40:00.0;ATROPELLO;1;0;NULL;MOQUEGUA;MARISCAL NIETO;MOQUEGUA;URBANA;CARRETERA;NACIONAL;PE-36A;-17.193509;NULL;NULL;NULL;NULL;NULL;NULL;NULL;NULL;NULL;EN PROCESO DE INVESTIGACIÓN;NO CUENTA CON CAUSA ESPECIFICA;Avenida Circunvalación;6/12/2022;-70.917597
A-2022-12-7;00:00.0;CHOQUE;1;0;2;ICA;ICA;PARCONA;URBANA;CARRETERA;PROVINCIAL;IC-653;-14.067722;DESPEJADO;RESIDENCIAL;TRAMO RECTO;PLANA ;ASFALTADA;NULL;NULL;NULL;NULL;EN PROCESO DE INVESTIGACIÓN;NO CUENTA CON CAUSA ESPECIFICA;Avenida Sinchi Roca;7/12/2022;-75.683214
A-2022-12-64;10:00.0;DESPISTE;1;0;1;LA LIBERTAD;OTUZCO;OTUZCO;RURAL;CARRETERA;NACIONAL;PE-10A;-7.96121;DESPEJADO;RURAL;TRAMO RECTO;PLANA ;ASFALTADA;NULL;NULL;NULL;NULL;NEGLIGENCIA DEL CONDUCTOR;CONDUCIR CON FALLAS DE FRENOS;Carretera Trujillo - Huamachuco;7/12/2022;-78.636892
A-2022-12-94;35:00.0;CHOQUE;2;0;5;PIURA;SECHURA;SECHURA;RURAL;CARRETERA;NACIONAL;PE-1N;-6.089298;DESPEJADO;RURAL;TRAMO RECTO;PLANA ;ASFALTADA;NULL;NULL;NULL;NULL;EN PROCESO DE INVESTIGACIÓN;NO CUENTA CON CAUSA ESPECIFICA;Carretera Panamericana Norte;7/12/2022;-80.500178
A-2022-12-35;33:00.0;VOLCADURA;1;2;1;ANCASH;HUARAZ;INDEPENDENCIA;RURAL;CARRETERA;NACIONAL;PE-14;-9.528203;DESPEJADO;RURAL;SINUOSA;INCLINADA;ASFALTADA;NULL;NULL;NULL;NULL;EN PROCESO DE INVESTIGACIÓN;NO CUENTA CON CAUSA ESPECIFICA;Carretera Casma - Huaraz;7/12/2022;-77.544441
A-2022-12-9;00:00.0;DESPISTE;1;0;1;PUNO;CHUCUITO;KELLUYO;RURAL;CARRETERA;SIN CLASIFICAR;SIN CLASIFICAR;-16.758;DESPEJADO;RURAL;CURVA;PLANA ;TROCHA;NULL;NULL;NULL;NULL;IMPRUDENCIA DEL CONDUCTOR;EXCESO DE VELOCIDAD;Totoroma;7/12/2022;-69.325
A-2022-12-100;30:00.0;ATROPELLO;1;0;1;AMAZONAS;UTCUBAMBA;JAMALCA;RURAL;CARRETERA;NACIONAL;PE-5N;-5.883872;DESPEJADO;RURAL;SINUOSA;PLANA ;ASFALTADA;NULL;NULL;NULL;NULL;EN PROCESO DE INVESTIGACIÓN;NO CUENTA CON CAUSA ESPECIFICA;Carretera Presidente Fernando Belaúnde Terry;7/12/2022;-78.200812
A-2022-12-120;30:00.0;DESPISTE;1;6;1;CAJAMARCA;CHOTA;COCHABAMBA;RURAL;CARRETERA;PROVINCIAL;CA-844;-6.493568;DESPEJADO;RURAL;CURVA;INCLINADA;AFIRMADO;NULL;NULL;NULL;NULL;NEGLIGENCIA DEL CONDUCTOR;OTRO (NEGLIGENCIA DEL CONDUCTOR);CA-844;8/12/2022;-78.875483
A-2022-12-141;50:00.0;DESPISTE;1;0;NULL;LIMA;LIMA;CHORRILLOS;URBANA;AVENIDA;URBANO;NO CORRESPONDE;-12.196185;DESPEJADO;COMERCIAL;TRAMO RECTO;PLANA ;ASFALTADA;NULL;NULL;NULL;NULL;EN PROCESO DE INVESTIGACIÓN;NO CUENTA CON CAUSA ESPECIFICA;Avenida Caminos del Inca;8/12/2022;-77.000546
A-2022-12-234;30:00.0;ESPECIAL;1;0;1;AYACUCHO;LUCANAS;PUQUIO;RURAL;CARRETERA;NACIONAL;PE-30A;-14.64194;DESPEJADO;RURAL;CURVA;INCLINADA;ASFALTADA;SI;PREVENTIVA (P);REGULADORA (R);NO;INFRAESTRUCTURA Y ENTORNO VIAL;OTRO (INFRAESTRUCTURA Y ENTORNO VIAL);Carretera Nasca - Abancay;8/12/2022;-74.047936
A-2022-12-42;00:00.0;VOLCADURA;2;2;1;CUSCO;LA CONVENCION;HUAYOPATA;RURAL;CARRETERA;NACIONAL;PE-28B;-13.1246;DESPEJADO;RURAL;CURVA;INCLINADA;ASFALTADA;SI;PREVENTIVA (P);NULL;SI;EN PROCESO DE INVESTIGACIÓN;NO CUENTA CON CAUSA ESPECIFICA;PE-28B;8/12/2022;-72.332215
A-2022-12-119;00:00.0;DESPISTE;1;1;NULL;CAJAMARCA;CHOTA;COCHABAMBA;RURAL;CARRETERA;NACIONAL;PE-3N;-6.498943;DESPEJADO;RURAL;CURVA;PLANA ;ASFALTADA;SI;PREVENTIVA (P);REGULADORA (R);SI;EN PROCESO DE INVESTIGACIÓN;NO CUENTA CON CAUSA ESPECIFICA;Carretera Longitudinal de la Sierra Norte;8/12/2022;-78.82061
A-2022-12-13;40:00.0;CHOQUE;3;6;2;PUNO;PUNO;PICHACANI;RURAL;CARRETERA;PROVINCIAL;PU-1097;-16.197221;LLUVIOSO;RURAL;TRAMO RECTO;PLANA ;ASFALTADA;NULL;NULL;NULL;NULL;IMPRUDENCIA DEL CONDUCTOR;VEHÍCULO MAL ESTACIONADO;Pichacani;8/12/2022;-70.132733
A-2022-12-102;20:00.0;DESPISTE;1;0;1;PUNO;HUANCANE;TARACO;RURAL;CARRETERA;NACIONAL;PE-34H;-15.299009;DESPEJADO;RURAL;TRAMO RECTO;PLANA ;ASFALTADA;NULL;NULL;NULL;NULL;IMPRUDENCIA DEL CONDUCTOR;EXCESO DE VELOCIDAD;PE-34H;8/12/2022;-69.98581
A-2022-12-31;00:00.0;DESPISTE;1;0;1;ICA;ICA;SALAS;RURAL;CARRETERA;NACIONAL;PE-1S;-13.931783;DESPEJADO;RURAL;TRAMO RECTO;PLANA ;ASFALTADA;NULL;NULL;NULL;NULL;EN PROCESO DE INVESTIGACIÓN;NO CUENTA CON CAUSA ESPECIFICA;Carretera Panamericana Sur;9/12/2022;-75.914188
A-2022-12-28;00:00.0;DESPISTE;1;1;1;CUSCO;CHUMBIVILCAS;QUIÑOTA;RURAL;CARRETERA;PROVINCIAL;CU-1904;-14.346909;DESPEJADO;RURAL;TRAMO RECTO;INCLINADA;AFIRMADO;NULL;NULL;NULL;NULL;IMPRUDENCIA DEL CONDUCTOR;FATIGA Y/O CANSANCIO;CU-1904;9/12/2022;-72.16548
A-2022-12-14;10:00.0;ATROPELLO;1;0;NULL;PUNO;CHUCUITO;ZEPITA;RURAL;CARRETERA;NACIONAL;PE-36A;-16.583073;DESPEJADO;RURAL;TRAMO RECTO;PLANA ;ASFALTADA;NULL;NULL;NULL;NULL;IMPRUDENCIA DEL PEATÓN;CRUCE INDEBIDO POR LA CALZADA;Carretera Binacional;9/12/2022;-69.229589