CÓDIGO SINIESTRO;HORA SINIESTRO;CLASE SINIESTRO;CANTIDAD DE FALLECIDOS;CANTIDAD DE LESIONADOS;CANTIDAD DE VEHICULOS DAÑADOS;DEPARTAMENTO;PROVINCIA;DISTRITO;ZONA;TIPO DE VÍA;RED VIAL;COD CARRETERA;COORDENADAS LATITUD;CONDICIÓN CLIMÁTICA;ZONIFICACIÓN;CARACTERÍSTICAS DE VÍA;PERFIL LONGITUDINAL VÍA;SUPERFICIE DE CALZADA;¿EXISTE SEÑAL VERTICAL?;CLASIFICACIÓN DE LA SEÑAL VERTICAL Nº 1;CLASIFICACIÓN DE LA SEÑAL VERTICAL Nº 2;¿EXISTE SEÑAL HORIZONTAL?;CAUSA FACTOR PRINCIPAL;CAUSA ESPECÍFICA;UBICACION;FECHA SINIESTRO;COORDENADAS LONGITUD
A-2022-12-15;20:00.0;ATROPELLO FUGA;1;0;NULL;SAN MARTIN;RIOJA;NUEVA CAJAMARCA;URBANA;CARRETERA;NACIONAL;PE-5N;-5.80581;DESPEJADO;RURAL;TRAMO RECTO;PLANA ;ASFALTADA;NULL;NULL;NULL;NULL;EN PROCESO DE INVESTIGACIÓN;NO CUENTA CON CAUSA ESPECIFICA;Carretera Presidente Fernando Belaúnde Terry;9/12/2022;-77.39851
A-2022-12-16;00:00.0;CHOQUE CON OBJETO FIJO;1;0;1;SAN MARTIN;MOYOBAMBA;HABANA;RURAL;CARRETERA;NACIONAL;PE-08B;-6.115332;DESPEJADO;RURAL;TRAMO RECTO;PLANA ;ASFALTADA;NULL;NULL;NULL;NULL;EN PROCESO DE INVESTIGACIÓN;NO CUENTA CON CAUSA ESPECIFICA;PE-08B;10/12/2022;-77.094342
A-2022-12-206;40:00.0;CHOQUE;2;1;2;JUNIN;JAUJA;CURICACA;RURAL;CARRETERA;NACIONAL;PE-3S;-11.788858;DESPEJADO;RURAL;CURVA;INCLINADA;ASFALTADA;NULL;NULL;NULL;NULL;IMPRUDENCIA DEL CONDUCTOR;INVASIÓN DE CARRIL;Carretera Longitudinal de la Sierra Sur;10/12/2022;-75.668149
A-2022-12-142;30:00.0;DESPISTE;1;1;NULL;LIMA;LIMA;LIMA;URBANA;JIRÓN;URBANO;NO CORRESPONDE;-12.044576;DESPEJADO;COMERCIAL;TRAMO RECTO;PLANA ;ASFALTADA;NULL;NULL;NULL;NULL;EN PROCESO DE INVESTIGACIÓN;NO CUENTA CON CAUSA ESPECIFICA;Jirón Ascope;10/12/2022;-77.045708
A-2022-12-200;05:00.0;DESPISTE;1;0;NULL;AMAZONAS;UTCUBAMBA;CAJARURO;URBANA;CARRETERA;DEPARTAMENTAL;AM-102;-5.76165;SOLEADO;RURAL;TRAMO RECTO;PLANA ;ASFALTADA;NULL;NULL;NULL;NULL;EN PROCESO DE INVESTIGACIÓN;NO CUENTA CON CAUSA ESPECIFICA;AM-102;10/12/2022;-78.4021
A-2022-12-133;00:00.0;CHOQUE CON OBJETO FIJO;1;0;1;CALLAO;CALLAO;CALLAO;URBANA;CARRETERA;NACIONAL;PE-20B;-12.038615;DESPEJADO;COMERCIAL;TRAMO RECTO;PLANA ;CONCRETO;NO;NULL;NULL;SI;IMPRUDENCIA DEL CONDUCTOR;OTRO (IMPRUDENCIA DEL CONDUCTOR);Callao;10/12/2022;-77.099686
A-2022-12-84;30:00.0;DESPISTE;1;0;NULL;ANCASH;HUARMEY;HUARMEY;RURAL;CARRETERA;DEPARTAMENTAL;AN-109;-10.019609;DESPEJADO;RURAL;CURVA;INCLINADA;ASFALTADA;NULL;NULL;NULL;NULL;EN PROCESO DE INVESTIGACIÓN;NO CUENTA CON CAUSA ESPECIFICA;Carretera Huarmey - Recuay;10/12/2022;-78.06741
A-2022-12-151;30:00.0;ATROPELLO FUGA;1;0;NULL;LIMA;LIMA;SAN JUAN DE MIRAFLORES;URBANA;CARRETERA;NACIONAL;PE-1S;-12.183603;DESPEJADO;COMERCIAL;TRAMO RECTO;PLANA ;ASFALTADA;NULL;NULL;NULL;NULL;EN PROCESO DE INVESTIGACIÓN;NO CUENTA CON CAUSA ESPECIFICA;Avenida Panamericana Sur;10/12/2022;-76.975228
A-2022-12-143;15:00.0;ATROPELLO;1;0;NULL;LIMA;LIMA;LURIGANCHO;URBANA;CARRETERA;NACIONAL;PE-22;-11.951577;DESPEJADO;RURAL;TRAMO RECTO;PLANA ;ASFALTADA;NULL;NULL;NULL;NULL;EN PROCESO DE INVESTIGACIÓN;NO CUENTA CON CAUSA ESPECIFICA;Avenida Las Flores;11/12/2022;-76.726837
A-2022-12-179;00:00.0;ATROPELLO;1;0;NULL;JUNIN;HUANCAYO;SICAYA;URBANA;CARRETERA;NACIONAL;PE-24;-12.054954;DESPEJADO;RURAL;TRAMO RECTO;PLANA ;ASFALTADA;NULL;NULL;NULL;NULL;IMPRUDENCIA DEL CONDUCTOR;CONDUCIR EN ESTADO DE EBRIEDAD Y/O DROGADICCIÓN;Avenida 24 de Junio;11/12/2022;-75.283905
A-2022-12-52;00:00.0;DESPISTE;2;0;1;TACNA;TACNA;PALCA;RURAL;CARRETERA;NACIONAL;PE-40;-17.781676;DESPEJADO;RURAL;CURVA;INCLINADA;ASFALTADA;NULL;NULL;NULL;NULL;IMPRUDENCIA DEL CONDUCTOR;FATIGA Y/O CANSANCIO;Carretera Tacna - La Paz;11/12/2022;-69.960725
A-2022-12-199;50:00.0;ATROPELLO FUGA;1;0;1;PIURA;MORROPON;MORROPON;URBANA;JIRÓN;URBANO;NO CORRESPONDE;-5.183083;DESPEJADO;RURAL;TRAMO RECTO;PLANA ;ADOQUINADO;NULL;NULL;NULL;NULL;EN PROCESO DE INVESTIGACIÓN;NO CUENTA CON CAUSA ESPECIFICA;Jirón Córdova;11/12/2022;-79.971799
A-2022-12-144;50:00.0;ATROPELLO;1;0;NULL;LIMA;LIMA;COMAS;URBANA;CARRETERA;NACIONAL;PE-1N;-11.924984;DESPEJADO;INDUSTRIAL;TRAMO RECTO;PLANA ;ASFALTADA;NULL;NULL;NULL;NULL;EN PROCESO DE INVESTIGACIÓN;NO CUENTA CON CAUSA ESPECIFICA;Avenida Panamericana Norte;11/12/2022;-77.072926
A-2022-12-85;00:00.0;DESPISTE;1;0;NULL;ANCASH;PALLASCA;TAUCA;RURAL;CARRETERA;NACIONAL;PE-3N;-8.424966;DESPEJADO;RURAL;CURVA;INCLINADA;ASFALTADA;NULL;NULL;NULL;NULL;EN PROCESO DE INVESTIGACIÓN;NO CUENTA CON CAUSA ESPECIFICA;Carretera Longitudinal de la Sierra Norte;11/12/2022;-78.015376
A-2022-12-180;50:00.0;CHOQUE;1;0;NULL;JUNIN;HUANCAYO;CHILCA;URBANA;CARRETERA;NACIONAL;PE-3SC;-12.083191;DESPEJADO;COMERCIAL;TRAMO RECTO;PLANA ;ASFALTADA;NO;NULL;NULL;SI;IMPRUDENCIA DEL CONDUCTOR;OTRO (IMPRUDENCIA DEL CONDUCTOR);Jirón 28 de Julio;11/12/2022;-75.203209
A-2022-12-184;10:00.0;ATROPELLO;1;0;1;PIURA;MORROPON;CHULUCANAS;RURAL;CARRETERA;PROVINCIAL;PI-972;-5.164179;DESPEJADO;RURAL;TRAMO RECTO;PLANA ;ASFALTADA;NULL;NULL;NULL;NULL;IMPRUDENCIA DEL PEATÓN;ESTADO DE EBRIEDAD Y/O DROGADICCIÓN;PI-722;11/12/2022;-80.140892
A-2022-12-65;15:00.0;DESPISTE;1;0;1;LA LIBERTAD;CHEPEN;PUEBLO NUEVO;RURAL;CARRETERA;PROVINCIAL;LI-500;-7.134118;DESPEJADO;RURAL;TRAMO RECTO;PLANA ;AFIRMADO;NULL;NULL;NULL;NULL;IMPRUDENCIA DEL CONDUCTOR;CONDUCIR EN ESTADO DE EBRIEDAD Y/O DROGADICCIÓN;LI-502;11/12/2022;-79.575601
A-2022-12-194;25:00.0;DESPISTE;2;4;1;PIURA;SULLANA;MIGUEL CHECA;RURAL;CARRETERA;NACIONAL;PE-02;-5.130772;DESPEJADO;RURAL;TRAMO RECTO;PLANA ;ASFALTADA;NULL;NULL;NULL;NULL;EN PROCESO DE INVESTIGACIÓN;NO CUENTA CON CAUSA ESPECIFICA;Carretera Paita - Piura;11/12/2022;-80.829602
A-2022-12-114;30:00.0;DESPISTE;1;2;1;LIMA;HUAURA;SANTA MARIA;URBANA;CARRETERA;DEPARTAMENTAL;LM-101;-11.075882;DESPEJADO;COMERCIAL;TRAMO RECTO;PLANA ;ASFALTADA;NULL;NULL;NULL;NULL;IMPRUDENCIA DEL CONDUCTOR;EXCESO DE VELOCIDAD;Antigua Panamericana Norte;12/12/2022;-77.598061
A-2025-03-66;50:00.0;DESPISTE;1;0;1;CAJAMARCA;HUALGAYOC;BAMBAMARCA;RURAL;CARRETERA;NACIONAL;PE-1NA;-6.656983;DESPEJADO;RURAL;CURVA;INCLINADA;ASFALTADA;NULL;NULL;NULL;NULL;IMPRUDENCIA DEL CONDUCTOR;EXCESO DE VELOCIDAD;Carretera Longitudinal de la Sierra Norte;30/3/2025;-78.538828
A-2025-03-101;10:00.0;DESPISTE;1;0;NULL;LIMA;LIMA;SAN BORJA;URBANA;AVENIDA;URBANO;NO CORRESPONDE;-12.086909;DESPEJADO;RESIDENCIAL;TRAMO RECTO;PLANA ;ASFALTADA;NULL;NULL;NULL;NULL;EN PROCESO DE INVESTIGACIÓN;NO CUENTA CON CAUSA ESPECIFICA;Avenida Javier Prado Este;31/3/2025;-76.997848
A-2025-03-29;20:00.0;ATROPELLO;1;0;1;CUSCO;CUSCO;SANTIAGO;URBANA;CARRETERA;DEPARTAMENTAL;CU-117;-13.541476;NUBLADO;RESIDENCIAL;TRAMO RECTO;INCLINADA;ASFALTADA;NULL;NULL;NULL;NULL;IMPRUDENCIA DEL CONDUCTOR;CONDUCIR EN ESTADO DE EBRIEDAD Y/O DROGADICCIÓN;CU-117;31/3/2025;-71.981781
A-2025-03-102;00:00.0;ATROPELLO;1;0;NULL;LIMA;LIMA;JESUS MARIA;URBANA;AVENIDA;URBANO;NO CORRESPONDE;-12.084663;DESPEJADO;COMERCIAL;TRAMO RECTO;PLANA ;ASFALTADA;SI;PREVENTIVA (P);INFORMATIVA (I);SI;EN PROCESO DE INVESTIGACIÓN;NO CUENTA CON CAUSA ESPECIFICA;Avenida Brasil;31/3/2025;-77.061534
A-2025-03-51;00:00.0;ATROPELLO FUGA;1;0;NULL;CUSCO;ESPINAR;PALLPATA;RURAL;CARRETERA;NACIONAL;PE-3SG;-14.88621;DESPEJADO;RURAL;TRAMO RECTO;PLANA ;ASFALTADA;NULL;NULL;NULL;NULL;IMPRUDENCIA DEL CONDUCTOR;OTRO (IMPRUDENCIA DEL CONDUCTOR);PE-3SG;31/3/2025;-71.233492
A-2025-04-63;05:00.0;CHOQUE;1;0;NULL;LIMA;LIMA;VILLA EL SALVADOR;URBANA;AVENIDA;URBANO;NO CORRESPONDE;-12.202846;DESPEJADO;RESIDENCIAL;INTERSECCIÓN;PLANA ;ASFALTADA;NULL;NULL;NULL;NULL;EN PROCESO DE INVESTIGACIÓN;NO CUENTA CON CAUSA ESPECIFICA;Avenida Arriba Perú;1/4/2025;-76.936489
A-2025-04-64;06:00.0;DESPISTE;1;2;NULL;LIMA;LIMA;CARABAYLLO;URBANA;AVENIDA;URBANO;NO CORRESPONDE;-11.869063;DESPEJADO;RESIDENCIAL;TRAMO RECTO;INCLINADA;ASFALTADA;NULL;NULL;NULL;NULL;EN PROCESO DE INVESTIGACIÓN;NO CUENTA CON CAUSA ESPECIFICA;Jirón Ignacio Prado Este;1/4/2025;-77.01262
A-2025-04-8;06:00.0;DESPISTE;1;2;NULL;LIMA;LIMA;CARABAYLLO;URBANA;AVENIDA;URBANO;NO CORRESPONDE;-11.869062;DESPEJADO;COMERCIAL;TRAMO RECTO;INCLINADA;ASFALTADA;NULL;NULL;NULL;NULL;EN PROCESO DE INVESTIGACIÓN;NO CUENTA CON CAUSA ESPECIFICA;Avenida Túpac Amaru;1/4/2025;-77.012635
A-2025-04-43;00:00.0;DESPISTE;1;0;1;ANCASH;HUAYLAS;HUALLANCA;RURAL;CARRETERA;NACIONAL;PE-3N;-8.816734;LLUVIOSO;RURAL;SINUOSA;PLANA ;ASFALTADA;NULL;NULL;NULL;NULL;EN PROCESO DE INVESTIGACIÓN;NO CUENTA CON CAUSA ESPECIFICA;Carretera Longitudinal de la Sierra Norte;1/4/2025;-77.858766
A-2025-04-42;20:00.0;CHOQUE;2;1;NULL;ICA;CHINCHA;GROCIO PRADO;RURAL;CARRETERA;NACIONAL;PE-1S;-13.392128;NULL;NULL;NULL;NULL;NULL;NULL;NULL;NULL;NULL;EN PROCESO DE INVESTIGACIÓN;NO CUENTA CON CAUSA ESPECIFICA;Carretera Panamericana Sur;1/4/2025;-76.199498
A-2025-04-4;50:00.0;CHOQUE;1;0;NULL;AREQUIPA;CAYLLOMA;MAJES;URBANA;CARRETERA;DEPARTAMENTAL;AR-108;-16.354655;DESPEJADO;COMERCIAL;TRAMO RECTO;PLANA ;ASFALTADA;NO;NULL;NULL;SI;EN PROCESO DE INVESTIGACIÓN;NO CUENTA CON CAUSA ESPECIFICA;Avenida Los Colonizadores;1/4/2025;-72.176846
A-2025-04-15;00:00.0;DESPISTE;2;0;NULL;HUANCAVELICA;ANGARAES;LIRCAY;RURAL;CARRETERA;SIN CLASIFICAR;SIN CLASIFICAR;-12.972745;DESPEJADO;RURAL;TRAMO RECTO;PLANA ;TROCHA;NULL;NULL;NULL;NULL;EN PROCESO DE INVESTIGACIÓN;NO CUENTA CON CAUSA ESPECIFICA;HV-108;1/4/2025;-74.706337
A-2025-04-66;30:00.0;CAÍDA DE PASAJERO;1;0;NULL;LIMA;LIMA;SAN JUAN DE LURIGANCHO;URBANA;AVENIDA;URBANO;NO CORRESPONDE;-12.01569;DESPEJADO;RESIDENCIAL;CURVA;PLANA ;ASFALTADA;NULL;NULL;NULL;NULL;EN PROCESO DE INVESTIGACIÓN;NO CUENTA CON CAUSA ESPECIFICA;Avenida Canto Grande;1/4/2025;-77.012175
A-2025-04-65;30:00.0;ATROPELLO FUGA;1;0;NULL;LIMA;LIMA;SAN JUAN DE MIRAFLORES;URBANA;CARRETERA;NACIONAL;PE-1S;-12.173214;DESPEJADO;RESIDENCIAL;TRAMO RECTO;PLANA ;ASFALTADA;NULL;NULL;NULL;NULL;EN PROCESO DE INVESTIGACIÓN;NO CUENTA CON CAUSA ESPECIFICA;Avenida Panamericana Sur;2/4/2025;-76.978563
A-2025-04-36;30:00.0;ATROPELLO;1;1;NULL;APURIMAC;ANDAHUAYLAS;JOSE MARIA ARGUEDAS;RURAL;CARRETERA;PROVINCIAL;AP-694;-13.746623;SOLEADO;RURAL;TRAMO RECTO;PLANA ;TROCHA;NULL;NULL;NULL;NULL;IMPRUDENCIA DEL CONDUCTOR;GIRAR IMPRUDENTEMENTE;AP-694;3/4/2025;-73.346547
A-2025-04-6;10:00.0;VOLCADURA;1;1;NULL;AREQUIPA;AREQUIPA;YURA;URBANA;CARRETERA;NACIONAL;PE-34A;-16.071877;NUBLADO;RURAL;CURVA;INCLINADA;ASFALTADA;SI;PREVENTIVA (P);INFORMATIVA (I);SI;EN PROCESO DE INVESTIGACIÓN;NO CUENTA CON CAUSA ESPECIFICA;Vía Interoceánica Sur - Tramo 5;4/4/2025;-71.581666
A-2025-04-20;50:00.0;DESPISTE;1;1;NULL;HUANCAVELICA;TAYACAJA;PAZOS;RURAL;CARRETERA;PROVINCIAL;HV-568;-12.237652;DESPEJADO;RURAL;TRAMO RECTO;PLANA ;TROCHA;NULL;NULL;NULL;NULL;EN PROCESO DE INVESTIGACIÓN;NO CUENTA CON CAUSA ESPECIFICA;Pazos;4/4/2025;-74.968739
A-2025-04-56;50:00.0;CHOQUE;1;0;2;AYACUCHO;HUAMANGA;OCROS;RURAL;CARRETERA;NACIONAL;PE-3S;-13.41981;DESPEJADO;RURAL;CURVA;PLANA ;ASFALTADA;SI;PREVENTIVA (P);NULL;NO;IMPRUDENCIA DEL CONDUCTOR;INVASIÓN DE CARRIL;Carretera Longitudinal de la Sierra Sur;4/4/2025;-73.895694
A-2025-04-7;40:00.0;CHOQUE;1;3;NULL;AREQUIPA;CAYLLOMA;MAJES;URBANA;AVENIDA;URBANO;NO CORRESPONDE;-16.380383;DESPEJADO;RESIDENCIAL;INTERSECCIÓN;PLANA ;ASFALTADA;SI;REGULADORA (R);NULL;SI;EN PROCESO DE INVESTIGACIÓN;NO CUENTA CON CAUSA ESPECIFICA;Carretera Panamericana Sur;5/4/2025;-72.198597
A-2025-04-50;30:00.0;DESPISTE;1;6;1;CAJAMARCA;CELENDIN;LA LIBERTAD DE PALLAN;RURAL;CARRETERA;PROVINCIAL;CA-972;-6.665888;DESPEJADO;RURAL;CURVA;INCLINADA;CASCAJO/RIPIO;NULL;NULL;NULL;NULL;EN PROCESO DE INVESTIGACIÓN;NO CUENTA CON CAUSA ESPECIFICA;CA-972;5/4/2025;-78.332336
A-2025-04-1;30:00.0;DESPISTE;1;0;NULL;LIMA;HUARAL;CHANCAY;RURAL;CARRETERA;NACIONAL;PE-1N;-11.555293;NULL;NULL;NULL;NULL;NULL;NULL;NULL;NULL;NULL;EN PROCESO DE INVESTIGACIÓN;NO CUENTA CON CAUSA ESPECIFICA;Carretera Panamericana Norte;6/4/2025;-77.270964
A-2025-04-13;35:00.0;CHOQUE;1;0;2;SAN MARTIN;MOYOBAMBA;JEPELACIO;RURAL;CARRETERA;NACIONAL;PE-5N;-6.100706;SOLEADO;RURAL;CURVA;INCLINADA;ASFALTADA;NULL;NULL;NULL;NULL;IMPERICIA DEL CONDUCTOR;NULL;Carretera Presidente Fernando Belaúnde Terry;6/4/2025;-76.858954
A-2025-04-2;05:00.0;CHOQUE;1;0;3;LIMA;HUARAL;CHANCAY;RURAL;CARRETERA;NACIONAL;PE-1NB;-11.551982;DESPEJADO;RURAL;TRAMO RECTO;PLANA ;ASFALTADA;NULL;NULL;NULL;NULL;EN PROCESO DE INVESTIGACIÓN;NO CUENTA CON CAUSA ESPECIFICA;Avenida Chancay;7/4/2025;-77.264106
A-2025-04-54;30:00.0;ATROPELLO;1;0;1;AYACUCHO;HUAMANGA;SAN JUAN BAUTISTA;URBANA;CARRETERA;NACIONAL;PE-3S;-13.190696;DESPEJADO;RESIDENCIAL;CURVA;INCLINADA;ASFALTADA;SI;PREVENTIVA (P);NULL;NO;IMPRUDENCIA DEL CONDUCTOR;NO DAR PASO PREFERENTE AL PEATÓN;Carretera Longitudinal de la Sierra Sur;8/4/2025;-74.200915
A-2025-04-35;30:00.0;FERROVIARIO;1;0;0;CUSCO;URUBAMBA;OLLANTAYTAMBO;RURAL;OTRO;URBANO;NO CORRESPONDE;-13.271592;DESPEJADO;RURAL;TRAMO RECTO;INCLINADA;CASCAJO/RIPIO;NULL;NULL;NULL;NULL;IMPRUDENCIA DEL CONDUCTOR;OTRO (IMPRUDENCIA DEL CONDUCTOR);Ancopacha;8/4/2025;-72.220436
A-2025-04-3;30:00.0;ATROPELLO FUGA;1;0;1;LIMA;HUARAL;CHANCAY;RURAL;CARRETERA;NACIONAL;PE-1N;-11.564686;DESPEJADO;RURAL;TRAMO RECTO;PLANA ;ASFALTADA;SI;REGULADORA (R);REGULADORA (R);SI;EN PROCESO DE INVESTIGACIÓN;NO CUENTA CON CAUSA ESPECIFICA;Carretera Panamericana Norte;9/4/2025;-77.265128
A-2025-04-44;50:00.0;ATROPELLO;1;0;1;ANCASH;CARHUAZ;MARCARA;URBANA;CARRETERA;NACIONAL;PE-3N;-9.324863;DESPEJADO;RURAL;ÓVALO;PLANA ;ASFALTADA;NULL;NULL;NULL;NULL;EN PROCESO DE INVESTIGACIÓN;NO CUENTA CON CAUSA ESPECIFICA;Carretera Longitudinal de la Sierra Norte;10/4/2025;-77.603738
A-2025-04-23;00:00.0;DESPISTE;1;3;NULL;CUSCO;ESPINAR;OCORURO;RURAL;CARRETERA;NACIONAL;PE-34J;-15.174107;DESPEJADO;RURAL;CURVA;PLANA ;ASFALTADA;NULL;NULL;NULL;NULL;IMPRUDENCIA DEL CONDUCTOR;EXCESO DE VELOCIDAD;Ocoruro;10/4/2025;-71.166016
A-2025-04-5;50:00.0;ATROPELLO;1;0;1;LIMA;HUARAL;HUARAL;URBANA;AVENIDA;URBANO;NO CORRESPONDE;-11.497372;DESPEJADO;ESCOLAR;INTERSECCIÓN;PLANA ;ASFALTADA;SI;PREVENTIVA (P);NULL;SI;EN PROCESO DE INVESTIGACIÓN;NO CUENTA CON CAUSA ESPECIFICA;Avenida La Estación;10/4/2025;-77.20908
A-2025-04-9;45:00.0;DESPISTE;2;1;NULL;AREQUIPA;CAYLLOMA;MAJES;RURAL;CARRETERA;NACIONAL;PE-1S;-16.42505;DESPEJADO;RURAL;TRAMO RECTO;PLANA ;ASFALTADA;NO;NULL;NULL;SI;EN PROCESO DE INVESTIGACIÓN;NO CUENTA CON CAUSA ESPECIFICA;Carretera Panamericana Sur;11/4/2025;-72.25803
A-2025-04-51;00:00.0;DESPISTE;1;1;1;CAJAMARCA;CONTUMAZA;CHILETE;RURAL;CARRETERA;NACIONAL;PE-08;-7.226349;DESPEJADO;RURAL;TRAMO RECTO;PLANA ;ASFALTADA;NULL;NULL;NULL;NULL;EN PROCESO DE INVESTIGACIÓN;NO CUENTA CON CAUSA ESPECIFICA;Carretera Ciudad de Dios - Cajamarca;12/4/2025;-78.822903
A-2025-04-33;00:00.0;VOLCADURA;2;0;1;CUSCO;CHUMBIVILCAS;VELILLE;RURAL;CARRETERA;NACIONAL;PE-3SG;-14.55446;DESPEJADO;RURAL;TRAMO RECTO;PLANA ;AFIRMADO;NULL;NULL;NULL;NULL;IMPRUDENCIA DEL CONDUCTOR;CONDUCIR EN ESTADO DE EBRIEDAD Y/O DROGADICCIÓN;PE-3SG;13/4/2025;-71.920346
A-2025-04-52;50:00.0;CHOQUE;1;2;2;CAJAMARCA;SAN MIGUEL;SAN MIGUEL;RURAL;CARRETERA;NACIONAL;PE-1N;-7.071712;DESPEJADO;RURAL;CURVA;INCLINADA;ASFALTADA;NULL;NULL;NULL;NULL;EN PROCESO DE INVESTIGACIÓN;NO CUENTA CON CAUSA ESPECIFICA;CA-1240;14/4/2025;-78.95448
A-2025-04-38;00:00.0;DESPISTE;1;0;1;CUSCO;CHUMBIVILCAS;SANTO TOMAS;RURAL;CARRETERA;DEPARTAMENTAL;CU-119;-14.44683;DESPEJADO;RURAL;CURVA;PLANA ;AFIRMADO;NULL;NULL;NULL;NULL;IMPRUDENCIA DEL CONDUCTOR;EXCESO DE VELOCIDAD;CU-119;15/4/2025;-72.075008
A-2025-04-37;39:00.0;ATROPELLO FUGA;1;0;NULL;CUSCO;CUSCO;WANCHAQ;URBANA;AVENIDA;URBANO;NO CORRESPONDE;-13.520023;DESPEJADO;COMERCIAL;TRAMO RECTO;PLANA ;CONCRETO;NULL;NULL;NULL;NULL;IMPRUDENCIA DEL CONDUCTOR;EXCESO DE VELOCIDAD;Ciclovía La Cultura;15/4/2025;-71.972141
A-2025-04-17;30:00.0;DESPISTE;2;0;NULL;HUANCAVELICA;CHURCAMPA;ANCO;RURAL;CARRETERA;NACIONAL;PE-3S;-12.674205;DESPEJADO;RURAL;TRAMO RECTO;PLANA ;TROCHA;NULL;NULL;NULL;NULL;EN PROCESO DE INVESTIGACIÓN;NO CUENTA CON CAUSA ESPECIFICA;Carretera Longitudinal de la Sierra Sur;15/4/2025;-74.593134
A-2025-04-55;00:00.0;CHOQUE;1;3;2;AYACUCHO;LA MAR;SAN MIGUEL;RURAL;CARRETERA;DEPARTAMENTAL;AY-102;-12.987883;DESPEJADO;RURAL;CURVA;PLANA ;ASFALTADA;NULL;NULL;NULL;NULL;IMPRUDENCIA DEL CONDUCTOR;FATIGA Y/O CANSANCIO;AY-102;16/4/2025;-73.98542
A-2025-04-10;40:00.0;CHOQUE;1;2;NULL;AREQUIPA;CAYLLOMA;SAN ANTONIO DE CHUCA;RURAL;CARRETERA;NACIONAL;PE-34A;-15.88421;NUBLADO;RURAL;TRAMO RECTO;PLANA ;ASFALTADA;NO;NULL;NULL;SI;EN PROCESO DE INVESTIGACIÓN;NO CUENTA CON CAUSA ESPECIFICA;Vía Interoceánica Sur - Tramo 5;18/4/2025;-71.1601
A-2025-04-11;15:00.0;ATROPELLO;1;0;NULL;AREQUIPA;AREQUIPA;VITOR;RURAL;CARRETERA;SIN CLASIFICAR;SIN CLASIFICAR;-16.579873;DESPEJADO;RURAL;TRAMO RECTO;PLANA ;TROCHA;NULL;NULL;NULL;NULL;EN PROCESO DE INVESTIGACIÓN;NO CUENTA CON CAUSA ESPECIFICA;AR-743;18/4/2025;-71.934913
A-2025-04-45;30:00.0;DESPISTE;1;0;1;ANCASH;HUARI;SAN MARCOS;URBANA;CARRETERA;SIN CLASIFICAR;SIN CLASIFICAR;-9.536849;DESPEJADO;RURAL;TRAMO RECTO;PLANA ;ASFALTADA;NULL;NULL;NULL;NULL;EN PROCESO DE INVESTIGACIÓN;NO CUENTA CON CAUSA ESPECIFICA;San Marcos;19/4/2025;-77.159734
A-2025-04-68;31:00.0;DESPISTE;1;0;NULL;CUSCO;LA CONVENCION;INKAWASI;RURAL;CARRETERA;DEPARTAMENTAL;CU-100;-13.312484;DESPEJADO;RURAL;CURVA;PLANA ;TROCHA;NULL;NULL;NULL;NULL;IMPERICIA DEL CONDUCTOR;NULL;CU-100;20/4/2025;-73.282705
A-2025-04-31;31:00.0;DESPISTE;1;0;NULL;CUSCO;CUSCO;CUSCO;RURAL;CARRETERA;SIN CLASIFICAR;SIN CLASIFICAR;-13.521432;DESPEJADO;RURAL;TRAMO RECTO;PLANA ;AFIRMADO;NULL;NULL;NULL;NULL;IMPRUDENCIA DEL CONDUCTOR;FATIGA Y/O CANSANCIO;Cuzco;20/4/2025;-72.003805
A-2025-04-34;00:00.0;CHOQUE;1;0;1;CUSCO;CHUMBIVILCAS;VELILLE;RURAL;CARRETERA;NACIONAL;PE-3SG;-14.546164;DESPEJADO;RURAL;CURVA;PLANA ;AFIRMADO;NULL;NULL;NULL;NULL;IMPERICIA DEL CONDUCTOR;NULL;PE-3SG;20/4/2025;-71.899198
A-2025-04-14;30:00.0;CHOQUE;1;0;NULL;AREQUIPA;AREQUIPA;LA JOYA;URBANA;CARRETERA;NACIONAL;PE-1S;-16.52899;DESPEJADO;RESIDENCIAL;TRAMO RECTO;PLANA ;ASFALTADA;SI;INFORMATIVA (I);NULL;SI;EN PROCESO DE INVESTIGACIÓN;NO CUENTA CON CAUSA ESPECIFICA;Carretera Panamericana Sur;20/4/2025;-71.78459
A-2025-04-46;40:00.0;CHOQUE;1;0;2;ANCASH;YUNGAY;YUNGAY;RURAL;CARRETERA;NACIONAL;PE-3N;-9.114782;DESPEJADO;RURAL;TRAMO RECTO;PLANA ;ASFALTADA;NULL;NULL;NULL;NULL;EN PROCESO DE INVESTIGACIÓN;NO CUENTA CON CAUSA ESPECIFICA;Carretera Longitudinal de la Sierra Norte;21/4/2025;-77.766616
A-2025-04-22;00:00.0;DESPISTE;2;1;NULL;HUANCAVELICA;TAYACAJA;ÑAHUIMPUQUIO;RURAL;CARRETERA;NACIONAL;PE-3SD;-12.309111;DESPEJADO;RURAL;TRAMO RECTO;PLANA ;ASFALTADA;NULL;NULL;NULL;NULL;EN PROCESO DE INVESTIGACIÓN;NO CUENTA CON CAUSA ESPECIFICA;PE-3SD;21/4/2025;-75.04651