CÓDIGO SINIESTRO;HORA SINIESTRO;CLASE SINIESTRO;CANTIDAD DE FALLECIDOS;CANTIDAD DE LESIONADOS;CANTIDAD DE VEHICULOS DAÑADOS;DEPARTAMENTO;PROVINCIA;DISTRITO;ZONA;TIPO DE VÍA;RED VIAL;COD CARRETERA;COORDENADAS LATITUD;CONDICIÓN CLIMÁTICA;ZONIFICACIÓN;CARACTERÍSTICAS DE VÍA;PERFIL LONGITUDINAL VÍA;SUPERFICIE DE CALZADA;¿EXISTE SEÑAL VERTICAL?;CLASIFICACIÓN DE LA SEÑAL VERTICAL Nº 1;CLASIFICACIÓN DE LA SEÑAL VERTICAL Nº 2;¿EXISTE SEÑAL HORIZONTAL?;CAUSA FACTOR PRINCIPAL;CAUSA ESPECÍFICA;UBICACION;FECHA SINIESTRO;COORDENADAS LONGITUD
A-2025-04-39;30:00.0;ATROPELLO FUGA;1;0;NULL;CUSCO;PAUCARTAMBO;KOSÑIPATA;RURAL;CARRETERA;DEPARTAMENTAL;CU-113;-12.9844;DESPEJADO;RURAL;TRAMO RECTO;PLANA ;AFIRMADO;NULL;NULL;NULL;NULL;IMPERICIA DEL CONDUCTOR;NULL;Carretera Manu;21/4/2025;-71.427692
A-2025-04-47;30:00.0;CHOQUE;2;0;2;ANCASH;HUARI;SAN MARCOS;RURAL;SIN CLASIFICAR;SIN CLASIFICAR;SIN CLASIFICAR;-9.538339;DESPEJADO;RURAL;OTRO;INCLINADA;TROCHA;NULL;NULL;NULL;NULL;EN PROCESO DE INVESTIGACIÓN;NO CUENTA CON CAUSA ESPECIFICA;San Marcos;22/4/2025;-77.064293
A-2025-04-16;30:00.0;ATROPELLO FUGA;1;0;NULL;SAN MARTIN;RIOJA;AWAJUN;URBANA;CARRETERA;NACIONAL;PE-5N;-5.826115;DESPEJADO;ESCOLAR;TRAMO RECTO;INCLINADA;ASFALTADA;NULL;NULL;NULL;NULL;EN PROCESO DE INVESTIGACIÓN;NO CUENTA CON CAUSA ESPECIFICA;Carretera Presidente Fernando Belaúnde Terry;22/4/2025;-77.372734
A-2025-04-32;30:00.0;ATROPELLO;1;0;1;CUSCO;CANCHIS;SICUANI;RURAL;CARRETERA;NACIONAL;PE-3S;-14.22892;DESPEJADO;RURAL;TRAMO RECTO;PLANA ;ASFALTADA;NULL;NULL;NULL;NULL;IMPRUDENCIA DEL PEATÓN;CRUCE INDEBIDO POR LA CALZADA;Carretera Longitudinal de la Sierra Sur;22/4/2025;-71.279282
A-2025-04-18;00:00.0;DESPISTE;1;1;1;SAN MARTIN;RIOJA;ELIAS SOPLIN VARGAS;URBANA;AVENIDA;URBANO;NO CORRESPONDE;-5.9885;DESPEJADO;COMERCIAL;TRAMO RECTO;PLANA ;AFIRMADO;NULL;NULL;NULL;NULL;IMPRUDENCIA DEL CONDUCTOR;EXCESO DE VELOCIDAD;Avenida Dos Olivos;23/4/2025;-77.280482
A-2025-04-48;50:00.0;DESPISTE;1;0;1;ANCASH;CORONGO;LA PAMPA;RURAL;CARRETERA;PROVINCIAL;AN-543;-8.677997;DESPEJADO;RURAL;CURVA;PLANA ;ASFALTADA;NULL;NULL;NULL;NULL;EN PROCESO DE INVESTIGACIÓN;NO CUENTA CON CAUSA ESPECIFICA;PE-3NA;24/4/2025;-77.918724
A-2025-04-12;50:00.0;ATROPELLO;1;0;1;LIMA;HUARAL;CHANCAY;RURAL;CARRETERA;NACIONAL;PE-1N;-11.519153;DESPEJADO;RURAL;TRAMO RECTO;PLANA ;ASFALTADA;NULL;NULL;NULL;NULL;EN PROCESO DE INVESTIGACIÓN;NO CUENTA CON CAUSA ESPECIFICA;Carretera Panamericana Norte;25/4/2025;-77.293399
A-2025-04-49;00:00.0;DESPISTE;1;0;1;ANCASH;BOLOGNESI;ANTONIO RAYMONDI;URBANA;CALLE;URBANO;NO CORRESPONDE;-10.156889;DESPEJADO;RURAL;SINUOSA;PLANA ;ASFALTADA;NULL;NULL;NULL;NULL;IMPRUDENCIA DEL CONDUCTOR;OTRO (IMPRUDENCIA DEL CONDUCTOR);Raquia;25/4/2025;-77.470092
A-2025-04-21;20:00.0;CHOQUE;1;46;NULL;AREQUIPA;ISLAY;COCACHACRA;RURAL;CARRETERA;NACIONAL;PE-1S;-17.039021;DESPEJADO;RURAL;CURVA;INCLINADA;ASFALTADA;SI;PREVENTIVA (P);NULL;SI;EN PROCESO DE INVESTIGACIÓN;NO CUENTA CON CAUSA ESPECIFICA;Carretera Panamericana Sur;26/4/2025;-71.619746
A-2025-04-67;00:00.0;DESPISTE;1;0;1;CUSCO;ANTA;MOLLEPATA;RURAL;CARRETERA;DEPARTAMENTAL;CU-109;-13.513282;DESPEJADO;RURAL;TRAMO RECTO;PLANA ;ASFALTADA;NULL;NULL;NULL;NULL;IMPRUDENCIA DEL CONDUCTOR;FATIGA Y/O CANSANCIO;CU-109;26/4/2025;-72.523866
A-2025-04-25;20:00.0;ATROPELLO;1;0;NULL;CUSCO;CUSCO;SAYLLA;RURAL;CARRETERA;NACIONAL;PE-3S;-13.565727;SOLEADO;RURAL;TRAMO RECTO;PLANA ;ASFALTADA;NULL;NULL;NULL;NULL;IMPRUDENCIA DEL CONDUCTOR;CAÍDA DE MERCANCÍA;Avenida Cusco;26/4/2025;-71.835936
A-2025-04-19;00:00.0;CHOQUE;1;2;2;SAN MARTIN;RIOJA;NUEVA CAJAMARCA;RURAL;CARRETERA;NACIONAL;PE-5N;-5.82795;DESPEJADO;RURAL;TRAMO RECTO;PLANA ;CONCRETO;NULL;NULL;NULL;NULL;EN PROCESO DE INVESTIGACIÓN;NO CUENTA CON CAUSA ESPECIFICA;Carretera Presidente Fernando Belaúnde Terry;26/4/2025;-77.370501
A-2025-04-26;46:00.0;ATROPELLO;1;0;NULL;CUSCO;CANCHIS;SAN PEDRO;RURAL;CARRETERA;NACIONAL;PE-3S;-14.194283;DESPEJADO;RURAL;TRAMO RECTO;PLANA ;ASFALTADA;NULL;NULL;NULL;NULL;IMPRUDENCIA DEL PEATÓN;CRUCE INDEBIDO POR LA CALZADA;Carretera Longitudinal de la Sierra Sur;26/4/2025;-71.329443
A-2025-04-24;00:00.0;DESPISTE;1;0;NULL;CUSCO;CANCHIS;CHECACUPE;RURAL;CARRETERA;DEPARTAMENTAL;CU-124;-13.989523;DESPEJADO;RURAL;CURVA;PLANA ;TROCHA;NULL;NULL;NULL;NULL;IMPRUDENCIA DEL CONDUCTOR;FATIGA Y/O CANSANCIO;CU-124;27/4/2025;-71.427994
A-2025-04-30;15:00.0;CHOQUE;1;1;NULL;CUSCO;QUISPICANCHI;ANDAHUAYLILLAS;RURAL;CARRETERA;NACIONAL;PE-3S;-13.62028;DESPEJADO;RURAL;TRAMO RECTO;PLANA ;ASFALTADA;SI;REGULADORA (R);PREVENTIVA (P);NO;IMPRUDENCIA DEL CONDUCTOR;EXCESO DE VELOCIDAD;Carretera Longitudinal de la Sierra Sur;28/4/2025;-71.712517
A-2025-04-29;20:00.0;CHOQUE;1;0;1;SAN MARTIN;RIOJA;NUEVA CAJAMARCA;URBANA;AVENIDA;URBANO;NO CORRESPONDE;-5.945122;DESPEJADO;RESIDENCIAL;TRAMO RECTO;PLANA ;ASFALTADA;NULL;NULL;NULL;NULL;IMPRUDENCIA DEL CONDUCTOR;OTRO (IMPRUDENCIA DEL CONDUCTOR);Avenida Cajamarca Sur;30/4/2025;-77.305492
A-2025-04-28;00:00.0;CHOQUE;1;0;NULL;AREQUIPA;AREQUIPA;CERRO COLORADO;URBANA;CARRETERA;DEPARTAMENTAL;AR-123;-16.362075;DESPEJADO;RESIDENCIAL;TRAMO RECTO;PLANA ;ASFALTADA;SI;REGULADORA (R);PREVENTIVA (P);SI;EN PROCESO DE INVESTIGACIÓN;NO CUENTA CON CAUSA ESPECIFICA;Autopista La Joya - Arequipa;30/4/2025;-71.624213
A-2025-04-53;00:00.0;VOLCADURA;3;0;1;CAJAMARCA;CHOTA;CHOTA;RURAL;CARRETERA;NACIONAL;PE-3NC;-6.537016;DESPEJADO;RURAL;TRAMO RECTO;PLANA ;AFIRMADO;NULL;NULL;NULL;NULL;EN PROCESO DE INVESTIGACIÓN;NO CUENTA CON CAUSA ESPECIFICA;Carretera Ambulco;30/4/2025;-78.694609
A-2025-05-1;10:00.0;ATROPELLO;1;2;NULL;AREQUIPA;AREQUIPA;PAUCARPATA;URBANA;CALLE;URBANO;NO CORRESPONDE;-16.407954;NUBLADO;RESIDENCIAL;INTERSECCIÓN;PLANA ;ASFALTADA;NULL;NULL;NULL;NULL;EN PROCESO DE INVESTIGACIÓN;NO CUENTA CON CAUSA ESPECIFICA;Avenida Miguel Grau;1/5/2025;-71.476814
A-2025-05-18;00:00.0;DESPISTE;1;0;1;AYACUCHO;HUAMANGA;PACAYCASA;RURAL;CARRETERA;NACIONAL;PE-26B;-13.077157;DESPEJADO;RURAL;TRAMO RECTO;PLANA ;ASFALTADA;NULL;NULL;NULL;NULL;IMPRUDENCIA DEL CONDUCTOR;FATIGA Y/O CANSANCIO;PE-26B;1/5/2025;-74.235676
A-2025-05-3;28:00.0;DESPISTE;1;1;NULL;AREQUIPA;AREQUIPA;LA JOYA;URBANA;CARRETERA;DEPARTAMENTAL;AR-114;-16.450423;DESPEJADO;RESIDENCIAL;TRAMO RECTO;PLANA ;ASFALTADA;NO;NULL;NULL;SI;EN PROCESO DE INVESTIGACIÓN;NO CUENTA CON CAUSA ESPECIFICA;Carretera La Joya;3/5/2025;-71.840037
A-2025-05-2;00:00.0;ATROPELLO;1;0;NULL;APURIMAC;ANDAHUAYLAS;SAN ANTONIO DE CACHI;RURAL;CARRETERA;DEPARTAMENTAL;AP-104;-13.784193;DESPEJADO;RURAL;TRAMO RECTO;PLANA ;TROCHA;NULL;NULL;NULL;NULL;IMPRUDENCIA DEL CONDUCTOR;OTRO (IMPRUDENCIA DEL CONDUCTOR);AP-104;4/5/2025;-73.618418
A-2025-05-9;20:00.0;CHOQUE;1;4;1;TUMBES;TUMBES;LA CRUZ;RURAL;CARRETERA;NACIONAL;PE-1N;-3.630833;DESPEJADO;RURAL;TRAMO RECTO;PLANA ;ASFALTADA;NULL;NULL;NULL;NULL;IMPRUDENCIA DEL CONDUCTOR;OTRO (IMPRUDENCIA DEL CONDUCTOR);Carretera Panamericana Norte;4/5/2025;-80.572495
A-2025-05-22;00:00.0;ATROPELLO;1;0;NULL;CALLAO;CALLAO;VENTANILLA;NULL;AVENIDA;URBANO;NO CORRESPONDE;-11.874856;NULL;NULL;NULL;NULL;NULL;NULL;NULL;NULL;NULL;EN PROCESO DE INVESTIGACIÓN;NO CUENTA CON CAUSA ESPECIFICA;Calle 11;6/5/2025;-77.127695
A-2025-05-24;30:00.0;ATROPELLO;1;0;1;MADRE DE DIOS;MANU;MANU;RURAL;CARRETERA;DEPARTAMENTAL;MD-103;-12.675341;DESPEJADO;RURAL;TRAMO RECTO;PLANA ;TROCHA;NULL;NULL;NULL;NULL;IMPRUDENCIA DEL PEATÓN;ESTADO DE EBRIEDAD Y/O DROGADICCIÓN;Carretera Manu;7/5/2025;-71.345009
A-2025-05-11;30:00.0;ATROPELLO FUGA;1;0;NULL;AREQUIPA;AREQUIPA;CERRO COLORADO;URBANA;CARRETERA;DEPARTAMENTAL;AR-123;-16.36045;NULL;NULL;NULL;NULL;NULL;NULL;NULL;NULL;NULL;EN PROCESO DE INVESTIGACIÓN;NO CUENTA CON CAUSA ESPECIFICA;Autopista La Joya - Arequipa;8/5/2025;-71.61908
A-2025-05-8;00:00.0;CHOQUE;1;0;NULL;AREQUIPA;AREQUIPA;VITOR;RURAL;CARRETERA;NACIONAL;PE-1S;-16.466287;DESPEJADO;RURAL;TRAMO RECTO;PLANA ;ASFALTADA;SI;PREVENTIVA (P);NULL;SI;EN PROCESO DE INVESTIGACIÓN;NO CUENTA CON CAUSA ESPECIFICA;Carretera Panamericana Sur;9/5/2025;-71.935628
A-2025-05-4;40:00.0;CHOQUE;1;0;2;SAN MARTIN;RIOJA;AWAJUN;RURAL;CARRETERA;NACIONAL;PE-5N;-5.835548;DESPEJADO;RURAL;TRAMO RECTO;PLANA ;ASFALTADA;NULL;NULL;NULL;NULL;IMPRUDENCIA DEL CONDUCTOR;OTRO (IMPRUDENCIA DEL CONDUCTOR);Carretera Presidente Fernando Belaúnde Terry;9/5/2025;-77.361
A-2025-05-29;30:00.0;DESPISTE;1;0;1;CUSCO;QUISPICANCHI;CAMANTI;RURAL;CARRETERA;NACIONAL;PE-30C;-13.218336;DESPEJADO;RURAL;TRAMO RECTO;PLANA ;ASFALTADA;NULL;NULL;NULL;NULL;IMPERICIA DEL CONDUCTOR;NULL;Interoceanica Sur;10/5/2025;-70.735652
A-2025-05-25;00:00.0;DESPISTE;1;0;NULL;CUSCO;CHUMBIVILCAS;SANTO TOMAS;RURAL;CARRETERA;DEPARTAMENTAL;CU-119;-14.446861;DESPEJADO;RURAL;TRAMO RECTO;PLANA ;AFIRMADO;NULL;NULL;NULL;NULL;IMPRUDENCIA DEL CONDUCTOR;EXCESO DE VELOCIDAD;CU-119;13/5/2025;-72.075056
A-2025-05-5;25:00.0;DESPISTE;1;0;1;SAN MARTIN;MOYOBAMBA;MOYOBAMBA;URBANA;CARRETERA;DEPARTAMENTAL;SM-100;-6.056878;DESPEJADO;RESIDENCIAL;TRAMO RECTO;PLANA ;ASFALTADA;NULL;NULL;NULL;NULL;IMPRUDENCIA DEL CONDUCTOR;OTRO (IMPRUDENCIA DEL CONDUCTOR);Carretera Moyobamba - San Martín;16/5/2025;-76.972639
A-2025-05-34;20:00.0;CHOQUE;1;0;NULL;AREQUIPA;CAMANA;NICOLAS DE PIEROLA;RURAL;CARRETERA;PROVINCIAL;AR-548;-16.52261;DESPEJADO;RURAL;TRAMO RECTO;PLANA ;TROCHA;NULL;NULL;NULL;NULL;EN PROCESO DE INVESTIGACIÓN;NO CUENTA CON CAUSA ESPECIFICA;AR-549;16/5/2025;-72.64418
A-2025-05-13;40:00.0;ATROPELLO FUGA;1;0;NULL;AREQUIPA;CAYLLOMA;MAJES;RURAL;CARRETERA;DEPARTAMENTAL;AR-108;-16.302738;DESPEJADO;RURAL;TRAMO RECTO;PLANA ;TROCHA;NULL;NULL;NULL;NULL;EN PROCESO DE INVESTIGACIÓN;NO CUENTA CON CAUSA ESPECIFICA;E3;16/5/2025;-72.205849
A-2025-05-15;30:00.0;ATROPELLO;1;0;NULL;AREQUIPA;AREQUIPA;MIRAFLORES;URBANA;AVENIDA;URBANO;NO CORRESPONDE;-16.390425;SOLEADO;RESIDENCIAL;TRAMO RECTO;INCLINADA;ASFALTADA;SI;PREVENTIVA (P);NULL;SI;EN PROCESO DE INVESTIGACIÓN;NO CUENTA CON CAUSA ESPECIFICA;Avenida Goyeneche;17/5/2025;-71.516481
A-2025-05-20;00:00.0;DESPISTE;1;5;1;AYACUCHO;CANGALLO;CANGALLO;RURAL;CARRETERA;PROVINCIAL;AY-990;-13.615957;DESPEJADO;RURAL;TRAMO RECTO;INCLINADA;AFIRMADO;NULL;NULL;NULL;NULL;IMPRUDENCIA DEL CONDUCTOR;FATIGA Y/O CANSANCIO;AY-990;17/5/2025;-74.140889
A-2025-05-7;30:00.0;CHOQUE;1;2;NULL;APURIMAC;ANDAHUAYLAS;JOSE MARIA ARGUEDAS;URBANA;CARRETERA;SIN CLASIFICAR;SIN CLASIFICAR;-13.812534;NULL;NULL;NULL;NULL;NULL;NULL;NULL;NULL;NULL;EN PROCESO DE INVESTIGACIÓN;NO CUENTA CON CAUSA ESPECIFICA;José María Arguedas;17/5/2025;-73.331787
A-2025-05-26;23:00.0;ATROPELLO;1;0;1;CUSCO;URUBAMBA;HUAYLLABAMBA;RURAL;CARRETERA;NACIONAL;PE-28B;-13.327554;DESPEJADO;RURAL;TRAMO RECTO;PLANA ;ASFALTADA;NULL;NULL;NULL;NULL;IMPRUDENCIA DEL CONDUCTOR;EXCESO DE VELOCIDAD;PE-28B;18/5/2025;-72.045274
A-2025-05-19;00:00.0;CHOQUE;2;1;2;AYACUCHO;CANGALLO;LOS MOROCHUCOS;RURAL;CARRETERA;NACIONAL;PE-32A;-13.550614;DESPEJADO;RURAL;TRAMO RECTO;INCLINADA;ASFALTADA;NULL;NULL;NULL;NULL;IMPRUDENCIA DEL CONDUCTOR;CONDUCIR EN ESTADO DE EBRIEDAD Y/O DROGADICCIÓN;PE-32A;18/5/2025;-74.18165
A-2025-05-27;00:00.0;DESPISTE;1;0;NULL;CUSCO;URUBAMBA;OLLANTAYTAMBO;RURAL;CARRETERA;NACIONAL;PE-28B;-13.242385;DESPEJADO;RURAL;CURVA;PLANA ;AFIRMADO;NULL;NULL;NULL;NULL;IMPRUDENCIA DEL CONDUCTOR;CONDUCIR EN ESTADO DE EBRIEDAD Y/O DROGADICCIÓN;PE-28B;18/5/2025;-72.293803
A-2025-05-6;20:00.0;DESPISTE;1;0;1;SAN MARTIN;RIOJA;NUEVA CAJAMARCA;RURAL;SIN CLASIFICAR;SIN CLASIFICAR;SIN CLASIFICAR;-5.938629;DESPEJADO;RURAL;CURVA;PLANA ;ASFALTADA;NULL;NULL;NULL;NULL;EN PROCESO DE INVESTIGACIÓN;NO CUENTA CON CAUSA ESPECIFICA;Nueva Cajamarca;18/5/2025;-77.300632
A-2025-05-23;10:00.0;ATROPELLO;1;0;1;CUSCO;CALCA;CALCA;URBANA;CARRETERA;NACIONAL;PE-28B;-13.324225;DESPEJADO;COMERCIAL;TRAMO RECTO;PLANA ;ASFALTADA;NULL;NULL;NULL;NULL;IMPRUDENCIA DEL PEATÓN;CRUCE INDEBIDO POR LA CALZADA;Carretera hacia huchuycosco;18/5/2025;-71.955884
A-2025-05-17;58:00.0;VOLCADURA;1;0;1;CAJAMARCA;SAN IGNACIO;CHIRINOS;RURAL;CARRETERA;NACIONAL;PE-5N;-5.255974;DESPEJADO;RURAL;CURVA;INCLINADA;ASFALTADA;NULL;NULL;NULL;NULL;EN PROCESO DE INVESTIGACIÓN;NO CUENTA CON CAUSA ESPECIFICA;PE-5N;20/5/2025;-78.823854
A-2025-05-30;12:00.0;DESPISTE;1;0;1;CUSCO;CANCHIS;MARANGANI;RURAL;CARRETERA;NACIONAL;PE-3S;-14.407863;DESPEJADO;RURAL;CURVA;PLANA ;ASFALTADA;NULL;NULL;NULL;NULL;IMPRUDENCIA DEL CONDUCTOR;CONDUCIR EN ESTADO DE EBRIEDAD Y/O DROGADICCIÓN;Carretera Longitudinal de la Sierra Sur;20/5/2025;-71.132033
A-2025-05-16;20:00.0;DESPISTE;1;0;1;CAJAMARCA;CAJAMARCA;ENCAÑADA;RURAL;CARRETERA;NACIONAL;PE-1NB;-6.997698;DESPEJADO;RURAL;TRAMO RECTO;INCLINADA;AFIRMADO;NULL;NULL;NULL;NULL;EN PROCESO DE INVESTIGACIÓN;NO CUENTA CON CAUSA ESPECIFICA;Encañada;20/5/2025;-78.34717
A-2025-05-14;30:00.0;CHOQUE;1;0;NULL;ANCASH;YUNGAY;YUNGAY;URBANA;CARRETERA;NACIONAL;PE-3N;-9.142104;NULL;NULL;NULL;NULL;NULL;NULL;NULL;NULL;NULL;EN PROCESO DE INVESTIGACIÓN;NO CUENTA CON CAUSA ESPECIFICA;Carretera Longitudinal de la Sierra Norte;23/5/2025;-77.746093
A-2025-05-36;20:00.0;ATROPELLO;1;0;NULL;CAJAMARCA;CELENDIN;SUCRE;RURAL;CARRETERA;NACIONAL;PE-08B;-7.026276;DESPEJADO;RURAL;TRAMO RECTO;PLANA ;ASFALTADA;SI;INFORMATIVA (I);NULL;NO;IMPRUDENCIA DEL PEATÓN;CRUCE INDEBIDO POR LA CALZADA;PE-08B;24/5/2025;-78.211091
A-2025-05-35;00:00.0;DESPISTE;1;0;NULL;CAJAMARCA;CUTERVO;QUEROCOTILLO;RURAL;CARRETERA;PROVINCIAL;CA-825;-6.278328;DESPEJADO;RURAL;TRAMO RECTO;PLANA ;ASFALTADA;NULL;NULL;NULL;NULL;IMPRUDENCIA DEL CONDUCTOR;EXCESO DE VELOCIDAD;CA-825;25/5/2025;-79.018848
A-2025-05-10;00:00.0;CHOQUE;1;0;2;SAN MARTIN;MOYOBAMBA;JEPELACIO;URBANA;CARRETERA;NACIONAL;PE-5N;-6.173029;DESPEJADO;RURAL;TRAMO RECTO;PLANA ;ASFALTADA;NULL;NULL;NULL;NULL;IMPRUDENCIA DEL CONDUCTOR;OTRO (IMPRUDENCIA DEL CONDUCTOR);Carretera Presidente Fernando Belaúnde Terry;25/5/2025;-76.832539
A-2025-05-12;30:00.0;ATROPELLO;1;1;1;SAN MARTIN;RIOJA;NUEVA CAJAMARCA;URBANA;CARRETERA;NACIONAL;PE-5N;-5.814956;DESPEJADO;COMERCIAL;TRAMO RECTO;PLANA ;ASFALTADA;SI;PREVENTIVA (P);PREVENTIVA (P);NO;IMPRUDENCIA DEL CONDUCTOR;EXCESO DE VELOCIDAD;El Valle;26/5/2025;-77.38707
A-2025-05-33;00:00.0;DESPISTE;1;0;NULL;CUSCO;LA CONVENCION;QUELLOUNO;RURAL;CARRETERA;DEPARTAMENTAL;CU-105;-12.616003;DESPEJADO;RURAL;TRAMO RECTO;PLANA ;AFIRMADO;NULL;NULL;NULL;NULL;IMPRUDENCIA DEL CONDUCTOR;FATIGA Y/O CANSANCIO;CU-105;27/5/2025;-72.423874
A-2025-05-32;09:00.0;DESPISTE;1;0;1;CUSCO;CHUMBIVILCAS;SANTO TOMAS;RURAL;CARRETERA;NACIONAL;PE-3SG;-14.474858;DESPEJADO;RURAL;CURVA;PLANA ;AFIRMADO;NULL;NULL;NULL;NULL;IMPRUDENCIA DEL CONDUCTOR;EXCESO DE VELOCIDAD;PE-3SG;29/5/2025;-72.098543
A-2025-05-31;30:00.0;ATROPELLO;1;0;1;CUSCO;ACOMAYO;ACOPIA;RURAL;CARRETERA;PROVINCIAL;CU-1633;-14.08636;DESPEJADO;RURAL;TRAMO RECTO;PLANA ;AFIRMADO;NULL;NULL;NULL;NULL;IMPRUDENCIA DEL CONDUCTOR;FATIGA Y/O CANSANCIO;Acopía;30/5/2025;-71.502842
A-2025-05-37;10:00.0;DESPISTE;1;3;NULL;CAJAMARCA;CHOTA;LAJAS;RURAL;CARRETERA;NACIONAL;PE-3N;-6.556244;DESPEJADO;RURAL;TRAMO RECTO;INCLINADA;AFIRMADO;NULL;NULL;NULL;NULL;IMPRUDENCIA DEL CONDUCTOR;CONDUCIR EN ESTADO DE EBRIEDAD Y/O DROGADICCIÓN;Carretera Longitudinal de la Sierra Norte;30/5/2025;-78.744502
A-2025-05-28;40:00.0;CHOQUE;1;0;NULL;CUSCO;ESPINAR;CONDOROMA;RURAL;CARRETERA;NACIONAL;PE-34J;-15.337316;DESPEJADO;RURAL;CURVA;PLANA ;ASFALTADA;NULL;NULL;NULL;NULL;IMPRUDENCIA DEL CONDUCTOR;EXCESO DE VELOCIDAD;Carretera Oscollo - Condoroma;30/5/2025;-71.119731
A-2025-05-21;55:00.0;CHOQUE;1;1;2;CALLAO;CALLAO;CALLAO;URBANA;AVENIDA;URBANO;NO CORRESPONDE;-12.048612;LLUVIOSO;COMERCIAL;TRAMO RECTO;PLANA ;ASFALTADA;NULL;NULL;NULL;NULL;EN PROCESO DE INVESTIGACIÓN;NO CUENTA CON CAUSA ESPECIFICA;Avenida Argentina;31/5/2025;-77.101052
A-2025-06-14;30:00.0;DESPISTE;1;0;1;ANCASH;YUNGAY;YUNGAY;URBANA;CARRETERA;NACIONAL;PE-3N;-9.155578;DESPEJADO;RURAL;CURVA;PLANA ;ASFALTADA;NULL;NULL;NULL;NULL;EN PROCESO DE INVESTIGACIÓN;NO CUENTA CON CAUSA ESPECIFICA;Carretera Longitudinal de la Sierra Norte;1/6/2025;-77.740174
A-2025-06-70;10:00.0;DESPISTE;1;0;NULL;CAJAMARCA;JAEN;PUCARA;RURAL;CARRETERA;NACIONAL;PE-3N;-6.030447;DESPEJADO;RURAL;CURVA;PLANA ;ASFALTADA;NULL;NULL;NULL;NULL;IMPRUDENCIA DEL CONDUCTOR;OTRO (IMPRUDENCIA DEL CONDUCTOR);Carretera Presidente Fernando Belaúnde Terry;1/6/2025;-79.137365
A-2025-06-64;15:00.0;ATROPELLO;1;0;1;CUSCO;PAUCARTAMBO;PAUCARTAMBO;RURAL;CARRETERA;PROVINCIAL;CU-1016;-13.311488;DESPEJADO;RURAL;TRAMO RECTO;PLANA ;AFIRMADO;NULL;NULL;NULL;NULL;IMPRUDENCIA DEL CONDUCTOR;FATIGA Y/O CANSANCIO;Ccallipata;2/6/2025;-71.593823
A-2025-06-71;20:00.0;CHOQUE;1;3;2;CAJAMARCA;SAN IGNACIO;SAN IGNACIO;RURAL;CARRETERA;NACIONAL;PE-5N;-5.142528;DESPEJADO;RURAL;CURVA;INCLINADA;ASFALTADA;NULL;NULL;NULL;NULL;IMPRUDENCIA DEL CONDUCTOR;EXCESO DE VELOCIDAD;PE-5N;2/6/2025;-79.021396
A-2025-06-61;00:00.0;ATROPELLO FUGA;1;0;NULL;CUSCO;ANTA;ZURITE;RURAL;CARRETERA;NACIONAL;PE-3S;-13.482307;DESPEJADO;RURAL;TRAMO RECTO;PLANA ;ASFALTADA;NULL;NULL;NULL;NULL;IMPRUDENCIA DEL PEATÓN;OTRO (IMPRUDENCIA DEL PEATÓN);Carretera Longitudinal de la Sierra Sur;3/6/2025;-72.262162
A-2025-06-72;33:00.0;DESPISTE;1;0;1;CAJAMARCA;CAJAMARCA;CAJAMARCA;URBANA;CARRETERA;PROVINCIAL;CA-1107;-7.144208;DESPEJADO;INDUSTRIAL;TRAMO RECTO;PLANA ;ASFALTADA;NULL;NULL;NULL;NULL;IMPRUDENCIA DEL CONDUCTOR;EXCESO DE VELOCIDAD;Avenida Hoyos Rubio;3/6/2025;-78.491141
A-2025-06-9;40:00.0;ATROPELLO FUGA;1;0;NULL;AREQUIPA;AREQUIPA;SACHACA;URBANA;CARRETERA;NACIONAL;PE-34C;-16.41294;DESPEJADO;COMERCIAL;TRAMO RECTO;PLANA ;ASFALTADA;NO;NULL;NULL;SI;EN PROCESO DE INVESTIGACIÓN;NO CUENTA CON CAUSA ESPECIFICA;Variante Uchumayo;3/6/2025;-71.554685
A-2025-06-73;00:00.0;DESPISTE;1;1;NULL;CAJAMARCA;JAEN;JAEN;RURAL;CARRETERA;NACIONAL;PE-04C;-5.9233;DESPEJADO;RURAL;TRAMO RECTO;PLANA ;ASFALTADA;NULL;NULL;NULL;NULL;IMPRUDENCIA DEL CONDUCTOR;OTRO (IMPRUDENCIA DEL CONDUCTOR);Carretera Presidente Fernando Belaúnde Terry;4/6/2025;-78.841551
A-2025-06-6;30:00.0;DESPISTE;1;2;1;LIMA;HUARAL;AUCALLAMA;RURAL;CARRETERA;NACIONAL;PE-1N;-11.631788;SOLEADO;RURAL;OTRO;INCLINADA;ASFALTADA;SI;REGULADORA (R);NULL;NO;EN PROCESO DE INVESTIGACIÓN;NO CUENTA CON CAUSA ESPECIFICA;Carretera Panamericana Norte;5/6/2025;-77.20673
A-2025-06-49;30:00.0;ATROPELLO FUGA;1;0;1;CUSCO;CANCHIS;SICUANI;RURAL;CARRETERA;NACIONAL;PE-3S;-14.245083;DESPEJADO;RURAL;TRAMO RECTO;PLANA ;ASFALTADA;NULL;NULL;NULL;NULL;IMPRUDENCIA DEL PEATÓN;CRUCE INDEBIDO POR LA CALZADA;Carretera Longitudinal de la Sierra Sur;5/6/2025;-71.249778
A-2025-06-74;40:00.0;DESPISTE;1;1;1;CAJAMARCA;CHOTA;HUAMBOS;RURAL;CARRETERA;NACIONAL;PE-06A;-6.454806;DESPEJADO;RURAL;CURVA;PLANA ;ASFALTADA;NULL;NULL;NULL;NULL;IMPRUDENCIA DEL CONDUCTOR;OTRO (IMPRUDENCIA DEL CONDUCTOR);PE-06A;6/6/2025;-79.030885