CÓDIGO SINIESTRO;HORA SINIESTRO;CLASE SINIESTRO;CANTIDAD DE FALLECIDOS;CANTIDAD DE LESIONADOS;CANTIDAD DE VEHICULOS DAÑADOS;DEPARTAMENTO;PROVINCIA;DISTRITO;ZONA;TIPO DE VÍA;RED VIAL;COD CARRETERA;COORDENADAS LATITUD;CONDICIÓN CLIMÁTICA;ZONIFICACIÓN;CARACTERÍSTICAS DE VÍA;PERFIL LONGITUDINAL VÍA;SUPERFICIE DE CALZADA;¿EXISTE SEÑAL VERTICAL?;CLASIFICACIÓN DE LA SEÑAL VERTICAL Nº 1;CLASIFICACIÓN DE LA SEÑAL VERTICAL Nº 2;¿EXISTE SEÑAL HORIZONTAL?;CAUSA FACTOR PRINCIPAL;CAUSA ESPECÍFICA;UBICACION;FECHA SINIESTRO;COORDENADAS LONGITUD
A-2025-06-15;30:00.0;DESPISTE;1;0;1;ANCASH;HUARI;MASIN;RURAL;CARRETERA;NACIONAL;PE-14A;-9.389189;DESPEJADO;RURAL;TRAMO RECTO;PLANA ;ASFALTADA;NULL;NULL;NULL;NULL;EN PROCESO DE INVESTIGACIÓN;NO CUENTA CON CAUSA ESPECIFICA;PE-14A;6/6/2025;-77.125757
A-2025-06-10;45:00.0;ATROPELLO;1;0;NULL;AREQUIPA;AREQUIPA;MARIANO MELGAR;URBANA;AVENIDA;URBANO;NO CORRESPONDE;-16.404852;DESPEJADO;RESIDENCIAL;INTERSECCIÓN;PLANA ;ASFALTADA;NO;NULL;NULL;SI;EN PROCESO DE INVESTIGACIÓN;NO CUENTA CON CAUSA ESPECIFICA;Avenida Argentina;6/6/2025;-71.49855
A-2025-06-52;30:00.0;DESPISTE;2;6;1;CUSCO;ESPINAR;OCORURO;RURAL;CARRETERA;NACIONAL;PE-34J;-15.028045;DESPEJADO;RURAL;TRAMO RECTO;PLANA ;ASFALTADA;NULL;NULL;NULL;NULL;IMPRUDENCIA DEL CONDUCTOR;EXCESO DE VELOCIDAD;PE-34J;7/6/2025;-71.144682
A-2025-06-5;54:00.0;ATROPELLO;1;0;1;HUANCAVELICA;ACOBAMBA;PAUCARA;RURAL;CARRETERA;PROVINCIAL;HV-804;-12.732962;DESPEJADO;RURAL;TRAMO RECTO;PLANA ;TROCHA;NULL;NULL;NULL;NULL;EN PROCESO DE INVESTIGACIÓN;NO CUENTA CON CAUSA ESPECIFICA;Jirón Loreto;7/6/2025;-74.664934
A-2025-06-2;45:00.0;CHOQUE;2;0;2;SAN MARTIN;MOYOBAMBA;MOYOBAMBA;URBANA;CARRETERA;NACIONAL;PE-5N;-6.046523;DESPEJADO;RESIDENCIAL;CURVA;INCLINADA;ASFALTADA;SI;PREVENTIVA (P);NULL;NO;IMPRUDENCIA DEL CONDUCTOR;EXCESO DE VELOCIDAD;Carretera Presidente Fernando Belaúnde Terry;8/6/2025;-77.002287
A-2025-06-75;00:00.0;CAÍDA DE PASAJERO;1;0;1;CAJAMARCA;CONTUMAZA;TANTARICA;RURAL;CARRETERA;NACIONAL;PE-08;-7.219227;DESPEJADO;RURAL;CURVA;PLANA ;ASFALTADA;SI;PREVENTIVA (P);NULL;SI;IMPRUDENCIA DEL CONDUCTOR;CONDUCIR EN ESTADO DE EBRIEDAD Y/O DROGADICCIÓN;Carretera Ciudad de Dios - Cajamarca;9/6/2025;-78.912695
A-2025-06-48;34:00.0;ATROPELLO;1;0;1;CUSCO;CUSCO;SAN SEBASTIAN;URBANA;AVENIDA;URBANO;NO CORRESPONDE;-13.536712;DESPEJADO;RESIDENCIAL;TRAMO RECTO;PLANA ;ASFALTADA;NULL;NULL;NULL;NULL;IMPRUDENCIA DEL PEATÓN;CRUCE INDEBIDO POR LA CALZADA;Avenida de la Cultura;11/6/2025;-71.906596
A-2025-06-57;09:00.0;DESPISTE;1;0;NULL;CUSCO;QUISPICANCHI;CCATCA;RURAL;CARRETERA;PROVINCIAL;CU-1034;-13.607863;NUBLADO;RURAL;TRAMO RECTO;PLANA ;AFIRMADO;NULL;NULL;NULL;NULL;IMPRUDENCIA DEL CONDUCTOR;CONDUCIR EN ESTADO DE EBRIEDAD Y/O DROGADICCIÓN;Kcauri;11/6/2025;-71.486455
A-2025-06-62;11:00.0;CHOQUE;3;1;2;CUSCO;ESPINAR;OCORURO;RURAL;CARRETERA;NACIONAL;PE-34J;-15.036943;DESPEJADO;RURAL;CURVA;PLANA ;ASFALTADA;NULL;NULL;NULL;NULL;IMPRUDENCIA DEL CONDUCTOR;EXCESO DE VELOCIDAD;PE-34J;12/6/2025;-71.138333
A-2025-06-44;20:00.0;CAÍDA DE PASAJERO;1;0;2;CUSCO;CHUMBIVILCAS;SANTO TOMAS;RURAL;CARRETERA;DEPARTAMENTAL;CU-119;-14.423584;DESPEJADO;RURAL;TRAMO RECTO;PLANA ;ASFALTADA;NULL;NULL;NULL;NULL;IMPRUDENCIA DEL PASAJERO/OCUPANTE;OTRO (IMPRUDENCIA DEL PASAJERO/OCUPANTE);CU-119;12/6/2025;-72.065955
A-2025-06-54;00:00.0;DESPISTE;1;0;1;CUSCO;CANCHIS;TINTA;RURAL;CARRETERA;NACIONAL;PE-3S;-14.117843;DESPEJADO;RURAL;TRAMO RECTO;PLANA ;ASFALTADA;NULL;NULL;NULL;NULL;IMPRUDENCIA DEL CONDUCTOR;FATIGA Y/O CANSANCIO;Carretera Longitudinal de la Sierra Sur;12/6/2025;-71.415313
A-2025-06-20;00:00.0;ATROPELLO FUGA;1;0;NULL;AREQUIPA;AREQUIPA;CERRO COLORADO;URBANA;CARRETERA;NACIONAL;PE-34A;-16.396187;DESPEJADO;RESIDENCIAL;INTERSECCIÓN;PLANA ;ASFALTADA;NO;NULL;NULL;SI;EN PROCESO DE INVESTIGACIÓN;NO CUENTA CON CAUSA ESPECIFICA;Vía de Evitamiento;13/6/2025;-71.58374
A-2025-06-69;30:00.0;DESPISTE;1;1;NULL;AREQUIPA;CAYLLOMA;SAN ANTONIO DE CHUCA;RURAL;CARRETERA;NACIONAL;PE-34J;-15.67704;SOLEADO;RURAL;TRAMO RECTO;PLANA ;ASFALTADA;SI;INFORMATIVA (I);NULL;SI;EN PROCESO DE INVESTIGACIÓN;NO CUENTA CON CAUSA ESPECIFICA;Carretera Imata - Morocaque;13/6/2025;-71.05146
A-2025-06-56;50:00.0;ATROPELLO;1;0;NULL;CUSCO;CUSCO;SAN SEBASTIAN;URBANA;CALLE;URBANO;NO CORRESPONDE;-13.529502;DESPEJADO;RESIDENCIAL;TRAMO RECTO;PLANA ;CONCRETO;NULL;NULL;NULL;NULL;IMPRUDENCIA DEL PEATÓN;ESTADO DE EBRIEDAD Y/O DROGADICCIÓN;Avenida Bolívar;13/6/2025;-71.936114
A-2025-06-47;15:00.0;VOLCADURA;1;0;1;CUSCO;CUSCO;SAN SEBASTIAN;URBANA;AVENIDA;URBANO;NO CORRESPONDE;-13.54152;DESPEJADO;INDUSTRIAL;CURVA;PLANA ;ASFALTADA;NULL;NULL;NULL;NULL;IMPRUDENCIA DEL CONDUCTOR;CONDUCIR EN ESTADO DE EBRIEDAD Y/O DROGADICCIÓN;Vía de Evitamiento;15/6/2025;-71.915394
A-2025-06-65;15:00.0;CHOQUE;1;0;2;CUSCO;PARURO;PACCARITAMBO;RURAL;CARRETERA;DEPARTAMENTAL;CU-119B;-13.769763;DESPEJADO;RURAL;CURVA;PLANA ;AFIRMADO;NULL;NULL;NULL;NULL;IMPRUDENCIA DEL CONDUCTOR;EXCESO DE VELOCIDAD;CU-119;15/6/2025;-71.94924
A-2025-06-7;30:00.0;ATROPELLO FUGA;1;0;NULL;LIMA;HUARAL;CHANCAY;RURAL;CARRETERA;NACIONAL;PE-1N;-11.485724;DESPEJADO;RURAL;TRAMO RECTO;PLANA ;ASFALTADA;NULL;NULL;NULL;NULL;EN PROCESO DE INVESTIGACIÓN;NO CUENTA CON CAUSA ESPECIFICA;Carretera Panamericana Norte;15/6/2025;-77.30584
A-2025-06-3;00:00.0;CHOQUE;1;0;2;SAN MARTIN;RIOJA;RIOJA;RURAL;CARRETERA;NACIONAL;PE-5N;-6.033405;DESPEJADO;RURAL;TRAMO RECTO;PLANA ;ASFALTADA;NULL;NULL;NULL;NULL;IMPRUDENCIA DEL CONDUCTOR;OTRO (IMPRUDENCIA DEL CONDUCTOR);Carretera Presidente Fernando Belaúnde Terry;16/6/2025;-77.203167
A-2025-06-46;00:00.0;DESPISTE;4;0;NULL;CUSCO;URUBAMBA;OLLANTAYTAMBO;RURAL;CARRETERA;NACIONAL;PE-28B;-13.135677;NUBLADO;RURAL;CURVA;PLANA ;ASFALTADA;NULL;NULL;NULL;NULL;IMPRUDENCIA DEL CONDUCTOR;EXCESO DE VELOCIDAD;PE-28B;16/6/2025;-72.288038
A-2025-06-76;10:00.0;CHOQUE;1;1;5;CAJAMARCA;CAJAMARCA;LOS BAÑOS DEL INCA;URBANA;CARRETERA;PROVINCIAL;CA-1495;-7.17154;DESPEJADO;COMERCIAL;TRAMO RECTO;INCLINADA;CONCRETO;NULL;NULL;NULL;NULL;IMPRUDENCIA DEL CONDUCTOR;CONDUCIR EN ESTADO DE EBRIEDAD Y/O DROGADICCIÓN;Prolongación Jirón Yahuarhuaca;16/6/2025;-78.450072
A-2025-06-8;10:00.0;DESPISTE;4;0;1;HUANCAVELICA;HUANCAVELICA;HUANCAVELICA;RURAL;CARRETERA;PROVINCIAL;HV-903;-12.816964;DESPEJADO;RURAL;TRAMO RECTO;PLANA ;AFIRMADO;NULL;NULL;NULL;NULL;EN PROCESO DE INVESTIGACIÓN;NO CUENTA CON CAUSA ESPECIFICA;Pueblo Libre;16/6/2025;-74.954841
A-2025-06-50;45:00.0;DESPISTE;1;0;1;CUSCO;PAUCARTAMBO;PAUCARTAMBO;RURAL;CARRETERA;DEPARTAMENTAL;CU-113;-13.33082;DESPEJADO;RURAL;CURVA;INCLINADA;ASFALTADA;NO;NULL;NULL;SI;IMPRUDENCIA DEL CONDUCTOR;EXCESO DE VELOCIDAD;CU-113;17/6/2025;-71.591043
A-2025-06-43;30:00.0;CHOQUE;1;1;1;CUSCO;PAUCARTAMBO;KOSÑIPATA;RURAL;CARRETERA;DEPARTAMENTAL;CU-113;-12.948258;DESPEJADO;RURAL;CURVA;PLANA ;ASFALTADA;NULL;NULL;NULL;NULL;IMPRUDENCIA DEL CONDUCTOR;INVASIÓN DE CARRIL;Carretera Manu;18/6/2025;-71.414833
A-2025-06-53;00:00.0;FERROVIARIO;1;0;NULL;CUSCO;CUSCO;CUSCO;URBANA;FERREO;URBANO;NO CORRESPONDE;-13.512562;DESPEJADO;COMERCIAL;CURVA;INCLINADA;CASCAJO/RIPIO;NULL;NULL;NULL;NULL;IMPRUDENCIA DEL PEATÓN;ESTADO DE EBRIEDAD Y/O DROGADICCIÓN;Carretera Longitudinal de la Sierra Sur;18/6/2025;-71.991666
A-2025-06-16;10:00.0;CHOQUE;1;0;2;SAN MARTIN;MOYOBAMBA;MOYOBAMBA;URBANA;JIRÓN;URBANO;NO CORRESPONDE;-6.034637;DESPEJADO;COMERCIAL;INTERSECCIÓN;PLANA ;ASFALTADA;NULL;NULL;NULL;NULL;EN PROCESO DE INVESTIGACIÓN;NO CUENTA CON CAUSA ESPECIFICA;Jirón Reyes Guerra;20/6/2025;-76.972771
A-2025-06-17;25:00.0;CHOQUE FUGA;1;0;2;SAN MARTIN;RIOJA;AWAJUN;RURAL;CARRETERA;NACIONAL;PE-5N;-5.795907;DESPEJADO;RURAL;TRAMO RECTO;PLANA ;ASFALTADA;NULL;NULL;NULL;NULL;EN PROCESO DE INVESTIGACIÓN;NO CUENTA CON CAUSA ESPECIFICA;Carretera Presidente Fernando Belaúnde Terry;21/6/2025;-77.410965
A-2025-06-25;30:00.0;ATROPELLO FUGA;1;0;NULL;ANCASH;ASUNCION;CHACAS;URBANA;CARRETERA;SIN CLASIFICAR;SIN CLASIFICAR;-9.175769;DESPEJADO;RURAL;INTERSECCIÓN;PLANA ;ASFALTADA;NULL;NULL;NULL;NULL;EN PROCESO DE INVESTIGACIÓN;NO CUENTA CON CAUSA ESPECIFICA;AN 647 - Carretera Chacas-Cochas;21/6/2025;-77.36494
A-2025-06-21;30:00.0;DESPISTE;1;0;NULL;AREQUIPA;AREQUIPA;CERRO COLORADO;URBANA;CARRETERA;NACIONAL;PE-34A;-16.402334;DESPEJADO;INDUSTRIAL;CURVA;PLANA ;ASFALTADA;NULL;NULL;NULL;NULL;EN PROCESO DE INVESTIGACIÓN;NO CUENTA CON CAUSA ESPECIFICA;Vía de Evitamiento;22/6/2025;-71.584648
A-2025-06-77;00:00.0;DESPISTE;2;10;1;CAJAMARCA;CUTERVO;CALLAYUC;RURAL;CARRETERA;PROVINCIAL;CA-822;-6.118831;DESPEJADO;RURAL;CURVA;PLANA ;AFIRMADO;NULL;NULL;NULL;NULL;IMPRUDENCIA DEL CONDUCTOR;EXCESO DE VELOCIDAD;CA-822;22/6/2025;-78.951358
A-2025-06-55;15:00.0;ATROPELLO;1;0;1;CUSCO;LA CONVENCION;MARANURA;RURAL;CALLE;URBANO;NO CORRESPONDE;-12.961829;DESPEJADO;RURAL;TRAMO RECTO;PLANA ;ASFALTADA;NULL;NULL;NULL;NULL;IMPRUDENCIA DEL CONDUCTOR;EXCESO DE VELOCIDAD;Maranura;23/6/2025;-72.664482
A-2025-06-26;20:00.0;ATROPELLO FUGA;1;0;NULL;ANCASH;YUNGAY;SHUPLUY;RURAL;CARRETERA;NACIONAL;PE-3N;-9.211785;DESPEJADO;RURAL;INTERSECCIÓN;PLANA ;ASFALTADA;NULL;NULL;NULL;NULL;EN PROCESO DE INVESTIGACIÓN;NO CUENTA CON CAUSA ESPECIFICA;Carretera Longitudinal de la Sierra Norte;24/6/2025;-77.689969
A-2025-06-18;00:00.0;CHOQUE;1;0;2;SAN MARTIN;RIOJA;RIOJA;URBANA;CARRETERA;NACIONAL;PE-5N;-6.053093;DESPEJADO;RESIDENCIAL;CURVA;PLANA ;ASFALTADA;NULL;NULL;NULL;NULL;IMPRUDENCIA DEL CONDUCTOR;EXCESO DE VELOCIDAD;Carretera Presidente Fernando Belaúnde Terry;25/6/2025;-77.156917
A-2025-06-42;45:00.0;DESPISTE;1;0;1;AYACUCHO;VILCAS HUAMAN;INDEPENDENCIA;RURAL;CARRETERA;SIN CLASIFICAR;SIN CLASIFICAR;-13.870951;DESPEJADO;RURAL;CURVA;PLANA ;TROCHA;NULL;NULL;NULL;NULL;IMPRUDENCIA DEL CONDUCTOR;OTRO (IMPRUDENCIA DEL CONDUCTOR);Quihuas;25/6/2025;-73.817526
A-2025-06-13;15:00.0;CHOQUE FUGA;1;0;1;TUMBES;ZARUMILLA;AGUAS VERDES;RURAL;CARRETERA;NACIONAL;PE-1NO;-3.482889;DESPEJADO;RURAL;TRAMO RECTO;PLANA ;ASFALTADA;NULL;NULL;NULL;NULL;IMPRUDENCIA DEL CONDUCTOR;OTRO (IMPRUDENCIA DEL CONDUCTOR);Carretera Panamericana Norte;25/6/2025;-80.253995
A-2025-06-58;10:00.0;CHOQUE;1;0;2;CUSCO;CALCA;CALCA;RURAL;CARRETERA;NACIONAL;PE-28B;-13.3116;DESPEJADO;RURAL;TRAMO RECTO;PLANA ;ASFALTADA;NULL;NULL;NULL;NULL;IMPRUDENCIA DEL CONDUCTOR;EXCESO DE VELOCIDAD;PE-28B;26/6/2025;-71.997908
A-2025-06-22;20:00.0;ATROPELLO FUGA;1;0;NULL;AREQUIPA;AREQUIPA;YANAHUARA;URBANA;CALLE;URBANO;NO CORRESPONDE;-16.402588;DESPEJADO;RESIDENCIAL;OTRO;PLANA ;TROCHA;NO;NULL;NULL;SI;EN PROCESO DE INVESTIGACIÓN;NO CUENTA CON CAUSA ESPECIFICA;Avenida José Antonio Taboada;26/6/2025;-71.559784
A-2025-06-11;00:00.0;ATROPELLO FUGA;1;0;1;LIMA;HUARAL;AUCALLAMA;RURAL;CARRETERA;NACIONAL;PE-1N;-11.610919;DESPEJADO;RURAL;TRAMO RECTO;PLANA ;ASFALTADA;NULL;NULL;NULL;NULL;EN PROCESO DE INVESTIGACIÓN;NO CUENTA CON CAUSA ESPECIFICA;Carretera Panamericana Norte;27/6/2025;-77.224728
A-2025-06-78;20:00.0;DESPISTE;1;0;1;CAJAMARCA;CELENDIN;CELENDIN;URBANA;CARRETERA;PROVINCIAL;CA-997;-6.853078;DESPEJADO;COMERCIAL;CURVA;PLANA ;AFIRMADO;NULL;NULL;NULL;NULL;IMPRUDENCIA DEL CONDUCTOR;CONDUCIR EN ESTADO DE EBRIEDAD Y/O DROGADICCIÓN;Celendín;27/6/2025;-78.14093
A-2025-06-12;30:00.0;ATROPELLO FUGA;1;0;1;LIMA;HUARAL;CHANCAY;RURAL;CARRETERA;NACIONAL;PE-1N;-11.55938;DESPEJADO;RURAL;TRAMO RECTO;PLANA ;ASFALTADA;NULL;NULL;NULL;NULL;EN PROCESO DE INVESTIGACIÓN;NO CUENTA CON CAUSA ESPECIFICA;Carretera Panamericana Norte;28/6/2025;-77.266452
A-2025-06-19;30:00.0;ATROPELLO;2;1;1;SAN MARTIN;RIOJA;RIOJA;RURAL;CARRETERA;NACIONAL;PE-5N;-6.035876;DESPEJADO;RURAL;TRAMO RECTO;PLANA ;ASFALTADA;NULL;NULL;NULL;NULL;EN PROCESO DE INVESTIGACIÓN;NO CUENTA CON CAUSA ESPECIFICA;Carretera Presidente Fernando Belaúnde Terry;28/6/2025;-77.198682
A-2025-06-59;00:00.0;DESPISTE;1;0;NULL;CUSCO;CANCHIS;SICUANI;RURAL;CARRETERA;NACIONAL;PE-3S;-14.225207;DESPEJADO;RURAL;TRAMO RECTO;PLANA ;ASFALTADA;NULL;NULL;NULL;NULL;IMPRUDENCIA DEL CONDUCTOR;CONDUCIR EN ESTADO DE EBRIEDAD Y/O DROGADICCIÓN;Carretera Longitudinal de la Sierra Sur;29/6/2025;-71.283559
A-2025-06-23;30:00.0;CHOQUE;2;2;NULL;AREQUIPA;AREQUIPA;YURA;RURAL;CARRETERA;NACIONAL;PE-34A;-16.271093;DESPEJADO;RURAL;TRAMO RECTO;PLANA ;ASFALTADA;NO;NULL;NULL;SI;EN PROCESO DE INVESTIGACIÓN;NO CUENTA CON CAUSA ESPECIFICA;Vía Interoceánica Sur - Tramo 5;29/6/2025;-71.667534
A-2025-06-27;45:00.0;CHOQUE;1;0;2;ANCASH;HUAYLAS;CARAZ;RURAL;CARRETERA;NACIONAL;PE-3N;-9.054062;DESPEJADO;RURAL;TRAMO RECTO;PLANA ;ASFALTADA;NULL;NULL;NULL;NULL;EN PROCESO DE INVESTIGACIÓN;NO CUENTA CON CAUSA ESPECIFICA;Carretera Longitudinal de la Sierra Norte;29/6/2025;-77.802346
A-2025-06-24;00:00.0;CHOQUE;1;0;NULL;AREQUIPA;AREQUIPA;LA JOYA;RURAL;CARRETERA;NACIONAL;PE-34A;-16.525412;DESPEJADO;RURAL;INTERSECCIÓN;PLANA ;ASFALTADA;NO;NULL;NULL;SI;EN PROCESO DE INVESTIGACIÓN;NO CUENTA CON CAUSA ESPECIFICA;Carretera Interoceánica Sur;30/6/2025;-71.749638
A-2025-06-28;50:00.0;CHOQUE;1;2;NULL;CUSCO;ESPINAR;OCORURO;RURAL;CARRETERA;NACIONAL;PE-34J;-15.023934;DESPEJADO;RURAL;TRAMO RECTO;PLANA ;ASFALTADA;NULL;NULL;NULL;NULL;IMPRUDENCIA DEL CONDUCTOR;EXCESO DE VELOCIDAD;PE-34J;30/6/2025;-71.147742
A-2025-07-1;00:00.0;CHOQUE FUGA;1;0;2;LIMA;HUARAL;CHANCAY;RURAL;CARRETERA;NACIONAL;PE-1N;-11.529675;DESPEJADO;RURAL;TRAMO RECTO;PLANA ;ASFALTADA;NULL;NULL;NULL;NULL;EN PROCESO DE INVESTIGACIÓN;NO CUENTA CON CAUSA ESPECIFICA;Carretera Panamericana Norte;1/7/2025;-77.287045
A-2025-07-61;31:00.0;ESPECIAL;1;0;NULL;CUSCO;CHUMBIVILCAS;CHAMACA;RURAL;CARRETERA;SIN CLASIFICAR;NO CORRESPONDE;-14.417743;DESPEJADO;RURAL;TRAMO RECTO;PLANA ;AFIRMADO;NULL;NULL;NULL;NULL;IMPRUDENCIA DEL CONDUCTOR;FATIGA Y/O CANSANCIO;Chamaca;1/7/2025;-71.935251
A-2025-07-67;00:00.0;CHOQUE;1;1;2;CAJAMARCA;CAJAMARCA;NAMORA;RURAL;CARRETERA;NACIONAL;PE-3N;-7.209202;DESPEJADO;RURAL;TRAMO RECTO;PLANA ;ASFALTADA;NULL;NULL;NULL;NULL;IMPRUDENCIA DEL CONDUCTOR;EXCESO DE VELOCIDAD;Carretera Longitudinal de la Sierra Norte;1/7/2025;-78.309549
A-2025-07-8;00:00.0;ATROPELLO FUGA;1;0;1;TUMBES;TUMBES;TUMBES;RURAL;CARRETERA;DEPARTAMENTAL;TU-103;-3.513088;DESPEJADO;RURAL;TRAMO RECTO;PLANA ;ASFALTADA;NULL;NULL;NULL;NULL;IMPRUDENCIA DEL PEATÓN;ESTADO DE EBRIEDAD Y/O DROGADICCIÓN;TU-103;1/7/2025;-80.386711
A-2025-07-68;15:00.0;CAÍDA DE PASAJERO;1;0;1;CAJAMARCA;HUALGAYOC;HUALGAYOC;RURAL;CARRETERA;NACIONAL;PE-3N;-6.760404;DESPEJADO;RURAL;TRAMO RECTO;INCLINADA;ASFALTADA;NULL;NULL;NULL;NULL;IMPRUDENCIA DEL PASAJERO/OCUPANTE;OTRO (IMPRUDENCIA DEL PASAJERO/OCUPANTE);CA-1168;2/7/2025;-78.596958
A-2025-07-71;00:00.0;CHOQUE;1;1;2;CAJAMARCA;SAN IGNACIO;CHIRINOS;RURAL;CARRETERA;PROVINCIAL;CA-611;-5.293416;DESPEJADO;RURAL;CURVA;PLANA ;CASCAJO/RIPIO;NULL;NULL;NULL;NULL;IMPRUDENCIA DEL CONDUCTOR;EXCESO DE VELOCIDAD;Cordillera Andina;2/7/2025;-78.902531
A-2025-07-2;10:00.0;CHOQUE;1;6;NULL;AREQUIPA;AREQUIPA;LA JOYA;RURAL;CARRETERA;NACIONAL;PE-34A;-16.52622;DESPEJADO;RURAL;TRAMO RECTO;PLANA ;ASFALTADA;SI;PREVENTIVA (P);REGULADORA (R);SI;EN PROCESO DE INVESTIGACIÓN;NO CUENTA CON CAUSA ESPECIFICA;Carretera Interoceánica Sur;2/7/2025;-71.749997
A-2025-07-69;50:00.0;ATROPELLO;1;0;1;CAJAMARCA;CAJAMARCA;CAJAMARCA;URBANA;JIRÓN;URBANO;NO CORRESPONDE;-7.171495;DESPEJADO;RESIDENCIAL;TRAMO RECTO;PLANA ;ASFALTADA;NULL;NULL;NULL;NULL;IMPRUDENCIA DEL PEATÓN;CRUCE INDEBIDO POR LA CALZADA;Jirón Luis Reyna Farge;4/7/2025;-78.504615
A-2025-07-46;00:00.0;DESPISTE;1;1;1;AYACUCHO;CANGALLO;CANGALLO;RURAL;CARRETERA;PROVINCIAL;AY-995;-13.638071;SOLEADO;RURAL;CURVA;INCLINADA;AFIRMADO;NULL;NULL;NULL;NULL;IMPRUDENCIA DEL CONDUCTOR;CONDUCIR EN ESTADO DE EBRIEDAD Y/O DROGADICCIÓN;Umaro;5/7/2025;-74.127434
A-2025-07-56;40:00.0;CHOQUE;1;0;NULL;AREQUIPA;CARAVELI;CHAPARRA;RURAL;CARRETERA;NACIONAL;PE-32;-15.756719;DESPEJADO;RURAL;TRAMO RECTO;PLANA ;ASFALTADA;NULL;NULL;NULL;NULL;EN PROCESO DE INVESTIGACIÓN;NO CUENTA CON CAUSA ESPECIFICA;Carretera a Chala Viejo;6/7/2025;-73.904936
A-2025-07-6;30:00.0;CHOQUE;1;1;2;SAN MARTIN;RIOJA;ELIAS SOPLIN VARGAS;RURAL;CARRETERA;NACIONAL;PE-5N;-5.98235;DESPEJADO;RURAL;TRAMO RECTO;PLANA ;ASFALTADA;NULL;NULL;NULL;NULL;IMPRUDENCIA DEL CONDUCTOR;OTRO (IMPRUDENCIA DEL CONDUCTOR);Carretera Presidente Fernando Belaúnde Terry;8/7/2025;-77.286892
A-2025-07-65;30:00.0;CHOQUE;1;0;2;CUSCO;CHUMBIVILCAS;SANTO TOMAS;RURAL;CARRETERA;PROVINCIAL;CU-1876;-14.659167;DESPEJADO;RURAL;TRAMO RECTO;PLANA ;ASFALTADA;NULL;NULL;NULL;NULL;IMPRUDENCIA DEL CONDUCTOR;EXCESO DE VELOCIDAD;CU-1876;9/7/2025;-72.021631
A-2025-07-15;20:00.0;CHOQUE;1;0;2;SAN MARTIN;MOYOBAMBA;MOYOBAMBA;URBANA;CARRETERA;NACIONAL;PE-5N;-6.04195;DESPEJADO;COMERCIAL;CURVA;INCLINADA;ASFALTADA;NULL;NULL;NULL;NULL;EN PROCESO DE INVESTIGACIÓN;NO CUENTA CON CAUSA ESPECIFICA;Carretera Presidente Fernando Belaúnde Terry;10/7/2025;-76.96433
A-2025-07-51;00:00.0;DESPISTE;2;0;1;AYACUCHO;VICTOR FAJARDO;CAYARA;RURAL;CARRETERA;NACIONAL;PE-32A;-13.783266;DESPEJADO;RURAL;TRAMO RECTO;PLANA ;TROCHA;NULL;NULL;NULL;NULL;IMPRUDENCIA DEL CONDUCTOR;CONDUCIR EN ESTADO DE EBRIEDAD Y/O DROGADICCIÓN;PE-32A;10/7/2025;-74.006325
A-2025-07-54;30:00.0;CHOQUE;1;0;2;CUSCO;QUISPICANCHI;CUSIPATA;RURAL;CARRETERA;NACIONAL;PE-3S;-13.905138;DESPEJADO;RURAL;TRAMO RECTO;PLANA ;ASFALTADA;NULL;NULL;NULL;NULL;IMPRUDENCIA DEL CONDUCTOR;FATIGA Y/O CANSANCIO;Carretera Longitudinal de la Sierra Sur;12/7/2025;-71.499322
A-2025-07-70;30:00.0;DESPISTE;1;1;3;CAJAMARCA;CAJAMARCA;CAJAMARCA;URBANA;AVENIDA;URBANO;NO CORRESPONDE;-7.17375;DESPEJADO;COMERCIAL;TRAMO RECTO;PLANA ;ASFALTADA;NULL;NULL;NULL;NULL;IMPRUDENCIA DEL CONDUCTOR;ADELANTAR INDEBIDAMENTE;Jirón La Historia;12/7/2025;-78.504243
A-2025-07-7;25:00.0;DESPISTE;1;0;1;SAN MARTIN;RIOJA;RIOJA;URBANA;CARRETERA;NACIONAL;PE-5N;-6.009613;DESPEJADO;RESIDENCIAL;TRAMO RECTO;PLANA ;ASFALTADA;NULL;NULL;NULL;NULL;EN PROCESO DE INVESTIGACIÓN;NO CUENTA CON CAUSA ESPECIFICA;Carretera Presidente Fernando Belaúnde Terry;12/7/2025;-77.246935
A-2025-07-57;00:00.0;ATROPELLO;1;0;1;CUSCO;CANCHIS;SICUANI;RURAL;CARRETERA;NACIONAL;PE-3S;-14.225777;DESPEJADO;RURAL;TRAMO RECTO;PLANA ;ASFALTADA;NULL;NULL;NULL;NULL;IMPRUDENCIA DEL PEATÓN;CRUCE INDEBIDO POR LA CALZADA;Carretera Longitudinal de la Sierra Sur;12/7/2025;-71.282813
A-2025-07-58;31:00.0;ATROPELLO;1;0;NULL;CUSCO;CANCHIS;SICUANI;RURAL;CARRETERA;NACIONAL;PE-3S;-14.244562;DESPEJADO;RURAL;TRAMO RECTO;PLANA ;ASFALTADA;NULL;NULL;NULL;NULL;IMPRUDENCIA DEL CONDUCTOR;EXCESO DE VELOCIDAD;Carretera Longitudinal de la Sierra Sur;13/7/2025;-71.260417
A-2025-07-73;30:00.0;DESPISTE;1;2;1;CAJAMARCA;JAEN;COLASAY;RURAL;CARRETERA;PROVINCIAL;CA-672;-5.97565;DESPEJADO;RURAL;CURVA;INCLINADA;CASCAJO/RIPIO;NULL;NULL;NULL;NULL;IMPRUDENCIA DEL CONDUCTOR;EXCESO DE VELOCIDAD;CA-672;13/7/2025;-79.043222