CÓDIGO SINIESTRO;HORA SINIESTRO;CLASE SINIESTRO;CANTIDAD DE FALLECIDOS;CANTIDAD DE LESIONADOS;CANTIDAD DE VEHICULOS DAÑADOS;DEPARTAMENTO;PROVINCIA;DISTRITO;ZONA;TIPO DE VÍA;RED VIAL;COD CARRETERA;COORDENADAS LATITUD;CONDICIÓN CLIMÁTICA;ZONIFICACIÓN;CARACTERÍSTICAS DE VÍA;PERFIL LONGITUDINAL VÍA;SUPERFICIE DE CALZADA;¿EXISTE SEÑAL VERTICAL?;CLASIFICACIÓN DE LA SEÑAL VERTICAL Nº 1;CLASIFICACIÓN DE LA SEÑAL VERTICAL Nº 2;¿EXISTE SEÑAL HORIZONTAL?;CAUSA FACTOR PRINCIPAL;CAUSA ESPECÍFICA;UBICACION;FECHA SINIESTRO;COORDENADAS LONGITUD
A-2025-07-18;50:00.0;DESPISTE;1;0;1;SAN MARTIN;LAMAS;ALONSO DE ALVARADO;RURAL;CARRETERA;NACIONAL;PE-5N;-6.231853;DESPEJADO;RURAL;TRAMO RECTO;INCLINADA;ASFALTADA;NULL;NULL;NULL;NULL;EN PROCESO DE INVESTIGACIÓN;NO CUENTA CON CAUSA ESPECIFICA;Carretera Presidente Fernando Belaúnde Terry;14/7/2025;-76.807986
A-2025-07-72;50:00.0;CHOQUE;1;0;1;CAJAMARCA;CAJAMARCA;CAJAMARCA;RURAL;CARRETERA;NACIONAL;PE-3N;-7.080033;DESPEJADO;RURAL;TRAMO RECTO;INCLINADA;ASFALTADA;NULL;NULL;NULL;NULL;IMPRUDENCIA DEL CONDUCTOR;EXCESO DE VELOCIDAD;Carretera Longitudinal de la Sierra Norte;14/7/2025;-78.592559
A-2025-07-22;30:00.0;CHOQUE;3;1;NULL;AREQUIPA;AREQUIPA;VITOR;RURAL;CARRETERA;NACIONAL;PE-1S;-16.445773;DESPEJADO;RURAL;TRAMO RECTO;PLANA ;ASFALTADA;SI;PREVENTIVA (P);NULL;SI;EN PROCESO DE INVESTIGACIÓN;NO CUENTA CON CAUSA ESPECIFICA;Carretera Panamericana Sur;15/7/2025;-71.974013
A-2025-07-12;50:00.0;ATROPELLO FUGA;1;0;NULL;AREQUIPA;AREQUIPA;CAYMA;URBANA;CARRETERA;PROVINCIAL;AR-747;-16.389218;DESPEJADO;COMERCIAL;TRAMO RECTO;PLANA ;ASFALTADA;SI;INFORMATIVA (I);NULL;SI;EN PROCESO DE INVESTIGACIÓN;NO CUENTA CON CAUSA ESPECIFICA;Avenida Ejército;16/7/2025;-71.549067
A-2025-07-74;10:00.0;DESPISTE;1;1;1;CAJAMARCA;CAJABAMBA;CONDEBAMBA;RURAL;CARRETERA;PROVINCIAL;CA-1656;-7.583036;DESPEJADO;RURAL;CURVA;INCLINADA;AFIRMADO;NULL;NULL;NULL;NULL;IMPRUDENCIA DEL CONDUCTOR;CONDUCIR EN ESTADO DE EBRIEDAD Y/O DROGADICCIÓN;Cauday;16/7/2025;-78.065661
A-2025-07-23;50:00.0;FERROVIARIO;1;0;NULL;AREQUIPA;AREQUIPA;YURA;RURAL;SIN CLASIFICAR;SIN CLASIFICAR;SIN CLASIFICAR;-16.294903;DESPEJADO;RURAL;TRAMO RECTO;PLANA ;CASCAJO/RIPIO;NULL;NULL;NULL;NULL;EN PROCESO DE INVESTIGACIÓN;NO CUENTA CON CAUSA ESPECIFICA;Vía Interoceánica Sur - Tramo 5;19/7/2025;-71.632503
A-2025-07-4;30:00.0;CHOQUE;1;0;2;HUANCAVELICA;HUANCAVELICA;HUANDO;URBANA;CARRETERA;NACIONAL;PE-26;-12.571454;DESPEJADO;COMERCIAL;TRAMO RECTO;PLANA ;ASFALTADA;NULL;NULL;NULL;NULL;EN PROCESO DE INVESTIGACIÓN;NO CUENTA CON CAUSA ESPECIFICA;PE-26;19/7/2025;-74.953896
A-2025-07-55;30:00.0;ATROPELLO;1;0;1;AYACUCHO;HUAMANGA;AYACUCHO;RURAL;CARRETERA;NACIONAL;PE-28A;-13.184937;DESPEJADO;RURAL;TRAMO RECTO;INCLINADA;ASFALTADA;NULL;NULL;NULL;NULL;IMPRUDENCIA DEL CONDUCTOR;CONDUCIR EN ESTADO DE EBRIEDAD Y/O DROGADICCIÓN;Vía de los Libertadores;20/7/2025;-74.257354
A-2025-07-75;30:00.0;DESPISTE;1;0;1;CAJAMARCA;SAN IGNACIO;SAN IGNACIO;RURAL;CARRETERA;NACIONAL;PE-5N;-5.165646;DESPEJADO;RURAL;TRAMO RECTO;PLANA ;ASFALTADA;SI;PREVENTIVA (P);NULL;SI;IMPRUDENCIA DEL CONDUCTOR;OTRO (IMPRUDENCIA DEL CONDUCTOR);Mariano Melgar;20/7/2025;-78.910036
A-2025-07-76;30:00.0;DESPISTE;1;0;NULL;CAJAMARCA;CHOTA;CHOTA;NULL;CARRETERA;NACIONAL;PE-3N;-6.617741;NULL;NULL;NULL;NULL;NULL;NULL;NULL;NULL;NULL;EN PROCESO DE INVESTIGACIÓN;NO CUENTA CON CAUSA ESPECIFICA;Carretera Longitudinal de la Sierra Norte;20/7/2025;-78.585792
A-2025-07-52;50:00.0;CHOQUE;1;0;2;AYACUCHO;HUANTA;HUANTA;RURAL;CARRETERA;NACIONAL;PE-3S;-12.930705;DESPEJADO;RURAL;CURVA;INCLINADA;ASFALTADA;SI;PREVENTIVA (P);NULL;NO;IMPRUDENCIA DEL CONDUCTOR;INVASIÓN DE CARRIL;Carretera Longitudinal de la Sierra Sur;20/7/2025;-74.262873
A-2025-07-13;30:00.0;DESPISTE;1;0;NULL;AREQUIPA;CAYLLOMA;MAJES;RURAL;CARRETERA;SIN CLASIFICAR;SIN CLASIFICAR;-16.393125;DESPEJADO;RURAL;TRAMO RECTO;PLANA ;ASFALTADA;NULL;NULL;NULL;NULL;EN PROCESO DE INVESTIGACIÓN;NO CUENTA CON CAUSA ESPECIFICA;D2;21/7/2025;-72.224887
A-2025-07-5;30:00.0;CHOQUE FUGA;1;0;1;LIMA;HUARAL;CHANCAY;RURAL;CARRETERA;NACIONAL;PE-1N;-11.432675;DESPEJADO;RURAL;OTRO;INCLINADA;ASFALTADA;SI;PREVENTIVA (P);NULL;NO;EN PROCESO DE INVESTIGACIÓN;NO CUENTA CON CAUSA ESPECIFICA;Carretera Panamericana Norte;22/7/2025;-77.362552
A-2025-07-47;11:00.0;ATROPELLO;1;0;0;AYACUCHO;HUAMANGA;SAN JUAN BAUTISTA;URBANA;JIRÓN;URBANO;NO CORRESPONDE;-13.166762;DESPEJADO;RESIDENCIAL;TRAMO RECTO;INCLINADA;ASFALTADA;NULL;NULL;NULL;NULL;IMPRUDENCIA DEL CONDUCTOR;OTRO (IMPRUDENCIA DEL CONDUCTOR);Jirón Arica;23/7/2025;-74.221569
A-2025-07-9;00:00.0;CHOQUE;1;1;1;TUMBES;TUMBES;CORRALES;RURAL;CARRETERA;NACIONAL;PE-1N;-3.594363;DESPEJADO;RURAL;TRAMO RECTO;PLANA ;ASFALTADA;NO;NULL;NULL;NO;IMPRUDENCIA DEL CONDUCTOR;INVASIÓN DE CARRIL;Carretera Panamericana Norte;24/7/2025;-80.480545
A-2025-07-16;30:00.0;DESPISTE;2;2;1;HUANCAVELICA;ACOBAMBA;ANTA;RURAL;CARRETERA;DEPARTAMENTAL;HV-107;-12.778229;DESPEJADO;RURAL;CURVA;PLANA ;ASFALTADA;SI;PREVENTIVA (P);PREVENTIVA (P);NO;EN PROCESO DE INVESTIGACIÓN;NO CUENTA CON CAUSA ESPECIFICA;Huayanay;24/7/2025;-74.671888
A-2025-07-10;31:00.0;DESPISTE;1;0;1;ANCASH;RECUAY;CATAC;RURAL;CARRETERA;NACIONAL;PE-3N;-9.909242;DESPEJADO;RURAL;CURVA;INCLINADA;TROCHA;NULL;NULL;NULL;NULL;EN PROCESO DE INVESTIGACIÓN;NO CUENTA CON CAUSA ESPECIFICA;Carretera Longitudinal de la Sierra Norte;24/7/2025;-77.391634
A-2025-07-24;00:00.0;ATROPELLO;1;0;NULL;AREQUIPA;AREQUIPA;UCHUMAYO;URBANA;CARRETERA;NACIONAL;PE-34A;-16.407988;DESPEJADO;RURAL;TRAMO RECTO;PLANA ;ASFALTADA;SI;PREVENTIVA (P);NULL;SI;EN PROCESO DE INVESTIGACIÓN;NO CUENTA CON CAUSA ESPECIFICA;Carretera Interoceánica Sur;24/7/2025;-71.609071
A-2025-07-59;30:00.0;DESPISTE;1;1;1;CUSCO;CHUMBIVILCAS;VELILLE;RURAL;CARRETERA;NACIONAL;PE-3SG;-14.546139;DESPEJADO;RURAL;TRAMO RECTO;PLANA ;AFIRMADO;NULL;NULL;NULL;NULL;IMPRUDENCIA DEL CONDUCTOR;CONDUCIR EN ESTADO DE EBRIEDAD Y/O DROGADICCIÓN;PE-3SG;26/7/2025;-71.903889
A-2025-07-26;30:00.0;DESPISTE;2;4;1;HUANCAVELICA;HUAYTARA;PILPICHACA;RURAL;CARRETERA;NACIONAL;PE-28A;-13.440458;DESPEJADO;RURAL;TRAMO RECTO;PLANA ;ASFALTADA;SI;PREVENTIVA (P);PREVENTIVA (P);NO;EN PROCESO DE INVESTIGACIÓN;NO CUENTA CON CAUSA ESPECIFICA;Vía de los Libertadores;26/7/2025;-74.960938
A-2025-07-11;30:00.0;CHOQUE;1;0;2;ANCASH;YUNGAY;YUNGAY;RURAL;CARRETERA;SIN CLASIFICAR;SIN CLASIFICAR;-9.064604;DESPEJADO;RURAL;TRAMO RECTO;PLANA ;ASFALTADA;NULL;NULL;NULL;NULL;EN PROCESO DE INVESTIGACIÓN;NO CUENTA CON CAUSA ESPECIFICA;Carretera a Rayan-Punyan;26/7/2025;-77.73958
A-2025-07-53;30:00.0;CAÍDA DE PASAJERO;1;0;0;CUSCO;ANTA;CHINCHAYPUJIO;RURAL;CARRETERA;PROVINCIAL;CU-1242;-13.626099;DESPEJADO;RURAL;CURVA;PLANA ;AFIRMADO;NULL;NULL;NULL;NULL;IMPRUDENCIA DEL CONDUCTOR;FATIGA Y/O CANSANCIO;Chinchaypujio;28/7/2025;-72.240295
A-2025-07-20;00:00.0;DESPISTE;1;0;1;SAN MARTIN;MOYOBAMBA;JEPELACIO;RURAL;CARRETERA;NACIONAL;PE-5N;-6.162995;LLUVIOSO;RURAL;CURVA;PLANA ;ASFALTADA;NULL;NULL;NULL;NULL;EN PROCESO DE INVESTIGACIÓN;NO CUENTA CON CAUSA ESPECIFICA;Carretera Presidente Fernando Belaúnde Terry;29/7/2025;-76.83646
A-2025-07-33;00:00.0;CHOQUE;1;0;2;TUMBES;CONTRALMIRANTE VILLAR;ZORRITOS;RURAL;CARRETERA;NACIONAL;PE-1N;-3.714726;DESPEJADO;RURAL;TRAMO RECTO;PLANA ;ASFALTADA;NULL;NULL;NULL;NULL;IMPRUDENCIA DEL CONDUCTOR;INVASIÓN DE CARRIL;Carretera Panamericana Norte;29/7/2025;-80.73764
A-2025-07-21;50:00.0;DESPISTE;1;0;1;SAN MARTIN;RIOJA;NUEVA CAJAMARCA;URBANA;JIRÓN;URBANO;NO CORRESPONDE;-5.927367;DESPEJADO;RESIDENCIAL;TRAMO RECTO;PLANA ;AFIRMADO;NULL;NULL;NULL;NULL;EN PROCESO DE INVESTIGACIÓN;NO CUENTA CON CAUSA ESPECIFICA;La Molina;29/7/2025;-77.319004
A-2025-08-13;20:00.0;ATROPELLO FUGA;2;0;NULL;AREQUIPA;AREQUIPA;CERRO COLORADO;URBANA;CARRETERA;NACIONAL;PE-34A;-16.351566;DESPEJADO;COMERCIAL;TRAMO RECTO;INCLINADA;ASFALTADA;NO;NULL;NULL;SI;EN PROCESO DE INVESTIGACIÓN;NO CUENTA CON CAUSA ESPECIFICA;Vía de Evitamiento;2/8/2025;-71.580756
A-2025-08-87;30:00.0;DESPISTE;1;2;1;AYACUCHO;CANGALLO;CHUSCHI;RURAL;CARRETERA;DEPARTAMENTAL;AY-107;-13.595;DESPEJADO;RURAL;CURVA;INCLINADA;TROCHA;NULL;NULL;NULL;NULL;IMPRUDENCIA DEL CONDUCTOR;CONDUCIR EN ESTADO DE EBRIEDAD Y/O DROGADICCIÓN;Carretera Chuschi - Cancha Cancha;3/8/2025;-74.351
A-2025-08-155;20:00.0;CHOQUE;2;2;2;CUSCO;ESPINAR;PALLPATA;RURAL;CARRETERA;NACIONAL;PE-34J;-14.916305;DESPEJADO;RURAL;CURVA;PLANA ;ASFALTADA;NULL;NULL;NULL;NULL;IMPRUDENCIA DEL CONDUCTOR;INVASIÓN DE CARRIL;PE-34J;3/8/2025;-71.193779
A-2025-08-153;40:00.0;DESPISTE;1;1;1;CUSCO;QUISPICANCHI;CAMANTI;RURAL;CARRETERA;NACIONAL;PE-30C;-13.224433;DESPEJADO;RURAL;CURVA;PLANA ;ASFALTADA;NULL;NULL;NULL;NULL;IMPRUDENCIA DEL CONDUCTOR;CONDUCIR EN ESTADO DE EBRIEDAD Y/O DROGADICCIÓN;Interoceanica Sur;3/8/2025;-70.7423
A-2025-08-32;10:00.0;CHOQUE;1;2;3;TUMBES;ZARUMILLA;PAPAYAL;RURAL;CARRETERA;NACIONAL;PE-1N;-3.527068;DESPEJADO;RURAL;TRAMO RECTO;PLANA ;ASFALTADA;NULL;NULL;NULL;NULL;IMPRUDENCIA DEL CONDUCTOR;INVASIÓN DE CARRIL;Carretera Panamericana Norte;4/8/2025;-80.359396
A-2025-08-2;00:00.0;CHOQUE FUGA;1;0;NULL;AREQUIPA;ISLAY;DEAN VALDIVIA;RURAL;CARRETERA;PROVINCIAL;AR-817;-17.123828;DESPEJADO;RURAL;TRAMO RECTO;PLANA ;ASFALTADA;NULL;NULL;NULL;NULL;EN PROCESO DE INVESTIGACIÓN;NO CUENTA CON CAUSA ESPECIFICA;AR-817;5/8/2025;-71.850587
A-2025-08-1;00:00.0;ATROPELLO;1;0;NULL;HUANCAVELICA;ACOBAMBA;ROSARIO;RURAL;CARRETERA;SIN CLASIFICAR;SIN CLASIFICAR;-12.775655;DESPEJADO;RURAL;TRAMO RECTO;PLANA ;TROCHA;NULL;NULL;NULL;NULL;EN PROCESO DE INVESTIGACIÓN;NO CUENTA CON CAUSA ESPECIFICA;Santa Rosa;8/8/2025;-74.58469
A-2025-08-95;30:00.0;CHOQUE;1;1;2;AYACUCHO;LUCANAS;LUCANAS;RURAL;CARRETERA;NACIONAL;PE-30A;-14.6623;DESPEJADO;RURAL;TRAMO RECTO;PLANA ;ASFALTADA;SI;REGULADORA (R);NULL;NO;IMPRUDENCIA DEL CONDUCTOR;EXCESO DE VELOCIDAD;Carretera Nasca - Abancay;9/8/2025;-74.386078
A-2025-08-27;40:00.0;CHOQUE;2;11;NULL;AREQUIPA;AREQUIPA;YURA;RURAL;CARRETERA;NACIONAL;PE-34A;-16.069505;DESPEJADO;RURAL;TRAMO RECTO;PLANA ;ASFALTADA;NO;NULL;NULL;SI;EN PROCESO DE INVESTIGACIÓN;NO CUENTA CON CAUSA ESPECIFICA;Vía Interoceánica Sur - Tramo 5;9/8/2025;-71.572433
A-2025-08-6;35:00.0;CHOQUE;1;0;2;SAN MARTIN;MOYOBAMBA;CALZADA;RURAL;CARRETERA;NACIONAL;PE-5N;-6.038646;DESPEJADO;RURAL;TRAMO RECTO;PLANA ;ASFALTADA;NULL;NULL;NULL;NULL;EN PROCESO DE INVESTIGACIÓN;NO CUENTA CON CAUSA ESPECIFICA;Carretera Presidente Fernando Belaúnde Terry;10/8/2025;-77.081384
A-2025-08-156;00:00.0;ATROPELLO;1;0;1;CUSCO;CALCA;CALCA;RURAL;AVENIDA;URBANO;NO CORRESPONDE;-13.323663;DESPEJADO;RURAL;TRAMO RECTO;INCLINADA;ASFALTADA;NULL;NULL;NULL;NULL;IMPRUDENCIA DEL PEATÓN;CRUCE INDEBIDO POR LA CALZADA;Patapata;10/8/2025;-71.949467
A-2025-08-5;00:00.0;CHOQUE;1;1;NULL;APURIMAC;ANDAHUAYLAS;SAN MIGUEL DE CHACCRAMPA;RURAL;CARRETERA;DEPARTAMENTAL;AP-104;-13.924595;SOLEADO;RURAL;CURVA;PLANA ;TROCHA;NULL;NULL;NULL;NULL;IMPRUDENCIA DEL CONDUCTOR;EXCESO DE VELOCIDAD;Virgen del Carmen de Tambo;11/8/2025;-73.61263
A-2025-08-89;30:00.0;CHOQUE;3;4;NULL;CUSCO;QUISPICANCHI;OROPESA;NULL;CARRETERA;NACIONAL;PE-3S;-13.595443;NULL;NULL;NULL;NULL;NULL;NULL;NULL;NULL;NULL;EN PROCESO DE INVESTIGACIÓN;NO CUENTA CON CAUSA ESPECIFICA;Carretera Longitudinal de la Sierra Sur;13/8/2025;-71.781486
A-2025-08-88;30:00.0;CHOQUE;1;0;2;AYACUCHO;HUAMANGA;QUINUA;RURAL;CARRETERA;NACIONAL;PE-28B;-13.061575;DESPEJADO;RURAL;CURVA;INCLINADA;ASFALTADA;SI;PREVENTIVA (P);NULL;NO;IMPRUDENCIA DEL CONDUCTOR;CONDUCIR EN ESTADO DE EBRIEDAD Y/O DROGADICCIÓN;PE-28B;15/8/2025;-74.166383
A-2025-08-24;00:00.0;CHOQUE;1;0;2;SAN MARTIN;MOYOBAMBA;YANTALO;RURAL;CARRETERA;DEPARTAMENTAL;SM-113;-5.969565;DESPEJADO;RURAL;TRAMO RECTO;PLANA ;ASFALTADA;NULL;NULL;NULL;NULL;EN PROCESO DE INVESTIGACIÓN;NO CUENTA CON CAUSA ESPECIFICA;Carretera Yantalo - Buenos Aires;16/8/2025;-77.049934
A-2025-08-152;00:00.0;DESPISTE;1;0;1;CUSCO;LA CONVENCION;HUAYOPATA;RURAL;CARRETERA;NACIONAL;PE-28B;-13.004426;DESPEJADO;RURAL;CURVA;PLANA ;ASFALTADA;SI;INFORMATIVA (I);PREVENTIVA (P);NO;IMPRUDENCIA DEL CONDUCTOR;EXCESO DE VELOCIDAD;PE-28B;17/8/2025;-72.507368
A-2025-08-131;15:00.0;ATROPELLO;1;1;NULL;CUSCO;PAUCARTAMBO;KOSÑIPATA;RURAL;CARRETERA;PROVINCIAL;CU-113;-12.97517;DESPEJADO;RURAL;TRAMO RECTO;PLANA ;AFIRMADO;NULL;NULL;NULL;NULL;IMPRUDENCIA DEL CONDUCTOR;EXCESO DE VELOCIDAD;Carretera Manu;19/8/2025;-71.425609
A-2025-08-154;40:00.0;ATROPELLO;1;0;2;CUSCO;CANCHIS;SICUANI;RURAL;CARRETERA;NACIONAL;PE-3S;-14.310067;DESPEJADO;RURAL;TRAMO RECTO;PLANA ;ASFALTADA;NULL;NULL;NULL;NULL;IMPRUDENCIA DEL PEATÓN;CRUCE INDEBIDO POR LA CALZADA;Carretera Longitudinal de la Sierra Sur;19/8/2025;-71.207378
A-2025-08-18;35:00.0;DESPISTE;1;7;1;HUANCAVELICA;ANGARAES;CCOCHACCASA;RURAL;CARRETERA;PROVINCIAL;HV-900;-12.947991;DESPEJADO;RURAL;TRAMO RECTO;PLANA ;AFIRMADO;NULL;NULL;NULL;NULL;EN PROCESO DE INVESTIGACIÓN;NO CUENTA CON CAUSA ESPECIFICA;San Pedro de Mimosa;22/8/2025;-74.770385
A-2025-08-40;20:00.0;DESPISTE;1;2;NULL;AREQUIPA;AREQUIPA;LA JOYA;RURAL;CARRETERA;DEPARTAMENTAL;AR-115;-16.541826;DESPEJADO;RURAL;TRAMO RECTO;INCLINADA;ASFALTADA;SI;REGULADORA (R);PREVENTIVA (P);SI;EN PROCESO DE INVESTIGACIÓN;NO CUENTA CON CAUSA ESPECIFICA;Carretera Cerro Verde;23/8/2025;-71.705467
A-2025-08-90;14:00.0;CHOQUE FUGA;3;0;2;AYACUCHO;HUAMANGA;ANDRES AVELINO CACERES DORREGARAY;URBANA;CARRETERA;NACIONAL;PE-3S;-13.161954;DESPEJADO;RESIDENCIAL;CURVA;INCLINADA;ASFALTADA;NULL;NULL;NULL;NULL;IMPRUDENCIA DEL CONDUCTOR;INVASIÓN DE CARRIL;Vía de Evitamiento;23/8/2025;-74.217768
A-2025-08-122;30:00.0;ATROPELLO FUGA;1;0;1;AYACUCHO;HUAMANGA;SAN JUAN BAUTISTA;RURAL;CARRETERA;NACIONAL;PE-3S;-13.195297;DESPEJADO;RURAL;TRAMO RECTO;INCLINADA;ASFALTADA;NULL;NULL;NULL;NULL;IMPRUDENCIA DEL PEATÓN;ESTADO DE EBRIEDAD Y/O DROGADICCIÓN;Carretera Longitudinal de la Sierra Sur;23/8/2025;-74.202945
A-2025-08-47;30:00.0;ATROPELLO;1;0;NULL;AREQUIPA;AREQUIPA;JOSE LUIS BUSTAMANTE Y RIVERO;URBANA;AVENIDA;URBANO;NO CORRESPONDE;-16.430918;DESPEJADO;COMERCIAL;TRAMO RECTO;PLANA ;ASFALTADA;NO;NULL;NULL;SI;EN PROCESO DE INVESTIGACIÓN;NO CUENTA CON CAUSA ESPECIFICA;Avenida Túpac Amaru;24/8/2025;-71.526398
A-2025-08-91;45:00.0;VOLCADURA;1;2;1;HUANCAVELICA;HUAYTARA;PILPICHACA;RURAL;CARRETERA;NACIONAL;PE-28A;-13.34752;LLUVIOSO;RURAL;CURVA;INCLINADA;ASFALTADA;SI;PREVENTIVA (P);PREVENTIVA (P);NO;NEGLIGENCIA DEL CONDUCTOR;CONDUCIR CON FALLAS DE NEUMÁTICOS;Vía de los Libertadores;25/8/2025;-74.691643
A-2025-08-39;30:00.0;DESPISTE;2;0;1;HUANCAVELICA;CASTROVIRREYNA;CAPILLAS;RURAL;CARRETERA;NACIONAL;PE-26;-13.368891;DESPEJADO;RURAL;TRAMO RECTO;PLANA ;ASFALTADA;NULL;NULL;NULL;NULL;EN PROCESO DE INVESTIGACIÓN;NO CUENTA CON CAUSA ESPECIFICA;Carretera Chincha - Huancavelica;27/8/2025;-75.771641
A-2025-08-83;00:00.0;DESPISTE;3;1;NULL;CUSCO;CALCA;LARES;RURAL;CARRETERA;PROVINCIAL;CU-709;-13.017787;DESPEJADO;RURAL;CURVA;PLANA ;ASFALTADA;NULL;NULL;NULL;NULL;IMPRUDENCIA DEL CONDUCTOR;EXCESO DE VELOCIDAD;CU-593;28/8/2025;-72.046501
A-2025-08-35;00:00.0;VOLCADURA;1;0;NULL;AREQUIPA;AREQUIPA;CAYMA;URBANA;CALLE;URBANO;NO CORRESPONDE;-16.352466;DESPEJADO;RESIDENCIAL;TRAMO RECTO;INCLINADA;ASFALTADA;NO;NULL;NULL;SI;EN PROCESO DE INVESTIGACIÓN;NO CUENTA CON CAUSA ESPECIFICA;Avenida Huayna Cápac;28/8/2025;-71.551546
A-2025-08-41;50:00.0;DESPISTE;4;1;1;HUANCAVELICA;TAYACAJA;ACOSTAMBO;RURAL;CARRETERA;PROVINCIAL;HV-619;-12.491183;DESPEJADO;RURAL;TRAMO RECTO;PLANA ;TROCHA;NULL;NULL;NULL;NULL;EN PROCESO DE INVESTIGACIÓN;NO CUENTA CON CAUSA ESPECIFICA;Acostambo;29/8/2025;-74.960655
A-2025-08-48;00:00.0;VOLCADURA;1;0;NULL;AREQUIPA;AREQUIPA;CERRO COLORADO;URBANA;AVENIDA;URBANO;NO CORRESPONDE;-16.333158;SOLEADO;COMERCIAL;CURVA;PLANA ;ASFALTADA;SI;PREVENTIVA (P);PREVENTIVA (P);SI;EN PROCESO DE INVESTIGACIÓN;NO CUENTA CON CAUSA ESPECIFICA;Avenida Bicentenario;30/8/2025;-71.576935
A-2025-08-151;00:00.0;DESPISTE;2;35;2;CUSCO;ANTA;CACHIMAYO;RURAL;CARRETERA;NACIONAL;PE-3S;-13.489751;DESPEJADO;RURAL;TRAMO RECTO;PLANA ;ASFALTADA;NULL;NULL;NULL;NULL;IMPRUDENCIA DEL CONDUCTOR;EXCESO DE VELOCIDAD;Carretera Longitudinal de la Sierra Sur;30/8/2025;-72.061916
A-2025-08-84;00:00.0;ATROPELLO;1;0;1;CUSCO;ANTA;ANCAHUASI;RURAL;CARRETERA;NACIONAL;PE-3S;-13.461316;DESPEJADO;RURAL;TRAMO RECTO;PLANA ;ASFALTADA;NULL;NULL;NULL;NULL;IMPRUDENCIA DEL PEATÓN;ESTADO DE EBRIEDAD Y/O DROGADICCIÓN;Carretera Longitudinal de la Sierra Sur;31/8/2025;-72.289675
A-2025-08-34;40:00.0;DESPISTE;1;1;1;TUMBES;CONTRALMIRANTE VILLAR;CANOAS DE PUNTA SAL;RURAL;CARRETERA;NACIONAL;PE-1N;-3.951688;DESPEJADO;RURAL;CURVA;INCLINADA;ASFALTADA;NULL;NULL;NULL;NULL;IMPRUDENCIA DEL CONDUCTOR;OTRO (IMPRUDENCIA DEL CONDUCTOR);Carretera Panamericana Norte;31/8/2025;-80.947523
A-2025-09-28;02:00.0;DESPISTE;1;0;1;SAN MARTIN;MOYOBAMBA;CALZADA;URBANA;CARRETERA;NACIONAL;PE-5N;-6.041788;DESPEJADO;RESIDENCIAL;CURVA;PLANA ;ASFALTADA;NULL;NULL;NULL;NULL;EN PROCESO DE INVESTIGACIÓN;NO CUENTA CON CAUSA ESPECIFICA;Carretera Presidente Fernando Belaúnde Terry;1/9/2025;-77.13269
A-2025-09-39;00:00.0;DESPISTE;1;0;1;HUANCAVELICA;TAYACAJA;AHUAYCHA;RURAL;CARRETERA;SIN CLASIFICAR;SIN CLASIFICAR;-12.398457;DESPEJADO;RURAL;TRAMO RECTO;PLANA ;TROCHA;NULL;NULL;NULL;NULL;EN PROCESO DE INVESTIGACIÓN;NO CUENTA CON CAUSA ESPECIFICA;Ahuaycha;1/9/2025;-74.886862
A-2025-09-195;10:00.0;ATROPELLO;1;0;0;CUSCO;QUISPICANCHI;CCATCA;RURAL;CARRETERA;NACIONAL;PE-30C;-13.622459;DESPEJADO;RURAL;TRAMO RECTO;PLANA ;ASFALTADA;SI;REGULADORA (R);PREVENTIVA (P);NO;IMPRUDENCIA DEL CONDUCTOR;EXCESO DE VELOCIDAD;Carretera Interocéanica Sur;1/9/2025;-71.546893
A-2025-09-263;30:00.0;ATROPELLO FUGA;1;0;NULL;AYACUCHO;HUAMANGA;VINCHOS;RURAL;CARRETERA;NACIONAL;PE-28A;-13.357008;NULL;NULL;NULL;NULL;NULL;NULL;NULL;NULL;NULL;EN PROCESO DE INVESTIGACIÓN;NO CUENTA CON CAUSA ESPECIFICA;Vía de los Libertadores;1/9/2025;-74.414337
A-2025-09-194;30:00.0;VOLCADURA;1;0;1;CUSCO;CHUMBIVILCAS;COLQUEMARCA;RURAL;CARRETERA;DEPARTAMENTAL;CU-127;-14.339286;DESPEJADO;RURAL;TRAMO RECTO;PLANA ;AFIRMADO;NULL;NULL;NULL;NULL;IMPRUDENCIA DEL CONDUCTOR;FATIGA Y/O CANSANCIO;CU-127;2/9/2025;-72.004177
A-2025-09-219;00:00.0;DESPISTE;1;0;1;AYACUCHO;CANGALLO;PARAS;RURAL;CARRETERA;DEPARTAMENTAL;AY-106;-13.466142;LLUVIOSO;RURAL;CURVA;PLANA ;TROCHA;NULL;NULL;NULL;NULL;IMPRUDENCIA DEL CONDUCTOR;OTRO (IMPRUDENCIA DEL CONDUCTOR);AY-107;3/9/2025;-74.649562
A-2025-09-207;00:00.0;CHOQUE;1;0;2;AYACUCHO;CANGALLO;PARAS;RURAL;CARRETERA;NACIONAL;PE-28A;-13.352814;DESPEJADO;RURAL;CURVA;INCLINADA;ASFALTADA;SI;PREVENTIVA (P);NULL;NO;IMPRUDENCIA DEL CONDUCTOR;OTRO (IMPRUDENCIA DEL CONDUCTOR);Vía de los Libertadores;3/9/2025;-74.654433