CÓDIGO SINIESTRO;HORA SINIESTRO;CLASE SINIESTRO;CANTIDAD DE FALLECIDOS;CANTIDAD DE LESIONADOS;CANTIDAD DE VEHICULOS DAÑADOS;DEPARTAMENTO;PROVINCIA;DISTRITO;ZONA;TIPO DE VÍA;RED VIAL;COD CARRETERA;COORDENADAS LATITUD;CONDICIÓN CLIMÁTICA;ZONIFICACIÓN;CARACTERÍSTICAS DE VÍA;PERFIL LONGITUDINAL VÍA;SUPERFICIE DE CALZADA;¿EXISTE SEÑAL VERTICAL?;CLASIFICACIÓN DE LA SEÑAL VERTICAL Nº 1;CLASIFICACIÓN DE LA SEÑAL VERTICAL Nº 2;¿EXISTE SEÑAL HORIZONTAL?;CAUSA FACTOR PRINCIPAL;CAUSA ESPECÍFICA;UBICACION;FECHA SINIESTRO;COORDENADAS LONGITUD
A-2025-09-181;28:00.0;ATROPELLO;1;0;NULL;CUSCO;PAUCARTAMBO;KOSÑIPATA;URBANA;CALLE;URBANO;NO CORRESPONDE;-12.912911;DESPEJADO;RESIDENCIAL;TRAMO RECTO;PLANA ;CONCRETO;NULL;NULL;NULL;NULL;IMPRUDENCIA DEL CONDUCTOR;EXCESO DE VELOCIDAD;Jirón Inca Garcilaso;4/9/2025;-71.40526
A-2025-09-55;15:00.0;DESPISTE;1;0;1;HUANCAVELICA;HUAYTARA;PILPICHACA;RURAL;CARRETERA;NACIONAL;PE-28E;-13.328889;DESPEJADO;RURAL;TRAMO RECTO;PLANA ;AFIRMADO;NULL;NULL;NULL;NULL;EN PROCESO DE INVESTIGACIÓN;NO CUENTA CON CAUSA ESPECIFICA;Carretera Santa Inés - Pilpichaca;4/9/2025;-74.992257
A-2025-09-193;00:00.0;DESPISTE;1;0;1;CUSCO;CHUMBIVILCAS;COLQUEMARCA;URBANA;CARRETERA;DEPARTAMENTAL;CU-119;-14.299253;DESPEJADO;RURAL;TRAMO RECTO;PLANA ;AFIRMADO;NULL;NULL;NULL;NULL;IMPRUDENCIA DEL CONDUCTOR;FATIGA Y/O CANSANCIO;CU-119;4/9/2025;-72.036782
A-2025-09-53;05:00.0;CHOQUE;1;1;NULL;AREQUIPA;CAYLLOMA;SAN ANTONIO DE CHUCA;RURAL;CARRETERA;NACIONAL;PE-34A;-15.86967;DESPEJADO;RURAL;TRAMO RECTO;PLANA ;ASFALTADA;NO;NULL;NULL;SI;IMPRUDENCIA DEL CONDUCTOR;OTRO (IMPRUDENCIA DEL CONDUCTOR);Vía Interoceánica Sur - Tramo 5;5/9/2025;-71.137238
A-2025-09-191;35:00.0;VOLCADURA;1;0;2;CUSCO;CHUMBIVILCAS;COLQUEMARCA;RURAL;CARRETERA;NACIONAL;PE-3SY;-14.336007;DESPEJADO;RURAL;TRAMO RECTO;PLANA ;ASFALTADA;NULL;NULL;NULL;NULL;IMPRUDENCIA DEL CONDUCTOR;CONDUCIR EN ESTADO DE EBRIEDAD Y/O DROGADICCIÓN;PE-3SY;5/9/2025;-71.958621
A-2025-09-30;35:00.0;CHOQUE;3;0;2;SAN MARTIN;RIOJA;NUEVA CAJAMARCA;RURAL;CARRETERA;NACIONAL;PE-5N;-5.826285;DESPEJADO;RURAL;TRAMO RECTO;PLANA ;ASFALTADA;NULL;NULL;NULL;NULL;IMPRUDENCIA DEL CONDUCTOR;CONDUCIR EN ESTADO DE EBRIEDAD Y/O DROGADICCIÓN;Carretera Presidente Fernando Belaúnde Terry;5/9/2025;-77.372659
A-2025-09-11;00:00.0;DESPISTE;1;1;NULL;AREQUIPA;AREQUIPA;YURA;RURAL;CARRETERA;NACIONAL;PE-34A;-16.243038;DESPEJADO;RURAL;CURVA;INCLINADA;ASFALTADA;SI;PREVENTIVA (P);NULL;SI;EN PROCESO DE INVESTIGACIÓN;NO CUENTA CON CAUSA ESPECIFICA;Vía Interoceánica Sur - Tramo 5;6/9/2025;-71.67025
A-2025-09-209;46:00.0;ATROPELLO;1;0;1;CUSCO;CUSCO;WANCHAQ;URBANA;CALLE;URBANO;NO CORRESPONDE;-13.530732;DESPEJADO;RESIDENCIAL;TRAMO RECTO;PLANA ;CONCRETO;NULL;NULL;NULL;NULL;IMPRUDENCIA DEL PEATÓN;CRUCE INDEBIDO POR LA CALZADA;Jirón 18 de Mayo;7/9/2025;-71.959368
A-2025-09-56;10:00.0;CHOQUE CON OBJETO FIJO;1;0;1;SAN MARTIN;RIOJA;PARDO MIGUEL;URBANA;CARRETERA;NACIONAL;PE-5N;-5.733252;DESPEJADO;RESIDENCIAL;CURVA;INCLINADA;ASFALTADA;NULL;NULL;NULL;NULL;EN PROCESO DE INVESTIGACIÓN;NO CUENTA CON CAUSA ESPECIFICA;Naranjos;8/9/2025;-77.506772
A-2022-12-217;10:00.0;DESPISTE;1;0;NULL;JUNIN;CHANCHAMAYO;PERENE;RURAL;CARRETERA;NACIONAL;PE-5S;-10.955559;DESPEJADO;RURAL;TRAMO RECTO;PLANA ;ASFALTADA;NULL;NULL;NULL;NULL;IMPRUDENCIA DEL CONDUCTOR;EXCESO DE VELOCIDAD;Carretera Longitudinal de la Selva Sur;12/12/2022;-75.228371
A-2022-12-175;20:00.0;DESPISTE;1;0;1;PASCO;DANIEL ALCIDES CARRION;SANTA ANA DE TUSI;RURAL;CARRETERA;PROVINCIAL;PA-527;-10.477272;LLUVIOSO;RURAL;PASE A DESNIVEL;PLANA ;TROCHA;NULL;NULL;NULL;NULL;NEGLIGENCIA DEL CONDUCTOR;OTRO (NEGLIGENCIA DEL CONDUCTOR);Pampania;12/12/2022;-76.352003
A-2022-12-187;30:00.0;ATROPELLO;1;0;1;JUNIN;HUANCAYO;HUANCAN;URBANA;CARRETERA;NACIONAL;PE-3SC;-12.116658;LLUVIOSO;COMERCIAL;TRAMO RECTO;PLANA ;ASFALTADA;NO;NULL;NULL;SI;IMPRUDENCIA DEL CONDUCTOR;NO DAR PASO PREFERENTE AL PEATÓN;PE-3SC;12/12/2022;-75.180572
A-2022-12-152;15:00.0;ATROPELLO;1;0;NULL;LIMA;LIMA;SAN MARTIN DE PORRES;URBANA;AVENIDA;URBANO;NO CORRESPONDE;-12.029884;DESPEJADO;COMERCIAL;TRAMO RECTO;PLANA ;ASFALTADA;NULL;NULL;NULL;NULL;EN PROCESO DE INVESTIGACIÓN;NO CUENTA CON CAUSA ESPECIFICA;Avenida José Granda;12/12/2022;-77.061064
A-2022-12-132;00:00.0;ATROPELLO FUGA;1;0;NULL;PIURA;PIURA;CASTILLA;URBANA;CARRETERA;NACIONAL;PE-1NJ;-5.182648;DESPEJADO;RURAL;TRAMO RECTO;PLANA ;AFIRMADO;NULL;NULL;NULL;NULL;EN PROCESO DE INVESTIGACIÓN;NO CUENTA CON CAUSA ESPECIFICA;Avenida Guardia Civil;13/12/2022;-80.578977
A-2022-12-153;00:00.0;ATROPELLO;1;0;NULL;LIMA;LIMA;SAN MARTIN DE PORRES;URBANA;AVENIDA;URBANO;NO CORRESPONDE;-11.987931;DESPEJADO;COMERCIAL;INTERSECCIÓN;PLANA ;ASFALTADA;NULL;NULL;NULL;NULL;EN PROCESO DE INVESTIGACIÓN;NO CUENTA CON CAUSA ESPECIFICA;Avenida Alejandro Bertello;13/12/2022;-77.114425
A-2022-12-21;45:00.0;VOLCADURA;1;0;1;AREQUIPA;AREQUIPA;PAUCARPATA;URBANA;AVENIDA;URBANO;NO CORRESPONDE;-16.421792;LLUVIOSO;RESIDENCIAL;CURVA;INCLINADA;ASFALTADA;NO;NULL;NULL;SI;EN PROCESO DE INVESTIGACIÓN;NO CUENTA CON CAUSA ESPECIFICA;Paucarpata;13/12/2022;-71.484292
A-2022-12-188;31:00.0;ATROPELLO;1;0;0;JUNIN;HUANCAYO;HUANCAYO;URBANA;AVENIDA;URBANO;NO CORRESPONDE;-12.072968;LLUVIOSO;COMERCIAL;INTERSECCIÓN;PLANA ;ASFALTADA;SI;REGULADORA (R);NULL;SI;IMPRUDENCIA DEL CONDUCTOR;EXCESO DE VELOCIDAD;Avenida Ocopilla;13/12/2022;-75.197558
A-2022-12-154;10:00.0;ATROPELLO FUGA;1;0;NULL;LIMA;LIMA;LOS OLIVOS;URBANA;AVENIDA;URBANO;NO CORRESPONDE;-11.975885;DESPEJADO;COMERCIAL;TRAMO RECTO;PLANA ;ASFALTADA;NULL;NULL;NULL;NULL;EN PROCESO DE INVESTIGACIÓN;NO CUENTA CON CAUSA ESPECIFICA;Avenida Los Próceres de Huandoy;13/12/2022;-77.083015
A-2022-12-123;00:00.0;DESPISTE;1;0;1;CAJAMARCA;SAN MIGUEL;SAN GREGORIO;RURAL;CARRETERA;DEPARTAMENTAL;CA-100;-7.053935;NUBLADO;RURAL;CURVA;PLANA ;AFIRMADO;NULL;NULL;NULL;NULL;EN PROCESO DE INVESTIGACIÓN;NO CUENTA CON CAUSA ESPECIFICA;CA-100;13/12/2022;-79.093381
A-2022-12-66;30:00.0;CHOQUE;1;0;1;LA LIBERTAD;TRUJILLO;SIMBAL;RURAL;CARRETERA;NACIONAL;PE-10A;-8.013975;DESPEJADO;RURAL;TRAMO RECTO;PLANA ;ASFALTADA;NULL;NULL;NULL;NULL;IMPRUDENCIA DEL CONDUCTOR;OTRO (IMPRUDENCIA DEL CONDUCTOR);Carretera Industrial;14/12/2022;-78.832225
A-2022-12-33;40:00.0;VOLCADURA;1;0;1;CUSCO;CANCHIS;CHECACUPE;RURAL;CARRETERA;NACIONAL;PE-3S;-14.012664;DESPEJADO;RURAL;TRAMO RECTO;INCLINADA;ASFALTADA;SI;INFORMATIVA (I);NULL;SI;IMPRUDENCIA DEL CONDUCTOR;EXCESO DE VELOCIDAD;Carretera Longitudinal de la Sierra Sur;14/12/2022;-71.457956
A-2022-12-67;10:00.0;ATROPELLO FUGA;1;0;0;LA LIBERTAD;VIRU;VIRU;RURAL;CARRETERA;NACIONAL;PE-1N;-8.412124;DESPEJADO;RURAL;TRAMO RECTO;PLANA ;ASFALTADA;NULL;NULL;NULL;NULL;EN PROCESO DE INVESTIGACIÓN;NO CUENTA CON CAUSA ESPECIFICA;Carretera Panamericana Norte;14/12/2022;-78.800828
A-2022-12-90;05:00.0;ATROPELLO FUGA;1;0;1;LAMBAYEQUE;LAMBAYEQUE;LAMBAYEQUE;RURAL;CARRETERA;NACIONAL;PE-1NJ;-6.673127;DESPEJADO;RURAL;TRAMO RECTO;PLANA ;ASFALTADA;NULL;NULL;NULL;NULL;EN PROCESO DE INVESTIGACIÓN;NO CUENTA CON CAUSA ESPECIFICA;Carretera Lambayeque - Olmos;15/12/2022;-79.90011
A-2022-12-68;20:00.0;DESPISTE;1;0;1;LA LIBERTAD;TRUJILLO;SALAVERRY;URBANA;CARRETERA;NACIONAL;PE-1N;-8.178108;DESPEJADO;COMERCIAL;TRAMO RECTO;PLANA ;ASFALTADA;NULL;NULL;NULL;NULL;IMPRUDENCIA DEL CONDUCTOR;ADELANTAR INDEBIDAMENTE;Panamericana Norte;15/12/2022;-78.992894
A-2022-12-183;30:00.0;VOLCADURA;1;2;NULL;JUNIN;JAUJA;ACOLLA;RURAL;CARRETERA;NACIONAL;PE-3SA;-11.67067;LLUVIOSO;RURAL;TRAMO RECTO;PLANA ;ASFALTADA;NO;NULL;NULL;SI;IMPRUDENCIA DEL CONDUCTOR;CONDUCIR EN ESTADO DE EBRIEDAD Y/O DROGADICCIÓN;Carretera Central Sur;15/12/2022;-75.57409
A-2022-12-44;30:00.0;VOLCADURA;1;0;1;CUSCO;ESPINAR;OCORURO;RURAL;CARRETERA;NACIONAL;PE-34J;-15.037915;LLUVIOSO;RURAL;TRAMO RECTO;PLANA ;ASFALTADA;NULL;NULL;NULL;NULL;EN PROCESO DE INVESTIGACIÓN;NO CUENTA CON CAUSA ESPECIFICA;PE-34J;15/12/2022;-71.137633
A-2022-12-176;00:00.0;CHOQUE;3;0;2;PASCO;PASCO;VICCO;RURAL;CARRETERA;NACIONAL;PE-20A;-10.842178;DESPEJADO;RURAL;TRAMO RECTO;PLANA ;ASFALTADA;NULL;NULL;NULL;NULL;IMPRUDENCIA DEL CONDUCTOR;EXCESO DE VELOCIDAD;Carretera Vencedores de Sángrar;15/12/2022;-76.262154
A-2022-12-230;50:00.0;ATROPELLO;1;0;NULL;LIMA;LIMA;COMAS;URBANA;AVENIDA;URBANO;NO CORRESPONDE;-11.921793;DESPEJADO;RESIDENCIAL;TRAMO RECTO;PLANA ;ASFALTADA;NULL;NULL;NULL;NULL;EN PROCESO DE INVESTIGACIÓN;NO CUENTA CON CAUSA ESPECIFICA;Avenida Almirante Miguel Grau;15/12/2022;-77.035425
A-2022-12-69;35:00.0;CHOQUE;1;0;2;LA LIBERTAD;CHEPEN;PACANGA;RURAL;CARRETERA;NACIONAL;PE-1N;-7.1187;DESPEJADO;RURAL;TRAMO RECTO;PLANA ;ASFALTADA;NULL;NULL;NULL;NULL;IMPRUDENCIA DEL CONDUCTOR;CONDUCIR EN ESTADO DE EBRIEDAD Y/O DROGADICCIÓN;Carretera Panamericana Norte;16/12/2022;-79.48835
A-2022-12-27;30:00.0;DESPISTE;1;0;1;CUSCO;CANAS;CHECCA;RURAL;CARRETERA;PROVINCIAL;CU-1801;-14.478975;DESPEJADO;RURAL;CURVA;PLANA ;TROCHA;NULL;NULL;NULL;NULL;IMPRUDENCIA DEL CONDUCTOR;EXCESO DE VELOCIDAD;CU-1801;16/12/2022;-71.534634
A-2022-12-34;45:00.0;ESPECIAL;1;0;1;CUSCO;LA CONVENCION;VILCABAMBA;RURAL;CARRETERA;DEPARTAMENTAL;CU-100;-13.038977;NUBLADO;RURAL;CURVA;INCLINADA;TROCHA;NULL;NULL;NULL;NULL;IMPRUDENCIA DEL CONDUCTOR;OTRO (IMPRUDENCIA DEL CONDUCTOR);CU-100;16/12/2022;-72.814046
A-2022-12-95;30:00.0;CHOQUE;2;4;3;LAMBAYEQUE;LAMBAYEQUE;LAMBAYEQUE;RURAL;CARRETERA;NACIONAL;PE-1NJ;-6.636554;DESPEJADO;RURAL;TRAMO RECTO;PLANA ;ASFALTADA;NULL;NULL;NULL;NULL;EN PROCESO DE INVESTIGACIÓN;NO CUENTA CON CAUSA ESPECIFICA;Carretera Lambayeque - Olmos;16/12/2022;-79.890664
A-2022-12-220;30:00.0;ATROPELLO;1;0;NULL;PIURA;SULLANA;SULLANA;URBANA;CARRETERA;NACIONAL;PE-1NL;-4.915;DESPEJADO;RURAL;INTERSECCIÓN;PLANA ;AFIRMADO;NULL;NULL;NULL;NULL;IMPRUDENCIA DEL PEATÓN;OTRO (IMPRUDENCIA DEL PEATÓN);Calle Luis de la Puente Uceda;16/12/2022;-80.691
A-2022-12-70;30:00.0;DESPISTE;1;0;1;LA LIBERTAD;GRAN CHIMU;CASCAS;RURAL;CARRETERA;NACIONAL;PE-1NF;-7.594535;DESPEJADO;RURAL;TRAMO RECTO;PLANA ;ASFALTADA;NULL;NULL;NULL;NULL;IMPRUDENCIA DEL CONDUCTOR;OTRO (IMPRUDENCIA DEL CONDUCTOR);Cascas;16/12/2022;-78.889609
A-2022-12-91;45:00.0;CHOQUE;1;0;2;LAMBAYEQUE;CHICLAYO;CHONGOYAPE;RURAL;CARRETERA;NACIONAL;PE-06A;-6.657242;DESPEJADO;RURAL;TRAMO RECTO;PLANA ;ASFALTADA;NULL;NULL;NULL;NULL;EN PROCESO DE INVESTIGACIÓN;NO CUENTA CON CAUSA ESPECIFICA;PE-06A;16/12/2022;-79.427637
A-2022-12-227;09:00.0;DESPISTE;1;0;NULL;LORETO;MAYNAS;SAN JUAN BAUTISTA;URBANA;AVENIDA;URBANO;NO CORRESPONDE;-3.77916;DESPEJADO;RURAL;CURVA;INCLINADA;ASFALTADA;NULL;NULL;NULL;NULL;IMPRUDENCIA DEL CONDUCTOR;EXCESO DE VELOCIDAD;Avenida de la Participación;17/12/2022;-73.279583
A-2022-12-195;00:00.0;DESPISTE;1;0;1;PIURA;PIURA;PIURA;URBANA;AVENIDA;URBANO;NO CORRESPONDE;-5.164195;DESPEJADO;INDUSTRIAL;TRAMO RECTO;PLANA ;ASFALTADA;NO;NULL;NULL;SI;IMPRUDENCIA DEL CONDUCTOR;CONDUCIR EN ESTADO DE EBRIEDAD Y/O DROGADICCIÓN;Avenida Raúl Mata de la Cruz;17/12/2022;-80.646831
A-2022-12-51;30:00.0;DESPISTE;1;1;1;ANCASH;RECUAY;CATAC;RURAL;CARRETERA;NACIONAL;PE-3N;-9.946212;LLUVIOSO;RURAL;TRAMO RECTO;PLANA ;ASFALTADA;SI;REGULADORA (R);NULL;SI;EN PROCESO DE INVESTIGACIÓN;NO CUENTA CON CAUSA ESPECIFICA;Carretera Longitudinal de la Sierra Norte;17/12/2022;-77.381779
A-2022-12-235;15:00.0;DESPISTE;1;2;1;AYACUCHO;SUCRE;QUEROBAMBA;RURAL;CARRETERA;NACIONAL;PE-32A;-13.986602;DESPEJADO;RURAL;CURVA;INCLINADA;ASFALTADA;SI;PREVENTIVA (P);PREVENTIVA (P);NO;IMPRUDENCIA DEL CONDUCTOR;OTRO (IMPRUDENCIA DEL CONDUCTOR);PE-32A;17/12/2022;-73.850651
A-2022-12-108;02:00.0;DESPISTE;1;0;1;LAMBAYEQUE;CHICLAYO;POMALCA;RURAL;CARRETERA;PROVINCIAL;LA-816;-6.771026;DESPEJADO;RURAL;TRAMO RECTO;PLANA ;ASFALTADA;NULL;NULL;NULL;NULL;EN PROCESO DE INVESTIGACIÓN;NO CUENTA CON CAUSA ESPECIFICA;Avenida San Francisco de Asís;17/12/2022;-79.787436
A-2022-12-155;00:00.0;ATROPELLO FUGA;1;0;NULL;LIMA;LIMA;LURIN;URBANA;CARRETERA;NACIONAL;PE-1S;-12.250006;DESPEJADO;COMERCIAL;TRAMO RECTO;PLANA ;ASFALTADA;NULL;NULL;NULL;NULL;EN PROCESO DE INVESTIGACIÓN;NO CUENTA CON CAUSA ESPECIFICA;Carretera Panamericana Sur;18/12/2022;-76.931258
A-2022-12-231;50:00.0;ESPECIAL;1;0;NULL;LIMA;LIMA;LURIGANCHO;URBANA;AUTOPISTA;URBANO;NO CORRESPONDE;-12.007383;DESPEJADO;COMERCIAL;OTRO;INCLINADA;TROCHA;NULL;NULL;NULL;NULL;EN PROCESO DE INVESTIGACIÓN;NO CUENTA CON CAUSA ESPECIFICA;Calle 33;18/12/2022;-76.878684
A-2022-12-23;00:00.0;CHOQUE;1;0;2;AREQUIPA;AREQUIPA;YURA;RURAL;CARRETERA;NACIONAL;PE-34A;-16.29621;DESPEJADO;RURAL;CURVA;INCLINADA;ASFALTADA;NO;NULL;NULL;SI;EN PROCESO DE INVESTIGACIÓN;NO CUENTA CON CAUSA ESPECIFICA;Vía Interoceánica Sur - Tramo 5;18/12/2022;-71.642363
A-2022-12-156;00:00.0;DESPISTE;1;1;NULL;LIMA;LIMA;PUENTE PIEDRA;URBANA;CARRETERA;NACIONAL;PE-1N;-11.862725;DESPEJADO;COMERCIAL;TRAMO RECTO;PLANA ;ASFALTADA;NULL;NULL;NULL;NULL;EN PROCESO DE INVESTIGACIÓN;NO CUENTA CON CAUSA ESPECIFICA;Avenida Puente Piedra;19/12/2022;-77.077226
A-2022-12-79;20:00.0;CHOQUE;1;2;2;TUMBES;ZARUMILLA;MATAPALO;RURAL;CARRETERA;DEPARTAMENTAL;TU-101;-3.62768;DESPEJADO;RURAL;TRAMO RECTO;PLANA ;ASFALTADA;SI;PREVENTIVA (P);PREVENTIVA (P);NO;IMPRUDENCIA DEL CONDUCTOR;INVASIÓN DE CARRIL;TU-101;19/12/2022;-80.197159
A-2022-12-30;30:00.0;VOLCADURA;7;25;1;CUSCO;CHUMBIVILCAS;LIVITACA;RURAL;CARRETERA;PROVINCIAL;CU-1589;-14.179242;DESPEJADO;RURAL;TRAMO RECTO;INCLINADA;TROCHA;NULL;NULL;NULL;NULL;IMPRUDENCIA DEL CONDUCTOR;FATIGA Y/O CANSANCIO;CU-1589;19/12/2022;-71.595118
A-2022-12-157;25:00.0;VOLCADURA;1;0;NULL;LIMA;LIMA;PUENTE PIEDRA;URBANA;CARRETERA;NACIONAL;PE-1N;-11.900399;DESPEJADO;COMERCIAL;TRAMO RECTO;PLANA ;ASFALTADA;NULL;NULL;NULL;NULL;EN PROCESO DE INVESTIGACIÓN;NO CUENTA CON CAUSA ESPECIFICA;Avenida Panamericana Norte;19/12/2022;-77.067679
A-2022-12-193;30:00.0;ATROPELLO;1;0;NULL;JUNIN;HUANCAYO;EL TAMBO;URBANA;CARRETERA;NACIONAL;PE-24;-12.053305;SOLEADO;COMERCIAL;INTERSECCIÓN;PLANA ;ASFALTADA;NO;NULL;NULL;SI;IMPRUDENCIA DEL PEATÓN;OTRO (IMPRUDENCIA DEL PEATÓN);Avenida Independencia;19/12/2022;-75.233278
A-2022-12-222;30:00.0;ATROPELLO FUGA;1;0;NULL;PIURA;PIURA;TAMBO GRANDE;URBANA;CARRETERA;NACIONAL;PE-1NL;-4.903165;DESPEJADO;RURAL;TRAMO RECTO;PLANA ;ASFALTADA;NULL;NULL;NULL;NULL;EN PROCESO DE INVESTIGACIÓN;NO CUENTA CON CAUSA ESPECIFICA;Carretera Panamericana Norte;19/12/2022;-80.346268
A-2022-12-88;50:00.0;DESPISTE;1;1;1;LAMBAYEQUE;CHICLAYO;PIMENTEL;RURAL;CARRETERA;DEPARTAMENTAL;LA-115;-6.835819;DESPEJADO;RURAL;CURVA;PLANA ;ASFALTADA;NULL;NULL;NULL;NULL;EN PROCESO DE INVESTIGACIÓN;NO CUENTA CON CAUSA ESPECIFICA;Área residencial Pimentel Centro;19/12/2022;-79.927081
A-2022-12-189;30:00.0;ATROPELLO;1;2;2;PIURA;SULLANA;MIGUEL CHECA;RURAL;CARRETERA;NACIONAL;PE-02;-5.127405;DESPEJADO;RURAL;TRAMO RECTO;PLANA ;ASFALTADA;NULL;NULL;NULL;NULL;EN PROCESO DE INVESTIGACIÓN;NO CUENTA CON CAUSA ESPECIFICA;Carretera Paita - Piura;19/12/2022;-80.834232
A-2022-12-158;00:00.0;ATROPELLO;1;0;NULL;LIMA;LIMA;SAN MARTIN DE PORRES;URBANA;AVENIDA;URBANO;NO CORRESPONDE;-11.988612;DESPEJADO;COMERCIAL;INTERSECCIÓN;PLANA ;ASFALTADA;NULL;NULL;NULL;NULL;EN PROCESO DE INVESTIGACIÓN;NO CUENTA CON CAUSA ESPECIFICA;Avenida Los Olivos;19/12/2022;-77.081013
A-2022-12-159;45:00.0;ATROPELLO FUGA;1;0;NULL;LIMA;LIMA;LURIGANCHO;URBANA;AVENIDA;URBANO;NO CORRESPONDE;-12.005509;DESPEJADO;RESIDENCIAL;TRAMO RECTO;PLANA ;AFIRMADO;NULL;NULL;NULL;NULL;EN PROCESO DE INVESTIGACIÓN;NO CUENTA CON CAUSA ESPECIFICA;Carapongo;19/12/2022;-76.864542
A-2022-12-61;20:00.0;CHOQUE;1;0;NULL;AYACUCHO;HUAMANGA;VINCHOS;RURAL;CARRETERA;NACIONAL;PE-28A;-13.262814;DESPEJADO;RURAL;CURVA;PLANA ;TROCHA;NULL;NULL;NULL;NULL;IMPRUDENCIA DEL CONDUCTOR;CONDUCIR EN ESTADO DE EBRIEDAD Y/O DROGADICCIÓN;Vía de los Libertadores;20/12/2022;-74.313207
A-2022-12-162;30:00.0;VOLCADURA;1;0;NULL;LIMA;LIMA;RIMAC;URBANA;CARRETERA;NACIONAL;PE-1N;-12.04103;DESPEJADO;RESIDENCIAL;TRAMO RECTO;PLANA ;ASFALTADA;NULL;NULL;NULL;NULL;EN PROCESO DE INVESTIGACIÓN;NO CUENTA CON CAUSA ESPECIFICA;Vía de Evitamiento;20/12/2022;-77.033306
A-2022-12-208;00:00.0;DESPISTE;2;0;1;JUNIN;YAULI;LA OROYA;RURAL;CARRETERA;NACIONAL;PE-3S;-11.522878;DESPEJADO;RURAL;CURVA;INCLINADA;ASFALTADA;NULL;NULL;NULL;NULL;IMPRUDENCIA DEL CONDUCTOR;EXCESO DE VELOCIDAD;Carretera Longitudinal de la Sierra Sur;20/12/2022;-75.896354
A-2022-12-160;15:00.0;ATROPELLO FUGA;1;0;NULL;LIMA;LIMA;CARABAYLLO;URBANA;AVENIDA;URBANO;NO CORRESPONDE;-11.853196;DESPEJADO;COMERCIAL;TRAMO RECTO;INCLINADA;ASFALTADA;NULL;NULL;NULL;NULL;EN PROCESO DE INVESTIGACIÓN;NO CUENTA CON CAUSA ESPECIFICA;Avenida Túpac Amaru;20/12/2022;-77.003213
A-2022-12-161;15:00.0;ATROPELLO;1;0;NULL;LIMA;LIMA;PUCUSANA;URBANA;CARRETERA;NACIONAL;PE-1S;-12.450924;DESPEJADO;RURAL;TRAMO RECTO;PLANA ;ASFALTADA;NULL;NULL;NULL;NULL;EN PROCESO DE INVESTIGACIÓN;NO CUENTA CON CAUSA ESPECIFICA;Carretera Panamericana Sur;20/12/2022;-76.75534
A-2022-12-71;15:00.0;CHOQUE;1;0;2;LA LIBERTAD;PACASMAYO;GUADALUPE;RURAL;CARRETERA;NACIONAL;PE-1N;-7.311197;DESPEJADO;RURAL;TRAMO RECTO;PLANA ;ASFALTADA;NULL;NULL;NULL;NULL;EN PROCESO DE INVESTIGACIÓN;NO CUENTA CON CAUSA ESPECIFICA;Carretera Panamericana Norte;20/12/2022;-79.480883
A-2022-12-29;30:00.0;CHOQUE;1;0;2;PUNO;PUNO;CHUCUITO;RURAL;CARRETERA;NACIONAL;PE-3S;-15.900134;DESPEJADO;RURAL;TRAMO RECTO;PLANA ;ASFALTADA;NULL;NULL;NULL;NULL;INFRAESTRUCTURA Y ENTORNO VIAL;OTRO (INFRAESTRUCTURA Y ENTORNO VIAL);Carretera Longitudinal de la Sierra Sur;21/12/2022;-69.888829
A-2022-12-163;30:00.0;ATROPELLO;1;0;NULL;LIMA;LIMA;JESUS MARIA;URBANA;AVENIDA;URBANO;NO CORRESPONDE;-12.089429;DESPEJADO;COMERCIAL;TRAMO RECTO;PLANA ;ASFALTADA;SI;REGULADORA (R);NULL;NO;EN PROCESO DE INVESTIGACIÓN;NO CUENTA CON CAUSA ESPECIFICA;Avenida Faustino Sanchez Carrión;21/12/2022;-77.058546
A-2022-12-192;00:00.0;ATROPELLO;1;0;NULL;JUNIN;HUANCAYO;PILCOMAYO;URBANA;CARRETERA;NACIONAL;PE-3SB;-12.044905;DESPEJADO;RURAL;TRAMO RECTO;PLANA ;ASFALTADA;NO;NULL;NULL;SI;IMPRUDENCIA DEL PEATÓN;OTRO (IMPRUDENCIA DEL PEATÓN);Pilcomayo;21/12/2022;-75.252199
A-2022-12-32;00:00.0;CAÍDA DE PASAJERO;1;0;0;AREQUIPA;AREQUIPA;AREQUIPA;URBANA;AVENIDA;URBANO;NO CORRESPONDE;-16.405651;SOLEADO;ESCOLAR;TRAMO RECTO;INCLINADA;ASFALTADA;NO;NULL;NULL;SI;EN PROCESO DE INVESTIGACIÓN;NO CUENTA CON CAUSA ESPECIFICA;Avenida Salaverry;21/12/2022;-71.540207
A-2022-12-121;00:00.0;DESPISTE;1;0;NULL;CAJAMARCA;CUTERVO;CUTERVO;RURAL;CARRETERA;PROVINCIAL;CA-825;-6.293153;DESPEJADO;RURAL;CURVA;INCLINADA;AFIRMADO;NULL;NULL;NULL;NULL;IMPRUDENCIA DEL CONDUCTOR;EXCESO DE VELOCIDAD;CA-825;21/12/2022;-78.983829
A-2022-12-212;40:00.0;CHOQUE;1;2;2;JUNIN;SATIPO;MAZAMARI;RURAL;CARRETERA;NACIONAL;PE-5S;-11.322435;DESPEJADO;RURAL;TRAMO RECTO;PLANA ;ASFALTADA;NULL;NULL;NULL;NULL;IMPRUDENCIA DEL CONDUCTOR;EXCESO DE PASAJEROS O CARGA;Avenida Marginal;21/12/2022;-74.536598