CÓDIGO SINIESTRO;HORA SINIESTRO;CLASE SINIESTRO;CANTIDAD DE FALLECIDOS;CANTIDAD DE LESIONADOS;CANTIDAD DE VEHICULOS DAÑADOS;DEPARTAMENTO;PROVINCIA;DISTRITO;ZONA;TIPO DE VÍA;RED VIAL;COD CARRETERA;COORDENADAS LATITUD;CONDICIÓN CLIMÁTICA;ZONIFICACIÓN;CARACTERÍSTICAS DE VÍA;PERFIL LONGITUDINAL VÍA;SUPERFICIE DE CALZADA;¿EXISTE SEÑAL VERTICAL?;CLASIFICACIÓN DE LA SEÑAL VERTICAL Nº 1;CLASIFICACIÓN DE LA SEÑAL VERTICAL Nº 2;¿EXISTE SEÑAL HORIZONTAL?;CAUSA FACTOR PRINCIPAL;CAUSA ESPECÍFICA;UBICACION;FECHA SINIESTRO;COORDENADAS LONGITUD
A-2022-12-215;15:00.0;ATROPELLO FUGA;1;0;NULL;LIMA;LIMA;ANCON;URBANA;CARRETERA;NACIONAL;PE-1N;-11.784903;NULL;NULL;NULL;NULL;NULL;NULL;NULL;NULL;NULL;EN PROCESO DE INVESTIGACIÓN;NO CUENTA CON CAUSA ESPECIFICA;Carretera Panamericana Norte;31/12/2022;-77.154591
A-2022-12-229;15:00.0;ATROPELLO FUGA;1;0;NULL;LIMA;LIMA;ANCON;URBANA;CARRETERA;NACIONAL;PE-1N;-11.783896;DESPEJADO;RURAL;TRAMO RECTO;PLANA ;ASFALTADA;NULL;NULL;NULL;NULL;EN PROCESO DE INVESTIGACIÓN;NO CUENTA CON CAUSA ESPECIFICA;Carretera Panamericana Norte;31/12/2022;-77.155454
A-2023-01-12;00:00.0;DESPISTE;1;7;1;ANCASH;HUARI;PONTO;RURAL;CARRETERA;PROVINCIAL;AN-706;-9.341631;DESPEJADO;RURAL;CURVA;INCLINADA;TROCHA;NULL;NULL;NULL;NULL;EN PROCESO DE INVESTIGACIÓN;NO CUENTA CON CAUSA ESPECIFICA;AN-706;1/1/2023;-77.035269
A-2023-01-130;30:00.0;CHOQUE;1;0;NULL;LIMA;LIMA;LURIGANCHO;URBANA;CARRETERA;NACIONAL;PE-22;-12.021154;DESPEJADO;INDUSTRIAL;TRAMO RECTO;PLANA ;ASFALTADA;NULL;NULL;NULL;NULL;IMPRUDENCIA DEL CONDUCTOR;CONDUCIR EN ESTADO DE EBRIEDAD Y/O DROGADICCIÓN;Autopista Ramiro Prialé;1/1/2023;-76.928436
A-2023-01-26;30:00.0;DESPISTE;2;4;1;LA LIBERTAD;GRAN CHIMU;MARMOT;RURAL;CARRETERA;SIN CLASIFICAR;SIN CLASIFICAR;-7.6955;DESPEJADO;RURAL;TRAMO RECTO;PLANA ;AFIRMADO;NULL;NULL;NULL;NULL;IMPRUDENCIA DEL CONDUCTOR;OTRO (IMPRUDENCIA DEL CONDUCTOR);Compin;1/1/2023;-78.631627
A-2023-01-20;00:00.0;DESPISTE;1;0;1;ICA;ICA;SAN JOSE DE LOS MOLINOS;URBANA;CARRETERA;NACIONAL;PE-1SC;-13.945351;DESPEJADO;RESIDENCIAL;TRAMO RECTO;PLANA ;ASFALTADA;NULL;NULL;NULL;NULL;EN PROCESO DE INVESTIGACIÓN;NO CUENTA CON CAUSA ESPECIFICA;Avenida Victorio Gotuzzo;1/1/2023;-75.680238
A-2023-01-109;10:00.0;DESPISTE;1;0;1;MOQUEGUA;ILO;PACOCHA;RURAL;CARRETERA;NACIONAL;PE-1SD;-17.54765;DESPEJADO;RURAL;TRAMO RECTO;PLANA ;ASFALTADA;SI;PREVENTIVA (P);NULL;SI;IMPRUDENCIA DEL CONDUCTOR;FATIGA Y/O CANSANCIO;Carretera Costanera Sur;1/1/2023;-71.361506
A-2023-01-27;10:00.0;CHOQUE;1;0;2;LA LIBERTAD;PACASMAYO;PACASMAYO;RURAL;CARRETERA;NACIONAL;PE-1N;-7.392708;DESPEJADO;RURAL;TRAMO RECTO;PLANA ;ASFALTADA;NULL;NULL;NULL;NULL;EN PROCESO DE INVESTIGACIÓN;NO CUENTA CON CAUSA ESPECIFICA;Carretera Panamericana Norte;1/1/2023;-79.556168
A-2023-01-131;50:00.0;CHOQUE;1;1;NULL;LIMA;LIMA;CHORRILLOS;URBANA;AVENIDA;URBANO;NO CORRESPONDE;-12.187443;DESPEJADO;RESIDENCIAL;INTERSECCIÓN;PLANA ;ASFALTADA;NULL;NULL;NULL;NULL;IMPRUDENCIA DEL CONDUCTOR;OTRO (IMPRUDENCIA DEL CONDUCTOR);Calle Ricardo Palma;1/1/2023;-76.995348
A-2023-01-28;00:00.0;CHOQUE FUGA;1;0;1;LA LIBERTAD;TRUJILLO;HUANCHACO;URBANA;CARRETERA;NACIONAL;PE-1N;-8.086549;DESPEJADO;INDUSTRIAL;ÓVALO;INCLINADA;ASFALTADA;NULL;NULL;NULL;NULL;EN PROCESO DE INVESTIGACIÓN;NO CUENTA CON CAUSA ESPECIFICA;Carretera Panamericana Norte;1/1/2023;-79.096287
A-2023-01-32;50:00.0;ATROPELLO;1;0;1;CUSCO;ANTA;ANTA;RURAL;CARRETERA;NACIONAL;PE-3S;-13.485953;DESPEJADO;RURAL;TRAMO RECTO;PLANA ;ASFALTADA;NULL;NULL;NULL;NULL;IMPRUDENCIA DEL CONDUCTOR;EXCESO DE VELOCIDAD;Carretera Longitudinal de la Sierra Sur;1/1/2023;-72.167455
A-2023-01-7;30:00.0;DESPISTE;1;1;1;PUNO;CHUCUITO;DESAGUADERO;RURAL;CARRETERA;SIN CLASIFICAR;SIN CLASIFICAR;-16.640263;DESPEJADO;RURAL;TRAMO RECTO;PLANA ;TROCHA;NULL;NULL;NULL;NULL;IMPRUDENCIA DEL CONDUCTOR;CONDUCIR EN ESTADO DE EBRIEDAD Y/O DROGADICCIÓN;Desaguadero;1/1/2023;-69.105227
A-2023-01-9;00:00.0;ATROPELLO FUGA;1;0;NULL;PUNO;YUNGUYO;YUNGUYO;URBANA;CALLE;URBANO;NO CORRESPONDE;-16.305718;DESPEJADO;RURAL;TRAMO RECTO;PLANA ;TROCHA;NULL;NULL;NULL;NULL;IMPRUDENCIA DEL CONDUCTOR;OTRO (IMPRUDENCIA DEL CONDUCTOR);Yunguyo;1/1/2023;-69.074822
A-2023-01-8;35:00.0;DESPISTE;1;0;1;PUNO;YUNGUYO;YUNGUYO;RURAL;CARRETERA;DEPARTAMENTAL;PU-130;-16.288309;DESPEJADO;RURAL;TRAMO RECTO;PLANA ;ASFALTADA;NULL;NULL;NULL;NULL;IMPRUDENCIA DEL CONDUCTOR;OTRO (IMPRUDENCIA DEL CONDUCTOR);PU-130;1/1/2023;-69.074414
A-2023-01-6;09:00.0;CHOQUE;1;3;2;PUNO;PUNO;PAUCARCOLLA;RURAL;CARRETERA;NACIONAL;PE-3S;-15.755179;DESPEJADO;RURAL;CURVA;PLANA ;ASFALTADA;NULL;NULL;NULL;NULL;IMPRUDENCIA DEL CONDUCTOR;CONDUCIR EN ESTADO DE EBRIEDAD Y/O DROGADICCIÓN;Carretera Longitudinal de la Sierra Sur;1/1/2023;-70.051617
A-2023-01-120;58:00.0;CHOQUE;1;0;2;ANCASH;SANTA;COISHCO;URBANA;CARRETERA;NACIONAL;PE-1N;-9.019175;DESPEJADO;RURAL;TRAMO RECTO;PLANA ;CONCRETO;NULL;NULL;NULL;NULL;IMPRUDENCIA DEL CONDUCTOR;INVASIÓN DE CARRIL;Avenida Jorge Chávez;1/1/2023;-78.616854
A-2023-01-157;50:00.0;ATROPELLO FUGA;1;0;NULL;LIMA;LIMA;RIMAC;URBANA;CARRETERA;NACIONAL;PE-1N;-12.040883;DESPEJADO;COMERCIAL;TRAMO RECTO;PLANA ;ASFALTADA;NULL;NULL;NULL;NULL;IMPRUDENCIA DEL CONDUCTOR;OTRO (IMPRUDENCIA DEL CONDUCTOR);Vía de Evitamiento;2/1/2023;-77.033925
A-2023-01-132;30:00.0;ATROPELLO;1;0;NULL;LIMA;LIMA;SAN JUAN DE MIRAFLORES;URBANA;CARRETERA;NACIONAL;PE-1S;-12.162271;DESPEJADO;COMERCIAL;TRAMO RECTO;PLANA ;ASFALTADA;NULL;NULL;NULL;NULL;IMPRUDENCIA DEL PEATÓN;CRUCE INDEBIDO POR LA CALZADA;Avenida Panamericana Sur;2/1/2023;-76.981829
A-2023-01-136;10:00.0;CHOQUE;1;0;NULL;LIMA;LIMA;PUENTE PIEDRA;URBANA;CARRETERA;NACIONAL;PE-1N;-11.856181;DESPEJADO;COMERCIAL;TRAMO RECTO;PLANA ;ASFALTADA;NULL;NULL;NULL;NULL;IMPRUDENCIA DEL CONDUCTOR;OTRO (IMPRUDENCIA DEL CONDUCTOR);Carretera Panamericana Norte;2/1/2023;-77.085165
A-2023-01-1;30:00.0;CHOQUE FUGA;1;0;1;HUANUCO;LEONCIO PRADO;JOSE CRESPO Y CASTILLO;RURAL;CARRETERA;NACIONAL;PE-5N;-8.908303;DESPEJADO;RURAL;TRAMO RECTO;PLANA ;ASFALTADA;SI;REGULADORA (R);NULL;SI;EN PROCESO DE INVESTIGACIÓN;NO CUENTA CON CAUSA ESPECIFICA;Carretera Presidente Fernando Belaúnde Terry;2/1/2023;-76.093992
A-2023-01-5;30:00.0;CHOQUE;1;0;2;TACNA;TACNA;LA YARADA LOS PALOS;RURAL;CARRETERA;NACIONAL;PE-1SD;-18.118923;DESPEJADO;RURAL;TRAMO RECTO;PLANA ;ASFALTADA;NULL;NULL;NULL;NULL;IMPRUDENCIA DEL CONDUCTOR;CONDUCIR EN ESTADO DE EBRIEDAD Y/O DROGADICCIÓN;Carretera Costanera Sur;2/1/2023;-70.375177
A-2023-01-3;10:00.0;CHOQUE;1;0;2;HUANUCO;LEONCIO PRADO;RUPA-RUPA;URBANA;JIRÓN;URBANO;NO CORRESPONDE;-9.303111;DESPEJADO;COMERCIAL;INTERSECCIÓN;PLANA ;CONCRETO;NO;NULL;NULL;SI;IMPRUDENCIA DEL CONDUCTOR;OTRO (IMPRUDENCIA DEL CONDUCTOR);Jirón Callao;2/1/2023;-76.000917
A-2023-01-2;30:00.0;CHOQUE;1;0;2;HUANUCO;MARAÑON;CHOLON;RURAL;CARRETERA;NACIONAL;PE-12A;-8.611079;DESPEJADO;RURAL;CURVA;INCLINADA;AFIRMADO;NULL;NULL;NULL;NULL;EN PROCESO DE INVESTIGACIÓN;NO CUENTA CON CAUSA ESPECIFICA;Carretera Cholón;2/1/2023;-76.626569
A-2023-01-69;00:00.0;CHOQUE;1;3;2;CUSCO;CANAS;LAYO;RURAL;CARRETERA;NACIONAL;PE-3S;-14.45243;DESPEJADO;RURAL;TRAMO RECTO;PLANA ;ASFALTADA;SI;PREVENTIVA (P);NULL;SI;IMPRUDENCIA DEL CONDUCTOR;EXCESO DE VELOCIDAD;Carretera Longitudinal de la Sierra Sur;2/1/2023;-71.07294
A-2023-01-30;20:00.0;CHOQUE;1;1;2;CUSCO;URUBAMBA;YUCAY;RURAL;CARRETERA;NACIONAL;PE-28B;-13.329805;DESPEJADO;RURAL;TRAMO RECTO;PLANA ;ASFALTADA;NULL;NULL;NULL;NULL;IMPRUDENCIA DEL CONDUCTOR;OTRO (IMPRUDENCIA DEL CONDUCTOR);PE-28B;2/1/2023;-72.072447
A-2023-01-29;30:00.0;ATROPELLO;1;0;2;LA LIBERTAD;TRUJILLO;HUANCHACO;RURAL;CARRETERA;SIN CLASIFICAR;SIN CLASIFICAR;-8.009822;DESPEJADO;COMERCIAL;TRAMO RECTO;PLANA ;CONCRETO;NULL;NULL;NULL;NULL;IMPRUDENCIA DEL CONDUCTOR;OTRO (IMPRUDENCIA DEL CONDUCTOR);El Milagro;3/1/2023;-79.048239
A-2023-01-133;00:00.0;ATROPELLO;1;0;NULL;LIMA;LIMA;COMAS;URBANA;JIRÓN;URBANO;NO CORRESPONDE;-11.935601;DESPEJADO;RESIDENCIAL;TRAMO RECTO;PLANA ;ASFALTADA;NO;NULL;NULL;SI;IMPRUDENCIA DEL PEATÓN;OTRO (IMPRUDENCIA DEL PEATÓN);Jirón Enrique Paillardelle;3/1/2023;-77.050457
A-2023-01-134;30:00.0;CHOQUE;1;0;NULL;LIMA;LIMA;SANTIAGO DE SURCO;URBANA;CARRETERA;NACIONAL;PE-1S;-12.131482;DESPEJADO;COMERCIAL;TRAMO RECTO;PLANA ;ASFALTADA;NULL;NULL;NULL;NULL;IMPRUDENCIA DEL CONDUCTOR;OTRO (IMPRUDENCIA DEL CONDUCTOR);Carretera Panamericana Sur;4/1/2023;-76.978481
A-2023-01-115;30:00.0;CAÍDA DE PASAJERO;1;0;0;PIURA;PIURA;LA ARENA;URBANA;CARRETERA;PROVINCIAL;PI-1011;-5.314812;DESPEJADO;RURAL;TRAMO RECTO;PLANA ;ASFALTADA;NULL;NULL;NULL;NULL;IMPRUDENCIA DEL CONDUCTOR;OTRO (IMPRUDENCIA DEL CONDUCTOR);PI-1011;4/1/2023;-80.713105
A-2023-01-4;30:00.0;ATROPELLO;1;0;1;HUANUCO;LEONCIO PRADO;PUEBLO NUEVO;RURAL;CARRETERA;NACIONAL;PE-5N;-9.089441;DESPEJADO;RURAL;TRAMO RECTO;PLANA ;ASFALTADA;NULL;NULL;NULL;NULL;EN PROCESO DE INVESTIGACIÓN;NO CUENTA CON CAUSA ESPECIFICA;Carretera Presidente Fernando Belaúnde Terry;4/1/2023;-76.060999
A-2023-01-18;00:00.0;DESPISTE;1;0;1;HUANCAVELICA;ANGARAES;LIRCAY;RURAL;CARRETERA;DEPARTAMENTAL;HV-116;-13.033945;DESPEJADO;RURAL;TRAMO RECTO;INCLINADA;AFIRMADO;NULL;NULL;NULL;NULL;EN PROCESO DE INVESTIGACIÓN;NO CUENTA CON CAUSA ESPECIFICA;HV-116;4/1/2023;-74.799888
A-2023-01-116;10:00.0;DESPISTE;1;0;1;PIURA;PIURA;PIURA;URBANA;AVENIDA;URBANO;NO CORRESPONDE;-5.181645;DESPEJADO;COMERCIAL;INTERSECCIÓN;PLANA ;ASFALTADA;NULL;NULL;NULL;NULL;IMPRUDENCIA DEL CONDUCTOR;CONDUCIR EN ESTADO DE EBRIEDAD Y/O DROGADICCIÓN;Avenida D;4/1/2023;-80.640006
A-2023-01-61;44:00.0;ATROPELLO FUGA;1;0;0;JUNIN;HUANCAYO;SAÑO;URBANA;CARRETERA;NACIONAL;PE-3S;-11.96927;DESPEJADO;COMERCIAL;TRAMO RECTO;INCLINADA;ASFALTADA;NULL;NULL;NULL;NULL;IMPRUDENCIA DEL PEATÓN;ESTADO DE EBRIEDAD Y/O DROGADICCIÓN;Carretera Longitudinal de la Sierra Sur;5/1/2023;-75.269729
A-2023-01-353;30:00.0;ATROPELLO;1;0;1;LIMA;BARRANCA;SUPE PUERTO;URBANA;CARRETERA;NACIONAL;PE-1N;-10.779522;DESPEJADO;INDUSTRIAL;TRAMO RECTO;PLANA ;ASFALTADA;NULL;NULL;NULL;NULL;IMPRUDENCIA DEL CONDUCTOR;OTRO (IMPRUDENCIA DEL CONDUCTOR);Panamericana Norte;6/1/2023;-77.718436
A-2023-01-77;00:00.0;CHOQUE CON OBJETO FIJO;1;2;5;CAJAMARCA;SAN IGNACIO;SAN IGNACIO;URBANA;AVENIDA;URBANO;NO CORRESPONDE;-5.140763;SOLEADO;RESIDENCIAL;TRAMO RECTO;INCLINADA;ASFALTADA;NULL;NULL;NULL;NULL;NEGLIGENCIA DEL CONDUCTOR;CONDUCIR CON FALLAS DE FRENOS;San Ignacio;6/1/2023;-78.999626
A-2023-01-347;40:00.0;ATROPELLO;1;0;NULL;LIMA;LIMA;CARABAYLLO;URBANA;AVENIDA;URBANO;NO CORRESPONDE;-11.895648;DESPEJADO;COMERCIAL;INTERSECCIÓN;INCLINADA;ASFALTADA;NULL;NULL;NULL;NULL;IMPRUDENCIA DEL CONDUCTOR;OTRO (IMPRUDENCIA DEL CONDUCTOR);Avenida Túpac Amaru;7/1/2023;-77.029572
A-2023-01-119;15:00.0;ATROPELLO;1;0;1;PIURA;PIURA;CATACAOS;URBANA;CARRETERA;NACIONAL;PE-1NK;-5.243447;DESPEJADO;COMERCIAL;TRAMO RECTO;PLANA ;ASFALTADA;NULL;NULL;NULL;NULL;IMPRUDENCIA DEL CONDUCTOR;INVASIÓN DE CARRIL;Carretera Piura - Sechura;7/1/2023;-80.649673
A-2023-01-34;00:00.0;DESPISTE;7;3;1;ANCASH;SIHUAS;SIHUAS;RURAL;CARRETERA;NACIONAL;PE-12A;-8.555528;DESPEJADO;RURAL;CURVA;PLANA ;ASFALTADA;NULL;NULL;NULL;NULL;EN PROCESO DE INVESTIGACIÓN;NO CUENTA CON CAUSA ESPECIFICA;Jirón Bolivar;7/1/2023;-77.630245
A-2023-01-76;00:00.0;CHOQUE;1;0;2;CAJAMARCA;CAJAMARCA;LLACANORA;RURAL;CARRETERA;NACIONAL;PE-3N;-7.207936;DESPEJADO;RURAL;CURVA;INCLINADA;ASFALTADA;SI;REGULADORA (R);PREVENTIVA (P);SI;EN PROCESO DE INVESTIGACIÓN;NO CUENTA CON CAUSA ESPECIFICA;Carretera Longitudinal de la Sierra Norte;7/1/2023;-78.393538
A-2023-01-10;10:00.0;CHOQUE;1;0;2;PUNO;PUNO;PUNO;URBANA;JIRÓN;URBANO;NO CORRESPONDE;-15.84638;DESPEJADO;COMERCIAL;OTRO;PLANA ;ASFALTADA;NULL;NULL;NULL;NULL;IMPRUDENCIA DEL CONDUCTOR;OTRO (IMPRUDENCIA DEL CONDUCTOR);Laykakota;8/1/2023;-70.023327
A-2023-01-135;00:00.0;ATROPELLO;1;1;NULL;LIMA;LIMA;CIENEGUILLA;URBANA;AVENIDA;URBANO;NO CORRESPONDE;-12.087359;DESPEJADO;COMERCIAL;TRAMO RECTO;PLANA ;ASFALTADA;NULL;NULL;NULL;NULL;EN PROCESO DE INVESTIGACIÓN;NO CUENTA CON CAUSA ESPECIFICA;Avenida Cieneguilla;8/1/2023;-76.863378
A-2023-01-38;50:00.0;CHOQUE;1;0;2;LA LIBERTAD;PACASMAYO;PACASMAYO;URBANA;AVENIDA;URBANO;NO CORRESPONDE;-7.412962;DESPEJADO;COMERCIAL;INTERSECCIÓN;PLANA ;ASFALTADA;NULL;NULL;NULL;NULL;IMPRUDENCIA DEL CONDUCTOR;EXCESO DE VELOCIDAD;Pacasmayo;8/1/2023;-79.563257
A-2023-01-14;05:00.0;VOLCADURA;1;0;1;AREQUIPA;ISLAY;ISLAY;RURAL;CARRETERA;NACIONAL;PE-34;-16.963416;DESPEJADO;RURAL;CURVA;PLANA ;ASFALTADA;NO;NULL;NULL;SI;EN PROCESO DE INVESTIGACIÓN;NO CUENTA CON CAUSA ESPECIFICA;Carretera Interoceánica Sur;8/1/2023;-72.056223
A-2023-01-40;00:00.0;DESPISTE;1;5;1;LA LIBERTAD;ASCOPE;CHOCOPE;RURAL;CARRETERA;NACIONAL;PE-1N;-7.788367;DESPEJADO;RURAL;TRAMO RECTO;PLANA ;ASFALTADA;NULL;NULL;NULL;NULL;EN PROCESO DE INVESTIGACIÓN;NO CUENTA CON CAUSA ESPECIFICA;Panamericana Norte;8/1/2023;-79.234394
A-2023-01-354;30:00.0;DESPISTE;1;2;NULL;JUNIN;CHANCHAMAYO;PERENE;RURAL;CARRETERA;NACIONAL;PE-5S;-10.932242;NULL;NULL;NULL;NULL;NULL;NULL;NULL;NULL;NULL;EN PROCESO DE INVESTIGACIÓN;NO CUENTA CON CAUSA ESPECIFICA;Carretera Longitudinal de la Selva Sur;10/1/2023;-75.14134
A-2023-01-88;30:00.0;CHOQUE;1;0;2;LAMBAYEQUE;CHICLAYO;TUMAN;RURAL;CARRETERA;PROVINCIAL;LA-760;-6.78479;DESPEJADO;RURAL;TRAMO RECTO;PLANA ;ASFALTADA;NULL;NULL;NULL;NULL;EN PROCESO DE INVESTIGACIÓN;NO CUENTA CON CAUSA ESPECIFICA;LA-760;10/1/2023;-79.685755
A-2023-01-101;00:00.0;DESPISTE;1;3;1;JUNIN;YAULI;MOROCOCHA;RURAL;CARRETERA;NACIONAL;PE-22;-11.59057;DESPEJADO;RURAL;TRAMO RECTO;INCLINADA;ASFALTADA;SI;REGULADORA (R);PREVENTIVA (P);SI;EN PROCESO DE INVESTIGACIÓN;NO CUENTA CON CAUSA ESPECIFICA;Carretera Central;10/1/2023;-76.073211
A-2023-01-55;50:00.0;ATROPELLO FUGA;1;0;NULL;AREQUIPA;AREQUIPA;CERRO COLORADO;URBANA;CARRETERA;NACIONAL;PE-34A;-16.340208;DESPEJADO;COMERCIAL;PUENTE;PLANA ;ASFALTADA;NO;NULL;NULL;SI;EN PROCESO DE INVESTIGACIÓN;NO CUENTA CON CAUSA ESPECIFICA;Vía Interoceánica Sur - Tramo 5;11/1/2023;-71.588746
A-2023-01-41;30:00.0;DESPISTE;1;0;1;LA LIBERTAD;VIRU;VIRU;URBANA;CARRETERA;PROVINCIAL;LI-1150;-8.421435;DESPEJADO;COMERCIAL;TRAMO RECTO;PLANA ;ASFALTADA;NULL;NULL;NULL;NULL;IMPRUDENCIA DEL CONDUCTOR;OTRO (IMPRUDENCIA DEL CONDUCTOR);Avenida Virú;11/1/2023;-78.77558
A-2023-01-67;00:00.0;CHOQUE;1;1;2;CUSCO;PAUCARTAMBO;KOSÑIPATA;RURAL;CARRETERA;DEPARTAMENTAL;CU-111;-12.97808;DESPEJADO;RURAL;TRAMO RECTO;PLANA ;AFIRMADO;NULL;NULL;NULL;NULL;IMPRUDENCIA DEL CONDUCTOR;CONDUCIR EN ESTADO DE EBRIEDAD Y/O DROGADICCIÓN;Kosñipata;11/1/2023;-71.46652
A-2023-01-93;00:00.0;CHOQUE;1;2;2;CAJAMARCA;JAEN;BELLAVISTA;RURAL;CARRETERA;NACIONAL;PE-5N;-5.549596;DESPEJADO;RURAL;TRAMO RECTO;PLANA ;ASFALTADA;NULL;NULL;NULL;NULL;EN PROCESO DE INVESTIGACIÓN;NO CUENTA CON CAUSA ESPECIFICA;PE-5N;11/1/2023;-78.810569
A-2023-01-137;45:00.0;CHOQUE;1;0;NULL;LIMA;LIMA;LIMA;URBANA;AVENIDA;URBANO;NO CORRESPONDE;-12.079509;DESPEJADO;COMERCIAL;INTERSECCIÓN;PLANA ;ASFALTADA;SI;INFORMATIVA (I);REGULADORA (R);SI;NEGLIGENCIA DEL CONDUCTOR;OTRO (NEGLIGENCIA DEL CONDUCTOR);Calle Manuel Segura;12/1/2023;-77.034023
A-2023-01-19;45:00.0;DESPISTE;2;1;1;HUANUCO;LEONCIO PRADO;JOSE CRESPO Y CASTILLO;RURAL;CARRETERA;NACIONAL;PE-5N;-8.861548;DESPEJADO;RURAL;CURVA;PLANA ;ASFALTADA;SI;PREVENTIVA (P);NULL;SI;EN PROCESO DE INVESTIGACIÓN;NO CUENTA CON CAUSA ESPECIFICA;Carretera Presidente Fernando Belaúnde Terry;12/1/2023;-76.104031
A-2023-01-125;15:00.0;ATROPELLO;1;0;1;ICA;CHINCHA;PUEBLO NUEVO;URBANA;AVENIDA;URBANO;NO CORRESPONDE;-13.407661;DESPEJADO;RESIDENCIAL;INTERSECCIÓN;PLANA ;ASFALTADA;SI;INFORMATIVA (I);NULL;NO;IMPRUDENCIA DEL CONDUCTOR;NO ESTABLECER EL DERECHO DE PASO;Jirón 23 de Mayo;12/1/2023;-76.131825
A-2023-01-111;00:00.0;ATROPELLO;1;0;NULL;HUANUCO;HUANUCO;AMARILIS;URBANA;CARRETERA;NACIONAL;PE-18A;-9.944878;DESPEJADO;COMERCIAL;TRAMO RECTO;PLANA ;ASFALTADA;NULL;NULL;NULL;NULL;IMPRUDENCIA DEL CONDUCTOR;EXCESO DE VELOCIDAD;Carretera Central;12/1/2023;-76.240182
A-2023-01-74;30:00.0;DESPISTE;1;0;1;JUNIN;CONCEPCION;SAN JOSE DE QUERO;RURAL;CARRETERA;PROVINCIAL;JU-787;-12.108402;NUBLADO;RURAL;CURVA;PLANA ;AFIRMADO;NULL;NULL;NULL;NULL;NEGLIGENCIA DEL CONDUCTOR;OTRO (NEGLIGENCIA DEL CONDUCTOR);JU-761;12/1/2023;-75.630951
A-2023-01-124;30:00.0;CHOQUE;4;5;3;PIURA;PIURA;EL TALLAN;URBANA;CARRETERA;NACIONAL;PE-1N;-5.454041;DESPEJADO;RURAL;TRAMO RECTO;PLANA ;ASFALTADA;SI;REGULADORA (R);REGULADORA (R);NO;IMPRUDENCIA DEL CONDUCTOR;EXCESO DE VELOCIDAD;Carretera Panamericana Norte;12/1/2023;-80.606718
A-2023-01-92;30:00.0;ATROPELLO;1;0;0;LAMBAYEQUE;LAMBAYEQUE;OLMOS;RURAL;OTRO;URBANO;NO CORRESPONDE;-5.987162;DESPEJADO;COMERCIAL;TRAMO RECTO;PLANA ;ASFALTADA;NULL;NULL;NULL;NULL;EN PROCESO DE INVESTIGACIÓN;NO CUENTA CON CAUSA ESPECIFICA;Jirón Tarata;13/1/2023;-79.745705
A-2023-01-348;00:00.0;CHOQUE;1;0;NULL;LIMA;LIMA;LOS OLIVOS;URBANA;AVENIDA;URBANO;NO CORRESPONDE;-11.983252;DESPEJADO;COMERCIAL;INTERSECCIÓN;PLANA ;ASFALTADA;SI;PREVENTIVA (P);PREVENTIVA (P);SI;IMPRUDENCIA DEL CONDUCTOR;OTRO (IMPRUDENCIA DEL CONDUCTOR);Avenida Los Alisos;13/1/2023;-77.078394
A-2023-01-78;40:00.0;CHOQUE;1;2;2;CAJAMARCA;CAJAMARCA;LLACANORA;RURAL;CARRETERA;PROVINCIAL;CA-1459;-7.211734;DESPEJADO;RURAL;TRAMO RECTO;PLANA ;ASFALTADA;NO;NULL;NULL;SI;EN PROCESO DE INVESTIGACIÓN;NO CUENTA CON CAUSA ESPECIFICA;Carretera Jesús;13/1/2023;-78.440499
A-2023-01-112;45:00.0;ATROPELLO;1;0;NULL;HUANUCO;HUANUCO;CHINCHAO;RURAL;CARRETERA;NACIONAL;PE-18A;-9.630918;DESPEJADO;RURAL;CURVA;INCLINADA;ASFALTADA;NULL;NULL;NULL;NULL;IMPRUDENCIA DEL CONDUCTOR;EXCESO DE VELOCIDAD;Carretera Central;13/1/2023;-76.06591
A-2023-01-138;15:00.0;DESPISTE;1;0;NULL;LIMA;LIMA;COMAS;URBANA;AVENIDA;URBANO;NO CORRESPONDE;-11.911919;DESPEJADO;COMERCIAL;TRAMO RECTO;PLANA ;ASFALTADA;NULL;NULL;NULL;NULL;IMPRUDENCIA DEL CONDUCTOR;CONDUCIR EN ESTADO DE EBRIEDAD Y/O DROGADICCIÓN;Avenida Túpac Amaru;14/1/2023;-77.038622
A-2023-01-70;40:00.0;ATROPELLO;1;0;1;LIMA;HUAURA;VEGUETA;RURAL;CARRETERA;NACIONAL;PE-1N;-11.00132;DESPEJADO;RURAL;TRAMO RECTO;PLANA ;ASFALTADA;SI;REGULADORA (R);NULL;NO;IMPRUDENCIA DEL PEATÓN;CRUCE INDEBIDO POR LA CALZADA;Carretera Panamericana Norte;14/1/2023;-77.61942
A-2023-01-16;00:00.0;DESPISTE;1;0;1;PUNO;PUNO;PUNO;RURAL;CARRETERA;PROVINCIAL;AR-724;-15.878851;DESPEJADO;RURAL;TRAMO RECTO;INCLINADA;TROCHA;NULL;NULL;NULL;NULL;IMPRUDENCIA DEL CONDUCTOR;OTRO (IMPRUDENCIA DEL CONDUCTOR);Salcedo;14/1/2023;-70.00609
A-2023-01-58;30:00.0;CHOQUE;1;0;2;AREQUIPA;AREQUIPA;CERRO COLORADO;URBANA;CARRETERA;NACIONAL;PE-34A;-16.346681;DESPEJADO;COMERCIAL;TRAMO RECTO;INCLINADA;ASFALTADA;NO;NULL;NULL;SI;EN PROCESO DE INVESTIGACIÓN;NO CUENTA CON CAUSA ESPECIFICA;Vía de Evitamiento;14/1/2023;-71.581686