CÓDIGO SINIESTRO;HORA SINIESTRO;CLASE SINIESTRO;CANTIDAD DE FALLECIDOS;CANTIDAD DE LESIONADOS;CANTIDAD DE VEHICULOS DAÑADOS;DEPARTAMENTO;PROVINCIA;DISTRITO;ZONA;TIPO DE VÍA;RED VIAL;COD CARRETERA;COORDENADAS LATITUD;CONDICIÓN CLIMÁTICA;ZONIFICACIÓN;CARACTERÍSTICAS DE VÍA;PERFIL LONGITUDINAL VÍA;SUPERFICIE DE CALZADA;¿EXISTE SEÑAL VERTICAL?;CLASIFICACIÓN DE LA SEÑAL VERTICAL Nº 1;CLASIFICACIÓN DE LA SEÑAL VERTICAL Nº 2;¿EXISTE SEÑAL HORIZONTAL?;CAUSA FACTOR PRINCIPAL;CAUSA ESPECÍFICA;UBICACION;FECHA SINIESTRO;COORDENADAS LONGITUD
A-2023-01-90;20:00.0;CHOQUE;1;0;2;LAMBAYEQUE;CHICLAYO;CHICLAYO;URBANA;AVENIDA;URBANO;NO CORRESPONDE;-6.787937;SOLEADO;RESIDENCIAL;TRAMO RECTO;PLANA ;ASFALTADA;NULL;NULL;NULL;NULL;EN PROCESO DE INVESTIGACIÓN;NO CUENTA CON CAUSA ESPECIFICA;Prolongación Avenida Francisco Bolognesi;14/1/2023;-79.870403
A-2023-01-80;00:00.0;DESPISTE;1;0;1;CAJAMARCA;SAN MIGUEL;SAN GREGORIO;RURAL;CARRETERA;DEPARTAMENTAL;CA-100;-7.053936;SOLEADO;RURAL;CURVA;INCLINADA;AFIRMADO;NULL;NULL;NULL;NULL;IMPRUDENCIA DEL CONDUCTOR;EXCESO DE VELOCIDAD;CA-100;15/1/2023;-79.093398
A-2023-01-117;57:00.0;DESPISTE;1;0;1;PIURA;PIURA;PIURA;RURAL;CARRETERA;NACIONAL;PE-1N;-5.041108;DESPEJADO;RURAL;TRAMO RECTO;PLANA ;ASFALTADA;NULL;NULL;NULL;NULL;IMPRUDENCIA DEL CONDUCTOR;EXCESO DE VELOCIDAD;Carretera Panamericana Norte;15/1/2023;-80.701613
A-2023-01-89;20:00.0;DESPISTE;1;1;1;LAMBAYEQUE;CHICLAYO;REQUE;RURAL;CARRETERA;SIN CLASIFICAR;SIN CLASIFICAR;-6.837588;DESPEJADO;RURAL;CURVA;PLANA ;ASFALTADA;NULL;NULL;NULL;NULL;EN PROCESO DE INVESTIGACIÓN;NO CUENTA CON CAUSA ESPECIFICA;Reque;15/1/2023;-79.795235
A-2023-01-17;00:00.0;DESPISTE;1;0;1;SAN MARTIN;MOYOBAMBA;MOYOBAMBA;URBANA;CARRETERA;DEPARTAMENTAL;SM-100;-6.05784;DESPEJADO;RESIDENCIAL;TRAMO RECTO;PLANA ;ASFALTADA;NULL;NULL;NULL;NULL;IMPRUDENCIA DEL CONDUCTOR;OTRO (IMPRUDENCIA DEL CONDUCTOR);Carretera Moyobamba - San Martín;15/1/2023;-76.97303
A-2023-01-79;00:00.0;DESPISTE;1;0;1;CAJAMARCA;SAN IGNACIO;SAN IGNACIO;RURAL;CARRETERA;PROVINCIAL;CA-533;-5.11145;LLUVIOSO;RURAL;CURVA;INCLINADA;AFIRMADO;NULL;NULL;NULL;NULL;NEGLIGENCIA DEL CONDUCTOR;OTRO (NEGLIGENCIA DEL CONDUCTOR);San Ignacio;15/1/2023;-79.021492
A-2023-01-13;15:00.0;CHOQUE;1;0;2;SAN MARTIN;MOYOBAMBA;MOYOBAMBA;RURAL;CARRETERA;NACIONAL;PE-5N;-6.049138;DESPEJADO;RURAL;CURVA;PLANA ;ASFALTADA;NULL;NULL;NULL;NULL;EN PROCESO DE INVESTIGACIÓN;NO CUENTA CON CAUSA ESPECIFICA;Carretera Presidente Fernando Belaúnde Terry;15/1/2023;-77.040499
A-2023-01-21;30:00.0;DESPISTE;1;6;1;ANCASH;CARHUAZ;SHILLA;RURAL;CARRETERA;DEPARTAMENTAL;AN-107;-9.134542;LLUVIOSO;RURAL;SINUOSA;INCLINADA;ASFALTADA;SI;REGULADORA (R);PREVENTIVA (P);NO;EN PROCESO DE INVESTIGACIÓN;NO CUENTA CON CAUSA ESPECIFICA;AN-107;15/1/2023;-77.539092
A-2023-01-71;00:00.0;ATROPELLO;1;0;1;LIMA;HUAURA;SANTA MARIA;RURAL;CARRETERA;NACIONAL;PE-1N;-11.07643;DESPEJADO;RURAL;TRAMO RECTO;PLANA ;ASFALTADA;SI;REGULADORA (R);NULL;NO;IMPRUDENCIA DEL PEATÓN;CRUCE INDEBIDO POR LA CALZADA;Carretera Panamericana Norte;15/1/2023;-77.5829
A-2023-01-42;30:00.0;ATROPELLO FUGA;1;0;NULL;LA LIBERTAD;TRUJILLO;VICTOR LARCO HERRERA;URBANA;CARRETERA;NACIONAL;PE-1N;-8.140826;DESPEJADO;INDUSTRIAL;TRAMO RECTO;PLANA ;ASFALTADA;NULL;NULL;NULL;NULL;EN PROCESO DE INVESTIGACIÓN;NO CUENTA CON CAUSA ESPECIFICA;Avenida 2 de Mayo;15/1/2023;-79.052276
A-2023-01-50;00:00.0;DESPISTE;3;5;1;TACNA;TACNA;TACNA;RURAL;CARRETERA;NACIONAL;PE-1S;-18.226601;DESPEJADO;RURAL;TRAMO RECTO;PLANA ;ASFALTADA;SI;REGULADORA (R);NULL;NO;IMPRUDENCIA DEL CONDUCTOR;CONDUCIR EN ESTADO DE EBRIEDAD Y/O DROGADICCIÓN;Carretera Panamericana Sur;16/1/2023;-70.324208
A-2023-01-126;45:00.0;CHOQUE;1;0;NULL;MADRE DE DIOS;TAMBOPATA;TAMBOPATA;RURAL;CARRETERA;NACIONAL;PE-30C;-12.636616;NULL;NULL;NULL;NULL;NULL;NULL;NULL;NULL;NULL;EN PROCESO DE INVESTIGACIÓN;NO CUENTA CON CAUSA ESPECIFICA;Interoceánica Sur;16/1/2023;-69.259765
A-2023-01-43;30:00.0;ATROPELLO FUGA;1;0;NULL;LA LIBERTAD;TRUJILLO;LAREDO;RURAL;CARRETERA;NACIONAL;PE-10A;-8.099256;DESPEJADO;RURAL;TRAMO RECTO;PLANA ;ASFALTADA;NULL;NULL;NULL;NULL;IMPRUDENCIA DEL CONDUCTOR;OTRO (IMPRUDENCIA DEL CONDUCTOR);Carretera Industrial;16/1/2023;-78.957468
A-2023-01-346;35:00.0;CHOQUE;1;1;NULL;LIMA;LIMA;VILLA EL SALVADOR;URBANA;AVENIDA;URBANO;NO CORRESPONDE;-12.218473;DESPEJADO;RESIDENCIAL;INTERSECCIÓN;PLANA ;ASFALTADA;NULL;NULL;NULL;NULL;IMPRUDENCIA DEL CONDUCTOR;OTRO (IMPRUDENCIA DEL CONDUCTOR);Avenida Mariano Pastor Sevilla;17/1/2023;-76.945553
A-2023-01-15;45:00.0;DESPISTE;1;0;1;AREQUIPA;AREQUIPA;VITOR;URBANA;AVENIDA;URBANO;NO CORRESPONDE;-16.471201;DESPEJADO;RESIDENCIAL;TRAMO RECTO;PLANA ;ASFALTADA;NO;NULL;NULL;SI;EN PROCESO DE INVESTIGACIÓN;NO CUENTA CON CAUSA ESPECIFICA;Jirón 4;17/1/2023;-71.939116
A-2023-01-139;10:00.0;CAÍDA DE PASAJERO;1;0;NULL;LIMA;LIMA;PUENTE PIEDRA;URBANA;CARRETERA;NACIONAL;PE-1N;-11.840191;DESPEJADO;COMERCIAL;TRAMO RECTO;PLANA ;ASFALTADA;NULL;NULL;NULL;NULL;IMPRUDENCIA DEL PEATÓN;OTRO (IMPRUDENCIA DEL PEATÓN);Carretera Panamericana Norte;17/1/2023;-77.105128
A-2023-01-140;00:00.0;CHOQUE;1;0;NULL;LIMA;LIMA;ANCON;URBANA;CALLE;URBANO;NO CORRESPONDE;-11.782084;DESPEJADO;RESIDENCIAL;INTERSECCIÓN;PLANA ;ASFALTADA;NULL;NULL;NULL;NULL;IMPRUDENCIA DEL CONDUCTOR;EXCESO DE VELOCIDAD;Calle Santander;17/1/2023;-77.161735
A-2023-01-141;00:00.0;ATROPELLO FUGA;1;0;NULL;LIMA;LIMA;SAN MARTIN DE PORRES;URBANA;AVENIDA;URBANO;NO CORRESPONDE;-12.015535;DESPEJADO;COMERCIAL;INTERSECCIÓN;PLANA ;ASFALTADA;SI;PREVENTIVA (P);NULL;NO;EN PROCESO DE INVESTIGACIÓN;NO CUENTA CON CAUSA ESPECIFICA;Avenida Alfredo Mendiola;18/1/2023;-77.059596
A-2022-01-345;30:00.0;CHOQUE;1;0;NULL;LIMA;LIMA;SAN JUAN DE MIRAFLORES;URBANA;CALLE;URBANO;NO CORRESPONDE;-12.188759;DESPEJADO;RESIDENCIAL;TRAMO RECTO;PLANA ;ASFALTADA;NULL;NULL;NULL;NULL;IMPRUDENCIA DEL CONDUCTOR;OTRO (IMPRUDENCIA DEL CONDUCTOR);Las Orquídeas;18/1/2023;-76.960674
A-2023-01-128;50:00.0;DESPISTE;1;1;NULL;MADRE DE DIOS;TAMBOPATA;LAS PIEDRAS;RURAL;CARRETERA;NACIONAL;PE-30C;-12.520654;NULL;NULL;NULL;NULL;NULL;NULL;NULL;NULL;NULL;EN PROCESO DE INVESTIGACIÓN;NO CUENTA CON CAUSA ESPECIFICA;Transoceánica;18/1/2023;-69.135652
A-2023-01-87;20:00.0;CHOQUE;1;0;2;JUNIN;YAULI;LA OROYA;RURAL;CARRETERA;NACIONAL;PE-22;-11.613197;DESPEJADO;RURAL;CURVA;PLANA ;ASFALTADA;NULL;NULL;NULL;NULL;EN PROCESO DE INVESTIGACIÓN;NO CUENTA CON CAUSA ESPECIFICA;Carretera Central;18/1/2023;-75.980424
A-2023-01-81;30:00.0;DESPISTE;1;0;1;CAJAMARCA;JAEN;JAEN;URBANA;CALLE;URBANO;NO CORRESPONDE;-5.710252;DESPEJADO;RESIDENCIAL;TRAMO RECTO;PLANA ;CONCRETO;NULL;NULL;NULL;NULL;IMPRUDENCIA DEL CONDUCTOR;OTRO (IMPRUDENCIA DEL CONDUCTOR);Mariscal Ureta;18/1/2023;-78.816984
A-2023-01-127;00:00.0;CHOQUE;1;0;NULL;MADRE DE DIOS;TAMBOPATA;LABERINTO;RURAL;CARRETERA;NACIONAL;PE-30C;-12.747705;NULL;NULL;NULL;NULL;NULL;NULL;NULL;NULL;NULL;EN PROCESO DE INVESTIGACIÓN;NO CUENTA CON CAUSA ESPECIFICA;Interoceánica Sur;18/1/2023;-69.550746
A-2023-01-143;30:00.0;ATROPELLO FUGA;1;0;NULL;LIMA;LIMA;COMAS;URBANA;AVENIDA;URBANO;NO CORRESPONDE;-11.928095;DESPEJADO;RESIDENCIAL;TRAMO RECTO;PLANA ;ASFALTADA;NULL;NULL;NULL;NULL;EN PROCESO DE INVESTIGACIÓN;NO CUENTA CON CAUSA ESPECIFICA;Avenida Universitaria;18/1/2023;-77.052621
A-2023-01-118;15:00.0;CHOQUE;1;1;1;PIURA;PIURA;PIURA;URBANA;AVENIDA;URBANO;NO CORRESPONDE;-5.182126;DESPEJADO;COMERCIAL;INTERSECCIÓN;PLANA ;ASFALTADA;NO;NULL;NULL;SI;IMPRUDENCIA DEL CONDUCTOR;DESACATO DE SEÑAL DE TRÁNSITO;Avenida Andrés Avelino Cáceres;19/1/2023;-80.640035
A-2023-01-144;45:00.0;ATROPELLO;2;0;NULL;LIMA;LIMA;SANTIAGO DE SURCO;URBANA;CARRETERA;NACIONAL;PE-1S;-12.130801;DESPEJADO;COMERCIAL;TRAMO RECTO;PLANA ;ASFALTADA;SI;REGULADORA (R);INFORMATIVA (I);NO;IMPRUDENCIA DEL CONDUCTOR;OTRO (IMPRUDENCIA DEL CONDUCTOR);Carretera Panamericana Sur;19/1/2023;-76.978133
A-2023-01-142;20:00.0;ATROPELLO;1;0;NULL;LIMA;LIMA;VILLA EL SALVADOR;URBANA;AVENIDA;URBANO;NO CORRESPONDE;-12.221124;DESPEJADO;COMERCIAL;INTERSECCIÓN;INCLINADA;ASFALTADA;NULL;NULL;NULL;NULL;IMPRUDENCIA DEL CONDUCTOR;OTRO (IMPRUDENCIA DEL CONDUCTOR);Avenida 3 de Octubre;19/1/2023;-76.938624
A-2023-01-45;20:00.0;CHOQUE;1;0;2;LA LIBERTAD;PACASMAYO;GUADALUPE;RURAL;CARRETERA;NACIONAL;PE-1N;-7.235858;DESPEJADO;RURAL;TRAMO RECTO;PLANA ;ASFALTADA;NULL;NULL;NULL;NULL;IMPRUDENCIA DEL CONDUCTOR;CONDUCIR EN ESTADO DE EBRIEDAD Y/O DROGADICCIÓN;Carretera Panamericana Norte;19/1/2023;-79.455789
A-2023-01-44;45:00.0;ATROPELLO;1;0;1;LA LIBERTAD;TRUJILLO;TRUJILLO;URBANA;AVENIDA;URBANO;NO CORRESPONDE;-8.124145;DESPEJADO;COMERCIAL;INTERSECCIÓN;PLANA ;ASFALTADA;NULL;NULL;NULL;NULL;IMPRUDENCIA DEL CONDUCTOR;GIRAR IMPRUDENTEMENTE;Avenida Prolongación César Vallejo;20/1/2023;-79.029696
A-2023-01-94;50:00.0;ATROPELLO;1;0;1;LAMBAYEQUE;CHICLAYO;LA VICTORIA;URBANA;CARRETERA;NACIONAL;PE-1N;-6.799911;DESPEJADO;RESIDENCIAL;INTERSECCIÓN;PLANA ;ASFALTADA;NULL;NULL;NULL;NULL;EN PROCESO DE INVESTIGACIÓN;NO CUENTA CON CAUSA ESPECIFICA;Manuel Seoane;20/1/2023;-79.832303
A-2023-01-147;10:00.0;DESPISTE;1;0;NULL;LIMA;LIMA;LURIGANCHO;URBANA;CARRETERA;NACIONAL;PE-22;-12.02089;DESPEJADO;INDUSTRIAL;TRAMO RECTO;PLANA ;ASFALTADA;NO;NULL;NULL;SI;IMPRUDENCIA DEL CONDUCTOR;CONDUCIR EN ESTADO DE EBRIEDAD Y/O DROGADICCIÓN;Autopista Ramiro Prialé;21/1/2023;-76.921351
A-2023-01-95;20:00.0;CHOQUE;1;0;2;LAMBAYEQUE;LAMBAYEQUE;MOTUPE;RURAL;CARRETERA;NACIONAL;PE-1NJ;-6.319107;DESPEJADO;RURAL;INTERSECCIÓN;PLANA ;ASFALTADA;NULL;NULL;NULL;NULL;EN PROCESO DE INVESTIGACIÓN;NO CUENTA CON CAUSA ESPECIFICA;Carretera Lambayegue - Olmos;21/1/2023;-79.761065
A-2023-01-146;30:00.0;DESPISTE;1;4;NULL;LIMA;LIMA;SANTIAGO DE SURCO;URBANA;CARRETERA;NACIONAL;PE-1S;-12.152397;DESPEJADO;COMERCIAL;TRAMO RECTO;PLANA ;ASFALTADA;SI;PREVENTIVA (P);NULL;NO;NEGLIGENCIA DEL CONDUCTOR;OTRO (NEGLIGENCIA DEL CONDUCTOR);Avenida Panamericana Sur;21/1/2023;-76.983898
A-2023-01-145;20:00.0;CHOQUE;1;0;NULL;LIMA;LIMA;CHORRILLOS;URBANA;AVENIDA;URBANO;NO CORRESPONDE;-12.197326;DESPEJADO;COMERCIAL;INTERSECCIÓN;PLANA ;ASFALTADA;SI;PREVENTIVA (P);NULL;SI;IMPRUDENCIA DEL CONDUCTOR;OTRO (IMPRUDENCIA DEL CONDUCTOR);Avenida Alameda Los Horizontes;21/1/2023;-76.999335
A-2023-01-63;50:00.0;ATROPELLO FUGA;1;0;NULL;TACNA;TACNA;CORONEL GREGORIO ALBARRACIN LANCHIPA;URBANA;CARRETERA;PROVINCIAL;TA-637;-18.076649;DESPEJADO;RESIDENCIAL;INTERSECCIÓN;INCLINADA;ASFALTADA;NULL;NULL;NULL;NULL;IMPRUDENCIA DEL PEATÓN;CRUCE INDEBIDO POR LA CALZADA;Avenida La Cultura;21/1/2023;-70.254944
A-2023-01-148;20:00.0;CAÍDA DE PASAJERO;1;0;NULL;LIMA;LIMA;SAN MARTIN DE PORRES;URBANA;CALLE;URBANO;NO CORRESPONDE;-11.979261;DESPEJADO;RESIDENCIAL;TRAMO RECTO;PLANA ;ASFALTADA;NULL;NULL;NULL;NULL;IMPRUDENCIA DEL CONDUCTOR;OTRO (IMPRUDENCIA DEL CONDUCTOR);Calle Carhuaz;21/1/2023;-77.095542
A-2023-01-51;30:00.0;ATROPELLO;1;0;1;TACNA;TACNA;CORONEL GREGORIO ALBARRACIN LANCHIPA;URBANA;AVENIDA;URBANO;NO CORRESPONDE;-18.087781;DESPEJADO;RESIDENCIAL;TRAMO RECTO;PLANA ;ASFALTADA;NULL;NULL;NULL;NULL;IMPRUDENCIA DEL PEATÓN;ESTADO DE EBRIEDAD Y/O DROGADICCIÓN;Prolongación Avenida Municipal;21/1/2023;-70.277099
A-2023-01-39;00:00.0;CHOQUE FUGA;1;3;2;AMAZONAS;UTCUBAMBA;BAGUA GRANDE;RURAL;CARRETERA;NACIONAL;PE-5N;-5.745;DESPEJADO;RURAL;TRAMO RECTO;PLANA ;ASFALTADA;NULL;NULL;NULL;NULL;EN PROCESO DE INVESTIGACIÓN;NO CUENTA CON CAUSA ESPECIFICA;Carretera Presidente Fernando Belaúnde Terry;22/1/2023;-78.453929
A-2023-01-149;00:00.0;ATROPELLO;1;0;NULL;LIMA;LIMA;ANCON;URBANA;CARRETERA;NACIONAL;PE-1N;-11.75082;DESPEJADO;RURAL;TRAMO RECTO;PLANA ;ASFALTADA;NO;NULL;NULL;SI;IMPRUDENCIA DEL CONDUCTOR;EXCESO DE VELOCIDAD;Carretera Panamericana Norte;22/1/2023;-77.146562
A-2023-01-96;35:00.0;DESPISTE;1;1;1;LAMBAYEQUE;LAMBAYEQUE;LAMBAYEQUE;RURAL;CARRETERA;NACIONAL;PE-1NJ;-6.594365;DESPEJADO;RURAL;TRAMO RECTO;PLANA ;ASFALTADA;NULL;NULL;NULL;NULL;EN PROCESO DE INVESTIGACIÓN;NO CUENTA CON CAUSA ESPECIFICA;Carretera Lambayeque - Olmos;22/1/2023;-79.87846
A-2023-01-64;35:00.0;ATROPELLO;1;0;1;ICA;NASCA;NASCA;RURAL;CARRETERA;NACIONAL;PE-1S;-14.927497;DESPEJADO;RURAL;TRAMO RECTO;PLANA ;ASFALTADA;NULL;NULL;NULL;NULL;EN PROCESO DE INVESTIGACIÓN;NO CUENTA CON CAUSA ESPECIFICA;Carretera Panamericana Sur;22/1/2023;-74.987946
A-2023-01-31;45:00.0;CHOQUE;1;0;2;AREQUIPA;AREQUIPA;UCHUMAYO;RURAL;CARRETERA;NACIONAL;PE-34A;-16.459974;DESPEJADO;RURAL;CURVA;PLANA ;ASFALTADA;NO;NULL;NULL;SI;EN PROCESO DE INVESTIGACIÓN;NO CUENTA CON CAUSA ESPECIFICA;Carretera Interoceánica Sur;22/1/2023;-71.69059
A-2023-01-97;55:00.0;ATROPELLO;1;0;1;LAMBAYEQUE;CHICLAYO;CAYALTI;RURAL;CARRETERA;NACIONAL;PE-1NI;-6.901633;DESPEJADO;RURAL;TRAMO RECTO;PLANA ;ASFALTADA;NULL;NULL;NULL;NULL;EN PROCESO DE INVESTIGACIÓN;NO CUENTA CON CAUSA ESPECIFICA;PE-1NI;22/1/2023;-79.549083
A-2023-01-68;30:00.0;VOLCADURA;1;0;1;CUSCO;CALCA;CALCA;RURAL;CARRETERA;NACIONAL;PE-28B;-13.317304;DESPEJADO;RURAL;CURVA;PLANA ;ASFALTADA;NULL;NULL;NULL;NULL;IMPRUDENCIA DEL CONDUCTOR;EXCESO DE VELOCIDAD;PE-28B;22/1/2023;-72.034395
A-2023-01-123;30:00.0;CHOQUE;1;3;2;PIURA;PIURA;LA ARENA;RURAL;CARRETERA;PROVINCIAL;PI-1011;-5.31418;DESPEJADO;RURAL;TRAMO RECTO;PLANA ;ASFALTADA;NULL;NULL;NULL;NULL;IMPRUDENCIA DEL CONDUCTOR;CONDUCIR EN ESTADO DE EBRIEDAD Y/O DROGADICCIÓN;PI-1011;22/1/2023;-80.724356
A-2023-01-151;30:00.0;ATROPELLO;1;0;NULL;LIMA;LIMA;COMAS;URBANA;AVENIDA;URBANO;NO CORRESPONDE;-11.91054;DESPEJADO;COMERCIAL;TRAMO RECTO;PLANA ;ASFALTADA;NULL;NULL;NULL;NULL;IMPRUDENCIA DEL CONDUCTOR;OTRO (IMPRUDENCIA DEL CONDUCTOR);Avenida Universitaria;22/1/2023;-77.045296
A-2023-01-150;10:00.0;DESPISTE;1;0;NULL;LIMA;LIMA;COMAS;URBANA;JIRÓN;URBANO;NO CORRESPONDE;-11.945074;DESPEJADO;RESIDENCIAL;TRAMO RECTO;PLANA ;ASFALTADA;NULL;NULL;NULL;NULL;IMPRUDENCIA DEL CONDUCTOR;CONDUCIR EN ESTADO DE EBRIEDAD Y/O DROGADICCIÓN;Jirón Martín Aranguri;23/1/2023;-77.062716
A-2023-01-121;30:00.0;DESPISTE;1;0;1;PIURA;PIURA;VEINTISEIS DE OCTUBRE;URBANA;CARRETERA;NACIONAL;PE-1N;-5.129106;DESPEJADO;INDUSTRIAL;TRAMO RECTO;PLANA ;ASFALTADA;NULL;NULL;NULL;NULL;IMPRUDENCIA DEL CONDUCTOR;CONDUCIR EN ESTADO DE EBRIEDAD Y/O DROGADICCIÓN;Carretera Panamericana Norte;23/1/2023;-80.700489
A-2023-01-102;30:00.0;ATROPELLO FUGA;1;0;NULL;JUNIN;JAUJA;JAUJA;RURAL;CARRETERA;NACIONAL;PE-3S;-11.78752;DESPEJADO;RURAL;TRAMO RECTO;PLANA ;ASFALTADA;NULL;NULL;NULL;NULL;EN PROCESO DE INVESTIGACIÓN;NO CUENTA CON CAUSA ESPECIFICA;Carretera Longitudinal de la Sierra Sur;23/1/2023;-75.47391
A-2023-01-24;00:00.0;CHOQUE;1;0;2;ANCASH;HUARI;PAUCAS;RURAL;OTRO;URBANO;NO CORRESPONDE;-9.145657;DESPEJADO;RURAL;CURVA;INCLINADA;AFIRMADO;SI;REGULADORA (R);PREVENTIVA (P);NO;EN PROCESO DE INVESTIGACIÓN;NO CUENTA CON CAUSA ESPECIFICA;Viscas;23/1/2023;-76.841476
A-2023-01-350;30:00.0;DESPISTE;1;2;1;AYACUCHO;HUAMANGA;TAMBILLO;RURAL;CARRETERA;PROVINCIAL;AY-761;-13.201897;DESPEJADO;RURAL;PASE A DESNIVEL;INCLINADA;AFIRMADO;NULL;NULL;NULL;NULL;INFRAESTRUCTURA Y ENTORNO VIAL;SUPERFICIE DETERIORADA;Uchuipampa;24/1/2023;-74.172531
A-2023-01-46;30:00.0;CAÍDA DE PASAJERO;1;0;NULL;LA LIBERTAD;ASCOPE;CHICAMA;RURAL;CARRETERA;NACIONAL;PE-1N;-7.889695;DESPEJADO;RURAL;TRAMO RECTO;PLANA ;ASFALTADA;NULL;NULL;NULL;NULL;EN PROCESO DE INVESTIGACIÓN;NO CUENTA CON CAUSA ESPECIFICA;Carretera Panamericana Norte;24/1/2023;-79.125187
A-2023-01-107;00:00.0;CHOQUE;2;0;1;ANCASH;SANTA;COISHCO;URBANA;CARRETERA;NACIONAL;PE-1N;-9.018497;DESPEJADO;RURAL;CURVA;PLANA ;ASFALTADA;SI;REGULADORA (R);NULL;SI;IMPRUDENCIA DEL CONDUCTOR;INVASIÓN DE CARRIL;Panamericana Norte;24/1/2023;-78.617341
A-2023-01-152;30:00.0;ATROPELLO;1;0;NULL;LIMA;LIMA;SAN ISIDRO;URBANA;AVENIDA;URBANO;NO CORRESPONDE;-12.090693;DESPEJADO;COMERCIAL;INTERSECCIÓN;PLANA ;ASFALTADA;SI;REGULADORA (R);NULL;SI;IMPRUDENCIA DEL CONDUCTOR;OTRO (IMPRUDENCIA DEL CONDUCTOR);Calle Percy Gibson Moller;25/1/2023;-77.03348
A-2023-01-153;50:00.0;ATROPELLO;1;9;NULL;LIMA;LIMA;LINCE;URBANA;AVENIDA;URBANO;NO CORRESPONDE;-12.084146;DESPEJADO;COMERCIAL;INTERSECCIÓN;PLANA ;ASFALTADA;SI;REGULADORA (R);NULL;SI;IMPRUDENCIA DEL CONDUCTOR;OTRO (IMPRUDENCIA DEL CONDUCTOR);Jirón Almirante Martin Guisse;25/1/2023;-77.038989
A-2023-01-154;50:00.0;ATROPELLO;1;0;NULL;LIMA;LIMA;VILLA MARIA DEL TRIUNFO;URBANA;AVENIDA;URBANO;NO CORRESPONDE;-12.220124;DESPEJADO;COMERCIAL;INTERSECCIÓN;PLANA ;ASFALTADA;NULL;NULL;NULL;NULL;IMPRUDENCIA DEL PEATÓN;OTRO (IMPRUDENCIA DEL PEATÓN);Avenida Lima;25/1/2023;-76.907534
A-2023-01-33;40:00.0;ATROPELLO;1;1;1;CUSCO;URUBAMBA;URUBAMBA;URBANA;CARRETERA;NACIONAL;PE-28B;-13.308174;DESPEJADO;RESIDENCIAL;CURVA;PLANA ;ASFALTADA;NULL;NULL;NULL;NULL;IMPRUDENCIA DEL CONDUCTOR;OTRO (IMPRUDENCIA DEL CONDUCTOR);Avenida Conchatupa;25/1/2023;-72.118576
A-2023-01-108;50:00.0;ESPECIAL;1;0;2;ANCASH;SANTA;NUEVO CHIMBOTE;RURAL;CARRETERA;PROVINCIAL;AN-879;-9.082625;DESPEJADO;RURAL;TRAMO RECTO;PLANA ;ASFALTADA;NULL;NULL;NULL;NULL;EN PROCESO DE INVESTIGACIÓN;NO CUENTA CON CAUSA ESPECIFICA;Nuevo Chimbote;25/1/2023;-78.523315
A-2023-01-35;20:00.0;ATROPELLO FUGA;1;0;1;AREQUIPA;ISLAY;MOLLENDO;URBANA;AVENIDA;URBANO;NO CORRESPONDE;-17.024754;DESPEJADO;RESIDENCIAL;INTERSECCIÓN;PLANA ;ASFALTADA;NULL;NULL;NULL;NULL;EN PROCESO DE INVESTIGACIÓN;NO CUENTA CON CAUSA ESPECIFICA;Avenida Túpac Amaru;25/1/2023;-72.007649
A-2023-01-54;10:00.0;CHOQUE;1;1;NULL;APURIMAC;ABANCAY;ABANCAY;URBANA;JIRÓN;URBANO;NO CORRESPONDE;-13.635064;NULL;NULL;NULL;NULL;NULL;NULL;NULL;NULL;NULL;EN PROCESO DE INVESTIGACIÓN;NO CUENTA CON CAUSA ESPECIFICA;Jirón Junin;25/1/2023;-72.878601
A-2023-01-155;30:00.0;ATROPELLO FUGA;1;0;NULL;LIMA;LIMA;PUENTE PIEDRA;URBANA;CARRETERA;NACIONAL;PE-1N;-11.836209;DESPEJADO;COMERCIAL;TRAMO RECTO;INCLINADA;ASFALTADA;NULL;NULL;NULL;NULL;EN PROCESO DE INVESTIGACIÓN;NO CUENTA CON CAUSA ESPECIFICA;Carretera Panamericana Norte;26/1/2023;-77.11015
A-2023-01-98;20:00.0;DESPISTE;1;10;2;LAMBAYEQUE;CHICLAYO;TUMAN;RURAL;CARRETERA;DEPARTAMENTAL;LA-116;-6.810169;LLUVIOSO;RURAL;TRAMO RECTO;PLANA ;ASFALTADA;NULL;NULL;NULL;NULL;EN PROCESO DE INVESTIGACIÓN;NO CUENTA CON CAUSA ESPECIFICA;LA-116;26/1/2023;-79.672901
A-2023-01-37;40:00.0;CHOQUE FUGA;1;0;1;SAN MARTIN;MOYOBAMBA;MOYOBAMBA;URBANA;CARRETERA;NACIONAL;PE-5N;-6.045455;DESPEJADO;RESIDENCIAL;CURVA;PLANA ;ASFALTADA;SI;PREVENTIVA (P);PREVENTIVA (P);NO;IMPRUDENCIA DEL CONDUCTOR;OTRO (IMPRUDENCIA DEL CONDUCTOR);Carretera Presidente Fernando Belaúnde Terry;26/1/2023;-76.958378
A-2023-01-349;40:00.0;ATROPELLO;1;0;NULL;LIMA;LIMA;SAN MARTIN DE PORRES;URBANA;AVENIDA;URBANO;NO CORRESPONDE;-11.991131;DESPEJADO;COMERCIAL;TRAMO RECTO;PLANA ;ASFALTADA;NULL;NULL;NULL;NULL;IMPRUDENCIA DEL CONDUCTOR;OTRO (IMPRUDENCIA DEL CONDUCTOR);Avenida Carlos Alberto Izaguirre;26/1/2023;-77.085012