CÓDIGO SINIESTRO;HORA SINIESTRO;CLASE SINIESTRO;CANTIDAD DE FALLECIDOS;CANTIDAD DE LESIONADOS;CANTIDAD DE VEHICULOS DAÑADOS;DEPARTAMENTO;PROVINCIA;DISTRITO;ZONA;TIPO DE VÍA;RED VIAL;COD CARRETERA;COORDENADAS LATITUD;CONDICIÓN CLIMÁTICA;ZONIFICACIÓN;CARACTERÍSTICAS DE VÍA;PERFIL LONGITUDINAL VÍA;SUPERFICIE DE CALZADA;¿EXISTE SEÑAL VERTICAL?;CLASIFICACIÓN DE LA SEÑAL VERTICAL Nº 1;CLASIFICACIÓN DE LA SEÑAL VERTICAL Nº 2;¿EXISTE SEÑAL HORIZONTAL?;CAUSA FACTOR PRINCIPAL;CAUSA ESPECÍFICA;UBICACION;FECHA SINIESTRO;COORDENADAS LONGITUD
A-2023-01-110;00:00.0;DESPISTE;1;2;1;MOQUEGUA;MARISCAL NIETO;CARUMAS;RURAL;CARRETERA;NACIONAL;PE-36B;-16.71033;DESPEJADO;RURAL;TRAMO RECTO;PLANA ;ASFALTADA;SI;PREVENTIVA (P);REGULADORA (R);NO;IMPRUDENCIA DEL CONDUCTOR;FATIGA Y/O CANSANCIO;Interoceánica;27/1/2023;-70.446831
A-2025-09-192;41:00.0;ATROPELLO;1;0;1;CUSCO;CUSCO;WANCHAQ;URBANA;CALLE;URBANO;NO CORRESPONDE;-13.530732;NUBLADO;RESIDENCIAL;TRAMO RECTO;PLANA ;CONCRETO;NO;NULL;NULL;SI;IMPRUDENCIA DEL PEATÓN;ESTADO DE EBRIEDAD Y/O DROGADICCIÓN;Jirón 18 de Mayo;8/9/2025;-71.959368
A-2025-09-220;20:00.0;CHOQUE FUGA;1;0;1;AYACUCHO;HUAMANGA;SAN JUAN BAUTISTA;RURAL;CARRETERA;NACIONAL;PE-3S;-13.200099;DESPEJADO;RURAL;TRAMO RECTO;INCLINADA;ASFALTADA;SI;PREVENTIVA (P);NULL;NO;IMPRUDENCIA DEL CONDUCTOR;EXCESO DE VELOCIDAD;Carretera Longitudinal de la Sierra Sur;9/9/2025;-74.205363
A-2025-09-189;00:00.0;DESPISTE;1;0;1;CUSCO;CHUMBIVILCAS;SANTO TOMAS;RURAL;CARRETERA;NACIONAL;PE-3SG;-14.479037;DESPEJADO;RURAL;CURVA;PLANA ;AFIRMADO;NULL;NULL;NULL;NULL;IMPRUDENCIA DEL CONDUCTOR;EXCESO DE VELOCIDAD;PE-3SG;9/9/2025;-72.093613
A-2025-09-217;00:00.0;DESPISTE;1;1;1;AYACUCHO;HUAMANGA;CHIARA;RURAL;CARRETERA;NACIONAL;PE-32A;-13.384927;DESPEJADO;RURAL;TRAMO RECTO;PLANA ;ASFALTADA;NULL;NULL;NULL;NULL;IMPRUDENCIA DEL CONDUCTOR;CONDUCIR EN ESTADO DE EBRIEDAD Y/O DROGADICCIÓN;PE-32A;9/9/2025;-74.19011
A-2025-09-190;30:00.0;CHOQUE;1;1;2;CUSCO;CANCHIS;TINTA;RURAL;CARRETERA;NACIONAL;PE-3S;-14.15364;DESPEJADO;RURAL;TRAMO RECTO;PLANA ;ASFALTADA;NULL;NULL;NULL;NULL;IMPRUDENCIA DEL CONDUCTOR;EXCESO DE VELOCIDAD;Calle 4 de Julio;10/9/2025;-71.391025
A-2025-09-188;30:00.0;ATROPELLO FUGA;1;0;NULL;CUSCO;LA CONVENCION;SANTA ANA;RURAL;CARRETERA;NACIONAL;PE-28B;-12.944911;DESPEJADO;RURAL;CURVA;PLANA ;ASFALTADA;NULL;NULL;NULL;NULL;IMPRUDENCIA DEL CONDUCTOR;EXCESO DE VELOCIDAD;PE-28B;12/9/2025;-72.670273
A-2025-09-182;00:00.0;DESPISTE;1;0;NULL;CUSCO;PAUCARTAMBO;PAUCARTAMBO;RURAL;CARRETERA;PROVINCIAL;CU-1020;-13.357721;DESPEJADO;RURAL;TRAMO RECTO;PLANA ;AFIRMADO;NULL;NULL;NULL;NULL;IMPRUDENCIA DEL CONDUCTOR;EXCESO DE VELOCIDAD;CU-116;14/9/2025;-71.556543
A-2025-09-146;30:00.0;VOLCADURA;1;0;1;SAN MARTIN;RIOJA;NUEVA CAJAMARCA;URBANA;JIRÓN;URBANO;NO CORRESPONDE;-5.953819;DESPEJADO;COMERCIAL;TRAMO RECTO;PLANA ;ASFALTADA;NULL;NULL;NULL;NULL;EN PROCESO DE INVESTIGACIÓN;NO CUENTA CON CAUSA ESPECIFICA;Jirón Bolognesi;15/9/2025;-77.302342
A-2025-09-37;30:00.0;DESPISTE;1;0;1;LIMA;HUARAL;IHUARI;RURAL;CARRETERA;PROVINCIAL;LM-644;-11.224733;SOLEADO;RURAL;SINUOSA;INCLINADA;TROCHA;NULL;NULL;NULL;NULL;EN PROCESO DE INVESTIGACIÓN;NO CUENTA CON CAUSA ESPECIFICA;LM-644;15/9/2025;-76.910051
A-2025-09-154;40:00.0;CHOQUE;1;0;NULL;AREQUIPA;CAYLLOMA;CALLALLI;RURAL;CARRETERA;NACIONAL;PE-34J;-15.530523;DESPEJADO;RURAL;TRAMO RECTO;PLANA ;ASFALTADA;SI;PREVENTIVA (P);NULL;SI;EN PROCESO DE INVESTIGACIÓN;NO CUENTA CON CAUSA ESPECIFICA;Carretera Morocaque - Oscollo;15/9/2025;-71.055222
A-2025-09-159;30:00.0;CHOQUE;1;1;3;SAN MARTIN;MOYOBAMBA;MOYOBAMBA;RURAL;CARRETERA;NACIONAL;PE-5N;-6.044842;DESPEJADO;RURAL;TRAMO RECTO;PLANA ;ASFALTADA;NULL;NULL;NULL;NULL;IMPRUDENCIA DEL CONDUCTOR;CONDUCIR EN ESTADO DE EBRIEDAD Y/O DROGADICCIÓN;Carretera Presidente Fernando Belaúnde Terry;15/9/2025;-77.008884
A-2025-09-178;30:00.0;CHOQUE;2;0;2;CUSCO;URUBAMBA;OLLANTAYTAMBO;RURAL;CARRETERA;NACIONAL;PE-28B;-13.242697;DESPEJADO;RURAL;TRAMO RECTO;PLANA ;ASFALTADA;NULL;NULL;NULL;NULL;IMPRUDENCIA DEL CONDUCTOR;CONDUCIR EN ESTADO DE EBRIEDAD Y/O DROGADICCIÓN;PE-28B;16/9/2025;-72.293616
A-2025-09-54;50:00.0;ATROPELLO FUGA;1;0;NULL;AREQUIPA;AREQUIPA;LA JOYA;URBANA;CARRETERA;NACIONAL;PE-1S;-16.726349;NUBLADO;RURAL;TRAMO RECTO;INCLINADA;ASFALTADA;SI;REGULADORA (R);INFORMATIVA (I);SI;EN PROCESO DE INVESTIGACIÓN;NO CUENTA CON CAUSA ESPECIFICA;Carretera Panamericana Sur;16/9/2025;-71.870022
A-2025-09-216;30:00.0;DESPISTE;1;4;1;AYACUCHO;CANGALLO;PARAS;RURAL;CARRETERA;NACIONAL;PE-28A;-13.354;DESPEJADO;RESIDENCIAL;CURVA;INCLINADA;ASFALTADA;SI;PREVENTIVA (P);NULL;NO;IMPRUDENCIA DEL CONDUCTOR;INVASIÓN DE CARRIL;Vía de los Libertadores;17/9/2025;-74.792
A-2025-09-38;30:00.0;ATROPELLO FUGA;1;0;NULL;LIMA;HUAURA;HUACHO;RURAL;CARRETERA;NACIONAL;PE-1N;-11.409935;DESPEJADO;RURAL;TRAMO RECTO;INCLINADA;ASFALTADA;SI;REGULADORA (R);NULL;NO;EN PROCESO DE INVESTIGACIÓN;NO CUENTA CON CAUSA ESPECIFICA;Carretera Panamericana Norte;17/9/2025;-77.376567
A-2025-09-175;30:00.0;ATROPELLO FUGA;1;0;1;CUSCO;ESPINAR;ESPINAR;RURAL;AVENIDA;URBANO;NO CORRESPONDE;-14.801808;DESPEJADO;RESIDENCIAL;TRAMO RECTO;PLANA ;CONCRETO;NULL;NULL;NULL;NULL;IMPRUDENCIA DEL CONDUCTOR;CONDUCIR EN ESTADO DE EBRIEDAD Y/O DROGADICCIÓN;Obrero;17/9/2025;-71.416748
A-2025-09-172;30:00.0;ATROPELLO;1;0;1;CUSCO;ACOMAYO;SANGARARA;RURAL;CARRETERA;DEPARTAMENTAL;CU-117;-13.999685;DESPEJADO;RURAL;CURVA;PLANA ;AFIRMADO;NULL;NULL;NULL;NULL;IMPRUDENCIA DEL PEATÓN;CRUCE INDEBIDO POR LA CALZADA;CU-117;19/9/2025;-71.52858
A-2025-09-208;40:00.0;ATROPELLO;1;1;0;AYACUCHO;HUAMANGA;VINCHOS;RURAL;CARRETERA;PROVINCIAL;AY-849;-13.366;DESPEJADO;RURAL;TRAMO RECTO;INCLINADA;AFIRMADO;NULL;NULL;NULL;NULL;IMPRUDENCIA DEL PEATÓN;CRUCE INDEBIDO POR LA CALZADA;Vía Allpachaka - Rosaspata;19/9/2025;-74.313
A-2025-09-57;00:00.0;ATROPELLO FUGA;1;0;NULL;AREQUIPA;AREQUIPA;CERRO COLORADO;URBANA;JIRÓN;URBANO;NO CORRESPONDE;-16.40197;DESPEJADO;COMERCIAL;TRAMO RECTO;PLANA ;ASFALTADA;SI;INFORMATIVA (I);NULL;SI;EN PROCESO DE INVESTIGACIÓN;NO CUENTA CON CAUSA ESPECIFICA;Jirón Moquegua;19/9/2025;-71.5762
A-2025-09-222;00:00.0;ATROPELLO;1;0;NULL;CUSCO;CANCHIS;SICUANI;RURAL;CARRETERA;NACIONAL;PE-3S;-14.29031;DESPEJADO;RURAL;TRAMO RECTO;PLANA ;CONCRETO;NULL;NULL;NULL;NULL;IMPRUDENCIA DEL PEATÓN;CRUCE INDEBIDO POR LA CALZADA;Avenida Arequipa;20/9/2025;-71.221327
A-2025-09-78;18:00.0;DESPISTE;1;0;1;HUANCAVELICA;ACOBAMBA;PAUCARA;RURAL;CARRETERA;NACIONAL;PE-3SM;-12.665855;DESPEJADO;RURAL;TRAMO RECTO;PLANA ;CONCRETO;NULL;NULL;NULL;NULL;EN PROCESO DE INVESTIGACIÓN;NO CUENTA CON CAUSA ESPECIFICA;PE-3SM;20/9/2025;-74.712145
A-2025-09-174;20:00.0;ATROPELLO;1;0;1;CUSCO;CUSCO;WANCHAQ;URBANA;CARRETERA;NACIONAL;PE-3S;-13.532413;DESPEJADO;RESIDENCIAL;TRAMO RECTO;PLANA ;CONCRETO;SI;PREVENTIVA (P);REGULADORA (R);NO;IMPRUDENCIA DEL CONDUCTOR;EXCESO DE VELOCIDAD;Avenida 28 de Julio;20/9/2025;-71.962001
A-2025-09-177;00:00.0;ATROPELLO FUGA;1;0;0;CUSCO;CUSCO;SAN JERONIMO;RURAL;AVENIDA;URBANO;NO CORRESPONDE;-13.553208;DESPEJADO;RURAL;TRAMO RECTO;PLANA ;ASFALTADA;NULL;NULL;NULL;NULL;IMPRUDENCIA DEL CONDUCTOR;EXCESO DE VELOCIDAD;Vía de Evitamiento;20/9/2025;-71.881763
A-2025-09-170;35:00.0;CHOQUE;1;0;2;SAN MARTIN;RIOJA;RIOJA;URBANA;AVENIDA;URBANO;NO CORRESPONDE;-6.060153;SOLEADO;COMERCIAL;INTERSECCIÓN;PLANA ;ASFALTADA;NULL;NULL;NULL;NULL;EN PROCESO DE INVESTIGACIÓN;NO CUENTA CON CAUSA ESPECIFICA;Las Palmeras;22/9/2025;-77.179152
A-2025-09-124;40:00.0;CHOQUE;1;0;2;TUMBES;TUMBES;PAMPAS DE HOSPITAL;RURAL;CARRETERA;DEPARTAMENTAL;TU-104;-3.683693;DESPEJADO;RURAL;TRAMO RECTO;PLANA ;ASFALTADA;NULL;NULL;NULL;NULL;IMPRUDENCIA DEL CONDUCTOR;OTRO (IMPRUDENCIA DEL CONDUCTOR);Carretera Tumbes - Pampas de Hospital;25/9/2025;-80.436981
A-2025-09-171;25:00.0;CHOQUE;1;0;2;SAN MARTIN;MOYOBAMBA;CALZADA;RURAL;CARRETERA;NACIONAL;PE-5N;-6.04457;DESPEJADO;RURAL;TRAMO RECTO;PLANA ;ASFALTADA;NULL;NULL;NULL;NULL;EN PROCESO DE INVESTIGACIÓN;NO CUENTA CON CAUSA ESPECIFICA;Calzada;27/9/2025;-77.144425
A-2025-09-215;00:00.0;ATROPELLO;1;0;0;AYACUCHO;HUAMANGA;ANDRES AVELINO CACERES DORREGARAY;URBANA;PASAJE;URBANO;NO CORRESPONDE;-13.15439;DESPEJADO;RESIDENCIAL;TRAMO RECTO;PLANA ;TROCHA;NULL;NULL;NULL;NULL;IMPRUDENCIA DEL CONDUCTOR;OTRO (IMPRUDENCIA DEL CONDUCTOR);Jirón Ayacucho;27/9/2025;-74.200936
A-2025-09-264;40:00.0;DESPISTE;1;0;1;AYACUCHO;HUAMANGA;ACOCRO;RURAL;CARRETERA;NACIONAL;PE-3S;-13.414866;LLUVIOSO;RURAL;CURVA;INCLINADA;ASFALTADA;NULL;NULL;NULL;NULL;IMPRUDENCIA DEL CONDUCTOR;CONDUCIR EN ESTADO DE EBRIEDAD Y/O DROGADICCIÓN;Carretera Longitudinal de la Sierra Sur;28/9/2025;-73.967526
A-2025-10-1;30:00.0;CHOQUE;1;2;2;LIMA;HUARAL;HUARAL;RURAL;CARRETERA;PROVINCIAL;LM-667;-11.424341;DESPEJADO;RURAL;TRAMO RECTO;PLANA ;ASFALTADA;NULL;NULL;NULL;NULL;EN PROCESO DE INVESTIGACIÓN;NO CUENTA CON CAUSA ESPECIFICA;Carretera Huaral - Sayán;1/10/2025;-77.285846
A-2025-10-14;30:00.0;CHOQUE;1;6;NULL;AREQUIPA;CAYLLOMA;SAN ANTONIO DE CHUCA;RURAL;CARRETERA;NACIONAL;PE-34A;-15.850509;DESPEJADO;RURAL;TRAMO RECTO;PLANA ;ASFALTADA;NULL;NULL;NULL;NULL;EN PROCESO DE INVESTIGACIÓN;NO CUENTA CON CAUSA ESPECIFICA;Vía Interoceánica Sur - Tramo 5;2/10/2025;-71.114005
A-2025-10-173;00:00.0;CHOQUE;3;1;2;CUSCO;QUISPICANCHI;OCONGATE;RURAL;CARRETERA;NACIONAL;PE-30C;-13.61715;DESPEJADO;RURAL;TRAMO RECTO;PLANA ;ASFALTADA;NULL;NULL;NULL;NULL;IMPRUDENCIA DEL CONDUCTOR;EXCESO DE VELOCIDAD;Interoceánica Sur;2/10/2025;-71.252467
A-2025-10-274;45:00.0;CHOQUE;1;1;2;CUSCO;QUISPICANCHI;CUSIPATA;RURAL;CARRETERA;NACIONAL;PE-3S;-13.932017;DESPEJADO;RURAL;TRAMO RECTO;PLANA ;ASFALTADA;NULL;NULL;NULL;NULL;IMPRUDENCIA DEL CONDUCTOR;INVASIÓN DE CARRIL;Carretera Longitudinal de la Sierra Sur;6/10/2025;-71.503561
A-2025-10-35;35:00.0;ATROPELLO FUGA;1;0;1;SAN MARTIN;RIOJA;RIOJA;URBANA;CARRETERA;NACIONAL;PE-5N;-6.049896;DESPEJADO;COMERCIAL;TRAMO RECTO;PLANA ;ASFALTADA;NULL;NULL;NULL;NULL;EN PROCESO DE INVESTIGACIÓN;NO CUENTA CON CAUSA ESPECIFICA;Carretera Presidente Fernando Belaúnde Terry;6/10/2025;-77.17306
A-2025-10-272;45:00.0;DESPISTE;1;1;1;CUSCO;PARURO;CCAPI;RURAL;CARRETERA;DEPARTAMENTAL;CU-119B;-13.849161;DESPEJADO;RURAL;TRAMO RECTO;INCLINADA;AFIRMADO;NULL;NULL;NULL;NULL;IMPRUDENCIA DEL CONDUCTOR;FATIGA Y/O CANSANCIO;CU-119;7/10/2025;-71.945618
A-2025-10-94;50:00.0;CHOQUE;1;1;2;AYACUCHO;HUANTA;HUANTA;URBANA;CARRETERA;NACIONAL;PE-3S;-12.941257;DESPEJADO;RURAL;CURVA;INCLINADA;ASFALTADA;SI;PREVENTIVA (P);REGULADORA (R);NO;IMPRUDENCIA DEL CONDUCTOR;EXCESO DE VELOCIDAD;Jirón Miller;7/10/2025;-74.251382
A-2025-10-93;00:00.0;CHOQUE;2;0;NULL;CUSCO;QUISPICANCHI;URCOS;RURAL;CARRETERA;NACIONAL;PE-30C;-13.650235;DESPEJADO;RURAL;CURVA;PLANA ;ASFALTADA;NULL;NULL;NULL;NULL;IMPRUDENCIA DEL CONDUCTOR;INVASIÓN DE CARRIL;Carretera Interocéanica Sur;8/10/2025;-71.592558
A-2025-10-75;20:00.0;DESPISTE;1;1;NULL;AREQUIPA;AREQUIPA;SOCABAYA;URBANA;CARRETERA;PROVINCIAL;AR-795;-16.465726;DESPEJADO;RURAL;INTERSECCIÓN;PLANA ;ASFALTADA;NULL;NULL;NULL;NULL;EN PROCESO DE INVESTIGACIÓN;NO CUENTA CON CAUSA ESPECIFICA;Las Peñas;10/10/2025;-71.541744
A-2025-10-275;30:00.0;CHOQUE;1;0;NULL;AREQUIPA;AREQUIPA;CERRO COLORADO;URBANA;CARRETERA;NACIONAL;PE-34A;-16.393403;DESPEJADO;COMERCIAL;TRAMO RECTO;PLANA ;ASFALTADA;NO;NULL;NULL;SI;IMPRUDENCIA DEL CONDUCTOR;OTRO (IMPRUDENCIA DEL CONDUCTOR);Vía de Evitamiento;11/10/2025;-71.583374
A-2025-10-277;00:00.0;DESPISTE;9;0;1;HUANCAVELICA;TAYACAJA;PAMPAS;RURAL;CARRETERA;NACIONAL;PE-3S;-12.503809;DESPEJADO;RURAL;CURVA;PLANA ;ASFALTADA;SI;PREVENTIVA (P);NULL;NO;IMPRUDENCIA DEL CONDUCTOR;EXCESO DE VELOCIDAD;Carretera Longitudinal de la Sierra Sur;11/10/2025;-74.842913
A-2025-10-39;00:00.0;DESPISTE;1;2;1;SAN MARTIN;LAMAS;ALONSO DE ALVARADO;RURAL;CARRETERA;PROVINCIAL;SM-656;-6.271443;DESPEJADO;RURAL;TRAMO RECTO;INCLINADA;AFIRMADO;NULL;NULL;NULL;NULL;EN PROCESO DE INVESTIGACIÓN;NO CUENTA CON CAUSA ESPECIFICA;Pacayzapa;11/10/2025;-76.77876
A-2025-10-40;30:00.0;ATROPELLO;1;0;1;SAN MARTIN;RIOJA;NUEVA CAJAMARCA;RURAL;CARRETERA;NACIONAL;PE-5N;-5.902148;DESPEJADO;RURAL;TRAMO RECTO;PLANA ;ASFALTADA;NULL;NULL;NULL;NULL;EN PROCESO DE INVESTIGACIÓN;NO CUENTA CON CAUSA ESPECIFICA;Carretera Presidente Fernando Belaúnde Terry;11/10/2025;-77.326881
A-2025-10-49;30:00.0;CHOQUE;1;4;2;SAN MARTIN;RIOJA;NUEVA CAJAMARCA;URBANA;CARRETERA;NACIONAL;PE-5N;-5.943543;DESPEJADO;COMERCIAL;TRAMO RECTO;PLANA ;ASFALTADA;NULL;NULL;NULL;NULL;EN PROCESO DE INVESTIGACIÓN;NO CUENTA CON CAUSA ESPECIFICA;Avenida Cajamarca Sur;12/10/2025;-77.306208
A-2025-10-68;10:00.0;ATROPELLO;1;0;1;SAN MARTIN;LAMAS;ALONSO DE ALVARADO;RURAL;CARRETERA;NACIONAL;PE-5N;-6.259737;DESPEJADO;RURAL;TRAMO RECTO;PLANA ;ASFALTADA;NULL;NULL;NULL;NULL;EN PROCESO DE INVESTIGACIÓN;NO CUENTA CON CAUSA ESPECIFICA;Carretera Presidente Fernando Belaúnde Terry;12/10/2025;-76.781715
A-2025-10-65;50:00.0;DESPISTE;1;0;1;TUMBES;TUMBES;PAMPAS DE HOSPITAL;RURAL;CARRETERA;PROVINCIAL;TU-532;-3.69297;DESPEJADO;RURAL;CURVA;INCLINADA;ASFALTADA;SI;PREVENTIVA (P);NULL;NO;IMPRUDENCIA DEL CONDUCTOR;CONDUCIR EN ESTADO DE EBRIEDAD Y/O DROGADICCIÓN;Pampas de Hospital;13/10/2025;-80.447111
A-2025-10-90;00:00.0;DESPISTE;1;0;1;CUSCO;PAUCARTAMBO;PAUCARTAMBO;RURAL;CARRETERA;PROVINCIAL;CU-116;-13.357721;DESPEJADO;RURAL;CURVA;PLANA ;AFIRMADO;NULL;NULL;NULL;NULL;IMPRUDENCIA DEL CONDUCTOR;EXCESO DE VELOCIDAD;CU-116;14/10/2025;-71.556543
A-2025-10-71;30:00.0;ATROPELLO;1;0;1;SAN MARTIN;RIOJA;PARDO MIGUEL;RURAL;CARRETERA;NACIONAL;PE-5N;-5.730782;DESPEJADO;RURAL;TRAMO RECTO;PLANA ;ASFALTADA;NULL;NULL;NULL;NULL;IMPRUDENCIA DEL PEATÓN;CRUCE INDEBIDO POR LA CALZADA;Carretera Presidente Fernando Belaúnde Terry;15/10/2025;-77.529919
A-2025-10-278;30:00.0;CHOQUE;1;0;2;HUANCAVELICA;ACOBAMBA;ROSARIO;RURAL;CARRETERA;NACIONAL;PE-3SM;-12.772737;DESPEJADO;RURAL;CURVA;INCLINADA;ASFALTADA;SI;PREVENTIVA (P);NULL;NO;IMPRUDENCIA DEL CONDUCTOR;INVASIÓN DE CARRIL;Carretera Acobamba - Huancavelica;17/10/2025;-74.592293
A-2025-10-81;50:00.0;ATROPELLO;1;0;NULL;CUSCO;CANCHIS;SICUANI;RURAL;CARRETERA;NACIONAL;PE-3S;-14.309416;DESPEJADO;COMERCIAL;PUENTE;PLANA ;ASFALTADA;NULL;NULL;NULL;NULL;IMPRUDENCIA DEL PEATÓN;CRUCE INDEBIDO POR LA CALZADA;Carretera Longitudinal de la Sierra Sur;18/10/2025;-71.207773
A-2025-10-271;30:00.0;DESPISTE;3;0;1;CUSCO;CALCA;TARAY;RURAL;CARRETERA;PROVINCIAL;CU-1125;-13.456858;DESPEJADO;RURAL;TRAMO RECTO;PLANA ;AFIRMADO;NULL;NULL;NULL;NULL;IMPRUDENCIA DEL CONDUCTOR;CONDUCIR EN ESTADO DE EBRIEDAD Y/O DROGADICCIÓN;Chitapampa;18/10/2025;-71.898928
A-2025-10-78;00:00.0;DESPISTE;1;1;NULL;AREQUIPA;AREQUIPA;CHARACATO;URBANA;CARRETERA;PROVINCIAL;AR-784;-16.470257;DESPEJADO;RURAL;TRAMO RECTO;PLANA ;ASFALTADA;NO;NULL;NULL;NO;EN PROCESO DE INVESTIGACIÓN;NO CUENTA CON CAUSA ESPECIFICA;Avenida Characato;19/10/2025;-71.495631
A-2025-10-73;50:00.0;CHOQUE;1;2;2;SAN MARTIN;RIOJA;RIOJA;RURAL;CARRETERA;NACIONAL;PE-5N;-6.04139;DESPEJADO;RURAL;TRAMO RECTO;PLANA ;ASFALTADA;NULL;NULL;NULL;NULL;IMPRUDENCIA DEL CONDUCTOR;OTRO (IMPRUDENCIA DEL CONDUCTOR);Carretera Presidente Fernando Belaúnde Terry;21/10/2025;-77.188327
A-2025-10-82;00:00.0;DESPISTE;1;2;NULL;AREQUIPA;AREQUIPA;YURA;URBANA;CARRETERA;NACIONAL;PE-34E;-16.035324;DESPEJADO;RURAL;CURVA;PLANA ;ASFALTADA;SI;PREVENTIVA (P);NULL;NO;EN PROCESO DE INVESTIGACIÓN;NO CUENTA CON CAUSA ESPECIFICA;Ruta 34;22/10/2025;-71.40243
A-2025-10-92;15:00.0;CHOQUE;2;0;NULL;AREQUIPA;CARAVELI;ATIQUIPA;RURAL;CARRETERA;NACIONAL;PE-1S;-15.834422;DESPEJADO;RURAL;CURVA;INCLINADA;ASFALTADA;NO;NULL;NULL;SI;EN PROCESO DE INVESTIGACIÓN;NO CUENTA CON CAUSA ESPECIFICA;Carretera Panamericana Sur;23/10/2025;-74.293082
A-2025-10-85;00:00.0;DESPISTE;1;4;NULL;AREQUIPA;ISLAY;COCACHACRA;RURAL;CARRETERA;NACIONAL;PE-1S;-16.99361;NIEBLA;RURAL;CURVA;PLANA ;ASFALTADA;SI;PREVENTIVA (P);NULL;NO;EN PROCESO DE INVESTIGACIÓN;NO CUENTA CON CAUSA ESPECIFICA;Carretera Panamericana Sur;26/10/2025;-71.730476
A-2025-10-74;10:00.0;VOLCADURA;1;0;1;SAN MARTIN;MOYOBAMBA;CALZADA;RURAL;CARRETERA;NACIONAL;PE-5N;-6.039496;DESPEJADO;RURAL;TRAMO RECTO;PLANA ;ASFALTADA;NULL;NULL;NULL;NULL;IMPRUDENCIA DEL CONDUCTOR;OTRO (IMPRUDENCIA DEL CONDUCTOR);Carretera Presidente Fernando Belaúnde Terry;26/10/2025;-77.098177
A-2025-10-281;00:00.0;DESPISTE;1;1;1;HUANCAVELICA;ANGARAES;SAN ANTONIO DE ANTAPARCO;RURAL;CARRETERA;PROVINCIAL;HV-680;-13.04565;DESPEJADO;RURAL;CURVA;PLANA ;ASFALTADA;NULL;NULL;NULL;NULL;IMPERICIA DEL CONDUCTOR;NULL;Antaparco;28/10/2025;-74.394341
A-2025-10-91;30:00.0;CHOQUE;1;0;2;LIMA;HUARAL;AUCALLAMA;RURAL;CARRETERA;SIN CLASIFICAR;SIN CLASIFICAR;-11.512247;DESPEJADO;RURAL;TRAMO RECTO;PLANA ;ASFALTADA;NULL;NULL;NULL;NULL;EN PROCESO DE INVESTIGACIÓN;NO CUENTA CON CAUSA ESPECIFICA;Aucallama;30/10/2025;-77.142317
A-2025-11-10;45:00.0;CHOQUE;1;0;2;SAN MARTIN;RIOJA;AWAJUN;RURAL;CARRETERA;NACIONAL;PE-5N;-5.816409;DESPEJADO;RURAL;TRAMO RECTO;PLANA ;ASFALTADA;NULL;NULL;NULL;NULL;IMPRUDENCIA DEL CONDUCTOR;EXCESO DE VELOCIDAD;Carretera Presidente Fernando Belaúnde Terry;2/11/2025;-77.38497
A-2025-11-157;30:00.0;CHOQUE;1;0;NULL;CUSCO;CHUMBIVILCAS;COLQUEMARCA;RURAL;CARRETERA;DEPARTAMENTAL;CU-119;-14.338815;DESPEJADO;RURAL;TRAMO RECTO;PLANA ;ASFALTADA;NULL;NULL;NULL;NULL;IMPRUDENCIA DEL CONDUCTOR;INVASIÓN DE CARRIL;CU-119;2/11/2025;-72.060866
A-2025-11-156;00:00.0;CHOQUE;1;5;2;HUANCAVELICA;ANGARAES;LIRCAY;RURAL;CARRETERA;NACIONAL;PE-26B;-12.979089;DESPEJADO;RURAL;CURVA;INCLINADA;ASFALTADA;SI;PREVENTIVA (P);NULL;NO;IMPRUDENCIA DEL CONDUCTOR;EXCESO DE VELOCIDAD;PE-26B;5/11/2025;-74.736443
A-2025-11-19;30:00.0;ATROPELLO;1;0;NULL;AREQUIPA;AREQUIPA;JOSE LUIS BUSTAMANTE Y RIVERO;URBANA;CALLE;URBANO;NO CORRESPONDE;-16.424305;DESPEJADO;RURAL;TRAMO RECTO;PLANA ;ASFALTADA;NO;NULL;NULL;SI;EN PROCESO DE INVESTIGACIÓN;NO CUENTA CON CAUSA ESPECIFICA;José Luis Bustamante y Rivero;6/11/2025;-71.534437
A-2025-11-144;30:00.0;DESPISTE;1;0;1;CUSCO;ESPINAR;OCORURO;RURAL;CARRETERA;NACIONAL;PE-34J;-15.051019;DESPEJADO;RURAL;PUENTE;PLANA ;ASFALTADA;NULL;NULL;NULL;NULL;IMPRUDENCIA DEL CONDUCTOR;EXCESO DE VELOCIDAD;Ocoruro;7/11/2025;-71.12941
A-2025-11-11;00:00.0;CHOQUE;1;1;NULL;AREQUIPA;ISLAY;COCACHACRA;URBANA;CARRETERA;NACIONAL;PE-1S;-16.980001;DESPEJADO;RESIDENCIAL;OTRO;PLANA ;ASFALTADA;NO;NULL;NULL;SI;EN PROCESO DE INVESTIGACIÓN;NO CUENTA CON CAUSA ESPECIFICA;Carretera Panamericana Sur;8/11/2025;-71.781158
A-2025-11-153;30:00.0;CHOQUE;1;1;NULL;AREQUIPA;CAMANA;MARISCAL CACERES;RURAL;CARRETERA;NACIONAL;PE-1S;-16.500944;DESPEJADO;RURAL;CURVA;PLANA ;ASFALTADA;SI;REGULADORA (R);PREVENTIVA (P);SI;NEGLIGENCIA DEL CONDUCTOR;OTRO (NEGLIGENCIA DEL CONDUCTOR);Carretera Panamericana Sur;9/11/2025;-72.929594