CÓDIGO SINIESTRO;HORA SINIESTRO;CLASE SINIESTRO;CANTIDAD DE FALLECIDOS;CANTIDAD DE LESIONADOS;CANTIDAD DE VEHICULOS DAÑADOS;DEPARTAMENTO;PROVINCIA;DISTRITO;ZONA;TIPO DE VÍA;RED VIAL;COD CARRETERA;COORDENADAS LATITUD;CONDICIÓN CLIMÁTICA;ZONIFICACIÓN;CARACTERÍSTICAS DE VÍA;PERFIL LONGITUDINAL VÍA;SUPERFICIE DE CALZADA;¿EXISTE SEÑAL VERTICAL?;CLASIFICACIÓN DE LA SEÑAL VERTICAL Nº 1;CLASIFICACIÓN DE LA SEÑAL VERTICAL Nº 2;¿EXISTE SEÑAL HORIZONTAL?;CAUSA FACTOR PRINCIPAL;CAUSA ESPECÍFICA;UBICACION;FECHA SINIESTRO;COORDENADAS LONGITUD
A-2025-11-150;20:00.0;ATROPELLO;1;1;1;CUSCO;CALCA;CALCA;RURAL;CARRETERA;NACIONAL;PE-28B;-13.312601;DESPEJADO;RURAL;TRAMO RECTO;PLANA ;ASFALTADA;NULL;NULL;NULL;NULL;IMPRUDENCIA DEL PEATÓN;CRUCE INDEBIDO POR LA CALZADA;PE-28B;11/11/2025;-72.012284
A-2025-11-22;08:00.0;CHOQUE;1;0;NULL;AREQUIPA;CAYLLOMA;MAJES;URBANA;AVENIDA;URBANO;NO CORRESPONDE;-16.331055;DESPEJADO;RESIDENCIAL;TRAMO RECTO;PLANA ;ASFALTADA;NO;NULL;NULL;SI;EN PROCESO DE INVESTIGACIÓN;NO CUENTA CON CAUSA ESPECIFICA;El Pionero;13/11/2025;-72.197832
A-2025-11-12;45:00.0;ATROPELLO FUGA;1;0;NULL;LIMA;HUARAL;AUCALLAMA;URBANA;CARRETERA;NACIONAL;PE-1N;-11.603914;DESPEJADO;ESCOLAR;TRAMO RECTO;INCLINADA;ASFALTADA;SI;REGULADORA (R);NULL;NO;EN PROCESO DE INVESTIGACIÓN;NO CUENTA CON CAUSA ESPECIFICA;Carretera Panamericana Norte;13/11/2025;-77.206353
A-2025-11-13;45:00.0;CHOQUE;1;1;2;TUMBES;ZARUMILLA;AGUAS VERDES;URBANA;CARRETERA;NACIONAL;PE-1NO;-3.491428;DESPEJADO;RURAL;TRAMO RECTO;PLANA ;ASFALTADA;NULL;NULL;NULL;NULL;IMPRUDENCIA DEL CONDUCTOR;INVASIÓN DE CARRIL;Carretera Panamericana Norte;15/11/2025;-80.267662
A-2025-11-15;30:00.0;DESPISTE;1;0;1;SAN MARTIN;MOYOBAMBA;CALZADA;RURAL;CARRETERA;NACIONAL;PE-5N;-6.048196;DESPEJADO;RURAL;TRAMO RECTO;PLANA ;ASFALTADA;NULL;NULL;NULL;NULL;IMPRUDENCIA DEL CONDUCTOR;CONDUCIR EN ESTADO DE EBRIEDAD Y/O DROGADICCIÓN;Carretera Presidente Fernando Belaúnde Terry;15/11/2025;-77.147931
A-2025-11-23;15:00.0;CHOQUE;1;1;NULL;AREQUIPA;CAYLLOMA;SAN ANTONIO DE CHUCA;URBANA;CARRETERA;NACIONAL;PE-34A;-15.819738;DESPEJADO;RESIDENCIAL;TRAMO RECTO;PLANA ;ASFALTADA;NO;NULL;NULL;SI;EN PROCESO DE INVESTIGACIÓN;NO CUENTA CON CAUSA ESPECIFICA;Vía Interoceánica Sur - Tramo 5;16/11/2025;-71.07154
A-2025-11-26;55:00.0;CHOQUE;1;0;NULL;AREQUIPA;AREQUIPA;PAUCARPATA;URBANA;AVENIDA;URBANO;NO CORRESPONDE;-16.429425;DESPEJADO;RURAL;TRAMO RECTO;PLANA ;ASFALTADA;NULL;NULL;NULL;NULL;EN PROCESO DE INVESTIGACIÓN;NO CUENTA CON CAUSA ESPECIFICA;Jirón Primavera;17/11/2025;-71.49886
A-2025-11-25;27:00.0;DESPISTE;1;0;NULL;AREQUIPA;ISLAY;ISLAY;RURAL;CARRETERA;PROVINCIAL;AR-803;-17.001671;DESPEJADO;RURAL;TRAMO RECTO;PLANA ;ASFALTADA;NO;NULL;NULL;SI;EN PROCESO DE INVESTIGACIÓN;NO CUENTA CON CAUSA ESPECIFICA;Carretera Matarani - Mollendo;19/11/2025;-72.054978
A-2025-11-20;00:00.0;ATROPELLO FUGA;1;1;NULL;SAN MARTIN;RIOJA;YURACYACU;RURAL;CARRETERA;PROVINCIAL;SM-552;-5.909031;DESPEJADO;RURAL;TRAMO RECTO;PLANA ;ASFALTADA;NULL;NULL;NULL;NULL;EN PROCESO DE INVESTIGACIÓN;NO CUENTA CON CAUSA ESPECIFICA;Yuracyacu;19/11/2025;-77.269098
A-2025-11-28;00:00.0;CHOQUE;1;0;NULL;AREQUIPA;AREQUIPA;LA JOYA;RURAL;CARRETERA;NACIONAL;PE-1S;-16.677733;DESPEJADO;RURAL;TRAMO RECTO;PLANA ;ASFALTADA;NO;NULL;NULL;SI;EN PROCESO DE INVESTIGACIÓN;NO CUENTA CON CAUSA ESPECIFICA;Carretera Panamericana Sur;21/11/2025;-71.870904
A-2025-11-14;39:00.0;DESPISTE;1;0;1;LIMA;HUARAL;AUCALLAMA;RURAL;CARRETERA;NACIONAL;PE-1N;-11.607079;DESPEJADO;RURAL;TRAMO RECTO;INCLINADA;ASFALTADA;SI;REGULADORA (R);NULL;NO;EN PROCESO DE INVESTIGACIÓN;NO CUENTA CON CAUSA ESPECIFICA;Carretera Panamericana Norte;23/11/2025;-77.214324
A-2025-11-16;30:00.0;ATROPELLO;1;1;1;TUMBES;ZARUMILLA;ZARUMILLA;RURAL;CARRETERA;NACIONAL;PE-1N;-3.508412;DESPEJADO;RURAL;CURVA;INCLINADA;ASFALTADA;SI;REGULADORA (R);PREVENTIVA (P);NO;IMPRUDENCIA DEL CONDUCTOR;NO DAR PASO PREFERENTE AL PEATÓN;Carretera Panamericana Norte;23/11/2025;-80.298271
A-2025-11-18;30:00.0;CHOQUE;1;2;2;TUMBES;TUMBES;CORRALES;RURAL;CARRETERA;NACIONAL;PE-1N;-3.589263;DESPEJADO;RURAL;TRAMO RECTO;PLANA ;ASFALTADA;NULL;NULL;NULL;NULL;IMPRUDENCIA DEL CONDUCTOR;CONDUCIR EN ESTADO DE EBRIEDAD Y/O DROGADICCIÓN;Carretera Panamericana Norte;29/11/2025;-80.476653
A-2025-11-151;41:00.0;ATROPELLO;1;0;NULL;CUSCO;CANCHIS;SICUANI;URBANA;CALLE;URBANO;NO CORRESPONDE;-14.283329;DESPEJADO;RESIDENCIAL;TRAMO RECTO;PLANA ;AFIRMADO;NULL;NULL;NULL;NULL;IMPERICIA DEL CONDUCTOR;NULL;Sicuani;29/11/2025;-71.229742
A-2025-11-29;45:00.0;CHOQUE;2;0;NULL;AREQUIPA;CAYLLOMA;MAJES;RURAL;CARRETERA;NACIONAL;PE-1S;-16.391638;DESPEJADO;RURAL;TRAMO RECTO;PLANA ;ASFALTADA;NO;NULL;NULL;SI;EN PROCESO DE INVESTIGACIÓN;NO CUENTA CON CAUSA ESPECIFICA;Carretera Panamericana Sur;30/11/2025;-72.20298
A-2025-11-159;30:00.0;DESPISTE;1;0;1;CUSCO;PARURO;CCAPI;RURAL;CARRETERA;DEPARTAMENTAL;CU-119B;-13.868303;DESPEJADO;RURAL;CURVA;PLANA ;AFIRMADO;NULL;NULL;NULL;NULL;IMPRUDENCIA DEL CONDUCTOR;EXCESO DE VELOCIDAD;CU-119;30/11/2025;-71.944477
A-2025-11-21;30:00.0;ATROPELLO;1;0;1;SAN MARTIN;RIOJA;AWAJUN;RURAL;CARRETERA;NACIONAL;PE-5N;-5.797013;DESPEJADO;RURAL;TRAMO RECTO;PLANA ;ASFALTADA;NULL;NULL;NULL;NULL;EN PROCESO DE INVESTIGACIÓN;NO CUENTA CON CAUSA ESPECIFICA;Carretera Presidente Fernando Belaúnde Terry;30/11/2025;-77.409606
A-2025-12-1;30:00.0;ATROPELLO FUGA;1;0;NULL;SAN MARTIN;RIOJA;NUEVA CAJAMARCA;RURAL;CARRETERA;NACIONAL;PE-5N;-5.860813;DESPEJADO;RURAL;TRAMO RECTO;PLANA ;ASFALTADA;NULL;NULL;NULL;NULL;EN PROCESO DE INVESTIGACIÓN;NO CUENTA CON CAUSA ESPECIFICA;Carretera Presidente Fernando Belaúnde Terry;1/12/2025;-77.347487
A-2025-12-2;05:00.0;CHOQUE;1;1;3;SAN MARTIN;RIOJA;RIOJA;RURAL;CARRETERA;NACIONAL;PE-5N;-6.019445;DESPEJADO;RURAL;TRAMO RECTO;INCLINADA;ASFALTADA;NULL;NULL;NULL;NULL;EN PROCESO DE INVESTIGACIÓN;NO CUENTA CON CAUSA ESPECIFICA;Carretera Presidente Fernando Belaúnde Terry;2/12/2025;-77.2288
A-2025-12-8;55:00.0;DESPISTE;1;0;1;SAN MARTIN;RIOJA;NUEVA CAJAMARCA;RURAL;CARRETERA;PROVINCIAL;SM-520;-5.929763;DESPEJADO;RURAL;TRAMO RECTO;PLANA ;ASFALTADA;NULL;NULL;NULL;NULL;EN PROCESO DE INVESTIGACIÓN;NO CUENTA CON CAUSA ESPECIFICA;Carretera San Fernando;5/12/2025;-77.308959
A-2025-12-7;38:00.0;CHOQUE;1;1;2;SAN MARTIN;MOYOBAMBA;SORITOR;URBANA;JIRÓN;URBANO;NO CORRESPONDE;-6.137788;DESPEJADO;ESCOLAR;INTERSECCIÓN;PLANA ;ASFALTADA;NULL;NULL;NULL;NULL;EN PROCESO DE INVESTIGACIÓN;NO CUENTA CON CAUSA ESPECIFICA;Jirón Amargura;5/12/2025;-77.104915
A-2025-12-3;40:00.0;ATROPELLO;1;0;1;LIMA;HUARAL;CHANCAY;URBANA;CARRETERA;NACIONAL;PE-1N;-11.591417;DESPEJADO;RURAL;TRAMO RECTO;INCLINADA;ASFALTADA;NULL;NULL;NULL;NULL;EN PROCESO DE INVESTIGACIÓN;NO CUENTA CON CAUSA ESPECIFICA;Carretera Panamericana Norte;6/12/2025;-77.257269
A-2025-12-4;10:00.0;CHOQUE;1;0;2;LIMA;HUARAL;AUCALLAMA;RURAL;CARRETERA;NACIONAL;PE-1NA;-11.672971;DESPEJADO;RURAL;SINUOSA;PLANA ;ASFALTADA;NULL;NULL;NULL;NULL;EN PROCESO DE INVESTIGACIÓN;NO CUENTA CON CAUSA ESPECIFICA;Carretera Serpentín de Pasamayo;7/12/2025;-77.196572
A-2025-12-5;10:00.0;CHOQUE;1;2;2;LIMA;HUARAL;CHANCAY;RURAL;CARRETERA;NACIONAL;PE-1N;-11.469439;DESPEJADO;RURAL;TRAMO RECTO;INCLINADA;ASFALTADA;NULL;NULL;NULL;NULL;EN PROCESO DE INVESTIGACIÓN;NO CUENTA CON CAUSA ESPECIFICA;Carretera Panamericana Norte;7/12/2025;-77.309577
A-2025-12-12;10:00.0;CHOQUE;1;0;2;SAN MARTIN;RIOJA;NUEVA CAJAMARCA;URBANA;CARRETERA;NACIONAL;PE-5N;-5.96118;DESPEJADO;RURAL;TRAMO RECTO;PLANA ;ASFALTADA;NULL;NULL;NULL;NULL;EN PROCESO DE INVESTIGACIÓN;NO CUENTA CON CAUSA ESPECIFICA;Carretera Presidente Fernando Belaúnde Terry;7/12/2025;-77.29743
A-2025-12-11;35:00.0;DESPISTE;1;0;1;SAN MARTIN;MOYOBAMBA;MOYOBAMBA;URBANA;CARRETERA;PROVINCIAL;SM-588;-6.001114;DESPEJADO;INDUSTRIAL;OTRO;INCLINADA;AFIRMADO;NULL;NULL;NULL;NULL;EN PROCESO DE INVESTIGACIÓN;NO CUENTA CON CAUSA ESPECIFICA;Carretera Moyobamba - Balsapuerto;7/12/2025;-76.981283
A-2025-12-6;00:00.0;CHOQUE;1;0;2;TUMBES;TUMBES;CORRALES;URBANA;CARRETERA;NACIONAL;PE-1N;-3.614284;DESPEJADO;RURAL;TRAMO RECTO;PLANA ;ASFALTADA;SI;REGULADORA (R);NULL;NO;IMPRUDENCIA DEL CONDUCTOR;INVASIÓN DE CARRIL;Carretera Panamericana Norte;8/12/2025;-80.51437
A-2025-12-70;00:00.0;CHOQUE;1;4;NULL;AREQUIPA;AREQUIPA;UCHUMAYO;RURAL;CARRETERA;DEPARTAMENTAL;AR-115;-16.459298;DESPEJADO;RURAL;CURVA;INCLINADA;ASFALTADA;SI;PREVENTIVA (P);INFORMATIVA (I);SI;IMPRUDENCIA DEL CONDUCTOR;INVASIÓN DE CARRIL;Carretera Cerro Verde;9/12/2025;-71.624885
A-2025-12-9;00:00.0;ATROPELLO FUGA;1;0;1;LIMA;HUARAL;AUCALLAMA;RURAL;CARRETERA;NACIONAL;PE-1N;-11.676886;DESPEJADO;RURAL;TRAMO RECTO;INCLINADA;ASFALTADA;NULL;NULL;NULL;NULL;EN PROCESO DE INVESTIGACIÓN;NO CUENTA CON CAUSA ESPECIFICA;Carretera Panamericana Norte;12/12/2025;-77.183742
A-2025-12-130;20:00.0;CHOQUE;1;0;NULL;AREQUIPA;CARAVELI;LOMAS;RURAL;CARRETERA;NACIONAL;PE-1S;-15.315688;DESPEJADO;RURAL;TRAMO RECTO;PLANA ;ASFALTADA;NULL;NULL;NULL;NULL;EN PROCESO DE INVESTIGACIÓN;NO CUENTA CON CAUSA ESPECIFICA;Carretera Panamericana Sur;12/12/2025;-74.907817
A-2025-12-13;30:00.0;CHOQUE;1;0;2;SAN MARTIN;RIOJA;RIOJA;RURAL;CARRETERA;NACIONAL;PE-5N;-6.052769;DESPEJADO;RURAL;TRAMO RECTO;PLANA ;ASFALTADA;NULL;NULL;NULL;NULL;EN PROCESO DE INVESTIGACIÓN;NO CUENTA CON CAUSA ESPECIFICA;Carretera Presidente Fernando Belaúnde Terry;13/12/2025;-77.156114
A-2025-12-140;45:00.0;DESPISTE;1;0;NULL;AREQUIPA;AREQUIPA;SOCABAYA;URBANA;CARRETERA;PROVINCIAL;AR-796;-16.460456;DESPEJADO;RESIDENCIAL;TRAMO RECTO;PLANA ;ASFALTADA;NULL;NULL;NULL;NULL;EN PROCESO DE INVESTIGACIÓN;NO CUENTA CON CAUSA ESPECIFICA;Avenida Paisajista;14/12/2025;-71.547633
A-2025-12-35;50:00.0;DESPISTE;1;0;1;SAN MARTIN;RIOJA;NUEVA CAJAMARCA;URBANA;CARRETERA;NACIONAL;PE-5N;-5.94353;DESPEJADO;COMERCIAL;TRAMO RECTO;PLANA ;ASFALTADA;NULL;NULL;NULL;NULL;IMPRUDENCIA DEL CONDUCTOR;CONDUCIR EN ESTADO DE EBRIEDAD Y/O DROGADICCIÓN;Carretera Presidente Fernando Belaúnde Terry;15/12/2025;-77.306148
A-2025-12-139;40:00.0;CHOQUE FUGA;1;0;NULL;AREQUIPA;AREQUIPA;VITOR;RURAL;CARRETERA;NACIONAL;PE-1S;-16.432225;DESPEJADO;RURAL;TRAMO RECTO;PLANA ;ASFALTADA;SI;REGULADORA (R);NULL;SI;EN PROCESO DE INVESTIGACIÓN;NO CUENTA CON CAUSA ESPECIFICA;Carretera Panamericana Sur;15/12/2025;-72.005177
A-2025-12-36;30:00.0;DESPISTE;1;1;1;SAN MARTIN;MOYOBAMBA;JEPELACIO;RURAL;CARRETERA;NACIONAL;PE-5N;-6.098945;DESPEJADO;RURAL;TRAMO RECTO;PLANA ;ASFALTADA;NULL;NULL;NULL;NULL;EN PROCESO DE INVESTIGACIÓN;NO CUENTA CON CAUSA ESPECIFICA;Carretera Presidente Fernando Belaúnde Terry;15/12/2025;-76.869748
A-2025-12-10;00:00.0;DESPISTE;1;0;1;TUMBES;TUMBES;SAN JACINTO;RURAL;CARRETERA;DEPARTAMENTAL;TU-105;-3.712444;DESPEJADO;RURAL;CURVA;INCLINADA;ASFALTADA;SI;PREVENTIVA (P);NULL;NO;IMPRUDENCIA DEL CONDUCTOR;EXCESO DE VELOCIDAD;TU-105;18/12/2025;-80.452694
A-2025-12-159;30:00.0;CHOQUE;1;1;2;TUMBES;CONTRALMIRANTE VILLAR;ZORRITOS;URBANA;CARRETERA;NACIONAL;PE-1N;-3.70562;DESPEJADO;RESIDENCIAL;TRAMO RECTO;PLANA ;ASFALTADA;NULL;NULL;NULL;NULL;IMPRUDENCIA DEL CONDUCTOR;CONDUCIR EN ESTADO DE EBRIEDAD Y/O DROGADICCIÓN;Carretera Panamericana Norte;21/12/2025;-80.71773
A-2025-12-93;20:00.0;ATROPELLO FUGA;1;0;NULL;TUMBES;TUMBES;TUMBES;URBANA;AVENIDA;URBANO;NO CORRESPONDE;-3.565193;DESPEJADO;RESIDENCIAL;TRAMO RECTO;PLANA ;ASFALTADA;NULL;NULL;NULL;NULL;IMPRUDENCIA DEL PEATÓN;ESTADO DE EBRIEDAD Y/O DROGADICCIÓN;Avenida Arica;21/12/2025;-80.45885
A-2025-12-138;20:00.0;CHOQUE;2;0;NULL;AREQUIPA;CAYLLOMA;SAN ANTONIO DE CHUCA;RURAL;CARRETERA;NACIONAL;PE-34A;-15.97581;DESPEJADO;RURAL;CURVA;INCLINADA;ASFALTADA;SI;REGULADORA (R);NULL;SI;EN PROCESO DE INVESTIGACIÓN;NO CUENTA CON CAUSA ESPECIFICA;Vía Interoceánica Sur - Tramo 5;24/12/2025;-71.227033
A-2025-12-132;45:00.0;CHOQUE;1;0;NULL;AREQUIPA;AREQUIPA;MARIANO MELGAR;URBANA;AVENIDA;URBANO;NO CORRESPONDE;-16.403622;DESPEJADO;ESCOLAR;INTERSECCIÓN;INCLINADA;ASFALTADA;SI;PREVENTIVA (P);NULL;SI;EN PROCESO DE INVESTIGACIÓN;NO CUENTA CON CAUSA ESPECIFICA;Mariano Melgar;24/12/2025;-71.49484
A-2025-12-164;00:00.0;DESPISTE;1;0;1;TUMBES;TUMBES;TUMBES;URBANA;CARRETERA;NACIONAL;PE-1N;-3.558005;DESPEJADO;RESIDENCIAL;CURVA;PLANA ;ASFALTADA;SI;PREVENTIVA (P);NULL;NO;IMPRUDENCIA DEL CONDUCTOR;CONDUCIR EN ESTADO DE EBRIEDAD Y/O DROGADICCIÓN;Avenida Tumbes Norte;28/12/2025;-80.452037
A-2025-12-131;00:00.0;DESPISTE;1;0;NULL;AREQUIPA;AREQUIPA;LA JOYA;RURAL;CARRETERA;SIN CLASIFICAR;SIN CLASIFICAR;-16.521657;DESPEJADO;RURAL;TRAMO RECTO;PLANA ;AFIRMADO;NO;NULL;NULL;SI;EN PROCESO DE INVESTIGACIÓN;NO CUENTA CON CAUSA ESPECIFICA;El Triunfo;30/12/2025;-71.831193
A-2023-01-65;30:00.0;DESPISTE;1;0;1;ICA;ICA;OCUCAJE;RURAL;CARRETERA;NACIONAL;PE-1S;-14.352046;DESPEJADO;RURAL;TRAMO RECTO;PLANA ;ASFALTADA;NULL;NULL;NULL;NULL;EN PROCESO DE INVESTIGACIÓN;NO CUENTA CON CAUSA ESPECIFICA;Carretera Panamericana Sur;27/1/2023;-75.643524
A-2023-01-53;40:00.0;DESPISTE;1;0;NULL;TUMBES;ZARUMILLA;PAPAYAL;RURAL;CARRETERA;DEPARTAMENTAL;TU-101;-3.611741;SOLEADO;RURAL;TRAMO RECTO;PLANA ;ASFALTADA;NULL;NULL;NULL;NULL;IMPRUDENCIA DEL CONDUCTOR;OTRO (IMPRUDENCIA DEL CONDUCTOR);TU-101;27/1/2023;-80.196172
A-2023-01-47;30:00.0;DESPISTE;1;2;1;LA LIBERTAD;VIRU;GUADALUPITO;RURAL;CARRETERA;NACIONAL;PE-1N;-8.954251;DESPEJADO;RURAL;TRAMO RECTO;PLANA ;ASFALTADA;NULL;NULL;NULL;NULL;IMPRUDENCIA DEL CONDUCTOR;FRENAR INTEMPESTIVAMENTE;Panamericana Norte;27/1/2023;-78.629556
A-2023-01-156;40:00.0;ATROPELLO;1;0;NULL;LIMA;LIMA;CARABAYLLO;RURAL;CARRETERA;NACIONAL;PE-20A;-11.755908;DESPEJADO;RURAL;CURVA;INCLINADA;ASFALTADA;NO;NULL;NULL;SI;IMPRUDENCIA DEL PEATÓN;OTRO (IMPRUDENCIA DEL PEATÓN);PE-20A;28/1/2023;-76.974774
A-2023-01-355;20:00.0;CHOQUE;3;0;2;LIMA;BARRANCA;SUPE;RURAL;CARRETERA;PROVINCIAL;LM-529;-10.738853;DESPEJADO;RURAL;OTRO;PLANA ;ASFALTADA;NULL;NULL;NULL;NULL;IMPRUDENCIA DEL CONDUCTOR;GIRAR IMPRUDENTEMENTE;Virgen del Rosario;28/1/2023;-77.60962
A-2023-01-66;40:00.0;CHOQUE;1;5;2;ICA;NASCA;NASCA;RURAL;CARRETERA;NACIONAL;PE-1S;-14.987353;DESPEJADO;RURAL;CURVA;INCLINADA;ASFALTADA;SI;REGULADORA (R);NULL;NO;EN PROCESO DE INVESTIGACIÓN;NO CUENTA CON CAUSA ESPECIFICA;Carretera Panamericana Sur;28/1/2023;-74.995931
A-2023-01-161;17:00.0;ATROPELLO;1;0;NULL;LIMA;LIMA;ATE;URBANA;CARRETERA;NACIONAL;PE-22;-12.013894;DESPEJADO;COMERCIAL;TRAMO RECTO;PLANA ;ASFALTADA;NULL;NULL;NULL;NULL;IMPRUDENCIA DEL PEATÓN;OTRO (IMPRUDENCIA DEL PEATÓN);Carretera Central;28/1/2023;-76.883342
A-2023-01-356;20:00.0;DESPISTE;1;4;1;JUNIN;TARMA;TAPO;RURAL;CARRETERA;DEPARTAMENTAL;JU-103;-11.373768;DESPEJADO;RURAL;CURVA;PLANA ;ASFALTADA;NULL;NULL;NULL;NULL;EN PROCESO DE INVESTIGACIÓN;NO CUENTA CON CAUSA ESPECIFICA;Carretera Jauja - Palca;28/1/2023;-75.560945
A-2023-01-72;30:00.0;DESPISTE;1;4;1;CUSCO;LA CONVENCION;HUAYOPATA;RURAL;CARRETERA;NACIONAL;PE-28B;-13.075151;LLUVIOSO;RURAL;CURVA;INCLINADA;ASFALTADA;SI;PREVENTIVA (P);NULL;SI;IMPRUDENCIA DEL CONDUCTOR;FATIGA Y/O CANSANCIO;PE-28B;28/1/2023;-72.398731
A-2023-01-103;18:00.0;ATROPELLO;1;0;NULL;JUNIN;HUANCAYO;PILCOMAYO;URBANA;CARRETERA;NACIONAL;PE-3SB;-12.046308;DESPEJADO;RESIDENCIAL;INTERSECCIÓN;PLANA ;ASFALTADA;SI;PREVENTIVA (P);REGULADORA (R);SI;EN PROCESO DE INVESTIGACIÓN;NO CUENTA CON CAUSA ESPECIFICA;Carretera Central Margen Derecha;28/1/2023;-75.250854
A-2024-01-102-A;30:00.0;DESPISTE;1;1;NULL;JUNIN;TARMA;TAPO;RURAL;CARRETERA;DEPARTAMENTAL;JU-103;-11.392416;DESPEJADO;RURAL;CURVA;PLANA ;TROCHA;NULL;NULL;NULL;NULL;EN PROCESO DE INVESTIGACIÓN;NO CUENTA CON CAUSA ESPECIFICA;Tapo;29/1/2023;-75.562446
A-2023-01-158;24:00.0;ATROPELLO FUGA;1;0;NULL;LIMA;LIMA;LURIN;URBANA;AVENIDA;URBANO;NO CORRESPONDE;-12.242233;DESPEJADO;RESIDENCIAL;CURVA;PLANA ;ASFALTADA;NULL;NULL;NULL;NULL;IMPRUDENCIA DEL CONDUCTOR;OTRO (IMPRUDENCIA DEL CONDUCTOR);Avenida Manuel Valle;29/1/2023;-76.868379
A-2023-01-36;10:00.0;DESPISTE;2;0;1;AREQUIPA;AREQUIPA;YURA;RURAL;CARRETERA;NACIONAL;PE-34A;-16.104889;DESPEJADO;RURAL;CURVA;INCLINADA;ASFALTADA;NO;NULL;NULL;SI;EN PROCESO DE INVESTIGACIÓN;NO CUENTA CON CAUSA ESPECIFICA;Vía Interoceánica Sur - Tramo 5;29/1/2023;-71.618319
A-2023-01-159;30:00.0;ATROPELLO;1;0;NULL;LIMA;LIMA;COMAS;URBANA;AVENIDA;URBANO;NO CORRESPONDE;-11.952932;DESPEJADO;ESCOLAR;INTERSECCIÓN;INCLINADA;ASFALTADA;NO;NULL;NULL;SI;EN PROCESO DE INVESTIGACIÓN;NO CUENTA CON CAUSA ESPECIFICA;Jirón Puno;29/1/2023;-77.051338
A-2023-01-100;00:00.0;DESPISTE;1;1;1;LAMBAYEQUE;FERREÑAFE;FERREÑAFE;RURAL;CARRETERA;DEPARTAMENTAL;LA-111;-6.595805;DESPEJADO;RURAL;TRAMO RECTO;PLANA ;ASFALTADA;NULL;NULL;NULL;NULL;EN PROCESO DE INVESTIGACIÓN;NO CUENTA CON CAUSA ESPECIFICA;LA-111;29/1/2023;-79.786652
A-2023-01-99;45:00.0;CHOQUE;1;0;2;LAMBAYEQUE;CHICLAYO;PUCALA;RURAL;CARRETERA;DEPARTAMENTAL;LA-117;-6.774337;DESPEJADO;RURAL;TRAMO RECTO;PLANA ;ASFALTADA;NULL;NULL;NULL;NULL;EN PROCESO DE INVESTIGACIÓN;NO CUENTA CON CAUSA ESPECIFICA;Carretera Pátapo - Pucalá;29/1/2023;-79.610191
A-2023-01-85;30:00.0;CHOQUE FUGA;1;0;2;CAJAMARCA;JAEN;BELLAVISTA;RURAL;CARRETERA;PROVINCIAL;CA-745;-5.66332;DESPEJADO;RURAL;TRAMO RECTO;PLANA ;ASFALTADA;NO;NULL;NULL;SI;EN PROCESO DE INVESTIGACIÓN;NO CUENTA CON CAUSA ESPECIFICA;CA-745;29/1/2023;-78.653248
A-2023-01-48;30:00.0;DESPISTE;1;0;1;LA LIBERTAD;VIRU;VIRU;URBANA;CARRETERA;NACIONAL;PE-1N;-8.455861;DESPEJADO;RURAL;TRAMO RECTO;PLANA ;ASFALTADA;NULL;NULL;NULL;NULL;IMPRUDENCIA DEL CONDUCTOR;OTRO (IMPRUDENCIA DEL CONDUCTOR);Carretera Panamericana Norte;29/1/2023;-78.728059
A-2023-01-160;10:00.0;ATROPELLO FUGA;1;0;NULL;LIMA;LIMA;VILLA EL SALVADOR;RURAL;CARRETERA;NACIONAL;PE-1S;-12.231327;DESPEJADO;INDUSTRIAL;CURVA;PLANA ;ASFALTADA;NULL;NULL;NULL;NULL;IMPRUDENCIA DEL CONDUCTOR;EXCESO DE VELOCIDAD;Carretera Panamericana Sur;30/1/2023;-76.965387
A-2023-01-49;50:00.0;CHOQUE FUGA;1;0;1;LA LIBERTAD;ASCOPE;CASA GRANDE;RURAL;CARRETERA;PROVINCIAL;LI-619;-7.729282;DESPEJADO;RURAL;TRAMO RECTO;PLANA ;CONCRETO;NULL;NULL;NULL;NULL;EN PROCESO DE INVESTIGACIÓN;NO CUENTA CON CAUSA ESPECIFICA;LI-619;30/1/2023;-79.164616
A-2023-01-62;00:00.0;DESPISTE;1;1;1;APURIMAC;ANDAHUAYLAS;ANDAHUAYLAS;RURAL;CARRETERA;NACIONAL;PE-30B;-13.872184;DESPEJADO;RURAL;CURVA;PLANA ;TROCHA;NULL;NULL;NULL;NULL;IMPRUDENCIA DEL CONDUCTOR;OTRO (IMPRUDENCIA DEL CONDUCTOR);PE-30B;30/1/2023;-73.398548
A-2023-01-75;30:00.0;CAÍDA DE PASAJERO;1;0;NULL;CAJAMARCA;CAJAMARCA;CAJAMARCA;URBANA;JIRÓN;URBANO;NO CORRESPONDE;-7.157317;DESPEJADO;RESIDENCIAL;INTERSECCIÓN;INCLINADA;ASFALTADA;NULL;NULL;NULL;NULL;EN PROCESO DE INVESTIGACIÓN;NO CUENTA CON CAUSA ESPECIFICA;Jirón Juan Villanueva;30/1/2023;-78.52361