CÓDIGO SINIESTRO;HORA SINIESTRO;CLASE SINIESTRO;CANTIDAD DE FALLECIDOS;CANTIDAD DE LESIONADOS;CANTIDAD DE VEHICULOS DAÑADOS;DEPARTAMENTO;PROVINCIA;DISTRITO;ZONA;TIPO DE VÍA;RED VIAL;COD CARRETERA;COORDENADAS LATITUD;CONDICIÓN CLIMÁTICA;ZONIFICACIÓN;CARACTERÍSTICAS DE VÍA;PERFIL LONGITUDINAL VÍA;SUPERFICIE DE CALZADA;¿EXISTE SEÑAL VERTICAL?;CLASIFICACIÓN DE LA SEÑAL VERTICAL Nº 1;CLASIFICACIÓN DE LA SEÑAL VERTICAL Nº 2;¿EXISTE SEÑAL HORIZONTAL?;CAUSA FACTOR PRINCIPAL;CAUSA ESPECÍFICA;UBICACION;FECHA SINIESTRO;COORDENADAS LONGITUD
A-2023-01-52;54:00.0;CHOQUE;1;6;2;ANCASH;HUARAZ;OLLEROS;RURAL;CARRETERA;NACIONAL;PE-3N;-9.627298;DESPEJADO;RURAL;CURVA;PLANA ;ASFALTADA;SI;PREVENTIVA (P);INFORMATIVA (I);SI;IMPRUDENCIA DEL CONDUCTOR;INVASIÓN DE CARRIL;Carretera Longitudinal de la Sierra Norte;30/1/2023;-77.498798
A-2023-01-84;00:00.0;DESPISTE;2;2;1;CAJAMARCA;CUTERVO;QUEROCOTILLO;RURAL;CARRETERA;PROVINCIAL;CA-824;-6.145133;DESPEJADO;RURAL;SINUOSA;INCLINADA;AFIRMADO;NULL;NULL;NULL;NULL;IMPRUDENCIA DEL CONDUCTOR;EXCESO DE VELOCIDAD;CA-824;30/1/2023;-79.016438
A-2023-01-129;20:00.0;CHOQUE;1;1;NULL;MADRE DE DIOS;TAMBOPATA;LAS PIEDRAS;RURAL;CARRETERA;NACIONAL;PE-30C;-11.95189;NULL;NULL;NULL;NULL;NULL;NULL;NULL;NULL;NULL;EN PROCESO DE INVESTIGACIÓN;NO CUENTA CON CAUSA ESPECIFICA;Transoceánica;30/1/2023;-69.130112
A-2023-01-56;30:00.0;CHOQUE CON OBJETO FIJO;1;1;1;CUSCO;URUBAMBA;URUBAMBA;URBANA;CARRETERA;NACIONAL;PE-28B;-13.278097;DESPEJADO;RESIDENCIAL;TRAMO RECTO;PLANA ;ASFALTADA;SI;REGULADORA (R);REGULADORA (R);NO;NEGLIGENCIA DEL CONDUCTOR;OTRO (NEGLIGENCIA DEL CONDUCTOR);PE-28B;30/1/2023;-72.187868
A-2023-01-114;20:00.0;CHOQUE;1;1;1;CALLAO;CALLAO;CALLAO;URBANA;AVENIDA;URBANO;NO CORRESPONDE;-12.044797;DESPEJADO;RESIDENCIAL;TRAMO RECTO;PLANA ;ASFALTADA;NULL;NULL;NULL;NULL;IMPRUDENCIA DEL CONDUCTOR;OTRO (IMPRUDENCIA DEL CONDUCTOR);Calle Contralmirante Mariátegui;30/1/2023;-77.138118
A-2023-01-162;00:00.0;CHOQUE;1;0;0;LIMA;LIMA;ATE;URBANA;AVENIDA;URBANO;NO CORRESPONDE;-12.006141;DESPEJADO;RESIDENCIAL;TRAMO RECTO;PLANA ;ASFALTADA;NULL;NULL;NULL;NULL;IMPRUDENCIA DEL CONDUCTOR;NO ESTABLECER EL DERECHO DE PASO;Avenida Andrés Avelino Cáceres;31/1/2023;-76.829877
A-2023-01-57;20:00.0;DESPISTE;1;1;1;JUNIN;HUANCAYO;CULLHUAS;RURAL;CARRETERA;NACIONAL;PE-1NU;-12.211415;DESPEJADO;RURAL;TRAMO RECTO;PLANA ;ASFALTADA;NULL;NULL;NULL;NULL;IMPRUDENCIA DEL CONDUCTOR;EXCESO DE VELOCIDAD;Carretera Longitudinal de la Sierra Sur;31/1/2023;-75.174176
A-2023-01-83;00:00.0;DESPISTE;1;0;1;CAJAMARCA;CAJAMARCA;NAMORA;URBANA;CARRETERA;NACIONAL;PE-3N;-7.19434;DESPEJADO;RURAL;TRAMO RECTO;INCLINADA;ASFALTADA;NO;NULL;NULL;SI;IMPRUDENCIA DEL CONDUCTOR;EXCESO DE VELOCIDAD;Carretera Longitudinal de la Sierra Norte;31/1/2023;-78.346385
A-2023-01-86;00:00.0;ATROPELLO;1;0;1;CAJAMARCA;CHOTA;CHOTA;URBANA;CARRETERA;NACIONAL;PE-3N;-6.606444;DESPEJADO;RESIDENCIAL;TRAMO RECTO;PLANA ;ASFALTADA;SI;REGULADORA (R);NULL;SI;EN PROCESO DE INVESTIGACIÓN;NO CUENTA CON CAUSA ESPECIFICA;Carretera Longitudinal de la Sierra Norte;31/1/2023;-78.623498
A-2023-02-70;50:00.0;ATROPELLO;1;0;NULL;ICA;CHINCHA;EL CARMEN;RURAL;CARRETERA;NACIONAL;PE-1S;-13.555881;DESPEJADO;RURAL;TRAMO RECTO;PLANA ;ASFALTADA;NULL;NULL;NULL;NULL;EN PROCESO DE INVESTIGACIÓN;NO CUENTA CON CAUSA ESPECIFICA;Antigua Carretera Panamericana Sur;1/2/2023;-76.133432
A-2023-02-1;00:00.0;ATROPELLO FUGA;1;0;NULL;TUMBES;TUMBES;CORRALES;RURAL;CARRETERA;NACIONAL;PE-1N;-3.608803;DESPEJADO;RURAL;TRAMO RECTO;PLANA ;ASFALTADA;NULL;NULL;NULL;NULL;IMPRUDENCIA DEL CONDUCTOR;NO DAR PASO PREFERENTE AL PEATÓN;Carretera Panamericana Norte;1/2/2023;-80.505366
A-2023-02-7;20:00.0;ATROPELLO FUGA;1;0;0;LA LIBERTAD;TRUJILLO;LAREDO;RURAL;CARRETERA;NACIONAL;PE-10A;-8.020921;DESPEJADO;RURAL;TRAMO RECTO;PLANA ;ASFALTADA;NULL;NULL;NULL;NULL;EN PROCESO DE INVESTIGACIÓN;NO CUENTA CON CAUSA ESPECIFICA;Carretera Industrial;2/2/2023;-78.838109
A-2023-02-133;20:00.0;CHOQUE;1;0;NULL;LIMA;LIMA;VILLA EL SALVADOR;URBANA;AVENIDA;URBANO;NO CORRESPONDE;-12.22761;DESPEJADO;COMERCIAL;INTERSECCIÓN;PLANA ;ASFALTADA;NULL;NULL;NULL;NULL;IMPRUDENCIA DEL CONDUCTOR;CONDUCIR EN ESTADO DE EBRIEDAD Y/O DROGADICCIÓN;Avenida Pachacútec;2/2/2023;-76.915583
A-2023-02-83;45:00.0;CHOQUE;1;1;2;JUNIN;YAULI;SANTA BARBARA DE CARHUACAYAN;RURAL;CARRETERA;PROVINCIAL;JU-507;-11.275779;NEVADO;RURAL;CURVA;INCLINADA;ASFALTADA;SI;PREVENTIVA (P);NULL;NO;IMPRUDENCIA DEL CONDUCTOR;INVASIÓN DE CARRIL;JU-507;2/2/2023;-76.441805
A-2023-02-53;50:00.0;CHOQUE CON OBJETO FIJO;1;0;1;LIMA;HUAURA;SAYAN;RURAL;CARRETERA;PROVINCIAL;LM-659;-11.23685;DESPEJADO;RURAL;CURVA;PLANA ;ASFALTADA;NULL;NULL;NULL;NULL;IMPRUDENCIA DEL CONDUCTOR;OTRO (IMPRUDENCIA DEL CONDUCTOR);LM-663;3/2/2023;-77.39496
A-2023-02-108;00:00.0;VOLCADURA;2;0;NULL;APURIMAC;AYMARAES;POCOHUANCA;RURAL;CARRETERA;SIN CLASIFICAR;SIN CLASIFICAR;-14.219099;NULL;NULL;NULL;NULL;NULL;NULL;NULL;NULL;NULL;EN PROCESO DE INVESTIGACIÓN;NO CUENTA CON CAUSA ESPECIFICA;Huancapampa;3/2/2023;-73.085851
A-2023-02-64;40:00.0;DESPISTE;1;5;NULL;CAJAMARCA;CHOTA;COCHABAMBA;RURAL;CARRETERA;NACIONAL;PE-3N;-6.480303;DESPEJADO;RURAL;SINUOSA;PLANA ;ASFALTADA;NO;NULL;NULL;SI;EN PROCESO DE INVESTIGACIÓN;NO CUENTA CON CAUSA ESPECIFICA;Carretera Longitudinal de la Sierra Norte;4/2/2023;-78.879603
A-2023-02-9;00:00.0;DESPISTE;2;1;1;AREQUIPA;ISLAY;ISLAY;RURAL;CARRETERA;NACIONAL;PE-34;-16.920415;DESPEJADO;RURAL;OTRO;PLANA ;ASFALTADA;SI;PREVENTIVA (P);NULL;SI;EN PROCESO DE INVESTIGACIÓN;NO CUENTA CON CAUSA ESPECIFICA;Carretera Interoceánica Sur;4/2/2023;-72.04923
A-2023-02-2;45:00.0;CHOQUE;1;0;2;SAN MARTIN;MOYOBAMBA;CALZADA;URBANA;CARRETERA;NACIONAL;PE-5NE;-6.041167;DESPEJADO;RESIDENCIAL;TRAMO RECTO;PLANA ;ASFALTADA;SI;PREVENTIVA (P);PREVENTIVA (P);NO;IMPRUDENCIA DEL CONDUCTOR;OTRO (IMPRUDENCIA DEL CONDUCTOR);Carretera Presidente Fernando Belaúnde Terry;4/2/2023;-77.134194
A-2023-02-100;50:00.0;ATROPELLO FUGA;1;0;1;JUNIN;JAUJA;ATAURA;URBANA;CARRETERA;NACIONAL;PE-3S;-11.792625;LLUVIOSO;RURAL;TRAMO RECTO;PLANA ;ASFALTADA;NULL;NULL;NULL;NULL;EN PROCESO DE INVESTIGACIÓN;NO CUENTA CON CAUSA ESPECIFICA;Carretera Longitudinal de la Sierra Sur;4/2/2023;-75.462974
A-2023-02-158;00:00.0;ATROPELLO FUGA;1;0;NULL;CAJAMARCA;CAJAMARCA;LLACANORA;RURAL;CARRETERA;NACIONAL;PE-3N;-7.207211;DESPEJADO;RURAL;TRAMO RECTO;INCLINADA;ASFALTADA;SI;PREVENTIVA (P);NULL;SI;EN PROCESO DE INVESTIGACIÓN;NO CUENTA CON CAUSA ESPECIFICA;Carretera Longitudinal de la Sierra Norte;4/2/2023;-78.387005
A-2023-02-65;20:00.0;ATROPELLO FUGA;1;0;NULL;CAJAMARCA;SAN IGNACIO;NAMBALLE;RURAL;CARRETERA;NACIONAL;PE-3N;-5.018397;DESPEJADO;RURAL;SINUOSA;INCLINADA;ASFALTADA;NULL;NULL;NULL;NULL;EN PROCESO DE INVESTIGACIÓN;NO CUENTA CON CAUSA ESPECIFICA;Mariano Melgar;5/2/2023;-79.087351
A-2023-02-163;45:00.0;CHOQUE;1;1;NULL;LIMA;BARRANCA;BARRANCA;URBANA;AVENIDA;URBANO;NO CORRESPONDE;-10.769341;NULL;NULL;NULL;NULL;NULL;NULL;NULL;NULL;NULL;EN PROCESO DE INVESTIGACIÓN;NO CUENTA CON CAUSA ESPECIFICA;Avenida Costanera;5/2/2023;-77.76097
A-2023-02-74;40:00.0;DESPISTE;1;2;NULL;LAMBAYEQUE;CHICLAYO;PATAPO;RURAL;CARRETERA;DEPARTAMENTAL;LA-117;-6.73961;DESPEJADO;RURAL;TRAMO RECTO;PLANA ;ASFALTADA;NULL;NULL;NULL;NULL;EN PROCESO DE INVESTIGACIÓN;NO CUENTA CON CAUSA ESPECIFICA;PE-06A;5/2/2023;-79.640571
A-2023-02-10;45:00.0;CHOQUE;1;0;3;AREQUIPA;AREQUIPA;LA JOYA;RURAL;CARRETERA;NACIONAL;PE-34;-16.62429;DESPEJADO;RURAL;TRAMO RECTO;PLANA ;ASFALTADA;NO;NULL;NULL;SI;EN PROCESO DE INVESTIGACIÓN;NO CUENTA CON CAUSA ESPECIFICA;Carretera Panamericana Sur;5/2/2023;-71.87165
A-2023-02-123;38:00.0;DESPISTE;1;0;1;PIURA;PIURA;PIURA;URBANA;CARRETERA;PROVINCIAL;PI-984;-5.187694;DESPEJADO;RURAL;TRAMO RECTO;PLANA ;ASFALTADA;NULL;NULL;NULL;NULL;IMPRUDENCIA DEL CONDUCTOR;CONDUCIR EN ESTADO DE EBRIEDAD Y/O DROGADICCIÓN;Avenida Loreto;5/2/2023;-80.626569
A-2023-02-57;30:00.0;ATROPELLO;1;0;1;CUSCO;QUISPICANCHI;ANDAHUAYLILLAS;RURAL;CARRETERA;NACIONAL;PE-28B;-13.605802;DESPEJADO;RURAL;TRAMO RECTO;PLANA ;ASFALTADA;NO;NULL;NULL;NO;IMPRUDENCIA DEL CONDUCTOR;EXCESO DE VELOCIDAD;PE-28B;5/2/2023;-71.727114
A-2023-02-8;45:00.0;ATROPELLO;1;0;1;LA LIBERTAD;TRUJILLO;HUANCHACO;RURAL;CARRETERA;NACIONAL;PE-1N;-8.003237;DESPEJADO;COMERCIAL;TRAMO RECTO;PLANA ;ASFALTADA;NULL;NULL;NULL;NULL;IMPRUDENCIA DEL PEATÓN;CRUCE INDEBIDO POR LA CALZADA;Carretera Panamericana Norte;5/2/2023;-79.071385
A-2023-02-54;44:00.0;DESPISTE;1;0;1;CUSCO;CALCA;TARAY;RURAL;CARRETERA;NACIONAL;PE-28G;-13.425327;DESPEJADO;RURAL;CURVA;PLANA ;ASFALTADA;SI;PREVENTIVA (P);NULL;SI;IMPRUDENCIA DEL CONDUCTOR;EXCESO DE VELOCIDAD;Carretera Cusco- Pisac;5/2/2023;-71.861593
A-2023-02-3;15:00.0;CHOQUE;1;0;2;SAN MARTIN;RIOJA;ELIAS SOPLIN VARGAS;URBANA;CARRETERA;NACIONAL;PE-5N;-5.970251;DESPEJADO;COMERCIAL;TRAMO RECTO;PLANA ;ASFALTADA;NULL;NULL;NULL;NULL;IMPRUDENCIA DEL CONDUCTOR;OTRO (IMPRUDENCIA DEL CONDUCTOR);Carretera Presidente Fernando Belaúnde Terry;6/2/2023;-77.292919
A-2023-02-94;45:00.0;CHOQUE;1;1;2;ANCASH;SANTA;NEPEÑA;URBANA;CARRETERA;NACIONAL;PE-1N;-9.234863;DESPEJADO;RURAL;TRAMO RECTO;PLANA ;ASFALTADA;SI;REGULADORA (R);NULL;SI;IMPRUDENCIA DEL CONDUCTOR;EXCESO DE VELOCIDAD;Panamericana Norte;6/2/2023;-78.44852
A-2023-02-13;30:00.0;DESPISTE;1;1;1;AREQUIPA;ISLAY;PUNTA DE BOMBON;RURAL;CARRETERA;NACIONAL;PE-1SD;-17.169093;DESPEJADO;RURAL;TRAMO RECTO;PLANA ;ASFALTADA;NO;NULL;NULL;SI;EN PROCESO DE INVESTIGACIÓN;NO CUENTA CON CAUSA ESPECIFICA;Carretera Costanera Sur;6/2/2023;-71.786799
A-2023-02-11;30:00.0;CHOQUE;1;0;2;LA LIBERTAD;PACASMAYO;GUADALUPE;URBANA;CARRETERA;NACIONAL;PE-1N;-7.237837;DESPEJADO;INDUSTRIAL;TRAMO RECTO;PLANA ;ASFALTADA;NULL;NULL;NULL;NULL;IMPRUDENCIA DEL CONDUCTOR;NO ESTABLECER EL DERECHO DE PASO;Avenida Industrial;6/2/2023;-79.458427
A-2023-02-14;00:00.0;DESPISTE;1;4;1;ANCASH;HUARI;CHAVIN DE HUANTAR;RURAL;CARRETERA;DEPARTAMENTAL;AN-110;-9.664293;DESPEJADO;RURAL;CURVA;INCLINADA;CONCRETO;SI;PREVENTIVA (P);PREVENTIVA (P);NO;IMPRUDENCIA DEL CONDUCTOR;EXCESO DE VELOCIDAD;AN-110;7/2/2023;-77.198978
A-2023-02-124;30:00.0;DESPISTE;1;2;1;PIURA;MORROPON;LA MATANZA;RURAL;CARRETERA;NACIONAL;PE-1NJ;-5.336733;DESPEJADO;RURAL;TRAMO RECTO;PLANA ;ASFALTADA;NULL;NULL;NULL;NULL;IMPRUDENCIA DEL CONDUCTOR;EXCESO DE VELOCIDAD;Carretera Interoceánica Norte;7/2/2023;-80.073728
A-2023-02-134;30:00.0;CHOQUE;1;0;NULL;LIMA;LIMA;PUENTE PIEDRA;URBANA;CARRETERA;NACIONAL;PE-1N;-11.850768;DESPEJADO;COMERCIAL;TRAMO RECTO;PLANA ;ASFALTADA;NULL;NULL;NULL;NULL;EN PROCESO DE INVESTIGACIÓN;NO CUENTA CON CAUSA ESPECIFICA;Carretera Panamericana Norte;7/2/2023;-77.091932
A-2023-02-66;40:00.0;CHOQUE;1;0;2;CAJAMARCA;CAJAMARCA;CAJAMARCA;URBANA;AVENIDA;URBANO;NO CORRESPONDE;-7.147758;SOLEADO;RESIDENCIAL;INTERSECCIÓN;PLANA ;ASFALTADA;NULL;NULL;NULL;NULL;EN PROCESO DE INVESTIGACIÓN;NO CUENTA CON CAUSA ESPECIFICA;Jirón Miguel Iglesias;7/2/2023;-78.518351
A-2023-02-135;40:00.0;ATROPELLO;1;0;NULL;LIMA;LIMA;PUENTE PIEDRA;URBANA;CARRETERA;NACIONAL;PE-1N;-11.835905;DESPEJADO;RESIDENCIAL;PUENTE;PLANA ;ASFALTADA;NULL;NULL;NULL;NULL;IMPRUDENCIA DEL PEATÓN;OTRO (IMPRUDENCIA DEL PEATÓN);Carretera Panamericana Norte;7/2/2023;-77.110451
A-2023-02-136;45:00.0;ATROPELLO;1;0;NULL;LIMA;LIMA;PUCUSANA;URBANA;CARRETERA;NACIONAL;PE-1S;-12.458473;DESPEJADO;RURAL;TRAMO RECTO;PLANA ;ASFALTADA;NULL;NULL;NULL;NULL;IMPRUDENCIA DEL PEATÓN;OTRO (IMPRUDENCIA DEL PEATÓN);Carretera Panamericana Sur;7/2/2023;-76.753223
A-2023-02-137;15:00.0;ATROPELLO;1;0;NULL;LIMA;LIMA;SANTA ANITA;URBANA;CARRETERA;NACIONAL;PE-1N;-12.053681;DESPEJADO;COMERCIAL;TRAMO RECTO;PLANA ;ASFALTADA;NULL;NULL;NULL;NULL;IMPRUDENCIA DEL PEATÓN;OTRO (IMPRUDENCIA DEL PEATÓN);Vía de Evitamiento;7/2/2023;-76.97536
A-2023-02-164;40:00.0;CHOQUE;1;0;NULL;JUNIN;CHANCHAMAYO;PERENE;RURAL;CARRETERA;SIN CLASIFICAR;SIN CLASIFICAR;-10.872337;NULL;NULL;NULL;NULL;NULL;NULL;NULL;NULL;NULL;EN PROCESO DE INVESTIGACIÓN;NO CUENTA CON CAUSA ESPECIFICA;Huacamayo;8/2/2023;-74.918754
A-2023-02-138;10:00.0;CHOQUE;1;1;NULL;LIMA;LIMA;VILLA EL SALVADOR;URBANA;AVENIDA;URBANO;NO CORRESPONDE;-12.193322;DESPEJADO;COMERCIAL;TRAMO RECTO;PLANA ;ASFALTADA;NULL;NULL;NULL;NULL;EN PROCESO DE INVESTIGACIÓN;NO CUENTA CON CAUSA ESPECIFICA;Avenida Mateo Pumacahua;8/2/2023;-76.966884
A-2023-02-126;50:00.0;DESPISTE;1;1;1;PIURA;SECHURA;SECHURA;URBANA;CARRETERA;PROVINCIAL;PI-1058;-5.576148;DESPEJADO;COMERCIAL;TRAMO RECTO;PLANA ;ASFALTADA;NULL;NULL;NULL;NULL;IMPRUDENCIA DEL CONDUCTOR;EXCESO DE VELOCIDAD;PI-1058;8/2/2023;-80.821413
A-2023-02-102;40:00.0;DESPISTE;1;6;1;JUNIN;TARMA;SAN PEDRO DE CAJAS;RURAL;CARRETERA;NACIONAL;PE-3N;-11.23254;DESPEJADO;RURAL;TRAMO RECTO;PLANA ;ASFALTADA;SI;REGULADORA (R);NULL;NO;IMPRUDENCIA DEL CONDUCTOR;OTRO (IMPRUDENCIA DEL CONDUCTOR);Carretera Longitudinal de la Sierra Norte;9/2/2023;-75.939364
A-2023-02-103;30:00.0;ATROPELLO FUGA;1;0;NULL;JUNIN;JAUJA;MUQUIYAUYO;URBANA;CARRETERA;NACIONAL;PE-3SB;-11.817768;DESPEJADO;RURAL;TRAMO RECTO;PLANA ;ASFALTADA;SI;REGULADORA (R);NULL;NO;EN PROCESO DE INVESTIGACIÓN;NO CUENTA CON CAUSA ESPECIFICA;Carretera Central Margen Derecha;9/2/2023;-75.456077
A-2023-02-47;45:00.0;CAÍDA DE PASAJERO;1;0;NULL;CUSCO;CUSCO;SAN JERONIMO;URBANA;CARRETERA;PROVINCIAL;CU-1297;-13.549953;DESPEJADO;COMERCIAL;TRAMO RECTO;PLANA ;ASFALTADA;NO;NULL;NULL;SI;IMPRUDENCIA DEL PASAJERO/OCUPANTE;OTRO (IMPRUDENCIA DEL PASAJERO/OCUPANTE);Vía de Evitamiento;10/2/2023;-71.891092
A-2023-02-12;00:00.0;CHOQUE;1;0;2;LA LIBERTAD;SANCHEZ CARRION;MARCABAL;RURAL;CARRETERA;NACIONAL;PE-3N;-7.704554;DESPEJADO;RURAL;CURVA;INCLINADA;TROCHA;NULL;NULL;NULL;NULL;IMPRUDENCIA DEL CONDUCTOR;OTRO (IMPRUDENCIA DEL CONDUCTOR);Carretera Longitudinal de la Sierra Norte;10/2/2023;-78.020546
A-2023-02-75;30:00.0;CHOQUE;1;0;2;LAMBAYEQUE;LAMBAYEQUE;OLMOS;RURAL;CARRETERA;NACIONAL;PE-1NJ;-5.752834;DESPEJADO;RURAL;INTERSECCIÓN;PLANA ;ASFALTADA;NULL;NULL;NULL;NULL;EN PROCESO DE INVESTIGACIÓN;NO CUENTA CON CAUSA ESPECIFICA;Carretera Interoceánica Norte;10/2/2023;-79.863789
A-2023-02-128;00:00.0;CHOQUE;2;2;2;ICA;CHINCHA;EL CARMEN;RURAL;CARRETERA;NACIONAL;PE-1SE;-13.553148;DESPEJADO;RURAL;TRAMO RECTO;PLANA ;ASFALTADA;NULL;NULL;NULL;NULL;NEGLIGENCIA DEL CONDUCTOR;OTRO (NEGLIGENCIA DEL CONDUCTOR);Carretera Panamericana Sur;10/2/2023;-76.180892
A-2023-02-61;00:00.0;CHOQUE CON OBJETO FIJO;1;1;1;APURIMAC;CHINCHEROS;ANCO_HUALLO;RURAL;CARRETERA;NACIONAL;PE-3S;-13.546849;NUBLADO;RURAL;CURVA;PLANA ;ASFALTADA;SI;PREVENTIVA (P);REGULADORA (R);SI;INFRAESTRUCTURA Y ENTORNO VIAL;ABANDONO DE OBJETOS EN LA VÍA;Carretera Longitudinal de la Sierra Sur;11/2/2023;-73.652318
A-2023-02-96;30:00.0;CHOQUE;1;0;3;PUNO;SAN ROMAN;CABANILLAS;RURAL;CARRETERA;NACIONAL;PE-34A;-15.671681;DESPEJADO;RURAL;CURVA;PLANA ;ASFALTADA;NULL;NULL;NULL;NULL;IMPRUDENCIA DEL CONDUCTOR;CONDUCIR EN SENTIDO CONTRARIO;Héroes de La Guerra del Pacífico;11/2/2023;-70.375621
A-2023-02-69;35:00.0;CAÍDA DE PASAJERO;1;0;NULL;CAJAMARCA;CAJAMARCA;CAJAMARCA;URBANA;CARRETERA;NACIONAL;PE-3N;-7.168448;DESPEJADO;RURAL;TRAMO RECTO;PLANA ;ASFALTADA;NO;NULL;NULL;SI;EN PROCESO DE INVESTIGACIÓN;NO CUENTA CON CAUSA ESPECIFICA;Avenida Vía de Evitamiento Sur;11/2/2023;-78.500055
A-2023-02-19;00:00.0;CAÍDA DE PASAJERO;1;0;1;LA LIBERTAD;CHEPEN;PACANGA;RURAL;CARRETERA;NACIONAL;PE-1N;-7.107442;DESPEJADO;RURAL;TRAMO RECTO;PLANA ;ASFALTADA;NULL;NULL;NULL;NULL;IMPRUDENCIA DEL PEATÓN;OTRO (IMPRUDENCIA DEL PEATÓN);San Juan de Dios;11/2/2023;-79.502711
A-2023-02-42;00:00.0;ATROPELLO;1;0;NULL;CUSCO;CHUMBIVILCAS;VELILLE;URBANA;CARRETERA;NACIONAL;PE-3SG;-14.510486;NULL;NULL;NULL;NULL;NULL;NULL;NULL;NULL;NULL;EN PROCESO DE INVESTIGACIÓN;NO CUENTA CON CAUSA ESPECIFICA;Velille;11/2/2023;-71.884652
A-2023-02-152;20:00.0;ATROPELLO;1;0;NULL;LIMA;LIMA;LOS OLIVOS;URBANA;AVENIDA;URBANO;NO CORRESPONDE;-11.978891;DESPEJADO;COMERCIAL;TRAMO RECTO;PLANA ;ASFALTADA;SI;PREVENTIVA (P);PREVENTIVA (P);SI;EN PROCESO DE INVESTIGACIÓN;NO CUENTA CON CAUSA ESPECIFICA;Ciclovía Universitaria;11/2/2023;-77.076998
A-2023-02-114;30:00.0;ATROPELLO;1;0;1;PUNO;SAN ROMAN;JULIACA;URBANA;JIRÓN;URBANO;NO CORRESPONDE;-15.469164;DESPEJADO;RESIDENCIAL;OTRO;PLANA ;ASFALTADA;NULL;NULL;NULL;NULL;NEGLIGENCIA DEL CONDUCTOR;OTRO (NEGLIGENCIA DEL CONDUCTOR);Jirón José Bedoya;11/2/2023;-70.140806
A-2023-02-15;05:00.0;CHOQUE;1;0;2;AREQUIPA;ISLAY;PUNTA DE BOMBON;RURAL;CARRETERA;NACIONAL;PE-1SD;-17.175192;DESPEJADO;RURAL;TRAMO RECTO;PLANA ;ASFALTADA;NO;NULL;NULL;SI;EN PROCESO DE INVESTIGACIÓN;NO CUENTA CON CAUSA ESPECIFICA;Carretera Costanera Sur;11/2/2023;-71.768389
A-2023-02-43;10:00.0;ATROPELLO;1;0;1;ANCASH;HUARAZ;HUARAZ;RURAL;CARRETERA;NACIONAL;PE-3N;-9.559331;NUBLADO;RURAL;TRAMO RECTO;PLANA ;ASFALTADA;SI;REGULADORA (R);PREVENTIVA (P);NO;EN PROCESO DE INVESTIGACIÓN;NO CUENTA CON CAUSA ESPECIFICA;Carretera Longitudinal de la Sierra Norte;11/2/2023;-77.539138
A-2023-02-165;40:00.0;CHOQUE;1;1;NULL;PASCO;OXAPAMPA;OXAPAMPA;URBANA;JIRÓN;URBANO;NO CORRESPONDE;-10.583476;NULL;NULL;NULL;NULL;NULL;NULL;NULL;NULL;NULL;EN PROCESO DE INVESTIGACIÓN;NO CUENTA CON CAUSA ESPECIFICA;Jirón Bolivar;11/2/2023;-75.401069
A-2023-02-121;30:00.0;DESPISTE;1;0;1;PIURA;MORROPON;CHULUCANAS;RURAL;CARRETERA;NACIONAL;PE-1NR;-5.00297;DESPEJADO;RURAL;CURVA;PLANA ;ASFALTADA;SI;PREVENTIVA (P);REGULADORA (R);NO;EN PROCESO DE INVESTIGACIÓN;NO CUENTA CON CAUSA ESPECIFICA;PE-1NR;12/2/2023;-80.22238
A-2023-02-161;00:00.0;CHOQUE FUGA;1;0;NULL;PIURA;PIURA;VEINTISEIS DE OCTUBRE;URBANA;CARRETERA;NACIONAL;PE-1N;-5.215316;DESPEJADO;RURAL;TRAMO RECTO;PLANA ;ASFALTADA;NULL;NULL;NULL;NULL;EN PROCESO DE INVESTIGACIÓN;NO CUENTA CON CAUSA ESPECIFICA;Avenida Guillermo Gullman;12/2/2023;-80.653421
A-2023-02-76;45:00.0;ATROPELLO FUGA;1;0;1;LAMBAYEQUE;LAMBAYEQUE;MORROPE;RURAL;CARRETERA;NACIONAL;PE-1N;-6.62323;DESPEJADO;RURAL;TRAMO RECTO;PLANA ;ASFALTADA;NULL;NULL;NULL;NULL;EN PROCESO DE INVESTIGACIÓN;NO CUENTA CON CAUSA ESPECIFICA;Carretera Panamericana Norte;12/2/2023;-79.95947
A-2023-02-20;00:00.0;ATROPELLO;1;0;1;LA LIBERTAD;PACASMAYO;SAN PEDRO DE LLOC;RURAL;CARRETERA;NACIONAL;PE-1N;-7.418904;DESPEJADO;RURAL;CURVA;PLANA ;ASFALTADA;NULL;NULL;NULL;NULL;IMPRUDENCIA DEL CONDUCTOR;CONDUCIR EN ESTADO DE EBRIEDAD Y/O DROGADICCIÓN;Panamericana Norte;12/2/2023;-79.508174
A-2023-02-21;00:00.0;ATROPELLO FUGA;1;0;NULL;LA LIBERTAD;TRUJILLO;EL PORVENIR;URBANA;AVENIDA;URBANO;NO CORRESPONDE;-8.071887;DESPEJADO;COMERCIAL;INTERSECCIÓN;PLANA ;ASFALTADA;NULL;NULL;NULL;NULL;EN PROCESO DE INVESTIGACIÓN;NO CUENTA CON CAUSA ESPECIFICA;Avenida 12 de Noviembre;12/2/2023;-79.021005
A-2023-02-109;00:00.0;ATROPELLO;1;0;NULL;APURIMAC;ANTABAMBA;ANTABAMBA;URBANA;CALLE;URBANO;NO CORRESPONDE;-14.365396;NULL;NULL;NULL;NULL;NULL;NULL;NULL;NULL;NULL;EN PROCESO DE INVESTIGACIÓN;NO CUENTA CON CAUSA ESPECIFICA;Avenida Bolívar;12/2/2023;-72.876876