CÓDIGO SINIESTRO;HORA SINIESTRO;CLASE SINIESTRO;CANTIDAD DE FALLECIDOS;CANTIDAD DE LESIONADOS;CANTIDAD DE VEHICULOS DAÑADOS;DEPARTAMENTO;PROVINCIA;DISTRITO;ZONA;TIPO DE VÍA;RED VIAL;COD CARRETERA;COORDENADAS LATITUD;CONDICIÓN CLIMÁTICA;ZONIFICACIÓN;CARACTERÍSTICAS DE VÍA;PERFIL LONGITUDINAL VÍA;SUPERFICIE DE CALZADA;¿EXISTE SEÑAL VERTICAL?;CLASIFICACIÓN DE LA SEÑAL VERTICAL Nº 1;CLASIFICACIÓN DE LA SEÑAL VERTICAL Nº 2;¿EXISTE SEÑAL HORIZONTAL?;CAUSA FACTOR PRINCIPAL;CAUSA ESPECÍFICA;UBICACION;FECHA SINIESTRO;COORDENADAS LONGITUD
A-2023-02-129;15:00.0;ATROPELLO;1;0;1;ICA;CHINCHA;CHINCHA ALTA;URBANA;CARRETERA;NACIONAL;PE-26;-13.413549;DESPEJADO;RESIDENCIAL;TRAMO RECTO;PLANA ;ASFALTADA;NULL;NULL;NULL;NULL;IMPRUDENCIA DEL PEATÓN;ESTADO DE EBRIEDAD Y/O DROGADICCIÓN;Avenida San Cristobal;12/2/2023;-76.119516
A-2023-02-16;00:00.0;ESPECIAL;1;0;1;AREQUIPA;AREQUIPA;JACOBO HUNTER;URBANA;AVENIDA;URBANO;NO CORRESPONDE;-16.443594;DESPEJADO;COMERCIAL;TRAMO RECTO;INCLINADA;CONCRETO;NULL;NULL;NULL;NULL;EN PROCESO DE INVESTIGACIÓN;NO CUENTA CON CAUSA ESPECIFICA;Avenida Viña del Mar;13/2/2023;-71.555646
A-2023-02-110;00:00.0;VOLCADURA;1;0;NULL;APURIMAC;GRAU;GAMARRA;RURAL;CARRETERA;PROVINCIAL;AP-907;-13.841725;NULL;NULL;NULL;NULL;NULL;NULL;NULL;NULL;NULL;EN PROCESO DE INVESTIGACIÓN;NO CUENTA CON CAUSA ESPECIFICA;AP-907;13/2/2023;-72.578318
A-2023-02-4;00:00.0;ATROPELLO;1;4;1;HUANUCO;LEONCIO PRADO;PUCAYACU;RURAL;CARRETERA;NACIONAL;PE-5N;-8.799882;DESPEJADO;RURAL;TRAMO RECTO;PLANA ;ASFALTADA;SI;REGULADORA (R);PREVENTIVA (P);SI;EN PROCESO DE INVESTIGACIÓN;NO CUENTA CON CAUSA ESPECIFICA;Carretera Presidente Fernando Belaúnde Terry;13/2/2023;-76.124235
A-2023-02-22;30:00.0;ATROPELLO FUGA;1;0;NULL;LA LIBERTAD;CHEPEN;CHEPEN;URBANA;CALLE;URBANO;NO CORRESPONDE;-7.231204;DESPEJADO;COMERCIAL;TRAMO RECTO;PLANA ;ASFALTADA;NULL;NULL;NULL;NULL;EN PROCESO DE INVESTIGACIÓN;NO CUENTA CON CAUSA ESPECIFICA;El Progreso;13/2/2023;-79.422057
A-2023-02-17;15:00.0;DESPISTE;1;0;1;AREQUIPA;CAYLLOMA;MAJES;URBANA;AVENIDA;URBANO;NO CORRESPONDE;-16.343123;DESPEJADO;RESIDENCIAL;INTERSECCIÓN;PLANA ;ASFALTADA;NULL;NULL;NULL;NULL;EN PROCESO DE INVESTIGACIÓN;NO CUENTA CON CAUSA ESPECIFICA;La Colina;14/2/2023;-72.175876
A-2023-02-6;45:00.0;DESPISTE;1;0;1;TUMBES;CONTRALMIRANTE VILLAR;ZORRITOS;RURAL;CARRETERA;NACIONAL;PE-1N;-3.685921;SOLEADO;RURAL;TRAMO RECTO;PLANA ;ASFALTADA;NULL;NULL;NULL;NULL;IMPRUDENCIA DEL CONDUCTOR;OTRO (IMPRUDENCIA DEL CONDUCTOR);Carretera Panamericana Norte;14/2/2023;-80.690305
A-2023-02-139;00:00.0;DESPISTE;1;2;NULL;LIMA;LIMA;CHORRILLOS;URBANA;CALLE;URBANO;NO CORRESPONDE;-12.197716;DESPEJADO;RESIDENCIAL;INTERSECCIÓN;PLANA ;ASFALTADA;NULL;NULL;NULL;NULL;IMPRUDENCIA DEL CONDUCTOR;OTRO (IMPRUDENCIA DEL CONDUCTOR);Calle Pampas;14/2/2023;-77.024613
A-2023-02-23;00:00.0;CHOQUE;1;1;2;LA LIBERTAD;TRUJILLO;SALAVERRY;URBANA;CARRETERA;NACIONAL;PE-1N;-8.180821;DESPEJADO;COMERCIAL;TRAMO RECTO;PLANA ;ASFALTADA;NULL;NULL;NULL;NULL;IMPRUDENCIA DEL CONDUCTOR;INVASIÓN DE CARRIL;Panamericana Norte;14/2/2023;-78.989392
A-2023-02-18;30:00.0;CHOQUE;1;0;2;AREQUIPA;ISLAY;MOLLENDO;RURAL;CARRETERA;NACIONAL;PE-34;-16.710369;DESPEJADO;RURAL;TRAMO RECTO;PLANA ;ASFALTADA;SI;REGULADORA (R);NULL;SI;EN PROCESO DE INVESTIGACIÓN;NO CUENTA CON CAUSA ESPECIFICA;Carretera Interoceánica Sur;14/2/2023;-71.93324
A-2023-02-140;50:00.0;CHOQUE;1;0;NULL;LIMA;LIMA;LURIN;URBANA;CARRETERA;NACIONAL;PE-1S;-12.259001;DESPEJADO;INDUSTRIAL;TRAMO RECTO;PLANA ;ASFALTADA;NULL;NULL;NULL;NULL;IMPRUDENCIA DEL CONDUCTOR;OTRO (IMPRUDENCIA DEL CONDUCTOR);Carretera Panamericana Sur;14/2/2023;-76.917202
A-2023-02-104;00:00.0;ATROPELLO FUGA;1;0;NULL;JUNIN;CONCEPCION;CONCEPCION;RURAL;CARRETERA;NACIONAL;PE-3S;-11.933564;LLUVIOSO;RURAL;CURVA;PLANA ;ASFALTADA;SI;REGULADORA (R);NULL;NO;EN PROCESO DE INVESTIGACIÓN;NO CUENTA CON CAUSA ESPECIFICA;Carretera Longitudinal de la Sierra Sur;15/2/2023;-75.314174
A-2023-02-24;55:00.0;DESPISTE;1;0;1;LA LIBERTAD;SANCHEZ CARRION;HUAMACHUCO;URBANA;CALLE;URBANO;NO CORRESPONDE;-7.820204;DESPEJADO;COMERCIAL;INTERSECCIÓN;PLANA ;ASFALTADA;NULL;NULL;NULL;NULL;EN PROCESO DE INVESTIGACIÓN;NO CUENTA CON CAUSA ESPECIFICA;Calle Agua de los Pajaritos;15/2/2023;-78.038999
A-2023-02-141;00:00.0;ATROPELLO;1;0;NULL;LIMA;LIMA;LOS OLIVOS;URBANA;AVENIDA;URBANO;NO CORRESPONDE;-11.981531;DESPEJADO;RESIDENCIAL;TRAMO RECTO;PLANA ;ASFALTADA;NULL;NULL;NULL;NULL;IMPRUDENCIA DEL CONDUCTOR;OTRO (IMPRUDENCIA DEL CONDUCTOR);Avenida Las Palmeras;15/2/2023;-77.072247
A-2023-02-154;30:00.0;CHOQUE;1;1;2;UCAYALI;CORONEL PORTILLO;YARINACOCHA;URBANA;AVENIDA;URBANO;NO CORRESPONDE;-8.380542;DESPEJADO;RESIDENCIAL;INTERSECCIÓN;PLANA ;CONCRETO;NULL;NULL;NULL;NULL;IMPRUDENCIA DEL CONDUCTOR;CONDUCIR EN SENTIDO CONTRARIO;Balta;16/2/2023;-74.569043
A-2023-02-45;00:00.0;DESPISTE;1;1;1;ANCASH;RECUAY;CATAC;RURAL;CARRETERA;NACIONAL;PE-1NA;-9.803765;NUBLADO;RURAL;TRAMO RECTO;PLANA ;ASFALTADA;NULL;NULL;NULL;NULL;EN PROCESO DE INVESTIGACIÓN;NO CUENTA CON CAUSA ESPECIFICA;Carretera Longitudinal de la Sierra Norte;16/2/2023;-77.433524
A-2023-02-97;30:00.0;ATROPELLO;1;0;1;PUNO;SAN ROMAN;JULIACA;RURAL;CARRETERA;NACIONAL;PE-3S;-15.537445;DESPEJADO;RURAL;TRAMO RECTO;PLANA ;ASFALTADA;NULL;NULL;NULL;NULL;IMPRUDENCIA DEL CONDUCTOR;EXCESO DE VELOCIDAD;Carretera Longitudinal de la Sierra Sur;16/2/2023;-70.113837
A-2023-02-142;40:00.0;ATROPELLO;1;2;NULL;LIMA;LIMA;LIMA;URBANA;JIRÓN;URBANO;NO CORRESPONDE;-12.048456;DESPEJADO;COMERCIAL;TRAMO RECTO;PLANA ;ASFALTADA;NULL;NULL;NULL;NULL;IMPRUDENCIA DEL CONDUCTOR;GIRAR IMPRUDENTEMENTE;Jirón Huánuco;16/2/2023;-77.019675
A-2023-02-48;00:00.0;ATROPELLO;1;0;0;TACNA;TACNA;CORONEL GREGORIO ALBARRACIN LANCHIPA;URBANA;AVENIDA;URBANO;NO CORRESPONDE;-18.046956;DESPEJADO;COMERCIAL;TRAMO RECTO;PLANA ;ASFALTADA;NO;NULL;NULL;SI;IMPRUDENCIA DEL CONDUCTOR;NO DAR PASO PREFERENTE AL PEATÓN;Avenida La Cultura;16/2/2023;-70.256301
A-2023-02-5;00:00.0;VOLCADURA;1;0;1;PUNO;PUNO;PUNO;RURAL;CARRETERA;NACIONAL;PE-36B;-15.907341;DESPEJADO;RURAL;TRAMO RECTO;PLANA ;ASFALTADA;NULL;NULL;NULL;NULL;INFRAESTRUCTURA Y ENTORNO VIAL;ABANDONO DE OBJETOS EN LA VÍA;PE-36B;16/2/2023;-70.029232
A-2023-02-122;00:00.0;DESPISTE;1;0;0;APURIMAC;ANDAHUAYLAS;SANTA MARIA DE CHICMO;RURAL;CARRETERA;NACIONAL;PE-3S;-13.65197;DESPEJADO;RURAL;TRAMO RECTO;INCLINADA;ASFALTADA;SI;PREVENTIVA (P);REGULADORA (R);SI;IMPRUDENCIA DEL CONDUCTOR;CONDUCIR EN ESTADO DE EBRIEDAD Y/O DROGADICCIÓN;Carretera Longitudinal de la Sierra Sur;17/2/2023;-73.525866
A-2023-02-143;20:00.0;CHOQUE;1;0;NULL;LIMA;LIMA;SAN JUAN DE LURIGANCHO;URBANA;AVENIDA;URBANO;NO CORRESPONDE;-12.025518;DESPEJADO;RESIDENCIAL;TRAMO RECTO;PLANA ;ASFALTADA;NULL;NULL;NULL;NULL;IMPRUDENCIA DEL CONDUCTOR;OTRO (IMPRUDENCIA DEL CONDUCTOR);Avenida Malecón Miguel Checa Eguiguren;17/2/2023;-76.983894
A-2023-02-77;50:00.0;CHOQUE;1;4;2;LAMBAYEQUE;CHICLAYO;LAGUNAS;RURAL;CARRETERA;NACIONAL;PE-1N;-6.950163;DESPEJADO;RURAL;TRAMO RECTO;PLANA ;ASFALTADA;NULL;NULL;NULL;NULL;EN PROCESO DE INVESTIGACIÓN;NO CUENTA CON CAUSA ESPECIFICA;Carretera Panamericana Norte;17/2/2023;-79.705019
A-2023-02-25;00:00.0;DESPISTE;1;1;1;LA LIBERTAD;TRUJILLO;SALAVERRY;URBANA;CARRETERA;NACIONAL;PE-10;-8.19744;DESPEJADO;COMERCIAL;TRAMO RECTO;PLANA ;ASFALTADA;NULL;NULL;NULL;NULL;NEGLIGENCIA DEL CONDUCTOR;OTRO (NEGLIGENCIA DEL CONDUCTOR);Avenida de la Marina;17/2/2023;-78.988904
A-2023-02-62;00:00.0;CHOQUE FUGA;1;0;1;CUSCO;CANCHIS;SICUANI;URBANA;CARRETERA;NACIONAL;PE-3S;-14.28866;DESPEJADO;RESIDENCIAL;TRAMO RECTO;PLANA ;ASFALTADA;NULL;NULL;NULL;NULL;IMPRUDENCIA DEL CONDUCTOR;CONDUCIR EN ESTADO DE EBRIEDAD Y/O DROGADICCIÓN;Calle Retamales;17/2/2023;-71.22268
A-2023-02-118;00:00.0;CHOQUE FUGA;1;0;1;CUSCO;CHUMBIVILCAS;COLQUEMARCA;URBANA;CARRETERA;DEPARTAMENTAL;CU-119;-14.307131;DESPEJADO;RESIDENCIAL;TRAMO RECTO;PLANA ;ASFALTADA;NULL;NULL;NULL;NULL;IMPRUDENCIA DEL CONDUCTOR;GIRAR IMPRUDENTEMENTE;CU-119;17/2/2023;-72.035791
A-2023-02-71;30:00.0;ATROPELLO;1;0;1;ICA;ICA;ICA;RURAL;CARRETERA;DEPARTAMENTAL;IC-105;-14.071841;DESPEJADO;RURAL;TRAMO RECTO;PLANA ;ASFALTADA;NULL;NULL;NULL;NULL;EN PROCESO DE INVESTIGACIÓN;NO CUENTA CON CAUSA ESPECIFICA;Avenida Principal Comatrana;17/2/2023;-75.794455
A-2023-02-144;00:00.0;CHOQUE;1;0;NULL;LIMA;LIMA;COMAS;URBANA;AVENIDA;URBANO;NO CORRESPONDE;-11.925803;DESPEJADO;RESIDENCIAL;INTERSECCIÓN;PLANA ;ASFALTADA;NULL;NULL;NULL;NULL;EN PROCESO DE INVESTIGACIÓN;NO CUENTA CON CAUSA ESPECIFICA;Avenida Jamaica;18/2/2023;-77.052086
A-2023-02-26;00:00.0;ATROPELLO;1;0;1;LA LIBERTAD;CHEPEN;CHEPEN;RURAL;CARRETERA;NACIONAL;PE-08;-7.320516;DESPEJADO;RURAL;TRAMO RECTO;PLANA ;ASFALTADA;NULL;NULL;NULL;NULL;EN PROCESO DE INVESTIGACIÓN;NO CUENTA CON CAUSA ESPECIFICA;Carretera Ciudad de Dios - Cajamarca;18/2/2023;-79.368589
A-2023-02-27;00:00.0;CHOQUE;1;1;2;LA LIBERTAD;VIRU;GUADALUPITO;RURAL;CARRETERA;NACIONAL;PE-1N;-8.916976;DESPEJADO;RURAL;TRAMO RECTO;PLANA ;ASFALTADA;NULL;NULL;NULL;NULL;IMPRUDENCIA DEL CONDUCTOR;CONDUCIR EN ESTADO DE EBRIEDAD Y/O DROGADICCIÓN;Panamericana Norte;18/2/2023;-78.638052
A-2023-02-105;00:00.0;DESPISTE;1;0;1;JUNIN;JUNIN;JUNIN;RURAL;CARRETERA;NACIONAL;PE-22;-11.589779;LLUVIOSO;RURAL;TRAMO RECTO;INCLINADA;ASFALTADA;SI;PREVENTIVA (P);REGULADORA (R);NO;IMPRUDENCIA DEL CONDUCTOR;CONDUCIR EN ESTADO DE EBRIEDAD Y/O DROGADICCIÓN;Carretera Central;18/2/2023;-76.069946
A-2023-02-166;30:00.0;CHOQUE;1;0;NULL;JUNIN;SATIPO;SATIPO;RURAL;CARRETERA;NACIONAL;PE-24C;-11.264311;NULL;NULL;NULL;NULL;NULL;NULL;NULL;NULL;NULL;EN PROCESO DE INVESTIGACIÓN;NO CUENTA CON CAUSA ESPECIFICA;Carretera Santa Ana;18/2/2023;-74.65079
A-2023-02-34;40:00.0;CHOQUE;2;0;2;AREQUIPA;AREQUIPA;LA JOYA;RURAL;CARRETERA;NACIONAL;PE-1S;-16.603001;DESPEJADO;RURAL;TRAMO RECTO;INCLINADA;ASFALTADA;NO;NULL;NULL;SI;EN PROCESO DE INVESTIGACIÓN;NO CUENTA CON CAUSA ESPECIFICA;Carretera Panamericana Sur;19/2/2023;-71.856422
A-2023-02-107;40:00.0;CHOQUE;1;3;NULL;JUNIN;JAUJA;HUARIPAMPA;RURAL;CARRETERA;NACIONAL;PE-3S;-11.814635;DESPEJADO;RURAL;CURVA;PLANA ;ASFALTADA;NULL;NULL;NULL;NULL;IMPRUDENCIA DEL CONDUCTOR;INVASIÓN DE CARRIL;Carretera Longitudinal de la Sierra Sur;19/2/2023;-75.492336
A-2023-02-52;30:00.0;DESPISTE;1;1;1;HUANCAVELICA;ACOBAMBA;ROSARIO;RURAL;CARRETERA;NACIONAL;PE-3SM;-12.721039;DESPEJADO;RURAL;SINUOSA;INCLINADA;ASFALTADA;SI;PREVENTIVA (P);NULL;NO;IMPRUDENCIA DEL CONDUCTOR;FATIGA Y/O CANSANCIO;PE-3SM;19/2/2023;-74.653242
A-2023-02-157;50:00.0;CHOQUE;1;1;NULL;PIURA;PIURA;PIURA;URBANA;AVENIDA;URBANO;NO CORRESPONDE;-5.190447;DESPEJADO;RURAL;TRAMO RECTO;PLANA ;ASFALTADA;NULL;NULL;NULL;NULL;EN PROCESO DE INVESTIGACIÓN;NO CUENTA CON CAUSA ESPECIFICA;Calle Cajamarca;19/2/2023;-80.627932
A-2023-02-111;50:00.0;DESPISTE;1;1;NULL;JUNIN;JAUJA;CURICACA;RURAL;CARRETERA;NACIONAL;PE-3S;-11.763482;DESPEJADO;RURAL;CURVA;PLANA ;ASFALTADA;NULL;NULL;NULL;NULL;IMPRUDENCIA DEL CONDUCTOR;CONDUCIR EN ESTADO DE EBRIEDAD Y/O DROGADICCIÓN;Carretera Longitudinal de la Sierra Sur;19/2/2023;-75.713338
A-2023-02-112;12:00.0;ATROPELLO FUGA;1;0;NULL;JUNIN;HUANCAYO;PILCOMAYO;URBANA;CARRETERA;NACIONAL;PE-3SB;-12.04074;DESPEJADO;RURAL;TRAMO RECTO;PLANA ;ASFALTADA;NO;NULL;NULL;SI;EN PROCESO DE INVESTIGACIÓN;NO CUENTA CON CAUSA ESPECIFICA;Carretera Central Margen Derecha;20/2/2023;-75.256145
A-2023-02-56;30:00.0;CHOQUE CON OBJETO FIJO;1;0;1;CUSCO;ESPINAR;OCORURO;RURAL;CARRETERA;NACIONAL;PE-34J;-15.061951;DESPEJADO;RURAL;CURVA;PLANA ;ASFALTADA;NULL;NULL;NULL;NULL;IMPRUDENCIA DEL CONDUCTOR;CONDUCIR EN ESTADO DE EBRIEDAD Y/O DROGADICCIÓN;Carretera Alto Marquiri - Occoruro;20/2/2023;-71.124639
A-2023-02-149;15:00.0;ATROPELLO;1;0;NULL;LIMA;LIMA;CARABAYLLO;URBANA;AVENIDA;URBANO;NO CORRESPONDE;-11.87538;DESPEJADO;COMERCIAL;TRAMO RECTO;PLANA ;ASFALTADA;NULL;NULL;NULL;NULL;EN PROCESO DE INVESTIGACIÓN;NO CUENTA CON CAUSA ESPECIFICA;Jirón Miguel Grau Oeste;20/2/2023;-77.01681
A-2023-02-153;00:00.0;ATROPELLO;1;0;NULL;LIMA;LIMA;SANTIAGO DE SURCO;URBANA;CARRETERA;NACIONAL;PE-1S;-12.148067;DESPEJADO;RESIDENCIAL;TRAMO RECTO;PLANA ;ASFALTADA;NULL;NULL;NULL;NULL;IMPRUDENCIA DEL PEATÓN;OTRO (IMPRUDENCIA DEL PEATÓN);Avenida Panamericana Sur;20/2/2023;-76.982726
A-2023-02-41;30:00.0;DESPISTE;1;1;1;ANCASH;OCROS;SAN CRISTOBAL DE RAJAN;RURAL;CARRETERA;PROVINCIAL;AN-1307;-10.387838;LLUVIOSO;RURAL;SINUOSA;INCLINADA;TROCHA;NULL;NULL;NULL;NULL;IMPERICIA DEL CONDUCTOR;NULL;Jirón Altamira;20/2/2023;-77.219107
A-2023-02-28;55:00.0;DESPISTE;1;0;1;LA LIBERTAD;SANCHEZ CARRION;HUAMACHUCO;RURAL;CARRETERA;SIN CLASIFICAR;SIN CLASIFICAR;-7.739456;DESPEJADO;RURAL;CURVA;INCLINADA;TROCHA;NULL;NULL;NULL;NULL;EN PROCESO DE INVESTIGACIÓN;NO CUENTA CON CAUSA ESPECIFICA;Huamachuco;20/2/2023;-78.067946
A-2023-02-130;05:00.0;ATROPELLO;1;0;NULL;CALLAO;CALLAO;CALLAO;URBANA;CARRETERA;NACIONAL;PE-20B;-12.038101;DESPEJADO;INDUSTRIAL;TRAMO RECTO;PLANA ;ASFALTADA;NO;NULL;NULL;SI;IMPRUDENCIA DEL CONDUCTOR;OTRO (IMPRUDENCIA DEL CONDUCTOR);Avenida Morales Duarez;20/2/2023;-77.127056
A-2023-02-67;00:00.0;DESPISTE;1;1;1;CAJAMARCA;CAJAMARCA;MAGDALENA;URBANA;CARRETERA;NACIONAL;PE-08;-7.277752;DESPEJADO;RESIDENCIAL;CURVA;INCLINADA;ASFALTADA;SI;REGULADORA (R);NULL;SI;EN PROCESO DE INVESTIGACIÓN;NO CUENTA CON CAUSA ESPECIFICA;Carretera Ciudad de Dios - Cajamarca;20/2/2023;-78.595073
A-2023-02-145;12:00.0;ATROPELLO FUGA;1;0;NULL;LIMA;LIMA;PUEBLO LIBRE;URBANA;AVENIDA;URBANO;NO CORRESPONDE;-12.080603;DESPEJADO;RESIDENCIAL;INTERSECCIÓN;PLANA ;ASFALTADA;NULL;NULL;NULL;NULL;IMPRUDENCIA DEL PEATÓN;DESACATO DE SEÑAL DE TRÁNSITO;Avenida Brasil;20/2/2023;-77.058376
A-2023-02-50;25:00.0;VOLCADURA;1;2;1;CUSCO;CHUMBIVILCAS;COLQUEMARCA;RURAL;CARRETERA;PROVINCIAL;CU-1556;-14.29041;DESPEJADO;RURAL;CURVA;PLANA ;AFIRMADO;SI;PREVENTIVA (P);NULL;NO;EN PROCESO DE INVESTIGACIÓN;NO CUENTA CON CAUSA ESPECIFICA;Colquemarca;20/2/2023;-72.037758
A-2023-02-113;05:00.0;ATROPELLO;1;0;NULL;JUNIN;HUANCAYO;SICAYA;URBANA;CARRETERA;NACIONAL;PE-3SB;-12.021569;LLUVIOSO;RURAL;TRAMO RECTO;PLANA ;ASFALTADA;SI;PREVENTIVA (P);NULL;NO;IMPRUDENCIA DEL CONDUCTOR;OTRO (IMPRUDENCIA DEL CONDUCTOR);Sicaya;21/2/2023;-75.272421
A-2023-02-78;30:00.0;ATROPELLO;1;0;0;LAMBAYEQUE;CHICLAYO;JOSE LEONARDO ORTIZ;RURAL;CALLE;URBANO;NO CORRESPONDE;-6.753745;DESPEJADO;RESIDENCIAL;TRAMO RECTO;PLANA ;ASFALTADA;NULL;NULL;NULL;NULL;EN PROCESO DE INVESTIGACIÓN;NO CUENTA CON CAUSA ESPECIFICA;Avenida Paraguay;21/2/2023;-79.842079
A-2023-02-146;50:00.0;ATROPELLO;1;0;NULL;LIMA;LIMA;SAN BORJA;URBANA;AVENIDA;URBANO;NO CORRESPONDE;-12.084079;DESPEJADO;RESIDENCIAL;INTERSECCIÓN;PLANA ;ASFALTADA;NULL;NULL;NULL;NULL;NEGLIGENCIA DEL CONDUCTOR;OTRO (NEGLIGENCIA DEL CONDUCTOR);Avenida Canadá;22/2/2023;-77.004156
A-2023-02-29;30:00.0;ATROPELLO;1;0;1;LA LIBERTAD;VIRU;CHAO;URBANA;AVENIDA;URBANO;NO CORRESPONDE;-8.550031;DESPEJADO;RURAL;TRAMO RECTO;PLANA ;ASFALTADA;NULL;NULL;NULL;NULL;EN PROCESO DE INVESTIGACIÓN;NO CUENTA CON CAUSA ESPECIFICA;Marverde;22/2/2023;-78.672635
A-2023-02-147;41:00.0;CHOQUE;1;0;NULL;LIMA;LIMA;RIMAC;URBANA;CARRETERA;NACIONAL;PE-1N;-12.041256;DESPEJADO;COMERCIAL;TRAMO RECTO;PLANA ;ASFALTADA;NULL;NULL;NULL;NULL;IMPRUDENCIA DEL CONDUCTOR;OTRO (IMPRUDENCIA DEL CONDUCTOR);Vía de Evitamiento;22/2/2023;-77.03301
A-2023-02-120;30:00.0;CHOQUE;1;0;1;CALLAO;CALLAO;MI PERU;URBANA;CARRETERA;NACIONAL;PE-20;-11.849315;DESPEJADO;COMERCIAL;TRAMO RECTO;PLANA ;ASFALTADA;SI;INFORMATIVA (I);NULL;SI;EN PROCESO DE INVESTIGACIÓN;NO CUENTA CON CAUSA ESPECIFICA;Avenida Coronel Nestor Gambetta;23/2/2023;-77.121527
A-2023-02-30;00:00.0;DESPISTE;1;2;1;LA LIBERTAD;OTUZCO;USQUIL;RURAL;CARRETERA;DEPARTAMENTAL;LI-111;-7.716705;DESPEJADO;RURAL;CURVA;PLANA ;TROCHA;NULL;NULL;NULL;NULL;EN PROCESO DE INVESTIGACIÓN;NO CUENTA CON CAUSA ESPECIFICA;LI-111;23/2/2023;-78.446084
A-2023-02-148;30:00.0;ATROPELLO FUGA;1;0;NULL;LIMA;LIMA;LA VICTORIA;URBANA;AVENIDA;URBANO;NO CORRESPONDE;-12.075017;DESPEJADO;RESIDENCIAL;TRAMO RECTO;PLANA ;ASFALTADA;NULL;NULL;NULL;NULL;IMPRUDENCIA DEL PEATÓN;OTRO (IMPRUDENCIA DEL PEATÓN);Avenida Palermo;23/2/2023;-77.023209
A-2023-02-35;30:00.0;CHOQUE;2;5;2;AREQUIPA;CAYLLOMA;SAN ANTONIO DE CHUCA;RURAL;CARRETERA;NACIONAL;PE-34A;-15.98524;DESPEJADO;RURAL;TRAMO RECTO;INCLINADA;ASFALTADA;NO;NULL;NULL;SI;EN PROCESO DE INVESTIGACIÓN;NO CUENTA CON CAUSA ESPECIFICA;Vía Interoceánica Sur - Tramo 5;23/2/2023;-71.253425
A-2023-02-150;00:00.0;DESPISTE;1;0;NULL;LIMA;LIMA;BARRANCO;URBANA;AVENIDA;URBANO;NO CORRESPONDE;-12.134465;DESPEJADO;RESIDENCIAL;TRAMO RECTO;PLANA ;ASFALTADA;NULL;NULL;NULL;NULL;IMPRUDENCIA DEL CONDUCTOR;CONDUCIR EN ESTADO DE EBRIEDAD Y/O DROGADICCIÓN;Vía Expresa Luis Fernán Bedoya Reyes;23/2/2023;-77.020396
A-2023-02-72;20:00.0;ATROPELLO FUGA;1;0;1;ICA;PISCO;SAN CLEMENTE;URBANA;CARRETERA;NACIONAL;PE-1S;-13.6721;DESPEJADO;COMERCIAL;TRAMO RECTO;PLANA ;ASFALTADA;NULL;NULL;NULL;NULL;EN PROCESO DE INVESTIGACIÓN;NO CUENTA CON CAUSA ESPECIFICA;Antigua Carretera Panamericana Sur;23/2/2023;-76.156093
A-2023-02-31;45:00.0;DESPISTE;1;1;1;LA LIBERTAD;TRUJILLO;TRUJILLO;URBANA;AVENIDA;URBANO;NO CORRESPONDE;-8.104099;DESPEJADO;COMERCIAL;TRAMO RECTO;PLANA ;ASFALTADA;NULL;NULL;NULL;NULL;IMPRUDENCIA DEL CONDUCTOR;CONDUCIR EN ESTADO DE EBRIEDAD Y/O DROGADICCIÓN;Avenida Jesús de Nazareth;24/2/2023;-79.049505
A-2023-02-79;10:00.0;DESPISTE;2;0;1;LAMBAYEQUE;CHICLAYO;REQUE;RURAL;CARRETERA;NACIONAL;PE-1N;-6.895708;DESPEJADO;RURAL;TRAMO RECTO;PLANA ;ASFALTADA;NULL;NULL;NULL;NULL;EN PROCESO DE INVESTIGACIÓN;NO CUENTA CON CAUSA ESPECIFICA;Carretera Panamericana Norte;24/2/2023;-79.792582
A-2023-02-115;30:00.0;CHOQUE;1;0;1;PUNO;AZANGARO;SAN ANTON;URBANA;CARRETERA;NACIONAL;PE-34B;-14.581791;DESPEJADO;COMERCIAL;TRAMO RECTO;PLANA ;ASFALTADA;NULL;NULL;NULL;NULL;IMPRUDENCIA DEL CONDUCTOR;CONDUCIR EN ESTADO DE EBRIEDAD Y/O DROGADICCIÓN;Carretera Interoceánica Puno - Madre de Dios;24/2/2023;-70.320926
A-2023-02-155;40:00.0;CHOQUE;4;0;2;HUANUCO;PUERTO INCA;PUERTO INCA;RURAL;CARRETERA;NACIONAL;PE-5NH;-9.39639;DESPEJADO;RURAL;OTRO;PLANA ;ASFALTADA;SI;PREVENTIVA (P);NULL;NO;IMPERICIA DEL CONDUCTOR;NULL;PE-5NH;24/2/2023;-75.007674
A-2023-02-131;00:00.0;ATROPELLO;1;0;1;JUNIN;HUANCAYO;HUALHUAS;URBANA;CARRETERA;NACIONAL;PE-3S;-11.981566;DESPEJADO;RURAL;TRAMO RECTO;PLANA ;ASFALTADA;NO;NULL;NULL;SI;IMPRUDENCIA DEL PEATÓN;ESTADO DE EBRIEDAD Y/O DROGADICCIÓN;Carretera Longitudinal de la Sierra Sur;24/2/2023;-75.262833
A-2023-02-44;10:00.0;CHOQUE;1;0;2;ANCASH;RECUAY;CATAC;RURAL;CARRETERA;NACIONAL;PE-16;-10.135261;SOLEADO;RURAL;CURVA;INCLINADA;ASFALTADA;NULL;NULL;NULL;NULL;IMPRUDENCIA DEL CONDUCTOR;INVASIÓN DE CARRIL;Carretera a Huaraz;24/2/2023;-77.301813