CÓDIGO SINIESTRO;HORA SINIESTRO;CLASE SINIESTRO;CANTIDAD DE FALLECIDOS;CANTIDAD DE LESIONADOS;CANTIDAD DE VEHICULOS DAÑADOS;DEPARTAMENTO;PROVINCIA;DISTRITO;ZONA;TIPO DE VÍA;RED VIAL;COD CARRETERA;COORDENADAS LATITUD;CONDICIÓN CLIMÁTICA;ZONIFICACIÓN;CARACTERÍSTICAS DE VÍA;PERFIL LONGITUDINAL VÍA;SUPERFICIE DE CALZADA;¿EXISTE SEÑAL VERTICAL?;CLASIFICACIÓN DE LA SEÑAL VERTICAL Nº 1;CLASIFICACIÓN DE LA SEÑAL VERTICAL Nº 2;¿EXISTE SEÑAL HORIZONTAL?;CAUSA FACTOR PRINCIPAL;CAUSA ESPECÍFICA;UBICACION;FECHA SINIESTRO;COORDENADAS LONGITUD
A-2023-02-32;30:00.0;ATROPELLO;1;0;1;LA LIBERTAD;VIRU;CHAO;RURAL;CARRETERA;DEPARTAMENTAL;LI-122;-8.482097;DESPEJADO;RURAL;TRAMO RECTO;PLANA ;CONCRETO;NULL;NULL;NULL;NULL;EN PROCESO DE INVESTIGACIÓN;NO CUENTA CON CAUSA ESPECIFICA;LI-122;25/2/2023;-78.617183
A-2023-03-131-A;15:00.0;ATROPELLO FUGA;1;0;NULL;LIMA;LIMA;SAN JUAN DE MIRAFLORES;URBANA;CARRETERA;NACIONAL;PE-1S;-12.193135;DESPEJADO;COMERCIAL;TRAMO RECTO;PLANA ;ASFALTADA;NULL;NULL;NULL;NULL;EN PROCESO DE INVESTIGACIÓN;NO CUENTA CON CAUSA ESPECIFICA;Carretera Panamericana Sur;25/2/2023;-76.972682
A-2023-02-125;15:00.0;DESPISTE;1;1;1;PIURA;SULLANA;MIGUEL CHECA;RURAL;CARRETERA;NACIONAL;PE-02;-5.144486;DESPEJADO;RURAL;TRAMO RECTO;PLANA ;ASFALTADA;NULL;NULL;NULL;NULL;IMPRUDENCIA DEL CONDUCTOR;EXCESO DE VELOCIDAD;Carretera Paita - Piura;25/2/2023;-80.801358
A-2023-02-132;00:00.0;DESPISTE;2;0;1;JUNIN;YAULI;LA OROYA;URBANA;CARRETERA;NACIONAL;PE-3S;-11.692425;DESPEJADO;RURAL;CURVA;INCLINADA;ASFALTADA;SI;REGULADORA (R);NULL;SI;IMPRUDENCIA DEL CONDUCTOR;OTRO (IMPRUDENCIA DEL CONDUCTOR);Carretera Longitudinal de la Sierra Sur;25/2/2023;-75.768725
A-2023-02-162;40:00.0;DESPISTE;2;5;1;ANCASH;HUARMEY;HUARMEY;RURAL;CARRETERA;NACIONAL;PE-1N;-10.468939;DESPEJADO;RURAL;TRAMO RECTO;PLANA ;ASFALTADA;SI;PREVENTIVA (P);NULL;SI;NEGLIGENCIA DEL CONDUCTOR;OTRO (NEGLIGENCIA DEL CONDUCTOR);Panamericana Norte;25/2/2023;-77.915878
A-2023-02-36;10:00.0;ATROPELLO;1;0;1;AREQUIPA;AREQUIPA;JOSE LUIS BUSTAMANTE Y RIVERO;URBANA;AVENIDA;URBANO;NO CORRESPONDE;-16.421198;DESPEJADO;COMERCIAL;TRAMO RECTO;PLANA ;ASFALTADA;NO;NULL;NULL;SI;EN PROCESO DE INVESTIGACIÓN;NO CUENTA CON CAUSA ESPECIFICA;Avenida Los Incas;25/2/2023;-71.541075
A-2023-02-59;00:00.0;DESPISTE;1;0;1;CUSCO;QUISPICANCHI;CCARHUAYO;RURAL;CARRETERA;DEPARTAMENTAL;CU-116;-13.535014;DESPEJADO;RURAL;CURVA;PLANA ;AFIRMADO;NULL;NULL;NULL;NULL;IMPRUDENCIA DEL CONDUCTOR;CONDUCIR EN ESTADO DE EBRIEDAD Y/O DROGADICCIÓN;CU-116;25/2/2023;-71.449309
A-2023-02-55;30:00.0;ATROPELLO FUGA;1;0;1;CUSCO;QUISPICANCHI;URCOS;RURAL;CARRETERA;NACIONAL;PE-3S;-13.726514;DESPEJADO;RURAL;TRAMO RECTO;PLANA ;ASFALTADA;SI;REGULADORA (R);NULL;SI;IMPRUDENCIA DEL CONDUCTOR;EXCESO DE VELOCIDAD;Carretera Longitudinal de la Sierra Sur;25/2/2023;-71.601007
A-2023-02-38;15:00.0;ATROPELLO;1;0;1;AREQUIPA;AREQUIPA;SANTA RITA DE SIGUAS;RURAL;CARRETERA;NACIONAL;PE-1S;-16.410143;DESPEJADO;RURAL;TRAMO RECTO;PLANA ;ASFALTADA;NO;NULL;NULL;SI;EN PROCESO DE INVESTIGACIÓN;NO CUENTA CON CAUSA ESPECIFICA;Carretera Panamericana Sur;25/2/2023;-72.055948
A-2023-02-98;30:00.0;DESPISTE;1;0;1;PUNO;CARABAYA;OLLACHEA;RURAL;CARRETERA;NACIONAL;PE-34B;-13.857579;DESPEJADO;RURAL;CURVA;INCLINADA;ASFALTADA;NULL;NULL;NULL;NULL;IMPRUDENCIA DEL CONDUCTOR;OTRO (IMPRUDENCIA DEL CONDUCTOR);Carretera Interoceánica Puno - Madre de Dios;25/2/2023;-70.509829
A-2023-02-101;30:00.0;CHOQUE;1;0;1;PUNO;CARABAYA;AYAPATA;RURAL;CARRETERA;NACIONAL;PE-34B;-13.336091;DESPEJADO;RURAL;TRAMO RECTO;PLANA ;ASFALTADA;NULL;NULL;NULL;NULL;IMPRUDENCIA DEL CONDUCTOR;ADELANTAR INDEBIDAMENTE;Carretera Interoceánica Puno - Madre de Dios;26/2/2023;-70.333582
A-2023-02-33;30:00.0;CHOQUE;1;0;NULL;PUNO;PUNO;PUNO;RURAL;CARRETERA;NACIONAL;PE-1N;-15.896425;DESPEJADO;RURAL;TRAMO RECTO;PLANA ;ASFALTADA;NULL;NULL;NULL;NULL;INFRAESTRUCTURA Y ENTORNO VIAL;OTRO (INFRAESTRUCTURA Y ENTORNO VIAL);PU-1094;26/2/2023;-70.02817
A-2023-02-73;30:00.0;CHOQUE;1;5;2;ICA;PISCO;PARACAS;RURAL;CARRETERA;NACIONAL;PE-1SF;-13.770627;DESPEJADO;INDUSTRIAL;TRAMO RECTO;PLANA ;ASFALTADA;NULL;NULL;NULL;NULL;EN PROCESO DE INVESTIGACIÓN;NO CUENTA CON CAUSA ESPECIFICA;Carretera Pisco - Paracas;26/2/2023;-76.23561
A-2023-02-37;30:00.0;DESPISTE;1;4;1;LA LIBERTAD;SANTIAGO DE CHUCO;QUIRUVILCA;RURAL;CARRETERA;NACIONAL;PE-10A;-8.013234;DESPEJADO;RURAL;TRAMO RECTO;PLANA ;ASFALTADA;NULL;NULL;NULL;NULL;EN PROCESO DE INVESTIGACIÓN;NO CUENTA CON CAUSA ESPECIFICA;Carretera Trujillo - Huamachuco;26/2/2023;-78.326924
A-2023-02-68;40:00.0;VOLCADURA;1;0;2;CAJAMARCA;CHOTA;HUAMBOS;RURAL;CARRETERA;NACIONAL;PE-06A;-6.466382;DESPEJADO;RURAL;CURVA;INCLINADA;ASFALTADA;SI;PREVENTIVA (P);PREVENTIVA (P);SI;EN PROCESO DE INVESTIGACIÓN;NO CUENTA CON CAUSA ESPECIFICA;PE-06A;26/2/2023;-78.932785
A-2023-02-151;15:00.0;CHOQUE;2;0;NULL;LIMA;LIMA;RIMAC;URBANA;AVENIDA;URBANO;NO CORRESPONDE;-12.030208;DESPEJADO;RESIDENCIAL;INTERSECCIÓN;PLANA ;ASFALTADA;NULL;NULL;NULL;NULL;IMPRUDENCIA DEL CONDUCTOR;EXCESO DE VELOCIDAD;Avenida Samuel Alcázar;26/2/2023;-77.029616
A-2023-02-80;00:00.0;CHOQUE;1;0;2;LAMBAYEQUE;CHICLAYO;LA VICTORIA;URBANA;CARRETERA;NACIONAL;PE-1N;-6.802588;DESPEJADO;RESIDENCIAL;INTERSECCIÓN;PLANA ;ASFALTADA;NULL;NULL;NULL;NULL;EN PROCESO DE INVESTIGACIÓN;NO CUENTA CON CAUSA ESPECIFICA;Calle El Tumi;26/2/2023;-79.84438
A-2023-02-39;00:00.0;CHOQUE;2;0;2;AREQUIPA;AREQUIPA;SANTA RITA DE SIGUAS;RURAL;CARRETERA;NACIONAL;PE-1S;-16.402085;DESPEJADO;RURAL;TRAMO RECTO;PLANA ;ASFALTADA;NO;NULL;NULL;SI;EN PROCESO DE INVESTIGACIÓN;NO CUENTA CON CAUSA ESPECIFICA;Carretera Panamericana Sur;26/2/2023;-72.074322
A-2023-02-49;30:00.0;ATROPELLO FUGA;1;0;NULL;CUSCO;QUISPICANCHI;CAMANTI;RURAL;CARRETERA;NACIONAL;PE-30C;-13.234963;DESPEJADO;RURAL;TRAMO RECTO;PLANA ;ASFALTADA;NO;NULL;NULL;SI;IMPRUDENCIA DEL PEATÓN;ESTADO DE EBRIEDAD Y/O DROGADICCIÓN;Interoceanica Sur;26/2/2023;-70.761281
A-2023-02-95;30:00.0;ATROPELLO;1;0;1;ANCASH;SANTA;NUEVO CHIMBOTE;URBANA;CARRETERA;NACIONAL;PE-1N;-9.153935;DESPEJADO;RURAL;TRAMO RECTO;PLANA ;ASFALTADA;NO;NULL;NULL;SI;IMPRUDENCIA DEL CONDUCTOR;INVASIÓN DE CARRIL;Panamericana Norte;27/2/2023;-78.503551
A-2023-02-167;40:00.0;DESPISTE;1;0;NULL;JUNIN;CHANCHAMAYO;PICHANAQUI;RURAL;CARRETERA;SIN CLASIFICAR;SIN CLASIFICAR;-11.083589;NULL;NULL;NULL;NULL;NULL;NULL;NULL;NULL;NULL;EN PROCESO DE INVESTIGACIÓN;NO CUENTA CON CAUSA ESPECIFICA;Río Negro;27/2/2023;-74.766796
A-2023-02-119;10:00.0;CHOQUE;2;2;3;CUSCO;ANTA;PUCYURA;URBANA;CARRETERA;NACIONAL;PE-3S;-13.479761;DESPEJADO;COMERCIAL;TRAMO RECTO;INCLINADA;ASFALTADA;NULL;NULL;NULL;NULL;IMPRUDENCIA DEL CONDUCTOR;EXCESO DE VELOCIDAD;Carretera Longitudinal de la Sierra Sur;27/2/2023;-72.088239
A-2023-02-58;15:00.0;VOLCADURA;1;0;1;CUSCO;CANCHIS;SICUANI;RURAL;CARRETERA;NACIONAL;PE-3S;-14.245414;DESPEJADO;RURAL;TRAMO RECTO;PLANA ;ASFALTADA;SI;PREVENTIVA (P);NULL;SI;IMPRUDENCIA DEL CONDUCTOR;EXCESO DE VELOCIDAD;Carretera Longitudinal de la Sierra Sur;27/2/2023;-71.256464
A-2023-02-160;50:00.0;DESPISTE;1;0;1;CUSCO;LA CONVENCION;KIMBIRI;URBANA;AVENIDA;URBANO;NO CORRESPONDE;-12.614493;DESPEJADO;RESIDENCIAL;TRAMO RECTO;PLANA ;AFIRMADO;NULL;NULL;NULL;NULL;IMPRUDENCIA DEL CONDUCTOR;CONDUCIR EN ESTADO DE EBRIEDAD Y/O DROGADICCIÓN;Jirón Cusco;27/2/2023;-73.794253
A-2023-02-40;50:00.0;DESPISTE;1;1;1;AREQUIPA;AREQUIPA;YURA;RURAL;CARRETERA;NACIONAL;PE-34A;-16.208137;DESPEJADO;RURAL;TRAMO RECTO;PLANA ;ASFALTADA;NO;NULL;NULL;SI;EN PROCESO DE INVESTIGACIÓN;NO CUENTA CON CAUSA ESPECIFICA;Vía Interoceánica Sur - Tramo 5;28/2/2023;-71.652492
A-2023-02-60;20:00.0;VOLCADURA;1;28;1;CUSCO;QUISPICANCHI;CUSIPATA;RURAL;CARRETERA;NACIONAL;PE-3S;-13.912691;SOLEADO;RURAL;CURVA;INCLINADA;ASFALTADA;SI;PREVENTIVA (P);NULL;SI;IMPRUDENCIA DEL CONDUCTOR;EXCESO DE VELOCIDAD;Carretera Longitudinal de la Sierra Sur;28/2/2023;-71.501857
A-2023-02-81;30:00.0;CHOQUE;1;0;2;LAMBAYEQUE;CHICLAYO;LA VICTORIA;RURAL;CARRETERA;PROVINCIAL;LA-778;-6.813766;DESPEJADO;RURAL;TRAMO RECTO;PLANA ;ASFALTADA;NULL;NULL;NULL;NULL;EN PROCESO DE INVESTIGACIÓN;NO CUENTA CON CAUSA ESPECIFICA;Carretera Monsefú - Chiclayo;28/2/2023;-79.853155
A-2023-02-156;00:00.0;DESPISTE;1;3;1;AYACUCHO;HUAMANGA;ACOCRO;RURAL;CARRETERA;PROVINCIAL;AY-743;-13.264125;DESPEJADO;RURAL;SINUOSA;INCLINADA;AFIRMADO;NULL;NULL;NULL;NULL;INFRAESTRUCTURA Y ENTORNO VIAL;OTRO (INFRAESTRUCTURA Y ENTORNO VIAL);San Juan de Rayan;28/2/2023;-74.001575
A-2023-02-51;30:00.0;ATROPELLO;1;0;0;LIMA;HUAURA;VEGUETA;RURAL;CARRETERA;NACIONAL;PE-1N;-11.02054;DESPEJADO;RURAL;INTERSECCIÓN;PLANA ;ASFALTADA;NULL;NULL;NULL;NULL;IMPRUDENCIA DEL CONDUCTOR;ADELANTAR INDEBIDAMENTE;LM-549;28/2/2023;-77.59848
A-2023-02-159;30:00.0;CHOQUE;1;0;2;CAJAMARCA;JAEN;BELLAVISTA;RURAL;CARRETERA;NACIONAL;PE-5N;-5.653032;DESPEJADO;RURAL;TRAMO RECTO;PLANA ;ASFALTADA;NULL;NULL;NULL;NULL;IMPRUDENCIA DEL CONDUCTOR;INVASIÓN DE CARRIL;PE-5N;28/2/2023;-78.747287
A-2023-03-1;00:00.0;DESPISTE;1;0;1;PUNO;PUNO;ATUNCOLLA;RURAL;CARRETERA;SIN CLASIFICAR;SIN CLASIFICAR;-15.685763;DESPEJADO;RURAL;CURVA;INCLINADA;TROCHA;NULL;NULL;NULL;NULL;IMPRUDENCIA DEL CONDUCTOR;OTRO (IMPRUDENCIA DEL CONDUCTOR);Atuncolla;1/3/2023;-70.128152
A-2023-03-67;00:00.0;ATROPELLO FUGA;1;0;NULL;TUMBES;ZARUMILLA;PAPAYAL;RURAL;CARRETERA;NACIONAL;PE-1N;-3.513918;DESPEJADO;RURAL;TRAMO RECTO;PLANA ;ASFALTADA;NULL;NULL;NULL;NULL;IMPRUDENCIA DEL CONDUCTOR;NO DAR PASO PREFERENTE AL PEATÓN;Carretera Panamericana Norte;1/3/2023;-80.317837
A-2023-03-128;00:00.0;CHOQUE;2;1;NULL;JUNIN;YAULI;PACCHA;RURAL;CARRETERA;NACIONAL;PE-3N;-11.431631;NUBLADO;RURAL;CURVA;PLANA ;ASFALTADA;SI;PREVENTIVA (P);REGULADORA (R);SI;IMPRUDENCIA DEL CONDUCTOR;INVASIÓN DE CARRIL;Longitudinal de la Sierra Norte;1/3/2023;-75.931629
A-2023-03-131-B;30:00.0;CHOQUE;1;0;NULL;LIMA;LIMA;LURIGANCHO;RURAL;CARRETERA;PROVINCIAL;LM-711;-11.998263;DESPEJADO;INDUSTRIAL;TRAMO RECTO;PLANA ;ASFALTADA;NULL;NULL;NULL;NULL;EN PROCESO DE INVESTIGACIÓN;NO CUENTA CON CAUSA ESPECIFICA;Avenida Las Torres;1/3/2023;-76.9272
A-2023-03-92;20:00.0;CHOQUE;1;2;1;PUNO;SAN ROMAN;CABANILLAS;RURAL;CARRETERA;NACIONAL;PE-34A;-15.672657;DESPEJADO;RURAL;TRAMO RECTO;PLANA ;ASFALTADA;NULL;NULL;NULL;NULL;IMPRUDENCIA DEL CONDUCTOR;EXCESO DE VELOCIDAD;Héroes de La Guerra del Pacífico;1/3/2023;-70.37793
A-2023-03-59;06:00.0;CHOQUE;1;0;2;CUSCO;ESPINAR;ESPINAR;URBANA;CARRETERA;DEPARTAMENTAL;CU-131;-14.792305;DESPEJADO;INDUSTRIAL;INTERSECCIÓN;PLANA ;ASFALTADA;NULL;NULL;NULL;NULL;IMPRUDENCIA DEL CONDUCTOR;OTRO (IMPRUDENCIA DEL CONDUCTOR);Calle Alfonso Ugarte;1/3/2023;-71.411903
A-2023-03-3;10:00.0;ATROPELLO;1;1;1;LA LIBERTAD;PACASMAYO;SAN PEDRO DE LLOC;URBANA;CARRETERA;NACIONAL;PE-1N;-7.441096;DESPEJADO;RURAL;TRAMO RECTO;PLANA ;ASFALTADA;NULL;NULL;NULL;NULL;IMPRUDENCIA DEL CONDUCTOR;OTRO (IMPRUDENCIA DEL CONDUCTOR);Carretera Panamericana Norte;1/3/2023;-79.502069
A-2023-03-2;45:00.0;ATROPELLO;1;0;1;AREQUIPA;AREQUIPA;LA JOYA;URBANA;CARRETERA;NACIONAL;PE-1S;-16.526249;DESPEJADO;RURAL;TRAMO RECTO;PLANA ;ASFALTADA;SI;REGULADORA (R);NULL;SI;EN PROCESO DE INVESTIGACIÓN;NO CUENTA CON CAUSA ESPECIFICA;Carretera Panamericana Sur;1/3/2023;-71.785331
A-2023-03-15;20:00.0;CHOQUE;1;0;2;LIMA;HUAURA;HUAURA;RURAL;CARRETERA;NACIONAL;PE-1N;-11.071165;DESPEJADO;RURAL;TRAMO RECTO;INCLINADA;ASFALTADA;NULL;NULL;NULL;NULL;IMPRUDENCIA DEL CONDUCTOR;FATIGA Y/O CANSANCIO;Carretera Panamericana Norte;2/3/2023;-77.585127
A-2023-03-91;15:00.0;ATROPELLO;1;2;NULL;MOQUEGUA;ILO;ILO;URBANA;AVENIDA;URBANO;NO CORRESPONDE;-17.649765;NULL;NULL;NULL;NULL;NULL;NULL;NULL;NULL;NULL;EN PROCESO DE INVESTIGACIÓN;NO CUENTA CON CAUSA ESPECIFICA;Avenida Pedro Huilca Tecse;2/3/2023;-71.331037
A-2023-03-4;00:00.0;DESPISTE;1;0;1;LA LIBERTAD;PATAZ;TAYABAMBA;RURAL;CARRETERA;PROVINCIAL;LI-874;-8.284816;DESPEJADO;RURAL;TRAMO RECTO;PLANA ;TROCHA;NULL;NULL;NULL;NULL;EN PROCESO DE INVESTIGACIÓN;NO CUENTA CON CAUSA ESPECIFICA;Allauca;2/3/2023;-77.269099
A-2023-03-94;20:00.0;ATROPELLO;1;0;1;PUNO;SAN ROMAN;JULIACA;URBANA;CARRETERA;NACIONAL;PE-3S;-15.480696;DESPEJADO;COMERCIAL;INTERSECCIÓN;PLANA ;ASFALTADA;NULL;NULL;NULL;NULL;NEGLIGENCIA DEL CONDUCTOR;OTRO (NEGLIGENCIA DEL CONDUCTOR);Jirón Marineros;2/3/2023;-70.132039
A-2023-03-38;30:00.0;CAÍDA DE PASAJERO;1;0;NULL;APURIMAC;ANDAHUAYLAS;SAN JERONIMO;RURAL;CARRETERA;PROVINCIAL;AN-770;-13.616267;DESPEJADO;RURAL;CURVA;PLANA ;TROCHA;NULL;NULL;NULL;NULL;IMPRUDENCIA DEL CONDUCTOR;GIRAR IMPRUDENTEMENTE;Puiso;2/3/2023;-73.38756
A-2023-03-132;40:00.0;DESPISTE;1;0;NULL;LIMA;LIMA;CARABAYLLO;URBANA;AVENIDA;URBANO;NO CORRESPONDE;-11.871011;DESPEJADO;RESIDENCIAL;TRAMO RECTO;PLANA ;ASFALTADA;NULL;NULL;NULL;NULL;IMPRUDENCIA DEL CONDUCTOR;OTRO (IMPRUDENCIA DEL CONDUCTOR);Avenida Manuel Prado;3/3/2023;-77.01986
A-2023-03-113;50:00.0;DESPISTE;1;2;1;LAMBAYEQUE;LAMBAYEQUE;OLMOS;RURAL;CARRETERA;NACIONAL;PE-04B;-5.942054;DESPEJADO;RURAL;TRAMO RECTO;PLANA ;ASFALTADA;NULL;NULL;NULL;NULL;IMPRUDENCIA DEL CONDUCTOR;EXCESO DE VELOCIDAD;Carretera Interocéanica Norte;3/3/2023;-79.639296
A-2023-03-12;00:00.0;ESPECIAL;1;0;1;AREQUIPA;AREQUIPA;ALTO SELVA ALEGRE;URBANA;CALLE;URBANO;NO CORRESPONDE;-16.383402;DESPEJADO;RESIDENCIAL;TRAMO RECTO;PLANA ;ASFALTADA;NULL;NULL;NULL;NULL;EN PROCESO DE INVESTIGACIÓN;NO CUENTA CON CAUSA ESPECIFICA;Avenida Arequipa;3/3/2023;-71.517994
A-2023-03-100;45:00.0;VOLCADURA;4;1;NULL;APURIMAC;ABANCAY;LAMBRAMA;RURAL;CARRETERA;NACIONAL;PE-3SF;-13.865216;NULL;NULL;NULL;NULL;NULL;NULL;NULL;NULL;NULL;EN PROCESO DE INVESTIGACIÓN;NO CUENTA CON CAUSA ESPECIFICA;PE-3SF;3/3/2023;-72.771404
A-2023-03-133;30:00.0;CAÍDA DE PASAJERO;1;0;NULL;LIMA;LIMA;LIMA;URBANA;AVENIDA;URBANO;NO CORRESPONDE;-12.045833;DESPEJADO;COMERCIAL;TRAMO RECTO;PLANA ;ASFALTADA;NULL;NULL;NULL;NULL;IMPRUDENCIA DEL PASAJERO/OCUPANTE;OTRO (IMPRUDENCIA DEL PASAJERO/OCUPANTE);Avenida Abancay;3/3/2023;-77.025596
A-2023-03-173;00:00.0;CHOQUE;2;0;NULL;LIMA;BARRANCA;PATIVILCA;RURAL;CARRETERA;NACIONAL;PE-1N;-10.689576;DESPEJADO;RURAL;TRAMO RECTO;PLANA ;ASFALTADA;SI;REGULADORA (R);NULL;NO;IMPRUDENCIA DEL CONDUCTOR;OTRO (IMPRUDENCIA DEL CONDUCTOR);Panamericana Norte;3/3/2023;-77.787159
A-2023-03-134;20:00.0;ATROPELLO;1;0;NULL;LIMA;LIMA;PUNTA HERMOSA;RURAL;CARRETERA;NACIONAL;PE-1S;-12.308394;DESPEJADO;COMERCIAL;TRAMO RECTO;PLANA ;ASFALTADA;NULL;NULL;NULL;NULL;IMPRUDENCIA DEL PEATÓN;OTRO (IMPRUDENCIA DEL PEATÓN);Carretera Panamericana Sur;4/3/2023;-76.836607
A-2023-03-82;40:00.0;CHOQUE;1;0;2;ICA;CHINCHA;EL CARMEN;URBANA;CARRETERA;NACIONAL;PE-1SE;-13.552981;DESPEJADO;COMERCIAL;OTRO;PLANA ;ASFALTADA;NULL;NULL;NULL;NULL;EN PROCESO DE INVESTIGACIÓN;NO CUENTA CON CAUSA ESPECIFICA;Carretera Panamericana Sur;4/3/2023;-76.18075
A-2023-03-5;40:00.0;CHOQUE;1;0;2;LA LIBERTAD;TRUJILLO;TRUJILLO;URBANA;AVENIDA;URBANO;NO CORRESPONDE;-8.106627;DESPEJADO;COMERCIAL;INTERSECCIÓN;PLANA ;ASFALTADA;NULL;NULL;NULL;NULL;IMPRUDENCIA DEL CONDUCTOR;OTRO (IMPRUDENCIA DEL CONDUCTOR);Avenida América Oeste;4/3/2023;-79.046801
A-2023-03-41;20:00.0;DESPISTE;2;2;1;CUSCO;CANCHIS;TINTA;RURAL;CARRETERA;NACIONAL;PE-3S;-14.117727;DESPEJADO;RURAL;CURVA;PLANA ;ASFALTADA;SI;PREVENTIVA (P);NULL;SI;EN PROCESO DE INVESTIGACIÓN;NO CUENTA CON CAUSA ESPECIFICA;Carretera Longitudinal de la Sierra Sur;4/3/2023;-71.415727
A-2023-03-81;30:00.0;CHOQUE FUGA;1;0;0;ICA;ICA;SANTIAGO;RURAL;CARRETERA;SIN CLASIFICAR;SIN CLASIFICAR;-14.190408;VENTARRÓN;RURAL;OTRO;PLANA ;TROCHA;NULL;NULL;NULL;NULL;EN PROCESO DE INVESTIGACIÓN;NO CUENTA CON CAUSA ESPECIFICA;Huaylas - Huarango Mocho;4/3/2023;-75.695214
A-2023-03-49;20:00.0;ATROPELLO;1;0;1;CUSCO;CANCHIS;SICUANI;RURAL;CARRETERA;NACIONAL;PE-3S;-14.24516;DESPEJADO;RURAL;TRAMO RECTO;PLANA ;ASFALTADA;NULL;NULL;NULL;NULL;IMPRUDENCIA DEL PEATÓN;CRUCE INDEBIDO POR LA CALZADA;Carretera Longitudinal de la Sierra Sur;5/3/2023;-71.251435
A-2023-03-6;00:00.0;CHOQUE;1;1;2;LA LIBERTAD;VIRU;CHAO;RURAL;CARRETERA;NACIONAL;PE-1N;-8.532783;DESPEJADO;RURAL;TRAMO RECTO;PLANA ;ASFALTADA;NULL;NULL;NULL;NULL;EN PROCESO DE INVESTIGACIÓN;NO CUENTA CON CAUSA ESPECIFICA;Carretera Panamericana Norte;5/3/2023;-78.681809
A-2023-03-28;30:00.0;DESPISTE;1;0;1;CAJAMARCA;JAEN;PUCARA;URBANA;CARRETERA;NACIONAL;PE-3N;-6.041541;SOLEADO;RESIDENCIAL;TRAMO RECTO;INCLINADA;ASFALTADA;NO;NULL;NULL;SI;EN PROCESO DE INVESTIGACIÓN;NO CUENTA CON CAUSA ESPECIFICA;Carretera Presidente Fernando Belaúnde Terry;5/3/2023;-79.125163
A-2023-03-7;20:00.0;DESPISTE;1;0;1;LA LIBERTAD;TRUJILLO;MOCHE;URBANA;CARRETERA;PROVINCIAL;LI-1102;-8.177685;DESPEJADO;COMERCIAL;TRAMO RECTO;PLANA ;ASFALTADA;NULL;NULL;NULL;NULL;EN PROCESO DE INVESTIGACIÓN;NO CUENTA CON CAUSA ESPECIFICA;Avenida Independencia;5/3/2023;-79.012291
A-2023-03-8;40:00.0;DESPISTE;1;0;1;LA LIBERTAD;TRUJILLO;TRUJILLO;URBANA;AVENIDA;URBANO;NO CORRESPONDE;-8.12805;DESPEJADO;COMERCIAL;TRAMO RECTO;PLANA ;ASFALTADA;NULL;NULL;NULL;NULL;EN PROCESO DE INVESTIGACIÓN;NO CUENTA CON CAUSA ESPECIFICA;Avenida Fátima;5/3/2023;-79.040726
A-2023-03-13;30:00.0;CHOQUE;1;0;2;AREQUIPA;ISLAY;COCACHACRA;RURAL;CARRETERA;NACIONAL;PE-1NA;-17.088564;DESPEJADO;RURAL;TRAMO RECTO;PLANA ;ASFALTADA;NULL;NULL;NULL;NULL;EN PROCESO DE INVESTIGACIÓN;NO CUENTA CON CAUSA ESPECIFICA;PE-1SJ;5/3/2023;-71.754694
A-2023-03-14;30:00.0;CHOQUE;1;0;2;AREQUIPA;ISLAY;MEJIA;RURAL;CARRETERA;PROVINCIAL;AR-815;-17.088041;DESPEJADO;RURAL;CURVA;PLANA ;ASFALTADA;SI;REGULADORA (R);NULL;SI;EN PROCESO DE INVESTIGACIÓN;NO CUENTA CON CAUSA ESPECIFICA;Carretera Costanera Sur;5/3/2023;-71.90525
A-2023-03-108;20:00.0;DESPISTE;1;2;1;ANCASH;SANTA;SAMANCO;RURAL;CARRETERA;PROVINCIAL;AN-933;-9.290535;DESPEJADO;RURAL;TRAMO RECTO;PLANA ;ASFALTADA;NULL;NULL;NULL;NULL;IMPRUDENCIA DEL CONDUCTOR;CONDUCIR EN ESTADO DE EBRIEDAD Y/O DROGADICCIÓN;Avenida 1 de Mayo;5/3/2023;-78.483732
A-2023-03-165;30:00.0;ATROPELLO;1;0;1;AYACUCHO;LUCANAS;PUQUIO;URBANA;JIRÓN;URBANO;NO CORRESPONDE;-14.695442;DESPEJADO;RESIDENCIAL;TRAMO RECTO;INCLINADA;ASFALTADA;SI;INFORMATIVA (I);INFORMATIVA (I);NO;IMPRUDENCIA DEL CONDUCTOR;OTRO (IMPRUDENCIA DEL CONDUCTOR);Jirón Túpac Amaru;5/3/2023;-74.120695
A-2023-03-135;00:00.0;CHOQUE;1;2;NULL;LIMA;LIMA;CHORRILLOS;URBANA;AVENIDA;URBANO;NO CORRESPONDE;-12.195296;DESPEJADO;COMERCIAL;INTERSECCIÓN;PLANA ;ASFALTADA;NULL;NULL;NULL;NULL;IMPRUDENCIA DEL CONDUCTOR;OTRO (IMPRUDENCIA DEL CONDUCTOR);Avenida 12 de Octubre;5/3/2023;-77.001275
A-2023-03-9;20:00.0;CHOQUE;2;2;2;LA LIBERTAD;VIRU;VIRU;RURAL;CARRETERA;NACIONAL;PE-1N;-8.436975;DESPEJADO;RURAL;TRAMO RECTO;PLANA ;ASFALTADA;NULL;NULL;NULL;NULL;IMPRUDENCIA DEL CONDUCTOR;FATIGA Y/O CANSANCIO;Carretera Panamericana Norte;5/3/2023;-78.762282