CÓDIGO SINIESTRO;HORA SINIESTRO;CLASE SINIESTRO;CANTIDAD DE FALLECIDOS;CANTIDAD DE LESIONADOS;CANTIDAD DE VEHICULOS DAÑADOS;DEPARTAMENTO;PROVINCIA;DISTRITO;ZONA;TIPO DE VÍA;RED VIAL;COD CARRETERA;COORDENADAS LATITUD;CONDICIÓN CLIMÁTICA;ZONIFICACIÓN;CARACTERÍSTICAS DE VÍA;PERFIL LONGITUDINAL VÍA;SUPERFICIE DE CALZADA;¿EXISTE SEÑAL VERTICAL?;CLASIFICACIÓN DE LA SEÑAL VERTICAL Nº 1;CLASIFICACIÓN DE LA SEÑAL VERTICAL Nº 2;¿EXISTE SEÑAL HORIZONTAL?;CAUSA FACTOR PRINCIPAL;CAUSA ESPECÍFICA;UBICACION;FECHA SINIESTRO;COORDENADAS LONGITUD
A-2023-03-69;30:00.0;CHOQUE;1;0;2;LAMBAYEQUE;CHICLAYO;PATAPO;RURAL;CARRETERA;NACIONAL;PE-06A;-6.736337;DESPEJADO;RURAL;TRAMO RECTO;PLANA ;ASFALTADA;NULL;NULL;NULL;NULL;EN PROCESO DE INVESTIGACIÓN;NO CUENTA CON CAUSA ESPECIFICA;PE-06A;5/3/2023;-79.540028
A-2023-03-10;10:00.0;ATROPELLO FUGA;1;0;NULL;LA LIBERTAD;PACASMAYO;SAN JOSE;RURAL;CARRETERA;PROVINCIAL;LI-571;-7.34949;DESPEJADO;RURAL;TRAMO RECTO;PLANA ;ASFALTADA;NULL;NULL;NULL;NULL;EN PROCESO DE INVESTIGACIÓN;NO CUENTA CON CAUSA ESPECIFICA;LI-571;6/3/2023;-79.457116
A-2023-03-17;50:00.0;DESPISTE;1;6;1;TACNA;TACNA;SAMA;RURAL;CARRETERA;NACIONAL;PE-1SD;-18.141939;DESPEJADO;RURAL;TRAMO RECTO;PLANA ;ASFALTADA;NULL;NULL;NULL;NULL;IMPERICIA DEL CONDUCTOR;NULL;Carretera Costanera Sur;6/3/2023;-70.691846
A-2023-03-11;30:00.0;DESPISTE;1;1;1;LA LIBERTAD;PATAZ;PARCOY;RURAL;CARRETERA;NACIONAL;PE-10C;-7.909212;DESPEJADO;RURAL;CURVA;INCLINADA;TROCHA;NULL;NULL;NULL;NULL;EN PROCESO DE INVESTIGACIÓN;NO CUENTA CON CAUSA ESPECIFICA;PE-10C;6/3/2023;-77.57818
A-2023-03-115;15:00.0;CHOQUE;1;0;1;PIURA;PIURA;CASTILLA;RURAL;CARRETERA;DEPARTAMENTAL;PI-126;-5.128833;DESPEJADO;RURAL;TRAMO RECTO;PLANA ;ASFALTADA;NULL;NULL;NULL;NULL;IMPRUDENCIA DEL CONDUCTOR;EXCESO DE VELOCIDAD;Carretera Tambo Grande - Piura;7/3/2023;-80.605487
A-2023-03-137;50:00.0;CHOQUE;1;0;NULL;LIMA;LIMA;SAN MARTIN DE PORRES;URBANA;AVENIDA;URBANO;NO CORRESPONDE;-11.989054;DESPEJADO;COMERCIAL;INTERSECCIÓN;PLANA ;ASFALTADA;NULL;NULL;NULL;NULL;EN PROCESO DE INVESTIGACIÓN;NO CUENTA CON CAUSA ESPECIFICA;Avenida Carlos Alberto Izaguirre;7/3/2023;-77.105359
A-2023-04-6;00:00.0;DESPISTE;1;0;1;HUANCAVELICA;HUAYTARA;CORDOVA;RURAL;CARRETERA;PROVINCIAL;HV-1008;-14.04027;DESPEJADO;RURAL;OTRO;PLANA ;TROCHA;NULL;NULL;NULL;NULL;EN PROCESO DE INVESTIGACIÓN;NO CUENTA CON CAUSA ESPECIFICA;Calle Ica;7/3/2023;-75.18409
A-2023-03-167;45:00.0;CHOQUE;1;0;NULL;CAJAMARCA;CAJAMARCA;CAJAMARCA;URBANA;JIRÓN;URBANO;NO CORRESPONDE;-7.15959;LLUVIOSO;COMERCIAL;INTERSECCIÓN;INCLINADA;AFIRMADO;SI;REGULADORA (R);NULL;SI;IMPRUDENCIA DEL CONDUCTOR;CONDUCIR EN ESTADO DE EBRIEDAD Y/O DROGADICCIÓN;Jirón Cinco Esquinas;8/3/2023;-78.514515
A-2023-03-57;30:00.0;CHOQUE FUGA;1;0;1;CUSCO;CANCHIS;SICUANI;RURAL;CARRETERA;NACIONAL;PE-3S;-14.226387;DESPEJADO;RURAL;TRAMO RECTO;PLANA ;ASFALTADA;NULL;NULL;NULL;NULL;EN PROCESO DE INVESTIGACIÓN;NO CUENTA CON CAUSA ESPECIFICA;Carretera Longitudinal de la Sierra Sur;8/3/2023;-71.282296
A-2023-03-16;40:00.0;ATROPELLO;1;0;0;HUANCAVELICA;HUANCAVELICA;HUANDO;URBANA;AVENIDA;URBANO;NO CORRESPONDE;-12.567333;DESPEJADO;ESCOLAR;TRAMO RECTO;PLANA ;ASFALTADA;NULL;NULL;NULL;NULL;EN PROCESO DE INVESTIGACIÓN;NO CUENTA CON CAUSA ESPECIFICA;Huando;8/3/2023;-74.949953
A-2023-03-114;30:00.0;DESPISTE;2;3;1;PIURA;PIURA;CASTILLA;RURAL;CARRETERA;NACIONAL;PE-1NU;-5.139239;DESPEJADO;RURAL;TRAMO RECTO;PLANA ;ASFALTADA;NULL;NULL;NULL;NULL;NEGLIGENCIA DEL CONDUCTOR;CONDUCIR CON FALLAS DE NEUMÁTICOS;PE-1NU;8/3/2023;-80.443868
A-2023-03-138;00:00.0;CHOQUE;1;0;NULL;LIMA;LIMA;LURIN;URBANA;CARRETERA;NACIONAL;PE-1S;-12.246463;DESPEJADO;INDUSTRIAL;TRAMO RECTO;PLANA ;ASFALTADA;NULL;NULL;NULL;NULL;IMPRUDENCIA DEL CONDUCTOR;OTRO (IMPRUDENCIA DEL CONDUCTOR);Carretera Panamericana Sur;8/3/2023;-76.936133
A-2023-03-101;45:00.0;ATROPELLO;1;0;NULL;APURIMAC;COTABAMBAS;TAMBOBAMBA;RURAL;CARRETERA;PROVINCIAL;AP-940;-14.00184;NULL;NULL;NULL;NULL;NULL;NULL;NULL;NULL;NULL;EN PROCESO DE INVESTIGACIÓN;NO CUENTA CON CAUSA ESPECIFICA;AP-940;8/3/2023;-72.245144
A-2023-03-29;00:00.0;CHOQUE;1;2;3;CAJAMARCA;CHOTA;CHOTA;URBANA;JIRÓN;URBANO;NO CORRESPONDE;-6.567786;SOLEADO;RESIDENCIAL;TRAMO RECTO;INCLINADA;CONCRETO;NULL;NULL;NULL;NULL;EN PROCESO DE INVESTIGACIÓN;NO CUENTA CON CAUSA ESPECIFICA;Chota;9/3/2023;-78.648946
A-2023-03-179;00:00.0;ATROPELLO;1;0;NULL;LIMA;LIMA;COMAS;URBANA;AVENIDA;URBANO;NO CORRESPONDE;-11.947733;DESPEJADO;COMERCIAL;TRAMO RECTO;PLANA ;ASFALTADA;NULL;NULL;NULL;NULL;IMPRUDENCIA DEL CONDUCTOR;EXCESO DE VELOCIDAD;Avenida Túpac Amaru;9/3/2023;-77.049658
A-2023-03-139;30:00.0;CHOQUE;1;1;NULL;LIMA;LIMA;SAN JUAN DE LURIGANCHO;URBANA;AVENIDA;URBANO;NO CORRESPONDE;-12.018034;DESPEJADO;COMERCIAL;INTERSECCIÓN;PLANA ;ASFALTADA;NULL;NULL;NULL;NULL;IMPRUDENCIA DEL CONDUCTOR;OTRO (IMPRUDENCIA DEL CONDUCTOR);Avenida Pirámide del Sol;9/3/2023;-77.001983
A-2023-03-140;00:00.0;ATROPELLO FUGA;1;0;NULL;LIMA;LIMA;SAN JUAN DE LURIGANCHO;URBANA;AVENIDA;URBANO;NO CORRESPONDE;-12.019206;DESPEJADO;RESIDENCIAL;TRAMO RECTO;PLANA ;ASFALTADA;NULL;NULL;NULL;NULL;IMPRUDENCIA DEL PEATÓN;OTRO (IMPRUDENCIA DEL PEATÓN);Avenida Lurigancho;9/3/2023;-76.986857
A-2023-03-53;10:00.0;CHOQUE;1;0;2;CUSCO;ANTA;ANTA;URBANA;CARRETERA;NACIONAL;PE-3S;-13.477006;DESPEJADO;COMERCIAL;CURVA;INCLINADA;ASFALTADA;SI;PREVENTIVA (P);NULL;SI;IMPRUDENCIA DEL CONDUCTOR;GIRAR IMPRUDENTEMENTE;Carretera Longitudinal de la Sierra Sur;9/3/2023;-72.120795
A-2023-03-19;10:00.0;DESPISTE;2;1;1;LA LIBERTAD;SANCHEZ CARRION;COCHORCO;RURAL;CARRETERA;NACIONAL;PE-10C;-7.774657;DESPEJADO;RURAL;CURVA;PLANA ;AFIRMADO;NULL;NULL;NULL;NULL;EN PROCESO DE INVESTIGACIÓN;NO CUENTA CON CAUSA ESPECIFICA;PE-10C;9/3/2023;-77.776896
A-2023-03-163;30:00.0;ATROPELLO;1;0;NULL;TACNA;TACNA;LA YARADA LOS PALOS;URBANA;CARRETERA;PROVINCIAL;TA-644;-18.28434;DESPEJADO;COMERCIAL;TRAMO RECTO;PLANA ;ASFALTADA;NULL;NULL;NULL;NULL;IMPRUDENCIA DEL PEATÓN;CRUCE INDEBIDO POR LA CALZADA;Carretera Los Palos - Hospicio;10/3/2023;-70.4373
A-2023-03-99;30:00.0;VOLCADURA;1;0;1;LORETO;MAYNAS;SAN JUAN BAUTISTA;RURAL;CALLE;URBANO;NO CORRESPONDE;-3.767798;DESPEJADO;RURAL;INTERSECCIÓN;PLANA ;AFIRMADO;NULL;NULL;NULL;NULL;IMPRUDENCIA DEL CONDUCTOR;OTRO (IMPRUDENCIA DEL CONDUCTOR);San Juan;10/3/2023;-73.291104
A-2023-03-80;20:00.0;CHOQUE;1;0;2;ICA;PISCO;INDEPENDENCIA;RURAL;CARRETERA;NACIONAL;PE-28A;-13.710685;VENTARRÓN;RURAL;TRAMO RECTO;PLANA ;ASFALTADA;NULL;NULL;NULL;NULL;EN PROCESO DE INVESTIGACIÓN;NO CUENTA CON CAUSA ESPECIFICA;Vía de los Libertadores;10/3/2023;-75.982976
A-2023-03-20;40:00.0;ATROPELLO FUGA;1;0;NULL;LA LIBERTAD;PACASMAYO;SAN PEDRO DE LLOC;RURAL;CARRETERA;NACIONAL;PE-1N;-7.531083;DESPEJADO;RURAL;TRAMO RECTO;PLANA ;ASFALTADA;NULL;NULL;NULL;NULL;IMPRUDENCIA DEL CONDUCTOR;OTRO (IMPRUDENCIA DEL CONDUCTOR);Carretera Panamericana Norte;11/3/2023;-79.39377
A-2023-03-129;10:00.0;ATROPELLO;1;0;NULL;JUNIN;HUANCAYO;HUANCAYO;URBANA;CARRETERA;NACIONAL;PE-3S;-12.071543;DESPEJADO;RURAL;INTERSECCIÓN;PLANA ;ASFALTADA;SI;REGULADORA (R);NULL;SI;IMPRUDENCIA DEL PEATÓN;CRUCE INDEBIDO POR LA CALZADA;Avenida Huancavelica;11/3/2023;-75.214018
A-2023-03-21;10:00.0;DESPISTE;1;0;1;LA LIBERTAD;VIRU;CHAO;RURAL;CARRETERA;DEPARTAMENTAL;LI-122;-8.479338;DESPEJADO;RURAL;TRAMO RECTO;PLANA ;ASFALTADA;NULL;NULL;NULL;NULL;EN PROCESO DE INVESTIGACIÓN;NO CUENTA CON CAUSA ESPECIFICA;LI-122;11/3/2023;-78.573081
A-2023-03-22;30:00.0;DESPISTE;1;3;1;LA LIBERTAD;VIRU;VIRU;RURAL;CARRETERA;NACIONAL;PE-1N;-8.458713;DESPEJADO;RURAL;TRAMO RECTO;PLANA ;ASFALTADA;NULL;NULL;NULL;NULL;IMPRUDENCIA DEL CONDUCTOR;EXCESO DE VELOCIDAD;Carretera Panamericana Norte;11/3/2023;-78.725215
A-2023-03-70;00:00.0;ATROPELLO FUGA;1;0;1;LAMBAYEQUE;LAMBAYEQUE;LAMBAYEQUE;RURAL;CARRETERA;NACIONAL;PE-1N;-6.688987;DESPEJADO;RURAL;TRAMO RECTO;PLANA ;ASFALTADA;NULL;NULL;NULL;NULL;EN PROCESO DE INVESTIGACIÓN;NO CUENTA CON CAUSA ESPECIFICA;Ruta Panamericana Norte;12/3/2023;-79.903798
A-2023-03-25;00:00.0;CHOQUE;1;8;2;AREQUIPA;CAYLLOMA;SAN ANTONIO DE CHUCA;RURAL;CARRETERA;NACIONAL;PE-34A;-15.986356;LLUVIOSO;RURAL;CURVA;INCLINADA;ASFALTADA;NO;NULL;NULL;SI;EN PROCESO DE INVESTIGACIÓN;NO CUENTA CON CAUSA ESPECIFICA;Vía Interoceánica Sur - Tramo 5;12/3/2023;-71.254004
A-2023-03-71;00:00.0;ATROPELLO FUGA;1;0;1;LAMBAYEQUE;CHICLAYO;PATAPO;RURAL;CARRETERA;NACIONAL;PE-06A;-6.739308;DESPEJADO;RURAL;TRAMO RECTO;PLANA ;ASFALTADA;NULL;NULL;NULL;NULL;EN PROCESO DE INVESTIGACIÓN;NO CUENTA CON CAUSA ESPECIFICA;PE-06A;12/3/2023;-79.63621
A-2023-03-141;30:00.0;ATROPELLO;1;0;NULL;LIMA;LIMA;CHORRILLOS;URBANA;CARRETERA;NACIONAL;PE-1S;-12.218937;DESPEJADO;INDUSTRIAL;TRAMO RECTO;PLANA ;ASFALTADA;SI;REGULADORA (R);NULL;NO;IMPRUDENCIA DEL PEATÓN;OTRO (IMPRUDENCIA DEL PEATÓN);Carretera Panamericana Sur;12/3/2023;-76.977076
A-2023-03-83;30:00.0;CHOQUE;1;0;1;ICA;NASCA;NASCA;URBANA;CARRETERA;NACIONAL;PE-30A;-14.8405;DESPEJADO;RURAL;TRAMO RECTO;PLANA ;ASFALTADA;NULL;NULL;NULL;NULL;EN PROCESO DE INVESTIGACIÓN;NO CUENTA CON CAUSA ESPECIFICA;Carretera Nasca - Abancay;13/3/2023;-74.93178
A-2023-03-142;30:00.0;CAÍDA DE PASAJERO;1;0;NULL;LIMA;LIMA;ANCON;URBANA;CARRETERA;NACIONAL;PE-1N;-11.812734;DESPEJADO;COMERCIAL;TRAMO RECTO;PLANA ;ASFALTADA;NULL;NULL;NULL;NULL;EN PROCESO DE INVESTIGACIÓN;NO CUENTA CON CAUSA ESPECIFICA;Carretera Panamericana Norte;13/3/2023;-77.12962
A-2023-03-79;00:00.0;DESPISTE;1;0;1;AMAZONAS;RODRIGUEZ DE MENDOZA;LONGAR;RURAL;CARRETERA;NACIONAL;PE-08B;-6.369902;LLUVIOSO;RURAL;CURVA;INCLINADA;AFIRMADO;NULL;NULL;NULL;NULL;EN PROCESO DE INVESTIGACIÓN;NO CUENTA CON CAUSA ESPECIFICA;PE-08B;13/3/2023;-77.522174
A-2023-03-159;00:00.0;ATROPELLO FUGA;1;0;NULL;LIMA;LIMA;LIMA;URBANA;JIRÓN;URBANO;NO CORRESPONDE;-12.049457;DESPEJADO;RESIDENCIAL;TRAMO RECTO;PLANA ;ASFALTADA;NULL;NULL;NULL;NULL;IMPRUDENCIA DEL PEATÓN;OTRO (IMPRUDENCIA DEL PEATÓN);Jirón Huánuco;13/3/2023;-77.019568
A-2023-03-18;00:00.0;CHOQUE;2;1;2;PUNO;PUNO;PUNO;RURAL;CARRETERA;NACIONAL;PE-3S;-15.876976;DESPEJADO;RURAL;TRAMO RECTO;PLANA ;ASFALTADA;NULL;NULL;NULL;NULL;INFRAESTRUCTURA Y ENTORNO VIAL;OTRO (INFRAESTRUCTURA Y ENTORNO VIAL);Carretera Longitudinal de la Sierra Sur;13/3/2023;-69.926815
A-2023-03-143;15:00.0;CHOQUE;1;0;NULL;LIMA;LIMA;SAN BORJA;URBANA;CARRETERA;NACIONAL;PE-1S;-12.104867;NUBLADO;RESIDENCIAL;TRAMO RECTO;PLANA ;ASFALTADA;NULL;NULL;NULL;NULL;IMPRUDENCIA DEL CONDUCTOR;OTRO (IMPRUDENCIA DEL CONDUCTOR);Carretera Panamericana Sur;15/3/2023;-76.979099
A-2023-03-23;30:00.0;CHOQUE;1;0;2;LA LIBERTAD;TRUJILLO;TRUJILLO;URBANA;CARRETERA;NACIONAL;PE-10A;-8.122764;DESPEJADO;RURAL;INTERSECCIÓN;PLANA ;ASFALTADA;NULL;NULL;NULL;NULL;IMPRUDENCIA DEL CONDUCTOR;ADELANTAR INDEBIDAMENTE;Carretera Industrial;15/3/2023;-79.00702
A-2023-03-56;10:00.0;CHOQUE;1;1;2;CUSCO;ANTA;LIMATAMBO;RURAL;CARRETERA;NACIONAL;PE-3S;-13.46172;DESPEJADO;RURAL;TRAMO RECTO;INCLINADA;ASFALTADA;SI;PREVENTIVA (P);NULL;SI;IMPRUDENCIA DEL CONDUCTOR;FATIGA Y/O CANSANCIO;Carretera Longitudinal de la Sierra Sur;15/3/2023;-72.42498
A-2023-03-126;00:00.0;ATROPELLO;1;2;NULL;CALLAO;CALLAO;VENTANILLA;URBANA;AVENIDA;URBANO;NO CORRESPONDE;-11.828212;NULL;NULL;NULL;NULL;NULL;NULL;NULL;NULL;NULL;EN PROCESO DE INVESTIGACIÓN;NO CUENTA CON CAUSA ESPECIFICA;Calle 23;15/3/2023;-77.124006
A-2023-03-27;30:00.0;CHOQUE;2;2;2;LA LIBERTAD;VIRU;GUADALUPITO;RURAL;CARRETERA;NACIONAL;PE-1N;-8.703279;DESPEJADO;RURAL;TRAMO RECTO;PLANA ;ASFALTADA;NULL;NULL;NULL;NULL;IMPRUDENCIA DEL CONDUCTOR;ADELANTAR INDEBIDAMENTE;Panamericana Norte;16/3/2023;-78.639559
A-2023-03-89;20:00.0;DESPISTE;1;1;1;AMAZONAS;LUYA;TINGO;URBANA;JIRÓN;URBANO;NO CORRESPONDE;-6.372585;SOLEADO;RURAL;CURVA;INCLINADA;AFIRMADO;NULL;NULL;NULL;NULL;EN PROCESO DE INVESTIGACIÓN;NO CUENTA CON CAUSA ESPECIFICA;Vía de Acceso Norte a Nuevo Tingo;16/3/2023;-77.91969
A-2023-03-60;30:00.0;DESPISTE;2;0;1;CUSCO;PAUCARTAMBO;CAICAY;RURAL;CARRETERA;DEPARTAMENTAL;CU-113;-13.557643;DESPEJADO;RURAL;TRAMO RECTO;PLANA ;ASFALTADA;NULL;NULL;NULL;NULL;EN PROCESO DE INVESTIGACIÓN;NO CUENTA CON CAUSA ESPECIFICA;CU-113;16/3/2023;-71.708535
A-2023-03-130;30:00.0;ATROPELLO;1;0;NULL;JUNIN;JAUJA;ACOLLA;URBANA;CARRETERA;NACIONAL;PE-3SA;-11.73416;DESPEJADO;RURAL;TRAMO RECTO;PLANA ;ASFALTADA;NO;NULL;NULL;SI;EN PROCESO DE INVESTIGACIÓN;NO CUENTA CON CAUSA ESPECIFICA;Carretera Central Sur;16/3/2023;-75.543503
A-2023-03-26;05:00.0;DESPISTE;1;1;1;HUANUCO;LEONCIO PRADO;PUEBLO NUEVO;RURAL;CARRETERA;SIN CLASIFICAR;SIN CLASIFICAR;-9.141821;DESPEJADO;RURAL;CURVA;INCLINADA;AFIRMADO;NULL;NULL;NULL;NULL;IMPERICIA DEL CONDUCTOR;NULL;Saipai;16/3/2023;-75.991229
A-2023-03-24;00:00.0;CHOQUE;1;1;2;PUNO;PUNO;ACORA;RURAL;CARRETERA;PROVINCIAL;PU-1140;-15.994219;DESPEJADO;RURAL;TRAMO RECTO;PLANA ;TROCHA;NULL;NULL;NULL;NULL;IMPRUDENCIA DEL CONDUCTOR;OTRO (IMPRUDENCIA DEL CONDUCTOR);Caritamaya;16/3/2023;-69.762006
A-2023-03-31;30:00.0;CHOQUE FUGA;1;2;1;LA LIBERTAD;TRUJILLO;LAREDO;RURAL;CARRETERA;NACIONAL;PE-10A;-8.096748;DESPEJADO;COMERCIAL;TRAMO RECTO;PLANA ;ASFALTADA;NULL;NULL;NULL;NULL;EN PROCESO DE INVESTIGACIÓN;NO CUENTA CON CAUSA ESPECIFICA;Carretera Industrial;16/3/2023;-78.933935
A-2023-03-144;30:00.0;VOLCADURA;1;0;NULL;LIMA;LIMA;SAN JUAN DE LURIGANCHO;URBANA;AVENIDA;URBANO;NO CORRESPONDE;-12.029989;DESPEJADO;COMERCIAL;TRAMO RECTO;PLANA ;ASFALTADA;NULL;NULL;NULL;NULL;IMPRUDENCIA DEL CONDUCTOR;EXCESO DE VELOCIDAD;Túnel Santa Rosa;16/3/2023;-77.020385
A-2023-03-33;30:00.0;CHOQUE;1;0;2;LA LIBERTAD;VIRU;VIRU;RURAL;CARRETERA;NACIONAL;PE-1N;-8.453523;DESPEJADO;RURAL;TRAMO RECTO;PLANA ;ASFALTADA;NULL;NULL;NULL;NULL;EN PROCESO DE INVESTIGACIÓN;NO CUENTA CON CAUSA ESPECIFICA;Carretera Panamericana Norte;17/3/2023;-78.730715
A-2023-03-90;00:00.0;DESPISTE;1;1;1;ANCASH;SANTA;SAMANCO;RURAL;CARRETERA;NACIONAL;PE-1N;-9.309308;DESPEJADO;RURAL;TRAMO RECTO;INCLINADA;ASFALTADA;NULL;NULL;NULL;NULL;INFRAESTRUCTURA Y ENTORNO VIAL;ABANDONO DE OBJETOS EN LA VÍA;Panamericana Norte;17/3/2023;-78.404054
A-2023-03-112;50:00.0;CHOQUE;1;0;1;CALLAO;CALLAO;CALLAO;URBANA;CARRETERA;NACIONAL;PE-20;-12.03567;DESPEJADO;INDUSTRIAL;TRAMO RECTO;PLANA ;ASFALTADA;SI;REGULADORA (R);NULL;SI;IMPRUDENCIA DEL CONDUCTOR;OTRO (IMPRUDENCIA DEL CONDUCTOR);Avenida Coronel Nestor Gambetta;17/3/2023;-77.127532
A-2023-03-58;30:00.0;DESPISTE;2;11;1;CUSCO;ESPINAR;COPORAQUE;RURAL;CARRETERA;NACIONAL;PE-3SG;-14.594712;NUBLADO;RURAL;CURVA;INCLINADA;ASFALTADA;NULL;NULL;NULL;NULL;EN PROCESO DE INVESTIGACIÓN;NO CUENTA CON CAUSA ESPECIFICA;PE-3SG;17/3/2023;-71.692374
A-2023-03-145;20:00.0;CHOQUE;1;1;NULL;LIMA;LIMA;COMAS;URBANA;AVENIDA;URBANO;NO CORRESPONDE;-11.913066;DESPEJADO;RESIDENCIAL;TRAMO RECTO;PLANA ;ASFALTADA;NULL;NULL;NULL;NULL;EN PROCESO DE INVESTIGACIÓN;NO CUENTA CON CAUSA ESPECIFICA;Avenida Revolución;17/3/2023;-77.003002
A-2023-03-54;50:00.0;ATROPELLO FUGA;1;0;NULL;CUSCO;ESPINAR;ESPINAR;RURAL;CARRETERA;SIN CLASIFICAR;SIN CLASIFICAR;-14.802264;DESPEJADO;RURAL;TRAMO RECTO;PLANA ;AFIRMADO;NULL;NULL;NULL;NULL;EN PROCESO DE INVESTIGACIÓN;NO CUENTA CON CAUSA ESPECIFICA;PE-3SW;18/3/2023;-71.441539
A-2023-03-55;00:00.0;VOLCADURA;1;0;1;CUSCO;QUISPICANCHI;OCONGATE;RURAL;CARRETERA;DEPARTAMENTAL;CU-116;-13.62378;DESPEJADO;RURAL;CURVA;PLANA ;ASFALTADA;SI;PREVENTIVA (P);NULL;SI;IMPRUDENCIA DEL CONDUCTOR;EXCESO DE VELOCIDAD;CU-116;18/3/2023;-71.39203
A-2023-03-176;30:00.0;ATROPELLO;1;0;NULL;JUNIN;TARMA;HUASAHUASI;RURAL;CARRETERA;PROVINCIAL;JU-567;-11.272255;NULL;NULL;NULL;NULL;NULL;NULL;NULL;NULL;NULL;EN PROCESO DE INVESTIGACIÓN;NO CUENTA CON CAUSA ESPECIFICA;Huasahuasi;18/3/2023;-75.659677
A-2023-03-164;40:00.0;ATROPELLO;1;0;1;AYACUCHO;HUAMANGA;AYACUCHO;URBANA;CALLE;URBANO;NO CORRESPONDE;-13.157552;DESPEJADO;RESIDENCIAL;TRAMO RECTO;INCLINADA;ASFALTADA;NULL;NULL;NULL;NULL;IMPRUDENCIA DEL CONDUCTOR;GIRAR IMPRUDENTEMENTE;Calle San Juan;18/3/2023;-74.236513
A-2023-03-40;50:00.0;DESPISTE;1;1;1;CUSCO;ACOMAYO;ACOPIA;RURAL;CARRETERA;PROVINCIAL;CU-1639;-14.047174;DESPEJADO;RURAL;CURVA;INCLINADA;TROCHA;NULL;NULL;NULL;NULL;EN PROCESO DE INVESTIGACIÓN;NO CUENTA CON CAUSA ESPECIFICA;Acopía;18/3/2023;-71.509228
A-2023-03-146;30:00.0;CHOQUE;1;1;NULL;LIMA;LIMA;SAN JUAN DE LURIGANCHO;URBANA;AVENIDA;URBANO;NO CORRESPONDE;-11.976445;DESPEJADO;COMERCIAL;TRAMO RECTO;PLANA ;ASFALTADA;NULL;NULL;NULL;NULL;IMPRUDENCIA DEL CONDUCTOR;VEHÍCULO MAL ESTACIONADO;Avenida Fernando Wiesse;18/3/2023;-77.002076
A-2023-03-174;50:00.0;CHOQUE;1;2;2;LIMA;BARRANCA;SUPE;RURAL;CARRETERA;DEPARTAMENTAL;LM-100;-10.816028;DESPEJADO;RURAL;TRAMO RECTO;PLANA ;ASFALTADA;NULL;NULL;NULL;NULL;IMPRUDENCIA DEL CONDUCTOR;OTRO (IMPRUDENCIA DEL CONDUCTOR);Antigua Vía de la Panamericana Norte;18/3/2023;-77.704268
A-2023-03-175;00:00.0;ATROPELLO;1;0;NULL;JUNIN;SATIPO;PANGOA;URBANA;CARRETERA;NACIONAL;PE-28C;-11.341347;NULL;NULL;NULL;NULL;NULL;NULL;NULL;NULL;NULL;EN PROCESO DE INVESTIGACIÓN;NO CUENTA CON CAUSA ESPECIFICA;PE-28C;18/3/2023;-74.526484
A-2023-03-177;40:00.0;CHOQUE;1;1;NULL;PASCO;OXAPAMPA;CHONTABAMBA;URBANA;CARRETERA;PROVINCIAL;PA-630;-10.576077;NULL;NULL;NULL;NULL;NULL;NULL;NULL;NULL;NULL;EN PROCESO DE INVESTIGACIÓN;NO CUENTA CON CAUSA ESPECIFICA;Avenida Alberto Müller (San Jose);19/3/2023;-75.409834
A-2023-03-147;55:00.0;ATROPELLO FUGA;1;0;NULL;LIMA;LIMA;PUENTE PIEDRA;URBANA;CARRETERA;NACIONAL;PE-1N;-11.872306;DESPEJADO;COMERCIAL;TRAMO RECTO;PLANA ;ASFALTADA;NULL;NULL;NULL;NULL;EN PROCESO DE INVESTIGACIÓN;NO CUENTA CON CAUSA ESPECIFICA;Carretera Panamericana Norte;19/3/2023;-77.069443
A-2023-03-150;25:00.0;DESPISTE;1;0;NULL;LIMA;LIMA;PUENTE PIEDRA;URBANA;CARRETERA;NACIONAL;PE-1N;-11.894874;DESPEJADO;COMERCIAL;TRAMO RECTO;PLANA ;ASFALTADA;NULL;NULL;NULL;NULL;IMPRUDENCIA DEL CONDUCTOR;OTRO (IMPRUDENCIA DEL CONDUCTOR);Avenida Panamericana Norte;19/3/2023;-77.068026
A-2023-03-148;50:00.0;ATROPELLO;1;0;NULL;LIMA;LIMA;VILLA EL SALVADOR;URBANA;AVENIDA;URBANO;NO CORRESPONDE;-12.232153;DESPEJADO;RESIDENCIAL;TRAMO RECTO;PLANA ;ASFALTADA;NULL;NULL;NULL;NULL;IMPRUDENCIA DEL PEATÓN;ESTADO DE EBRIEDAD Y/O DROGADICCIÓN;Avenida Revolución;19/3/2023;-76.925505
A-2023-03-149;15:00.0;CHOQUE;1;0;NULL;LIMA;LIMA;SAN BORJA;URBANA;AVENIDA;URBANO;NO CORRESPONDE;-12.103769;DESPEJADO;COMERCIAL;TRAMO RECTO;PLANA ;ASFALTADA;NULL;NULL;NULL;NULL;NEGLIGENCIA DEL CONDUCTOR;OTRO (NEGLIGENCIA DEL CONDUCTOR);Avenida Aviación;19/3/2023;-77.001345
A-2023-03-104;50:00.0;DESPISTE;1;0;NULL;APURIMAC;ABANCAY;ABANCAY;RURAL;CARRETERA;NACIONAL;PE-3S;-13.648405;NULL;NULL;NULL;NULL;NULL;NULL;NULL;NULL;NULL;EN PROCESO DE INVESTIGACIÓN;NO CUENTA CON CAUSA ESPECIFICA;Carretera Longitudinal de la Sierra Sur;19/3/2023;-72.911601