CÓDIGO SINIESTRO;HORA SINIESTRO;CLASE SINIESTRO;CANTIDAD DE FALLECIDOS;CANTIDAD DE LESIONADOS;CANTIDAD DE VEHICULOS DAÑADOS;DEPARTAMENTO;PROVINCIA;DISTRITO;ZONA;TIPO DE VÍA;RED VIAL;COD CARRETERA;COORDENADAS LATITUD;CONDICIÓN CLIMÁTICA;ZONIFICACIÓN;CARACTERÍSTICAS DE VÍA;PERFIL LONGITUDINAL VÍA;SUPERFICIE DE CALZADA;¿EXISTE SEÑAL VERTICAL?;CLASIFICACIÓN DE LA SEÑAL VERTICAL Nº 1;CLASIFICACIÓN DE LA SEÑAL VERTICAL Nº 2;¿EXISTE SEÑAL HORIZONTAL?;CAUSA FACTOR PRINCIPAL;CAUSA ESPECÍFICA;UBICACION;FECHA SINIESTRO;COORDENADAS LONGITUD
A-2023-03-34;00:00.0;CHOQUE FUGA;1;0;1;LA LIBERTAD;PACASMAYO;GUADALUPE;RURAL;CARRETERA;NACIONAL;PE-08;-7.301501;DESPEJADO;RURAL;TRAMO RECTO;PLANA ;ASFALTADA;NULL;NULL;NULL;NULL;IMPRUDENCIA DEL CONDUCTOR;EXCESO DE VELOCIDAD;Carretera Ciudad de Dios - Cajamarca;19/3/2023;-79.409204
A-2023-03-85;00:00.0;CHOQUE;1;0;2;ICA;PISCO;TUPAC AMARU INCA;URBANA;CARRETERA;NACIONAL;PE-1S;-13.710449;VENTARRÓN;RURAL;TRAMO RECTO;PLANA ;ASFALTADA;NULL;NULL;NULL;NULL;EN PROCESO DE INVESTIGACIÓN;NO CUENTA CON CAUSA ESPECIFICA;Antigua Carretera Panamericana Sur;19/3/2023;-76.152632
A-2023-03-39;30:00.0;DESPISTE;1;1;1;AREQUIPA;AREQUIPA;LA JOYA;RURAL;CARRETERA;DEPARTAMENTAL;AR-115;-16.532818;DESPEJADO;RURAL;TRAMO RECTO;PLANA ;ASFALTADA;NO;NULL;NULL;SI;EN PROCESO DE INVESTIGACIÓN;NO CUENTA CON CAUSA ESPECIFICA;Carretera Cerro Verde;19/3/2023;-71.737054
A-2023-03-61;15:00.0;CHOQUE;5;0;2;CUSCO;ESPINAR;OCORURO;RURAL;CARRETERA;NACIONAL;PE-34J;-15.080543;DESPEJADO;RURAL;TRAMO RECTO;PLANA ;ASFALTADA;NULL;NULL;NULL;NULL;EN PROCESO DE INVESTIGACIÓN;NO CUENTA CON CAUSA ESPECIFICA;Carretera Alto Marquiri - Occoruro;20/3/2023;-71.118673
A-2023-03-42;15:00.0;DESPISTE;1;1;1;CUSCO;LA CONVENCION;HUAYOPATA;RURAL;CARRETERA;NACIONAL;PE-28B;-13.081439;DESPEJADO;RURAL;CURVA;INCLINADA;ASFALTADA;SI;PREVENTIVA (P);NULL;SI;IMPRUDENCIA DEL CONDUCTOR;EXCESO DE VELOCIDAD;PE-28B;20/3/2023;-72.372732
A-2023-03-32;00:00.0;CHOQUE;6;2;2;MOQUEGUA;MARISCAL NIETO;CARUMAS;RURAL;CARRETERA;NACIONAL;PE-36A;-16.867802;GRANIZADO;RURAL;TRAMO RECTO;PLANA ;ASFALTADA;NULL;NULL;NULL;NULL;IMPRUDENCIA DEL CONDUCTOR;INVASIÓN DE CARRIL;Carretera Binacional;20/3/2023;-70.174824
A-2023-03-151;45:00.0;CHOQUE;1;1;NULL;LIMA;LIMA;COMAS;URBANA;AVENIDA;URBANO;NO CORRESPONDE;-11.920433;DESPEJADO;COMERCIAL;TRAMO RECTO;PLANA ;ASFALTADA;NULL;NULL;NULL;NULL;EN PROCESO DE INVESTIGACIÓN;NO CUENTA CON CAUSA ESPECIFICA;Avenida Túpac Amaru;20/3/2023;-77.041833
A-2023-03-72;50:00.0;CHOQUE;1;1;1;LAMBAYEQUE;LAMBAYEQUE;MOCHUMI;RURAL;CARRETERA;NACIONAL;PE-1NJ;-6.540112;DESPEJADO;RURAL;TRAMO RECTO;PLANA ;ASFALTADA;NULL;NULL;NULL;NULL;EN PROCESO DE INVESTIGACIÓN;NO CUENTA CON CAUSA ESPECIFICA;Carretera Lambayegue - Olmos;20/3/2023;-79.865432
A-2023-03-68;00:00.0;CHOQUE;1;0;2;TUMBES;TUMBES;CORRALES;RURAL;CARRETERA;NACIONAL;PE-1N;-3.618905;SOLEADO;RURAL;CURVA;PLANA ;ASFALTADA;NULL;NULL;NULL;NULL;IMPRUDENCIA DEL CONDUCTOR;INVASIÓN DE CARRIL;Carretera Panamericana Norte;20/3/2023;-80.523048
A-2023-03-152;30:00.0;CHOQUE;1;0;NULL;LIMA;LIMA;JESUS MARIA;URBANA;AVENIDA;URBANO;NO CORRESPONDE;-12.073804;DESPEJADO;RESIDENCIAL;TRAMO RECTO;PLANA ;ASFALTADA;NULL;NULL;NULL;NULL;EN PROCESO DE INVESTIGACIÓN;NO CUENTA CON CAUSA ESPECIFICA;Avenida 6 de Agosto;21/3/2023;-77.046444
A-2023-03-102;00:00.0;VOLCADURA;2;0;NULL;APURIMAC;GRAU;TURPAY;RURAL;CARRETERA;PROVINCIAL;AP-872;-14.221512;NULL;NULL;NULL;NULL;NULL;NULL;NULL;NULL;NULL;EN PROCESO DE INVESTIGACIÓN;NO CUENTA CON CAUSA ESPECIFICA;AP-872;22/3/2023;-72.626962
A-2023-03-110;40:00.0;DESPISTE;1;2;1;HUANUCO;LEONCIO PRADO;RUPA-RUPA;RURAL;CARRETERA;NACIONAL;PE-18A;-9.318746;DESPEJADO;RURAL;CURVA;PLANA ;ASFALTADA;NULL;NULL;NULL;NULL;IMPRUDENCIA DEL CONDUCTOR;CONDUCIR EN ESTADO DE EBRIEDAD Y/O DROGADICCIÓN;Carretera Central;22/3/2023;-75.993993
A-2023-03-37;50:00.0;DESPISTE;6;11;1;ANCASH;POMABAMBA;PAROBAMBA;RURAL;CARRETERA;PROVINCIAL;AN-585;-8.706023;DESPEJADO;RURAL;CURVA;INCLINADA;AFIRMADO;NULL;NULL;NULL;NULL;EN PROCESO DE INVESTIGACIÓN;NO CUENTA CON CAUSA ESPECIFICA;AN-585;22/3/2023;-77.447528
A-2023-03-153;40:00.0;CHOQUE;1;6;NULL;LIMA;LIMA;ATE;URBANA;CARRETERA;NACIONAL;PE-22;-12.000783;DESPEJADO;COMERCIAL;TRAMO RECTO;PLANA ;ASFALTADA;NULL;NULL;NULL;NULL;NEGLIGENCIA DEL CONDUCTOR;OTRO (NEGLIGENCIA DEL CONDUCTOR);Carretera Central;22/3/2023;-76.839708
A-2023-03-50;30:00.0;DESPISTE;1;2;1;CUSCO;PAUCARTAMBO;PAUCARTAMBO;RURAL;CARRETERA;PROVINCIAL;CU-1022;-13.389727;DESPEJADO;RURAL;CURVA;INCLINADA;TROCHA;NULL;NULL;NULL;NULL;EN PROCESO DE INVESTIGACIÓN;NO CUENTA CON CAUSA ESPECIFICA;K'allacancha;22/3/2023;-71.48798
A-2023-03-95;30:00.0;CHOQUE;1;0;2;PUNO;HUANCANE;TARACO;RURAL;CARRETERA;NACIONAL;PE-34H;-15.297443;DESPEJADO;RURAL;TRAMO RECTO;PLANA ;ASFALTADA;NULL;NULL;NULL;NULL;NEGLIGENCIA DEL CONDUCTOR;OTRO (NEGLIGENCIA DEL CONDUCTOR);PE-34H;23/3/2023;-69.971059
A-2023-03-36;30:00.0;DESPISTE;1;1;1;LA LIBERTAD;TRUJILLO;MOCHE;URBANA;CARRETERA;NACIONAL;PE-1N;-8.167843;DESPEJADO;RURAL;TRAMO RECTO;PLANA ;ASFALTADA;NULL;NULL;NULL;NULL;EN PROCESO DE INVESTIGACIÓN;NO CUENTA CON CAUSA ESPECIFICA;LI-1103;23/3/2023;-79.006277
A-2023-03-35;30:00.0;ATROPELLO;1;0;1;LA LIBERTAD;SANCHEZ CARRION;HUAMACHUCO;URBANA;CALLE;URBANO;NO CORRESPONDE;-7.809605;DESPEJADO;COMERCIAL;TRAMO RECTO;PLANA ;ASFALTADA;NULL;NULL;NULL;NULL;IMPRUDENCIA DEL CONDUCTOR;OTRO (IMPRUDENCIA DEL CONDUCTOR);Huamachuco;23/3/2023;-78.029264
A-2023-03-45;50:00.0;ATROPELLO;1;0;NULL;PUNO;PUNO;PUNO;URBANA;CARRETERA;NACIONAL;PE-36B;-15.856885;DESPEJADO;ESCOLAR;TRAMO RECTO;PLANA ;ASFALTADA;NULL;NULL;NULL;NULL;IMPRUDENCIA DEL PEATÓN;OTRO (IMPRUDENCIA DEL PEATÓN);Jirón Leoncio Prado;23/3/2023;-70.017301
A-2023-03-66;50:00.0;ATROPELLO;1;0;1;CUSCO;CUSCO;SAN JERONIMO;URBANA;AVENIDA;URBANO;NO CORRESPONDE;-13.546388;DESPEJADO;RESIDENCIAL;TRAMO RECTO;PLANA ;ASFALTADA;SI;INFORMATIVA (I);NULL;NO;IMPRUDENCIA DEL PEATÓN;CRUCE INDEBIDO POR LA CALZADA;Avenida de la Cultura;24/3/2023;-71.889881
A-2023-03-170;15:00.0;CHOQUE;1;1;2;CAJAMARCA;JAEN;JAEN;URBANA;CARRETERA;NACIONAL;PE-5N;-5.732284;DESPEJADO;COMERCIAL;INTERSECCIÓN;INCLINADA;ASFALTADA;NULL;NULL;NULL;NULL;IMPRUDENCIA DEL CONDUCTOR;EXCESO DE VELOCIDAD;Fila Alta;24/3/2023;-78.794201
A-2023-03-154;45:00.0;CHOQUE FUGA;1;0;NULL;LIMA;LIMA;CHACLACAYO;URBANA;CARRETERA;NACIONAL;PE-22;-11.987369;DESPEJADO;RESIDENCIAL;TRAMO RECTO;PLANA ;ASFALTADA;NULL;NULL;NULL;NULL;IMPRUDENCIA DEL CONDUCTOR;EXCESO DE VELOCIDAD;Carretera Central;25/3/2023;-76.813531
A-2023-03-168;30:00.0;CHOQUE;1;0;2;CAJAMARCA;CAJAMARCA;CAJAMARCA;URBANA;CARRETERA;NACIONAL;PE-3N;-7.159407;DESPEJADO;COMERCIAL;TRAMO RECTO;PLANA ;CONCRETO;SI;REGULADORA (R);NULL;SI;IMPRUDENCIA DEL CONDUCTOR;EXCESO DE VELOCIDAD;Jirón El Inca;25/3/2023;-78.506062
A-2023-03-105;20:00.0;VOLCADURA;1;0;NULL;APURIMAC;AYMARAES;COTARUSE;RURAL;CARRETERA;DEPARTAMENTAL;AP-111;-14.610307;NULL;NULL;NULL;NULL;NULL;NULL;NULL;NULL;NULL;EN PROCESO DE INVESTIGACIÓN;NO CUENTA CON CAUSA ESPECIFICA;AP-111;25/3/2023;-73.285176
A-2023-03-155;40:00.0;ATROPELLO;1;0;NULL;LIMA;LIMA;LIMA;URBANA;AVENIDA;URBANO;NO CORRESPONDE;-12.035537;DESPEJADO;RESIDENCIAL;INTERSECCIÓN;PLANA ;ASFALTADA;NULL;NULL;NULL;NULL;IMPRUDENCIA DEL PEATÓN;OTRO (IMPRUDENCIA DEL PEATÓN);Avenida Morales Duarez;25/3/2023;-77.065346
A-2023-03-97;30:00.0;CHOQUE;1;0;2;PUNO;CARABAYA;CRUCERO;RURAL;CARRETERA;NACIONAL;PE-34K;-14.358028;DESPEJADO;RURAL;TRAMO RECTO;PLANA ;ASFALTADA;NULL;NULL;NULL;NULL;IMPRUDENCIA DEL CONDUCTOR;CONDUCIR EN ESTADO DE EBRIEDAD Y/O DROGADICCIÓN;PE-34K;25/3/2023;-70.043179
A-2023-03-178;10:00.0;DESPISTE;1;1;NULL;JUNIN;SATIPO;PANGOA;RURAL;CARRETERA;NACIONAL;PE-28C;-11.347177;NULL;NULL;NULL;NULL;NULL;NULL;NULL;NULL;NULL;EN PROCESO DE INVESTIGACIÓN;NO CUENTA CON CAUSA ESPECIFICA;PE-28C;25/3/2023;-74.522591
A-2023-03-111;30:00.0;CHOQUE;1;1;2;PIURA;PIURA;VEINTISEIS DE OCTUBRE;URBANA;CARRETERA;SIN CLASIFICAR;SIN CLASIFICAR;-5.199162;DESPEJADO;RURAL;TRAMO RECTO;PLANA ;ASFALTADA;NULL;NULL;NULL;NULL;EN PROCESO DE INVESTIGACIÓN;NO CUENTA CON CAUSA ESPECIFICA;Carretera Panamericana Norte;25/3/2023;-80.686734
A-2023-03-86;50:00.0;DESPISTE;1;0;1;ICA;ICA;ICA;URBANA;CARRETERA;DEPARTAMENTAL;IC-105;-14.074121;DESPEJADO;RURAL;TRAMO RECTO;PLANA ;AFIRMADO;NULL;NULL;NULL;NULL;EN PROCESO DE INVESTIGACIÓN;NO CUENTA CON CAUSA ESPECIFICA;Avenida Principal Comatrana;25/3/2023;-75.788049
A-2023-03-169;00:00.0;DESPISTE;1;2;3;CAJAMARCA;CHOTA;CHOTA;URBANA;CARRETERA;NACIONAL;PE-3N;-6.569412;DESPEJADO;COMERCIAL;SINUOSA;INCLINADA;ASFALTADA;NO;NULL;NULL;SI;IMPRUDENCIA DEL CONDUCTOR;CONDUCIR EN ESTADO DE EBRIEDAD Y/O DROGADICCIÓN;Carretera Longitudinal de la Sierra Norte;25/3/2023;-78.642637
A-2023-03-44;00:00.0;ATROPELLO;1;0;1;AREQUIPA;AREQUIPA;CERRO COLORADO;URBANA;CARRETERA;DEPARTAMENTAL;AR-123;-16.360689;DESPEJADO;RESIDENCIAL;TRAMO RECTO;PLANA ;ASFALTADA;NULL;NULL;NULL;NULL;EN PROCESO DE INVESTIGACIÓN;NO CUENTA CON CAUSA ESPECIFICA;Autopista La Joya - Arequipa;25/3/2023;-71.619531
A-2023-03-75;15:00.0;CHOQUE FUGA;1;1;2;LAMBAYEQUE;LAMBAYEQUE;MOTUPE;RURAL;CARRETERA;NACIONAL;PE-1NJ;-6.152943;DESPEJADO;RURAL;TRAMO RECTO;PLANA ;ASFALTADA;NULL;NULL;NULL;NULL;EN PROCESO DE INVESTIGACIÓN;NO CUENTA CON CAUSA ESPECIFICA;Carretera Lambayegue - Olmos;25/3/2023;-79.708952
A-2023-03-74;30:00.0;CHOQUE;1;3;2;LAMBAYEQUE;LAMBAYEQUE;MOCHUMI;RURAL;CARRETERA;NACIONAL;PE-1NJ;-6.572474;DESPEJADO;RURAL;TRAMO RECTO;PLANA ;ASFALTADA;NULL;NULL;NULL;NULL;EN PROCESO DE INVESTIGACIÓN;NO CUENTA CON CAUSA ESPECIFICA;Carretera Lambayeque - Olmos;25/3/2023;-79.872936
A-2023-03-73;30:00.0;DESPISTE;1;0;1;LAMBAYEQUE;CHICLAYO;CHONGOYAPE;RURAL;CARRETERA;NACIONAL;PE-06A;-6.630657;LLUVIOSO;RURAL;TRAMO RECTO;PLANA ;ASFALTADA;NULL;NULL;NULL;NULL;EN PROCESO DE INVESTIGACIÓN;NO CUENTA CON CAUSA ESPECIFICA;Badén Juana Ríos;25/3/2023;-79.40319
A-2023-03-76;05:00.0;ATROPELLO FUGA;1;0;1;LAMBAYEQUE;CHICLAYO;LAGUNAS;RURAL;CARRETERA;NACIONAL;PE-1N;-6.993471;DESPEJADO;RURAL;TRAMO RECTO;PLANA ;ASFALTADA;NULL;NULL;NULL;NULL;EN PROCESO DE INVESTIGACIÓN;NO CUENTA CON CAUSA ESPECIFICA;Carretera Panamericana Norte;26/3/2023;-79.619275
A-2023-03-160;00:00.0;ATROPELLO FUGA;1;0;NULL;JUNIN;HUANCAYO;PILCOMAYO;URBANA;CARRETERA;NACIONAL;PE-3SB;-12.043244;DESPEJADO;RURAL;TRAMO RECTO;PLANA ;ASFALTADA;NULL;NULL;NULL;NULL;EN PROCESO DE INVESTIGACIÓN;NO CUENTA CON CAUSA ESPECIFICA;Carretera Central Margen Derecha;26/3/2023;-75.253751
A-2023-03-43;00:00.0;CHOQUE;1;0;3;LA LIBERTAD;VIRU;GUADALUPITO;RURAL;CARRETERA;NACIONAL;PE-1N;-8.823747;DESPEJADO;RURAL;TRAMO RECTO;PLANA ;ASFALTADA;NULL;NULL;NULL;NULL;IMPRUDENCIA DEL CONDUCTOR;CONDUCIR EN ESTADO DE EBRIEDAD Y/O DROGADICCIÓN;Panamericana Norte;26/3/2023;-78.656478
A-2023-03-166;20:00.0;ATROPELLO FUGA;1;0;0;AYACUCHO;HUAMANGA;AYACUCHO;URBANA;CARRETERA;NACIONAL;PE-28A;-13.15625;DESPEJADO;RESIDENCIAL;TRAMO RECTO;PLANA ;ASFALTADA;SI;REGULADORA (R);PREVENTIVA (P);NO;IMPRUDENCIA DEL PEATÓN;ESTADO DE EBRIEDAD Y/O DROGADICCIÓN;Vía de los Libertadores;26/3/2023;-74.23552
A-2023-03-78;00:00.0;ATROPELLO;1;0;1;LAMBAYEQUE;FERREÑAFE;INCAHUASI;RURAL;CARRETERA;DEPARTAMENTAL;LA-103;-6.295981;DESPEJADO;RURAL;TRAMO RECTO;PLANA ;ASFALTADA;NULL;NULL;NULL;NULL;EN PROCESO DE INVESTIGACIÓN;NO CUENTA CON CAUSA ESPECIFICA;LA-103;26/3/2023;-79.436105
A-2023-03-46;10:00.0;ATROPELLO;1;0;1;ANCASH;CARHUAZ;MARCARA;URBANA;CARRETERA;PROVINCIAL;AN-770;-9.328548;DESPEJADO;RURAL;TRAMO RECTO;PLANA ;AFIRMADO;NULL;NULL;NULL;NULL;EN PROCESO DE INVESTIGACIÓN;NO CUENTA CON CAUSA ESPECIFICA;AN-770;26/3/2023;-77.553482
A-2023-03-62;00:00.0;DESPISTE;1;0;1;LA LIBERTAD;TRUJILLO;SIMBAL;RURAL;CARRETERA;DEPARTAMENTAL;LI-105;-7.951816;DESPEJADO;RURAL;TRAMO RECTO;PLANA ;TROCHA;NULL;NULL;NULL;NULL;EN PROCESO DE INVESTIGACIÓN;NO CUENTA CON CAUSA ESPECIFICA;LI-105;26/3/2023;-78.814501
A-2023-03-96;30:00.0;ATROPELLO FUGA;1;0;0;PUNO;CARABAYA;CRUCERO;RURAL;CARRETERA;NACIONAL;PE-34K;-14.31606;DESPEJADO;RURAL;TRAMO RECTO;PLANA ;ASFALTADA;NULL;NULL;NULL;NULL;EN PROCESO DE INVESTIGACIÓN;NO CUENTA CON CAUSA ESPECIFICA;PE-34K;26/3/2023;-70.170045
A-2023-03-87;50:00.0;DESPISTE;1;0;0;ICA;ICA;ICA;URBANA;AVENIDA;URBANO;NO CORRESPONDE;-14.0908;DESPEJADO;RESIDENCIAL;INTERSECCIÓN;PLANA ;ASFALTADA;NULL;NULL;NULL;NULL;EN PROCESO DE INVESTIGACIÓN;NO CUENTA CON CAUSA ESPECIFICA;Cachiche;26/3/2023;-75.743908
A-2023-03-47;30:00.0;CHOQUE CON OBJETO FIJO;1;0;NULL;PUNO;YUNGUYO;YUNGUYO;RURAL;CARRETERA;DEPARTAMENTAL;PU-130;-16.252994;DESPEJADO;RURAL;TRAMO RECTO;PLANA ;ASFALTADA;NULL;NULL;NULL;NULL;IMPRUDENCIA DEL CONDUCTOR;OTRO (IMPRUDENCIA DEL CONDUCTOR);Yunguyo;26/3/2023;-69.117688
A-2023-03-48;30:00.0;ATROPELLO;1;0;NULL;PUNO;PUNO;PICHACANI;RURAL;CARRETERA;NACIONAL;PE-36B;-16.055244;DESPEJADO;RURAL;TRAMO RECTO;PLANA ;ASFALTADA;NULL;NULL;NULL;NULL;IMPRUDENCIA DEL PEATÓN;CRUCE INDEBIDO POR LA CALZADA;PE-36B;26/3/2023;-70.008579
A-2023-03-98;15:00.0;CHOQUE;1;1;2;PUNO;SAN ROMAN;JULIACA;URBANA;AVENIDA;URBANO;NO CORRESPONDE;-15.515985;DESPEJADO;INDUSTRIAL;TRAMO RECTO;PLANA ;ASFALTADA;NULL;NULL;NULL;NULL;IMPRUDENCIA DEL CONDUCTOR;EXCESO DE VELOCIDAD;Autopista Mártires del 4 de Noviembre;26/3/2023;-70.123188
A-2023-03-77;45:00.0;ATROPELLO FUGA;1;0;1;LAMBAYEQUE;CHICLAYO;CHICLAYO;RURAL;AVENIDA;URBANO;NO CORRESPONDE;-6.764882;DESPEJADO;RURAL;TRAMO RECTO;PLANA ;ASFALTADA;NULL;NULL;NULL;NULL;EN PROCESO DE INVESTIGACIÓN;NO CUENTA CON CAUSA ESPECIFICA;Indoamérica;27/3/2023;-79.819554
A-2023-03-51;20:00.0;CHOQUE;6;3;2;AREQUIPA;CAYLLOMA;CALLALLI;RURAL;CARRETERA;NACIONAL;PE-34J;-15.507426;DESPEJADO;RURAL;TRAMO RECTO;PLANA ;ASFALTADA;NO;NULL;NULL;SI;EN PROCESO DE INVESTIGACIÓN;NO CUENTA CON CAUSA ESPECIFICA;Carretera Morocaque - Oscollo;27/3/2023;-71.061015
A-2023-03-109;47:00.0;ATROPELLO;1;0;1;PASCO;PASCO;CHAUPIMARCA;URBANA;AVENIDA;URBANO;NO CORRESPONDE;-10.687898;DESPEJADO;ESCOLAR;CURVA;PLANA ;ASFALTADA;NULL;NULL;NULL;NULL;NEGLIGENCIA DEL CONDUCTOR;OTRO (NEGLIGENCIA DEL CONDUCTOR);Cerro de Pasco;27/3/2023;-76.25103
A-2023-03-63;50:00.0;ATROPELLO;1;0;1;LA LIBERTAD;CHEPEN;CHEPEN;RURAL;CARRETERA;NACIONAL;PE-08;-7.307159;DESPEJADO;RURAL;TRAMO RECTO;PLANA ;ASFALTADA;NULL;NULL;NULL;NULL;IMPRUDENCIA DEL PEATÓN;ESTADO DE EBRIEDAD Y/O DROGADICCIÓN;Carretera Ciudad de Dios - Cajamarca;27/3/2023;-79.338423
A-2023-03-171;40:00.0;DESPISTE;1;0;1;CAJAMARCA;CELENDIN;UTCO;RURAL;CARRETERA;NACIONAL;PE-3N;-6.84887;DESPEJADO;COMERCIAL;SINUOSA;PLANA ;ASFALTADA;NO;NULL;NULL;SI;IMPRUDENCIA DEL CONDUCTOR;CONDUCIR EN ESTADO DE EBRIEDAD Y/O DROGADICCIÓN;PE-08B;28/3/2023;-78.115247
A-2023-03-64;00:00.0;CHOQUE CON OBJETO FIJO;1;1;1;PUNO;EL COLLAO;ILAVE;URBANA;CARRETERA;NACIONAL;PE-3S;-16.077552;DESPEJADO;RURAL;TRAMO RECTO;PLANA ;ASFALTADA;NULL;NULL;NULL;NULL;INFRAESTRUCTURA Y ENTORNO VIAL;OTRO (INFRAESTRUCTURA Y ENTORNO VIAL);Carretera Longitudinal de la Sierra Sur;28/3/2023;-69.65913
A-2023-03-157;10:00.0;CHOQUE;1;6;NULL;LIMA;LIMA;CARABAYLLO;RURAL;CARRETERA;NACIONAL;PE-20A;-11.789697;DESPEJADO;RURAL;TRAMO RECTO;PLANA ;ASFALTADA;SI;REGULADORA (R);NULL;NO;IMPRUDENCIA DEL CONDUCTOR;OTRO (IMPRUDENCIA DEL CONDUCTOR);Avenida Túpac Amaru;28/3/2023;-76.982849
A-2023-03-88;00:00.0;DESPISTE;1;2;1;HUANCAVELICA;TAYACAJA;ÑAHUIMPUQUIO;RURAL;CARRETERA;NACIONAL;PE-3SD;-12.304519;SOLEADO;RURAL;CURVA;PLANA ;ASFALTADA;SI;REGULADORA (R);PREVENTIVA (P);NO;EN PROCESO DE INVESTIGACIÓN;NO CUENTA CON CAUSA ESPECIFICA;PE-3SD;28/3/2023;-75.051337
A-2023-03-156;00:00.0;ATROPELLO;1;0;NULL;LIMA;LIMA;COMAS;URBANA;CARRETERA;NACIONAL;PE-1N;-11.927893;DESPEJADO;COMERCIAL;TRAMO RECTO;PLANA ;ASFALTADA;NULL;NULL;NULL;NULL;IMPRUDENCIA DEL PEATÓN;OTRO (IMPRUDENCIA DEL PEATÓN);Avenida Panamericana Norte;28/3/2023;-77.07262
A-2023-03-106;00:00.0;VOLCADURA;1;0;NULL;APURIMAC;COTABAMBAS;COYLLURQUI;RURAL;CARRETERA;DEPARTAMENTAL;AP-114;-13.808653;NULL;NULL;NULL;NULL;NULL;NULL;NULL;NULL;NULL;EN PROCESO DE INVESTIGACIÓN;NO CUENTA CON CAUSA ESPECIFICA;AP-114;29/3/2023;-72.426332
A-2023-03-161;05:00.0;ESPECIAL;1;0;1;JUNIN;HUANCAYO;SICAYA;RURAL;CARRETERA;NACIONAL;PE-3SB;-12.030928;SOLEADO;RURAL;TRAMO RECTO;PLANA ;ASFALTADA;NO;NULL;NULL;SI;INFRAESTRUCTURA Y ENTORNO VIAL;OTRO (INFRAESTRUCTURA Y ENTORNO VIAL);Carretera Central Margen Derecha;29/3/2023;-75.2654
A-2023-03-52;30:00.0;DESPISTE;1;2;1;AREQUIPA;AREQUIPA;CAYMA;URBANA;OTRO;URBANO;NO CORRESPONDE;-16.300206;DESPEJADO;RESIDENCIAL;CURVA;INCLINADA;TROCHA;NULL;NULL;NULL;NULL;EN PROCESO DE INVESTIGACIÓN;NO CUENTA CON CAUSA ESPECIFICA;Cayma;29/3/2023;-71.525933
A-2023-03-172;30:00.0;CHOQUE CON OBJETO FIJO;1;0;1;TACNA;TACNA;INCLAN;RURAL;CARRETERA;DEPARTAMENTAL;TA-102;-17.827387;DESPEJADO;RURAL;TRAMO RECTO;PLANA ;ASFALTADA;NULL;NULL;NULL;NULL;IMPRUDENCIA DEL CONDUCTOR;OTRO (IMPRUDENCIA DEL CONDUCTOR);TA-102;30/3/2023;-70.516449
A-2023-03-162;00:00.0;DESPISTE;1;1;NULL;JUNIN;JAUJA;ACOLLA;RURAL;CARRETERA;NACIONAL;PE-3SA;-11.671501;DESPEJADO;RURAL;CURVA;PLANA ;ASFALTADA;NO;NULL;NULL;SI;IMPRUDENCIA DEL CONDUCTOR;OTRO (IMPRUDENCIA DEL CONDUCTOR);Carretera Central Sur;31/3/2023;-75.573306
A-2023-03-125;00:00.0;DESPISTE;1;1;1;ICA;CHINCHA;GROCIO PRADO;RURAL;CARRETERA;NACIONAL;PE-1S;-13.352329;DESPEJADO;RURAL;TRAMO RECTO;PLANA ;ASFALTADA;NULL;NULL;NULL;NULL;EN PROCESO DE INVESTIGACIÓN;NO CUENTA CON CAUSA ESPECIFICA;Carretera Panamericana Sur;31/3/2023;-76.222308
A-2023-03-158;30:00.0;CHOQUE;1;0;NULL;LIMA;LIMA;SAN BORJA;URBANA;CARRETERA;NACIONAL;PE-1S;-12.109276;DESPEJADO;RESIDENCIAL;TRAMO RECTO;PLANA ;ASFALTADA;NULL;NULL;NULL;NULL;IMPRUDENCIA DEL CONDUCTOR;OTRO (IMPRUDENCIA DEL CONDUCTOR);Carretera Panamericana Sur;31/3/2023;-76.978491
A-2023-03-65;00:00.0;ATROPELLO;1;0;1;AREQUIPA;AREQUIPA;LA JOYA;URBANA;CARRETERA;NACIONAL;PE-1S;-16.49682;DESPEJADO;COMERCIAL;TRAMO RECTO;PLANA ;ASFALTADA;NO;NULL;NULL;SI;EN PROCESO DE INVESTIGACIÓN;NO CUENTA CON CAUSA ESPECIFICA;Carretera Panamericana Sur;31/3/2023;-71.836246
A-2023-04-1;30:00.0;CHOQUE;1;0;NULL;ANCASH;RECUAY;CATAC;URBANA;CARRETERA;DEPARTAMENTAL;AN-110;-9.802513;NUBLADO;COMERCIAL;TRAMO RECTO;PLANA ;ASFALTADA;SI;REGULADORA (R);NULL;SI;EN PROCESO DE INVESTIGACIÓN;NO CUENTA CON CAUSA ESPECIFICA;Avenida Dos de Mayo;1/4/2023;-77.430888
A-2023-04-13;30:00.0;CHOQUE;1;0;2;ICA;ICA;ICA;URBANA;AVENIDA;URBANO;NO CORRESPONDE;-14.066384;DESPEJADO;ESCOLAR;INTERSECCIÓN;PLANA ;ASFALTADA;NULL;NULL;NULL;NULL;EN PROCESO DE INVESTIGACIÓN;NO CUENTA CON CAUSA ESPECIFICA;Avenida Túpac Amaru;1/4/2023;-75.735408
A-2023-04-67;00:00.0;CHOQUE FUGA;1;0;1;LA LIBERTAD;VIRU;VIRU;URBANA;CARRETERA;NACIONAL;PE-1N;-8.432932;DESPEJADO;COMERCIAL;TRAMO RECTO;PLANA ;ASFALTADA;NULL;NULL;NULL;NULL;IMPRUDENCIA DEL CONDUCTOR;GIRAR IMPRUDENTEMENTE;Carretera Panamericana Norte;1/4/2023;-78.771482