CÓDIGO SINIESTRO;HORA SINIESTRO;CLASE SINIESTRO;CANTIDAD DE FALLECIDOS;CANTIDAD DE LESIONADOS;CANTIDAD DE VEHICULOS DAÑADOS;DEPARTAMENTO;PROVINCIA;DISTRITO;ZONA;TIPO DE VÍA;RED VIAL;COD CARRETERA;COORDENADAS LATITUD;CONDICIÓN CLIMÁTICA;ZONIFICACIÓN;CARACTERÍSTICAS DE VÍA;PERFIL LONGITUDINAL VÍA;SUPERFICIE DE CALZADA;¿EXISTE SEÑAL VERTICAL?;CLASIFICACIÓN DE LA SEÑAL VERTICAL Nº 1;CLASIFICACIÓN DE LA SEÑAL VERTICAL Nº 2;¿EXISTE SEÑAL HORIZONTAL?;CAUSA FACTOR PRINCIPAL;CAUSA ESPECÍFICA;UBICACION;FECHA SINIESTRO;COORDENADAS LONGITUD
A-2023-04-7;20:00.0;ATROPELLO FUGA;1;0;1;AREQUIPA;AREQUIPA;LA JOYA;URBANA;CARRETERA;PROVINCIAL;AR-722;-16.445609;DESPEJADO;RESIDENCIAL;TRAMO RECTO;PLANA ;ASFALTADA;NO;NULL;NULL;SI;EN PROCESO DE INVESTIGACIÓN;NO CUENTA CON CAUSA ESPECIFICA;AR-722;1/4/2023;-71.825628
A-2023-04-140;50:00.0;ATROPELLO FUGA;1;1;NULL;LIMA;LIMA;SURQUILLO;URBANA;AVENIDA;URBANO;NO CORRESPONDE;-12.113599;DESPEJADO;RESIDENCIAL;TRAMO RECTO;PLANA ;ASFALTADA;NULL;NULL;NULL;NULL;EN PROCESO DE INVESTIGACIÓN;NO CUENTA CON CAUSA ESPECIFICA;Avenida Intihuatana;1/4/2023;-76.994755
A-2023-04-139;20:00.0;ATROPELLO;1;0;NULL;LIMA;LIMA;LURIN;URBANA;CARRETERA;NACIONAL;PE-1S;-12.285617;DESPEJADO;COMERCIAL;TRAMO RECTO;PLANA ;ASFALTADA;NULL;NULL;NULL;NULL;IMPRUDENCIA DEL PEATÓN;CRUCE INDEBIDO POR LA CALZADA;Carretera Panamericana Sur;1/4/2023;-76.874719
A-2023-04-98;00:00.0;VOLCADURA;1;1;NULL;APURIMAC;COTABAMBAS;COYLLURQUI;RURAL;CARRETERA;DEPARTAMENTAL;AP-114;-13.817682;NULL;NULL;NULL;NULL;NULL;NULL;NULL;NULL;NULL;EN PROCESO DE INVESTIGACIÓN;NO CUENTA CON CAUSA ESPECIFICA;AP-114;2/4/2023;-72.431463
A-2023-04-117;15:00.0;DESPISTE;1;5;1;JUNIN;YAULI;PACCHA;URBANA;CARRETERA;NACIONAL;PE-3N;-11.445198;DESPEJADO;RURAL;SINUOSA;PLANA ;ASFALTADA;NO;NULL;NULL;SI;IMPRUDENCIA DEL CONDUCTOR;ADELANTAR INDEBIDAMENTE;Longitudinal de la Sierra Norte;2/4/2023;-75.944485
A-2023-04-142;00:00.0;ATROPELLO FUGA;1;0;NULL;LIMA;LIMA;PUNTA HERMOSA;URBANA;CARRETERA;NACIONAL;PE-1S;-12.316674;DESPEJADO;RURAL;TRAMO RECTO;PLANA ;ASFALTADA;NULL;NULL;NULL;NULL;EN PROCESO DE INVESTIGACIÓN;NO CUENTA CON CAUSA ESPECIFICA;Carretera Panamericana Sur;2/4/2023;-76.83106
A-2023-04-76;00:00.0;CHOQUE;1;0;NULL;LA LIBERTAD;TRUJILLO;LA ESPERANZA;URBANA;AVENIDA;URBANO;NO CORRESPONDE;-8.04868;DESPEJADO;COMERCIAL;TRAMO RECTO;PLANA ;ASFALTADA;NULL;NULL;NULL;NULL;IMPRUDENCIA DEL CONDUCTOR;OTRO (IMPRUDENCIA DEL CONDUCTOR);Avenida Miguel Grau;2/4/2023;-79.056705
A-2023-04-145;30:00.0;CHOQUE FUGA;1;0;NULL;LIMA;LIMA;LURIGANCHO;RURAL;CARRETERA;NACIONAL;PE-22;-12.021318;DESPEJADO;RURAL;TRAMO RECTO;PLANA ;ASFALTADA;NULL;NULL;NULL;NULL;IMPRUDENCIA DEL CONDUCTOR;NO ESTABLECER EL DERECHO DE PASO;Autopista Ramiro Prialé;2/4/2023;-76.930528
A-2023-04-179;20:00.0;DESPISTE;6;0;NULL;JUNIN;CHANCHAMAYO;CHANCHAMAYO;URBANA;CARRETERA;NACIONAL;PE-22B;-10.993745;NULL;NULL;NULL;NULL;NULL;NULL;NULL;NULL;NULL;EN PROCESO DE INVESTIGACIÓN;NO CUENTA CON CAUSA ESPECIFICA;PE-22B;2/4/2023;-75.312958
A-2023-04-165;00:00.0;CHOQUE;1;1;2;AYACUCHO;CANGALLO;LOS MOROCHUCOS;RURAL;CARRETERA;SIN CLASIFICAR;SIN CLASIFICAR;-13.541342;DESPEJADO;RURAL;CURVA;INCLINADA;ASFALTADA;SI;REGULADORA (R);PREVENTIVA (P);NO;IMPRUDENCIA DEL CONDUCTOR;INVASIÓN DE CARRIL;Picauycucho;2/4/2023;-74.212167
A-2023-04-141;45:00.0;ATROPELLO;1;0;NULL;LIMA;LIMA;COMAS;URBANA;AVENIDA;URBANO;NO CORRESPONDE;-11.957287;DESPEJADO;COMERCIAL;TRAMO RECTO;PLANA ;ASFALTADA;NULL;NULL;NULL;NULL;EN PROCESO DE INVESTIGACIÓN;NO CUENTA CON CAUSA ESPECIFICA;Avenida Túpac Amaru;2/4/2023;-77.052895
A-2023-04-158;25:00.0;ATROPELLO;1;0;NULL;JUNIN;HUANCAYO;CHILCA;URBANA;AVENIDA;URBANO;NO CORRESPONDE;-12.083332;SOLEADO;RURAL;INTERSECCIÓN;PLANA ;ASFALTADA;NO;NULL;NULL;SI;IMPRUDENCIA DEL PEATÓN;CRUCE INDEBIDO POR LA CALZADA;Jirón Huallaga;2/4/2023;-75.212457
A-2023-04-104;30:00.0;CHOQUE;1;2;2;HUANUCO;HUAMALIES;MONZON;RURAL;CARRETERA;NACIONAL;PE-14A;-9.209373;DESPEJADO;RURAL;TRAMO RECTO;PLANA ;ASFALTADA;SI;PREVENTIVA (P);NULL;NO;IMPRUDENCIA DEL CONDUCTOR;CONDUCIR EN ESTADO DE EBRIEDAD Y/O DROGADICCIÓN;PE-14A;2/4/2023;-76.146964
A-2023-04-63;50:00.0;ATROPELLO;1;1;1;LIMA;HUAURA;VEGUETA;URBANA;CARRETERA;NACIONAL;PE-1N;-10.92414;DESPEJADO;RESIDENCIAL;TRAMO RECTO;PLANA ;ASFALTADA;SI;REGULADORA (R);INFORMATIVA (I);NO;IMPRUDENCIA DEL CONDUCTOR;EXCESO DE VELOCIDAD;Carretera Panamericana Norte;2/4/2023;-77.65299
A-2023-04-180;40:00.0;ATROPELLO FUGA;1;0;NULL;JUNIN;CHANCHAMAYO;SAN RAMON;NULL;CARRETERA;NACIONAL;PE-22B;-11.124649;NULL;NULL;NULL;NULL;NULL;NULL;NULL;NULL;NULL;EN PROCESO DE INVESTIGACIÓN;NO CUENTA CON CAUSA ESPECIFICA;Carretera Central - Avenida Juan Santos Atahualpa;2/4/2023;-75.357692
A-2023-04-2;50:00.0;CHOQUE;1;0;NULL;PUNO;EL COLLAO;ILAVE;RURAL;CARRETERA;NACIONAL;PE-3S;-16.173729;DESPEJADO;RURAL;TRAMO RECTO;PLANA ;ASFALTADA;NULL;NULL;NULL;NULL;IMPRUDENCIA DEL CONDUCTOR;EXCESO DE VELOCIDAD;Carretera Longitudinal de la Sierra Sur;3/4/2023;-69.5354
A-2023-04-147;50:00.0;CHOQUE;1;0;NULL;LIMA;LIMA;MAGDALENA DEL MAR;URBANA;OTRO;URBANO;NO CORRESPONDE;-12.09769;DESPEJADO;COMERCIAL;TRAMO RECTO;PLANA ;ASFALTADA;NULL;NULL;NULL;NULL;IMPRUDENCIA DEL CONDUCTOR;CONDUCIR EN ESTADO DE EBRIEDAD Y/O DROGADICCIÓN;Circuito de Playas;3/4/2023;-77.072985
A-2023-04-79;00:00.0;CHOQUE;2;1;2;LA LIBERTAD;SANTIAGO DE CHUCO;QUIRUVILCA;RURAL;CARRETERA;NACIONAL;PE-10A;-8.009781;DESPEJADO;RURAL;TRAMO RECTO;PLANA ;ASFALTADA;NULL;NULL;NULL;NULL;EN PROCESO DE INVESTIGACIÓN;NO CUENTA CON CAUSA ESPECIFICA;Carretera Trujillo - Huamachuco;3/4/2023;-78.337648
A-2023-04-108;30:00.0;DESPISTE;1;1;1;PIURA;PIURA;CASTILLA;RURAL;CARRETERA;NACIONAL;PE-1NJ;-5.167527;DESPEJADO;RURAL;TRAMO RECTO;PLANA ;ASFALTADA;NULL;NULL;NULL;NULL;IMPRUDENCIA DEL CONDUCTOR;EXCESO DE VELOCIDAD;Carretera Interoceánica Norte;3/4/2023;-80.530208
A-2023-04-49;20:00.0;ATROPELLO;1;0;1;CUSCO;CUSCO;CUSCO;URBANA;CARRETERA;NACIONAL;PE-3S;-13.50731;LLUVIOSO;RESIDENCIAL;CURVA;INCLINADA;ASFALTADA;SI;PREVENTIVA (P);NULL;SI;IMPRUDENCIA DEL CONDUCTOR;EXCESO DE VELOCIDAD;Carretera Longitudinal de la Sierra Sur;4/4/2023;-71.99928
A-2023-04-65;20:00.0;CHOQUE;1;0;1;LIMA;HUAURA;SAYAN;RURAL;CARRETERA;PROVINCIAL;LM-659;-11.224487;DESPEJADO;RURAL;TRAMO RECTO;PLANA ;ASFALTADA;NULL;NULL;NULL;NULL;IMPRUDENCIA DEL CONDUCTOR;INVASIÓN DE CARRIL;LM-659;4/4/2023;-77.402463
A-2023-04-166;20:00.0;CHOQUE;1;1;2;AYACUCHO;HUAMANGA;SAN JUAN BAUTISTA;URBANA;CARRETERA;NACIONAL;PE-3S;-13.187075;DESPEJADO;RESIDENCIAL;CURVA;INCLINADA;ASFALTADA;SI;PREVENTIVA (P);NULL;NO;IMPRUDENCIA DEL CONDUCTOR;CONDUCIR EN ESTADO DE EBRIEDAD Y/O DROGADICCIÓN;Carretera Longitudinal de la Sierra Sur;5/4/2023;-74.208165
A-2023-04-172;30:00.0;ESPECIAL;1;1;1;CAJAMARCA;CONTUMAZA;YONAN;URBANA;CARRETERA;NACIONAL;PE-08;-7.251452;LLUVIOSO;COMERCIAL;TRAMO RECTO;INCLINADA;CONCRETO;SI;PREVENTIVA (P);NULL;SI;INFRAESTRUCTURA Y ENTORNO VIAL;FACTOR AMBIENTAL;Carretera Ciudad de Dios - Cajamarca;5/4/2023;-79.127976
A-2023-04-173;00:00.0;ESPECIAL;2;1;1;CAJAMARCA;CONTUMAZA;YONAN;RURAL;CARRETERA;NACIONAL;PE-08;-7.221245;LLUVIOSO;COMERCIAL;CURVA;PLANA ;ASFALTADA;SI;PREVENTIVA (P);NULL;SI;INFRAESTRUCTURA Y ENTORNO VIAL;FACTOR AMBIENTAL;Carretera Ciudad de Dios - Cajamarca;5/4/2023;-79.160288
A-2023-04-25;00:00.0;DESPISTE;4;0;1;HUANCAVELICA;HUANCAVELICA;HUANDO;RURAL;CARRETERA;NACIONAL;PE-26;-12.591823;SOLEADO;RURAL;CURVA;PLANA ;ASFALTADA;SI;PREVENTIVA (P);REGULADORA (R);SI;EN PROCESO DE INVESTIGACIÓN;NO CUENTA CON CAUSA ESPECIFICA;PE-26;5/4/2023;-74.936209
A-2023-04-3;30:00.0;ATROPELLO FUGA;1;0;NULL;PUNO;CHUCUITO;POMATA;RURAL;CARRETERA;NACIONAL;PE-3S;-16.276723;SOLEADO;RURAL;TRAMO RECTO;PLANA ;ASFALTADA;NULL;NULL;NULL;NULL;IMPRUDENCIA DEL CONDUCTOR;EXCESO DE VELOCIDAD;Carretera Longitudinal de la Sierra Sur;5/4/2023;-69.288785
A-2023-04-21;40:00.0;CHOQUE;1;0;1;CALLAO;CALLAO;CALLAO;URBANA;AVENIDA;URBANO;NO CORRESPONDE;-12.049502;DESPEJADO;COMERCIAL;TRAMO RECTO;PLANA ;ASFALTADA;SI;REGULADORA (R);NULL;SI;IMPRUDENCIA DEL CONDUCTOR;INVASIÓN DE CARRIL;Avenida Principal;5/4/2023;-77.111637
A-2023-04-27;00:00.0;DESPISTE;1;1;1;APURIMAC;ANDAHUAYLAS;TALAVERA;URBANA;CARRETERA;NACIONAL;PE-3S;-13.658174;DESPEJADO;ESCOLAR;INTERSECCIÓN;PLANA ;ASFALTADA;NULL;NULL;NULL;NULL;EN PROCESO DE INVESTIGACIÓN;NO CUENTA CON CAUSA ESPECIFICA;Avenida Sesquicentenario;5/4/2023;-73.430306
A-2023-04-14;10:00.0;CHOQUE;1;0;2;ICA;ICA;ICA;URBANA;AVENIDA;URBANO;NO CORRESPONDE;-14.071281;SOLEADO;COMERCIAL;INTERSECCIÓN;PLANA ;ASFALTADA;NULL;NULL;NULL;NULL;EN PROCESO DE INVESTIGACIÓN;NO CUENTA CON CAUSA ESPECIFICA;Avenida Túpac Amaru;6/4/2023;-75.73542
A-2023-04-167;30:00.0;DESPISTE;4;42;2;AYACUCHO;LUCANAS;CARMEN SALCEDO;RURAL;CARRETERA;SIN CLASIFICAR;SIN CLASIFICAR;-14.413094;DESPEJADO;RURAL;CURVA;INCLINADA;ASFALTADA;SI;PREVENTIVA (P);NULL;NO;IMPRUDENCIA DEL CONDUCTOR;INVASIÓN DE CARRIL;Huaccracca;6/4/2023;-73.949028
A-2023-04-84;00:00.0;CHOQUE;1;0;2;LA LIBERTAD;VIRU;VIRU;RURAL;CARRETERA;NACIONAL;PE-1N;-8.398212;DESPEJADO;COMERCIAL;TRAMO RECTO;PLANA ;ASFALTADA;NULL;NULL;NULL;NULL;EN PROCESO DE INVESTIGACIÓN;NO CUENTA CON CAUSA ESPECIFICA;Carretera Panamericana Norte;6/4/2023;-78.842789
A-2023-04-81;15:00.0;CHOQUE;3;2;2;PUNO;SAN ROMAN;CABANILLAS;RURAL;CARRETERA;NACIONAL;PE-34A;-15.662931;DESPEJADO;RURAL;TRAMO RECTO;INCLINADA;ASFALTADA;NULL;NULL;NULL;NULL;IMPRUDENCIA DEL CONDUCTOR;CONDUCIR EN SENTIDO CONTRARIO;Héroes de La Guerra del Pacífico;6/4/2023;-70.364744
A-2023-04-144;00:00.0;ATROPELLO FUGA;1;0;NULL;LIMA;LIMA;SAN MARTIN DE PORRES;URBANA;AVENIDA;URBANO;NO CORRESPONDE;-11.981888;DESPEJADO;RESIDENCIAL;TRAMO RECTO;PLANA ;ASFALTADA;NULL;NULL;NULL;NULL;EN PROCESO DE INVESTIGACIÓN;NO CUENTA CON CAUSA ESPECIFICA;Ciclovía Los Alisos;6/4/2023;-77.093323
A-2023-04-143;30:00.0;ATROPELLO FUGA;1;0;NULL;LIMA;LIMA;LURIN;RURAL;CARRETERA;NACIONAL;PE-1S;-12.30289;DESPEJADO;INDUSTRIAL;TRAMO RECTO;PLANA ;ASFALTADA;NULL;NULL;NULL;NULL;IMPRUDENCIA DEL PEATÓN;OTRO (IMPRUDENCIA DEL PEATÓN);Carretera Panamericana Sur;7/4/2023;-76.842663
A-2023-04-151;50:00.0;DESPISTE;1;1;NULL;LIMA;LIMA;EL AGUSTINO;URBANA;CARRETERA;NACIONAL;PE-1N;-12.029958;DESPEJADO;RESIDENCIAL;TRAMO RECTO;PLANA ;ASFALTADA;NULL;NULL;NULL;NULL;IMPRUDENCIA DEL CONDUCTOR;OTRO (IMPRUDENCIA DEL CONDUCTOR);Vía de Evitamiento;7/4/2023;-76.994321
A-2023-04-47;30:00.0;CHOQUE;1;1;2;CUSCO;ESPINAR;CONDOROMA;RURAL;CARRETERA;NACIONAL;PE-34J;-15.429467;DESPEJADO;RURAL;TRAMO RECTO;INCLINADA;ASFALTADA;SI;PREVENTIVA (P);NULL;SI;IMPRUDENCIA DEL CONDUCTOR;INVASIÓN DE CARRIL;Carretera Morocaque - Oscollo;7/4/2023;-71.070263
A-2023-04-75;15:00.0;CHOQUE;2;3;2;AMAZONAS;BONGARA;CHURUJA;RURAL;CARRETERA;NACIONAL;PE-08C;-5.987933;DESPEJADO;RURAL;CURVA;INCLINADA;ASFALTADA;NULL;NULL;NULL;NULL;EN PROCESO DE INVESTIGACIÓN;NO CUENTA CON CAUSA ESPECIFICA;PE-08C;7/4/2023;-77.965679
A-2023-04-152;50:00.0;ATROPELLO;1;0;NULL;LIMA;LIMA;ANCON;URBANA;CARRETERA;NACIONAL;PE-1N;-11.758847;DESPEJADO;INDUSTRIAL;TRAMO RECTO;PLANA ;ASFALTADA;NULL;NULL;NULL;NULL;IMPRUDENCIA DEL CONDUCTOR;OTRO (IMPRUDENCIA DEL CONDUCTOR);Carretera Panamericana Norte;8/4/2023;-77.153686
A-2023-04-85;30:00.0;CHOQUE;1;0;2;LA LIBERTAD;PACASMAYO;GUADALUPE;RURAL;CARRETERA;NACIONAL;PE-1N;-7.265976;DESPEJADO;RURAL;TRAMO RECTO;PLANA ;ASFALTADA;NULL;NULL;NULL;NULL;EN PROCESO DE INVESTIGACIÓN;NO CUENTA CON CAUSA ESPECIFICA;Carretera Panamericana Norte;8/4/2023;-79.483561
A-2023-04-153;40:00.0;ATROPELLO;1;0;NULL;LIMA;LIMA;CHORRILLOS;URBANA;CARRETERA;NACIONAL;PE-1S;-12.214472;DESPEJADO;INDUSTRIAL;TRAMO RECTO;PLANA ;ASFALTADA;NULL;NULL;NULL;NULL;IMPRUDENCIA DEL PEATÓN;OTRO (IMPRUDENCIA DEL PEATÓN);Carretera Panamericana Sur;8/4/2023;-76.976484
A-2023-04-82;00:00.0;CHOQUE;1;0;2;PUNO;SAN ROMAN;CABANILLAS;RURAL;CARRETERA;DEPARTAMENTAL;PU-121;-15.638069;DESPEJADO;RURAL;CURVA;INCLINADA;ASFALTADA;NULL;NULL;NULL;NULL;IMPRUDENCIA DEL CONDUCTOR;OTRO (IMPRUDENCIA DEL CONDUCTOR);PU-121;8/4/2023;-70.328169
A-2023-04-9;30:00.0;DESPISTE;1;1;1;AREQUIPA;CAYLLOMA;SAN ANTONIO DE CHUCA;RURAL;CARRETERA;NACIONAL;PE-34A;-15.973541;DESPEJADO;RURAL;TRAMO RECTO;PLANA ;ASFALTADA;NO;NULL;NULL;SI;EN PROCESO DE INVESTIGACIÓN;NO CUENTA CON CAUSA ESPECIFICA;Vía Interoceánica Sur - Tramo 5;8/4/2023;-71.240664
A-2023-04-59;45:00.0;CHOQUE;1;1;2;CUSCO;LA CONVENCION;ECHARATE;RURAL;CARRETERA;PROVINCIAL;CU-598;-12.563522;DESPEJADO;RURAL;CURVA;PLANA ;AFIRMADO;SI;PREVENTIVA (P);NULL;NO;IMPRUDENCIA DEL CONDUCTOR;EXCESO DE VELOCIDAD;Echarate;8/4/2023;-73.091159
A-2023-04-15;30:00.0;CHOQUE;1;1;2;ICA;ICA;SANTIAGO;URBANA;CARRETERA;NACIONAL;PE-1S;-14.374149;DESPEJADO;RURAL;TRAMO RECTO;PLANA ;ASFALTADA;NULL;NULL;NULL;NULL;EN PROCESO DE INVESTIGACIÓN;NO CUENTA CON CAUSA ESPECIFICA;Carretera Panamericana Sur;8/4/2023;-75.622179
A-2023-04-10;15:00.0;ATROPELLO;1;1;1;AREQUIPA;CAYLLOMA;MAJES;URBANA;CARRETERA;DEPARTAMENTAL;AR-108;-16.339935;DESPEJADO;COMERCIAL;TRAMO RECTO;PLANA ;ASFALTADA;NO;NULL;NULL;SI;EN PROCESO DE INVESTIGACIÓN;NO CUENTA CON CAUSA ESPECIFICA;Avenida Los Colonizadores;8/4/2023;-72.196255
A-2023-04-44;30:00.0;ATROPELLO;1;0;1;CUSCO;CANCHIS;TINTA;URBANA;CARRETERA;NACIONAL;PE-3S;-14.117321;DESPEJADO;RURAL;CURVA;PLANA ;ASFALTADA;SI;PREVENTIVA (P);NULL;SI;IMPRUDENCIA DEL PEATÓN;ESTADO DE EBRIEDAD Y/O DROGADICCIÓN;Carretera Longitudinal de la Sierra Sur;8/4/2023;-71.415777
A-2023-04-4;30:00.0;ATROPELLO;1;0;NULL;PUNO;YUNGUYO;UNICACHI;RURAL;CARRETERA;DEPARTAMENTAL;PU-151;-16.206632;DESPEJADO;RURAL;TRAMO RECTO;PLANA ;ASFALTADA;NULL;NULL;NULL;NULL;IMPRUDENCIA DEL PEATÓN;OTRO (IMPRUDENCIA DEL PEATÓN);PU-1310;8/4/2023;-68.963393
A-2023-04-154;00:00.0;DESPISTE;1;0;NULL;LIMA;LIMA;SANTIAGO DE SURCO;URBANA;AVENIDA;URBANO;NO CORRESPONDE;-12.147634;DESPEJADO;COMERCIAL;TRAMO RECTO;PLANA ;ASFALTADA;NULL;NULL;NULL;NULL;IMPRUDENCIA DEL CONDUCTOR;OTRO (IMPRUDENCIA DEL CONDUCTOR);Avenida Santiago de Surco;8/4/2023;-76.986575
A-2023-04-111;10:00.0;CHOQUE;1;0;NULL;ICA;CHINCHA;EL CARMEN;RURAL;CARRETERA;NACIONAL;PE-1S;-13.553249;NULL;NULL;NULL;NULL;NULL;NULL;NULL;NULL;NULL;EN PROCESO DE INVESTIGACIÓN;NO CUENTA CON CAUSA ESPECIFICA;Antigua Carretera Panamericana Sur;9/4/2023;-76.133279
A-2023-04-118;20:00.0;DESPISTE;1;0;NULL;JUNIN;YAULI;SANTA BARBARA DE CARHUACAYAN;RURAL;CARRETERA;NACIONAL;PE-20A;-11.216984;DESPEJADO;RURAL;TRAMO RECTO;INCLINADA;AFIRMADO;NULL;NULL;NULL;NULL;IMPRUDENCIA DEL CONDUCTOR;OTRO (IMPRUDENCIA DEL CONDUCTOR);Carretera Vencedores de Sángrar;9/4/2023;-76.438751
A-2023-04-113;00:00.0;CHOQUE;1;0;1;CALLAO;CALLAO;CALLAO;URBANA;AUTOPISTA;URBANO;NO CORRESPONDE;-12.015037;DESPEJADO;RESIDENCIAL;TRAMO RECTO;PLANA ;ASFALTADA;SI;INFORMATIVA (I);NULL;NO;IMPRUDENCIA DEL CONDUCTOR;CONDUCIR EN ESTADO DE EBRIEDAD Y/O DROGADICCIÓN;Avenida Los Dominicos;9/4/2023;-77.09395
A-2023-04-11;15:00.0;DESPISTE;1;2;1;AREQUIPA;AREQUIPA;YURA;RURAL;CARRETERA;NACIONAL;PE-34A;-16.217848;DESPEJADO;RURAL;TRAMO RECTO;PLANA ;ASFALTADA;NO;NULL;NULL;SI;EN PROCESO DE INVESTIGACIÓN;NO CUENTA CON CAUSA ESPECIFICA;Vía Interoceánica Sur - Tramo 5;9/4/2023;-71.658131
A-2023-04-109;20:00.0;CHOQUE FUGA;1;0;NULL;PIURA;PIURA;CASTILLA;RURAL;CARRETERA;NACIONAL;PE-1NJ;-5.166233;DESPEJADO;RURAL;TRAMO RECTO;PLANA ;ASFALTADA;NULL;NULL;NULL;NULL;IMPRUDENCIA DEL CONDUCTOR;EXCESO DE VELOCIDAD;Carretera Interoceánica Norte;9/4/2023;-80.52626
A-2023-04-5;50:00.0;ATROPELLO;1;0;NULL;PUNO;YUNGUYO;OLLARAYA;RURAL;CARRETERA;PROVINCIAL;PU-1328;-16.248765;DESPEJADO;RURAL;TRAMO RECTO;PLANA ;ASFALTADA;NULL;NULL;NULL;NULL;IMPRUDENCIA DEL PEATÓN;OTRO (IMPRUDENCIA DEL PEATÓN);PU-1328;9/4/2023;-68.977844
A-2023-04-29;00:00.0;ATROPELLO;1;0;NULL;ANCASH;CARHUAZ;MARCARA;RURAL;CARRETERA;PROVINCIAL;AN-770;-9.323331;NUBLADO;RURAL;TRAMO RECTO;PLANA ;ASFALTADA;NO;NULL;NULL;SI;EN PROCESO DE INVESTIGACIÓN;NO CUENTA CON CAUSA ESPECIFICA;Shumay;9/4/2023;-77.607398
A-2023-04-16;10:00.0;DESPISTE;2;5;1;ICA;ICA;SAN JOSE DE LOS MOLINOS;RURAL;CARRETERA;NACIONAL;PE-1SC;-13.904678;DESPEJADO;RURAL;SINUOSA;INCLINADA;ASFALTADA;NULL;NULL;NULL;NULL;IMPRUDENCIA DEL CONDUCTOR;CONDUCIR EN ESTADO DE EBRIEDAD Y/O DROGADICCIÓN;PE-1SC;9/4/2023;-75.66671
A-2023-04-155;20:00.0;ATROPELLO;1;0;NULL;LIMA;LIMA;ATE;URBANA;CARRETERA;NACIONAL;PE-22;-12.013018;DESPEJADO;RESIDENCIAL;INTERSECCIÓN;INCLINADA;ASFALTADA;NULL;NULL;NULL;NULL;EN PROCESO DE INVESTIGACIÓN;NO CUENTA CON CAUSA ESPECIFICA;Carretera Central;9/4/2023;-76.880777
A-2023-04-86;00:00.0;CHOQUE;1;0;2;LA LIBERTAD;VIRU;VIRU;RURAL;CARRETERA;NACIONAL;PE-1N;-8.444912;DESPEJADO;RURAL;TRAMO RECTO;PLANA ;ASFALTADA;NULL;NULL;NULL;NULL;IMPRUDENCIA DEL CONDUCTOR;CONDUCIR EN ESTADO DE EBRIEDAD Y/O DROGADICCIÓN;Carretera Panamericana Norte;9/4/2023;-78.743938
A-2023-04-30;30:00.0;CHOQUE;1;2;5;AREQUIPA;AREQUIPA;LA JOYA;RURAL;CARRETERA;NACIONAL;PE-1S;-16.521519;DESPEJADO;RURAL;TRAMO RECTO;PLANA ;ASFALTADA;NO;NULL;NULL;SI;EN PROCESO DE INVESTIGACIÓN;NO CUENTA CON CAUSA ESPECIFICA;Carretera Panamericana Sur;9/4/2023;-71.793228
A-2023-04-159;30:00.0;CHOQUE;3;14;4;JUNIN;JAUJA;SINCOS;RURAL;CARRETERA;NACIONAL;PE-3SB;-11.902574;DESPEJADO;RURAL;TRAMO RECTO;PLANA ;ASFALTADA;NO;NULL;NULL;SI;IMPRUDENCIA DEL CONDUCTOR;CONDUCIR EN SENTIDO CONTRARIO;Carretera Central Margen Derecha;10/4/2023;-75.368582
A-2023-04-87;00:00.0;DESPISTE;1;0;1;LA LIBERTAD;BOLIVAR;CONDORMARCA;RURAL;CARRETERA;DEPARTAMENTAL;LI-125;-7.640772;DESPEJADO;RURAL;TRAMO RECTO;PLANA ;ASFALTADA;NULL;NULL;NULL;NULL;EN PROCESO DE INVESTIGACIÓN;NO CUENTA CON CAUSA ESPECIFICA;Condormarca;10/4/2023;-77.593219
A-2023-04-8;30:00.0;ATROPELLO;1;0;1;CALLAO;CALLAO;MI PERU;URBANA;CARRETERA;NACIONAL;PE-20;-11.842214;DESPEJADO;COMERCIAL;TRAMO RECTO;PLANA ;ASFALTADA;SI;INFORMATIVA (I);NULL;SI;IMPRUDENCIA DEL CONDUCTOR;OTRO (IMPRUDENCIA DEL CONDUCTOR);Avenida Coronel Nestor Gambetta;10/4/2023;-77.11551
A-2023-04-112;10:00.0;DESPISTE;1;2;2;ICA;CHINCHA;EL CARMEN;RURAL;CARRETERA;NACIONAL;PE-1S;-13.555856;DESPEJADO;RURAL;TRAMO RECTO;PLANA ;ASFALTADA;SI;INFORMATIVA (I);NULL;NO;IMPRUDENCIA DEL CONDUCTOR;FATIGA Y/O CANSANCIO;Antigua Carretera Panamericana Sur;10/4/2023;-76.133447
A-2023-04-80;00:00.0;CHOQUE;1;0;2;PUNO;HUANCANE;PUSI;RURAL;CARRETERA;NACIONAL;PE-34H;-15.4013;DESPEJADO;RURAL;TRAMO RECTO;PLANA ;ASFALTADA;NULL;NULL;NULL;NULL;IMPRUDENCIA DEL CONDUCTOR;EXCESO DE VELOCIDAD;PE-34H;10/4/2023;-70.064051
A-2023-04-42;00:00.0;CHOQUE;1;0;NULL;ANCASH;HUARI;CHAVIN DE HUANTAR;RURAL;CARRETERA;PROVINCIAL;AN-738;-9.526544;LLUVIOSO;RURAL;TRAMO RECTO;PLANA ;ASFALTADA;SI;PREVENTIVA (P);INFORMATIVA (I);NO;EN PROCESO DE INVESTIGACIÓN;NO CUENTA CON CAUSA ESPECIFICA;AN-738;11/4/2023;-77.161422