CÓDIGO SINIESTRO;HORA SINIESTRO;CLASE SINIESTRO;CANTIDAD DE FALLECIDOS;CANTIDAD DE LESIONADOS;CANTIDAD DE VEHICULOS DAÑADOS;DEPARTAMENTO;PROVINCIA;DISTRITO;ZONA;TIPO DE VÍA;RED VIAL;COD CARRETERA;COORDENADAS LATITUD;CONDICIÓN CLIMÁTICA;ZONIFICACIÓN;CARACTERÍSTICAS DE VÍA;PERFIL LONGITUDINAL VÍA;SUPERFICIE DE CALZADA;¿EXISTE SEÑAL VERTICAL?;CLASIFICACIÓN DE LA SEÑAL VERTICAL Nº 1;CLASIFICACIÓN DE LA SEÑAL VERTICAL Nº 2;¿EXISTE SEÑAL HORIZONTAL?;CAUSA FACTOR PRINCIPAL;CAUSA ESPECÍFICA;UBICACION;FECHA SINIESTRO;COORDENADAS LONGITUD
A-2023-04-182;00:00.0;CHOQUE;1;2;NULL;JUNIN;SATIPO;SATIPO;URBANA;CARRETERA;NACIONAL;PE-5S;-11.2174;NULL;NULL;NULL;NULL;NULL;NULL;NULL;NULL;NULL;EN PROCESO DE INVESTIGACIÓN;NO CUENTA CON CAUSA ESPECIFICA;Carretera Longitudinal de la Selva Sur;11/4/2023;-74.608621
A-2023-04-160;30:00.0;CHOQUE;1;1;2;JUNIN;TARMA;LA UNION;RURAL;CARRETERA;NACIONAL;PE-3N;-11.358069;DESPEJADO;RURAL;TRAMO RECTO;PLANA ;ASFALTADA;NO;NULL;NULL;SI;IMPRUDENCIA DEL CONDUCTOR;INVASIÓN DE CARRIL;Carretera Longitudinal de la Sierra Norte;11/4/2023;-75.887458
A-2023-04-181;30:00.0;CHOQUE;1;1;NULL;JUNIN;CHANCHAMAYO;SAN RAMON;NULL;CARRETERA;NACIONAL;PE-22B;-11.086179;NULL;NULL;NULL;NULL;NULL;NULL;NULL;NULL;NULL;EN PROCESO DE INVESTIGACIÓN;NO CUENTA CON CAUSA ESPECIFICA;PE-22B;11/4/2023;-75.329615
A-2023-04-124;00:00.0;ATROPELLO;1;1;NULL;CALLAO;CALLAO;CALLAO;URBANA;AVENIDA;URBANO;NO CORRESPONDE;-12.016515;DESPEJADO;COMERCIAL;TRAMO RECTO;PLANA ;ASFALTADA;NO;NULL;NULL;SI;EN PROCESO DE INVESTIGACIÓN;NO CUENTA CON CAUSA ESPECIFICA;Calle Central;11/4/2023;-77.105585
A-2023-04-88;30:00.0;ATROPELLO;1;0;1;LA LIBERTAD;GRAN CHIMU;SAYAPULLO;RURAL;CARRETERA;DEPARTAMENTAL;LI-106;-7.595237;DESPEJADO;RURAL;TRAMO RECTO;PLANA ;ASFALTADA;NULL;NULL;NULL;NULL;IMPRUDENCIA DEL CONDUCTOR;OTRO (IMPRUDENCIA DEL CONDUCTOR);LI-106;11/4/2023;-78.467461
A-2023-04-91;00:00.0;CHOQUE;1;1;2;LA LIBERTAD;SANTIAGO DE CHUCO;QUIRUVILCA;RURAL;CARRETERA;NACIONAL;PE-3N;-7.971878;DESPEJADO;RURAL;TRAMO RECTO;PLANA ;ASFALTADA;NULL;NULL;NULL;NULL;IMPRUDENCIA DEL CONDUCTOR;OTRO (IMPRUDENCIA DEL CONDUCTOR);Carretera Longitudinal de la Sierra Norte;11/4/2023;-78.206928
A-2023-04-51;15:00.0;VOLCADURA;1;0;1;CUSCO;CANAS;KUNTURKANKI;RURAL;CARRETERA;NACIONAL;PE-34G;-14.465613;DESPEJADO;RURAL;CURVA;INCLINADA;ASFALTADA;SI;REGULADORA (R);NULL;SI;IMPRUDENCIA DEL CONDUCTOR;OTRO (IMPRUDENCIA DEL CONDUCTOR);Carretera Espinar - Sicuani;11/4/2023;-71.296353
A-2023-04-156;15:00.0;CHOQUE;1;0;NULL;LIMA;LIMA;VILLA EL SALVADOR;URBANA;AVENIDA;URBANO;NO CORRESPONDE;-12.196609;DESPEJADO;INDUSTRIAL;TRAMO RECTO;PLANA ;ASFALTADA;NULL;NULL;NULL;NULL;IMPRUDENCIA DEL CONDUCTOR;OTRO (IMPRUDENCIA DEL CONDUCTOR);Avenida Pachacútec;11/4/2023;-76.933958
A-2023-04-89;50:00.0;ATROPELLO FUGA;1;0;NULL;LA LIBERTAD;TRUJILLO;SALAVERRY;RURAL;CARRETERA;NACIONAL;PE-1N;-8.184691;DESPEJADO;RURAL;TRAMO RECTO;PLANA ;ASFALTADA;NULL;NULL;NULL;NULL;EN PROCESO DE INVESTIGACIÓN;NO CUENTA CON CAUSA ESPECIFICA;Panamericana Norte;11/4/2023;-78.984311
A-2023-04-17;30:00.0;ATROPELLO FUGA;1;0;NULL;ICA;PISCO;SAN CLEMENTE;URBANA;CARRETERA;NACIONAL;PE-1SE;-13.664593;DESPEJADO;RURAL;TRAMO RECTO;PLANA ;ASFALTADA;NULL;NULL;NULL;NULL;EN PROCESO DE INVESTIGACIÓN;NO CUENTA CON CAUSA ESPECIFICA;Carretera Panamericana Sur;11/4/2023;-76.172101
A-2023-04-171;00:00.0;ATROPELLO;1;0;NULL;LIMA;LIMA;LIMA;URBANA;AVENIDA;URBANO;NO CORRESPONDE;-12.056666;DESPEJADO;COMERCIAL;INTERSECCIÓN;PLANA ;ASFALTADA;NULL;NULL;NULL;NULL;IMPRUDENCIA DEL CONDUCTOR;OTRO (IMPRUDENCIA DEL CONDUCTOR);Vía Expresa Almirante Miguel Grau;12/4/2023;-77.014752
A-2023-04-52;30:00.0;DESPISTE;1;1;1;HUANCAVELICA;ACOBAMBA;POMACOCHA;RURAL;CARRETERA;SIN CLASIFICAR;SIN CLASIFICAR;-12.852705;DESPEJADO;RURAL;SINUOSA;PLANA ;ASFALTADA;SI;PREVENTIVA (P);NULL;NO;EN PROCESO DE INVESTIGACIÓN;NO CUENTA CON CAUSA ESPECIFICA;Chilcapite;12/4/2023;-74.527528
A-2023-04-45;30:00.0;CHOQUE CON OBJETO FIJO;1;0;1;CUSCO;PAUCARTAMBO;KOSÑIPATA;URBANA;CARRETERA;DEPARTAMENTAL;CU-113;-12.91769;DESPEJADO;RURAL;TRAMO RECTO;PLANA ;TROCHA;NULL;NULL;NULL;NULL;EN PROCESO DE INVESTIGACIÓN;NO CUENTA CON CAUSA ESPECIFICA;Avenida Sumar Cusco;12/4/2023;-71.399643
A-2023-04-170;00:00.0;DESPISTE;1;0;NULL;LIMA;LIMA;PACHACAMAC;URBANA;CALLE;URBANO;NO CORRESPONDE;-12.104074;DESPEJADO;RURAL;INTERSECCIÓN;PLANA ;ASFALTADA;NULL;NULL;NULL;NULL;IMPRUDENCIA DEL CONDUCTOR;OTRO (IMPRUDENCIA DEL CONDUCTOR);Manchay;12/4/2023;-76.875154
A-2023-04-185;00:00.0;VOLCADURA;1;0;NULL;LIMA;LIMA;PACHACAMAC;URBANA;CALLE;URBANO;NO CORRESPONDE;-12.104079;NUBLADO;RESIDENCIAL;INTERSECCIÓN;PLANA ;ASFALTADA;NULL;NULL;NULL;NULL;IMPRUDENCIA DEL CONDUCTOR;EXCESO DE VELOCIDAD;Calle 36;12/4/2023;-76.875143
A-2023-04-66;43:00.0;CHOQUE;1;6;2;LIMA;HUAURA;SAYAN;RURAL;CARRETERA;NACIONAL;PE-18;-11.063295;DESPEJADO;RURAL;CURVA;PLANA ;ASFALTADA;NULL;NULL;NULL;NULL;IMPRUDENCIA DEL CONDUCTOR;INVASIÓN DE CARRIL;Carretera Huaura - Ambo;12/4/2023;-77.138314
A-2023-04-43;30:00.0;DESPISTE;1;0;1;CUSCO;ESPINAR;ESPINAR;URBANA;CALLE;URBANO;NO CORRESPONDE;-14.794914;DESPEJADO;RESIDENCIAL;TRAMO RECTO;INCLINADA;CONCRETO;NULL;NULL;NULL;NULL;IMPRUDENCIA DEL CONDUCTOR;CONDUCIR EN ESTADO DE EBRIEDAD Y/O DROGADICCIÓN;Avenida San Martín;13/4/2023;-71.414893
A-2023-04-18;35:00.0;CHOQUE;1;0;2;ICA;NASCA;VISTA ALEGRE;URBANA;CARRETERA;NACIONAL;PE-1S;-14.849445;DESPEJADO;COMERCIAL;TRAMO RECTO;PLANA ;ASFALTADA;NULL;NULL;NULL;NULL;EN PROCESO DE INVESTIGACIÓN;NO CUENTA CON CAUSA ESPECIFICA;Carretera Panamericana Sur;14/4/2023;-74.95233
A-2023-04-32;30:00.0;ATROPELLO;1;1;1;AREQUIPA;AREQUIPA;YURA;URBANA;CARRETERA;NACIONAL;PE-34A;-16.3072;DESPEJADO;RESIDENCIAL;TRAMO RECTO;PLANA ;ASFALTADA;NO;NULL;NULL;SI;EN PROCESO DE INVESTIGACIÓN;NO CUENTA CON CAUSA ESPECIFICA;Cono Norte;14/4/2023;-71.61498
A-2023-04-157;30:00.0;ATROPELLO;1;0;NULL;LIMA;LIMA;SAN JUAN DE MIRAFLORES;URBANA;AVENIDA;URBANO;NO CORRESPONDE;-12.187673;DESPEJADO;COMERCIAL;INTERSECCIÓN;INCLINADA;ASFALTADA;NULL;NULL;NULL;NULL;IMPRUDENCIA DEL CONDUCTOR;OTRO (IMPRUDENCIA DEL CONDUCTOR);Los Nardos;14/4/2023;-76.958698
A-2023-04-31;30:00.0;CHOQUE;1;1;2;AREQUIPA;AREQUIPA;CERRO COLORADO;URBANA;CARRETERA;NACIONAL;PE-34A;-16.353739;DESPEJADO;INDUSTRIAL;TRAMO RECTO;PLANA ;ASFALTADA;NO;NULL;NULL;SI;EN PROCESO DE INVESTIGACIÓN;NO CUENTA CON CAUSA ESPECIFICA;Vía de Evitamiento;15/4/2023;-71.580296
A-2023-04-34;30:00.0;ATROPELLO;1;0;1;AREQUIPA;AREQUIPA;PAUCARPATA;URBANA;CALLE;URBANO;NO CORRESPONDE;-16.40986;DESPEJADO;COMERCIAL;TRAMO RECTO;PLANA ;ASFALTADA;NO;NULL;NULL;SI;EN PROCESO DE INVESTIGACIÓN;NO CUENTA CON CAUSA ESPECIFICA;Calle Morro De Arica;15/4/2023;-71.4927
A-2023-04-69;30:00.0;ATROPELLO FUGA;1;0;NULL;ANCASH;HUAYLAS;CARAZ;URBANA;AVENIDA;URBANO;NO CORRESPONDE;-9.050872;NULL;NULL;NULL;NULL;NULL;NULL;NULL;NULL;NULL;EN PROCESO DE INVESTIGACIÓN;NO CUENTA CON CAUSA ESPECIFICA;Jirón San Martín;15/4/2023;-77.810649
A-2023-04-19;30:00.0;CHOQUE;1;0;2;ICA;ICA;SANTIAGO;URBANA;CARRETERA;NACIONAL;PE-1S;-14.287122;DESPEJADO;RURAL;TRAMO RECTO;PLANA ;ASFALTADA;NULL;NULL;NULL;NULL;EN PROCESO DE INVESTIGACIÓN;NO CUENTA CON CAUSA ESPECIFICA;Carretera Panamericana Sur;16/4/2023;-75.680386
A-2023-04-150;40:00.0;ATROPELLO;1;0;NULL;LIMA;LIMA;LA VICTORIA;URBANA;AVENIDA;URBANO;NO CORRESPONDE;-12.06694;DESPEJADO;INDUSTRIAL;TRAMO RECTO;PLANA ;ASFALTADA;NULL;NULL;NULL;NULL;EN PROCESO DE INVESTIGACIÓN;NO CUENTA CON CAUSA ESPECIFICA;Avenida La Floral;16/4/2023;-76.998495
A-2023-04-64;30:00.0;DESPISTE;1;13;1;CUSCO;LA CONVENCION;HUAYOPATA;RURAL;CARRETERA;SIN CLASIFICAR;SIN CLASIFICAR;-13.010741;DESPEJADO;RURAL;CURVA;INCLINADA;AFIRMADO;SI;REGULADORA (R);NULL;NO;EN PROCESO DE INVESTIGACIÓN;NO CUENTA CON CAUSA ESPECIFICA;Huyro;16/4/2023;-72.555737
A-2023-04-28;30:00.0;DESPISTE;1;0;1;APURIMAC;ANDAHUAYLAS;TALAVERA;RURAL;CARRETERA;PROVINCIAL;AP-572;-13.56412;DESPEJADO;RURAL;CURVA;INCLINADA;AFIRMADO;NULL;NULL;NULL;NULL;IMPERICIA DEL CONDUCTOR;NULL;AP-572;16/4/2023;-73.4526
A-2023-04-20;30:00.0;CHOQUE;1;0;2;ICA;NASCA;NASCA;URBANA;CARRETERA;NACIONAL;PE-1S;-14.830576;DESPEJADO;COMERCIAL;INTERSECCIÓN;PLANA ;ASFALTADA;NULL;NULL;NULL;NULL;EN PROCESO DE INVESTIGACIÓN;NO CUENTA CON CAUSA ESPECIFICA;Carretera Panamericana Sur;16/4/2023;-74.943533
A-2023-04-83;30:00.0;DESPISTE;1;0;1;PUNO;AZANGARO;AZANGARO;RURAL;CARRETERA;DEPARTAMENTAL;PU-111;-14.861109;DESPEJADO;RURAL;CURVA;PLANA ;ASFALTADA;NULL;NULL;NULL;NULL;IMPRUDENCIA DEL CONDUCTOR;EXCESO DE VELOCIDAD;PU-111;16/4/2023;-70.080805
A-2023-04-22;30:00.0;DESPISTE;1;0;NULL;PUNO;PUNO;PICHACANI;RURAL;CARRETERA;NACIONAL;PE-36B;-16.155727;DESPEJADO;RURAL;CURVA;PLANA ;ASFALTADA;NULL;NULL;NULL;NULL;IMPRUDENCIA DEL CONDUCTOR;CONDUCIR EN ESTADO DE EBRIEDAD Y/O DROGADICCIÓN;PE-36B;16/4/2023;-70.07053
A-2023-04-103;30:00.0;ATROPELLO;2;1;2;PIURA;SECHURA;BELLAVISTA DE LA UNION;RURAL;CARRETERA;PROVINCIAL;PI-1040;-5.429324;DESPEJADO;RURAL;TRAMO RECTO;PLANA ;ASFALTADA;NULL;NULL;NULL;NULL;IMPRUDENCIA DEL CONDUCTOR;CONDUCIR EN ESTADO DE EBRIEDAD Y/O DROGADICCIÓN;PI-1040;16/4/2023;-80.740293
A-2023-04-12;00:00.0;CHOQUE;2;0;2;PUNO;YUNGUYO;COPANI;RURAL;CARRETERA;DEPARTAMENTAL;PU-130;-16.360859;DESPEJADO;RURAL;TRAMO RECTO;PLANA ;ASFALTADA;NULL;NULL;NULL;NULL;INFRAESTRUCTURA Y ENTORNO VIAL;OTRO (INFRAESTRUCTURA Y ENTORNO VIAL);PU-130;16/4/2023;-69.042779
A-2023-04-60;00:00.0;CHOQUE;1;0;2;CUSCO;QUISPICANCHI;OCONGATE;RURAL;CARRETERA;NACIONAL;PE-30C;-13.629155;DESPEJADO;RURAL;TRAMO RECTO;PLANA ;ASFALTADA;SI;PREVENTIVA (P);NULL;SI;IMPRUDENCIA DEL CONDUCTOR;INVASIÓN DE CARRIL;Interoceánica Sur;17/4/2023;-71.161994
A-2023-04-26;30:00.0;CHOQUE;1;0;2;SAN MARTIN;MOYOBAMBA;CALZADA;RURAL;CARRETERA;NACIONAL;PE-5N;-6.039307;DESPEJADO;RURAL;TRAMO RECTO;PLANA ;ASFALTADA;SI;PREVENTIVA (P);PREVENTIVA (P);NO;IMPRUDENCIA DEL CONDUCTOR;OTRO (IMPRUDENCIA DEL CONDUCTOR);Carretera Presidente Fernando Belaúnde Terry;18/4/2023;-77.063784
A-2023-04-174;45:00.0;CHOQUE;1;0;2;CAJAMARCA;CAJAMARCA;LLACANORA;RURAL;CARRETERA;NACIONAL;PE-3N;-7.204042;DESPEJADO;COMERCIAL;TRAMO RECTO;PLANA ;ASFALTADA;NO;NULL;NULL;SI;IMPRUDENCIA DEL CONDUCTOR;CONDUCIR EN ESTADO DE EBRIEDAD Y/O DROGADICCIÓN;Llacanora;18/4/2023;-78.433789
A-2023-04-39;25:00.0;ATROPELLO;1;0;1;AREQUIPA;AREQUIPA;LA JOYA;URBANA;CALLE;URBANO;NO CORRESPONDE;-16.492913;DESPEJADO;RURAL;TRAMO RECTO;INCLINADA;ASFALTADA;NO;NULL;NULL;SI;EN PROCESO DE INVESTIGACIÓN;NO CUENTA CON CAUSA ESPECIFICA;Jirón Juan Velasco Alvarado;18/4/2023;-71.842191
A-2023-04-24;00:00.0;CHOQUE;1;1;3;ICA;PISCO;HUMAY;RURAL;CARRETERA;PROVINCIAL;IC-574;-13.736401;DESPEJADO;RURAL;TRAMO RECTO;PLANA ;TROCHA;NULL;NULL;NULL;NULL;EN PROCESO DE INVESTIGACIÓN;NO CUENTA CON CAUSA ESPECIFICA;Bernales;18/4/2023;-75.970388
A-2023-04-99;15:00.0;ESPECIAL;3;0;NULL;APURIMAC;ABANCAY;ABANCAY;RURAL;CARRETERA;NACIONAL;PE-3S;-13.687394;NULL;NULL;NULL;NULL;NULL;NULL;NULL;NULL;NULL;EN PROCESO DE INVESTIGACIÓN;NO CUENTA CON CAUSA ESPECIFICA;Carretera Longitudinal de la Sierra Sur;19/4/2023;-72.916174
A-2023-04-161;30:00.0;ATROPELLO FUGA;1;1;NULL;JUNIN;CHUPACA;HUAMANCACA CHICO;RURAL;CARRETERA;PROVINCIAL;JU-894;-12.075232;DESPEJADO;RURAL;TRAMO RECTO;PLANA ;ASFALTADA;NULL;NULL;NULL;NULL;EN PROCESO DE INVESTIGACIÓN;NO CUENTA CON CAUSA ESPECIFICA;Avenida Los Héroes;19/4/2023;-75.251694
A-2023-04-23;20:00.0;DESPISTE;1;0;NULL;PUNO;PUNO;CAPACHICA;RURAL;CARRETERA;DEPARTAMENTAL;PU-119;-15.601981;DESPEJADO;RURAL;TRAMO RECTO;PLANA ;ASFALTADA;NULL;NULL;NULL;NULL;IMPRUDENCIA DEL CONDUCTOR;EXCESO DE VELOCIDAD;Carretera Coata - Capachica;19/4/2023;-69.850646
A-2023-04-120;50:00.0;ATROPELLO FUGA;1;0;1;LIMA;HUAURA;SANTA MARIA;URBANA;CARRETERA;NACIONAL;PE-1N;-11.112826;DESPEJADO;RESIDENCIAL;TRAMO RECTO;INCLINADA;ASFALTADA;NULL;NULL;NULL;NULL;IMPRUDENCIA DEL PEATÓN;ESTADO DE EBRIEDAD Y/O DROGADICCIÓN;Avenida Felix B. Cárdenas;19/4/2023;-77.592396
A-2023-04-90;00:00.0;DESPISTE;2;0;1;LA LIBERTAD;SANCHEZ CARRION;CHUGAY;RURAL;CARRETERA;NACIONAL;PE-10C;-7.791238;DESPEJADO;RURAL;TRAMO RECTO;PLANA ;TROCHA;NULL;NULL;NULL;NULL;EN PROCESO DE INVESTIGACIÓN;NO CUENTA CON CAUSA ESPECIFICA;PE-10C;20/4/2023;-77.881626
A-2023-04-40;40:00.0;CHOQUE;1;2;2;AREQUIPA;CAYLLOMA;MAJES;RURAL;CARRETERA;SIN CLASIFICAR;SIN CLASIFICAR;-16.400155;DESPEJADO;RURAL;TRAMO RECTO;PLANA ;ASFALTADA;NO;NULL;NULL;SI;EN PROCESO DE INVESTIGACIÓN;NO CUENTA CON CAUSA ESPECIFICA;D2;20/4/2023;-72.236347
A-2023-04-93;20:00.0;ATROPELLO;1;0;1;LA LIBERTAD;VIRU;CHAO;URBANA;AVENIDA;URBANO;NO CORRESPONDE;-8.512744;DESPEJADO;INDUSTRIAL;TRAMO RECTO;PLANA ;ASFALTADA;NULL;NULL;NULL;NULL;IMPRUDENCIA DEL CONDUCTOR;OTRO (IMPRUDENCIA DEL CONDUCTOR);Nuevo Chao;20/4/2023;-78.680837
A-2023-04-62;00:00.0;DESPISTE;2;0;NULL;ANCASH;HUAYLAS;PUEBLO LIBRE;RURAL;CALLE;URBANO;NO CORRESPONDE;-9.142682;NULL;NULL;NULL;NULL;NULL;NULL;NULL;NULL;NULL;EN PROCESO DE INVESTIGACIÓN;NO CUENTA CON CAUSA ESPECIFICA;Marca;21/4/2023;-77.812473
A-2023-04-48;30:00.0;CHOQUE;1;0;2;CUSCO;CANAS;CHECCA;RURAL;CARRETERA;PROVINCIAL;CU-1789;-14.47453;DESPEJADO;RURAL;CURVA;PLANA ;TROCHA;NULL;NULL;NULL;NULL;IMPRUDENCIA DEL CONDUCTOR;EXCESO DE VELOCIDAD;Checca;21/4/2023;-71.39203
A-2023-04-149;30:00.0;ATROPELLO FUGA;1;0;NULL;LIMA;LIMA;LIMA;URBANA;AVENIDA;URBANO;NO CORRESPONDE;-12.059205;DESPEJADO;COMERCIAL;INTERSECCIÓN;PLANA ;ASFALTADA;NULL;NULL;NULL;NULL;EN PROCESO DE INVESTIGACIÓN;NO CUENTA CON CAUSA ESPECIFICA;Avenida García Naranjo;22/4/2023;-77.013558
A-2023-04-70;40:00.0;ATROPELLO FUGA;1;0;1;ICA;ICA;SALAS;RURAL;CARRETERA;NACIONAL;PE-1S;-13.930998;DESPEJADO;RURAL;TRAMO RECTO;PLANA ;ASFALTADA;NULL;NULL;NULL;NULL;EN PROCESO DE INVESTIGACIÓN;NO CUENTA CON CAUSA ESPECIFICA;Carretera Panamericana Sur;22/4/2023;-75.921602
A-2023-04-38;20:00.0;DESPISTE;2;0;NULL;PUNO;EL COLLAO;ILAVE;RURAL;CARRETERA;NACIONAL;PE-38A;-16.100205;DESPEJADO;RURAL;TRAMO RECTO;PLANA ;ASFALTADA;NULL;NULL;NULL;NULL;INFRAESTRUCTURA Y ENTORNO VIAL;OTRO (INFRAESTRUCTURA Y ENTORNO VIAL);Carretera Mazocruz - Ilave;22/4/2023;-69.637726
A-2023-04-105;00:00.0;DESPISTE;1;0;1;HUANUCO;LEONCIO PRADO;MARIANO DAMASO BERAUN;RURAL;CARRETERA;NACIONAL;PE-18A;-9.454686;DESPEJADO;RURAL;TRAMO RECTO;PLANA ;ASFALTADA;NULL;NULL;NULL;NULL;IMPRUDENCIA DEL CONDUCTOR;EXCESO DE VELOCIDAD;Carretera Central;22/4/2023;-75.974751
A-2023-04-148;40:00.0;ATROPELLO FUGA;1;0;NULL;LIMA;LIMA;ATE;URBANA;AVENIDA;URBANO;NO CORRESPONDE;-12.015991;DESPEJADO;INDUSTRIAL;CURVA;PLANA ;ASFALTADA;NULL;NULL;NULL;NULL;IMPRUDENCIA DEL CONDUCTOR;OTRO (IMPRUDENCIA DEL CONDUCTOR);Avenida Pedro Ruiz Gallo;22/4/2023;-76.890605
A-2023-04-41;00:00.0;CHOQUE;1;4;3;AREQUIPA;AREQUIPA;VITOR;RURAL;CARRETERA;NACIONAL;PE-1S;-16.463506;DESPEJADO;RURAL;TRAMO RECTO;INCLINADA;ASFALTADA;NO;NULL;NULL;SI;EN PROCESO DE INVESTIGACIÓN;NO CUENTA CON CAUSA ESPECIFICA;Carretera Panamericana Sur;22/4/2023;-71.953989
A-2023-04-183;02:00.0;CHOQUE;1;1;NULL;JUNIN;SATIPO;RIO NEGRO;RURAL;CARRETERA;NACIONAL;PE-5S;-11.212027;NULL;NULL;NULL;NULL;NULL;NULL;NULL;NULL;NULL;EN PROCESO DE INVESTIGACIÓN;NO CUENTA CON CAUSA ESPECIFICA;Carretera Longitudinal de la Selva Sur;22/4/2023;-74.657641
A-2023-04-35;20:00.0;CHOQUE;1;0;2;ICA;PISCO;INDEPENDENCIA;RURAL;CARRETERA;PROVINCIAL;IC-535;-13.599699;DESPEJADO;RURAL;OTRO;PLANA ;TROCHA;NULL;NULL;NULL;NULL;EN PROCESO DE INVESTIGACIÓN;NO CUENTA CON CAUSA ESPECIFICA;Independencia;22/4/2023;-76.028606
A-2023-04-33;45:00.0;ATROPELLO;1;0;1;SAN MARTIN;RIOJA;ELIAS SOPLIN VARGAS;URBANA;CARRETERA;NACIONAL;PE-5NI;-5.972135;DESPEJADO;COMERCIAL;TRAMO RECTO;PLANA ;ASFALTADA;NO;NULL;NULL;NO;EN PROCESO DE INVESTIGACIÓN;NO CUENTA CON CAUSA ESPECIFICA;Carretera Presidente Fernando Belaúnde Terry;22/4/2023;-77.29197
A-2023-04-175;30:00.0;DESPISTE;1;0;1;CAJAMARCA;CAJAMARCA;CAJAMARCA;URBANA;CARRETERA;NACIONAL;PE-3N;-7.185274;DESPEJADO;COMERCIAL;TRAMO RECTO;PLANA ;ASFALTADA;NO;NULL;NULL;SI;IMPRUDENCIA DEL CONDUCTOR;CONDUCIR EN ESTADO DE EBRIEDAD Y/O DROGADICCIÓN;Carretera Longitudinal de la Sierra Norte;22/4/2023;-78.477139
A-2023-04-92;00:00.0;ATROPELLO FUGA;1;0;NULL;LA LIBERTAD;VIRU;GUADALUPITO;RURAL;CARRETERA;NACIONAL;PE-1N;-8.819418;DESPEJADO;RURAL;TRAMO RECTO;PLANA ;ASFALTADA;NULL;NULL;NULL;NULL;EN PROCESO DE INVESTIGACIÓN;NO CUENTA CON CAUSA ESPECIFICA;Panamericana Norte;22/4/2023;-78.656487
A-2023-04-184;30:00.0;ATROPELLO;1;0;NULL;JUNIN;SATIPO;SATIPO;NULL;CARRETERA;NACIONAL;PE-5S;-11.244929;NULL;NULL;NULL;NULL;NULL;NULL;NULL;NULL;NULL;EN PROCESO DE INVESTIGACIÓN;NO CUENTA CON CAUSA ESPECIFICA;Carretera Longitudinal de la Selva Sur;22/4/2023;-74.582496
A-2023-04-169;00:00.0;DESPISTE;1;0;1;AYACUCHO;HUANTA;IGUAIN;RURAL;CARRETERA;PROVINCIAL;AY-637;-12.990998;DESPEJADO;RURAL;CURVA;INCLINADA;AFIRMADO;NULL;NULL;NULL;NULL;IMPRUDENCIA DEL CONDUCTOR;CONDUCIR EN ESTADO DE EBRIEDAD Y/O DROGADICCIÓN;Macachacra;23/4/2023;-74.211978
A-2023-04-46;30:00.0;CHOQUE;1;1;2;CUSCO;CALCA;CALCA;RURAL;CARRETERA;DEPARTAMENTAL;CU-105;-13.302764;DESPEJADO;RURAL;CURVA;INCLINADA;ASFALTADA;SI;PREVENTIVA (P);NULL;SI;IMPRUDENCIA DEL CONDUCTOR;EXCESO DE VELOCIDAD;CU-105;23/4/2023;-71.946036
A-2023-04-55;30:00.0;ATROPELLO;1;0;NULL;HUANCAVELICA;ANGARAES;HUAYLLAY GRANDE;RURAL;CARRETERA;DEPARTAMENTAL;HV-108;-12.929605;NULL;NULL;NULL;NULL;NULL;NULL;NULL;NULL;NULL;EN PROCESO DE INVESTIGACIÓN;NO CUENTA CON CAUSA ESPECIFICA;HV-108;23/4/2023;-74.683736
A-2023-04-146;20:00.0;ATROPELLO;1;0;NULL;LIMA;LIMA;SAN JUAN DE LURIGANCHO;URBANA;AVENIDA;URBANO;NO CORRESPONDE;-12.014321;DESPEJADO;COMERCIAL;TRAMO RECTO;PLANA ;ASFALTADA;NULL;NULL;NULL;NULL;IMPRUDENCIA DEL CONDUCTOR;EXCESO DE VELOCIDAD;Avenida Próceres de la Independencia;23/4/2023;-77.001727
A-2023-04-138;10:00.0;ATROPELLO;1;0;NULL;LIMA;LIMA;VILLA MARIA DEL TRIUNFO;URBANA;AVENIDA;URBANO;NO CORRESPONDE;-12.170912;DESPEJADO;RESIDENCIAL;CURVA;PLANA ;ASFALTADA;NULL;NULL;NULL;NULL;IMPRUDENCIA DEL CONDUCTOR;OTRO (IMPRUDENCIA DEL CONDUCTOR);Avenida María Parado de Bellido;23/4/2023;-76.946248
A-2023-04-136;30:00.0;CHOQUE;1;0;NULL;LIMA;LIMA;ATE;URBANA;CARRETERA;NACIONAL;PE-22;-12.008281;DESPEJADO;COMERCIAL;TRAMO RECTO;INCLINADA;ASFALTADA;NULL;NULL;NULL;NULL;IMPRUDENCIA DEL CONDUCTOR;OTRO (IMPRUDENCIA DEL CONDUCTOR);Carretera Central;24/4/2023;-76.860416
A-2023-04-107;00:00.0;ATROPELLO FUGA;1;0;1;PIURA;PIURA;CASTILLA;RURAL;CARRETERA;NACIONAL;PE-1NJ;-5.229634;DESPEJADO;COMERCIAL;TRAMO RECTO;PLANA ;ASFALTADA;NULL;NULL;NULL;NULL;EN PROCESO DE INVESTIGACIÓN;NO CUENTA CON CAUSA ESPECIFICA;Avenida Progreso;24/4/2023;-80.633425
A-2023-04-36;45:00.0;DESPISTE;1;0;1;HUANCAVELICA;HUAYTARA;HUAYTARA;RURAL;CARRETERA;NACIONAL;PE-28A;-13.572986;DESPEJADO;RURAL;CURVA;INCLINADA;ASFALTADA;NULL;NULL;NULL;NULL;EN PROCESO DE INVESTIGACIÓN;NO CUENTA CON CAUSA ESPECIFICA;Vía de los Libertadores;24/4/2023;-75.248862