CÓDIGO SINIESTRO;HORA SINIESTRO;CLASE SINIESTRO;CANTIDAD DE FALLECIDOS;CANTIDAD DE LESIONADOS;CANTIDAD DE VEHICULOS DAÑADOS;DEPARTAMENTO;PROVINCIA;DISTRITO;ZONA;TIPO DE VÍA;RED VIAL;COD CARRETERA;COORDENADAS LATITUD;CONDICIÓN CLIMÁTICA;ZONIFICACIÓN;CARACTERÍSTICAS DE VÍA;PERFIL LONGITUDINAL VÍA;SUPERFICIE DE CALZADA;¿EXISTE SEÑAL VERTICAL?;CLASIFICACIÓN DE LA SEÑAL VERTICAL Nº 1;CLASIFICACIÓN DE LA SEÑAL VERTICAL Nº 2;¿EXISTE SEÑAL HORIZONTAL?;CAUSA FACTOR PRINCIPAL;CAUSA ESPECÍFICA;UBICACION;FECHA SINIESTRO;COORDENADAS LONGITUD
A-2023-04-137;30:00.0;DESPISTE;1;0;NULL;LIMA;LIMA;SAN MARTIN DE PORRES;URBANA;AVENIDA;URBANO;NO CORRESPONDE;-12.030359;DESPEJADO;RESIDENCIAL;TRAMO RECTO;PLANA ;ASFALTADA;NO;NULL;NULL;SI;IMPRUDENCIA DEL CONDUCTOR;OTRO (IMPRUDENCIA DEL CONDUCTOR);Jirón Nicolás de Pierola;24/4/2023;-77.060536
A-2023-04-71;00:00.0;CHOQUE;1;11;2;AREQUIPA;AREQUIPA;SACHACA;URBANA;CARRETERA;NACIONAL;PE-34C;-16.409559;DESPEJADO;RESIDENCIAL;TRAMO RECTO;PLANA ;ASFALTADA;NO;NULL;NULL;SI;EN PROCESO DE INVESTIGACIÓN;NO CUENTA CON CAUSA ESPECIFICA;Variante Uchumayo;24/4/2023;-71.558439
A-2023-04-135;20:00.0;ATROPELLO;1;0;NULL;LIMA;LIMA;SANTA ANITA;URBANA;AVENIDA;URBANO;NO CORRESPONDE;-12.053446;DESPEJADO;COMERCIAL;TRAMO RECTO;PLANA ;ASFALTADA;SI;INFORMATIVA (I);NULL;SI;IMPRUDENCIA DEL CONDUCTOR;OTRO (IMPRUDENCIA DEL CONDUCTOR);Avenida Los Ruiseñores;24/4/2023;-76.965253
A-2023-04-133;30:00.0;CAÍDA DE PASAJERO;1;0;NULL;LIMA;LIMA;PUNTA HERMOSA;RURAL;AVENIDA;URBANO;NO CORRESPONDE;-12.303466;DESPEJADO;RURAL;TRAMO RECTO;INCLINADA;TROCHA;NULL;NULL;NULL;NULL;IMPRUDENCIA DEL CONDUCTOR;OTRO (IMPRUDENCIA DEL CONDUCTOR);Avenida Pampa Pacta;24/4/2023;-76.780648
A-2023-04-72;20:00.0;CHOQUE;5;0;2;AREQUIPA;AREQUIPA;YURA;RURAL;CARRETERA;NACIONAL;PE-1N;-16.250302;DESPEJADO;RURAL;TRAMO RECTO;PLANA ;ASFALTADA;NO;NULL;NULL;SI;EN PROCESO DE INVESTIGACIÓN;NO CUENTA CON CAUSA ESPECIFICA;Vía Interoceánica Sur - Tramo 5;24/4/2023;-71.67779
A-2023-04-110;50:00.0;DESPISTE;1;1;NULL;PIURA;HUANCABAMBA;HUANCABAMBA;RURAL;CARRETERA;PROVINCIAL;PI-840;-5.189273;DESPEJADO;RURAL;CURVA;INCLINADA;AFIRMADO;NULL;NULL;NULL;NULL;IMPRUDENCIA DEL CONDUCTOR;EXCESO DE VELOCIDAD;PI-840;24/4/2023;-79.469869
A-2023-04-162;40:00.0;CHOQUE;2;0;NULL;JUNIN;CONCEPCION;CONCEPCION;RURAL;CARRETERA;NACIONAL;PE-3S;-11.908615;DESPEJADO;RURAL;TRAMO RECTO;PLANA ;ASFALTADA;NO;NULL;NULL;SI;IMPRUDENCIA DEL CONDUCTOR;OTRO (IMPRUDENCIA DEL CONDUCTOR);Carretera Longitudinal de la Sierra Sur;25/4/2023;-75.329813
A-2023-04-114;30:00.0;DESPISTE;1;3;1;ICA;CHINCHA;GROCIO PRADO;RURAL;CARRETERA;NACIONAL;PE-1S;-13.383238;DESPEJADO;RURAL;TRAMO RECTO;PLANA ;ASFALTADA;NULL;NULL;NULL;NULL;EN PROCESO DE INVESTIGACIÓN;NO CUENTA CON CAUSA ESPECIFICA;Carretera Panamericana Sur;25/4/2023;-76.204166
A-2023-04-50;00:00.0;CHOQUE;1;1;2;CUSCO;CHUMBIVILCAS;COLQUEMARCA;RURAL;CARRETERA;DEPARTAMENTAL;CU-119;-14.308751;DESPEJADO;RURAL;CURVA;INCLINADA;ASFALTADA;SI;PREVENTIVA (P);NULL;SI;IMPRUDENCIA DEL CONDUCTOR;INVASIÓN DE CARRIL;CU-119;25/4/2023;-72.044617
A-2023-04-37;30:00.0;DESPISTE;1;0;1;ICA;PALPA;LLIPATA;RURAL;CARRETERA;NACIONAL;PE-1S;-14.55633;DESPEJADO;RURAL;TRAMO RECTO;PLANA ;ASFALTADA;NULL;NULL;NULL;NULL;EN PROCESO DE INVESTIGACIÓN;NO CUENTA CON CAUSA ESPECIFICA;Carretera Panamericana Sur;25/4/2023;-75.200388
A-2023-04-134;20:00.0;CHOQUE;1;0;NULL;LIMA;LIMA;ATE;RURAL;AVENIDA;URBANO;NO CORRESPONDE;-12.020831;DESPEJADO;ESCOLAR;CURVA;INCLINADA;ASFALTADA;NULL;NULL;NULL;NULL;IMPRUDENCIA DEL CONDUCTOR;OTRO (IMPRUDENCIA DEL CONDUCTOR);Avenida Andrés Avelino Cáceres;25/4/2023;-76.811399
A-2023-04-57;30:00.0;ATROPELLO;1;0;1;SAN MARTIN;RIOJA;AWAJUN;URBANA;CARRETERA;NACIONAL;PE-5N;-5.802748;DESPEJADO;COMERCIAL;TRAMO RECTO;PLANA ;ASFALTADA;NULL;NULL;NULL;NULL;IMPRUDENCIA DEL PEATÓN;OTRO (IMPRUDENCIA DEL PEATÓN);Carretera Presidente Fernando Belaúnde Terry;25/4/2023;-77.40234
A-2023-04-164;00:00.0;CHOQUE FUGA;1;0;1;TACNA;TACNA;TACNA;RURAL;CARRETERA;NACIONAL;PE-1SD;-18.088136;DESPEJADO;RURAL;TRAMO RECTO;PLANA ;ASFALTADA;NULL;NULL;NULL;NULL;EN PROCESO DE INVESTIGACIÓN;NO CUENTA CON CAUSA ESPECIFICA;Carretera Costanera Sur;25/4/2023;-70.326796
A-2023-04-177;20:00.0;CHOQUE;1;0;2;TACNA;TACNA;LA YARADA LOS PALOS;RURAL;CARRETERA;PROVINCIAL;TA-642;-18.164697;DESPEJADO;RURAL;TRAMO RECTO;PLANA ;ASFALTADA;NULL;NULL;NULL;NULL;IMPRUDENCIA DEL CONDUCTOR;EXCESO DE VELOCIDAD;Carretera La Yarada - Los Palos;26/4/2023;-70.437519
A-2023-04-106;30:00.0;ATROPELLO;1;0;1;PIURA;PIURA;CATACAOS;URBANA;CARRETERA;NACIONAL;PE-1NK;-5.271774;DESPEJADO;COMERCIAL;TRAMO RECTO;PLANA ;ASFALTADA;NULL;NULL;NULL;NULL;IMPRUDENCIA DEL CONDUCTOR;EXCESO DE VELOCIDAD;Catacaos;26/4/2023;-80.673656
A-2023-04-94;40:00.0;CHOQUE;1;0;2;LA LIBERTAD;TRUJILLO;LAREDO;RURAL;CARRETERA;PROVINCIAL;LI-733;-8.092578;DESPEJADO;RURAL;TRAMO RECTO;PLANA ;ASFALTADA;NULL;NULL;NULL;NULL;IMPRUDENCIA DEL CONDUCTOR;OTRO (IMPRUDENCIA DEL CONDUCTOR);Avenida Pumacahua;26/4/2023;-78.967941
A-2023-04-73;40:00.0;ATROPELLO;1;0;1;AREQUIPA;AREQUIPA;YURA;URBANA;CARRETERA;NACIONAL;PE-34A;-16.250338;DESPEJADO;COMERCIAL;CURVA;PLANA ;ASFALTADA;NO;NULL;NULL;SI;EN PROCESO DE INVESTIGACIÓN;NO CUENTA CON CAUSA ESPECIFICA;Vía Interoceánica Sur - Tramo 5;27/4/2023;-71.67779
A-2023-04-131;23:00.0;ATROPELLO FUGA;1;0;NULL;LIMA;LIMA;LURIGANCHO;URBANA;AVENIDA;URBANO;NO CORRESPONDE;-12.007771;DESPEJADO;INDUSTRIAL;INTERSECCIÓN;PLANA ;ASFALTADA;NULL;NULL;NULL;NULL;EN PROCESO DE INVESTIGACIÓN;NO CUENTA CON CAUSA ESPECIFICA;Calle Las Moreras;27/4/2023;-76.920436
A-2023-04-56;30:00.0;DESPISTE;1;0;1;HUANCAVELICA;HUANCAVELICA;PILCHACA;RURAL;CARRETERA;PROVINCIAL;HV-930;-12.398508;SOLEADO;RURAL;SINUOSA;PLANA ;TROCHA;NULL;NULL;NULL;NULL;EN PROCESO DE INVESTIGACIÓN;NO CUENTA CON CAUSA ESPECIFICA;Pilchaca;27/4/2023;-75.099057
A-2023-04-132;31:00.0;ATROPELLO FUGA;1;0;NULL;LIMA;LIMA;LA MOLINA;URBANA;CARRETERA;NACIONAL;PE-1S;-12.075539;DESPEJADO;RESIDENCIAL;TRAMO RECTO;PLANA ;ASFALTADA;SI;REGULADORA (R);NULL;SI;EN PROCESO DE INVESTIGACIÓN;NO CUENTA CON CAUSA ESPECIFICA;Vía de Evitamiento;27/4/2023;-76.974923
A-2023-04-53;10:00.0;DESPISTE;1;0;1;CUSCO;PARURO;ACCHA;RURAL;CARRETERA;DEPARTAMENTAL;CU-117;-13.971529;DESPEJADO;RURAL;TRAMO RECTO;PLANA ;AFIRMADO;NULL;NULL;NULL;NULL;IMPRUDENCIA DEL CONDUCTOR;CONDUCIR EN ESTADO DE EBRIEDAD Y/O DROGADICCIÓN;CU-117;27/4/2023;-71.82597
A-2023-04-129;50:00.0;ATROPELLO;1;0;NULL;LIMA;LIMA;SAN JUAN DE LURIGANCHO;URBANA;AVENIDA;URBANO;NO CORRESPONDE;-12.002688;DESPEJADO;COMERCIAL;INTERSECCIÓN;PLANA ;ASFALTADA;NULL;NULL;NULL;NULL;IMPRUDENCIA DEL CONDUCTOR;OTRO (IMPRUDENCIA DEL CONDUCTOR);Avenida Santa Rosa de Lima;27/4/2023;-76.999031
A-2023-04-121;10:00.0;ATROPELLO;1;0;NULL;LIMA;LIMA;BARRANCO;URBANA;AVENIDA;URBANO;NO CORRESPONDE;-12.15349;DESPEJADO;ESCOLAR;INTERSECCIÓN;INCLINADA;ASFALTADA;SI;PREVENTIVA (P);REGULADORA (R);SI;IMPRUDENCIA DEL CONDUCTOR;OTRO (IMPRUDENCIA DEL CONDUCTOR);Avenida Panamericana Sur;28/4/2023;-77.019626
A-2023-04-178;20:00.0;DESPISTE;1;0;1;TACNA;TACNA;POCOLLAY;URBANA;AVENIDA;URBANO;NO CORRESPONDE;-17.986381;DESPEJADO;RESIDENCIAL;CURVA;PLANA ;ASFALTADA;NULL;NULL;NULL;NULL;IMPRUDENCIA DEL CONDUCTOR;CONDUCIR EN ESTADO DE EBRIEDAD Y/O DROGADICCIÓN;Avenida Artesanal E;28/4/2023;-70.222989
A-2023-04-163;20:00.0;CHOQUE;1;0;NULL;JUNIN;HUANCAYO;HUANCAN;URBANA;CARRETERA;NACIONAL;PE-3S;-12.116567;DESPEJADO;RURAL;CURVA;PLANA ;ASFALTADA;SI;REGULADORA (R);NULL;SI;IMPRUDENCIA DEL CONDUCTOR;OTRO (IMPRUDENCIA DEL CONDUCTOR);Carretera Longitudinal de la Sierra Sur;28/4/2023;-75.216672
A-2023-04-102;40:00.0;CHOQUE;1;0;2;PASCO;PASCO;YANACANCHA;RURAL;CARRETERA;NACIONAL;PE-3N;-10.626955;DESPEJADO;RURAL;CURVA;INCLINADA;ASFALTADA;NULL;NULL;NULL;NULL;IMPRUDENCIA DEL CONDUCTOR;INVASIÓN DE CARRIL;Carretera Longitudinal de la Sierra Norte;28/4/2023;-76.177053
A-2023-04-176;35:00.0;DESPISTE;1;0;1;CAJAMARCA;CHOTA;CHOTA;RURAL;CARRETERA;NACIONAL;PE-3N;-6.543833;DESPEJADO;INDUSTRIAL;CURVA;PLANA ;ASFALTADA;NO;NULL;NULL;SI;IMPRUDENCIA DEL CONDUCTOR;CONDUCIR EN ESTADO DE EBRIEDAD Y/O DROGADICCIÓN;Carretera Longitudinal de la Sierra Norte;29/4/2023;-78.681006
A-2023-04-54;00:00.0;CHOQUE;1;0;2;CUSCO;CUSCO;CUSCO;RURAL;CARRETERA;NACIONAL;PE-3S;-13.503908;DESPEJADO;RURAL;TRAMO RECTO;INCLINADA;ASFALTADA;SI;REGULADORA (R);REGULADORA (R);SI;IMPRUDENCIA DEL CONDUCTOR;EXCESO DE VELOCIDAD;Carretera Longitudinal de la Sierra Sur;29/4/2023;-72.019702
A-2023-04-58;10:00.0;CHOQUE;1;0;2;SAN MARTIN;RIOJA;NUEVA CAJAMARCA;RURAL;CARRETERA;NACIONAL;PE-5N;-5.959961;DESPEJADO;RURAL;TRAMO RECTO;PLANA ;ASFALTADA;SI;REGULADORA (R);REGULADORA (R);NO;IMPRUDENCIA DEL CONDUCTOR;OTRO (IMPRUDENCIA DEL CONDUCTOR);Nueva Cajamarca;29/4/2023;-77.298212
A-2023-04-95;00:00.0;CHOQUE;1;0;3;LA LIBERTAD;TRUJILLO;TRUJILLO;RURAL;CARRETERA;NACIONAL;PE-10A;-8.130204;DESPEJADO;RURAL;TRAMO RECTO;PLANA ;ASFALTADA;NULL;NULL;NULL;NULL;IMPRUDENCIA DEL CONDUCTOR;DESACATO DE SEÑAL DE TRÁNSITO;Carretera Industrial;29/4/2023;-79.013658
A-2023-04-61;45:00.0;DESPISTE;4;0;1;HUANCAVELICA;CASTROVIRREYNA;ARMA;RURAL;CARRETERA;NACIONAL;PE-26;-13.134932;DESPEJADO;RURAL;CURVA;PLANA ;ASFALTADA;NULL;NULL;NULL;NULL;EN PROCESO DE INVESTIGACIÓN;NO CUENTA CON CAUSA ESPECIFICA;Carretera Chincha - Huancavelica;29/4/2023;-75.54407
A-2023-04-97;00:00.0;ATROPELLO;1;0;1;LA LIBERTAD;TRUJILLO;TRUJILLO;URBANA;AVENIDA;URBANO;NO CORRESPONDE;-8.111718;DESPEJADO;COMERCIAL;INTERSECCIÓN;PLANA ;ASFALTADA;NULL;NULL;NULL;NULL;IMPRUDENCIA DEL CONDUCTOR;OTRO (IMPRUDENCIA DEL CONDUCTOR);Avenida José María Eguren;29/4/2023;-79.018851
A-2023-04-100;00:00.0;DESPISTE;1;0;NULL;APURIMAC;ABANCAY;CURAHUASI;RURAL;CARRETERA;SIN CLASIFICAR;SIN CLASIFICAR;-13.745648;NULL;NULL;NULL;NULL;NULL;NULL;NULL;NULL;NULL;EN PROCESO DE INVESTIGACIÓN;NO CUENTA CON CAUSA ESPECIFICA;AP-112;29/4/2023;-72.50447
A-2023-04-128;00:00.0;VOLCADURA;1;0;NULL;LIMA;LIMA;VILLA EL SALVADOR;RURAL;CARRETERA;NACIONAL;PE-1S;-12.242372;DESPEJADO;RURAL;TRAMO RECTO;PLANA ;ASFALTADA;NULL;NULL;NULL;NULL;EN PROCESO DE INVESTIGACIÓN;NO CUENTA CON CAUSA ESPECIFICA;Carretera Panamericana Sur;29/4/2023;-76.944312
A-2023-04-127;45:00.0;CHOQUE;2;0;NULL;LIMA;LIMA;CARABAYLLO;URBANA;AVENIDA;URBANO;NO CORRESPONDE;-11.873538;DESPEJADO;COMERCIAL;INTERSECCIÓN;INCLINADA;ASFALTADA;SI;PREVENTIVA (P);NULL;NO;EN PROCESO DE INVESTIGACIÓN;NO CUENTA CON CAUSA ESPECIFICA;Avenida Manuel Prado;29/4/2023;-77.015612
A-2023-04-122;15:00.0;DESPISTE;1;0;NULL;LIMA;LIMA;MIRAFLORES;URBANA;AVENIDA;URBANO;NO CORRESPONDE;-12.108733;DESPEJADO;RESIDENCIAL;INTERSECCIÓN;PLANA ;ASFALTADA;SI;REGULADORA (R);NULL;SI;EN PROCESO DE INVESTIGACIÓN;NO CUENTA CON CAUSA ESPECIFICA;Avenida Paseo de la República;29/4/2023;-77.026689
A-2023-04-96;00:00.0;DESPISTE;1;0;1;LA LIBERTAD;PACASMAYO;SAN PEDRO DE LLOC;RURAL;CARRETERA;NACIONAL;PE-1N;-7.478889;DESPEJADO;RURAL;TRAMO RECTO;PLANA ;ASFALTADA;NULL;NULL;NULL;NULL;IMPRUDENCIA DEL CONDUCTOR;CONDUCIR EN ESTADO DE EBRIEDAD Y/O DROGADICCIÓN;Carretera Panamericana Norte;29/4/2023;-79.420416
A-2023-04-68;30:00.0;ATROPELLO FUGA;1;0;NULL;CUSCO;ANTA;LIMATAMBO;RURAL;CARRETERA;PROVINCIAL;CU-1232;-13.473426;DESPEJADO;RURAL;TRAMO RECTO;PLANA ;AFIRMADO;NULL;NULL;NULL;NULL;EN PROCESO DE INVESTIGACIÓN;NO CUENTA CON CAUSA ESPECIFICA;Choquemarca;29/4/2023;-72.398721
A-2023-04-101;30:00.0;CHOQUE;1;0;1;PUNO;SAN ROMAN;CARACOTO;RURAL;CARRETERA;DEPARTAMENTAL;PU-120;-15.555495;DESPEJADO;RURAL;TRAMO RECTO;PLANA ;ASFALTADA;NULL;NULL;NULL;NULL;INFRAESTRUCTURA Y ENTORNO VIAL;SUPERFICIE DETERIORADA;Carretera Coata - Juliaca;29/4/2023;-70.019702
A-2023-04-126;00:00.0;ATROPELLO;1;0;NULL;LIMA;LIMA;CARABAYLLO;URBANA;AVENIDA;URBANO;NO CORRESPONDE;-11.898647;DESPEJADO;COMERCIAL;TRAMO RECTO;PLANA ;ASFALTADA;NULL;NULL;NULL;NULL;EN PROCESO DE INVESTIGACIÓN;NO CUENTA CON CAUSA ESPECIFICA;Avenida Universitaria;30/4/2023;-77.03846
A-2023-04-74;00:00.0;DESPISTE;1;0;1;AREQUIPA;ISLAY;COCACHACRA;RURAL;CARRETERA;NACIONAL;PE-1S;-16.980637;DESPEJADO;RURAL;CURVA;INCLINADA;ASFALTADA;NO;NULL;NULL;SI;EN PROCESO DE INVESTIGACIÓN;NO CUENTA CON CAUSA ESPECIFICA;Carretera Panamericana Sur;30/4/2023;-71.774132
A-2023-04-125;30:00.0;CHOQUE;1;9;NULL;LIMA;LIMA;VILLA EL SALVADOR;URBANA;AVENIDA;URBANO;NO CORRESPONDE;-12.226382;DESPEJADO;RESIDENCIAL;INTERSECCIÓN;PLANA ;ASFALTADA;NULL;NULL;NULL;NULL;IMPRUDENCIA DEL CONDUCTOR;EXCESO DE VELOCIDAD;Avenida Micaela Bastidas;30/4/2023;-76.935456
A-2023-04-123;30:00.0;DESPISTE;2;1;NULL;LIMA;LIMA;EL AGUSTINO;URBANA;CARRETERA;NACIONAL;PE-22;-12.030709;DESPEJADO;INDUSTRIAL;TRAMO RECTO;PLANA ;ASFALTADA;NULL;NULL;NULL;NULL;NEGLIGENCIA DEL CONDUCTOR;OTRO (NEGLIGENCIA DEL CONDUCTOR);Autopista Ramiro Prialé;30/4/2023;-76.983637
A-2023-04-168;10:00.0;ATROPELLO;1;0;1;AYACUCHO;HUAMANGA;QUINUA;URBANA;CARRETERA;NACIONAL;PE-28B;-13.039201;DESPEJADO;RESIDENCIAL;TRAMO RECTO;INCLINADA;ASFALTADA;SI;PREVENTIVA (P);REGULADORA (R);NO;IMPRUDENCIA DEL PEATÓN;ESTADO DE EBRIEDAD Y/O DROGADICCIÓN;Avenida Sin Numero;30/4/2023;-74.133817
A-2023-05-159;02:00.0;CHOQUE CON OBJETO FIJO;1;0;1;CAJAMARCA;JAEN;JAEN;URBANA;AVENIDA;URBANO;NO CORRESPONDE;-5.702527;DESPEJADO;INDUSTRIAL;INTERSECCIÓN;INCLINADA;CONCRETO;NULL;NULL;NULL;NULL;IMPRUDENCIA DEL CONDUCTOR;EXCESO DE VELOCIDAD;Iquitos;1/5/2023;-78.80209
A-2023-05-55;00:00.0;DESPISTE;1;0;1;LA LIBERTAD;OTUZCO;SALPO;RURAL;CARRETERA;NACIONAL;PE-10A;-7.979006;DESPEJADO;RURAL;TRAMO RECTO;PLANA ;ASFALTADA;NULL;NULL;NULL;NULL;IMPRUDENCIA DEL CONDUCTOR;GIRAR IMPRUDENTEMENTE;Carretera Trujillo - Huamachuco;1/5/2023;-78.648122
A-2023-05-2;30:00.0;ATROPELLO;1;0;0;ICA;NASCA;NASCA;URBANA;CARRETERA;NACIONAL;PE-30A;-14.835418;SOLEADO;COMERCIAL;TRAMO RECTO;PLANA ;ASFALTADA;SI;PREVENTIVA (P);PREVENTIVA (P);NO;IMPRUDENCIA DEL PEATÓN;CRUCE INDEBIDO POR LA CALZADA;Carretera Nasca - Abancay;1/5/2023;-74.924616
A-2023-05-157;31:00.0;ESPECIAL;1;0;1;CAJAMARCA;CAJAMARCA;CAJAMARCA;URBANA;PASAJE;URBANO;NO CORRESPONDE;-7.169774;DESPEJADO;COMERCIAL;TRAMO RECTO;PLANA ;AFIRMADO;NULL;NULL;NULL;NULL;EN PROCESO DE INVESTIGACIÓN;NO CUENTA CON CAUSA ESPECIFICA;Avenida Aurelio Pastor Cueva;1/5/2023;-78.493001
A-2023-05-160;30:00.0;CHOQUE;1;3;3;CAJAMARCA;SAN IGNACIO;SAN IGNACIO;RURAL;CARRETERA;NACIONAL;PE-5N;-5.11516;DESPEJADO;INDUSTRIAL;CURVA;INCLINADA;ASFALTADA;SI;PREVENTIVA (P);NULL;SI;IMPRUDENCIA DEL CONDUCTOR;EXCESO DE VELOCIDAD;Mariano Melgar;1/5/2023;-78.970649
A-2023-05-34;40:00.0;CHOQUE;1;0;2;CUSCO;CANCHIS;SICUANI;RURAL;CARRETERA;NACIONAL;PE-3S;-14.221547;DESPEJADO;RURAL;TRAMO RECTO;PLANA ;ASFALTADA;NO;NULL;NULL;SI;IMPRUDENCIA DEL CONDUCTOR;OTRO (IMPRUDENCIA DEL CONDUCTOR);Carretera Longitudinal de la Sierra Sur;1/5/2023;-71.28787
A-2023-05-1;40:00.0;CHOQUE FUGA;1;0;NULL;PUNO;PUNO;CAPACHICA;RURAL;CARRETERA;DEPARTAMENTAL;PU-119;-15.61818;DESPEJADO;RURAL;TRAMO RECTO;PLANA ;ASFALTADA;NULL;NULL;NULL;NULL;EN PROCESO DE INVESTIGACIÓN;NO CUENTA CON CAUSA ESPECIFICA;PU-119;1/5/2023;-69.836928
A-2023-05-52;30:00.0;ATROPELLO;1;0;1;LA LIBERTAD;ASCOPE;CHICAMA;URBANA;CARRETERA;NACIONAL;PE-1N;-7.948986;DESPEJADO;COMERCIAL;TRAMO RECTO;PLANA ;ASFALTADA;NULL;NULL;NULL;NULL;EN PROCESO DE INVESTIGACIÓN;NO CUENTA CON CAUSA ESPECIFICA;Chicama;1/5/2023;-79.09301
A-2023-05-53;00:00.0;CHOQUE;1;0;2;LA LIBERTAD;VIRU;GUADALUPITO;RURAL;CARRETERA;NACIONAL;PE-1N;-8.910318;DESPEJADO;RURAL;TRAMO RECTO;PLANA ;ASFALTADA;NULL;NULL;NULL;NULL;IMPRUDENCIA DEL PEATÓN;CRUCE INDEBIDO POR LA CALZADA;Panamericana Norte;1/5/2023;-78.639243
A-2023-05-106;30:00.0;CHOQUE;1;12;3;ICA;CHINCHA;GROCIO PRADO;RURAL;CARRETERA;NACIONAL;PE-1S;-13.336721;DESPEJADO;RURAL;TRAMO RECTO;PLANA ;ASFALTADA;NULL;NULL;NULL;NULL;EN PROCESO DE INVESTIGACIÓN;NO CUENTA CON CAUSA ESPECIFICA;Carretera Panamericana Sur;1/5/2023;-76.233743
A-2023-05-146;45:00.0;DESPISTE;1;1;NULL;UCAYALI;CORONEL PORTILLO;MANANTAY;URBANA;AVENIDA;URBANO;NO CORRESPONDE;-8.398294;DESPEJADO;COMERCIAL;CURVA;PLANA ;CONCRETO;SI;PREVENTIVA (P);NULL;NO;IMPRUDENCIA DEL CONDUCTOR;CONDUCIR EN ESTADO DE EBRIEDAD Y/O DROGADICCIÓN;Avenida Túpac Amaru;1/5/2023;-74.559825
A-2023-05-156;30:00.0;VOLCADURA;1;0;1;CAJAMARCA;CAJAMARCA;NAMORA;RURAL;CARRETERA;PROVINCIAL;CA-1504;-7.158879;DESPEJADO;INDUSTRIAL;CURVA;INCLINADA;AFIRMADO;NULL;NULL;NULL;NULL;IMPRUDENCIA DEL CONDUCTOR;CONDUCIR EN ESTADO DE EBRIEDAD Y/O DROGADICCIÓN;CA-1509;2/5/2023;-78.210876
A-2023-05-54;30:00.0;DESPISTE;1;0;1;LA LIBERTAD;VIRU;CHAO;RURAL;CARRETERA;PROVINCIAL;LI-1193;-8.491731;DESPEJADO;RURAL;TRAMO RECTO;PLANA ;ASFALTADA;NULL;NULL;NULL;NULL;EN PROCESO DE INVESTIGACIÓN;NO CUENTA CON CAUSA ESPECIFICA;El Inca;2/5/2023;-78.616756
A-2023-05-56;00:00.0;CHOQUE;1;0;2;LA LIBERTAD;VIRU;CHAO;RURAL;CARRETERA;NACIONAL;PE-1N;-8.588582;DESPEJADO;RURAL;TRAMO RECTO;PLANA ;ASFALTADA;NULL;NULL;NULL;NULL;IMPRUDENCIA DEL CONDUCTOR;FATIGA Y/O CANSANCIO;Panamericana Norte;2/5/2023;-78.668333
A-2023-05-57;50:00.0;DESPISTE;2;0;1;LA LIBERTAD;CHEPEN;CHEPEN;RURAL;CARRETERA;NACIONAL;PE-08;-7.279488;DESPEJADO;RURAL;TRAMO RECTO;PLANA ;AFIRMADO;NULL;NULL;NULL;NULL;IMPRUDENCIA DEL CONDUCTOR;OTRO (IMPRUDENCIA DEL CONDUCTOR);Carretera Ciudad de Dios - Cajamarca;2/5/2023;-79.309008
A-2023-05-103;30:00.0;CHOQUE;2;0;NULL;LORETO;MAYNAS;SAN JUAN BAUTISTA;RURAL;CARRETERA;DEPARTAMENTAL;LO-103;-3.902988;NULL;NULL;NULL;NULL;NULL;NULL;NULL;NULL;NULL;EN PROCESO DE INVESTIGACIÓN;NO CUENTA CON CAUSA ESPECIFICA;Carretera Iquitos - Nauta;2/5/2023;-73.355075
A-2023-05-58;30:00.0;ATROPELLO;1;0;1;LA LIBERTAD;PATAZ;PATAZ;RURAL;CARRETERA;DEPARTAMENTAL;LI-125;-7.761406;DESPEJADO;RURAL;TRAMO RECTO;PLANA ;AFIRMADO;NULL;NULL;NULL;NULL;EN PROCESO DE INVESTIGACIÓN;NO CUENTA CON CAUSA ESPECIFICA;LI-125;2/5/2023;-77.603918
A-2023-05-142;00:00.0;CHOQUE FUGA;1;0;NULL;JUNIN;HUANCAYO;SAPALLANGA;URBANA;CARRETERA;NACIONAL;PE-3SC;-12.147979;DESPEJADO;RURAL;TRAMO RECTO;PLANA ;ASFALTADA;NO;NULL;NULL;SI;IMPRUDENCIA DEL CONDUCTOR;GIRAR IMPRUDENTEMENTE;PE-3SC;2/5/2023;-75.159387
A-2023-05-85;30:00.0;DESPISTE;1;0;1;PUNO;SAN ROMAN;CABANA;RURAL;CARRETERA;DEPARTAMENTAL;PU-121;-15.65839;DESPEJADO;RURAL;CURVA;PLANA ;ASFALTADA;NULL;NULL;NULL;NULL;IMPRUDENCIA DEL CONDUCTOR;OTRO (IMPRUDENCIA DEL CONDUCTOR);PU-121;2/5/2023;-70.286568
A-2023-05-86;00:00.0;DESPISTE;1;0;1;PUNO;CARABAYA;OLLACHEA;RURAL;CARRETERA;NACIONAL;PE-34B;-13.869792;DESPEJADO;RURAL;CURVA;INCLINADA;ASFALTADA;NULL;NULL;NULL;NULL;IMPRUDENCIA DEL CONDUCTOR;FATIGA Y/O CANSANCIO;Carretera Interoceánica Puno - Madre de Dios;3/5/2023;-70.512152