CÓDIGO SINIESTRO;HORA SINIESTRO;CLASE SINIESTRO;CANTIDAD DE FALLECIDOS;CANTIDAD DE LESIONADOS;CANTIDAD DE VEHICULOS DAÑADOS;DEPARTAMENTO;PROVINCIA;DISTRITO;ZONA;TIPO DE VÍA;RED VIAL;COD CARRETERA;COORDENADAS LATITUD;CONDICIÓN CLIMÁTICA;ZONIFICACIÓN;CARACTERÍSTICAS DE VÍA;PERFIL LONGITUDINAL VÍA;SUPERFICIE DE CALZADA;¿EXISTE SEÑAL VERTICAL?;CLASIFICACIÓN DE LA SEÑAL VERTICAL Nº 1;CLASIFICACIÓN DE LA SEÑAL VERTICAL Nº 2;¿EXISTE SEÑAL HORIZONTAL?;CAUSA FACTOR PRINCIPAL;CAUSA ESPECÍFICA;UBICACION;FECHA SINIESTRO;COORDENADAS LONGITUD
A-2023-05-140;30:00.0;ATROPELLO;1;0;NULL;LIMA;LIMA;SAN JUAN DE LURIGANCHO;URBANA;JIRÓN;URBANO;NO CORRESPONDE;-11.963119;DESPEJADO;RESIDENCIAL;INTERSECCIÓN;PLANA ;ASFALTADA;NULL;NULL;NULL;NULL;IMPRUDENCIA DEL CONDUCTOR;OTRO (IMPRUDENCIA DEL CONDUCTOR);Los Diplomaticos;3/5/2023;-76.983195
A-2023-05-145;00:00.0;ATROPELLO;1;0;NULL;JUNIN;JAUJA;YAULI;URBANA;CARRETERA;DEPARTAMENTAL;JU-103;-11.713326;DESPEJADO;RURAL;TRAMO RECTO;PLANA ;CONCRETO;NO;NULL;NULL;SI;IMPRUDENCIA DEL PEATÓN;CRUCE INDEBIDO POR LA CALZADA;Carretera Jauja - Palca;3/5/2023;-75.474316
A-2023-05-11;35:00.0;DESPISTE;1;0;1;TUMBES;ZARUMILLA;ZARUMILLA;RURAL;CARRETERA;NACIONAL;PE-1NO;-3.507852;DESPEJADO;RURAL;ÓVALO;PLANA ;ASFALTADA;NULL;NULL;NULL;NULL;IMPRUDENCIA DEL CONDUCTOR;OTRO (IMPRUDENCIA DEL CONDUCTOR);Carretera Panamericana Norte;3/5/2023;-80.297372
A-2023-05-75;45:00.0;CHOQUE;1;0;2;ANCASH;RECUAY;LLACLLIN;RURAL;CARRETERA;NACIONAL;PE-16;-10.197042;DESPEJADO;RURAL;SINUOSA;INCLINADA;ASFALTADA;SI;PREVENTIVA (P);NULL;SI;EN PROCESO DE INVESTIGACIÓN;NO CUENTA CON CAUSA ESPECIFICA;Carretera a Huaraz;3/5/2023;-77.554655
A-2023-05-3;30:00.0;CHOQUE;1;2;NULL;ICA;NASCA;MARCONA;URBANA;CARRETERA;NACIONAL;PE-1S;-15.100606;DESPEJADO;RURAL;TRAMO RECTO;PLANA ;ASFALTADA;NULL;NULL;NULL;NULL;EN PROCESO DE INVESTIGACIÓN;NO CUENTA CON CAUSA ESPECIFICA;Carretera Panamericana Sur;4/5/2023;-75.001253
A-2023-05-39;40:00.0;CHOQUE;1;1;2;CUSCO;CANCHIS;MARANGANI;RURAL;CARRETERA;PROVINCIAL;CU-1705;-14.351086;DESPEJADO;RURAL;CURVA;PLANA ;AFIRMADO;NULL;NULL;NULL;NULL;IMPRUDENCIA DEL CONDUCTOR;EXCESO DE VELOCIDAD;Sullca;4/5/2023;-71.184349
A-2023-05-4;30:00.0;CHOQUE;1;0;2;ICA;ICA;SANTIAGO;URBANA;CARRETERA;NACIONAL;PE-1S;-14.28342;DESPEJADO;RURAL;TRAMO RECTO;PLANA ;ASFALTADA;NULL;NULL;NULL;NULL;IMPRUDENCIA DEL CONDUCTOR;INVASIÓN DE CARRIL;Carretera Panamericana Sur;4/5/2023;-75.68165
A-2023-05-8;30:00.0;CHOQUE;1;0;2;AREQUIPA;AREQUIPA;POCSI;RURAL;CARRETERA;DEPARTAMENTAL;AR-118;-16.521842;DESPEJADO;RURAL;CURVA;INCLINADA;ASFALTADA;NO;NULL;NULL;SI;EN PROCESO DE INVESTIGACIÓN;NO CUENTA CON CAUSA ESPECIFICA;Carretera Arequipa - Moquegua;4/5/2023;-71.422756
A-2023-05-153;00:00.0;DESPISTE;2;2;1;AYACUCHO;HUAMANGA;VINCHOS;RURAL;CARRETERA;PROVINCIAL;AY-816;-13.270848;DESPEJADO;RURAL;CURVA;INCLINADA;AFIRMADO;NULL;NULL;NULL;NULL;IMPRUDENCIA DEL CONDUCTOR;CONDUCIR EN ESTADO DE EBRIEDAD Y/O DROGADICCIÓN;AY-816;5/5/2023;-74.348086
A-2023-05-43;24:00.0;ATROPELLO;1;0;1;CUSCO;CUSCO;SAN JERONIMO;URBANA;AVENIDA;URBANO;NO CORRESPONDE;-13.545461;DESPEJADO;RESIDENCIAL;TRAMO RECTO;PLANA ;ASFALTADA;NO;NULL;NULL;SI;IMPRUDENCIA DEL PEATÓN;ESTADO DE EBRIEDAD Y/O DROGADICCIÓN;Avenida de la Cultura;5/5/2023;-71.892738
A-2023-05-46;00:00.0;DESPISTE;1;0;1;CUSCO;CANAS;LAYO;RURAL;CARRETERA;NACIONAL;PE-3S;-14.460058;DESPEJADO;RURAL;TRAMO RECTO;PLANA ;ASFALTADA;NULL;NULL;NULL;NULL;IMPRUDENCIA DEL CONDUCTOR;FATIGA Y/O CANSANCIO;Carretera Longitudinal de la Sierra Sur;5/5/2023;-71.066607
A-2023-05-5;08:00.0;DESPISTE;1;1;1;PUNO;PUNO;PICHACANI;RURAL;CARRETERA;NACIONAL;PE-36B;-16.276122;DESPEJADO;RURAL;TRAMO RECTO;PLANA ;ASFALTADA;NULL;NULL;NULL;NULL;IMPRUDENCIA DEL CONDUCTOR;CONDUCIR EN ESTADO DE EBRIEDAD Y/O DROGADICCIÓN;PE-36B;5/5/2023;-70.194402
A-2023-05-87;40:00.0;CHOQUE;1;0;1;PUNO;CARABAYA;AJOYANI;RURAL;CARRETERA;NACIONAL;PE-34B;-14.235704;DESPEJADO;RURAL;TRAMO RECTO;PLANA ;ASFALTADA;NULL;NULL;NULL;NULL;IMPRUDENCIA DEL CONDUCTOR;OTRO (IMPRUDENCIA DEL CONDUCTOR);Carretera Interoceánica Puno - Madre de Dios;5/5/2023;-70.244908
A-2023-05-143;05:00.0;ATROPELLO;1;0;NULL;JUNIN;HUANCAYO;CHILCA;URBANA;CARRETERA;NACIONAL;PE-3S;-12.100522;DESPEJADO;RURAL;CURVA;INCLINADA;ASFALTADA;NO;NULL;NULL;SI;IMPRUDENCIA DEL PEATÓN;CRUCE INDEBIDO POR LA CALZADA;Carretera Longitudinal de la Sierra Sur;5/5/2023;-75.216756
A-2023-05-147;40:00.0;ATROPELLO FUGA;1;0;NULL;UCAYALI;CORONEL PORTILLO;YARINACOCHA;RURAL;CARRETERA;NACIONAL;PE-18C;-8.409032;DESPEJADO;RURAL;TRAMO RECTO;PLANA ;ASFALTADA;SI;PREVENTIVA (P);NULL;NO;EN PROCESO DE INVESTIGACIÓN;NO CUENTA CON CAUSA ESPECIFICA;Centenario;6/5/2023;-74.647506
A-2023-05-40;00:00.0;CHOQUE;1;3;2;CUSCO;PAUCARTAMBO;PAUCARTAMBO;RURAL;CARRETERA;DEPARTAMENTAL;CU-116;-13.326244;DESPEJADO;RURAL;CURVA;INCLINADA;AFIRMADO;NULL;NULL;NULL;NULL;IMPRUDENCIA DEL CONDUCTOR;EXCESO DE VELOCIDAD;CU-116;6/5/2023;-71.584321
A-2023-05-81;00:00.0;DESPISTE;1;1;1;HUANCAVELICA;ANGARAES;SECCLLA;RURAL;CARRETERA;DEPARTAMENTAL;HV-108;-13.047236;SOLEADO;RURAL;CURVA;INCLINADA;TROCHA;NULL;NULL;NULL;NULL;EN PROCESO DE INVESTIGACIÓN;NO CUENTA CON CAUSA ESPECIFICA;HV-108;6/5/2023;-74.487901
A-2023-05-139;23:00.0;ATROPELLO;1;0;NULL;LIMA;LIMA;SAN JUAN DE LURIGANCHO;URBANA;AVENIDA;URBANO;NO CORRESPONDE;-11.967824;DESPEJADO;COMERCIAL;TRAMO RECTO;PLANA ;ASFALTADA;NULL;NULL;NULL;NULL;EN PROCESO DE INVESTIGACIÓN;NO CUENTA CON CAUSA ESPECIFICA;Avenida Canto Grande;6/5/2023;-77.0039
A-2023-05-59;00:00.0;DESPISTE;1;4;1;LA LIBERTAD;BOLIVAR;BAMBAMARCA;RURAL;CARRETERA;NACIONAL;PE-10B;-7.441539;DESPEJADO;RURAL;TRAMO RECTO;PLANA ;TROCHA;NULL;NULL;NULL;NULL;EN PROCESO DE INVESTIGACIÓN;NO CUENTA CON CAUSA ESPECIFICA;Bambamarca;6/5/2023;-77.698366
A-2023-05-155;40:00.0;CHOQUE;1;0;NULL;LIMA;LIMA;SANTIAGO DE SURCO;RURAL;CARRETERA;NACIONAL;PE-1S;-12.143686;DESPEJADO;INDUSTRIAL;TRAMO RECTO;PLANA ;ASFALTADA;NULL;NULL;NULL;NULL;IMPRUDENCIA DEL CONDUCTOR;OTRO (IMPRUDENCIA DEL CONDUCTOR);Avenida Andrés Tinoco;6/5/2023;-76.981723
A-2023-05-174;40:00.0;CHOQUE;1;0;NULL;LIMA;LIMA;SANTIAGO DE SURCO;URBANA;CARRETERA;NACIONAL;PE-1S;-12.14375;DESPEJADO;RESIDENCIAL;TRAMO RECTO;PLANA ;ASFALTADA;NULL;NULL;NULL;NULL;IMPRUDENCIA DEL CONDUCTOR;GIRAR IMPRUDENTEMENTE;Avenida Panamericana Sur;6/5/2023;-76.981703
A-2023-05-158;30:00.0;CHOQUE;1;0;2;CAJAMARCA;CHOTA;QUEROCOTO;RURAL;CARRETERA;PROVINCIAL;CA-827;-6.339401;DESPEJADO;INDUSTRIAL;CURVA;PLANA ;AFIRMADO;NULL;NULL;NULL;NULL;IMPRUDENCIA DEL CONDUCTOR;EXCESO DE VELOCIDAD;CA-827;6/5/2023;-79.027925
A-2023-05-138;40:00.0;ATROPELLO;1;0;NULL;LIMA;LIMA;INDEPENDENCIA;URBANA;AVENIDA;URBANO;NO CORRESPONDE;-12.002167;DESPEJADO;COMERCIAL;TRAMO RECTO;INCLINADA;ASFALTADA;NULL;NULL;NULL;NULL;EN PROCESO DE INVESTIGACIÓN;NO CUENTA CON CAUSA ESPECIFICA;Avenida Gerardo Unger;6/5/2023;-77.054999
A-2023-05-18;50:00.0;ATROPELLO;1;0;1;ANCASH;SANTA;NUEVO CHIMBOTE;RURAL;CARRETERA;NACIONAL;PE-1N;-9.161346;DESPEJADO;RURAL;TRAMO RECTO;PLANA ;ASFALTADA;SI;INFORMATIVA (I);NULL;SI;EN PROCESO DE INVESTIGACIÓN;NO CUENTA CON CAUSA ESPECIFICA;Panamericana Norte;6/5/2023;-78.495372
A-2023-05-137;40:00.0;CHOQUE;1;0;NULL;LIMA;LIMA;LOS OLIVOS;URBANA;AVENIDA;URBANO;NO CORRESPONDE;-11.980232;DESPEJADO;COMERCIAL;INTERSECCIÓN;PLANA ;ASFALTADA;NULL;NULL;NULL;NULL;EN PROCESO DE INVESTIGACIÓN;NO CUENTA CON CAUSA ESPECIFICA;Avenida Las Palmeras;7/5/2023;-77.072205
A-2023-05-9;30:00.0;DESPISTE;2;0;1;ICA;ICA;YAUCA DEL ROSARIO;RURAL;CARRETERA;SIN CLASIFICAR;SIN CLASIFICAR;-13.976145;DESPEJADO;RURAL;CURVA;INCLINADA;TROCHA;NULL;NULL;NULL;NULL;INFRAESTRUCTURA Y ENTORNO VIAL;OTRO (INFRAESTRUCTURA Y ENTORNO VIAL);Yauca del Rosario;7/5/2023;-75.425633
A-2023-05-172;00:00.0;DESPISTE;1;2;NULL;PASCO;OXAPAMPA;OXAPAMPA;URBANA;CARRETERA;NACIONAL;PE-5NA;-10.640763;NULL;NULL;NULL;NULL;NULL;NULL;NULL;NULL;NULL;EN PROCESO DE INVESTIGACIÓN;NO CUENTA CON CAUSA ESPECIFICA;PE-5NA;7/5/2023;-75.387866
A-2023-05-141;00:00.0;DESPISTE;2;0;NULL;APURIMAC;ABANCAY;CIRCA;RURAL;CARRETERA;NACIONAL;PE-30A;-13.78832;NULL;NULL;NULL;NULL;NULL;NULL;NULL;NULL;NULL;EN PROCESO DE INVESTIGACIÓN;NO CUENTA CON CAUSA ESPECIFICA;Carretera Nasca - Abancay;8/5/2023;-72.947055
A-2023-05-60;00:00.0;CHOQUE;1;0;3;LA LIBERTAD;TRUJILLO;LAREDO;RURAL;CARRETERA;NACIONAL;PE-10A;-8.073092;DESPEJADO;RURAL;TRAMO RECTO;PLANA ;ASFALTADA;NULL;NULL;NULL;NULL;IMPRUDENCIA DEL CONDUCTOR;OTRO (IMPRUDENCIA DEL CONDUCTOR);Carretera Industrial;8/5/2023;-78.867206
A-2023-05-136;00:00.0;CHOQUE;1;24;NULL;LIMA;LIMA;SAN BORJA;URBANA;CARRETERA;NACIONAL;PE-1S;-12.094176;DESPEJADO;COMERCIAL;TRAMO RECTO;PLANA ;ASFALTADA;NULL;NULL;NULL;NULL;EN PROCESO DE INVESTIGACIÓN;NO CUENTA CON CAUSA ESPECIFICA;Carretera Panamericana Sur;8/5/2023;-76.980606
A-2023-05-61;10:00.0;DESPISTE;2;12;1;LA LIBERTAD;SANTIAGO DE CHUCO;QUIRUVILCA;RURAL;CARRETERA;PROVINCIAL;LI-931;-8.010683;DESPEJADO;RURAL;CURVA;INCLINADA;TROCHA;NULL;NULL;NULL;NULL;IMPRUDENCIA DEL CONDUCTOR;ADELANTAR INDEBIDAMENTE;LI-931;8/5/2023;-78.311001
A-2023-05-30;30:00.0;CHOQUE;3;0;3;CUSCO;QUISPICANCHI;URCOS;RURAL;CARRETERA;NACIONAL;PE-3S;-13.710043;LLUVIOSO;RURAL;TRAMO RECTO;PLANA ;ASFALTADA;SI;REGULADORA (R);NULL;SI;IMPRUDENCIA DEL CONDUCTOR;EXCESO DE VELOCIDAD;Carretera Longitudinal de la Sierra Sur;8/5/2023;-71.597223
A-2023-05-88;00:00.0;DESPISTE;1;0;1;PUNO;LAMPA;SANTA LUCIA;RURAL;CARRETERA;NACIONAL;PE-34A;-15.650799;DESPEJADO;RURAL;CURVA;PLANA ;ASFALTADA;NULL;NULL;NULL;NULL;NEGLIGENCIA DEL CONDUCTOR;OTRO (NEGLIGENCIA DEL CONDUCTOR);Vía Interoceánica Sur - Tramo 5;8/5/2023;-70.733413
A-2023-05-62;30:00.0;ATROPELLO;2;0;1;LA LIBERTAD;PACASMAYO;JEQUETEPEQUE;RURAL;CARRETERA;NACIONAL;PE-1N;-7.366142;DESPEJADO;RURAL;TRAMO RECTO;PLANA ;ASFALTADA;NULL;NULL;NULL;NULL;EN PROCESO DE INVESTIGACIÓN;NO CUENTA CON CAUSA ESPECIFICA;Carretera Panamericana Norte;9/5/2023;-79.530016
A-2023-05-102;30:00.0;DESPISTE;1;0;1;AMAZONAS;BONGARA;VALERA;RURAL;CARRETERA;PROVINCIAL;AM-637;-6.05205;DESPEJADO;RURAL;CURVA;INCLINADA;ASFALTADA;NULL;NULL;NULL;NULL;EN PROCESO DE INVESTIGACIÓN;NO CUENTA CON CAUSA ESPECIFICA;Carretera a San Pablo;9/5/2023;-77.917896
A-2023-05-144;30:00.0;CHOQUE;2;4;NULL;JUNIN;JUNIN;CARHUAMAYO;RURAL;CARRETERA;NACIONAL;PE-3N;-10.910899;NUBLADO;RURAL;TRAMO RECTO;PLANA ;ASFALTADA;SI;PREVENTIVA (P);NULL;SI;IMPRUDENCIA DEL CONDUCTOR;ADELANTAR INDEBIDAMENTE;Carretera Longitudinal de la Sierra Norte;9/5/2023;-76.066611
A-2023-05-45;15:00.0;ESPECIAL;1;2;1;CUSCO;ANTA;HUAROCONDO;RURAL;CARRETERA;DEPARTAMENTAL;CU-110;-13.370027;DESPEJADO;RURAL;CURVA;PLANA ;TROCHA;NULL;NULL;NULL;NULL;INFRAESTRUCTURA Y ENTORNO VIAL;OTRO (INFRAESTRUCTURA Y ENTORNO VIAL);CU-110;10/5/2023;-72.235148
A-2023-05-135;50:00.0;ATROPELLO FUGA;1;0;NULL;LIMA;LIMA;VILLA EL SALVADOR;RURAL;CARRETERA;NACIONAL;PE-1S;-12.240542;DESPEJADO;INDUSTRIAL;TRAMO RECTO;PLANA ;ASFALTADA;NULL;NULL;NULL;NULL;EN PROCESO DE INVESTIGACIÓN;NO CUENTA CON CAUSA ESPECIFICA;Carretera Panamericana Sur;10/5/2023;-76.947702
A-2023-05-36;30:00.0;DESPISTE;2;4;1;APURIMAC;ANDAHUAYLAS;TALAVERA;RURAL;CARRETERA;DEPARTAMENTAL;AP-102;-13.589089;SOLEADO;RURAL;TRAMO RECTO;INCLINADA;CASCAJO/RIPIO;NULL;NULL;NULL;NULL;IMPRUDENCIA DEL CONDUCTOR;EXCESO DE VELOCIDAD;AP-102;10/5/2023;-73.46085
A-2023-05-63;00:00.0;ATROPELLO;1;0;1;LA LIBERTAD;VIRU;CHAO;RURAL;CARRETERA;NACIONAL;PE-1N;-8.6883;DESPEJADO;RURAL;TRAMO RECTO;PLANA ;ASFALTADA;NULL;NULL;NULL;NULL;EN PROCESO DE INVESTIGACIÓN;NO CUENTA CON CAUSA ESPECIFICA;Panamericana Norte;10/5/2023;-78.634631
A-2023-05-13;00:00.0;DESPISTE;1;2;1;ANCASH;CARHUAZ;CARHUAZ;RURAL;CARRETERA;NACIONAL;PE-3N;-9.283061;DESPEJADO;RURAL;CURVA;INCLINADA;TROCHA;NULL;NULL;NULL;NULL;EN PROCESO DE INVESTIGACIÓN;NO CUENTA CON CAUSA ESPECIFICA;Carretera Longitudinal de la Sierra Norte;10/5/2023;-77.64921
A-2023-05-7;30:00.0;DESPISTE;1;0;1;ICA;PALPA;LLIPATA;RURAL;CARRETERA;NACIONAL;PE-1S;-14.558144;DESPEJADO;RURAL;TRAMO RECTO;PLANA ;ASFALTADA;NULL;NULL;NULL;NULL;IMPRUDENCIA DEL CONDUCTOR;EXCESO DE VELOCIDAD;Carretera Panamericana Sur;11/5/2023;-75.202329
A-2023-05-134;30:00.0;CHOQUE;1;0;NULL;LIMA;LIMA;LURIGANCHO;URBANA;AVENIDA;URBANO;NO CORRESPONDE;-11.998582;DESPEJADO;RESIDENCIAL;INTERSECCIÓN;PLANA ;ASFALTADA;NULL;NULL;NULL;NULL;IMPRUDENCIA DEL CONDUCTOR;OTRO (IMPRUDENCIA DEL CONDUCTOR);Avenida Las Torres;11/5/2023;-76.92669
A-2023-05-133;50:00.0;DESPISTE;1;0;NULL;LIMA;LIMA;VILLA MARIA DEL TRIUNFO;URBANA;JIRÓN;URBANO;NO CORRESPONDE;-12.184059;DESPEJADO;RESIDENCIAL;TRAMO RECTO;INCLINADA;ASFALTADA;NULL;NULL;NULL;NULL;EN PROCESO DE INVESTIGACIÓN;NO CUENTA CON CAUSA ESPECIFICA;Calle Santiago de Chuco;11/5/2023;-76.939141
A-2023-05-161;07:00.0;CHOQUE;1;0;2;CAJAMARCA;CAJAMARCA;LOS BAÑOS DEL INCA;RURAL;CARRETERA;NACIONAL;PE-08B;-7.141737;DESPEJADO;INDUSTRIAL;TRAMO RECTO;PLANA ;ASFALTADA;NO;NULL;NULL;SI;IMPRUDENCIA DEL CONDUCTOR;OTRO (IMPRUDENCIA DEL CONDUCTOR);PE-08B;11/5/2023;-78.390571
A-2023-05-6;00:00.0;CHOQUE;1;0;1;ICA;ICA;LOS AQUIJES;URBANA;CARRETERA;NACIONAL;PE-1S;-14.093277;DESPEJADO;INDUSTRIAL;TRAMO RECTO;PLANA ;ASFALTADA;NULL;NULL;NULL;NULL;NEGLIGENCIA DEL CONDUCTOR;OTRO (NEGLIGENCIA DEL CONDUCTOR);Carretera Panamericana Sur;12/5/2023;-75.717396
A-2023-05-95;00:00.0;CHOQUE;1;2;2;PIURA;PIURA;PIURA;URBANA;AVENIDA;URBANO;NO CORRESPONDE;-5.18244;DESPEJADO;COMERCIAL;INTERSECCIÓN;PLANA ;ASFALTADA;NULL;NULL;NULL;NULL;IMPRUDENCIA DEL CONDUCTOR;EXCESO DE VELOCIDAD;Avenida Sullana;12/5/2023;-80.635992
A-2023-05-76;30:00.0;DESPISTE;1;0;NULL;ANCASH;RECUAY;MARCA;RURAL;CARRETERA;PROVINCIAL;AN-1238;-10.09056;NULL;NULL;NULL;NULL;NULL;NULL;NULL;NULL;NULL;EN PROCESO DE INVESTIGACIÓN;NO CUENTA CON CAUSA ESPECIFICA;AN-1238;12/5/2023;-77.474907
A-2023-05-15;00:00.0;DESPISTE;1;2;1;AREQUIPA;CAYLLOMA;CHIVAY;RURAL;CARRETERA;DEPARTAMENTAL;AR-109;-15.704648;NUBLADO;RURAL;CURVA;INCLINADA;ASFALTADA;NO;NULL;NULL;SI;EN PROCESO DE INVESTIGACIÓN;NO CUENTA CON CAUSA ESPECIFICA;Carretera al Colca;12/5/2023;-71.589614
A-2023-05-64;00:00.0;DESPISTE;1;0;1;LA LIBERTAD;GRAN CHIMU;SAYAPULLO;RURAL;CARRETERA;DEPARTAMENTAL;LI-106;-7.592899;DESPEJADO;RURAL;TRAMO RECTO;PLANA ;AFIRMADO;NULL;NULL;NULL;NULL;EN PROCESO DE INVESTIGACIÓN;NO CUENTA CON CAUSA ESPECIFICA;LI-106;12/5/2023;-78.488527
A-2023-05-162;40:00.0;CHOQUE;1;0;2;CAJAMARCA;CHOTA;CHOTA;URBANA;CARRETERA;NACIONAL;PE-3N;-6.544263;DESPEJADO;COMERCIAL;CURVA;INCLINADA;ASFALTADA;NO;NULL;NULL;SI;IMPRUDENCIA DEL CONDUCTOR;CONDUCIR EN ESTADO DE EBRIEDAD Y/O DROGADICCIÓN;Carretera Longitudinal de la Sierra Norte;12/5/2023;-78.681978
A-2023-05-132;00:00.0;ATROPELLO;1;0;NULL;LIMA;LIMA;LURIN;RURAL;CARRETERA;NACIONAL;PE-1S;-12.281627;DESPEJADO;INDUSTRIAL;TRAMO RECTO;PLANA ;ASFALTADA;SI;INFORMATIVA (I);NULL;NO;IMPRUDENCIA DEL PEATÓN;OTRO (IMPRUDENCIA DEL PEATÓN);Carretera Panamericana Sur;12/5/2023;-76.880799
A-2023-05-148;00:00.0;CHOQUE;1;3;NULL;JUNIN;YAULI;MOROCOCHA;RURAL;CARRETERA;NACIONAL;PE-22;-11.597276;DESPEJADO;RURAL;CURVA;PLANA ;ASFALTADA;NO;NULL;NULL;SI;IMPRUDENCIA DEL CONDUCTOR;INVASIÓN DE CARRIL;Carretera Central;13/5/2023;-76.145393
A-2023-05-65;00:00.0;DESPISTE;3;23;1;LA LIBERTAD;SANTIAGO DE CHUCO;QUIRUVILCA;RURAL;CARRETERA;NACIONAL;PE-3N;-8.020769;DESPEJADO;RURAL;CURVA;PLANA ;TROCHA;NULL;NULL;NULL;NULL;NEGLIGENCIA DEL CONDUCTOR;CONDUCIR CON FALLAS DE FRENOS;Carretera Longitudinal de la Sierra Norte;13/5/2023;-78.316386
A-2023-05-131;30:00.0;ATROPELLO;1;1;NULL;LIMA;LIMA;RIMAC;URBANA;JIRÓN;URBANO;NO CORRESPONDE;-12.037794;DESPEJADO;RESIDENCIAL;INTERSECCIÓN;PLANA ;ASFALTADA;NULL;NULL;NULL;NULL;EN PROCESO DE INVESTIGACIÓN;NO CUENTA CON CAUSA ESPECIFICA;Jirón Chiclayo;13/5/2023;-77.026981
A-2023-05-66;30:00.0;ATROPELLO;1;0;1;LA LIBERTAD;TRUJILLO;VICTOR LARCO HERRERA;URBANA;CARRETERA;NACIONAL;PE-1N;-8.136443;DESPEJADO;COMERCIAL;TRAMO RECTO;PLANA ;ASFALTADA;NULL;NULL;NULL;NULL;EN PROCESO DE INVESTIGACIÓN;NO CUENTA CON CAUSA ESPECIFICA;Carretera Panamericana Norte;13/5/2023;-79.058955
A-2023-05-110-A;45:00.0;DESPISTE;1;1;NULL;AREQUIPA;AREQUIPA;LA JOYA;URBANA;CARRETERA;NACIONAL;PE-1S;-16.685099;DESPEJADO;COMERCIAL;TRAMO RECTO;PLANA ;ASFALTADA;SI;REGULADORA (R);NULL;SI;EN PROCESO DE INVESTIGACIÓN;NO CUENTA CON CAUSA ESPECIFICA;Carretera Panamericana Sur;13/5/2023;-71.870726
A-2023-05-168;00:00.0;ATROPELLO;1;0;1;CAJAMARCA;CAJABAMBA;CAJABAMBA;URBANA;CARRETERA;NACIONAL;PE-3N;-7.628811;DESPEJADO;COMERCIAL;TRAMO RECTO;PLANA ;ASFALTADA;NULL;NULL;NULL;NULL;IMPRUDENCIA DEL CONDUCTOR;CONDUCIR EN ESTADO DE EBRIEDAD Y/O DROGADICCIÓN;Avenida Leoncio Martínez Vereau;13/5/2023;-78.043434
A-2023-05-16;45:00.0;ATROPELLO;1;0;1;AREQUIPA;AREQUIPA;UCHUMAYO;URBANA;CARRETERA;NACIONAL;PE-34A;-16.409763;DESPEJADO;INDUSTRIAL;TRAMO RECTO;INCLINADA;ASFALTADA;NO;NULL;NULL;SI;EN PROCESO DE INVESTIGACIÓN;NO CUENTA CON CAUSA ESPECIFICA;Carretera Interoceánica Sur;13/5/2023;-71.619783
A-2023-05-21;15:00.0;ATROPELLO FUGA;1;0;1;AREQUIPA;AREQUIPA;CERRO COLORADO;URBANA;CARRETERA;NACIONAL;PE-34A;-16.338207;DESPEJADO;COMERCIAL;CURVA;PLANA ;ASFALTADA;NO;NULL;NULL;SI;EN PROCESO DE INVESTIGACIÓN;NO CUENTA CON CAUSA ESPECIFICA;Vía Interoceánica Sur - Tramo 5;14/5/2023;-71.590511
A-2023-05-67;15:00.0;ATROPELLO FUGA;1;0;NULL;LA LIBERTAD;TRUJILLO;TRUJILLO;RURAL;CARRETERA;NACIONAL;PE-10A;-8.117398;DESPEJADO;RURAL;TRAMO RECTO;PLANA ;ASFALTADA;NULL;NULL;NULL;NULL;EN PROCESO DE INVESTIGACIÓN;NO CUENTA CON CAUSA ESPECIFICA;Carretera Industrial;14/5/2023;-79.003102
A-2023-05-37;00:00.0;DESPISTE;1;3;1;CUSCO;ESPINAR;OCORURO;RURAL;CARRETERA;NACIONAL;PE-34J;-14.967764;NIEBLA;RURAL;CURVA;INCLINADA;ASFALTADA;SI;PREVENTIVA (P);NULL;SI;IMPRUDENCIA DEL CONDUCTOR;EXCESO DE VELOCIDAD;PE-34J;14/5/2023;-71.177229
A-2023-05-12;30:00.0;DESPISTE;1;5;1;ANCASH;RECUAY;CATAC;RURAL;CARRETERA;DEPARTAMENTAL;AN-110;-9.804749;DESPEJADO;RURAL;TRAMO RECTO;PLANA ;ASFALTADA;NULL;NULL;NULL;NULL;EN PROCESO DE INVESTIGACIÓN;NO CUENTA CON CAUSA ESPECIFICA;Avenida Dos de Mayo;14/5/2023;-77.430229
A-2023-05-110-B;15:00.0;DESPISTE;2;0;1;HUANCAVELICA;ANGARAES;LIRCAY;RURAL;CARRETERA;DEPARTAMENTAL;HV-116;-13.142764;DESPEJADO;RURAL;CURVA;PLANA ;TROCHA;NULL;NULL;NULL;NULL;EN PROCESO DE INVESTIGACIÓN;NO CUENTA CON CAUSA ESPECIFICA;HV-116;14/5/2023;-74.873354
A-2023-05-93;15:00.0;DESPISTE;1;0;1;PIURA;PIURA;PIURA;RURAL;CARRETERA;NACIONAL;PE-1N;-5.0791;DESPEJADO;RURAL;TRAMO RECTO;PLANA ;ASFALTADA;SI;PREVENTIVA (P);NULL;NO;IMPRUDENCIA DEL CONDUCTOR;EXCESO DE VELOCIDAD;Carretera Panamericana Norte;14/5/2023;-80.7067
A-2023-05-130;00:00.0;ATROPELLO;1;0;NULL;LIMA;LIMA;SAN MARTIN DE PORRES;URBANA;AVENIDA;URBANO;NO CORRESPONDE;-12.021036;DESPEJADO;RESIDENCIAL;INTERSECCIÓN;PLANA ;ASFALTADA;SI;PREVENTIVA (P);NULL;NO;EN PROCESO DE INVESTIGACIÓN;NO CUENTA CON CAUSA ESPECIFICA;Calle Baltazar Caravedo;14/5/2023;-77.08656