CÓDIGO SINIESTRO;HORA SINIESTRO;CLASE SINIESTRO;CANTIDAD DE FALLECIDOS;CANTIDAD DE LESIONADOS;CANTIDAD DE VEHICULOS DAÑADOS;DEPARTAMENTO;PROVINCIA;DISTRITO;ZONA;TIPO DE VÍA;RED VIAL;COD CARRETERA;COORDENADAS LATITUD;CONDICIÓN CLIMÁTICA;ZONIFICACIÓN;CARACTERÍSTICAS DE VÍA;PERFIL LONGITUDINAL VÍA;SUPERFICIE DE CALZADA;¿EXISTE SEÑAL VERTICAL?;CLASIFICACIÓN DE LA SEÑAL VERTICAL Nº 1;CLASIFICACIÓN DE LA SEÑAL VERTICAL Nº 2;¿EXISTE SEÑAL HORIZONTAL?;CAUSA FACTOR PRINCIPAL;CAUSA ESPECÍFICA;UBICACION;FECHA SINIESTRO;COORDENADAS LONGITUD
A-2023-05-108;30:00.0;ATROPELLO FUGA;1;0;NULL;ICA;CHINCHA;CHINCHA BAJA;RURAL;CARRETERA;NACIONAL;PE-1S;-13.506279;DESPEJADO;RURAL;TRAMO RECTO;PLANA ;ASFALTADA;NULL;NULL;NULL;NULL;IMPRUDENCIA DEL PEATÓN;CRUCE INDEBIDO POR LA CALZADA;Antigua Carretera Panamericana Sur;14/5/2023;-76.141225
A-2023-05-163;40:00.0;CHOQUE CON OBJETO FIJO;1;3;1;CAJAMARCA;CHOTA;CHOTA;URBANA;CARRETERA;NACIONAL;PE-3N;-6.568921;DESPEJADO;COMERCIAL;CURVA;INCLINADA;ASFALTADA;NO;NULL;NULL;SI;NEGLIGENCIA DEL CONDUCTOR;CONDUCIR CON FALLAS DE FRENOS;Carretera Longitudinal de la Sierra Norte;14/5/2023;-78.648391
A-2023-05-28;30:00.0;DESPISTE;1;0;1;CUSCO;LA CONVENCION;SANTA ANA;RURAL;CARRETERA;NACIONAL;PE-28B;-12.816532;DESPEJADO;RURAL;TRAMO RECTO;PLANA ;ASFALTADA;SI;PREVENTIVA (P);NULL;SI;IMPRUDENCIA DEL CONDUCTOR;CONDUCIR EN ESTADO DE EBRIEDAD Y/O DROGADICCIÓN;PE-28B;14/5/2023;-72.691208
A-2023-05-17;30:00.0;CHOQUE;1;2;2;SAN MARTIN;MOYOBAMBA;CALZADA;RURAL;CARRETERA;NACIONAL;PE-5N;-6.044833;DESPEJADO;RURAL;TRAMO RECTO;PLANA ;ASFALTADA;NULL;NULL;NULL;NULL;IMPRUDENCIA DEL CONDUCTOR;OTRO (IMPRUDENCIA DEL CONDUCTOR);Carretera Presidente Fernando Belaúnde Terry;14/5/2023;-77.144262
A-2023-05-129;40:00.0;ATROPELLO;1;0;NULL;LIMA;LIMA;LURIN;URBANA;CARRETERA;NACIONAL;PE-1S;-12.302955;DESPEJADO;INDUSTRIAL;TRAMO RECTO;INCLINADA;ASFALTADA;NULL;NULL;NULL;NULL;IMPRUDENCIA DEL PEATÓN;OTRO (IMPRUDENCIA DEL PEATÓN);Carretera Panamericana Sur;14/5/2023;-76.84265
A-2023-05-68;15:00.0;DESPISTE;1;0;1;LA LIBERTAD;CHEPEN;PACANGA;RURAL;CARRETERA;PROVINCIAL;LI-528;-7.164408;DESPEJADO;RURAL;TRAMO RECTO;PLANA ;AFIRMADO;NULL;NULL;NULL;NULL;IMPRUDENCIA DEL CONDUCTOR;OTRO (IMPRUDENCIA DEL CONDUCTOR);Avenida Juan Velasco Alvarado;14/5/2023;-79.450687
A-2023-05-101;30:00.0;CHOQUE;2;6;NULL;PIURA;SECHURA;RINCONADA LLICUAR;RURAL;CARRETERA;PROVINCIAL;PI-1040;-5.495029;DESPEJADO;RURAL;TRAMO RECTO;PLANA ;ASFALTADA;NULL;NULL;NULL;NULL;IMPRUDENCIA DEL CONDUCTOR;ADELANTAR INDEBIDAMENTE;Carretera Llicuar - Sechura;14/5/2023;-80.778035
A-2023-05-83;25:00.0;CHOQUE FUGA;1;2;2;LIMA;HUAURA;HUACHO;URBANA;CARRETERA;NACIONAL;PE-1N;-11.13609;DESPEJADO;RESIDENCIAL;TRAMO RECTO;INCLINADA;ASFALTADA;NULL;NULL;NULL;NULL;IMPRUDENCIA DEL CONDUCTOR;CONDUCIR EN SENTIDO CONTRARIO;Carretera Panamericana Norte;14/5/2023;-77.59694
A-2023-05-10;20:00.0;ATROPELLO FUGA;1;0;NULL;LIMA;LIMA;PACHACAMAC;URBANA;AVENIDA;URBANO;NO CORRESPONDE;-12.112766;NULL;NULL;NULL;NULL;NULL;NULL;NULL;NULL;NULL;EN PROCESO DE INVESTIGACIÓN;NO CUENTA CON CAUSA ESPECIFICA;Avenida Victor Malásquez;14/5/2023;-76.873714
A-2023-05-128;20:00.0;ATROPELLO FUGA;1;0;NULL;LIMA;LIMA;PACHACAMAC;URBANA;AVENIDA;URBANO;NO CORRESPONDE;-12.112637;DESPEJADO;ESCOLAR;INTERSECCIÓN;INCLINADA;ASFALTADA;NO;NULL;NULL;SI;EN PROCESO DE INVESTIGACIÓN;NO CUENTA CON CAUSA ESPECIFICA;Avenida Victor Malásquez;14/5/2023;-76.87396
A-2023-05-164;30:00.0;DESPISTE;1;0;1;CAJAMARCA;JAEN;SAN FELIPE;URBANA;CARRETERA;NACIONAL;PE-3N;-5.781063;DESPEJADO;INDUSTRIAL;CURVA;PLANA ;ASFALTADA;SI;PREVENTIVA (P);NULL;SI;IMPRUDENCIA DEL CONDUCTOR;EXCESO DE VELOCIDAD;Carretera Presidente Fernando Belaúnde Terry;15/5/2023;-79.392888
A-2023-05-82;00:00.0;CHOQUE;1;1;2;HUANCAVELICA;ANGARAES;LIRCAY;RURAL;CARRETERA;PROVINCIAL;HV-881;-13.003251;SOLEADO;RURAL;CURVA;PLANA ;TROCHA;NULL;NULL;NULL;NULL;EN PROCESO DE INVESTIGACIÓN;NO CUENTA CON CAUSA ESPECIFICA;Jatumpata;15/5/2023;-74.73493
A-2023-05-14;15:00.0;DESPISTE;1;0;1;TUMBES;ZARUMILLA;ZARUMILLA;RURAL;CARRETERA;DEPARTAMENTAL;TU-100;-3.483398;SOLEADO;RURAL;TRAMO RECTO;PLANA ;ASFALTADA;NULL;NULL;NULL;NULL;IMPRUDENCIA DEL CONDUCTOR;EXCESO DE VELOCIDAD;Carretera Zarumilla - El Bendito;15/5/2023;-80.286884
A-2023-05-22;35:00.0;CHOQUE;1;0;2;AREQUIPA;CAYLLOMA;MAJES;URBANA;CARRETERA;SIN CLASIFICAR;SIN CLASIFICAR;-16.320432;DESPEJADO;RURAL;TRAMO RECTO;INCLINADA;ASFALTADA;NULL;NULL;NULL;NULL;EN PROCESO DE INVESTIGACIÓN;NO CUENTA CON CAUSA ESPECIFICA;E8;15/5/2023;-72.214965
A-2023-05-71;15:00.0;DESPISTE;1;3;1;LA LIBERTAD;VIRU;GUADALUPITO;RURAL;CARRETERA;NACIONAL;PE-1N;-8.697165;DESPEJADO;RURAL;TRAMO RECTO;PLANA ;ASFALTADA;NULL;NULL;NULL;NULL;EN PROCESO DE INVESTIGACIÓN;NO CUENTA CON CAUSA ESPECIFICA;Panamericana Norte;15/5/2023;-78.637945
A-2023-05-72;30:00.0;DESPISTE;1;0;1;LA LIBERTAD;ASCOPE;CHICAMA;RURAL;CARRETERA;NACIONAL;PE-1NF;-7.748804;DESPEJADO;RURAL;TRAMO RECTO;PLANA ;ASFALTADA;NULL;NULL;NULL;NULL;EN PROCESO DE INVESTIGACIÓN;NO CUENTA CON CAUSA ESPECIFICA;Carretera Chicama - Cascas;15/5/2023;-79.100962
A-2023-05-99;30:00.0;ATROPELLO;1;0;1;PIURA;PIURA;CATACAOS;RURAL;CARRETERA;NACIONAL;PE-1N;-5.227758;DESPEJADO;RURAL;TRAMO RECTO;PLANA ;ASFALTADA;NULL;NULL;NULL;NULL;IMPRUDENCIA DEL PEATÓN;ESTADO DE EBRIEDAD Y/O DROGADICCIÓN;Carretera Panamericana Norte;15/5/2023;-80.654132
A-2023-05-44;00:00.0;DESPISTE;2;7;1;CUSCO;CANCHIS;TINTA;URBANA;CARRETERA;NACIONAL;PE-3S;-14.152876;NUBLADO;RURAL;TRAMO RECTO;PLANA ;ASFALTADA;NO;NULL;NULL;SI;IMPRUDENCIA DEL CONDUCTOR;CONDUCIR EN ESTADO DE EBRIEDAD Y/O DROGADICCIÓN;Calle 4 de Julio;17/5/2023;-71.391394
A-2023-05-149;30:00.0;ATROPELLO;1;0;NULL;JUNIN;HUANCAYO;HUANCAN;URBANA;CARRETERA;PROVINCIAL;JU-1036;-12.114898;DESPEJADO;RURAL;TRAMO RECTO;PLANA ;ASFALTADA;NO;NULL;NULL;SI;IMPRUDENCIA DEL PEATÓN;ESTADO DE EBRIEDAD Y/O DROGADICCIÓN;Huancán;17/5/2023;-75.223991
A-2023-05-33;18:00.0;DESPISTE;1;0;1;CUSCO;CHUMBIVILCAS;LLUSCO;RURAL;CARRETERA;PROVINCIAL;CU-1901;-14.344158;DESPEJADO;RURAL;TRAMO RECTO;INCLINADA;AFIRMADO;NULL;NULL;NULL;NULL;IMPRUDENCIA DEL CONDUCTOR;EXCESO DE VELOCIDAD;CU-1901;18/5/2023;-72.135893
A-2023-05-90;30:00.0;ATROPELLO;1;0;1;PUNO;HUANCANE;TARACO;RURAL;CARRETERA;SIN CLASIFICAR;SIN CLASIFICAR;-15.276588;DESPEJADO;RURAL;TRAMO RECTO;PLANA ;TROCHA;NULL;NULL;NULL;NULL;IMPRUDENCIA DEL CONDUCTOR;EXCESO DE VELOCIDAD;Taraco;18/5/2023;-69.957304
A-2023-05-24;54:00.0;ATROPELLO;1;0;NULL;AMAZONAS;CHACHAPOYAS;CHACHAPOYAS;URBANA;AVENIDA;URBANO;NO CORRESPONDE;-6.24623;NULL;NULL;NULL;NULL;NULL;NULL;NULL;NULL;NULL;EN PROCESO DE INVESTIGACIÓN;NO CUENTA CON CAUSA ESPECIFICA;Chachapoyas;18/5/2023;-77.891027
A-2023-05-70;40:00.0;ATROPELLO;1;0;1;LA LIBERTAD;TRUJILLO;HUANCHACO;URBANA;CARRETERA;NACIONAL;PE-1N;-8.010899;DESPEJADO;COMERCIAL;CURVA;PLANA ;ASFALTADA;NULL;NULL;NULL;NULL;IMPRUDENCIA DEL PEATÓN;CRUCE INDEBIDO POR LA CALZADA;Carretera Panamericana Norte;18/5/2023;-79.070726
A-2023-05-122;00:00.0;ATROPELLO FUGA;1;0;NULL;LIMA;LIMA;ATE;URBANA;CARRETERA;NACIONAL;PE-22;-12.008269;DESPEJADO;COMERCIAL;TRAMO RECTO;PLANA ;ASFALTADA;NULL;NULL;NULL;NULL;EN PROCESO DE INVESTIGACIÓN;NO CUENTA CON CAUSA ESPECIFICA;Carretera Central;19/5/2023;-76.860337
A-2023-05-19;05:00.0;CHOQUE;1;1;2;ICA;ICA;ICA;URBANA;AVENIDA;URBANO;NO CORRESPONDE;-14.085506;DESPEJADO;RESIDENCIAL;TRAMO RECTO;PLANA ;ASFALTADA;NULL;NULL;NULL;NULL;IMPRUDENCIA DEL CONDUCTOR;GIRAR IMPRUDENTEMENTE;Avenida Manuel Santana Chiri;19/5/2023;-75.722957
A-2023-05-169;30:00.0;ATROPELLO;1;0;1;TACNA;TACNA;ALTO DE LA ALIANZA;URBANA;CARRETERA;NACIONAL;PE-38;-17.999789;DESPEJADO;COMERCIAL;TRAMO RECTO;PLANA ;ASFALTADA;NULL;NULL;NULL;NULL;IMPRUDENCIA DEL CONDUCTOR;NO DAR PASO PREFERENTE AL PEATÓN;Avenida Jorge Basadre Grohmann;19/5/2023;-70.259936
A-2023-05-38;20:00.0;DESPISTE;2;1;1;CUSCO;LA CONVENCION;VILCABAMBA;RURAL;CARRETERA;PROVINCIAL;CU-614;-12.857471;DESPEJADO;RURAL;CURVA;INCLINADA;AFIRMADO;NULL;NULL;NULL;NULL;IMPRUDENCIA DEL CONDUCTOR;EXCESO DE VELOCIDAD;Vilcabamba;19/5/2023;-73.186868
A-2023-05-35;30:00.0;DESPISTE;1;0;1;CUSCO;LA CONVENCION;ECHARATE;URBANA;JIRÓN;URBANO;NO CORRESPONDE;-12.7671;DESPEJADO;RESIDENCIAL;INTERSECCIÓN;INCLINADA;AFIRMADO;NULL;NULL;NULL;NULL;IMPRUDENCIA DEL CONDUCTOR;OTRO (IMPRUDENCIA DEL CONDUCTOR);Echarati;19/5/2023;-72.581766
A-2023-05-111;00:00.0;CHOQUE;1;1;2;HUANCAVELICA;TAYACAJA;QUICHUAS;RURAL;CARRETERA;NACIONAL;PE-3S;-12.495509;DESPEJADO;RURAL;TRAMO RECTO;PLANA ;ASFALTADA;NULL;NULL;NULL;NULL;EN PROCESO DE INVESTIGACIÓN;NO CUENTA CON CAUSA ESPECIFICA;Carretera Longitudinal de la Sierra Sur;20/5/2023;-74.72221
A-2023-05-127;20:00.0;VOLCADURA;1;0;NULL;LIMA;LIMA;LURIGANCHO;URBANA;CARRETERA;NACIONAL;PE-22;-12.021007;DESPEJADO;INDUSTRIAL;CURVA;PLANA ;ASFALTADA;SI;REGULADORA (R);NULL;NO;IMPRUDENCIA DEL CONDUCTOR;OTRO (IMPRUDENCIA DEL CONDUCTOR);Autopista Ramiro Prialé;20/5/2023;-76.924511
A-2023-05-126;40:00.0;ATROPELLO;1;0;NULL;LIMA;LIMA;LURIN;RURAL;CARRETERA;NACIONAL;PE-1S;-12.245601;DESPEJADO;INDUSTRIAL;TRAMO RECTO;PLANA ;ASFALTADA;NULL;NULL;NULL;NULL;IMPRUDENCIA DEL PEATÓN;OTRO (IMPRUDENCIA DEL PEATÓN);Carretera Panamericana Sur;20/5/2023;-76.937863
A-2023-05-125;30:00.0;DESPISTE;1;0;NULL;LIMA;LIMA;LURIN;RURAL;CARRETERA;NACIONAL;PE-1S;-12.272526;DESPEJADO;RURAL;TRAMO RECTO;PLANA ;ASFALTADA;NULL;NULL;NULL;NULL;IMPRUDENCIA DEL CONDUCTOR;OTRO (IMPRUDENCIA DEL CONDUCTOR);Carretera Panamericana Sur;21/5/2023;-76.895531
A-2023-05-165;40:00.0;DESPISTE;1;2;1;CAJAMARCA;CONTUMAZA;YONAN;RURAL;CARRETERA;NACIONAL;PE-08;-7.250003;DESPEJADO;RURAL;CURVA;PLANA ;ASFALTADA;SI;PREVENTIVA (P);NULL;SI;IMPRUDENCIA DEL CONDUCTOR;OTRO (IMPRUDENCIA DEL CONDUCTOR);Carretera Ciudad de Dios - Cajamarca;21/5/2023;-79.23128
A-2023-05-166;50:00.0;CHOQUE;1;2;2;CAJAMARCA;CUTERVO;CALLAYUC;URBANA;CARRETERA;SIN CLASIFICAR;SIN CLASIFICAR;-6.17667;DESPEJADO;INDUSTRIAL;CURVA;INCLINADA;ASFALTADA;NO;NULL;NULL;SI;IMPRUDENCIA DEL CONDUCTOR;EXCESO DE VELOCIDAD;CA-814;21/5/2023;-78.9047
A-2023-05-23;00:00.0;CHOQUE;1;0;2;PUNO;CHUCUITO;JULI;RURAL;CARRETERA;NACIONAL;PE-3S;-16.23284;DESPEJADO;RURAL;TRAMO RECTO;PLANA ;ASFALTADA;NULL;NULL;NULL;NULL;NEGLIGENCIA DEL CONDUCTOR;OTRO (NEGLIGENCIA DEL CONDUCTOR);Carretera Longitudinal de la Sierra Sur;21/5/2023;-69.379644
A-2023-05-152;00:00.0;CHOQUE FUGA;1;0;1;TACNA;TACNA;TACNA;RURAL;CARRETERA;NACIONAL;PE-1SD;-18.07401;DESPEJADO;RURAL;INTERSECCIÓN;PLANA ;ASFALTADA;NULL;NULL;NULL;NULL;EN PROCESO DE INVESTIGACIÓN;NO CUENTA CON CAUSA ESPECIFICA;Zona Franca de Tacna;21/5/2023;-70.31412
A-2023-05-73;00:00.0;DESPISTE;5;13;1;LA LIBERTAD;OTUZCO;SALPO;RURAL;CARRETERA;NACIONAL;PE-10A;-7.989281;DESPEJADO;RURAL;TRAMO RECTO;PLANA ;ASFALTADA;NULL;NULL;NULL;NULL;NEGLIGENCIA DEL CONDUCTOR;CONDUCIR CON FALLAS DE FRENOS;Carretera Trujillo - Huamachuco;21/5/2023;-78.65696
A-2023-05-25;30:00.0;ATROPELLO;1;0;1;TUMBES;TUMBES;SAN JACINTO;RURAL;CARRETERA;DEPARTAMENTAL;TU-105;-3.644838;SOLEADO;RURAL;CURVA;PLANA ;ASFALTADA;SI;PREVENTIVA (P);NULL;NO;IMPRUDENCIA DEL PEATÓN;ESTADO DE EBRIEDAD Y/O DROGADICCIÓN;TU-105;21/5/2023;-80.449786
A-2023-05-124;30:00.0;ATROPELLO;1;0;NULL;LIMA;LIMA;SAN JUAN DE MIRAFLORES;URBANA;CARRETERA;NACIONAL;PE-1S;-12.146893;DESPEJADO;COMERCIAL;TRAMO RECTO;PLANA ;ASFALTADA;NULL;NULL;NULL;NULL;EN PROCESO DE INVESTIGACIÓN;NO CUENTA CON CAUSA ESPECIFICA;Avenida Panamericana Sur;21/5/2023;-76.982133
A-2023-05-74;40:00.0;CHOQUE;5;4;2;LA LIBERTAD;TRUJILLO;LAREDO;RURAL;CARRETERA;NACIONAL;PE-10A;-8.09589;DESPEJADO;RURAL;TRAMO RECTO;PLANA ;ASFALTADA;NULL;NULL;NULL;NULL;IMPRUDENCIA DEL CONDUCTOR;CONDUCIR EN ESTADO DE EBRIEDAD Y/O DROGADICCIÓN;Carretera Industrial;22/5/2023;-78.966624
A-2023-05-92;50:00.0;DESPISTE;2;0;1;PIURA;HUANCABAMBA;HUARMACA;RURAL;CARRETERA;NACIONAL;PE-04B;-5.8306;DESPEJADO;RURAL;TRAMO RECTO;INCLINADA;ASFALTADA;SI;PREVENTIVA (P);REGULADORA (R);NO;IMPRUDENCIA DEL CONDUCTOR;FATIGA Y/O CANSANCIO;Carretera Interoceánica Norte;22/5/2023;-79.4774
A-2023-05-98;30:00.0;CHOQUE;1;0;1;PIURA;PIURA;VEINTISEIS DE OCTUBRE;URBANA;CARRETERA;NACIONAL;PE-1N;-5.173122;DESPEJADO;COMERCIAL;TRAMO RECTO;PLANA ;ASFALTADA;NULL;NULL;NULL;NULL;EN PROCESO DE INVESTIGACIÓN;NO CUENTA CON CAUSA ESPECIFICA;Avenida Sánchez Cerro;22/5/2023;-80.681918
A-2023-05-20;40:00.0;CHOQUE;1;0;2;ICA;NASCA;NASCA;URBANA;CARRETERA;NACIONAL;PE-1S;-14.821676;DESPEJADO;COMERCIAL;TRAMO RECTO;PLANA ;ASFALTADA;NULL;NULL;NULL;NULL;EN PROCESO DE INVESTIGACIÓN;NO CUENTA CON CAUSA ESPECIFICA;Carretera Panamericana Sur;22/5/2023;-74.965951
A-2023-05-167;50:00.0;CHOQUE;1;0;2;CAJAMARCA;CONTUMAZA;YONAN;RURAL;CARRETERA;NACIONAL;PE-08;-7.179834;DESPEJADO;RURAL;CURVA;INCLINADA;ASFALTADA;SI;REGULADORA (R);PREVENTIVA (P);SI;IMPRUDENCIA DEL CONDUCTOR;CONDUCIR EN ESTADO DE EBRIEDAD Y/O DROGADICCIÓN;Carretera Ciudad de Dios - Cajamarca;22/5/2023;-79.013475
A-2023-05-123;20:00.0;CHOQUE;1;0;NULL;LIMA;LIMA;PUENTE PIEDRA;URBANA;CARRETERA;NACIONAL;PE-1N;-11.899354;DESPEJADO;COMERCIAL;TRAMO RECTO;PLANA ;ASFALTADA;NULL;NULL;NULL;NULL;IMPRUDENCIA DEL CONDUCTOR;OTRO (IMPRUDENCIA DEL CONDUCTOR);Avenida Panamericana Norte;22/5/2023;-77.067782
A-2023-05-84;30:00.0;DESPISTE;2;0;1;HUANCAVELICA;HUANCAVELICA;CUENCA;RURAL;CARRETERA;PROVINCIAL;HV-924;-12.447519;SOLEADO;RURAL;CURVA;PLANA ;TROCHA;NULL;NULL;NULL;NULL;EN PROCESO DE INVESTIGACIÓN;NO CUENTA CON CAUSA ESPECIFICA;HV-598;23/5/2023;-75.026261
A-2023-05-42;45:00.0;DESPISTE;1;0;1;CUSCO;PAUCARTAMBO;KOSÑIPATA;RURAL;CARRETERA;DEPARTAMENTAL;CU-114;-12.91651;DESPEJADO;RURAL;TRAMO RECTO;PLANA ;AFIRMADO;NULL;NULL;NULL;NULL;IMPRUDENCIA DEL CONDUCTOR;EXCESO DE VELOCIDAD;CU-114;23/5/2023;-71.39262
A-2023-05-121;00:00.0;CHOQUE;1;2;NULL;LIMA;LIMA;SAN JUAN DE MIRAFLORES;URBANA;CARRETERA;NACIONAL;PE-1S;-12.17345;DESPEJADO;RESIDENCIAL;TRAMO RECTO;PLANA ;ASFALTADA;NULL;NULL;NULL;NULL;IMPRUDENCIA DEL CONDUCTOR;OTRO (IMPRUDENCIA DEL CONDUCTOR);Avenida Panamericana Sur;24/5/2023;-76.97825
A-2023-05-154;00:00.0;ATROPELLO;1;0;NULL;LIMA;LIMA;CHORRILLOS;URBANA;AVENIDA;URBANO;NO CORRESPONDE;-12.190228;DESPEJADO;RESIDENCIAL;INTERSECCIÓN;PLANA ;ASFALTADA;NULL;NULL;NULL;NULL;IMPRUDENCIA DEL PEATÓN;OTRO (IMPRUDENCIA DEL PEATÓN);Avenida Alameda Sur;24/5/2023;-77.006271
A-2023-05-173;00:00.0;ATROPELLO;1;0;NULL;LIMA;LIMA;CHORRILLOS;URBANA;AVENIDA;URBANO;NO CORRESPONDE;-12.19024;DESPEJADO;COMERCIAL;INTERSECCIÓN;PLANA ;ASFALTADA;SI;REGULADORA (R);NULL;SI;IMPRUDENCIA DEL PEATÓN;CRUCE INDEBIDO POR LA CALZADA;Avenida Defensores del Morro;24/5/2023;-77.006379
A-2023-05-104;30:00.0;CHOQUE;1;1;NULL;LORETO;MAYNAS;SAN JUAN BAUTISTA;URBANA;AVENIDA;URBANO;NO CORRESPONDE;-3.777177;NULL;NULL;NULL;NULL;NULL;NULL;NULL;NULL;NULL;EN PROCESO DE INVESTIGACIÓN;NO CUENTA CON CAUSA ESPECIFICA;Avenida de la Participación;24/5/2023;-73.275805
A-2023-05-47;30:00.0;DESPISTE;1;0;1;APURIMAC;ANDAHUAYLAS;SAN JERONIMO;RURAL;CARRETERA;SIN CLASIFICAR;SIN CLASIFICAR;-13.670543;DESPEJADO;RURAL;TRAMO RECTO;INCLINADA;AFIRMADO;NULL;NULL;NULL;NULL;IMPRUDENCIA DEL CONDUCTOR;CONDUCIR EN ESTADO DE EBRIEDAD Y/O DROGADICCIÓN;Ancatira;24/5/2023;-73.28751
A-2023-05-151;00:00.0;ATROPELLO FUGA;1;0;NULL;JUNIN;YAULI;LA OROYA;URBANA;CARRETERA;NACIONAL;PE-22;-11.533625;NUBLADO;RURAL;TRAMO RECTO;PLANA ;ASFALTADA;SI;PREVENTIVA (P);NULL;SI;EN PROCESO DE INVESTIGACIÓN;NO CUENTA CON CAUSA ESPECIFICA;Carretera Central;25/5/2023;-75.920736
A-2023-05-31;00:00.0;CHOQUE;1;0;2;AREQUIPA;AREQUIPA;CAYMA;URBANA;AVENIDA;URBANO;NO CORRESPONDE;-16.373261;DESPEJADO;RESIDENCIAL;INTERSECCIÓN;INCLINADA;ASFALTADA;NO;NULL;NULL;SI;EN PROCESO DE INVESTIGACIÓN;NO CUENTA CON CAUSA ESPECIFICA;Cayma;25/5/2023;-71.548254
A-2023-05-27;10:00.0;ATROPELLO FUGA;1;1;1;AREQUIPA;AREQUIPA;PAUCARPATA;URBANA;CARRETERA;PROVINCIAL;AR-748;-16.421501;DESPEJADO;COMERCIAL;TRAMO RECTO;INCLINADA;ASFALTADA;NULL;NULL;NULL;NULL;EN PROCESO DE INVESTIGACIÓN;NO CUENTA CON CAUSA ESPECIFICA;Prolongación Avenida Jesús;25/5/2023;-71.498869
A-2023-05-96;50:00.0;VOLCADURA;1;0;NULL;APURIMAC;COTABAMBAS;CHALLHUAHUACHO;RURAL;CARRETERA;NACIONAL;PE-3SF;-14.1358;NULL;NULL;NULL;NULL;NULL;NULL;NULL;NULL;NULL;EN PROCESO DE INVESTIGACIÓN;NO CUENTA CON CAUSA ESPECIFICA;PE-3SF;25/5/2023;-72.291922
A-2023-05-107;10:00.0;DESPISTE;1;2;NULL;CALLAO;CALLAO;VENTANILLA;URBANA;CARRETERA;NACIONAL;PE-20;-11.920192;NULL;NULL;NULL;NULL;NULL;NULL;NULL;NULL;NULL;EN PROCESO DE INVESTIGACIÓN;NO CUENTA CON CAUSA ESPECIFICA;Avenida Coronel Nestor Gambetta;26/5/2023;-77.129354
A-2023-05-29;40:00.0;CHOQUE;1;0;NULL;PUNO;PUNO;PICHACANI;RURAL;CARRETERA;NACIONAL;PE-36B;-15.994118;DESPEJADO;RURAL;TRAMO RECTO;PLANA ;ASFALTADA;NULL;NULL;NULL;NULL;IMPRUDENCIA DEL CONDUCTOR;OTRO (IMPRUDENCIA DEL CONDUCTOR);PE-36B;26/5/2023;-70.018
A-2023-05-120;50:00.0;CHOQUE;1;0;NULL;LIMA;LIMA;PUEBLO LIBRE;URBANA;AVENIDA;URBANO;NO CORRESPONDE;-12.084783;DESPEJADO;RESIDENCIAL;SINUOSA;INCLINADA;ASFALTADA;SI;REGULADORA (R);NULL;NO;EN PROCESO DE INVESTIGACIÓN;NO CUENTA CON CAUSA ESPECIFICA;Ciclovía La Marina;26/5/2023;-77.064486
A-2023-05-119;00:00.0;CHOQUE;1;0;NULL;LIMA;LIMA;VILLA EL SALVADOR;URBANA;CARRETERA;NACIONAL;PE-1S;-12.229045;DESPEJADO;INDUSTRIAL;CURVA;PLANA ;ASFALTADA;SI;PREVENTIVA (P);NULL;NO;IMPRUDENCIA DEL CONDUCTOR;OTRO (IMPRUDENCIA DEL CONDUCTOR);Carretera Panamericana Sur;26/5/2023;-76.968166
A-2023-05-105;50:00.0;CHOQUE;1;1;NULL;LORETO;MAYNAS;IQUITOS;URBANA;CALLE;URBANO;NO CORRESPONDE;-3.736017;NULL;NULL;NULL;NULL;NULL;NULL;NULL;NULL;NULL;EN PROCESO DE INVESTIGACIÓN;NO CUENTA CON CAUSA ESPECIFICA;Avenida San Antonio;26/5/2023;-73.247485
A-2023-05-32;10:00.0;ATROPELLO FUGA;1;0;NULL;CUSCO;ANTA;ANTA;RURAL;CARRETERA;NACIONAL;PE-3S;-13.479735;DESPEJADO;RURAL;TRAMO RECTO;PLANA ;ASFALTADA;NO;NULL;NULL;SI;EN PROCESO DE INVESTIGACIÓN;NO CUENTA CON CAUSA ESPECIFICA;Carretera Longitudinal de la Sierra Sur;27/5/2023;-72.161786
A-2023-05-113;00:00.0;ATROPELLO;1;0;NULL;LIMA;LIMA;LIMA;URBANA;AVENIDA;URBANO;NO CORRESPONDE;-12.058755;DESPEJADO;COMERCIAL;TRAMO RECTO;PLANA ;ASFALTADA;SI;INFORMATIVA (I);NULL;SI;IMPRUDENCIA DEL CONDUCTOR;EXCESO DE VELOCIDAD;Avenida Aviación;27/5/2023;-77.013991
A-2023-05-114;10:00.0;ATROPELLO;1;0;NULL;LIMA;LIMA;PUENTE PIEDRA;URBANA;CARRETERA;NACIONAL;PE-1N;-11.841271;DESPEJADO;COMERCIAL;TRAMO RECTO;PLANA ;ASFALTADA;SI;PREVENTIVA (P);REGULADORA (R);NO;IMPRUDENCIA DEL PEATÓN;OTRO (IMPRUDENCIA DEL PEATÓN);Carretera Panamericana Norte;27/5/2023;-77.10372
A-2023-05-112;30:00.0;CHOQUE CON OBJETO FIJO;1;1;NULL;LIMA;LIMA;SAN MARTIN DE PORRES;URBANA;CARRETERA;NACIONAL;PE-1N;-12.035202;DESPEJADO;ESCOLAR;TRAMO RECTO;INCLINADA;ASFALTADA;SI;PREVENTIVA (P);PREVENTIVA (P);SI;EN PROCESO DE INVESTIGACIÓN;NO CUENTA CON CAUSA ESPECIFICA;Vía de Evitamiento;28/5/2023;-77.049005