CÓDIGO SINIESTRO;HORA SINIESTRO;CLASE SINIESTRO;CANTIDAD DE FALLECIDOS;CANTIDAD DE LESIONADOS;CANTIDAD DE VEHICULOS DAÑADOS;DEPARTAMENTO;PROVINCIA;DISTRITO;ZONA;TIPO DE VÍA;RED VIAL;COD CARRETERA;COORDENADAS LATITUD;CONDICIÓN CLIMÁTICA;ZONIFICACIÓN;CARACTERÍSTICAS DE VÍA;PERFIL LONGITUDINAL VÍA;SUPERFICIE DE CALZADA;¿EXISTE SEÑAL VERTICAL?;CLASIFICACIÓN DE LA SEÑAL VERTICAL Nº 1;CLASIFICACIÓN DE LA SEÑAL VERTICAL Nº 2;¿EXISTE SEÑAL HORIZONTAL?;CAUSA FACTOR PRINCIPAL;CAUSA ESPECÍFICA;UBICACION;FECHA SINIESTRO;COORDENADAS LONGITUD
A-2023-05-49;30:00.0;CHOQUE;1;18;2;CUSCO;QUISPICANCHI;OROPESA;URBANA;CARRETERA;NACIONAL;PE-3S;-13.583174;DESPEJADO;COMERCIAL;TRAMO RECTO;PLANA ;ASFALTADA;NO;NULL;NULL;SI;IMPRUDENCIA DEL CONDUCTOR;INVASIÓN DE CARRIL;Carretera Longitudinal de la Sierra Sur;28/5/2023;-71.809139
A-2023-05-51;30:00.0;DESPISTE;1;1;1;ICA;ICA;SALAS;RURAL;CARRETERA;NACIONAL;PE-1S;-13.935944;DESPEJADO;RURAL;TRAMO RECTO;PLANA ;ASFALTADA;NULL;NULL;NULL;NULL;IMPRUDENCIA DEL CONDUCTOR;EXCESO DE VELOCIDAD;Carretera Panamericana Sur;28/5/2023;-75.849134
A-2023-05-109;55:00.0;ATROPELLO;1;0;1;ICA;CHINCHA;CHINCHA ALTA;URBANA;CARRETERA;NACIONAL;PE-1S;-13.43404;DESPEJADO;RESIDENCIAL;TRAMO RECTO;PLANA ;ASFALTADA;NULL;NULL;NULL;NULL;EN PROCESO DE INVESTIGACIÓN;NO CUENTA CON CAUSA ESPECIFICA;Antigua Carretera Panamericana Sur;28/5/2023;-76.13442
A-2023-05-77;25:00.0;ATROPELLO;1;0;NULL;ANCASH;YUNGAY;YUNGAY;RURAL;CARRETERA;NACIONAL;PE-3N;-9.140527;NULL;NULL;NULL;NULL;NULL;NULL;NULL;NULL;NULL;EN PROCESO DE INVESTIGACIÓN;NO CUENTA CON CAUSA ESPECIFICA;Carretera Longitudinal de la Sierra Norte;28/5/2023;-77.74719
A-2023-05-26;00:00.0;ATROPELLO;1;0;1;ICA;ICA;SALAS;RURAL;CARRETERA;NACIONAL;PE-1S;-13.943248;DESPEJADO;INDUSTRIAL;TRAMO RECTO;PLANA ;ASFALTADA;SI;PREVENTIVA (P);NULL;NO;EN PROCESO DE INVESTIGACIÓN;NO CUENTA CON CAUSA ESPECIFICA;Carretera Panamericana Sur;28/5/2023;-75.809414
A-2023-05-80;10:00.0;DESPISTE;1;0;NULL;ANCASH;HUAYLAS;CARAZ;RURAL;CARRETERA;NACIONAL;PE-3N;-9.051116;NULL;NULL;NULL;NULL;NULL;NULL;NULL;NULL;NULL;EN PROCESO DE INVESTIGACIÓN;NO CUENTA CON CAUSA ESPECIFICA;Carretera Longitudinal de la Sierra Norte;29/5/2023;-77.809285
A-2023-05-50;30:00.0;ATROPELLO FUGA;1;0;NULL;PUNO;EL COLLAO;ILAVE;RURAL;CARRETERA;PROVINCIAL;PU-1153;-16.018631;DESPEJADO;RURAL;INTERSECCIÓN;PLANA ;ASFALTADA;NULL;NULL;NULL;NULL;IMPRUDENCIA DEL CONDUCTOR;EXCESO DE VELOCIDAD;Camicachi;29/5/2023;-69.578669
A-2023-05-97;00:00.0;VOLCADURA;2;0;NULL;APURIMAC;ABANCAY;CURAHUASI;RURAL;CARRETERA;DEPARTAMENTAL;AP-112;-13.642097;NULL;NULL;NULL;NULL;NULL;NULL;NULL;NULL;NULL;EN PROCESO DE INVESTIGACIÓN;NO CUENTA CON CAUSA ESPECIFICA;AP-112;29/5/2023;-72.581922
A-2023-05-48;25:00.0;ATROPELLO;1;0;1;SAN MARTIN;RIOJA;ELIAS SOPLIN VARGAS;URBANA;AVENIDA;URBANO;NO CORRESPONDE;-5.988301;SOLEADO;COMERCIAL;TRAMO RECTO;PLANA ;ASFALTADA;NULL;NULL;NULL;NULL;IMPERICIA DEL CONDUCTOR;NULL;Avenida Samaria;29/5/2023;-77.278982
A-2023-05-116;00:00.0;ATROPELLO;1;0;NULL;LIMA;LIMA;LURIGANCHO;URBANA;AVENIDA;URBANO;NO CORRESPONDE;-11.97624;DESPEJADO;RURAL;CURVA;INCLINADA;AFIRMADO;NULL;NULL;NULL;NULL;IMPRUDENCIA DEL CONDUCTOR;OTRO (IMPRUDENCIA DEL CONDUCTOR);Lurigancho;29/5/2023;-76.895071
A-2023-05-115;30:00.0;ATROPELLO;1;0;NULL;LIMA;LIMA;PUEBLO LIBRE;URBANA;AVENIDA;URBANO;NO CORRESPONDE;-12.07878;DESPEJADO;COMERCIAL;TRAMO RECTO;PLANA ;ASFALTADA;SI;REGULADORA (R);NULL;SI;IMPRUDENCIA DEL PEATÓN;OTRO (IMPRUDENCIA DEL PEATÓN);Avenida Brasil;29/5/2023;-77.05688
A-2023-05-150;50:00.0;CHOQUE CON OBJETO FIJO;1;0;NULL;JUNIN;HUANCAYO;HUANCAN;URBANA;CARRETERA;NACIONAL;PE-3SC;-12.102581;DESPEJADO;RURAL;ÓVALO;PLANA ;ASFALTADA;NO;NULL;NULL;SI;IMPRUDENCIA DEL CONDUCTOR;CONDUCIR EN ESTADO DE EBRIEDAD Y/O DROGADICCIÓN;Real;30/5/2023;-75.18938
A-2023-05-91;20:00.0;CHOQUE;1;0;2;PUNO;SAN ROMAN;CABANILLAS;RURAL;CARRETERA;NACIONAL;PE-34A;-15.679479;DESPEJADO;RURAL;CURVA;PLANA ;ASFALTADA;NULL;NULL;NULL;NULL;IMPRUDENCIA DEL CONDUCTOR;INVASIÓN DE CARRIL;Héroes de La Guerra del Pacífico;30/5/2023;-70.422689
A-2023-05-117;30:00.0;CAÍDA DE PASAJERO;1;0;NULL;LIMA;LIMA;PUENTE PIEDRA;URBANA;CALLE;URBANO;NO CORRESPONDE;-11.826237;DESPEJADO;RESIDENCIAL;TRAMO RECTO;INCLINADA;ASFALTADA;NO;NULL;NULL;SI;EN PROCESO DE INVESTIGACIÓN;NO CUENTA CON CAUSA ESPECIFICA;Calle Las Begonias;30/5/2023;-77.112416
A-2023-05-41;40:00.0;ATROPELLO;1;0;1;AREQUIPA;AREQUIPA;JOSE LUIS BUSTAMANTE Y RIVERO;URBANA;AVENIDA;URBANO;NO CORRESPONDE;-16.442806;DESPEJADO;RESIDENCIAL;TRAMO RECTO;INCLINADA;ASFALTADA;NO;NULL;NULL;SI;EN PROCESO DE INVESTIGACIÓN;NO CUENTA CON CAUSA ESPECIFICA;José Luis Bustamante y Rivero;30/5/2023;-71.520833
A-2023-05-89;50:00.0;ATROPELLO;1;0;1;LA LIBERTAD;SANCHEZ CARRION;SARTIMBAMBA;RURAL;CARRETERA;SIN CLASIFICAR;SIN CLASIFICAR;-7.742005;DESPEJADO;RURAL;CURVA;PLANA ;TROCHA;NULL;NULL;NULL;NULL;EN PROCESO DE INVESTIGACIÓN;NO CUENTA CON CAUSA ESPECIFICA;Sartimbamba;30/5/2023;-77.753891
A-2023-05-100;05:00.0;DESPISTE;1;0;NULL;APURIMAC;ABANCAY;CURAHUASI;RURAL;CARRETERA;DEPARTAMENTAL;AP-112;-13.637066;NULL;NULL;NULL;NULL;NULL;NULL;NULL;NULL;NULL;EN PROCESO DE INVESTIGACIÓN;NO CUENTA CON CAUSA ESPECIFICA;AP-112;31/5/2023;-72.602741
A-2023-05-118;00:00.0;ATROPELLO;1;0;NULL;LIMA;LIMA;VILLA EL SALVADOR;URBANA;AVENIDA;URBANO;NO CORRESPONDE;-12.224051;DESPEJADO;ESCOLAR;INTERSECCIÓN;INCLINADA;ASFALTADA;NULL;NULL;NULL;NULL;IMPRUDENCIA DEL CONDUCTOR;OTRO (IMPRUDENCIA DEL CONDUCTOR);Avenida Pachacútec;31/5/2023;-76.919824
A-2023-06-94;30:00.0;DESPISTE;3;0;1;PUNO;AZANGARO;SAN ANTON;RURAL;CARRETERA;NACIONAL;PE-34B;-14.45016;DESPEJADO;RURAL;CURVA;PLANA ;ASFALTADA;NULL;NULL;NULL;NULL;IMPRUDENCIA DEL CONDUCTOR;EXCESO DE VELOCIDAD;Carretera Interoceánica Puno - Madre de Dios;1/6/2023;-70.260226
A-2023-06-174;08:00.0;DESPISTE;1;1;1;CAJAMARCA;CONTUMAZA;YONAN;RURAL;CARRETERA;NACIONAL;PE-08;-7.179736;DESPEJADO;RURAL;TRAMO RECTO;PLANA ;ASFALTADA;SI;REGULADORA (R);NULL;SI;IMPRUDENCIA DEL CONDUCTOR;CONDUCIR EN ESTADO DE EBRIEDAD Y/O DROGADICCIÓN;Carretera Ciudad de Dios - Cajamarca;1/6/2023;-79.013894
A-2023-06-98;31:00.0;ATROPELLO;1;0;1;PIURA;PIURA;CASTILLA;URBANA;CALLE;URBANO;NO CORRESPONDE;-5.206175;DESPEJADO;COMERCIAL;INTERSECCIÓN;PLANA ;ASFALTADA;NULL;NULL;NULL;NULL;IMPRUDENCIA DEL CONDUCTOR;NO DAR PASO PREFERENTE AL PEATÓN;Castilla;1/6/2023;-80.577389
A-2023-06-1;30:00.0;VOLCADURA;1;1;1;AREQUIPA;AREQUIPA;VITOR;RURAL;CARRETERA;NACIONAL;PE-1S;-16.483697;DESPEJADO;RURAL;CURVA;PLANA ;ASFALTADA;NO;NULL;NULL;SI;EN PROCESO DE INVESTIGACIÓN;NO CUENTA CON CAUSA ESPECIFICA;Carretera Panamericana Sur;1/6/2023;-71.891388
A-2023-06-4;30:00.0;CHOQUE;4;2;2;PUNO;CHUCUITO;KELLUYO;RURAL;CARRETERA;DEPARTAMENTAL;PU-152;-16.679505;DESPEJADO;RURAL;TRAMO RECTO;PLANA ;ASFALTADA;NULL;NULL;NULL;NULL;IMPRUDENCIA DEL CONDUCTOR;EXCESO DE VELOCIDAD;PU-152;1/6/2023;-69.156865
A-2023-06-114;00:00.0;DESPISTE;1;1;NULL;LIMA;LIMA;SAN MIGUEL;URBANA;OTRO;URBANO;NO CORRESPONDE;-12.081534;DESPEJADO;COMERCIAL;TRAMO RECTO;INCLINADA;ASFALTADA;NULL;NULL;NULL;NULL;IMPRUDENCIA DEL CONDUCTOR;OTRO (IMPRUDENCIA DEL CONDUCTOR);Avenida Costanera;1/6/2023;-77.106801
A-2023-06-115;50:00.0;CHOQUE;1;1;NULL;LIMA;LIMA;VILLA EL SALVADOR;URBANA;AVENIDA;URBANO;NO CORRESPONDE;-12.239764;DESPEJADO;COMERCIAL;ÓVALO;PLANA ;ASFALTADA;SI;REGULADORA (R);NULL;NO;IMPRUDENCIA DEL CONDUCTOR;OTRO (IMPRUDENCIA DEL CONDUCTOR);Óvalo María Reiche;1/6/2023;-76.912314
A-2023-06-87;30:00.0;DESPISTE;1;0;1;PUNO;CARABAYA;AJOYANI;RURAL;CARRETERA;NACIONAL;PE-34B;-14.268942;DESPEJADO;RURAL;TRAMO RECTO;PLANA ;ASFALTADA;NULL;NULL;NULL;NULL;IMPRUDENCIA DEL CONDUCTOR;FATIGA Y/O CANSANCIO;Carretera Interoceánica Puno - Madre de Dios;2/6/2023;-70.24375
A-2023-06-36;30:00.0;ATROPELLO;1;0;1;LA LIBERTAD;TRUJILLO;VICTOR LARCO HERRERA;URBANA;CARRETERA;NACIONAL;PE-1N;-8.146174;DESPEJADO;COMERCIAL;TRAMO RECTO;PLANA ;ASFALTADA;NULL;NULL;NULL;NULL;IMPRUDENCIA DEL PEATÓN;CRUCE INDEBIDO POR LA CALZADA;Avenida 2 de Mayo;2/6/2023;-79.046022
A-2023-06-5;45:00.0;DESPISTE;1;1;1;PUNO;PUNO;PLATERIA;RURAL;CARRETERA;NACIONAL;PE-3S;-15.943626;DESPEJADO;RURAL;TRAMO RECTO;PLANA ;ASFALTADA;NULL;NULL;NULL;NULL;IMPRUDENCIA DEL CONDUCTOR;FATIGA Y/O CANSANCIO;Carretera Longitudinal de la Sierra Sur;2/6/2023;-69.843569
A-2023-06-106;30:00.0;CAÍDA DE PASAJERO;1;0;0;LORETO;MAYNAS;IQUITOS;URBANA;CALLE;URBANO;NO CORRESPONDE;-3.737031;DESPEJADO;COMERCIAL;TRAMO RECTO;PLANA ;ASFALTADA;NO;NULL;NULL;SI;IMPRUDENCIA DEL CONDUCTOR;OTRO (IMPRUDENCIA DEL CONDUCTOR);Avenida Navarro Cauper;3/6/2023;-73.259481
A-2023-06-3;20:00.0;VOLCADURA;1;0;1;AREQUIPA;AREQUIPA;CERRO COLORADO;URBANA;CARRETERA;NACIONAL;PE-34A;-16.37613;DESPEJADO;COMERCIAL;TRAMO RECTO;INCLINADA;ASFALTADA;NO;NULL;NULL;SI;EN PROCESO DE INVESTIGACIÓN;NO CUENTA CON CAUSA ESPECIFICA;Vía de Evitamiento;3/6/2023;-71.574932
A-2023-06-175;00:00.0;DESPISTE;1;0;1;CAJAMARCA;CHOTA;QUEROCOTO;URBANA;AVENIDA;URBANO;NO CORRESPONDE;-6.363512;DESPEJADO;COMERCIAL;INTERSECCIÓN;INCLINADA;ASFALTADA;NO;NULL;NULL;NO;NEGLIGENCIA DEL CONDUCTOR;OTRO (NEGLIGENCIA DEL CONDUCTOR);Querocoto;3/6/2023;-79.032288
A-2023-06-109;30:00.0;CHOQUE;1;0;2;ICA;CHINCHA;CHINCHA BAJA;RURAL;CARRETERA;NACIONAL;PE-1S;-13.458801;DESPEJADO;RURAL;TRAMO RECTO;PLANA ;ASFALTADA;NULL;NULL;NULL;NULL;EN PROCESO DE INVESTIGACIÓN;NO CUENTA CON CAUSA ESPECIFICA;Antigua Carretera Panamericana Sur;3/6/2023;-76.136465
A-2023-06-83;30:00.0;CHOQUE;1;0;2;PASCO;PASCO;YANACANCHA;RURAL;CARRETERA;NACIONAL;PE-3N;-10.694413;DESPEJADO;RURAL;CURVA;INCLINADA;ASFALTADA;SI;REGULADORA (R);NULL;NO;IMPERICIA DEL CONDUCTOR;NULL;Carretera Longitudinal de la Sierra Norte;3/6/2023;-76.220843
A-2023-06-116;45:00.0;ATROPELLO;1;0;NULL;LIMA;LIMA;LIMA;RURAL;AVENIDA;URBANO;NO CORRESPONDE;-12.055195;DESPEJADO;COMERCIAL;INTERSECCIÓN;PLANA ;ASFALTADA;NULL;NULL;NULL;NULL;EN PROCESO DE INVESTIGACIÓN;NO CUENTA CON CAUSA ESPECIFICA;Jirón Inambari;3/6/2023;-77.030261
A-2023-06-117;20:00.0;ATROPELLO;1;0;NULL;LIMA;LIMA;PUCUSANA;URBANA;AVENIDA;URBANO;NO CORRESPONDE;-12.492415;DESPEJADO;ESCOLAR;TRAMO RECTO;PLANA ;ASFALTADA;NULL;NULL;NULL;NULL;EN PROCESO DE INVESTIGACIÓN;NO CUENTA CON CAUSA ESPECIFICA;LM-123;3/6/2023;-76.787542
A-2023-06-176;30:00.0;CHOQUE;1;0;2;CAJAMARCA;JAEN;JAEN;URBANA;CARRETERA;NACIONAL;PE-5N;-5.732336;DESPEJADO;INDUSTRIAL;INTERSECCIÓN;INCLINADA;ASFALTADA;NULL;NULL;NULL;NULL;IMPRUDENCIA DEL CONDUCTOR;OTRO (IMPRUDENCIA DEL CONDUCTOR);Mesones Muro;3/6/2023;-78.794169
A-2023-06-6;35:00.0;CHOQUE FUGA;1;2;1;PUNO;EL COLLAO;ILAVE;RURAL;CARRETERA;NACIONAL;PE-38A;-16.120983;DESPEJADO;RURAL;TRAMO RECTO;PLANA ;ASFALTADA;NULL;NULL;NULL;NULL;IMPRUDENCIA DEL CONDUCTOR;INVASIÓN DE CARRIL;Carretera Mazocruz - Ilave;3/6/2023;-69.641112
A-2023-06-10;20:00.0;CHOQUE;4;1;2;AREQUIPA;AREQUIPA;VITOR;RURAL;CARRETERA;NACIONAL;PE-1S;-16.44216;DESPEJADO;RURAL;TRAMO RECTO;PLANA ;ASFALTADA;NO;NULL;NULL;SI;EN PROCESO DE INVESTIGACIÓN;NO CUENTA CON CAUSA ESPECIFICA;Carretera Panamericana Sur;4/6/2023;-71.982112
A-2023-06-37;20:00.0;ATROPELLO;1;0;1;LA LIBERTAD;TRUJILLO;LAREDO;RURAL;CARRETERA;NACIONAL;PE-10A;-8.097259;DESPEJADO;RURAL;TRAMO RECTO;PLANA ;ASFALTADA;NULL;NULL;NULL;NULL;IMPRUDENCIA DEL CONDUCTOR;OTRO (IMPRUDENCIA DEL CONDUCTOR);Carretera Industrial;4/6/2023;-78.973816
A-2023-06-41;00:00.0;CHOQUE FUGA;1;0;1;LA LIBERTAD;PACASMAYO;SAN PEDRO DE LLOC;RURAL;CARRETERA;NACIONAL;PE-1N;-7.466729;DESPEJADO;RURAL;TRAMO RECTO;PLANA ;ASFALTADA;NULL;NULL;NULL;NULL;IMPRUDENCIA DEL CONDUCTOR;OTRO (IMPRUDENCIA DEL CONDUCTOR);Carretera Panamericana Norte;4/6/2023;-79.437885
A-2023-06-183;20:00.0;DESPISTE;1;0;1;CAJAMARCA;CUTERVO;SOCOTA;RURAL;CARRETERA;NACIONAL;PE-3ND;-6.328544;DESPEJADO;RURAL;CURVA;INCLINADA;ASFALTADA;NO;NULL;NULL;SI;IMPRUDENCIA DEL CONDUCTOR;CONDUCIR EN ESTADO DE EBRIEDAD Y/O DROGADICCIÓN;PE-3ND;4/6/2023;-78.709728
A-2023-06-118;20:00.0;ATROPELLO FUGA;1;0;NULL;LIMA;LIMA;VILLA EL SALVADOR;RURAL;CARRETERA;NACIONAL;PE-1S;-12.235937;DESPEJADO;RURAL;TRAMO RECTO;PLANA ;ASFALTADA;NULL;NULL;NULL;NULL;EN PROCESO DE INVESTIGACIÓN;NO CUENTA CON CAUSA ESPECIFICA;Carretera Panamericana Sur;4/6/2023;-76.956483
A-2023-06-119;45:00.0;ATROPELLO FUGA;1;0;NULL;LIMA;LIMA;SANTIAGO DE SURCO;URBANA;CARRETERA;NACIONAL;PE-1S;-12.136873;DESPEJADO;RESIDENCIAL;TRAMO RECTO;PLANA ;ASFALTADA;SI;PREVENTIVA (P);NULL;NO;EN PROCESO DE INVESTIGACIÓN;NO CUENTA CON CAUSA ESPECIFICA;Carretera Panamericana Sur;4/6/2023;-76.980469
A-2023-06-11;50:00.0;DESPISTE;1;1;1;PUNO;PUNO;PUNO;RURAL;CARRETERA;NACIONAL;PE-3S;-15.798502;DESPEJADO;RURAL;TRAMO RECTO;PLANA ;ASFALTADA;NULL;NULL;NULL;NULL;IMPRUDENCIA DEL CONDUCTOR;FATIGA Y/O CANSANCIO;Carretera Longitudinal de la Sierra Sur;4/6/2023;-70.035459
A-2023-06-2;15:00.0;CHOQUE;1;2;3;ICA;ICA;SANTIAGO;URBANA;CARRETERA;NACIONAL;PE-1S;-14.217789;DESPEJADO;RURAL;CURVA;PLANA ;ASFALTADA;NULL;NULL;NULL;NULL;EN PROCESO DE INVESTIGACIÓN;NO CUENTA CON CAUSA ESPECIFICA;Carretera Panamericana Sur;4/6/2023;-75.707994
A-2023-06-40;00:00.0;DESPISTE;1;1;1;CUSCO;PAUCARTAMBO;KOSÑIPATA;RURAL;CARRETERA;DEPARTAMENTAL;CU-113;-12.927368;DESPEJADO;RURAL;TRAMO RECTO;PLANA ;ASFALTADA;NULL;NULL;NULL;NULL;IMPRUDENCIA DEL CONDUCTOR;EXCESO DE VELOCIDAD;Carretera Manu;4/6/2023;-71.401338
A-2023-06-46;30:00.0;DESPISTE;3;5;1;LA LIBERTAD;TRUJILLO;SALAVERRY;RURAL;CARRETERA;NACIONAL;PE-1N;-8.204235;DESPEJADO;RURAL;TRAMO RECTO;PLANA ;ASFALTADA;NULL;NULL;NULL;NULL;NEGLIGENCIA DEL CONDUCTOR;CONDUCIR CON FALLAS DE DIRECCIÓN;Panamericana Norte;4/6/2023;-78.959428
A-2023-06-177;14:00.0;CHOQUE;2;0;2;CAJAMARCA;CAJABAMBA;CONDEBAMBA;URBANA;CARRETERA;NACIONAL;PE-3N;-7.491161;DESPEJADO;COMERCIAL;TRAMO RECTO;INCLINADA;ASFALTADA;SI;PREVENTIVA (P);NULL;SI;IMPRUDENCIA DEL CONDUCTOR;INVASIÓN DE CARRIL;Carretera Longitudinal de la Sierra Norte;4/6/2023;-78.129118
A-2023-06-47;20:00.0;DESPISTE;1;0;1;LA LIBERTAD;PATAZ;HUANCASPATA;RURAL;CARRETERA;NACIONAL;PE-10C;-8.456675;DESPEJADO;RURAL;CURVA;PLANA ;TROCHA;NULL;NULL;NULL;NULL;IMPRUDENCIA DEL CONDUCTOR;FATIGA Y/O CANSANCIO;PE-10C;4/6/2023;-77.309041
A-2023-06-184;30:00.0;VOLCADURA;1;1;1;CAJAMARCA;JAEN;BELLAVISTA;RURAL;CARRETERA;PROVINCIAL;CA-745;-5.663365;DESPEJADO;RURAL;TRAMO RECTO;PLANA ;ASFALTADA;NO;NULL;NULL;SI;IMPERICIA DEL CONDUCTOR;NULL;CA-745;4/6/2023;-78.653974
A-2023-06-7;20:00.0;ATROPELLO;1;1;NULL;ICA;ICA;SANTIAGO;RURAL;AVENIDA;URBANO;NO CORRESPONDE;-14.272908;DESPEJADO;RURAL;TRAMO RECTO;PLANA ;ASFALTADA;NULL;NULL;NULL;NULL;IMPRUDENCIA DEL CONDUCTOR;CONDUCIR EN ESTADO DE EBRIEDAD Y/O DROGADICCIÓN;Santa Dominguita;4/6/2023;-75.672082
A-2023-06-120;30:00.0;CHOQUE;1;0;NULL;LIMA;LIMA;ANCON;RURAL;CARRETERA;NACIONAL;PE-1N;-11.79253;DESPEJADO;RURAL;TRAMO RECTO;PLANA ;ASFALTADA;NULL;NULL;NULL;NULL;EN PROCESO DE INVESTIGACIÓN;NO CUENTA CON CAUSA ESPECIFICA;Carretera Panamericana Norte;4/6/2023;-77.146759
A-2023-06-9;35:00.0;DESPISTE;1;2;2;ICA;PISCO;SAN ANDRES;URBANA;CARRETERA;NACIONAL;PE-1SE;-13.715879;DESPEJADO;COMERCIAL;TRAMO RECTO;PLANA ;ASFALTADA;NULL;NULL;NULL;NULL;IMPRUDENCIA DEL CONDUCTOR;EXCESO DE VELOCIDAD;Carretera Panamericana Sur;5/6/2023;-76.164719
A-2023-06-42;30:00.0;DESPISTE;1;0;1;CUSCO;ESPINAR;ESPINAR;RURAL;CARRETERA;NACIONAL;PE-3SG;-14.840621;DESPEJADO;RURAL;CURVA;PLANA ;ASFALTADA;SI;PREVENTIVA (P);NULL;SI;IMPRUDENCIA DEL CONDUCTOR;EXCESO DE VELOCIDAD;PE-3SG;5/6/2023;-71.303332
A-2023-06-8;10:00.0;ATROPELLO;1;0;NULL;ICA;ICA;LOS AQUIJES;URBANA;CARRETERA;PROVINCIAL;IC-655;-14.094408;DESPEJADO;RURAL;TRAMO RECTO;PLANA ;ASFALTADA;NULL;NULL;NULL;NULL;IMPRUDENCIA DEL CONDUCTOR;CONDUCIR EN ESTADO DE EBRIEDAD Y/O DROGADICCIÓN;El Arenal;5/6/2023;-75.705145
A-2023-06-112;40:00.0;DESPISTE;1;4;1;HUANCAVELICA;HUANCAVELICA;YAULI;RURAL;CARRETERA;NACIONAL;PE-26B;-12.900835;DESPEJADO;RURAL;CURVA;PLANA ;ASFALTADA;NULL;NULL;NULL;NULL;EN PROCESO DE INVESTIGACIÓN;NO CUENTA CON CAUSA ESPECIFICA;PE-26B;5/6/2023;-74.808671
A-2023-06-56;50:00.0;VOLCADURA;1;0;1;CUSCO;ESPINAR;ESPINAR;URBANA;CARRETERA;NACIONAL;PE-3SG;-14.789314;DESPEJADO;RESIDENCIAL;CURVA;PLANA ;ASFALTADA;NULL;NULL;NULL;NULL;IMPRUDENCIA DEL CONDUCTOR;EXCESO DE VELOCIDAD;PE-3SG;6/6/2023;-71.421632
A-2023-06-178;50:00.0;CHOQUE;1;1;2;CAJAMARCA;HUALGAYOC;HUALGAYOC;RURAL;CARRETERA;NACIONAL;PE-3N;-6.742944;DESPEJADO;RURAL;CURVA;PLANA ;ASFALTADA;NO;NULL;NULL;SI;IMPRUDENCIA DEL CONDUCTOR;EXCESO DE VELOCIDAD;Carretera Longitudinal de la Sierra Norte;6/6/2023;-78.584581
A-2023-06-121;40:00.0;CAÍDA DE PASAJERO;1;0;NULL;LIMA;LIMA;SAN JUAN DE LURIGANCHO;URBANA;AVENIDA;URBANO;NO CORRESPONDE;-11.976992;DESPEJADO;ESCOLAR;CURVA;PLANA ;ASFALTADA;NULL;NULL;NULL;NULL;IMPRUDENCIA DEL CONDUCTOR;EXCESO DE VELOCIDAD;Avenida Fernando Wiesse;6/6/2023;-77.003059
A-2023-06-55;23:00.0;FERROVIARIO;1;0;NULL;CUSCO;QUISPICANCHI;URCOS;RURAL;CARRETERA;SIN CLASIFICAR;SIN CLASIFICAR;-13.662979;DESPEJADO;RURAL;CURVA;PLANA ;TROCHA;SI;PREVENTIVA (P);NULL;NO;IMPRUDENCIA DEL PEATÓN;CRUCE INDEBIDO POR LA CALZADA;Hacienda Sallac;6/6/2023;-71.639333
A-2023-06-122;50:00.0;ATROPELLO;1;1;NULL;LIMA;LIMA;SURQUILLO;URBANA;CALLE;URBANO;NO CORRESPONDE;-12.109711;DESPEJADO;ESCOLAR;TRAMO RECTO;PLANA ;ASFALTADA;NULL;NULL;NULL;NULL;IMPRUDENCIA DEL PEATÓN;OTRO (IMPRUDENCIA DEL PEATÓN);Calle J;6/6/2023;-77.011654
A-2023-06-123;40:00.0;CHOQUE;2;1;NULL;LIMA;LIMA;SANTIAGO DE SURCO;URBANA;CARRETERA;NACIONAL;PE-1S;-12.118225;DESPEJADO;ESCOLAR;TRAMO RECTO;PLANA ;ASFALTADA;SI;PREVENTIVA (P);NULL;NO;IMPRUDENCIA DEL CONDUCTOR;OTRO (IMPRUDENCIA DEL CONDUCTOR);Carretera Panamericana Sur;7/6/2023;-76.977132
A-2023-06-124;45:00.0;ATROPELLO;1;0;NULL;LIMA;LIMA;CHORRILLOS;URBANA;AVENIDA;URBANO;NO CORRESPONDE;-12.181346;DESPEJADO;COMERCIAL;INTERSECCIÓN;PLANA ;ASFALTADA;NO;NULL;NULL;SI;NEGLIGENCIA DEL CONDUCTOR;OTRO (NEGLIGENCIA DEL CONDUCTOR);Avenida Ariosto Matellini;7/6/2023;-77.012327
A-2023-06-32;30:00.0;DESPISTE;1;7;1;CUSCO;CALCA;LARES;RURAL;CARRETERA;PROVINCIAL;CU-709;-13.187817;DESPEJADO;RURAL;CURVA;INCLINADA;AFIRMADO;SI;PREVENTIVA (P);NULL;SI;NEGLIGENCIA DEL CONDUCTOR;CONDUCIR CON FALLAS DE FRENOS;CU-593;7/6/2023;-71.942477
A-2023-06-93;35:00.0;CHOQUE;1;0;1;PUNO;SANDIA;PATAMBUCO;RURAL;CARRETERA;DEPARTAMENTAL;PU-107;-14.392008;DESPEJADO;RURAL;CURVA;PLANA ;ASFALTADA;NULL;NULL;NULL;NULL;IMPRUDENCIA DEL CONDUCTOR;INVASIÓN DE CARRIL;PU-107;7/6/2023;-69.698115
A-2023-06-88;30:00.0;CHOQUE;1;1;2;PUNO;SAN ROMAN;JULIACA;URBANA;CARRETERA;NACIONAL;PE-34A;-15.486437;DESPEJADO;COMERCIAL;INTERSECCIÓN;PLANA ;ASFALTADA;NULL;NULL;NULL;NULL;IMPRUDENCIA DEL CONDUCTOR;NO ESTABLECER EL DERECHO DE PASO;Avenida Ferrocarril;7/6/2023;-70.142996