CÓDIGO SINIESTRO;HORA SINIESTRO;CLASE SINIESTRO;CANTIDAD DE FALLECIDOS;CANTIDAD DE LESIONADOS;CANTIDAD DE VEHICULOS DAÑADOS;DEPARTAMENTO;PROVINCIA;DISTRITO;ZONA;TIPO DE VÍA;RED VIAL;COD CARRETERA;COORDENADAS LATITUD;CONDICIÓN CLIMÁTICA;ZONIFICACIÓN;CARACTERÍSTICAS DE VÍA;PERFIL LONGITUDINAL VÍA;SUPERFICIE DE CALZADA;¿EXISTE SEÑAL VERTICAL?;CLASIFICACIÓN DE LA SEÑAL VERTICAL Nº 1;CLASIFICACIÓN DE LA SEÑAL VERTICAL Nº 2;¿EXISTE SEÑAL HORIZONTAL?;CAUSA FACTOR PRINCIPAL;CAUSA ESPECÍFICA;UBICACION;FECHA SINIESTRO;COORDENADAS LONGITUD
A-2023-06-125;00:00.0;DESPISTE;1;0;NULL;LIMA;LIMA;SAN MARTIN DE PORRES;URBANA;AVENIDA;URBANO;NO CORRESPONDE;-12.016621;DESPEJADO;COMERCIAL;TRAMO RECTO;PLANA ;ASFALTADA;NULL;NULL;NULL;NULL;EN PROCESO DE INVESTIGACIÓN;NO CUENTA CON CAUSA ESPECIFICA;Avenida Universitaria;8/6/2023;-77.077946
A-2023-06-126;30:00.0;ATROPELLO;1;0;NULL;LIMA;LIMA;MIRAFLORES;URBANA;AVENIDA;URBANO;NO CORRESPONDE;-12.129914;DESPEJADO;RESIDENCIAL;TRAMO RECTO;PLANA ;ASFALTADA;NULL;NULL;NULL;NULL;IMPRUDENCIA DEL CONDUCTOR;OTRO (IMPRUDENCIA DEL CONDUCTOR);Avenida Reducto;8/6/2023;-77.023709
A-2023-06-158;10:00.0;ATROPELLO;1;0;NULL;JUNIN;CONCEPCION;ORCOTUNA;RURAL;CARRETERA;PROVINCIAL;JU-851;-11.990971;SOLEADO;RURAL;OTRO;PLANA ;AFIRMADO;NULL;NULL;NULL;NULL;IMPRUDENCIA DEL PEATÓN;OTRO (IMPRUDENCIA DEL PEATÓN);San Antonio de Orcotuna;8/6/2023;-75.328945
A-2023-06-169;35:00.0;DESPISTE;1;1;NULL;TACNA;JORGE BASADRE;ITE;RURAL;CARRETERA;SIN CLASIFICAR;SIN CLASIFICAR;-17.878886;DESPEJADO;RURAL;TRAMO RECTO;INCLINADA;TROCHA;NULL;NULL;NULL;NULL;IMPERICIA DEL CONDUCTOR;NULL;Ingreso 2;8/6/2023;-70.977804
A-2023-06-14;30:00.0;CHOQUE;1;4;2;ANCASH;CARHUAZ;CARHUAZ;URBANA;CARRETERA;PROVINCIAL;AN-1103;-9.298273;NUBLADO;RURAL;TRAMO RECTO;PLANA ;ASFALTADA;SI;PREVENTIVA (P);REGULADORA (R);SI;EN PROCESO DE INVESTIGACIÓN;NO CUENTA CON CAUSA ESPECIFICA;AN-616;8/6/2023;-77.630084
A-2023-06-86;30:00.0;ATROPELLO;1;0;NULL;CALLAO;CALLAO;CALLAO;URBANA;CARRETERA;NACIONAL;PE-20;-12.044616;DESPEJADO;COMERCIAL;TRAMO RECTO;PLANA ;ASFALTADA;SI;REGULADORA (R);NULL;SI;IMPRUDENCIA DEL PEATÓN;OTRO (IMPRUDENCIA DEL PEATÓN);Avenida Atalaya;8/6/2023;-77.126587
A-2023-06-179;00:00.0;CHOQUE CON OBJETO FIJO;1;0;1;CAJAMARCA;CHOTA;CHOTA;URBANA;CARRETERA;NACIONAL;PE-3N;-6.61159;DESPEJADO;INDUSTRIAL;TRAMO RECTO;INCLINADA;ASFALTADA;SI;PREVENTIVA (P);NULL;SI;IMPRUDENCIA DEL CONDUCTOR;CONDUCIR EN ESTADO DE EBRIEDAD Y/O DROGADICCIÓN;Carretera Longitudinal de la Sierra Norte;8/6/2023;-78.584688
A-2023-06-89;30:00.0;ATROPELLO;1;0;1;PUNO;SAN ROMAN;JULIACA;URBANA;CARRETERA;NACIONAL;PE-3S;-15.471592;DESPEJADO;COMERCIAL;TRAMO RECTO;PLANA ;ASFALTADA;NULL;NULL;NULL;NULL;IMPRUDENCIA DEL PEATÓN;CRUCE INDEBIDO POR LA CALZADA;Avenida Independencia;9/6/2023;-70.137529
A-2023-06-171;30:00.0;DESPISTE;2;2;1;AYACUCHO;HUAMANGA;CARMEN ALTO;RURAL;CARRETERA;PROVINCIAL;AY-838;-13.203091;DESPEJADO;RURAL;SINUOSA;PLANA ;ASFALTADA;SI;PREVENTIVA (P);NULL;NO;NEGLIGENCIA DEL CONDUCTOR;CONDUCIR CON FALLAS DE FRENOS;San Cristobal de Casaorcco;9/6/2023;-74.227307
A-2023-06-49;30:00.0;DESPISTE;1;2;1;LA LIBERTAD;SANTIAGO DE CHUCO;QUIRUVILCA;RURAL;CARRETERA;NACIONAL;PE-3N;-8.09918;DESPEJADO;RURAL;CURVA;PLANA ;TROCHA;NULL;NULL;NULL;NULL;EN PROCESO DE INVESTIGACIÓN;NO CUENTA CON CAUSA ESPECIFICA;Carretera Longitudinal de la Sierra Norte;9/6/2023;-78.175971
A-2023-06-127;50:00.0;CHOQUE;2;0;NULL;LIMA;LIMA;JESUS MARIA;URBANA;AVENIDA;URBANO;NO CORRESPONDE;-12.074223;DESPEJADO;COMERCIAL;INTERSECCIÓN;PLANA ;ASFALTADA;SI;PREVENTIVA (P);NULL;SI;EN PROCESO DE INVESTIGACIÓN;NO CUENTA CON CAUSA ESPECIFICA;Avenida Brasil;9/6/2023;-77.052937
A-2023-06-159;00:00.0;DESPISTE;3;0;NULL;JUNIN;YAULI;MOROCOCHA;RURAL;CARRETERA;NACIONAL;PE-22;-11.599755;SOLEADO;RURAL;TRAMO RECTO;PLANA ;ASFALTADA;NO;NULL;NULL;SI;EN PROCESO DE INVESTIGACIÓN;NO CUENTA CON CAUSA ESPECIFICA;Carretera Central;9/6/2023;-76.153552
A-2023-06-44;00:00.0;ATROPELLO FUGA;1;0;NULL;CUSCO;CUSCO;SAYLLA;RURAL;CARRETERA;NACIONAL;PE-3S;-13.558364;DESPEJADO;RURAL;TRAMO RECTO;PLANA ;ASFALTADA;NO;NULL;NULL;SI;EN PROCESO DE INVESTIGACIÓN;NO CUENTA CON CAUSA ESPECIFICA;Carretera Longitudinal de la Sierra Sur;10/6/2023;-71.851244
A-2023-06-128;10:00.0;CHOQUE;1;1;NULL;LIMA;LIMA;SAN BORJA;URBANA;AVENIDA;URBANO;NO CORRESPONDE;-12.087255;DESPEJADO;COMERCIAL;TRAMO RECTO;PLANA ;ASFALTADA;NULL;NULL;NULL;NULL;EN PROCESO DE INVESTIGACIÓN;NO CUENTA CON CAUSA ESPECIFICA;Avenida Javier Prado Este;10/6/2023;-76.996145
A-2023-06-45;12:00.0;ATROPELLO;1;1;1;CUSCO;URUBAMBA;URUBAMBA;URBANA;CARRETERA;NACIONAL;PE-28B;-13.282029;DESPEJADO;RESIDENCIAL;TRAMO RECTO;PLANA ;ASFALTADA;NULL;NULL;NULL;NULL;IMPRUDENCIA DEL CONDUCTOR;CONDUCIR EN ESTADO DE EBRIEDAD Y/O DROGADICCIÓN;PE-28B;10/6/2023;-72.158012
A-2023-06-20;53:00.0;CHOQUE;5;0;NULL;AREQUIPA;CAYLLOMA;SAN ANTONIO DE CHUCA;RURAL;CARRETERA;NACIONAL;PE-34A;-15.786562;DESPEJADO;RURAL;TRAMO RECTO;PLANA ;ASFALTADA;NULL;NULL;NULL;NULL;EN PROCESO DE INVESTIGACIÓN;NO CUENTA CON CAUSA ESPECIFICA;Vía Interoceánica Sur - Tramo 5;10/6/2023;-71.037052
A-2023-06-170;50:00.0;VOLCADURA;1;3;1;AYACUCHO;HUAMANGA;TAMBILLO;RURAL;CARRETERA;NACIONAL;PE-3SL;-13.170976;DESPEJADO;RURAL;TRAMO RECTO;PLANA ;AFIRMADO;SI;PREVENTIVA (P);NULL;NO;INFRAESTRUCTURA Y ENTORNO VIAL;OBRAS TEMPORALES;Longitudinal de la Sierra Sur;10/6/2023;-74.168531
A-2023-06-131;40:00.0;ATROPELLO FUGA;1;0;NULL;LIMA;LIMA;ATE;URBANA;CARRETERA;NACIONAL;PE-22;-12.009093;DESPEJADO;INDUSTRIAL;TRAMO RECTO;PLANA ;ASFALTADA;NULL;NULL;NULL;NULL;EN PROCESO DE INVESTIGACIÓN;NO CUENTA CON CAUSA ESPECIFICA;Carretera Central;10/6/2023;-76.864798
A-2023-06-90;10:00.0;DESPISTE;1;0;1;PUNO;SAN ROMAN;JULIACA;URBANA;AVENIDA;URBANO;NO CORRESPONDE;-15.487217;DESPEJADO;RESIDENCIAL;TRAMO RECTO;PLANA ;ASFALTADA;NULL;NULL;NULL;NULL;IMPRUDENCIA DEL CONDUCTOR;FATIGA Y/O CANSANCIO;Avenida Nueva Zelandia;10/6/2023;-70.150391
A-2023-06-180;30:00.0;ATROPELLO FUGA;1;0;0;TACNA;TACNA;LA YARADA LOS PALOS;RURAL;CARRETERA;PROVINCIAL;TA-642;-18.219615;DESPEJADO;RURAL;TRAMO RECTO;PLANA ;ASFALTADA;NULL;NULL;NULL;NULL;EN PROCESO DE INVESTIGACIÓN;NO CUENTA CON CAUSA ESPECIFICA;La Yarada-Los Palos;10/6/2023;-70.391654
A-2023-06-181;30:00.0;CHOQUE;1;3;2;TACNA;JORGE BASADRE;LOCUMBA;RURAL;CARRETERA;NACIONAL;PE-1S;-17.692287;DESPEJADO;RURAL;CURVA;PLANA ;ASFALTADA;NULL;NULL;NULL;NULL;IMPRUDENCIA DEL CONDUCTOR;INVASIÓN DE CARRIL;Carretera Panamericana Sur;10/6/2023;-70.85954
A-2023-06-129;30:00.0;ATROPELLO;1;0;NULL;LIMA;LIMA;ANCON;RURAL;CARRETERA;NACIONAL;PE-1N;-11.806201;DESPEJADO;RURAL;TRAMO RECTO;PLANA ;ASFALTADA;NULL;NULL;NULL;NULL;IMPRUDENCIA DEL PEATÓN;OTRO (IMPRUDENCIA DEL PEATÓN);Carretera Panamericana Norte;10/6/2023;-77.134166
A-2023-06-27;00:00.0;DESPISTE;1;0;1;CUSCO;CANCHIS;SAN PEDRO;RURAL;CARRETERA;PROVINCIAL;CU-1680;-14.190378;DESPEJADO;RURAL;TRAMO RECTO;PLANA ;TROCHA;NULL;NULL;NULL;NULL;IMPRUDENCIA DEL CONDUCTOR;CONDUCIR EN ESTADO DE EBRIEDAD Y/O DROGADICCIÓN;San Pedro;11/6/2023;-71.345222
A-2023-06-51;10:00.0;DESPISTE;1;1;1;CUSCO;CALCA;LARES;RURAL;CARRETERA;DEPARTAMENTAL;CU-104;-13.020398;NIEBLA;RURAL;SINUOSA;INCLINADA;AFIRMADO;NULL;NULL;NULL;NULL;EN PROCESO DE INVESTIGACIÓN;NO CUENTA CON CAUSA ESPECIFICA;CU-104;11/6/2023;-71.911725
A-2023-06-130;30:00.0;VOLCADURA;1;0;NULL;LIMA;CAÑETE;CHILCA;RURAL;CARRETERA;NACIONAL;PE-1S;-12.426547;DESPEJADO;RURAL;TRAMO RECTO;INCLINADA;ASFALTADA;NULL;NULL;NULL;NULL;EN PROCESO DE INVESTIGACIÓN;NO CUENTA CON CAUSA ESPECIFICA;Carretera Panamericana Sur;11/6/2023;-76.753608
A-2023-06-185;30:00.0;DESPISTE;1;0;1;CAJAMARCA;CAJAMARCA;LOS BAÑOS DEL INCA;URBANA;CARRETERA;NACIONAL;PE-08B;-7.164906;DESPEJADO;COMERCIAL;TRAMO RECTO;INCLINADA;ASFALTADA;NO;NULL;NULL;SI;IMPRUDENCIA DEL CONDUCTOR;CONDUCIR EN ESTADO DE EBRIEDAD Y/O DROGADICCIÓN;PE-08B;11/6/2023;-78.47059
A-2023-06-12;00:00.0;CHOQUE;1;1;2;PUNO;PUNO;ACORA;RURAL;CARRETERA;NACIONAL;PE-3S;-16.005143;DESPEJADO;RURAL;TRAMO RECTO;PLANA ;ASFALTADA;NULL;NULL;NULL;NULL;IMPRUDENCIA DEL CONDUCTOR;OTRO (IMPRUDENCIA DEL CONDUCTOR);Carretera Longitudinal de la Sierra Sur;11/6/2023;-69.76017
A-2023-06-15;00:00.0;DESPISTE;5;2;NULL;ANCASH;CORONGO;YANAC;RURAL;CARRETERA;NACIONAL;PE-12A;-8.619127;NULL;NULL;NULL;NULL;NULL;NULL;NULL;NULL;NULL;EN PROCESO DE INVESTIGACIÓN;NO CUENTA CON CAUSA ESPECIFICA;Avenida Mariscal Ramón Castilla;11/6/2023;-77.863827
A-2023-06-132;20:00.0;VOLCADURA;1;0;NULL;LIMA;LIMA;SURQUILLO;URBANA;AVENIDA;URBANO;NO CORRESPONDE;-12.109287;DESPEJADO;COMERCIAL;INTERSECCIÓN;PLANA ;ASFALTADA;NULL;NULL;NULL;NULL;EN PROCESO DE INVESTIGACIÓN;NO CUENTA CON CAUSA ESPECIFICA;Jirón Salaverry;11/6/2023;-77.025994
A-2023-06-84;00:00.0;CHOQUE;1;0;2;CALLAO;CALLAO;CALLAO;URBANA;AVENIDA;URBANO;NO CORRESPONDE;-12.014297;DESPEJADO;COMERCIAL;TRAMO RECTO;PLANA ;ASFALTADA;SI;INFORMATIVA (I);INFORMATIVA (I);SI;IMPRUDENCIA DEL CONDUCTOR;CONDUCIR EN ESTADO DE EBRIEDAD Y/O DROGADICCIÓN;Avenida Paseo Japón;11/6/2023;-77.104826
A-2023-06-16;00:00.0;DESPISTE;1;0;1;ANCASH;ASUNCION;CHACAS;RURAL;CARRETERA;DEPARTAMENTAL;AN-107;-9.16237;DESPEJADO;RURAL;TRAMO RECTO;PLANA ;ASFALTADA;NULL;NULL;NULL;NULL;EN PROCESO DE INVESTIGACIÓN;NO CUENTA CON CAUSA ESPECIFICA;Jirón San Martín;11/6/2023;-77.370544
A-2023-06-50;10:00.0;CHOQUE;1;1;2;LA LIBERTAD;PACASMAYO;SAN PEDRO DE LLOC;RURAL;CARRETERA;PROVINCIAL;LI-585;-7.386048;DESPEJADO;RURAL;TRAMO RECTO;PLANA ;ASFALTADA;NULL;NULL;NULL;NULL;IMPRUDENCIA DEL CONDUCTOR;OTRO (IMPRUDENCIA DEL CONDUCTOR);Carretera San Pedro de Lloc - San José;11/6/2023;-79.48876
A-2023-06-133;30:00.0;ATROPELLO;1;0;NULL;LIMA;LIMA;CHACLACAYO;URBANA;CARRETERA;NACIONAL;PE-22;-11.982035;DESPEJADO;RESIDENCIAL;TRAMO RECTO;PLANA ;ASFALTADA;NO;NULL;NULL;SI;IMPRUDENCIA DEL PEATÓN;OTRO (IMPRUDENCIA DEL PEATÓN);Avenida Principal;12/6/2023;-76.797168
A-2023-06-187;40:00.0;ATROPELLO FUGA;1;0;1;CAJAMARCA;JAEN;PUCARA;RURAL;CARRETERA;NACIONAL;PE-3N;-6.047501;DESPEJADO;RURAL;CURVA;PLANA ;ASFALTADA;NO;NULL;NULL;SI;EN PROCESO DE INVESTIGACIÓN;NO CUENTA CON CAUSA ESPECIFICA;Carretera Presidente Fernando Belaúnde Terry;12/6/2023;-79.045497
A-2023-06-135;30:00.0;CAÍDA DE PASAJERO;1;0;NULL;LIMA;LIMA;LIMA;URBANA;AVENIDA;URBANO;NO CORRESPONDE;-12.044265;DESPEJADO;COMERCIAL;INTERSECCIÓN;PLANA ;ASFALTADA;NULL;NULL;NULL;NULL;EN PROCESO DE INVESTIGACIÓN;NO CUENTA CON CAUSA ESPECIFICA;Avenida Alfonso Ugarte;12/6/2023;-77.042792
A-2023-06-21;30:00.0;DESPISTE;1;1;1;ANCASH;CARLOS FERMIN FITZCARRALD;SAN LUIS;RURAL;CARRETERA;NACIONAL;PE-14C;-9.110704;DESPEJADO;RURAL;TRAMO RECTO;INCLINADA;TROCHA;NULL;NULL;NULL;NULL;EN PROCESO DE INVESTIGACIÓN;NO CUENTA CON CAUSA ESPECIFICA;Carretera Longitudinal de Conchucos;12/6/2023;-77.315603
A-2023-06-160;30:00.0;ATROPELLO;1;0;NULL;JUNIN;JAUJA;HUARIPAMPA;URBANA;CARRETERA;NACIONAL;PE-3SB;-11.811587;DESPEJADO;RURAL;TRAMO RECTO;PLANA ;ASFALTADA;SI;REGULADORA (R);NULL;SI;IMPRUDENCIA DEL CONDUCTOR;DESACATO DE SEÑAL DE TRÁNSITO;Carretera Central Margen Derecha;12/6/2023;-75.473821
A-2023-06-24;30:00.0;CHOQUE;6;11;NULL;AREQUIPA;AREQUIPA;YURA;URBANA;CARRETERA;NACIONAL;PE-34A;-16.293864;SOLEADO;RURAL;CURVA;INCLINADA;ASFALTADA;NULL;NULL;NULL;NULL;EN PROCESO DE INVESTIGACIÓN;NO CUENTA CON CAUSA ESPECIFICA;Vía Interoceánica Sur - Tramo 5;12/6/2023;-71.639137
A-2023-06-23;10:00.0;CHOQUE;1;1;2;CUSCO;ESPINAR;ESPINAR;URBANA;CARRETERA;NACIONAL;PE-3SG;-14.798394;DESPEJADO;RESIDENCIAL;TRAMO RECTO;PLANA ;ASFALTADA;NULL;NULL;NULL;NULL;IMPRUDENCIA DEL CONDUCTOR;OTRO (IMPRUDENCIA DEL CONDUCTOR);Jirón Cusco;12/6/2023;-71.42181
A-2023-06-161;00:00.0;DESPISTE;2;2;NULL;JUNIN;YAULI;LA OROYA;URBANA;CARRETERA;NACIONAL;PE-3S;-11.566416;DESPEJADO;RURAL;CURVA;INCLINADA;ASFALTADA;NO;NULL;NULL;SI;EN PROCESO DE INVESTIGACIÓN;NO CUENTA CON CAUSA ESPECIFICA;Carretera Longitudinal de la Sierra Sur;12/6/2023;-75.86169
A-2023-06-134;30:00.0;ATROPELLO;1;0;NULL;LIMA;LIMA;SAN MARTIN DE PORRES;URBANA;CARRETERA;NACIONAL;PE-1N;-12.033849;DESPEJADO;COMERCIAL;CURVA;PLANA ;ASFALTADA;NULL;NULL;NULL;NULL;EN PROCESO DE INVESTIGACIÓN;NO CUENTA CON CAUSA ESPECIFICA;Vía de Evitamiento;12/6/2023;-77.052185
A-2023-06-92;00:00.0;CHOQUE;1;0;1;CALLAO;CALLAO;CALLAO;URBANA;CARRETERA;NACIONAL;PE-20;-11.946975;DESPEJADO;INDUSTRIAL;TRAMO RECTO;PLANA ;ASFALTADA;NO;NULL;NULL;SI;EN PROCESO DE INVESTIGACIÓN;NO CUENTA CON CAUSA ESPECIFICA;Avenida Coronel Nestor Gambetta;13/6/2023;-77.131583
A-2023-06-17;30:00.0;DESPISTE;1;0;1;ANCASH;CARHUAZ;ATAQUERO;RURAL;CARRETERA;PROVINCIAL;AN-1093;-9.25846;DESPEJADO;RURAL;CURVA;INCLINADA;TROCHA;NULL;NULL;NULL;NULL;EN PROCESO DE INVESTIGACIÓN;NO CUENTA CON CAUSA ESPECIFICA;Toma;13/6/2023;-77.683933
A-2023-06-136;40:00.0;VOLCADURA;1;0;NULL;LIMA;LIMA;SAN JUAN DE MIRAFLORES;URBANA;AVENIDA;URBANO;NO CORRESPONDE;-12.179933;DESPEJADO;COMERCIAL;TRAMO RECTO;INCLINADA;ASFALTADA;NULL;NULL;NULL;NULL;IMPRUDENCIA DEL CONDUCTOR;OTRO (IMPRUDENCIA DEL CONDUCTOR);Avenida El Triunfo;13/6/2023;-76.976636
A-2023-06-137;00:00.0;ATROPELLO;1;0;NULL;LIMA;LIMA;SAN JUAN DE LURIGANCHO;URBANA;AVENIDA;URBANO;NO CORRESPONDE;-11.955659;DESPEJADO;COMERCIAL;CURVA;PLANA ;ASFALTADA;NULL;NULL;NULL;NULL;IMPRUDENCIA DEL PEATÓN;OTRO (IMPRUDENCIA DEL PEATÓN);Avenida José Carlos Mariátegui;13/6/2023;-76.99171
A-2023-06-13;50:00.0;ATROPELLO FUGA;1;0;NULL;PUNO;EL COLLAO;ILAVE;RURAL;CARRETERA;NACIONAL;PE-38A;-16.160136;DESPEJADO;RURAL;TRAMO RECTO;PLANA ;ASFALTADA;NULL;NULL;NULL;NULL;IMPRUDENCIA DEL CONDUCTOR;OTRO (IMPRUDENCIA DEL CONDUCTOR);Carretera Mazocruz - Ilave;13/6/2023;-69.648405
A-2023-06-52;30:00.0;DESPISTE;1;0;1;CUSCO;PAUCARTAMBO;KOSÑIPATA;RURAL;CARRETERA;DEPARTAMENTAL;CU-113;-13.069726;DESPEJADO;RURAL;CURVA;PLANA ;AFIRMADO;NULL;NULL;NULL;NULL;IMPRUDENCIA DEL CONDUCTOR;EXCESO DE VELOCIDAD;CU-113;14/6/2023;-71.568227
A-2023-06-59;30:00.0;DESPISTE;2;1;1;LA LIBERTAD;OTUZCO;CHARAT;RURAL;CARRETERA;DEPARTAMENTAL;LI-114;-7.838718;DESPEJADO;RURAL;TRAMO RECTO;PLANA ;ASFALTADA;NULL;NULL;NULL;NULL;EN PROCESO DE INVESTIGACIÓN;NO CUENTA CON CAUSA ESPECIFICA;LI-114;14/6/2023;-78.472488
A-2023-06-31;30:00.0;ATROPELLO;1;0;1;CUSCO;CANCHIS;CHECACUPE;URBANA;CARRETERA;NACIONAL;PE-3S;-13.991498;DESPEJADO;RURAL;CURVA;PLANA ;ASFALTADA;SI;PREVENTIVA (P);NULL;SI;IMPRUDENCIA DEL CONDUCTOR;EXCESO DE VELOCIDAD;Carretera Longitudinal de la Sierra Sur;14/6/2023;-71.464515
A-2023-06-186;30:00.0;DESPISTE;1;2;1;CAJAMARCA;CELENDIN;CELENDIN;RURAL;CARRETERA;NACIONAL;PE-08B;-6.888349;DESPEJADO;RURAL;TRAMO RECTO;PLANA ;ASFALTADA;NO;NULL;NULL;SI;NEGLIGENCIA DEL CONDUCTOR;OTRO (NEGLIGENCIA DEL CONDUCTOR);PE-08B;14/6/2023;-78.121467
A-2023-06-190;15:00.0;ATROPELLO;1;0;NULL;CALLAO;CALLAO;CALLAO;URBANA;AVENIDA;URBANO;NO CORRESPONDE;-12.013131;DESPEJADO;COMERCIAL;TRAMO RECTO;PLANA ;ASFALTADA;NO;NULL;NULL;SI;IMPRUDENCIA DEL CONDUCTOR;OTRO (IMPRUDENCIA DEL CONDUCTOR);Avenida Los Nenufares;14/6/2023;-77.097647
A-2023-06-19;45:00.0;DESPISTE;1;0;NULL;ICA;PALPA;PALPA;RURAL;CARRETERA;NACIONAL;PE-30D;-14.427941;DESPEJADO;RURAL;PUENTE;INCLINADA;TROCHA;NULL;NULL;NULL;NULL;IMPRUDENCIA DEL CONDUCTOR;CONDUCIR EN ESTADO DE EBRIEDAD Y/O DROGADICCIÓN;PE-30D;14/6/2023;-75.121371
A-2023-06-25;30:00.0;CHOQUE;1;0;NULL;ICA;NASCA;MARCONA;RURAL;CARRETERA;NACIONAL;PE-30;-15.318508;DESPEJADO;RURAL;TRAMO RECTO;PLANA ;ASFALTADA;NULL;NULL;NULL;NULL;NEGLIGENCIA DEL CONDUCTOR;CONDUCIR CON FALLAS DE FRENOS;Carretera San Juan de Marcona;15/6/2023;-75.141369
A-2023-06-33;21:00.0;FERROVIARIO;1;0;NULL;CUSCO;URUBAMBA;OLLANTAYTAMBO;RURAL;CARRETERA;DEPARTAMENTAL;CU-110;-13.3083;DESPEJADO;RURAL;CURVA;PLANA ;CASCAJO/RIPIO;SI;PREVENTIVA (P);NULL;NO;IMPRUDENCIA DEL PEATÓN;OTRO (IMPRUDENCIA DEL PEATÓN);CU-110;15/6/2023;-72.23552
A-2023-06-61;40:00.0;CHOQUE FUGA;1;0;1;LA LIBERTAD;TRUJILLO;HUANCHACO;RURAL;CARRETERA;NACIONAL;PE-1N;-8.099453;DESPEJADO;RURAL;TRAMO RECTO;PLANA ;ASFALTADA;NULL;NULL;NULL;NULL;EN PROCESO DE INVESTIGACIÓN;NO CUENTA CON CAUSA ESPECIFICA;Carretera Panamericana Norte;15/6/2023;-79.099096
A-2023-06-138;30:00.0;ATROPELLO FUGA;1;0;NULL;LIMA;LIMA;SANTIAGO DE SURCO;URBANA;CARRETERA;NACIONAL;PE-1S;-12.119468;DESPEJADO;COMERCIAL;TRAMO RECTO;INCLINADA;ASFALTADA;NULL;NULL;NULL;NULL;EN PROCESO DE INVESTIGACIÓN;NO CUENTA CON CAUSA ESPECIFICA;Carretera Panamericana Sur;16/6/2023;-76.977189
A-2023-06-28;30:00.0;ATROPELLO FUGA;1;0;NULL;CUSCO;URUBAMBA;URUBAMBA;URBANA;CARRETERA;NACIONAL;PE-28B;-13.305271;DESPEJADO;COMERCIAL;TRAMO RECTO;PLANA ;ASFALTADA;NO;NULL;NULL;SI;IMPRUDENCIA DEL CONDUCTOR;EXCESO DE VELOCIDAD;PE-28B;16/6/2023;-72.121061
A-2023-06-191;30:00.0;DESPISTE;1;0;1;CAJAMARCA;CHOTA;LLAMA;URBANA;CARRETERA;NACIONAL;PE-06A;-6.513528;DESPEJADO;RESIDENCIAL;TRAMO RECTO;PLANA ;ASFALTADA;NO;NULL;NULL;SI;IMPRUDENCIA DEL CONDUCTOR;EXCESO DE VELOCIDAD;PE-06A;16/6/2023;-79.188885
A-2023-06-139;30:00.0;ATROPELLO FUGA;1;0;NULL;LIMA;LIMA;LURIN;URBANA;CARRETERA;NACIONAL;PE-1S;-12.292872;DESPEJADO;INDUSTRIAL;TRAMO RECTO;PLANA ;ASFALTADA;NULL;NULL;NULL;NULL;EN PROCESO DE INVESTIGACIÓN;NO CUENTA CON CAUSA ESPECIFICA;Carretera Panamericana Sur;17/6/2023;-76.863096
A-2023-06-153;30:00.0;ATROPELLO;1;0;NULL;LIMA;LIMA;ATE;URBANA;CARRETERA;NACIONAL;PE-22;-12.009901;DESPEJADO;INDUSTRIAL;TRAMO RECTO;INCLINADA;ASFALTADA;NULL;NULL;NULL;NULL;EN PROCESO DE INVESTIGACIÓN;NO CUENTA CON CAUSA ESPECIFICA;Carretera Central;17/6/2023;-76.869318
A-2023-06-140;00:00.0;ATROPELLO;1;0;NULL;LIMA;LIMA;MIRAFLORES;URBANA;AVENIDA;URBANO;NO CORRESPONDE;-12.115356;DESPEJADO;COMERCIAL;TRAMO RECTO;PLANA ;ASFALTADA;NO;NULL;NULL;SI;EN PROCESO DE INVESTIGACIÓN;NO CUENTA CON CAUSA ESPECIFICA;Ciclovía Arequipa;17/6/2023;-77.029577
A-2023-06-162;00:00.0;DESPISTE;1;0;NULL;JUNIN;JAUJA;CURICACA;RURAL;CARRETERA;NACIONAL;PE-3S;-11.796159;SOLEADO;RURAL;TRAMO RECTO;PLANA ;ASFALTADA;NULL;NULL;NULL;NULL;EN PROCESO DE INVESTIGACIÓN;NO CUENTA CON CAUSA ESPECIFICA;Carretera Longitudinal de la Sierra Sur;17/6/2023;-75.65875
A-2023-06-163;30:00.0;CAÍDA DE PASAJERO;1;0;NULL;JUNIN;JAUJA;SINCOS;RURAL;CARRETERA;NACIONAL;PE-3SB;-11.880529;SOLEADO;RURAL;TRAMO RECTO;PLANA ;ASFALTADA;NULL;NULL;NULL;NULL;EN PROCESO DE INVESTIGACIÓN;NO CUENTA CON CAUSA ESPECIFICA;Carretera Central Margen Derecha;17/6/2023;-75.397447
A-2023-06-188;15:00.0;VOLCADURA;4;1;2;CAJAMARCA;CHOTA;COCHABAMBA;RURAL;CARRETERA;NACIONAL;PE-06A;-6.475688;DESPEJADO;INDUSTRIAL;CURVA;INCLINADA;CONCRETO;NULL;NULL;NULL;NULL;IMPRUDENCIA DEL CONDUCTOR;EXCESO DE VELOCIDAD;PE-06A;17/6/2023;-78.889047
A-2023-06-95;00:00.0;CHOQUE;1;0;1;PUNO;SAN ROMAN;JULIACA;URBANA;CARRETERA;NACIONAL;PE-3S;-15.470421;DESPEJADO;COMERCIAL;TRAMO RECTO;PLANA ;ASFALTADA;NULL;NULL;NULL;NULL;IMPRUDENCIA DEL CONDUCTOR;CONDUCIR EN ESTADO DE EBRIEDAD Y/O DROGADICCIÓN;Avenida Independencia;17/6/2023;-70.137765