CÓDIGO SINIESTRO;HORA SINIESTRO;CLASE SINIESTRO;CANTIDAD DE FALLECIDOS;CANTIDAD DE LESIONADOS;CANTIDAD DE VEHICULOS DAÑADOS;DEPARTAMENTO;PROVINCIA;DISTRITO;ZONA;TIPO DE VÍA;RED VIAL;COD CARRETERA;COORDENADAS LATITUD;CONDICIÓN CLIMÁTICA;ZONIFICACIÓN;CARACTERÍSTICAS DE VÍA;PERFIL LONGITUDINAL VÍA;SUPERFICIE DE CALZADA;¿EXISTE SEÑAL VERTICAL?;CLASIFICACIÓN DE LA SEÑAL VERTICAL Nº 1;CLASIFICACIÓN DE LA SEÑAL VERTICAL Nº 2;¿EXISTE SEÑAL HORIZONTAL?;CAUSA FACTOR PRINCIPAL;CAUSA ESPECÍFICA;UBICACION;FECHA SINIESTRO;COORDENADAS LONGITUD
A-2023-06-64;00:00.0;CHOQUE FUGA;1;0;1;LA LIBERTAD;TRUJILLO;HUANCHACO;RURAL;CARRETERA;NACIONAL;PE-1N;-8.047795;DESPEJADO;RURAL;TRAMO RECTO;PLANA ;ASFALTADA;NULL;NULL;NULL;NULL;IMPRUDENCIA DEL CONDUCTOR;CONDUCIR EN ESTADO DE EBRIEDAD Y/O DROGADICCIÓN;Carretera Panamericana Norte;17/6/2023;-79.08601
A-2023-06-39;41:00.0;ATROPELLO FUGA;1;0;NULL;CUSCO;CUSCO;SAN SEBASTIAN;URBANA;AVENIDA;URBANO;NO CORRESPONDE;-13.532598;DESPEJADO;COMERCIAL;TRAMO RECTO;PLANA ;ASFALTADA;SI;PREVENTIVA (P);NULL;NO;IMPRUDENCIA DEL PEATÓN;ESTADO DE EBRIEDAD Y/O DROGADICCIÓN;Avenida de la Cultura;18/6/2023;-71.919976
A-2023-06-141;00:00.0;ATROPELLO FUGA;1;0;NULL;LIMA;LIMA;ATE;URBANA;CARRETERA;NACIONAL;PE-22;-12.00829;DESPEJADO;INDUSTRIAL;TRAMO RECTO;INCLINADA;ASFALTADA;NULL;NULL;NULL;NULL;EN PROCESO DE INVESTIGACIÓN;NO CUENTA CON CAUSA ESPECIFICA;Carretera Central;18/6/2023;-76.860486
A-2023-06-101;20:00.0;CHOQUE FUGA;1;0;2;PIURA;PIURA;CASTILLA;URBANA;CARRETERA;NACIONAL;PE-1NJ;-5.193531;DESPEJADO;COMERCIAL;TRAMO RECTO;PLANA ;ASFALTADA;NULL;NULL;NULL;NULL;IMPRUDENCIA DEL CONDUCTOR;EXCESO DE VELOCIDAD;Avenida Guardia Civil;18/6/2023;-80.613897
A-2023-06-29;10:00.0;CHOQUE;1;0;NULL;AREQUIPA;AREQUIPA;VITOR;URBANA;CARRETERA;NACIONAL;PE-1S;-16.481299;SOLEADO;RURAL;TRAMO RECTO;INCLINADA;ASFALTADA;NULL;NULL;NULL;NULL;EN PROCESO DE INVESTIGACIÓN;NO CUENTA CON CAUSA ESPECIFICA;Carretera Panamericana Sur;18/6/2023;-71.905957
A-2023-06-66;40:00.0;CAÍDA DE PASAJERO;1;0;1;LA LIBERTAD;TRUJILLO;SALAVERRY;URBANA;CALLE;URBANO;NO CORRESPONDE;-8.192137;DESPEJADO;RURAL;TRAMO RECTO;PLANA ;ASFALTADA;NULL;NULL;NULL;NULL;EN PROCESO DE INVESTIGACIÓN;NO CUENTA CON CAUSA ESPECIFICA;Alto Salaverry;18/6/2023;-78.98095
A-2023-06-22;00:00.0;DESPISTE;1;0;1;LIMA;HUAURA;SANTA MARIA;URBANA;CARRETERA;PROVINCIAL;LM-652;-11.093723;DESPEJADO;RESIDENCIAL;TRAMO RECTO;PLANA ;ASFALTADA;NULL;NULL;NULL;NULL;IMPRUDENCIA DEL CONDUCTOR;CONDUCIR EN ESTADO DE EBRIEDAD Y/O DROGADICCIÓN;Avenida Libertad;18/6/2023;-77.573937
A-2023-06-60;30:00.0;CHOQUE CON OBJETO FIJO;1;0;1;PUNO;YUNGUYO;YUNGUYO;URBANA;AVENIDA;URBANO;NO CORRESPONDE;-16.251724;DESPEJADO;COMERCIAL;TRAMO RECTO;PLANA ;CONCRETO;NULL;NULL;NULL;NULL;IMPRUDENCIA DEL CONDUCTOR;OTRO (IMPRUDENCIA DEL CONDUCTOR);Avenida Circunvalación;18/6/2023;-69.090873
A-2023-06-68;00:00.0;CHOQUE;1;0;2;LA LIBERTAD;VIRU;CHAO;RURAL;CARRETERA;NACIONAL;PE-1N;-8.564295;DESPEJADO;RURAL;TRAMO RECTO;PLANA ;ASFALTADA;NULL;NULL;NULL;NULL;EN PROCESO DE INVESTIGACIÓN;NO CUENTA CON CAUSA ESPECIFICA;Panamericana Norte;18/6/2023;-78.673883
A-2023-06-18;15:00.0;ATROPELLO;1;0;1;ANCASH;YUNGAY;YUNGAY;RURAL;CARRETERA;PROVINCIAL;AN-829;-9.067241;DESPEJADO;RURAL;TRAMO RECTO;PLANA ;ASFALTADA;SI;REGULADORA (R);PREVENTIVA (P);SI;EN PROCESO DE INVESTIGACIÓN;NO CUENTA CON CAUSA ESPECIFICA;Yungay;18/6/2023;-77.745953
A-2023-06-30;20:00.0;CHOQUE;1;2;2;SAN MARTIN;RIOJA;NUEVA CAJAMARCA;RURAL;CARRETERA;SIN CLASIFICAR;SIN CLASIFICAR;-5.949769;DESPEJADO;RURAL;CURVA;PLANA ;ASFALTADA;NULL;NULL;NULL;NULL;IMPRUDENCIA DEL CONDUCTOR;INVASIÓN DE CARRIL;Ucrania;18/6/2023;-77.291186
A-2023-06-63;46:00.0;DESPISTE;3;2;1;PUNO;CHUCUITO;HUACULLANI;RURAL;CARRETERA;NACIONAL;PE-36A;-16.664977;DESPEJADO;RURAL;CURVA;PLANA ;ASFALTADA;NULL;NULL;NULL;NULL;IMPRUDENCIA DEL CONDUCTOR;INVASIÓN DE CARRIL;Carretera Binacional;18/6/2023;-69.495397
A-2023-06-142;15:00.0;CHOQUE;1;0;NULL;LIMA;LIMA;LOS OLIVOS;URBANA;AVENIDA;URBANO;NO CORRESPONDE;-11.980066;DESPEJADO;COMERCIAL;INTERSECCIÓN;INCLINADA;ASFALTADA;NULL;NULL;NULL;NULL;EN PROCESO DE INVESTIGACIÓN;NO CUENTA CON CAUSA ESPECIFICA;Jirón Pariahuanca;19/6/2023;-77.072331
A-2023-06-173;50:00.0;CHOQUE;1;0;1;AYACUCHO;HUANTA;LURICOCHA;URBANA;CARRETERA;PROVINCIAL;AY-619;-12.90977;DESPEJADO;RESIDENCIAL;TRAMO RECTO;INCLINADA;CONCRETO;NULL;NULL;NULL;NULL;IMPRUDENCIA DEL CONDUCTOR;CONDUCIR EN ESTADO DE EBRIEDAD Y/O DROGADICCIÓN;Avenida Mariscal Castilla;19/6/2023;-74.268392
A-2023-06-57;30:00.0;ATROPELLO;1;0;0;SAN MARTIN;MOYOBAMBA;MOYOBAMBA;URBANA;CARRETERA;NACIONAL;PE-5N;-6.042893;DESPEJADO;INDUSTRIAL;CURVA;INCLINADA;ASFALTADA;SI;PREVENTIVA (P);PREVENTIVA (P);NO;IMPRUDENCIA DEL PEATÓN;OTRO (IMPRUDENCIA DEL PEATÓN);Carretera Presidente Fernando Belaúnde Terry;19/6/2023;-76.965481
A-2023-06-69;00:00.0;ATROPELLO;1;0;1;LA LIBERTAD;SANCHEZ CARRION;CURGOS;URBANA;AVENIDA;URBANO;NO CORRESPONDE;-7.861692;DESPEJADO;ESCOLAR;TRAMO RECTO;PLANA ;AFIRMADO;NULL;NULL;NULL;NULL;IMPRUDENCIA DEL CONDUCTOR;GIRAR IMPRUDENTEMENTE;Curgos;19/6/2023;-77.940957
A-2023-06-143;50:00.0;VOLCADURA;1;1;NULL;LIMA;LIMA;LURIGANCHO;URBANA;CALLE;URBANO;NO CORRESPONDE;-11.937547;DESPEJADO;RESIDENCIAL;TRAMO RECTO;INCLINADA;ASFALTADA;NULL;NULL;NULL;NULL;EN PROCESO DE INVESTIGACIÓN;NO CUENTA CON CAUSA ESPECIFICA;Avenida José Gálvez;19/6/2023;-76.701752
A-2023-06-154;20:00.0;ATROPELLO;1;0;NULL;CALLAO;CALLAO;CALLAO;URBANA;AVENIDA;URBANO;NO CORRESPONDE;-11.997618;DESPEJADO;COMERCIAL;TRAMO RECTO;PLANA ;ASFALTADA;NO;NULL;NULL;SI;IMPRUDENCIA DEL CONDUCTOR;EXCESO DE VELOCIDAD;Avenida Canadá;19/6/2023;-77.11476
A-2023-06-99;20:00.0;CHOQUE;1;0;2;PIURA;PIURA;VEINTISEIS DE OCTUBRE;URBANA;CARRETERA;NACIONAL;PE-1N;-5.177757;DESPEJADO;COMERCIAL;TRAMO RECTO;PLANA ;ASFALTADA;NULL;NULL;NULL;NULL;IMPRUDENCIA DEL CONDUCTOR;CONDUCIR EN ESTADO DE EBRIEDAD Y/O DROGADICCIÓN;San Martín;19/6/2023;-80.669671
A-2023-06-144;00:00.0;ATROPELLO FUGA;1;0;NULL;LIMA;LIMA;SAN MARTIN DE PORRES;URBANA;CARRETERA;NACIONAL;PE-1N;-12.025267;DESPEJADO;COMERCIAL;TRAMO RECTO;INCLINADA;ASFALTADA;NULL;NULL;NULL;NULL;EN PROCESO DE INVESTIGACIÓN;NO CUENTA CON CAUSA ESPECIFICA;Carretera Panamericana Norte;19/6/2023;-77.058607
A-2023-06-70;30:00.0;DESPISTE;1;1;1;LA LIBERTAD;VIRU;CHAO;RURAL;CARRETERA;NACIONAL;PE-1N;-8.696402;DESPEJADO;RURAL;TRAMO RECTO;PLANA ;ASFALTADA;NULL;NULL;NULL;NULL;IMPRUDENCIA DEL CONDUCTOR;INVASIÓN DE CARRIL;Panamericana Norte;20/6/2023;-78.637656
A-2023-06-156;30:00.0;DESPISTE;1;0;1;HUANCAVELICA;HUANCAVELICA;ACORIA;RURAL;CARRETERA;PROVINCIAL;HV-766;-12.486381;DESPEJADO;RURAL;CURVA;PLANA ;TROCHA;NULL;NULL;NULL;NULL;EN PROCESO DE INVESTIGACIÓN;NO CUENTA CON CAUSA ESPECIFICA;Union Ambo;20/6/2023;-74.758266
A-2023-06-164;30:00.0;VOLCADURA;1;2;NULL;JUNIN;YAULI;YAULI;RURAL;CARRETERA;NACIONAL;PE-22;-11.617074;SOLEADO;INDUSTRIAL;TRAMO RECTO;PLANA ;ASFALTADA;NO;NULL;NULL;SI;EN PROCESO DE INVESTIGACIÓN;NO CUENTA CON CAUSA ESPECIFICA;Carretera Central;20/6/2023;-76.014962
A-2023-06-155;00:00.0;ATROPELLO;1;0;0;HUANCAVELICA;HUANCAVELICA;IZCUCHACA;RURAL;CARRETERA;NACIONAL;PE-26;-12.50056;DESPEJADO;COMERCIAL;TRAMO RECTO;PLANA ;ASFALTADA;NULL;NULL;NULL;NULL;IMPRUDENCIA DEL PEATÓN;CRUCE INDEBIDO POR LA CALZADA;PE-26;21/6/2023;-74.996911
A-2023-06-71;30:00.0;ATROPELLO;1;0;1;LA LIBERTAD;TRUJILLO;EL PORVENIR;URBANA;CALLE;URBANO;NO CORRESPONDE;-8.068877;DESPEJADO;COMERCIAL;TRAMO RECTO;PLANA ;ASFALTADA;NULL;NULL;NULL;NULL;EN PROCESO DE INVESTIGACIÓN;NO CUENTA CON CAUSA ESPECIFICA;Calle 5;21/6/2023;-79.029504
A-2023-06-91;20:00.0;CHOQUE;1;1;1;PUNO;SAN ROMAN;JULIACA;URBANA;JIRÓN;URBANO;NO CORRESPONDE;-15.48854;DESPEJADO;COMERCIAL;INTERSECCIÓN;PLANA ;ASFALTADA;NULL;NULL;NULL;NULL;IMPRUDENCIA DEL CONDUCTOR;EXCESO DE VELOCIDAD;Jirón Miraflores;21/6/2023;-70.122023
A-2023-06-145;00:00.0;VOLCADURA;1;1;NULL;LIMA;LIMA;VILLA EL SALVADOR;URBANA;AVENIDA;URBANO;NO CORRESPONDE;-12.195138;DESPEJADO;COMERCIAL;INTERSECCIÓN;INCLINADA;ASFALTADA;NULL;NULL;NULL;NULL;IMPRUDENCIA DEL CONDUCTOR;OTRO (IMPRUDENCIA DEL CONDUCTOR);Avenida Pachacútec;22/6/2023;-76.934819
A-2023-06-65;10:00.0;ESPECIAL;1;0;NULL;PUNO;PUNO;PUNO;URBANA;AVENIDA;URBANO;NO CORRESPONDE;-15.839253;DESPEJADO;COMERCIAL;TRAMO RECTO;PLANA ;ASFALTADA;NULL;NULL;NULL;NULL;NEGLIGENCIA DEL CONDUCTOR;OTRO (NEGLIGENCIA DEL CONDUCTOR);Laykakota;22/6/2023;-70.018109
A-2023-06-146;45:00.0;ATROPELLO;1;0;NULL;LIMA;LIMA;INDEPENDENCIA;URBANA;AVENIDA;URBANO;NO CORRESPONDE;-12.007867;DESPEJADO;COMERCIAL;TRAMO RECTO;PLANA ;ASFALTADA;SI;INFORMATIVA (I);NULL;SI;EN PROCESO DE INVESTIGACIÓN;NO CUENTA CON CAUSA ESPECIFICA;Ciclovía Tomás Valle;22/6/2023;-77.058374
A-2023-06-72;30:00.0;CHOQUE FUGA;1;0;1;LA LIBERTAD;SANCHEZ CARRION;SANAGORAN;RURAL;CARRETERA;PROVINCIAL;LI-819;-7.79399;DESPEJADO;RURAL;TRAMO RECTO;PLANA ;ASFALTADA;NULL;NULL;NULL;NULL;EN PROCESO DE INVESTIGACIÓN;NO CUENTA CON CAUSA ESPECIFICA;Sanagorán;22/6/2023;-78.126869
A-2023-06-73;00:00.0;DESPISTE;1;0;1;LA LIBERTAD;BOLIVAR;BOLIVAR;RURAL;CARRETERA;SIN CLASIFICAR;SIN CLASIFICAR;-7.343829;DESPEJADO;RURAL;TRAMO RECTO;PLANA ;TROCHA;NULL;NULL;NULL;NULL;EN PROCESO DE INVESTIGACIÓN;NO CUENTA CON CAUSA ESPECIFICA;Bolívar;22/6/2023;-77.69442
A-2023-06-34;00:00.0;CHOQUE;2;21;2;ICA;PISCO;SAN ANDRES;RURAL;CARRETERA;NACIONAL;PE-1S;-13.805451;DESPEJADO;COMERCIAL;TRAMO RECTO;PLANA ;ASFALTADA;NULL;NULL;NULL;NULL;IMPRUDENCIA DEL CONDUCTOR;NO ESTABLECER EL DERECHO DE PASO;Carretera Panamericana Sur;23/6/2023;-76.153678
A-2023-06-85;00:00.0;CHOQUE;1;0;NULL;CALLAO;CALLAO;CALLAO;URBANA;AVENIDA;URBANO;NO CORRESPONDE;-12.053512;DESPEJADO;COMERCIAL;TRAMO RECTO;INCLINADA;ASFALTADA;NO;NULL;NULL;SI;EN PROCESO DE INVESTIGACIÓN;NO CUENTA CON CAUSA ESPECIFICA;Avenida Óscar Raimundo Benavides;23/6/2023;-77.098003
A-2023-06-26;45:00.0;CHOQUE;2;1;2;APURIMAC;CHINCHEROS;ANCO_HUALLO;URBANA;CARRETERA;NACIONAL;PE-3S;-13.545866;DESPEJADO;RURAL;CURVA;INCLINADA;ASFALTADA;SI;PREVENTIVA (P);NULL;SI;IMPRUDENCIA DEL CONDUCTOR;CONDUCIR EN ESTADO DE EBRIEDAD Y/O DROGADICCIÓN;Carretera Longitudinal de la Sierra Sur;23/6/2023;-73.64539
A-2023-06-54;37:00.0;ATROPELLO;1;0;1;CUSCO;CUSCO;POROY;RURAL;CARRETERA;NACIONAL;PE-3S;-13.496994;DESPEJADO;COMERCIAL;TRAMO RECTO;PLANA ;ASFALTADA;SI;REGULADORA (R);PREVENTIVA (P);SI;IMPRUDENCIA DEL PEATÓN;ESTADO DE EBRIEDAD Y/O DROGADICCIÓN;Carretera Longitudinal de la Sierra Sur;23/6/2023;-72.037106
A-2023-06-172;30:00.0;DESPISTE;1;0;NULL;LIMA;LIMA;LURIN;URBANA;AVENIDA;URBANO;NO CORRESPONDE;-12.256879;DESPEJADO;COMERCIAL;INTERSECCIÓN;PLANA ;ASFALTADA;NULL;NULL;NULL;NULL;IMPRUDENCIA DEL CONDUCTOR;OTRO (IMPRUDENCIA DEL CONDUCTOR);Villa Libertad Casica;23/6/2023;-76.888211
A-2023-06-195;30:00.0;DESPISTE;1;0;NULL;LIMA;LIMA;LURIN;URBANA;AVENIDA;URBANO;NO CORRESPONDE;-12.256869;DESPEJADO;COMERCIAL;ÓVALO;PLANA ;ASFALTADA;NULL;NULL;NULL;NULL;IMPRUDENCIA DEL CONDUCTOR;EXCESO DE VELOCIDAD;Villa Libertad Casica;23/6/2023;-76.888208
A-2023-06-147;30:00.0;ATROPELLO FUGA;1;0;NULL;LIMA;CAÑETE;CHILCA;RURAL;CARRETERA;NACIONAL;PE-1S;-12.437548;DESPEJADO;RURAL;TRAMO RECTO;INCLINADA;ASFALTADA;SI;PREVENTIVA (P);NULL;NO;EN PROCESO DE INVESTIGACIÓN;NO CUENTA CON CAUSA ESPECIFICA;Carretera Panamericana Sur;24/6/2023;-76.755526
A-2023-06-74;40:00.0;CHOQUE;3;0;2;LA LIBERTAD;OTUZCO;OTUZCO;RURAL;CARRETERA;NACIONAL;PE-10A;-7.957534;DESPEJADO;RURAL;CURVA;INCLINADA;ASFALTADA;NULL;NULL;NULL;NULL;EN PROCESO DE INVESTIGACIÓN;NO CUENTA CON CAUSA ESPECIFICA;Carretera Trujillo - Huamachuco;24/6/2023;-78.619513
A-2023-06-113;50:00.0;DESPISTE;1;0;1;LIMA;HUAURA;SAYAN;RURAL;CARRETERA;PROVINCIAL;LM-659;-11.197484;DESPEJADO;RURAL;CURVA;PLANA ;ASFALTADA;NULL;NULL;NULL;NULL;EN PROCESO DE INVESTIGACIÓN;NO CUENTA CON CAUSA ESPECIFICA;LM-659;24/6/2023;-77.424579
A-2023-06-107;00:00.0;ATROPELLO;1;0;1;LORETO;MAYNAS;PUNCHANA;URBANA;CARRETERA;NACIONAL;PE-5NI;-3.70847;DESPEJADO;COMERCIAL;TRAMO RECTO;PLANA ;ASFALTADA;NULL;NULL;NULL;NULL;IMPRUDENCIA DEL PEATÓN;CRUCE INDEBIDO POR LA CALZADA;Avenida La Marina;24/6/2023;-73.247706
A-2023-06-192;30:00.0;CHOQUE FUGA;1;0;1;CAJAMARCA;JAEN;BELLAVISTA;RURAL;CARRETERA;PROVINCIAL;CA-734;-5.594641;DESPEJADO;RESIDENCIAL;TRAMO RECTO;INCLINADA;ASFALTADA;NO;NULL;NULL;SI;EN PROCESO DE INVESTIGACIÓN;NO CUENTA CON CAUSA ESPECIFICA;San Agustín;24/6/2023;-78.787667
A-2023-06-48;30:00.0;DESPISTE;1;0;NULL;AREQUIPA;CAYLLOMA;MAJES;URBANA;AVENIDA;URBANO;NO CORRESPONDE;-16.31461;DESPEJADO;COMERCIAL;INTERSECCIÓN;INCLINADA;ASFALTADA;NULL;NULL;NULL;NULL;EN PROCESO DE INVESTIGACIÓN;NO CUENTA CON CAUSA ESPECIFICA;E2;25/6/2023;-72.165099
A-2023-06-35;10:00.0;CHOQUE;1;0;2;ANCASH;SANTA;NUEVO CHIMBOTE;RURAL;CARRETERA;NACIONAL;PE-1N;-9.176811;DESPEJADO;RURAL;TRAMO RECTO;PLANA ;CONCRETO;SI;INFORMATIVA (I);NULL;SI;IMPRUDENCIA DEL CONDUCTOR;CONDUCIR EN ESTADO DE EBRIEDAD Y/O DROGADICCIÓN;Panamericana Norte;25/6/2023;-78.478681
A-2023-06-182;45:00.0;ATROPELLO;1;0;1;TACNA;TACNA;TACNA;RURAL;CARRETERA;NACIONAL;PE-1S;-18.166133;DESPEJADO;RURAL;TRAMO RECTO;PLANA ;ASFALTADA;NULL;NULL;NULL;NULL;IMPRUDENCIA DEL PEATÓN;CRUCE INDEBIDO POR LA CALZADA;Carretera Panamericana Sur;25/6/2023;-70.334964
A-2023-06-194;25:00.0;CHOQUE;1;1;2;CAJAMARCA;SAN IGNACIO;SAN IGNACIO;RURAL;CARRETERA;PROVINCIAL;CA-538;-5.136686;DESPEJADO;RESIDENCIAL;TRAMO RECTO;INCLINADA;ASFALTADA;NULL;NULL;NULL;NULL;IMPRUDENCIA DEL CONDUCTOR;EXCESO DE VELOCIDAD;Mariano Melgar;25/6/2023;-78.988577
A-2023-06-108;20:00.0;DESPISTE;2;3;1;LORETO;MAYNAS;SAN JUAN BAUTISTA;RURAL;CARRETERA;DEPARTAMENTAL;LO-103;-4.183755;LLUVIOSO;RURAL;TRAMO RECTO;PLANA ;ASFALTADA;NULL;NULL;NULL;NULL;EN PROCESO DE INVESTIGACIÓN;NO CUENTA CON CAUSA ESPECIFICA;Carretera Iquitos - Nauta;25/6/2023;-73.474519
A-2023-06-100;30:00.0;CHOQUE;1;0;2;PIURA;PIURA;CATACAOS;RURAL;CARRETERA;NACIONAL;PE-1N;-5.234182;DESPEJADO;RURAL;TRAMO RECTO;PLANA ;ASFALTADA;NULL;NULL;NULL;NULL;IMPRUDENCIA DEL CONDUCTOR;CONDUCIR EN SENTIDO CONTRARIO;Carretera Panamericana Norte;25/6/2023;-80.64505
A-2023-06-189;40:00.0;ATROPELLO FUGA;1;0;NULL;CALLAO;CALLAO;CALLAO;URBANA;AVENIDA;URBANO;NO CORRESPONDE;-12.019394;DESPEJADO;COMERCIAL;TRAMO RECTO;PLANA ;ASFALTADA;NULL;NULL;NULL;NULL;EN PROCESO DE INVESTIGACIÓN;NO CUENTA CON CAUSA ESPECIFICA;Avenida Tomás Valle;25/6/2023;-77.101179
A-2023-06-97;15:00.0;CHOQUE;1;0;2;APURIMAC;ANDAHUAYLAS;ANDAHUAYLAS;URBANA;CARRETERA;PROVINCIAL;AP-560;-13.658634;DESPEJADO;RESIDENCIAL;TRAMO RECTO;PLANA ;ASFALTADA;NULL;NULL;NULL;NULL;IMPRUDENCIA DEL CONDUCTOR;CONDUCIR EN ESTADO DE EBRIEDAD Y/O DROGADICCIÓN;Avenida Confraternidad;25/6/2023;-73.409785
A-2023-06-67;29:00.0;DESPISTE;1;2;1;PUNO;PUNO;VILQUE;URBANA;CARRETERA;DEPARTAMENTAL;PU-122;-15.764975;DESPEJADO;RURAL;CURVA;PLANA ;ASFALTADA;NULL;NULL;NULL;NULL;IMPRUDENCIA DEL CONDUCTOR;CONDUCIR EN ESTADO DE EBRIEDAD Y/O DROGADICCIÓN;PU-122;25/6/2023;-70.252783
A-2023-06-81;30:00.0;CHOQUE;1;2;NULL;AREQUIPA;CAYLLOMA;MAJES;RURAL;CARRETERA;NACIONAL;PE-1S;-16.437011;DESPEJADO;RURAL;TRAMO RECTO;PLANA ;ASFALTADA;NO;NULL;NULL;SI;EN PROCESO DE INVESTIGACIÓN;NO CUENTA CON CAUSA ESPECIFICA;Carretera Panamericana Sur;25/6/2023;-72.317559
A-2023-06-165;30:00.0;CHOQUE;1;0;NULL;JUNIN;CHUPACA;SAN JUAN DE JARPA;RURAL;CARRETERA;PROVINCIAL;JU-816;-12.069947;SOLEADO;RURAL;TRAMO RECTO;PLANA ;ASFALTADA;NULL;NULL;NULL;NULL;EN PROCESO DE INVESTIGACIÓN;NO CUENTA CON CAUSA ESPECIFICA;JU-816;26/6/2023;-75.458902
A-2023-06-148;50:00.0;CHOQUE;1;0;NULL;LIMA;LIMA;INDEPENDENCIA;URBANA;CARRETERA;NACIONAL;PE-1N;-11.979265;DESPEJADO;COMERCIAL;TRAMO RECTO;INCLINADA;ASFALTADA;NULL;NULL;NULL;NULL;EN PROCESO DE INVESTIGACIÓN;NO CUENTA CON CAUSA ESPECIFICA;Avenida Panamericana Norte;26/6/2023;-77.065758
A-2023-06-149;50:00.0;ATROPELLO FUGA;1;0;NULL;LIMA;LIMA;PUNTA HERMOSA;RURAL;CARRETERA;NACIONAL;PE-1S;-12.32425;DESPEJADO;RURAL;TRAMO RECTO;PLANA ;ASFALTADA;SI;REGULADORA (R);NULL;NO;IMPRUDENCIA DEL PEATÓN;OTRO (IMPRUDENCIA DEL PEATÓN);Carretera Panamericana Sur;27/6/2023;-76.826043
A-2023-06-38;45:00.0;ATROPELLO;1;0;NULL;ICA;PISCO;SAN CLEMENTE;URBANA;CARRETERA;NACIONAL;PE-1S;-13.68329;DESPEJADO;COMERCIAL;TRAMO RECTO;PLANA ;ASFALTADA;NULL;NULL;NULL;NULL;EN PROCESO DE INVESTIGACIÓN;NO CUENTA CON CAUSA ESPECIFICA;Antigua Carretera Panamericana Sur;27/6/2023;-76.159812
A-2023-06-79;30:00.0;CHOQUE;1;0;2;PUNO;PUNO;COATA;RURAL;CARRETERA;DEPARTAMENTAL;PU-118;-15.590847;DESPEJADO;RURAL;TRAMO RECTO;PLANA ;ASFALTADA;NULL;NULL;NULL;NULL;IMPRUDENCIA DEL CONDUCTOR;INVASIÓN DE CARRIL;Carretera Coata - Capachica;27/6/2023;-69.864261
A-2023-06-75;00:00.0;ATROPELLO FUGA;1;0;NULL;LA LIBERTAD;ASCOPE;RAZURI;RURAL;CARRETERA;PROVINCIAL;LI-605;-7.710862;DESPEJADO;RURAL;TRAMO RECTO;PLANA ;AFIRMADO;NULL;NULL;NULL;NULL;EN PROCESO DE INVESTIGACIÓN;NO CUENTA CON CAUSA ESPECIFICA;LI-605;27/6/2023;-79.373634
A-2023-06-103;45:00.0;DESPISTE;1;0;1;CUSCO;URUBAMBA;URUBAMBA;RURAL;OTRO;URBANO;NO CORRESPONDE;-13.290731;DESPEJADO;RURAL;CURVA;PLANA ;AFIRMADO;SI;PREVENTIVA (P);NULL;NO;IMPRUDENCIA DEL CONDUCTOR;CONDUCIR EN ESTADO DE EBRIEDAD Y/O DROGADICCIÓN;Urubamba;27/6/2023;-72.113011
A-2023-06-82;30:00.0;CHOQUE;1;10;NULL;AREQUIPA;CAYLLOMA;CABANACONDE;RURAL;CARRETERA;SIN CLASIFICAR;SIN CLASIFICAR;-15.582881;NULL;NULL;NULL;NULL;NULL;NULL;NULL;NULL;NULL;EN PROCESO DE INVESTIGACIÓN;NO CUENTA CON CAUSA ESPECIFICA;Cabanaconde;27/6/2023;-72.022953
A-2023-06-104;00:00.0;DESPISTE;1;1;NULL;PIURA;HUANCABAMBA;HUANCABAMBA;RURAL;CARRETERA;PROVINCIAL;PI-815;-5.171133;DESPEJADO;RURAL;CURVA;INCLINADA;AFIRMADO;NULL;NULL;NULL;NULL;EN PROCESO DE INVESTIGACIÓN;NO CUENTA CON CAUSA ESPECIFICA;PI-815;28/6/2023;-79.59643
A-2023-06-150;00:00.0;CHOQUE;1;0;NULL;LIMA;LIMA;CARABAYLLO;URBANA;AVENIDA;URBANO;NO CORRESPONDE;-11.847752;DESPEJADO;RESIDENCIAL;TRAMO RECTO;INCLINADA;ASFALTADA;SI;PREVENTIVA (P);NULL;SI;EN PROCESO DE INVESTIGACIÓN;NO CUENTA CON CAUSA ESPECIFICA;Avenida Túpac Amaru;28/6/2023;-77.001702
A-2023-06-166;20:00.0;DESPISTE;1;1;NULL;JUNIN;JAUJA;PARCO;RURAL;CARRETERA;NACIONAL;PE-3S;-11.784689;DESPEJADO;RURAL;CURVA;PLANA ;ASFALTADA;SI;PREVENTIVA (P);NULL;SI;EN PROCESO DE INVESTIGACIÓN;NO CUENTA CON CAUSA ESPECIFICA;Carretera Longitudinal de la Sierra Sur;28/6/2023;-75.567452
A-2023-06-62;30:00.0;DESPISTE;1;1;1;CUSCO;CANCHIS;PITUMARCA;RURAL;CARRETERA;PROVINCIAL;CU-1462;-13.971587;DESPEJADO;RURAL;TRAMO RECTO;INCLINADA;TROCHA;NULL;NULL;NULL;NULL;IMPRUDENCIA DEL CONDUCTOR;FATIGA Y/O CANSANCIO;CU-1462;28/6/2023;-71.292346