CÓDIGO SINIESTRO;HORA SINIESTRO;CLASE SINIESTRO;CANTIDAD DE FALLECIDOS;CANTIDAD DE LESIONADOS;CANTIDAD DE VEHICULOS DAÑADOS;DEPARTAMENTO;PROVINCIA;DISTRITO;ZONA;TIPO DE VÍA;RED VIAL;COD CARRETERA;COORDENADAS LATITUD;CONDICIÓN CLIMÁTICA;ZONIFICACIÓN;CARACTERÍSTICAS DE VÍA;PERFIL LONGITUDINAL VÍA;SUPERFICIE DE CALZADA;¿EXISTE SEÑAL VERTICAL?;CLASIFICACIÓN DE LA SEÑAL VERTICAL Nº 1;CLASIFICACIÓN DE LA SEÑAL VERTICAL Nº 2;¿EXISTE SEÑAL HORIZONTAL?;CAUSA FACTOR PRINCIPAL;CAUSA ESPECÍFICA;UBICACION;FECHA SINIESTRO;COORDENADAS LONGITUD
A-2023-06-193;35:00.0;DESPISTE;1;2;1;CAJAMARCA;CAJAMARCA;MATARA;RURAL;CARRETERA;NACIONAL;PE-3N;-7.266884;DESPEJADO;RESIDENCIAL;CURVA;INCLINADA;ASFALTADA;NULL;NULL;NULL;NULL;EN PROCESO DE INVESTIGACIÓN;NO CUENTA CON CAUSA ESPECIFICA;Carretera Longitudinal de la Sierra Norte;28/6/2023;-78.253109
A-2023-06-58;00:00.0;VOLCADURA;1;0;1;SAN MARTIN;RIOJA;NUEVA CAJAMARCA;RURAL;CARRETERA;NACIONAL;PE-5N;-5.895687;DESPEJADO;RURAL;TRAMO RECTO;PLANA ;ASFALTADA;NULL;NULL;NULL;NULL;IMPRUDENCIA DEL CONDUCTOR;OTRO (IMPRUDENCIA DEL CONDUCTOR);Carretera Presidente Fernando Belaúnde Terry;28/6/2023;-77.33009
A-2023-06-151;30:00.0;CHOQUE;1;1;NULL;LIMA;LIMA;SANTA ANITA;URBANA;CARRETERA;NACIONAL;PE-1N;-12.053487;DESPEJADO;COMERCIAL;TRAMO RECTO;PLANA ;ASFALTADA;SI;REGULADORA (R);NULL;SI;EN PROCESO DE INVESTIGACIÓN;NO CUENTA CON CAUSA ESPECIFICA;Vía de Evitamiento;29/6/2023;-76.975512
A-2023-06-105;30:00.0;CHOQUE;1;0;NULL;PIURA;SECHURA;RINCONADA LLICUAR;RURAL;CARRETERA;PROVINCIAL;PI-1040;-5.502777;DESPEJADO;RURAL;TRAMO RECTO;PLANA ;ASFALTADA;NULL;NULL;NULL;NULL;EN PROCESO DE INVESTIGACIÓN;NO CUENTA CON CAUSA ESPECIFICA;Carretera Llicuar - Sechura;29/6/2023;-80.783412
A-2023-06-77;40:00.0;DESPISTE;1;19;1;LA LIBERTAD;SANTIAGO DE CHUCO;QUIRUVILCA;RURAL;CARRETERA;NACIONAL;PE-3N;-7.994387;DESPEJADO;RURAL;TRAMO RECTO;PLANA ;ASFALTADA;NULL;NULL;NULL;NULL;NEGLIGENCIA DEL CONDUCTOR;CONDUCIR CON FALLAS DE SUSPENSIÓN;Carretera Longitudinal de la Sierra Norte;29/6/2023;-78.306527
A-2023-06-76;30:00.0;DESPISTE;1;0;1;LA LIBERTAD;SANCHEZ CARRION;COCHORCO;RURAL;CARRETERA;SIN CLASIFICAR;SIN CLASIFICAR;-7.834854;DESPEJADO;RURAL;TRAMO RECTO;PLANA ;TROCHA;NULL;NULL;NULL;NULL;EN PROCESO DE INVESTIGACIÓN;NO CUENTA CON CAUSA ESPECIFICA;Cochorco;29/6/2023;-77.642785
A-2023-06-43;00:00.0;ATROPELLO;1;0;1;ICA;ICA;ICA;URBANA;CARRETERA;PROVINCIAL;IC-671;-14.08328;DESPEJADO;RESIDENCIAL;TRAMO RECTO;PLANA ;ASFALTADA;NULL;NULL;NULL;NULL;EN PROCESO DE INVESTIGACIÓN;NO CUENTA CON CAUSA ESPECIFICA;Avenida Huacachina;29/6/2023;-75.752522
A-2023-06-96;40:00.0;DESPISTE;1;1;1;CUSCO;ESPINAR;ESPINAR;RURAL;CARRETERA;NACIONAL;PE-3SG;-14.832791;DESPEJADO;RURAL;TRAMO RECTO;INCLINADA;ASFALTADA;NO;NULL;NULL;SI;IMPRUDENCIA DEL CONDUCTOR;EXCESO DE VELOCIDAD;Espinar;29/6/2023;-71.311094
A-2023-06-167;00:00.0;CHOQUE;1;5;NULL;JUNIN;JAUJA;PARCO;RURAL;CARRETERA;NACIONAL;PE-3S;-11.80231;NUBLADO;RURAL;TRAMO RECTO;PLANA ;ASFALTADA;NO;NULL;NULL;SI;IMPRUDENCIA DEL CONDUCTOR;FATIGA Y/O CANSANCIO;Carretera Longitudinal de la Sierra Sur;29/6/2023;-75.53106
A-2023-06-157;00:00.0;DESPISTE;1;0;1;HUANCAVELICA;CASTROVIRREYNA;CASTROVIRREYNA;RURAL;CARRETERA;NACIONAL;PE-28D;-13.34814;DESPEJADO;RURAL;CURVA;PLANA ;AFIRMADO;NULL;NULL;NULL;NULL;EN PROCESO DE INVESTIGACIÓN;NO CUENTA CON CAUSA ESPECIFICA;PE-28D;30/6/2023;-75.335747
A-2023-06-168;30:00.0;ATROPELLO;1;0;NULL;JUNIN;HUANCAYO;EL TAMBO;URBANA;CARRETERA;NACIONAL;PE-3S;-12.033926;DESPEJADO;COMERCIAL;INTERSECCIÓN;PLANA ;ASFALTADA;NO;NULL;NULL;SI;IMPRUDENCIA DEL PEATÓN;CRUCE INDEBIDO POR LA CALZADA;Avenida Mariscal Castilla;30/6/2023;-75.232127
A-2023-06-78;00:00.0;ATROPELLO FUGA;1;0;NULL;LA LIBERTAD;TRUJILLO;SALAVERRY;URBANA;CARRETERA;NACIONAL;PE-1N;-8.203856;DESPEJADO;COMERCIAL;TRAMO RECTO;PLANA ;ASFALTADA;NULL;NULL;NULL;NULL;EN PROCESO DE INVESTIGACIÓN;NO CUENTA CON CAUSA ESPECIFICA;Panamericana Norte;30/6/2023;-78.959776
A-2023-06-152;30:00.0;CHOQUE CON OBJETO FIJO;1;0;NULL;LIMA;LIMA;CHORRILLOS;URBANA;AVENIDA;URBANO;NO CORRESPONDE;-12.186744;DESPEJADO;RESIDENCIAL;INTERSECCIÓN;INCLINADA;ASFALTADA;NO;NULL;NULL;SI;EN PROCESO DE INVESTIGACIÓN;NO CUENTA CON CAUSA ESPECIFICA;Calle Ciro Alegría;30/6/2023;-76.996391
A-2023-06-80;30:00.0;CHOQUE;3;2;2;PUNO;CHUCUITO;POMATA;RURAL;CARRETERA;NACIONAL;PE-3S;-16.348816;DESPEJADO;RURAL;TRAMO RECTO;PLANA ;ASFALTADA;NULL;NULL;NULL;NULL;IMPRUDENCIA DEL CONDUCTOR;INVASIÓN DE CARRIL;Carretera Longitudinal de la Sierra Sur;30/6/2023;-69.240637
A-2023-07-60;05:00.0;CHOQUE;1;2;2;CUSCO;CUSCO;WANCHAQ;URBANA;AVENIDA;URBANO;NO CORRESPONDE;-13.539124;DESPEJADO;COMERCIAL;TRAMO RECTO;PLANA ;ASFALTADA;NO;NULL;NULL;SI;IMPRUDENCIA DEL CONDUCTOR;INVASIÓN DE CARRIL;Avenida Velasco Astete;1/7/2023;-71.943301
A-2023-07-123;30:00.0;ATROPELLO FUGA;1;0;NULL;LIMA;LIMA;VILLA MARIA DEL TRIUNFO;RURAL;AVENIDA;URBANO;NO CORRESPONDE;-12.174064;DESPEJADO;RURAL;TRAMO RECTO;INCLINADA;ASFALTADA;NULL;NULL;NULL;NULL;EN PROCESO DE INVESTIGACIÓN;NO CUENTA CON CAUSA ESPECIFICA;Avenida 26 de Noviembre;1/7/2023;-76.915775
A-2023-07-124;40:00.0;ATROPELLO;1;0;NULL;LIMA;LIMA;SAN MIGUEL;URBANA;AVENIDA;URBANO;NO CORRESPONDE;-12.089212;DESPEJADO;RESIDENCIAL;INTERSECCIÓN;PLANA ;ASFALTADA;NO;NULL;NULL;SI;EN PROCESO DE INVESTIGACIÓN;NO CUENTA CON CAUSA ESPECIFICA;Avenida La Paz;1/7/2023;-77.085388
A-2023-07-170;00:00.0;ATROPELLO;1;0;1;AYACUCHO;HUANTA;HUANTA;URBANA;CARRETERA;PROVINCIAL;AY-619;-12.942822;DESPEJADO;RESIDENCIAL;TRAMO RECTO;PLANA ;ASFALTADA;NULL;NULL;NULL;NULL;IMPRUDENCIA DEL CONDUCTOR;EXCESO DE VELOCIDAD;Pasaje Gonzales Vigil;1/7/2023;-74.24594
A-2023-07-37;00:00.0;CHOQUE;1;0;2;CUSCO;ESPINAR;CONDOROMA;RURAL;CARRETERA;NACIONAL;PE-34J;-15.34732;DESPEJADO;RURAL;CURVA;PLANA ;ASFALTADA;SI;PREVENTIVA (P);NULL;SI;IMPRUDENCIA DEL CONDUCTOR;OTRO (IMPRUDENCIA DEL CONDUCTOR);Carretera Oscollo - Condoroma;1/7/2023;-71.10871
A-2023-07-136;30:00.0;ATROPELLO;1;0;NULL;LIMA;LIMA;SANTIAGO DE SURCO;URBANA;CARRETERA;NACIONAL;PE-1S;-12.111455;DESPEJADO;COMERCIAL;TRAMO RECTO;INCLINADA;ASFALTADA;SI;PREVENTIVA (P);NULL;NO;EN PROCESO DE INVESTIGACIÓN;NO CUENTA CON CAUSA ESPECIFICA;Carretera Panamericana Sur;1/7/2023;-76.978276
A-2023-07-125;30:00.0;CHOQUE CON OBJETO FIJO;1;0;NULL;LIMA;LIMA;LOS OLIVOS;URBANA;CALLE;URBANO;NO CORRESPONDE;-12.005211;DESPEJADO;RESIDENCIAL;TRAMO RECTO;INCLINADA;ASFALTADA;NULL;NULL;NULL;NULL;EN PROCESO DE INVESTIGACIÓN;NO CUENTA CON CAUSA ESPECIFICA;5 de Agosto;2/7/2023;-77.080525
A-2023-07-99;40:00.0;ATROPELLO;1;0;0;PUNO;SAN ROMAN;JULIACA;URBANA;JIRÓN;URBANO;NO CORRESPONDE;-15.493616;DESPEJADO;COMERCIAL;TRAMO RECTO;INCLINADA;ASFALTADA;NULL;NULL;NULL;NULL;IMPRUDENCIA DEL PEATÓN;CRUCE INDEBIDO POR LA CALZADA;Jirón Junín;2/7/2023;-70.136997
A-2023-07-71;40:00.0;CHOQUE;1;1;2;CUSCO;ANTA;HUAROCONDO;RURAL;CARRETERA;DEPARTAMENTAL;CU-110;-13.440201;DESPEJADO;RURAL;CURVA;PLANA ;ASFALTADA;NULL;NULL;NULL;NULL;IMPRUDENCIA DEL CONDUCTOR;INVASIÓN DE CARRIL;CU-110;2/7/2023;-72.206697
A-2023-07-2;57:00.0;CHOQUE;1;2;NULL;AREQUIPA;AREQUIPA;AREQUIPA;URBANA;CALLE;URBANO;NO CORRESPONDE;-16.397083;NULL;NULL;NULL;NULL;NULL;NULL;NULL;NULL;NULL;EN PROCESO DE INVESTIGACIÓN;NO CUENTA CON CAUSA ESPECIFICA;Calle Santa Marta;2/7/2023;-71.533445
A-2023-07-6;30:00.0;DESPISTE;1;0;1;PUNO;PUNO;PICHACANI;RURAL;CARRETERA;NACIONAL;PE-36B;-16.224586;DESPEJADO;RURAL;CURVA;PLANA ;ASFALTADA;NULL;NULL;NULL;NULL;IMPRUDENCIA DEL CONDUCTOR;EXCESO DE VELOCIDAD;PE-36B;2/7/2023;-70.124156
A-2023-07-162;45:00.0;DESPISTE;1;2;NULL;JUNIN;HUANCAYO;PUCARA;RURAL;CARRETERA;SIN CLASIFICAR;SIN CLASIFICAR;-12.139825;SOLEADO;RURAL;CURVA;INCLINADA;TROCHA;NULL;NULL;NULL;NULL;IMPRUDENCIA DEL CONDUCTOR;OTRO (IMPRUDENCIA DEL CONDUCTOR);Sapallanga;2/7/2023;-75.107904
A-2023-07-181;10:00.0;DESPISTE;1;1;1;CAJAMARCA;SAN IGNACIO;SAN IGNACIO;URBANA;AVENIDA;URBANO;NO CORRESPONDE;-5.140673;DESPEJADO;RESIDENCIAL;CURVA;INCLINADA;AFIRMADO;NULL;NULL;NULL;NULL;IMPRUDENCIA DEL CONDUCTOR;CONDUCIR EN ESTADO DE EBRIEDAD Y/O DROGADICCIÓN;Mariano Melgar;2/7/2023;-78.996253
A-2023-07-127;00:00.0;ATROPELLO;1;0;NULL;LIMA;LIMA;ATE;URBANA;CARRETERA;NACIONAL;PE-22;-12.017291;DESPEJADO;RESIDENCIAL;TRAMO RECTO;INCLINADA;ASFALTADA;NULL;NULL;NULL;NULL;IMPRUDENCIA DEL PEATÓN;OTRO (IMPRUDENCIA DEL PEATÓN);Avenida Las Torres;2/7/2023;-76.897926
A-2023-07-126;30:00.0;ATROPELLO FUGA;1;0;NULL;LIMA;LIMA;LURIN;RURAL;CARRETERA;NACIONAL;PE-1S;-12.257933;DESPEJADO;RURAL;TRAMO RECTO;PLANA ;ASFALTADA;NULL;NULL;NULL;NULL;EN PROCESO DE INVESTIGACIÓN;NO CUENTA CON CAUSA ESPECIFICA;Carretera Panamericana Sur;2/7/2023;-76.918722
A-2023-07-163;40:00.0;ATROPELLO;1;0;NULL;JUNIN;HUANCAYO;HUALHUAS;URBANA;CARRETERA;NACIONAL;PE-3S;-11.979774;DESPEJADO;RURAL;TRAMO RECTO;PLANA ;ASFALTADA;NO;NULL;NULL;SI;IMPRUDENCIA DEL PEATÓN;CRUCE INDEBIDO POR LA CALZADA;Carretera Longitudinal de la Sierra Sur;3/7/2023;-75.263808
A-2023-07-100;00:00.0;ATROPELLO;1;0;0;PUNO;SAN ANTONIO DE PUTINA;ANANEA;URBANA;JIRÓN;URBANO;NO CORRESPONDE;-14.678106;DESPEJADO;COMERCIAL;TRAMO RECTO;INCLINADA;ASFALTADA;NULL;NULL;NULL;NULL;IMPRUDENCIA DEL CONDUCTOR;CONDUCIR EN SENTIDO CONTRARIO;PE-34L;3/7/2023;-69.534111
A-2023-07-4;00:00.0;CHOQUE FUGA;1;0;1;TUMBES;ZARUMILLA;AGUAS VERDES;RURAL;CARRETERA;NACIONAL;PE-1NO;-3.484335;SOLEADO;RURAL;CURVA;PLANA ;ASFALTADA;NULL;NULL;NULL;NULL;IMPRUDENCIA DEL CONDUCTOR;GIRAR IMPRUDENTEMENTE;Carretera Panamericana Norte;3/7/2023;-80.259209
A-2023-07-8;15:00.0;CHOQUE;1;1;2;LA LIBERTAD;VIRU;VIRU;RURAL;CARRETERA;PROVINCIAL;LI-1154;-8.44807;DESPEJADO;RURAL;TRAMO RECTO;PLANA ;AFIRMADO;NULL;NULL;NULL;NULL;EN PROCESO DE INVESTIGACIÓN;NO CUENTA CON CAUSA ESPECIFICA;Santa Elena;3/7/2023;-78.817174
A-2023-07-128;30:00.0;ATROPELLO;1;0;NULL;LIMA;LIMA;CHORRILLOS;URBANA;AVENIDA;URBANO;NO CORRESPONDE;-12.199046;DESPEJADO;RESIDENCIAL;INTERSECCIÓN;PLANA ;ASFALTADA;NULL;NULL;NULL;NULL;IMPRUDENCIA DEL PEATÓN;OTRO (IMPRUDENCIA DEL PEATÓN);Calle César Vallejo;4/7/2023;-76.997328
A-2023-07-182;00:00.0;ATROPELLO FUGA;1;0;NULL;LA LIBERTAD;OTUZCO;CHARAT;NULL;CARRETERA;DEPARTAMENTAL;LI-112;-7.764327;NULL;NULL;NULL;NULL;NULL;NULL;NULL;NULL;NULL;EN PROCESO DE INVESTIGACIÓN;NO CUENTA CON CAUSA ESPECIFICA;LI-112;4/7/2023;-78.490439
A-2023-07-9;30:00.0;DESPISTE;1;0;1;LA LIBERTAD;OTUZCO;OTUZCO;URBANA;CARRETERA;NACIONAL;PE-10A;-7.967159;DESPEJADO;RURAL;TRAMO RECTO;PLANA ;ASFALTADA;NULL;NULL;NULL;NULL;IMPRUDENCIA DEL CONDUCTOR;ADELANTAR INDEBIDAMENTE;Carretera Trujillo - Huamachuco;5/7/2023;-78.639135
A-2023-07-129;40:00.0;ATROPELLO;1;0;NULL;LIMA;LIMA;LA VICTORIA;URBANA;JIRÓN;URBANO;NO CORRESPONDE;-12.057923;DESPEJADO;RESIDENCIAL;CURVA;PLANA ;ASFALTADA;SI;INFORMATIVA (I);NULL;SI;EN PROCESO DE INVESTIGACIÓN;NO CUENTA CON CAUSA ESPECIFICA;Jirón Huánuco;5/7/2023;-77.017266
A-2023-07-173;30:00.0;DESPISTE;1;1;1;AYACUCHO;SUCRE;QUEROBAMBA;RURAL;CARRETERA;DEPARTAMENTAL;AY-103;-13.933434;DESPEJADO;RURAL;CURVA;INCLINADA;AFIRMADO;NULL;NULL;NULL;NULL;IMPRUDENCIA DEL CONDUCTOR;FATIGA Y/O CANSANCIO;AY-103;5/7/2023;-73.754059
A-2023-07-3;00:00.0;CHOQUE;1;0;NULL;AREQUIPA;AREQUIPA;VITOR;RURAL;CARRETERA;NACIONAL;PE-1S;-16.449881;DESPEJADO;RURAL;TRAMO RECTO;INCLINADA;ASFALTADA;SI;REGULADORA (R);NULL;NO;EN PROCESO DE INVESTIGACIÓN;NO CUENTA CON CAUSA ESPECIFICA;Carretera Panamericana Sur;5/7/2023;-71.964544
A-2023-07-177;00:00.0;DESPISTE;1;1;1;TACNA;TACNA;CIUDAD NUEVA;URBANA;CARRETERA;PROVINCIAL;TA-622;-17.982156;DESPEJADO;RESIDENCIAL;TRAMO RECTO;PLANA ;ASFALTADA;NULL;NULL;NULL;NULL;IMPRUDENCIA DEL CONDUCTOR;CONDUCIR EN ESTADO DE EBRIEDAD Y/O DROGADICCIÓN;Avenida Artesanal A;6/7/2023;-70.225934
A-2023-07-130;50:00.0;ATROPELLO;1;0;NULL;LIMA;LIMA;CARABAYLLO;URBANA;AVENIDA;URBANO;NO CORRESPONDE;-11.871983;DESPEJADO;COMERCIAL;TRAMO RECTO;INCLINADA;ASFALTADA;NULL;NULL;NULL;NULL;EN PROCESO DE INVESTIGACIÓN;NO CUENTA CON CAUSA ESPECIFICA;Avenida Túpac Amaru;6/7/2023;-77.014637
A-2023-07-157;35:00.0;DESPISTE;1;1;NULL;UCAYALI;CORONEL PORTILLO;YARINACOCHA;RURAL;CARRETERA;DEPARTAMENTAL;UC-103;-8.305196;DESPEJADO;RURAL;TRAMO RECTO;PLANA ;AFIRMADO;NULL;NULL;NULL;NULL;NEGLIGENCIA DEL CONDUCTOR;CONDUCIR CON FALLAS DE FRENOS;Carretera a la Comunidad;6/7/2023;-74.617327
A-2023-07-10;30:00.0;DESPISTE;1;2;1;LA LIBERTAD;TRUJILLO;SALAVERRY;RURAL;CARRETERA;NACIONAL;PE-1N;-8.194049;DESPEJADO;RURAL;TRAMO RECTO;PLANA ;ASFALTADA;NULL;NULL;NULL;NULL;EN PROCESO DE INVESTIGACIÓN;NO CUENTA CON CAUSA ESPECIFICA;Panamericana Norte;6/7/2023;-78.972105
A-2023-07-11;50:00.0;DESPISTE;1;0;1;LA LIBERTAD;OTUZCO;OTUZCO;RURAL;CARRETERA;NACIONAL;PE-10A;-7.960285;DESPEJADO;RURAL;TRAMO RECTO;PLANA ;AFIRMADO;NULL;NULL;NULL;NULL;EN PROCESO DE INVESTIGACIÓN;NO CUENTA CON CAUSA ESPECIFICA;Carretera Trujillo - Huamachuco;6/7/2023;-78.631749
A-2023-07-131;00:00.0;ATROPELLO;1;1;NULL;LIMA;LIMA;RIMAC;URBANA;AVENIDA;URBANO;NO CORRESPONDE;-12.015058;DESPEJADO;COMERCIAL;INTERSECCIÓN;PLANA ;ASFALTADA;SI;REGULADORA (R);PREVENTIVA (P);NO;EN PROCESO DE INVESTIGACIÓN;NO CUENTA CON CAUSA ESPECIFICA;Pasaje El Ángel;6/7/2023;-77.051829
A-2023-07-24;00:00.0;CHOQUE;1;0;NULL;PIURA;PIURA;CASTILLA;URBANA;CARRETERA;NACIONAL;PE-1NJ;-5.17328;DESPEJADO;RURAL;TRAMO RECTO;PLANA ;ASFALTADA;NULL;NULL;NULL;NULL;IMPRUDENCIA DEL CONDUCTOR;EXCESO DE VELOCIDAD;Carretera Interoceánica Norte;6/7/2023;-80.5488
A-2023-07-20;20:00.0;CAÍDA DE PASAJERO;1;1;NULL;ANCASH;CARLOS FERMIN FITZCARRALD;SAN LUIS;RURAL;CARRETERA;NACIONAL;PE-14C;-9.169278;DESPEJADO;RURAL;CURVA;INCLINADA;TROCHA;NULL;NULL;NULL;NULL;EN PROCESO DE INVESTIGACIÓN;NO CUENTA CON CAUSA ESPECIFICA;Carretera Longitudinal de Conchucos;7/7/2023;-77.22443
A-2023-07-36;30:00.0;CHOQUE;1;1;2;CUSCO;QUISPICANCHI;HUARO;URBANA;CARRETERA;NACIONAL;PE-3S;-13.688099;DESPEJADO;COMERCIAL;TRAMO RECTO;PLANA ;ASFALTADA;NO;NULL;NULL;SI;IMPRUDENCIA DEL CONDUCTOR;OTRO (IMPRUDENCIA DEL CONDUCTOR);Carretera Longitudinal de la Sierra Sur;7/7/2023;-71.6473
A-2023-07-55;30:00.0;DESPISTE;1;4;1;CUSCO;PARURO;OMACHA;RURAL;CARRETERA;DEPARTAMENTAL;CU-129;-14.043285;DESPEJADO;RURAL;CURVA;INCLINADA;AFIRMADO;NULL;NULL;NULL;NULL;IMPRUDENCIA DEL CONDUCTOR;EXCESO DE VELOCIDAD;CU-129;7/7/2023;-71.772853
A-2023-07-97;35:00.0;DESPISTE;1;1;1;LORETO;MAYNAS;IQUITOS;URBANA;CALLE;URBANO;NO CORRESPONDE;-3.746066;DESPEJADO;COMERCIAL;INTERSECCIÓN;PLANA ;ASFALTADA;NULL;NULL;NULL;NULL;EN PROCESO DE INVESTIGACIÓN;NO CUENTA CON CAUSA ESPECIFICA;Jirón Faning;7/7/2023;-73.249099
A-2023-07-167;30:00.0;ATROPELLO;1;0;1;AYACUCHO;HUAMANGA;VINCHOS;URBANA;CARRETERA;NACIONAL;PE-28A;-13.320546;DESPEJADO;RESIDENCIAL;TRAMO RECTO;PLANA ;ASFALTADA;SI;PREVENTIVA (P);NULL;NO;IMPRUDENCIA DEL CONDUCTOR;EXCESO DE VELOCIDAD;Vía de los Libertadores;8/7/2023;-74.352642
A-2023-07-101;00:00.0;CHOQUE;1;0;2;PUNO;SAN ROMAN;CABANA;RURAL;CARRETERA;NACIONAL;PE-34A;-15.562489;DESPEJADO;RURAL;TRAMO RECTO;PLANA ;ASFALTADA;NULL;NULL;NULL;NULL;IMPRUDENCIA DEL CONDUCTOR;INVASIÓN DE CARRIL;Héroes de La Guerra del Pacífico;8/7/2023;-70.240745
A-2023-07-22;08:00.0;CHOQUE;1;0;NULL;PIURA;MORROPON;CHULUCANAS;RURAL;CARRETERA;NACIONAL;PE-1NJ;-5.145191;DESPEJADO;RURAL;TRAMO RECTO;PLANA ;ASFALTADA;NULL;NULL;NULL;NULL;IMPRUDENCIA DEL CONDUCTOR;INVASIÓN DE CARRIL;Carretera Interoceánica Norte;8/7/2023;-80.275411
A-2023-07-61;21:00.0;ATROPELLO;1;1;1;CUSCO;CUSCO;SANTIAGO;URBANA;AVENIDA;URBANO;NO CORRESPONDE;-13.525736;DESPEJADO;RESIDENCIAL;TRAMO RECTO;PLANA ;ASFALTADA;NULL;NULL;NULL;NULL;IMPRUDENCIA DEL CONDUCTOR;CONDUCIR EN ESTADO DE EBRIEDAD Y/O DROGADICCIÓN;Avenida José Olaya;8/7/2023;-71.975211
A-2023-07-7;40:00.0;ATROPELLO;1;0;NULL;AREQUIPA;AREQUIPA;LA JOYA;RURAL;CARRETERA;NACIONAL;PE-1S;-16.532018;DESPEJADO;RURAL;TRAMO RECTO;PLANA ;ASFALTADA;NULL;NULL;NULL;NULL;EN PROCESO DE INVESTIGACIÓN;NO CUENTA CON CAUSA ESPECIFICA;Carretera Panamericana Sur;8/7/2023;-71.796382
A-2023-07-132;30:00.0;VOLCADURA;1;0;NULL;LIMA;LIMA;SAN JUAN DE LURIGANCHO;URBANA;AVENIDA;URBANO;NO CORRESPONDE;-12.017513;DESPEJADO;COMERCIAL;INTERSECCIÓN;INCLINADA;ASFALTADA;SI;INFORMATIVA (I);NULL;SI;EN PROCESO DE INVESTIGACIÓN;NO CUENTA CON CAUSA ESPECIFICA;Avenida Pirámide del Sol;8/7/2023;-77.002146
A-2023-07-133;30:00.0;ATROPELLO;1;0;NULL;LIMA;LIMA;SAN JUAN DE LURIGANCHO;URBANA;AVENIDA;URBANO;NO CORRESPONDE;-12.008243;DESPEJADO;COMERCIAL;CURVA;INCLINADA;ASFALTADA;NULL;NULL;NULL;NULL;IMPRUDENCIA DEL CONDUCTOR;OTRO (IMPRUDENCIA DEL CONDUCTOR);Avenida Los Jardines Oeste;9/7/2023;-77.010526
A-2023-07-17;30:00.0;VOLCADURA;1;0;1;SAN MARTIN;MOYOBAMBA;MOYOBAMBA;URBANA;JIRÓN;URBANO;NO CORRESPONDE;-6.036805;DESPEJADO;COMERCIAL;TRAMO RECTO;PLANA ;ASFALTADA;NULL;NULL;NULL;NULL;IMPRUDENCIA DEL CONDUCTOR;OTRO (IMPRUDENCIA DEL CONDUCTOR);Jirón Miraflores;9/7/2023;-76.98065
A-2023-07-134;45:00.0;DESPISTE;5;28;NULL;LIMA;LIMA;COMAS;URBANA;AVENIDA;URBANO;NO CORRESPONDE;-11.912797;DESPEJADO;RESIDENCIAL;CURVA;INCLINADA;ASFALTADA;NULL;NULL;NULL;NULL;EN PROCESO DE INVESTIGACIÓN;NO CUENTA CON CAUSA ESPECIFICA;Avenida Revolución;9/7/2023;-77.003386
A-2023-07-85;20:00.0;ATROPELLO;1;1;NULL;PIURA;PIURA;PIURA;URBANA;CALLE;URBANO;NO CORRESPONDE;-5.197634;DESPEJADO;RURAL;TRAMO RECTO;PLANA ;ASFALTADA;NULL;NULL;NULL;NULL;IMPRUDENCIA DEL CONDUCTOR;NO DAR PASO PREFERENTE AL PEATÓN;Apurímac;9/7/2023;-80.630181
A-2023-07-103;40:00.0;DESPISTE;2;0;1;PUNO;SAN ROMAN;CARACOTO;RURAL;CARRETERA;NACIONAL;PE-3S;-15.549275;DESPEJADO;RURAL;INTERSECCIÓN;PLANA ;ASFALTADA;NULL;NULL;NULL;NULL;IMPRUDENCIA DEL CONDUCTOR;CONDUCIR EN ESTADO DE EBRIEDAD Y/O DROGADICCIÓN;Carretera Longitudinal de la Sierra Sur;9/7/2023;-70.108849
A-2023-07-5;10:00.0;ATROPELLO;1;0;1;ICA;ICA;SANTIAGO;RURAL;CARRETERA;NACIONAL;PE-1S;-14.289297;DESPEJADO;RURAL;TRAMO RECTO;PLANA ;ASFALTADA;NULL;NULL;NULL;NULL;IMPRUDENCIA DEL PEATÓN;CRUCE INDEBIDO POR LA CALZADA;Carretera Panamericana Sur;9/7/2023;-75.679345
A-2023-07-12;00:00.0;DESPISTE;1;0;1;LA LIBERTAD;PACASMAYO;GUADALUPE;RURAL;CARRETERA;NACIONAL;PE-1N;-7.271014;DESPEJADO;RURAL;TRAMO RECTO;PLANA ;ASFALTADA;NULL;NULL;NULL;NULL;IMPRUDENCIA DEL CONDUCTOR;CONDUCIR EN ESTADO DE EBRIEDAD Y/O DROGADICCIÓN;Carretera Panamericana Norte;10/7/2023;-79.479179
A-2023-07-104;40:00.0;ATROPELLO;1;0;1;PUNO;SAN ROMAN;CARACOTO;RURAL;CARRETERA;NACIONAL;PE-3S;-15.541972;DESPEJADO;RURAL;TRAMO RECTO;PLANA ;ASFALTADA;NULL;NULL;NULL;NULL;IMPRUDENCIA DEL CONDUCTOR;EXCESO DE VELOCIDAD;Carretera Longitudinal de la Sierra Sur;10/7/2023;-70.111963
A-2023-07-75;30:00.0;DESPISTE;1;3;1;CUSCO;LA CONVENCION;HUAYOPATA;RURAL;CARRETERA;NACIONAL;PE-28B;-13.055588;DESPEJADO;RURAL;CURVA;PLANA ;ASFALTADA;SI;PREVENTIVA (P);NULL;SI;IMPRUDENCIA DEL CONDUCTOR;EXCESO DE VELOCIDAD;PE-28B;10/7/2023;-72.428333