CÓDIGO SINIESTRO;HORA SINIESTRO;CLASE SINIESTRO;CANTIDAD DE FALLECIDOS;CANTIDAD DE LESIONADOS;CANTIDAD DE VEHICULOS DAÑADOS;DEPARTAMENTO;PROVINCIA;DISTRITO;ZONA;TIPO DE VÍA;RED VIAL;COD CARRETERA;COORDENADAS LATITUD;CONDICIÓN CLIMÁTICA;ZONIFICACIÓN;CARACTERÍSTICAS DE VÍA;PERFIL LONGITUDINAL VÍA;SUPERFICIE DE CALZADA;¿EXISTE SEÑAL VERTICAL?;CLASIFICACIÓN DE LA SEÑAL VERTICAL Nº 1;CLASIFICACIÓN DE LA SEÑAL VERTICAL Nº 2;¿EXISTE SEÑAL HORIZONTAL?;CAUSA FACTOR PRINCIPAL;CAUSA ESPECÍFICA;UBICACION;FECHA SINIESTRO;COORDENADAS LONGITUD
A-2023-07-14;00:00.0;VOLCADURA;1;0;1;APURIMAC;ANDAHUAYLAS;ANDAHUAYLAS;RURAL;CARRETERA;SIN CLASIFICAR;SIN CLASIFICAR;-13.781952;DESPEJADO;RURAL;SINUOSA;INCLINADA;TROCHA;NULL;NULL;NULL;NULL;NEGLIGENCIA DEL CONDUCTOR;OTRO (NEGLIGENCIA DEL CONDUCTOR);Ccacce;10/7/2023;-73.41439
A-2023-07-16;30:00.0;ATROPELLO FUGA;1;0;NULL;AREQUIPA;CAYLLOMA;MACA;RURAL;CARRETERA;DEPARTAMENTAL;AR-109;-15.630471;DESPEJADO;RURAL;CURVA;PLANA ;ASFALTADA;NULL;NULL;NULL;NULL;EN PROCESO DE INVESTIGACIÓN;NO CUENTA CON CAUSA ESPECIFICA;Carretera Longitudinal del Colca;10/7/2023;-71.807162
A-2023-07-83;30:00.0;CHOQUE FUGA;1;4;NULL;PIURA;MORROPON;CHULUCANAS;RURAL;CARRETERA;NACIONAL;PE-1NS;-5.157349;DESPEJADO;RURAL;TRAMO RECTO;INCLINADA;ASFALTADA;NO;NULL;NULL;SI;EN PROCESO DE INVESTIGACIÓN;NO CUENTA CON CAUSA ESPECIFICA;PE-1NS;10/7/2023;-80.177424
A-2023-07-54;20:00.0;DESPISTE;1;0;1;TUMBES;CONTRALMIRANTE VILLAR;ZORRITOS;RURAL;CARRETERA;NACIONAL;PE-1N;-3.85123;SOLEADO;RURAL;TRAMO RECTO;PLANA ;ASFALTADA;NULL;NULL;NULL;NULL;IMPRUDENCIA DEL CONDUCTOR;EXCESO DE VELOCIDAD;Carretera Panamericana Norte;11/7/2023;-80.828176
A-2023-07-56;00:00.0;DESPISTE;2;3;1;CUSCO;QUISPICANCHI;MARCAPATA;RURAL;CARRETERA;PROVINCIAL;CU-1404;-13.625397;DESPEJADO;RURAL;SINUOSA;INCLINADA;AFIRMADO;SI;PREVENTIVA (P);NULL;NO;NEGLIGENCIA DEL CONDUCTOR;OTRO (NEGLIGENCIA DEL CONDUCTOR);CU-1404;11/7/2023;-70.935098
A-2023-07-135;45:00.0;DESPISTE;1;1;NULL;LIMA;LIMA;INDEPENDENCIA;URBANA;CARRETERA;NACIONAL;PE-1N;-11.981025;DESPEJADO;COMERCIAL;TRAMO RECTO;INCLINADA;ASFALTADA;NULL;NULL;NULL;NULL;EN PROCESO DE INVESTIGACIÓN;NO CUENTA CON CAUSA ESPECIFICA;Avenida Panamericana Norte;12/7/2023;-77.0655
A-2023-07-98;00:00.0;CHOQUE;1;0;NULL;LORETO;MAYNAS;IQUITOS;URBANA;CALLE;URBANO;NO CORRESPONDE;-3.756819;NULL;NULL;NULL;NULL;NULL;NULL;NULL;NULL;NULL;EN PROCESO DE INVESTIGACIÓN;NO CUENTA CON CAUSA ESPECIFICA;LO-103;12/7/2023;-73.251196
A-2023-07-13;30:00.0;CHOQUE;2;4;2;PUNO;CHUCUITO;JULI;RURAL;CARRETERA;NACIONAL;PE-3S;-16.223972;DESPEJADO;RURAL;CURVA;PLANA ;ASFALTADA;NULL;NULL;NULL;NULL;IMPRUDENCIA DEL CONDUCTOR;EXCESO DE VELOCIDAD;Carretera Longitudinal de la Sierra Sur;12/7/2023;-69.462382
A-2023-07-88;30:00.0;VOLCADURA;1;0;1;APURIMAC;CHINCHEROS;URANMARCA;RURAL;CARRETERA;PROVINCIAL;AP-554;-13.724956;SOLEADO;RURAL;TRAMO RECTO;PLANA ;TROCHA;NULL;NULL;NULL;NULL;NEGLIGENCIA DEL CONDUCTOR;OTRO (NEGLIGENCIA DEL CONDUCTOR);AP-554;12/7/2023;-73.673201
A-2023-07-28;20:00.0;ATROPELLO;1;0;1;LA LIBERTAD;SANCHEZ CARRION;HUAMACHUCO;URBANA;AUTOPISTA;URBANO;NO CORRESPONDE;-7.817705;DESPEJADO;COMERCIAL;TRAMO RECTO;PLANA ;ASFALTADA;NULL;NULL;NULL;NULL;EN PROCESO DE INVESTIGACIÓN;NO CUENTA CON CAUSA ESPECIFICA;Avenida Ramiro Prialé;12/7/2023;-78.033597
A-2023-07-183;30:00.0;CHOQUE;2;1;2;CAJAMARCA;CONTUMAZA;CHILETE;RURAL;CARRETERA;NACIONAL;PE-08;-7.225958;DESPEJADO;RURAL;TRAMO RECTO;PLANA ;ASFALTADA;NO;NULL;NULL;SI;IMPRUDENCIA DEL CONDUCTOR;EXCESO DE VELOCIDAD;Carretera Ciudad de Dios - Cajamarca;12/7/2023;-78.876265
A-2023-07-15;40:00.0;ATROPELLO FUGA;1;0;NULL;PUNO;PUNO;CHUCUITO;RURAL;CARRETERA;NACIONAL;PE-3S;-15.901532;DESPEJADO;RURAL;TRAMO RECTO;PLANA ;ASFALTADA;NULL;NULL;NULL;NULL;EN PROCESO DE INVESTIGACIÓN;NO CUENTA CON CAUSA ESPECIFICA;Carretera Longitudinal de la Sierra Sur;12/7/2023;-69.888416
A-2023-07-137;30:00.0;DESPISTE;1;0;NULL;LIMA;LIMA;VILLA EL SALVADOR;URBANA;AVENIDA;URBANO;NO CORRESPONDE;-12.239763;DESPEJADO;COMERCIAL;ÓVALO;INCLINADA;ASFALTADA;NULL;NULL;NULL;NULL;EN PROCESO DE INVESTIGACIÓN;NO CUENTA CON CAUSA ESPECIFICA;Óvalo María Reiche;12/7/2023;-76.912121
A-2023-07-105;15:00.0;VOLCADURA;1;0;1;PUNO;SAN ANTONIO DE PUTINA;SINA;RURAL;CARRETERA;DEPARTAMENTAL;PU-109;-14.553848;DESPEJADO;RURAL;TRAMO RECTO;PLANA ;TROCHA;NULL;NULL;NULL;NULL;IMPRUDENCIA DEL CONDUCTOR;EXCESO DE VELOCIDAD;Carretera Sina;12/7/2023;-69.293572
A-2023-07-138;40:00.0;CHOQUE FUGA;1;0;NULL;LIMA;LIMA;CARABAYLLO;URBANA;AVENIDA;URBANO;NO CORRESPONDE;-11.862191;DESPEJADO;COMERCIAL;INTERSECCIÓN;INCLINADA;ASFALTADA;NULL;NULL;NULL;NULL;EN PROCESO DE INVESTIGACIÓN;NO CUENTA CON CAUSA ESPECIFICA;Avenida Perimetral;13/7/2023;-77.055853
A-2023-07-107;30:00.0;CHOQUE;1;2;2;PUNO;HUANCANE;HUANCANE;RURAL;CARRETERA;PROVINCIAL;PU-904;-15.218124;DESPEJADO;RURAL;TRAMO RECTO;PLANA ;TROCHA;NULL;NULL;NULL;NULL;IMPRUDENCIA DEL CONDUCTOR;INVASIÓN DE CARRIL;Huancané;13/7/2023;-69.777919
A-2023-07-18;30:00.0;CHOQUE;1;2;2;ICA;PISCO;SAN CLEMENTE;URBANA;CARRETERA;NACIONAL;PE-1SE;-13.682287;SOLEADO;RESIDENCIAL;INTERSECCIÓN;PLANA ;ASFALTADA;NULL;NULL;NULL;NULL;EN PROCESO DE INVESTIGACIÓN;NO CUENTA CON CAUSA ESPECIFICA;Carretera Panamericana Sur;13/7/2023;-76.163407
A-2023-07-57;10:00.0;CHOQUE CON OBJETO FIJO;1;1;1;CUSCO;URUBAMBA;URUBAMBA;URBANA;CALLE;URBANO;NO CORRESPONDE;-13.298155;DESPEJADO;RESIDENCIAL;TRAMO RECTO;PLANA ;CONCRETO;NULL;NULL;NULL;NULL;IMPERICIA DEL CONDUCTOR;NULL;Urubamba;13/7/2023;-72.121077
A-2023-07-106;00:00.0;CHOQUE;1;0;2;PUNO;HUANCANE;PUSI;RURAL;CARRETERA;NACIONAL;PE-34H;-15.406445;DESPEJADO;RURAL;TRAMO RECTO;PLANA ;ASFALTADA;NULL;NULL;NULL;NULL;IMPRUDENCIA DEL CONDUCTOR;NO ENCENDER LAS LUCES;PE-34H;13/7/2023;-70.06558
A-2023-07-139;10:00.0;ATROPELLO;1;0;NULL;LIMA;LIMA;VILLA MARIA DEL TRIUNFO;URBANA;AVENIDA;URBANO;NO CORRESPONDE;-12.221187;DESPEJADO;COMERCIAL;TRAMO RECTO;INCLINADA;ASFALTADA;SI;PREVENTIVA (P);NULL;NO;IMPRUDENCIA DEL CONDUCTOR;OTRO (IMPRUDENCIA DEL CONDUCTOR);Avenida Pachacútec;13/7/2023;-76.920329
A-2023-07-19;15:00.0;CHOQUE;1;0;2;ICA;PALPA;LLIPATA;RURAL;CARRETERA;NACIONAL;PE-1S;-14.62741;DESPEJADO;RURAL;TRAMO RECTO;PLANA ;ASFALTADA;NULL;NULL;NULL;NULL;IMPRUDENCIA DEL CONDUCTOR;EXCESO DE VELOCIDAD;Carretera Panamericana Sur;13/7/2023;-75.188622
A-2023-07-52;00:00.0;DESPISTE;1;0;1;CUSCO;LA CONVENCION;ECHARATE;RURAL;CARRETERA;DEPARTAMENTAL;CU-105;-12.650155;DESPEJADO;RURAL;TRAMO RECTO;PLANA ;ASFALTADA;SI;REGULADORA (R);NULL;NO;IMPRUDENCIA DEL CONDUCTOR;CONDUCIR EN ESTADO DE EBRIEDAD Y/O DROGADICCIÓN;CU-105;14/7/2023;-72.562413
A-2023-07-140;20:00.0;CHOQUE;1;0;NULL;LIMA;LIMA;LIMA;URBANA;AVENIDA;URBANO;NO CORRESPONDE;-12.067462;DESPEJADO;COMERCIAL;TRAMO RECTO;PLANA ;ASFALTADA;NULL;NULL;NULL;NULL;IMPRUDENCIA DEL CONDUCTOR;OTRO (IMPRUDENCIA DEL CONDUCTOR);Avenida Universitaria;14/7/2023;-77.077704
A-2023-07-23;30:00.0;DESPISTE;3;0;1;ANCASH;HUAYLAS;CARAZ;RURAL;CARRETERA;PROVINCIAL;AN-901;-9.082979;SOLEADO;RURAL;SINUOSA;INCLINADA;AFIRMADO;NULL;NULL;NULL;NULL;IMPRUDENCIA DEL CONDUCTOR;FATIGA Y/O CANSANCIO;Desvío Conopa;14/7/2023;-77.814261
A-2023-07-21;15:00.0;CHOQUE;1;0;2;PUNO;PUNO;PICHACANI;RURAL;CARRETERA;NACIONAL;PE-36B;-16.134786;DESPEJADO;RURAL;TRAMO RECTO;PLANA ;ASFALTADA;NULL;NULL;NULL;NULL;IMPRUDENCIA DEL CONDUCTOR;EXCESO DE VELOCIDAD;PE-36B;14/7/2023;-70.045288
A-2023-07-185;20:00.0;DESPISTE;3;9;1;CAJAMARCA;HUALGAYOC;HUALGAYOC;RURAL;CARRETERA;NACIONAL;PE-3N;-6.775819;DESPEJADO;RURAL;TRAMO RECTO;PLANA ;ASFALTADA;NULL;NULL;NULL;NULL;IMPRUDENCIA DEL CONDUCTOR;OTRO (IMPRUDENCIA DEL CONDUCTOR);Carretera Longitudinal de la Sierra Norte;15/7/2023;-78.641794
A-2023-07-184;50:00.0;VOLCADURA;1;1;1;CAJAMARCA;SAN MARCOS;GREGORIO PITA;RURAL;CARRETERA;NACIONAL;PE-3N;-7.324748;DESPEJADO;COMERCIAL;CURVA;PLANA ;ASFALTADA;NO;NULL;NULL;SI;IMPRUDENCIA DEL CONDUCTOR;CONDUCIR EN ESTADO DE EBRIEDAD Y/O DROGADICCIÓN;Carretera Longitudinal de la Sierra Norte;16/7/2023;-78.17082
A-2023-07-141;50:00.0;CHOQUE;1;0;NULL;LIMA;LIMA;LIMA;URBANA;AVENIDA;URBANO;NO CORRESPONDE;-12.054118;DESPEJADO;COMERCIAL;INTERSECCIÓN;PLANA ;ASFALTADA;SI;REGULADORA (R);NULL;NO;EN PROCESO DE INVESTIGACIÓN;NO CUENTA CON CAUSA ESPECIFICA;Avenida Prolongación Arica;16/7/2023;-77.061616
A-2023-07-29;00:00.0;DESPISTE;1;0;1;LA LIBERTAD;PATAZ;PARCOY;RURAL;CARRETERA;NACIONAL;PE-10C;-8.049816;DESPEJADO;RURAL;TRAMO RECTO;PLANA ;AFIRMADO;NULL;NULL;NULL;NULL;EN PROCESO DE INVESTIGACIÓN;NO CUENTA CON CAUSA ESPECIFICA;PE-10C;16/7/2023;-77.437036
A-2023-07-50;30:00.0;DESPISTE;1;1;1;ANCASH;SIHUAS;ALFONSO UGARTE;RURAL;CARRETERA;SIN CLASIFICAR;SIN CLASIFICAR;-8.457641;DESPEJADO;RURAL;CURVA;INCLINADA;TROCHA;NULL;NULL;NULL;NULL;EN PROCESO DE INVESTIGACIÓN;NO CUENTA CON CAUSA ESPECIFICA;Ullulluco;16/7/2023;-77.44409
A-2023-07-26;30:00.0;DESPISTE;2;0;1;PUNO;PUNO;PAUCARCOLLA;RURAL;CARRETERA;PROVINCIAL;PU-1061;-15.762704;DESPEJADO;RURAL;TRAMO RECTO;PLANA ;ASFALTADA;NULL;NULL;NULL;NULL;IMPRUDENCIA DEL CONDUCTOR;EXCESO DE VELOCIDAD;Patallani;16/7/2023;-70.069385
A-2023-07-96;00:00.0;CHOQUE FUGA;1;1;NULL;PIURA;PIURA;TAMBO GRANDE;RURAL;CARRETERA;NACIONAL;PE-1NR;-4.991636;DESPEJADO;RURAL;CURVA;INCLINADA;ASFALTADA;NULL;NULL;NULL;NULL;EN PROCESO DE INVESTIGACIÓN;NO CUENTA CON CAUSA ESPECIFICA;PE-1NR;16/7/2023;-80.220575
A-2023-07-158;40:00.0;DESPISTE;1;0;1;HUANCAVELICA;HUANCAVELICA;ACORIA;RURAL;CARRETERA;NACIONAL;PE-3S;-12.501041;DESPEJADO;RURAL;CURVA;PLANA ;ASFALTADA;NULL;NULL;NULL;NULL;EN PROCESO DE INVESTIGACIÓN;NO CUENTA CON CAUSA ESPECIFICA;Carretera Longitudinal de la Sierra Sur;16/7/2023;-74.72032
A-2023-07-108;00:00.0;VOLCADURA;1;0;1;PUNO;SANDIA;SAN JUAN DEL ORO;RURAL;CARRETERA;SIN CLASIFICAR;SIN CLASIFICAR;-14.211835;DESPEJADO;RURAL;TRAMO RECTO;PLANA ;TROCHA;NULL;NULL;NULL;NULL;IMPRUDENCIA DEL CONDUCTOR;EXCESO DE VELOCIDAD;San Juan del Oro;17/7/2023;-69.165136
A-2023-07-32;30:00.0;CHOQUE;1;0;2;AREQUIPA;CAYLLOMA;COPORAQUE;RURAL;CARRETERA;PROVINCIAL;AR-681;-15.635682;DESPEJADO;RURAL;CURVA;INCLINADA;ASFALTADA;SI;PREVENTIVA (P);NULL;SI;EN PROCESO DE INVESTIGACIÓN;NO CUENTA CON CAUSA ESPECIFICA;AR-681;17/7/2023;-71.655046
A-2023-07-109;45:00.0;CHOQUE;1;0;2;PUNO;AZANGARO;TIRAPATA;RURAL;CARRETERA;NACIONAL;PE-3SH;-14.990365;DESPEJADO;RURAL;TRAMO RECTO;PLANA ;ASFALTADA;NULL;NULL;NULL;NULL;IMPRUDENCIA DEL CONDUCTOR;OTRO (IMPRUDENCIA DEL CONDUCTOR);PE-3SH;17/7/2023;-70.361024
A-2023-07-30;30:00.0;DESPISTE;1;1;1;LA LIBERTAD;JULCAN;JULCAN;RURAL;CARRETERA;PROVINCIAL;LI-997;-8.020962;DESPEJADO;RURAL;TRAMO RECTO;PLANA ;AFIRMADO;NULL;NULL;NULL;NULL;EN PROCESO DE INVESTIGACIÓN;NO CUENTA CON CAUSA ESPECIFICA;LI-997;17/7/2023;-78.488046
A-2023-07-74;10:00.0;CHOQUE;1;0;2;CUSCO;ESPINAR;ESPINAR;URBANA;CARRETERA;SIN CLASIFICAR;SIN CLASIFICAR;-14.808531;DESPEJADO;RESIDENCIAL;CURVA;PLANA ;ASFALTADA;SI;REGULADORA (R);NULL;NO;IMPRUDENCIA DEL CONDUCTOR;EXCESO DE VELOCIDAD;PE-3SW;17/7/2023;-71.431609
A-2023-07-65;30:00.0;DESPISTE;2;2;NULL;PIURA;HUANCABAMBA;HUARMACA;RURAL;CARRETERA;NACIONAL;PE-04B;-5.82389;DESPEJADO;RURAL;CURVA;PLANA ;ASFALTADA;SI;PREVENTIVA (P);NULL;NO;INFRAESTRUCTURA Y ENTORNO VIAL;OTRO (INFRAESTRUCTURA Y ENTORNO VIAL);Carretera Interoceánica Norte;17/7/2023;-79.46549
A-2023-07-31;00:00.0;DESPISTE;4;0;1;LA LIBERTAD;PATAZ;PIAS;RURAL;CARRETERA;NACIONAL;PE-10C;-7.927728;DESPEJADO;RURAL;CURVA;PLANA ;AFIRMADO;NULL;NULL;NULL;NULL;EN PROCESO DE INVESTIGACIÓN;NO CUENTA CON CAUSA ESPECIFICA;Pias;17/7/2023;-77.536494
A-2023-07-142;30:00.0;ATROPELLO;1;0;NULL;LIMA;LIMA;SAN MARTIN DE PORRES;URBANA;AVENIDA;URBANO;NO CORRESPONDE;-12.030474;DESPEJADO;ESCOLAR;INTERSECCIÓN;PLANA ;ASFALTADA;SI;PREVENTIVA (P);NULL;NO;EN PROCESO DE INVESTIGACIÓN;NO CUENTA CON CAUSA ESPECIFICA;Huancayo;18/7/2023;-77.089722
A-2023-07-25;30:00.0;DESPISTE;12;12;1;ANCASH;CARLOS FERMIN FITZCARRALD;SAN LUIS;RURAL;CARRETERA;NACIONAL;PE-14C;-9.088476;DESPEJADO;RURAL;TRAMO RECTO;INCLINADA;TROCHA;NULL;NULL;NULL;NULL;EN PROCESO DE INVESTIGACIÓN;NO CUENTA CON CAUSA ESPECIFICA;Carretera Longitudinal de Conchucos;18/7/2023;-77.339583
A-2023-07-27;40:00.0;CHOQUE;1;1;2;ANCASH;HUARI;HUARI;RURAL;CARRETERA;NACIONAL;PE-14A;-9.394172;DESPEJADO;RURAL;TRAMO RECTO;INCLINADA;ASFALTADA;NULL;NULL;NULL;NULL;IMPRUDENCIA DEL CONDUCTOR;EXCESO DE VELOCIDAD;PE-14A;18/7/2023;-77.142332
A-2023-07-164;30:00.0;ATROPELLO FUGA;1;0;NULL;JUNIN;CHUPACA;HUAMANCACA CHICO;URBANA;CARRETERA;NACIONAL;PE-3SZ;-12.08168;DESPEJADO;RURAL;INTERSECCIÓN;PLANA ;ASFALTADA;NULL;NULL;NULL;NULL;EN PROCESO DE INVESTIGACIÓN;NO CUENTA CON CAUSA ESPECIFICA;PE-3SB;18/7/2023;-75.24747
A-2023-07-42;15:00.0;DESPISTE;1;1;1;ICA;NASCA;MARCONA;URBANA;CARRETERA;NACIONAL;PE-1S;-15.209869;SOLEADO;RURAL;TRAMO RECTO;PLANA ;ASFALTADA;NULL;NULL;NULL;NULL;IMPRUDENCIA DEL CONDUCTOR;EXCESO DE VELOCIDAD;Carretera Panamericana Sur;19/7/2023;-74.95349
A-2023-07-112;10:00.0;ATROPELLO FUGA;1;0;0;PUNO;HUANCANE;VILQUE CHICO;RURAL;CARRETERA;NACIONAL;PE-34L;-15.187463;DESPEJADO;RURAL;TRAMO RECTO;PLANA ;ASFALTADA;NULL;NULL;NULL;NULL;IMPRUDENCIA DEL CONDUCTOR;OTRO (IMPRUDENCIA DEL CONDUCTOR);PE-34L;19/7/2023;-69.586671
A-2023-07-178;30:00.0;DESPISTE;1;0;1;TACNA;TACNA;LA YARADA LOS PALOS;RURAL;CARRETERA;SIN CLASIFICAR;SIN CLASIFICAR;-18.174278;DESPEJADO;RURAL;TRAMO RECTO;PLANA ;TROCHA;NULL;NULL;NULL;NULL;IMPERICIA DEL CONDUCTOR;NULL;Pueblo Libre;20/7/2023;-70.510726
A-2023-07-51;00:00.0;ATROPELLO;1;0;1;CUSCO;LA CONVENCION;SANTA ANA;RURAL;CARRETERA;NACIONAL;PE-28B;-12.808549;DESPEJADO;RURAL;TRAMO RECTO;PLANA ;ASFALTADA;SI;PREVENTIVA (P);NULL;SI;IMPRUDENCIA DEL PEATÓN;CRUCE INDEBIDO POR LA CALZADA;PE-28B;20/7/2023;-72.686285
A-2023-07-69;40:00.0;ATROPELLO;1;0;1;CUSCO;ANTA;PUCYURA;RURAL;CARRETERA;NACIONAL;PE-3S;-13.478702;DESPEJADO;RURAL;TRAMO RECTO;PLANA ;ASFALTADA;SI;PREVENTIVA (P);NULL;SI;IMPRUDENCIA DEL PEATÓN;ESTADO DE EBRIEDAD Y/O DROGADICCIÓN;Carretera Longitudinal de la Sierra Sur;20/7/2023;-72.099329
A-2023-07-114;00:00.0;ATROPELLO;1;0;1;PUNO;SAN ROMAN;SAN MIGUEL;RURAL;CARRETERA;NACIONAL;PE-3S;-15.400308;DESPEJADO;RURAL;TRAMO RECTO;PLANA ;ASFALTADA;NULL;NULL;NULL;NULL;IMPRUDENCIA DEL PEATÓN;CRUCE INDEBIDO POR LA CALZADA;Carretera Longitudinal de la Sierra Sur;21/7/2023;-70.153385
A-2023-07-143;50:00.0;CHOQUE;1;0;NULL;LIMA;LIMA;PACHACAMAC;URBANA;AVENIDA;URBANO;NO CORRESPONDE;-12.115918;DESPEJADO;RESIDENCIAL;INTERSECCIÓN;INCLINADA;ASFALTADA;NO;NULL;NULL;SI;EN PROCESO DE INVESTIGACIÓN;NO CUENTA CON CAUSA ESPECIFICA;Manchay;21/7/2023;-76.87326
A-2023-07-113;30:00.0;CHOQUE;1;1;2;PUNO;LAMPA;LAMPA;RURAL;CARRETERA;DEPARTAMENTAL;PU-123;-15.462981;DESPEJADO;RURAL;CURVA;PLANA ;ASFALTADA;NULL;NULL;NULL;NULL;NEGLIGENCIA DEL CONDUCTOR;OTRO (NEGLIGENCIA DEL CONDUCTOR);Carretera Cabanilla - Lampa;21/7/2023;-70.359119
A-2023-07-33;00:00.0;DESPISTE;1;1;NULL;AREQUIPA;AREQUIPA;YURA;RURAL;CARRETERA;SIN CLASIFICAR;SIN CLASIFICAR;-16.330403;DESPEJADO;RURAL;TRAMO RECTO;INCLINADA;TROCHA;NULL;NULL;NULL;NULL;EN PROCESO DE INVESTIGACIÓN;NO CUENTA CON CAUSA ESPECIFICA;Jardín del Colca;21/7/2023;-71.6586
A-2023-07-66;00:00.0;DESPISTE;2;0;1;LA LIBERTAD;SANCHEZ CARRION;HUAMACHUCO;RURAL;CARRETERA;NACIONAL;PE-3N;-7.854673;DESPEJADO;RURAL;TRAMO RECTO;PLANA ;ASFALTADA;NULL;NULL;NULL;NULL;IMPRUDENCIA DEL CONDUCTOR;OTRO (IMPRUDENCIA DEL CONDUCTOR);Carretera Longitudinal de la Sierra Norte;22/7/2023;-78.103861
A-2023-07-47;00:00.0;CHOQUE;2;1;2;AMAZONAS;CHACHAPOYAS;CHACHAPOYAS;RURAL;CARRETERA;NACIONAL;PE-08B;-6.238231;DESPEJADO;RURAL;CURVA;INCLINADA;ASFALTADA;NO;NULL;NULL;SI;EN PROCESO DE INVESTIGACIÓN;NO CUENTA CON CAUSA ESPECIFICA;PE-08B;22/7/2023;-77.920288
A-2023-07-144;30:00.0;ATROPELLO;1;0;NULL;LIMA;LIMA;PUNTA NEGRA;URBANA;CARRETERA;NACIONAL;PE-1S;-12.368523;DESPEJADO;RURAL;TRAMO RECTO;PLANA ;ASFALTADA;NULL;NULL;NULL;NULL;IMPRUDENCIA DEL PEATÓN;OTRO (IMPRUDENCIA DEL PEATÓN);Carretera Panamericana Sur;22/7/2023;-76.787539
A-2023-07-145;30:00.0;ATROPELLO;1;0;NULL;LIMA;LIMA;CARABAYLLO;URBANA;AVENIDA;URBANO;NO CORRESPONDE;-11.879289;DESPEJADO;COMERCIAL;SINUOSA;INCLINADA;ASFALTADA;SI;PREVENTIVA (P);NULL;NO;EN PROCESO DE INVESTIGACIÓN;NO CUENTA CON CAUSA ESPECIFICA;Avenida Túpac Amaru;22/7/2023;-77.019163
A-2023-07-146;10:00.0;CHOQUE;1;0;NULL;LIMA;LIMA;LA MOLINA;URBANA;AVENIDA;URBANO;NO CORRESPONDE;-12.076043;DESPEJADO;ESCOLAR;CURVA;PLANA ;ASFALTADA;NULL;NULL;NULL;NULL;EN PROCESO DE INVESTIGACIÓN;NO CUENTA CON CAUSA ESPECIFICA;Avenida Circunvalación del Golf de los Incas;22/7/2023;-76.961934
A-2023-07-159;45:00.0;DESPISTE;1;2;1;HUANCAVELICA;TAYACAJA;ACOSTAMBO;RURAL;CARRETERA;NACIONAL;PE-3S;-12.377309;DESPEJADO;RURAL;SINUOSA;PLANA ;ASFALTADA;NULL;NULL;NULL;NULL;EN PROCESO DE INVESTIGACIÓN;NO CUENTA CON CAUSA ESPECIFICA;Carretera Longitudinal de la Sierra Sur;22/7/2023;-75.048299
A-2023-07-73;30:00.0;ATROPELLO FUGA;1;0;NULL;CUSCO;QUISPICANCHI;URCOS;URBANA;CARRETERA;NACIONAL;PE-3S;-13.70468;DESPEJADO;RURAL;TRAMO RECTO;PLANA ;ASFALTADA;SI;PREVENTIVA (P);NULL;SI;IMPRUDENCIA DEL CONDUCTOR;EXCESO DE VELOCIDAD;Carretera Longitudinal de la Sierra Sur;23/7/2023;-71.59616
A-2023-07-147;40:00.0;ATROPELLO;1;0;NULL;LIMA;LIMA;INDEPENDENCIA;URBANA;CARRETERA;NACIONAL;PE-1N;-12.00245;DESPEJADO;COMERCIAL;TRAMO RECTO;INCLINADA;ASFALTADA;NULL;NULL;NULL;NULL;EN PROCESO DE INVESTIGACIÓN;NO CUENTA CON CAUSA ESPECIFICA;Carretera Panamericana Norte;23/7/2023;-77.062072
A-2023-07-43;30:00.0;CHOQUE;2;0;2;ICA;NASCA;MARCONA;RURAL;CARRETERA;NACIONAL;PE-1S;-15.206516;SOLEADO;RURAL;TRAMO RECTO;PLANA ;ASFALTADA;NULL;NULL;NULL;NULL;IMPRUDENCIA DEL CONDUCTOR;INVASIÓN DE CARRIL;Carretera Panamericana Sur;23/7/2023;-74.955318
A-2023-07-68;40:00.0;CHOQUE;1;3;2;LA LIBERTAD;ASCOPE;RAZURI;RURAL;CARRETERA;PROVINCIAL;LI-610;-7.704656;DESPEJADO;RURAL;TRAMO RECTO;PLANA ;ASFALTADA;NULL;NULL;NULL;NULL;IMPRUDENCIA DEL CONDUCTOR;GIRAR IMPRUDENTEMENTE;Carretera Paiján - Puerto Chicama;23/7/2023;-79.430963
A-2023-07-91;15:00.0;ATROPELLO;1;0;NULL;PIURA;PIURA;CASTILLA;RURAL;VIA EXPRESA;URBANO;NO CORRESPONDE;-5.19892;DESPEJADO;RURAL;TRAMO RECTO;PLANA ;ASFALTADA;NULL;NULL;NULL;NULL;EN PROCESO DE INVESTIGACIÓN;NO CUENTA CON CAUSA ESPECIFICA;Vía de Evitamiento Este;23/7/2023;-80.574207
A-2023-07-59;15:00.0;ATROPELLO;1;0;1;CUSCO;CUSCO;SAYLLA;RURAL;CARRETERA;NACIONAL;PE-3S;-13.563295;DESPEJADO;RURAL;TRAMO RECTO;PLANA ;ASFALTADA;NO;NULL;NULL;SI;IMPRUDENCIA DEL PEATÓN;ESTADO DE EBRIEDAD Y/O DROGADICCIÓN;Carretera Longitudinal de la Sierra Sur;23/7/2023;-71.841146
A-2023-07-35;30:00.0;ATROPELLO;1;0;NULL;AREQUIPA;AREQUIPA;LA JOYA;URBANA;CARRETERA;NACIONAL;PE-1S;-16.678188;DESPEJADO;RESIDENCIAL;INTERSECCIÓN;PLANA ;ASFALTADA;SI;PREVENTIVA (P);NULL;SI;EN PROCESO DE INVESTIGACIÓN;NO CUENTA CON CAUSA ESPECIFICA;AR-798;23/7/2023;-71.871045